Date,KOTAKBANK.NS,INFY.NS,WIPRO.NS,TECHM.NS,ONGC.NS,NTPC.NS,ITC.NS,NESTLEIND.NS,BRITANNIA.NS,SUNPHARMA.NS,DRREDDY.NS,APOLLOHOSP.NS,BHARTIARTL.NS,TATASTEEL.NS,DLF.NS
2015-01-02,,,,,,,,,,,,,,,
2015-01-09,0.07030784947294344,0.030424530517690673,-0.006818839547876543,0.028036974670836212,0.0051550096090833275,-0.028739552267371238,-0.030953099763373904,0.008663037625045389,0.0355325224851748,0.00459896505493429,-0.017880335116617352,-0.002837343410047155,-0.02533925136948978,-0.027023391387728357,-0.009698172543166295
2015-01-16,0.025276789939193467,0.021137847045075375,0.002800416881680645,0.05096385479812637,-0.011111521740707175,0.0010693264926537882,0.008966262449752849,0.09377041754621995,-0.008533456223796976,0.02373366577076541,0.03856108665293112,0.054372874920759706,-0.03639678033597027,-0.04066080870039712,0.06093597069956069
2015-01-23,-0.007202772806040647,0.04567379130127103,0.09351402688498567,-0.012850900221911377,0.0048978174797214,0.010683981056327285,-0.029575222323175887,0.03910383781001836,-0.00728454710852533,0.0906737002199558,0.019417044464296263,0.09133045942642748,0.12031508031169547,0.05138246247762268,0.07145284405684693
2015-01-30,-0.045549473826461684,-0.03302434462093862,0.007893248876523096,0.03155640356192135,0.007310629034323002,0.012332816187949014,0.05465736045794234,-0.020018343702022934,-0.01339661366754652,-0.009764792727259053,-0.03473555501422021,0.015029593806095143,-0.02707638927520739,-0.03138200863428853,0.08423735566498602
2015-02-06,-0.04182429372018481,0.04136522521269348,0.06050608071044672,-0.00284122543234977,-0.0009956862414034484,-0.02030659643977839,0.013430936209106292,-0.032123860819962546,-0.005214340968914488,0.009915548402392282,-0.05843976119198113,-0.0382548913564027,-0.014583710786290505,-0.05583280428980919,-0.03796349451383152
2015-02-13,0.03362538597734144,0.02941068984218176,0.0271277766653506,0.009159535946149155,-0.03262133615263174,0.02321432450422578,0.01218208610519289,0.021657125127966026,0.07649724264307656,0.014781222904576063,0.09842983503261427,0.02699281055508851,-0.03598125866347923,-0.005696501896419681,-0.05047429927849578
2015-02-20,-0.008591179424621953,-0.005662121267457354,-0.016194751902203097,-0.02645022963078092,-0.026064013053250235,0.016753800963801968,0.047612658614128556,0.020337848342898424,0.03690240606924422,-0.02907862655832405,0.017928156824515096,0.029674568868620188,-0.01591557738572158,0.022234359337466092,-0.02480642981452752
2015-02-27,0.030425572133002454,-0.007599180507846137,0.006615307874207277,0.009091796962261034,-0.017991930594017047,0.08788191249308364,-0.005933368861624655,-0.02170917567272934,-0.006722256790032355,-0.03756032623585359,-0.036972456264644515,-0.025263797166636626,0.016745644217369904,-0.06418474587313605,0.03039287796258172
2015-03-06,0.055690593721275716,-0.00801063731314322,0.02063266924094931,0.014951903047164095,-0.014780498154304378,-0.0018933384766015582,-0.12052350277209856,0.03917594238377409,0.061100632876244676,0.18187490838179587,0.04986207263368736,0.08167249587586345,-0.02055195177185709,-0.021103573827543576,-0.011542111846018499
2015-03-13,-0.05027457079984732,-0.012101743624267414,-0.04275224053114268,-0.020760004556295897,-0.018909224330705965,0.008220230337453893,-0.019783139162679597,0.00041818207290500453,-0.02433560890485753,-0.026137217270596258,-0.01887258450751461,-0.018530239591599384,0.1504745689966811,-0.04879830836870136,0.021083437307127806
2015-03-20,-0.0011552969302504046,0.016686138137230744,0.02096205238228377,-0.03732585930179233,-0.008123758532289305,-0.08748845637535896,-0.03520934119969976,-0.004781473702949679,-0.010894979976952879,0.014877649677362825,0.014822810269554232,0.02300351355873298,-0.04996882376843881,0.006738149845978425,0.015883030824958455
2015-03-27,-0.030268165375217482,-0.02449700683914846,-0.06205470824907544,-0.04776634439725558,-0.007933826610050043,0.0006873151720765414,-0.03038639252624964,-0.06181784817487912,0.00963233984101719,-0.015048916153630243,-0.003268631115444731,-0.04260381095082899,-0.009861938225682043,-0.04137510420074597,-0.030956660696578764
2015-04-03,0.047646596800317687,-0.012805282003057972,0.034386862063543466,-0.020436609373982617,0.004918793849525649,0.014766380569072757,0.047086746002943825,0.015862001093853273,0.010933110198891427,0.06917513606224168,0.03462258130043372,0.02662589320996167,0.06852596058706562,0.02713430754192414,0.030654856336152836
2015-04-10,0.045075604100961675,0.02759929107146264,-0.024478562229077405,0.04346452573544202,0.010768392051307307,0.05346873366112925,0.04271323844652075,0.025328040208708824,0.04608389638642363,0.03570269441201046,0.07463955942065614,0.004100693548584777,0.02398679391266989,0.05885975714828917,-0.008140227858184246
2015-04-17,-0.025204142023362297,-0.024485498533249772,-0.04994344908631321,-0.029006475163092627,0.06537528862931574,0.015098024113889386,0.015000662105859153,-0.01375631986020287,0.009241056129658753,-0.07323068465348981,-0.03956644505835316,-0.05545606406693404,-0.014564850032323107,0.00962951915131316,-0.07102290776580311
2015-04-24,-0.013198107855941998,-0.08445560563686638,-0.10846047636684952,-0.08353477542565124,-0.039848562791251485,-0.05189876104302771,-0.0110841751278975,-0.02158315756294038,-0.06927084177956122,-0.08706318803966917,-0.04469250273162295,-0.017408740973485548,-0.01675068341131236,0.07080919017987042,-0.10941194381173769
2015-05-01,-0.025835942356756902,-0.02653897676266559,0.02943416170573432,0.05761672559056774,-0.04055510764484338,0.003337929216868263,-0.07357390721120471,-0.04046122015408693,0.027176785793679548,-0.009024801717314346,-0.04991166797774638,-0.12212900026861895,-0.04522114051042303,-0.02739549136492192,0.041205267943612345
2015-05-08,-0.0025507605272002687,0.00808357276680538,0.0035278322645357907,8.075529302176143e-05,0.037828505734455176,-0.05522293834209968,0.01752760315679791,0.034035038010926666,0.0025251056384276716,0.0014912946953340445,0.012144074947750383,0.042913905538111585,0.044214363839395476,0.017621722592999545,-0.02565006515664403
2015-05-15,0.011319951559370933,0.0019408287868087903,-0.003792763485502837,-0.00490843739186686,0.010776845090391785,-0.04154957351209665,-0.004878029669529327,0.034577806657743126,0.027457522383663058,0.006487478864451779,0.04357605274479193,0.05291144142639115,-0.01495201590286166,-0.007090324778927903,-0.059796976652023326
2015-05-22,0.0317949931081325,0.043175663932347286,0.04095081402284584,0.07875810183993726,0.013013442933214492,-0.00551059599167536,0.008425075228572831,-0.0012951941407201017,0.07374439265666033,0.06065413711321832,0.04181398664021874,0.048410317411369475,0.00739805538368743,-0.06262011967294223,-0.014400075326228112
2015-05-29,0.00864982688694016,-0.011385606487777422,0.002140820845970115,-0.16887781644941713,0.021049397848519558,0.00886578941957139,-0.006228275538076922,-0.03492775970028339,0.04683549004739951,-0.037509401167359235,-0.029483945735905626,-0.07378841539865966,0.07774141869258466,-0.03750348449690255,-0.04423682426589415
2015-06-05,-0.03069399109351545,-0.0056841544422113754,-0.010503932371091929,-0.0016237481199725678,-0.06563607232593671,0.025632164068757568,-0.050359569346140276,-0.1095968683273727,0.0647424201668445,-0.12234741676224681,-0.03384486684286947,-0.013854868797765207,-0.02349639461770492,-0.05296806955363198,-0.08917208871043647
2015-06-12,-0.03336138060211846,-0.018194011601373017,-0.03319513601267454,-0.003703512765400596,-0.025308284789643976,-0.025348315896373208,-0.022182173867977717,0.012575750825381204,-0.0383656212654766,-0.04051201930313941,-0.028706696276215693,-0.01455169412311108,-0.0019248951914406787,-0.04355530613512093,0.0027973513372858694
2015-06-19,0.013708799302600383,0.023206693841272052,0.04503584444020303,-0.013237878439896766,0.06241661540713217,-0.0032966479917948543,0.02503777371917515,0.031837060104344506,0.038361115566994286,0.03982539197397439,0.02025604329910413,0.06335145411684318,0.046287195702637174,0.024869848704383912,-0.009762937289887641
2015-06-26,0.0392651138265967,0.009946349776267516,-0.005164361578629317,-0.04107325702708986,-0.018643135742054784,0.012127823082051625,0.009672247206147455,-0.05140120340310894,0.014212143198290228,0.025119828692247603,0.04294256653066131,0.04513158955681429,-0.03698148485039865,-0.02065901093235145,0.1267605656592461
2015-07-03,0.03517359141232701,-0.014871741165882635,-0.016289343775209852,-0.0962053473776312,-0.012771065245204882,0.008351458313203608,0.024841713166623425,0.03475119205208088,0.009766956537673233,0.004382028896254608,0.01633086070663814,-0.0064525451506393106,0.04103362511967856,0.008538511840337382,-0.0333334721498022
2015-07-10,-0.007033643588886362,-0.053317252068334486,-0.0016376926984518203,0.005089044786200647,-0.04948260447296793,-0.06481794461753876,-0.018060784157087117,-0.03273245044755391,0.02466896824996656,0.03507452592562532,0.05099508211447734,0.021097417740064683,-0.03631348363327758,-0.0673970862516301,-0.011637880897136466
2015-07-17,0.03347885207185275,0.06863997070663364,0.035906395881432296,0.05938816121060775,-0.003742784891781814,0.04389651304596587,0.04001272792204835,0.019318147261852214,0.013877828419466054,0.0511341446231095,0.033742086026788076,0.023183102016304913,0.01562129684370639,0.01121393983040786,-0.0039251222932350505
2015-07-24,-0.011525425436012093,0.08559166230402493,0.009619575711758088,0.02983584776059356,-0.03398261780007694,0.018074399121730256,-0.024045856933709753,-0.007353551171878636,0.005784406834298261,-0.11760675698983991,0.00821505463063854,0.014528982519673272,0.018903428804418976,-0.03948562970852343,-0.09632213650288646
2015-07-31,-0.04043060880493532,-0.009700310053357364,0.005469921049912285,0.038450512480232124,-0.035884376326546286,-0.021376566890990212,0.03640134055437105,0.0536134343433643,0.09535966629534198,-0.016503244756948088,0.042774255336919476,-0.009658777442567379,-0.03480065147771261,-0.06847778175666053,0.11482550033212435
2015-08-07,0.013804924238234095,0.01722295890358949,-0.0013162438343512495,0.008384908423746396,0.037219992545936,-0.008885582592348729,-0.004755102717233783,0.030075372746818374,0.015553542608734094,0.03593153307581942,0.04483467130349128,0.05666053321485154,-0.017192032614945174,0.061360965832472525,0.09256857758246229
2015-08-14,0.01801433478461867,0.04896849094183153,0.010806475130204607,0.03718587717834776,-0.04401586068952934,-0.03137825259900584,-0.01941715553900114,-0.04272686073491594,0.044040746863194924,0.0537002890868008,-0.00025850982811637113,-0.058772403335326406,-0.034712706540289906,-0.09330272114924365,0.07597441490413948
2015-08-21,-0.041382281823950096,0.0005656948064325373,0.001303728965757811,0.014413224112019174,-0.05343960282984328,-0.04820691536456223,0.039604063776950804,-0.028402266004020515,-0.043184974842149004,0.04478111573222732,-0.00321755161678694,-0.03704380091293613,-0.06466704211849383,-0.0014731181010946282,-0.14484039237106383
2015-08-28,-0.05893886167008422,-0.03378534893049412,-0.021527763036473857,-0.08303008794244748,-0.048056079168757315,-0.014586575259031287,-0.011337857932382622,0.0022821564884403234,-0.07049883218712849,-0.054856529465909576,-0.0149149139310778,0.03102060073194024,-0.01907725111269276,-0.03498406285919364,0.010969638835972129
2015-09-04,-0.06355710794750324,-0.0333921049893976,-0.017033198291089957,0.02517922409622897,-0.07428703032653017,-0.04402820826095244,-0.030275389074434056,-0.017863551260280164,0.0048591239074686765,-0.03243281465033221,-0.030592656565143095,-0.02245388396905823,-0.034482934232371476,-0.043896071106030554,0.01345487032203141
2015-09-11,0.04115127318886058,0.015643288949590106,0.009205854238533373,-0.00802940001498309,0.014663688746559211,0.044978224946250034,-0.010564486906374793,0.0009420541317006759,-0.01151159121524914,-0.013582925897756781,-0.009536502091263555,0.04475869580703962,-0.0037141621669476432,0.06418459937192589,0.0689506670402944
2015-09-18,0.041425711581149605,0.01256003332230593,0.058844473464937375,0.0694218379146585,0.0475148031322008,0.05975743450164894,0.013545828455467923,0.03923371439111123,0.014912812226486327,0.06991332867170752,-0.0020803067971825184,-0.0007292885376952718,0.023515873777967045,-0.020820016011463882,0.012419949161157628
2015-09-25,-0.004487150459368983,0.03268615646718542,0.018665583079203074,0.010418413138838067,-0.04891323115450896,-0.03746031344272871,0.014308375899654724,-0.003952567843859334,-0.036358846301464576,-0.014693068695883826,-0.008886935660153528,0.028241220544011902,-0.06710557090107727,-0.05677340082964011,0.0015830053937204713
2015-10-02,-0.020781084913161774,0.028494921990847688,-0.005472131057163043,-0.007667231933440988,0.021318624498189553,0.011880140840625941,0.019221685648511233,0.03387773721910636,0.08096495387808966,-0.0010089198675922173,0.06616717717540332,0.02505210620416287,0.019522559603945444,-0.01347887557423988,0.0604501986462489
2015-10-09,0.02910180024537179,-0.004816406183564714,-0.012338636413267046,-0.0031968050135422477,0.13471036277446058,0.020242674309481457,0.04471482063069088,-0.0009265685718843342,0.032438885905345494,0.017059386067299398,0.005882399953382134,0.0071313008064555206,0.024009303129088888,0.1830389804762793,0.04284647810937159
2015-10-16,-0.0003030275107689384,-0.053478324027309454,-0.025998079175599598,-0.02744142130325289,0.0013279400396191132,0.00634941254720589,0.015722795309317306,0.021577264407280472,0.0027605804479915452,-0.01732505013294794,0.002853610322705702,-0.010071161211907431,0.005897546684311861,0.007566727606660439,-0.08395836146248004
2015-10-23,0.008948788345095382,0.0502327829373439,-0.015945983358393923,-0.010443317583492484,-0.025378873268107394,0.04613590955182478,0.02723249274955264,-0.03453108806636207,0.004160139673695218,-0.003312547397950949,-0.019110160622944905,-0.023611156266283295,0.02702688992303659,-0.027668159929061575,0.014430534405330375
2015-10-30,0.033749442040432065,-0.012566367507019782,0.008982984515744974,-0.001758868360948851,-0.04022533210005408,0.0011305921086788295,-0.06613647984574489,-0.024452224759004437,-0.004481663483710152,0.005595754508688655,0.021846079336719226,-0.06632290007301245,-0.02798647101320939,0.0024390372489802026,-0.10419076336782729
2015-11-06,-0.045299415589202474,0.0025099910781931634,-0.005062492135821994,-0.010572528773691747,0.01822220868154223,0.02070820909018778,0.009113919923896985,-0.000801311199535637,-0.03152966452015005,-0.09684679979907429,-0.15169746672323048,0.02521447086006945,-0.028219395948891446,-0.10685323782241107,0.017167455152076405
2015-11-13,0.01995434988423428,-0.03294368044755558,-0.03237123537453157,-0.025119154756341633,-0.07294590688523872,-0.035042759073817265,-0.023393519882850655,-0.02184360283828113,-0.06984021232409199,-0.07816782580711379,-0.0663930640042425,-0.07196219559340955,-0.01562506836554356,0.010896766012511439,-0.0700423515091444
2015-11-20,0.018966590769669,-0.04396806823413546,0.03300089778026072,0.028554830085513627,0.022498963848339715,0.0256116916103446,0.04442094399224206,0.02685526703616148,0.019148818240066312,-0.019916165464347713,-0.010768135667191703,0.06621277192376751,0.022312041835322427,0.03301147735318555,-0.07214142470162566
2015-11-27,0.024109683558289463,0.013255382503118751,0.000438809893551495,-0.001121526859708566,0.0057675485935198,-0.010808682433274375,-0.000290341977165931,-0.039903140406225446,-0.0132785479925005,0.01928769061003832,-0.07569113376008307,0.0004508485739787016,0.0024901439314219953,0.005434801371456688,0.11540337788014687
2015-12-04,-0.048801318401141436,-0.016223522383815525,-0.0011403731630738045,0.003836618871120967,-0.034834192005892994,-0.01733230410789932,-0.024393778256270315,-0.015456375297562608,0.0028006159589015756,0.021017777286062245,0.03103911384883551,0.022442520867636206,-0.06107531645295128,0.03891900677180238,0.027181005368291045
2015-12-11,0.004588890925824041,0.003574681295351212,-0.005972377302504772,0.0011188184009389701,-0.052156616175853654,0.018021241418859413,-0.04450082244126463,0.011546343038803197,-0.05284478736113685,0.003177135696889488,-0.07088106163818597,0.013911006564583994,-0.036570285596601915,0.002705409574243589,-0.07639768583337403
2015-12-18,0.05204420879894922,0.028827760013470094,-0.020674998134733835,-0.02551459879816187,0.03668398872350975,0.023352238231330702,-0.012149562132748093,-0.039817178892883165,0.039377130608313715,0.04268935557459419,0.0017516445867333807,0.0468815231751738,0.030689757393014272,0.06122887119521092,0.05868762303146702
2015-12-25,-0.0015658416768599137,0.012186733068771716,0.005413322348918559,-0.012040211311022953,0.047480599286427116,0.025395722912652907,0.020813589660516607,0.01813841004389305,0.007058004323818867,0.0008859775321965468,0.01203687680825638,-0.006259396489410318,0.06080557953275778,0.030119163451820308,-0.0017459994336858076
2016-01-01,0.036928528128941984,0.00811787013315235,-0.0013460440170693921,0.005996878447609211,0.036990050703451294,0.03732935849815888,0.011739593066905751,0.0016016106663896412,0.02600745050032116,0.03123196990326038,0.03275730693884338,0.016668584954418586,0.006056879543916427,-0.02259353250081675,0.06296450760301076
2016-01-08,-0.04420741704134912,-0.03795532846443417,-0.0011682865024311706,0.004038015490362978,-0.050928043456482275,-0.03425582906391367,-0.042290163579452034,-0.0263781267807085,-0.028161081921331266,-0.026239885851474076,-0.031492827540621104,-0.03850637013156033,-0.04889855360577988,-0.014763057907752564,-0.0769231252723237
2016-01-15,-0.02805368713080081,0.07204006261627627,-0.022849841883447963,-0.003064209903695936,-0.04649137705552853,-0.022214228191212326,0.0007967984466723532,-0.006186865911537609,-0.014867482734823523,-0.008877379497406412,-0.02484511214839391,-0.028692446710880892,-0.05480940042570692,-0.09424289611726078,-0.11185366544910869
2016-01-22,0.011027374020526448,-0.0032021348808036754,0.01288896106666626,-0.012102494164231925,-0.014581988864008855,0.012458659790237858,-0.016406193169431482,-0.026814748444027425,-0.08507776758389429,0.0026681475793957077,-0.018239953353547222,0.02778086166498195,-0.02417510891742214,0.07879836877821877,-0.051179229612011934
2016-01-29,0.0008051010227789757,0.02521466528678884,0.03247110667719788,-0.024987866589087027,0.04624266903583307,0.031125449151383267,0.03708492354848825,0.007416111337173792,0.02811655110590583,0.10611994512159151,0.07738505258904516,0.05052964541587612,-0.029460969966605854,0.007667603728036765,0.0190375020223148
2016-02-05,0.012287577727815968,0.008412594326560052,-0.008706535654602998,-0.05245324308955723,-0.027845158472483145,-0.11262572725231368,0.011711637923502938,-0.012117277830367201,0.06434417713671148,-0.017641272932327312,0.0011914590629895638,-0.011575067900410518,0.05967571162332308,-0.06347624605510704,-0.005189391970411239
2016-02-12,-0.10115582776612253,-0.07665778033191906,-0.07277263506992815,-0.09492740117965037,-0.12139140263451598,-0.0068111850101457705,-0.07362252316794005,-0.06740751593440253,-0.10043658110584797,-0.01189448877813426,-0.08415624707177505,-0.035234842022793034,0.05647809213739596,-0.0699165021353233,-0.15075629890405673
2016-02-19,0.014790968789626824,0.039275231414762635,0.0580897106124274,0.024418559953896635,0.09262640605689154,0.047196495468882826,0.014828104242888385,0.030388911568298926,0.05805812189341397,0.019885697541556224,0.07422447909211116,0.01712194602118533,0.00462163738711352,0.1643678650484881,0.08169526225753265
2016-02-26,-0.024477121120368928,-0.005411590220961715,-0.030784661242379663,-0.05164586318502207,0.023206053706456675,-0.063559119466021,-0.04465591568472049,-0.01890682241179542,-0.004422917920382852,0.008910059975840712,-0.021168560005111137,0.0034295716507164453,-0.02484294140301868,-0.018953595874984464,-0.009085746844302856
2016-03-04,0.08103931524503238,0.044151102455117996,0.01215827596589425,0.08019171538788905,-0.0710482483660414,0.03702135974677945,0.08334778061769144,0.03405279440875364,0.052627687012014146,-0.017318618785133855,0.08640495036406115,-0.016392422548065166,0.035540230424206065,0.1614006765026701,0.23667635442080326
2016-03-11,-0.03455254159333354,-0.023619119739359595,0.003818096708495977,0.015069131627842403,0.021923097036360417,0.002776893007397474,0.019352620647965058,-0.023102237046935592,-0.01369421244024549,0.013305116036830267,-0.012881708968879635,0.0033332121941402892,0.024297503833676348,0.01906072036987494,-0.013438397040773986
2016-03-18,0.02513025421716275,0.044094528931946986,0.022726985719358606,0.0751008481272808,0.05011653456747456,0.008307191875221331,0.010737540536090107,0.004474028668728369,-0.046269657890682825,-0.060124138389195836,-0.012317600241165794,-0.013005584030051476,0.020904587466542557,0.027716287141951845,0.008924347115252917
2016-03-25,0.0017457186923375279,0.012066356128564104,0.008163325784759534,-0.025484768789159618,0.0,-0.0007846972130559626,-0.0015396661899469422,0.01289947799115021,0.014706876371500588,0.037009733544087764,-0.03891145649175376,0.0012438461240831256,0.04037166483046306,0.04963609121704571,0.07541889263419366
2016-04-01,0.030229509710079983,-0.0019458479379016458,0.011516141132498214,-0.03500706753263383,-0.027027171729720245,0.020416283513186473,0.03639178718699099,0.07329868685105279,-0.01697051426312557,-0.0367526266212137,-0.022293974811974482,-0.03103118666659188,-0.0635118079823822,0.0017339378362424274,0.06519834945687952
2016-04-08,-0.021400251915415835,-0.03293376409322557,-0.022413913629730664,-0.01565565539683933,-0.012691516900120492,0.01231219448362153,-0.0441897760636788,0.059850750613977155,0.002892836213868266,-0.004109951812921064,0.019866094923918665,0.016086451437193006,-0.00253415672924151,0.013689975112165076,-0.020678260124392778
2016-04-15,0.040580234928344616,0.005961850575124217,0.06432526074416223,0.03411204444524385,0.03492584041375091,0.042569471458502095,0.031288681645687655,0.023570639403193372,0.02765375312264573,0.02623981337776593,0.019857589148356558,-0.01645195959043322,0.04976099972477965,0.03337474591005263,0.02913856977581375
2016-04-22,-0.023470726338257197,0.03287277592763482,-0.04607626507782314,0.018031510070520396,0.012889836876237348,0.0473933270620599,-0.016452720912424224,-0.023992398303946616,0.022273669696923015,-0.015425425428626571,0.013695805297350372,0.007603345299969755,0.005266981811661298,0.06249056702197486,0.005744643008976036
2016-04-29,0.06071576722649241,-0.0026006305286412346,-0.006452205297796221,0.013023678132739525,0.005321702858403388,-0.030281877516845634,-0.0026088572996808557,-0.04092292506374928,0.0141713436777815,-0.010850986653015982,-0.016948119584247467,-0.03401214853419088,0.029736601624386072,-0.007210388479783836,0.056711528561501634
2016-05-06,-0.019800534810408332,-0.022018058425463227,-0.038333106723660415,-0.026946386721730442,-0.04050644870802633,0.005025042756793052,-0.022311038902272595,-0.020007150487140635,-0.015824668610708637,-0.00850484776322502,-0.07200453766816473,0.015585396965918763,-0.012376444127548125,-0.06209071565746893,-0.03011586846661307
2016-05-13,0.0075394511317219415,0.021794433552563053,0.012286668270341528,0.014268945802162314,-0.022547567062123464,0.007142888128544911,0.005193348894448668,0.09102784756900895,0.04852162050472408,-0.011623665059074195,0.017758125466521557,-0.006791338415176651,-0.011695781460473786,-0.020194291061394476,-0.029458417722590835
2016-05-20,-0.008612689007735153,-0.00468008016730681,0.006948745757991315,-0.008232706095466669,0.04588964319152988,-0.029077924068587224,0.03444498207585078,-0.014105755672786602,-0.007887855971779767,-0.004653564486645667,0.03996996552723475,0.004268850480287245,-0.036489284347903106,0.0,0.006562642679533992
2016-05-27,0.057537360606402466,0.03819917402634565,0.003680501351190024,0.1261955033583908,-0.0004689854151201933,0.023374573844992197,0.08763441116306647,0.028014947882248897,-0.07213269127751387,0.042459065373366744,0.027111231932187785,0.01429429247256997,0.02719712199722424,0.02154035158267842,0.0509372822984242
2016-06-03,0.03602480315445966,0.015551115568560148,-0.008434094709300677,0.029483094831628254,-0.005399062814195998,0.05353318856023637,0.009779149201756931,0.021258787668844814,0.016198783871445244,-0.10618849726607871,0.014136490984714145,0.013573726125661434,0.01964420975176928,0.027154114762560466,0.023264834465399842
2016-06-10,-0.024178074747229772,-0.057268511133226174,0.008413534050982774,-0.025648141165587446,0.029973656502784385,0.026422906399842905,-0.009042168030811482,0.0378973110502292,-0.012340015512151914,0.005492928256821683,-0.029840970110595832,-0.008196240665973908,-0.019684484278337133,-0.0122580744021773,0.01629408980079816
2016-06-17,0.0005331446816128071,-0.0009319020048101923,0.012285516035025257,-0.00427853044334936,-0.034143035346820505,0.005280341221310714,0.026090882415330086,-0.012217400689727431,-0.032847823909997964,0.0024277352378874184,-0.0205003607155001,-0.044528892488760796,0.01680415558728976,-0.026764340764741545,0.00260996686734849
2016-06-24,-0.022899896356925464,0.0127596946425248,0.005615578984055292,-0.05268563666988202,-0.006405413516937908,-0.0203542804159087,-0.01597878380125517,0.004997043210879237,-0.0025193230257104515,0.015540919771025452,0.050050908516591885,0.008571858331173354,-0.003221251478861542,-0.03933033397907282,-0.007437751432591844
2016-07-01,0.026570435919707647,-0.018542535748393596,0.006755061759758707,0.008578869868844707,0.07449852949601099,0.05060301435056558,0.06897738519815344,0.0020314945580173216,0.0665981770215982,0.011394504711655262,0.10492350382480886,0.01822294632274235,0.035127241647896046,0.04941639594069769,0.13488206255862933
2016-07-08,-0.013206926277332665,-0.012111782526240455,0.004920278993077565,-0.01652324745203504,-0.007555408841491862,-0.018819786359657975,-0.02575790971025893,-0.014985123751483309,-0.0011571318951297815,0.018536572767831272,0.022143431114248324,0.03034179916486468,-0.03610699707454901,-0.02971652374537148,0.020798904049952327
2016-07-15,0.039274366807148464,-0.07395097046809462,-0.010969462427585452,0.002187065099237051,0.031124101168023888,0.015929731965814264,0.012202600291239651,0.034434683941253263,0.005543712785542665,-0.009131819675450847,0.007511328601235379,0.0067505327141765825,0.06717373300788587,0.17135210290286662,0.01520051488173535
2016-07-22,-0.015670709513193826,-9.335565938950463e-05,-0.030207472865866225,0.0016862737301155395,-0.03387645247565152,0.002240005570017578,0.004018497313920122,0.06714958131489901,0.010742155433446365,0.02102809212226342,0.00892675042740243,-0.032802796786110866,-0.030483074124916687,-0.019978553036942737,0.008920057090916478
2016-07-29,0.0045392917268678445,0.0013052942043234594,0.013575309734319196,-0.010011420240178204,-0.010564044255669591,0.011174827181704039,0.010406348235559637,0.015540264439119156,0.03631208449932544,0.0551106991964474,-0.18459107162639643,0.02076149465990529,-0.014427623466963357,-0.006567063820738683,0.018629562910122743
2016-08-05,0.014210796842694107,-0.0054474019998898005,0.003944472714425773,0.014550763153886148,0.02657874652303005,0.019577033229530194,0.0003962363045590944,-0.047050963235215515,-0.016769891816734717,0.014398726939623518,0.02498834168915165,0.00040380929544014954,0.0053862164768714305,0.0750596924316973,0.019838881875048786
2016-08-12,-0.014786620702321285,-0.005103132496962481,-0.0063048364065313445,-0.003434097486039067,0.03385699356826599,-0.005574611891055237,0.0061374743840465484,0.008298777826276638,0.13884075663287043,-0.0491153324367084,0.0008143968692073678,0.0390842435256844,-0.040740185315827904,-0.018207903310727636,-0.01155021221112551
2016-08-19,0.020776235255684616,-0.03882155487303263,-0.04349427353319513,-0.04084315175909281,0.03424655421574241,0.038617377400439246,-0.01239685803199686,-0.02428618411757033,0.019892601797836473,-0.02092308219639072,-0.00033202349828242994,-0.016140502574760962,0.01035089368918407,0.04643108663933071,0.03167295413440474
2016-08-26,0.0026324091849925235,-0.0010281586109390783,-0.05787339584463547,-0.02800082160039341,-0.013244686673451467,-0.05307333518605184,0.011356836301861684,0.01544414154161644,0.026041420634028478,-0.03642520344754041,0.01004940666216303,-0.029328516782082814,-0.02120097616714034,-0.05788589186420445,-0.047988148937894826
2016-09-02,0.04200816171735333,0.011369505771734456,-0.013061457219780248,0.025872217300696443,0.015117864070738563,0.013299337136026823,0.035854956353767786,-0.057324496114904866,-0.024071351288182274,0.035882266623067816,0.027183682335274018,0.016457303992738703,-0.07283035878082655,0.012856622189302058,-0.060738795464071016
2016-09-09,0.006452905224637595,0.0035374255918261266,-0.006099932335373759,-0.028716672723635206,0.06785315183946472,0.003389767292640178,-0.01749726830877496,0.010598154110121438,0.02983648473160372,0.020610441183118278,0.02249422966105863,-0.015390118965860733,0.010034368239798308,0.05451641797714357,0.053333407482586415
2016-09-16,-0.01496014795482492,0.02380497679882687,-0.002600588442625007,0.015273956678062417,-0.018239027597497515,-0.036209490435205716,0.00793654566544344,-0.015504172244327652,0.005918886102657561,-0.01711717062085516,-0.013512952346118157,-0.035178590416839794,0.0046570946392199275,-0.0905981827268858,-0.0740509180773884
2016-09-23,-0.012955673484776664,-0.016601374684828918,0.0016687351448698706,-0.02299591172262594,0.04095089501695126,0.025155376436844845,-0.0265025773891453,0.013672793512251813,-0.015652374659850588,-0.004784143670616303,0.010174186071853608,0.025852000587536672,0.010352367809842056,0.036644924472166496,0.06561872156064408
2016-09-30,-0.024053242142601183,-0.006234831749078573,-0.0026030253767382883,-0.07644086226659497,-0.014968103199413219,-0.05672395313861778,-0.04774124459141571,-0.00950837997860432,-0.016690537465719357,-0.04788151581780209,-0.023505765052788563,-0.019301618791429553,-0.039608653333136346,0.006048476319754137,-0.06254021744306681
2016-10-07,0.0072716314165979234,-0.02268233015725951,-0.00417580465787637,-0.0002384602488580967,0.04169084564440029,0.002027105487841352,-0.009944112476773181,0.0458585844482311,0.006732893905700754,0.011444503494744795,-0.017088235189008483,0.004720368435845668,0.017356857654797553,0.08630578131764066,0.06705443209769024
2016-10-14,-0.0011498874962724281,0.014419246715775547,-0.004088560596836821,-0.001548242510168718,0.03628196114187432,-0.022252258543392633,0.0039758198135888545,0.02220625208341498,-0.01650586428389411,-0.007587789937970046,-0.007546727537813269,0.005949024510450762,-0.043982013955685906,0.014143377857933181,-0.03687067070581673
2016-10-21,-0.00031988470383725875,0.021696736712184528,0.050947385967709646,0.035790807358163645,0.009926192058755001,0.031034602947784373,0.0010420801717374584,-0.0011849681540436752,-0.006019750065601515,0.003018099585865519,0.027167046340786927,0.032166658583367536,0.014243653666880407,0.036138788810121225,0.03961373616523289
2016-10-28,0.0484324470226154,-0.03929514032813519,-0.07431914421193297,0.003570608019941357,0.02537484354911501,0.01839441218682758,0.01228410519185319,0.01698189479664114,0.0003776714374386092,-0.005817351909315649,0.08024465175696327,-0.02200470269577881,0.02937840112130119,-0.05091300755529782,-0.03618313330660117
2016-11-04,-0.02404337911067722,-0.026566368707369836,-0.020774512551488544,-0.012854106196035775,-0.04515012060018908,0.008210170483031742,0.024475391362968058,-0.047482448139600675,-0.0030043017164274044,-0.12362133812687648,-0.08436276232510809,-0.04059709261332811,-0.03810557705062079,-0.005795902513666684,-0.07441848838295928
2016-11-11,0.01994599571741884,-0.05092718790452544,-0.02243081234326838,-0.0015117513034681451,0.014656788454161296,-0.011726244084810822,-0.024493172297679777,-0.05993341781226158,-0.06742886397235326,0.056024813837512344,0.057327180045189774,-0.015440088585241929,-0.01728074639704502,0.05805006875098839,-0.1640345909477131
2016-11-18,-0.044568047165501445,-0.0016817603771914769,-0.011755427149283793,0.037028346804454104,0.006034083124659917,0.0484507410363999,-0.06215245344050735,-0.05971792205904458,-0.057398478501383576,0.0012352957555403776,-0.012714188834531681,-0.05490838665007303,0.007797024350739923,-0.09706908586356167,-0.0004291599846960592
2016-11-25,-0.0347771563108521,0.06249998914510124,0.06313613037101629,0.09420629412762205,0.008542259778958394,0.015403833764976005,0.004169206553366722,0.047188543081792655,0.020464358243098557,0.03672790655973146,-0.014433053371605276,0.005475432540528846,-0.00905348284794738,0.0614125593060868,-0.0352234274183203
2016-12-02,-0.03802430868168516,-0.013299105478682516,-0.009359803915070963,-0.02842504336785201,0.04973869549866339,0.0009290309016589671,-0.0013109839604973361,0.011641177531631186,0.004996633035116549,0.00868158382624351,0.003803179727920103,-0.004032361544955121,0.05847174627151297,-0.005749362522355916,-0.021816644600164525
2016-12-09,0.02999085654982747,0.025764501441742915,-0.004995861870292995,-0.003590702980506233,0.053390766190937855,0.01484673907765921,0.03347919938435928,0.022066380770478178,0.016309672625676175,-0.06573189035177063,0.0018554643775074986,0.022663751449133684,0.04205888447534423,0.059424268995735385,0.04597174209350352
2016-12-16,-0.0350887236677524,0.015970336212844494,0.011788118419884253,0.011553886698718818,-0.013853010081440909,-0.024687639160720143,-0.04149910352677,-0.03733242751313848,-0.04298687514349164,-0.038112970228695864,-0.024667705092523473,-0.007550371461245486,-0.06551201081949554,-0.038322922011731264,-0.026544687251025767
2016-12-23,-0.010221272215015231,-0.016614666434153436,-0.010248181031913162,-0.021062552860969475,-0.04338124464630355,0.006562796130198167,-0.007289711664442811,-0.05095499767843381,-0.022139414909233435,-0.03684234051177826,-0.035153453880179764,-0.06534504165759103,-0.04738111010389778,-0.05603199370438561,0.01698690021793059
2016-12-30,0.011169816244220865,0.022408976037556094,0.03422325912611357,0.04667095222897588,-0.008291995906016147,0.022974253733885064,0.07543401612066392,0.03872592677035769,0.019461831162725485,0.0104249279091575,0.02062664632968758,0.038278597830979644,0.03417369325212949,0.0010234035768461602,-0.020659264875047656
2017-01-06,-0.0039601073261184006,-0.03794785119177946,-0.009484652027818896,-0.0391696069317925,0.05853133734890248,-0.004552488090264206,0.0043447772525333495,-0.016339559941824344,0.0029970443993039275,0.017063639249865092,0.03226707748066571,0.014069082519247544,0.04613093535313051,0.07233212579658921,0.13599644163422764
2017-01-13,0.015205503029743994,0.0036512454942854156,0.031279997447671626,0.03991497542520395,-0.006171285841314433,0.04268309337242204,0.028636253249264776,-0.005151916392261535,0.015561314782532865,0.019118182599592748,-0.05678749690613194,-0.007605541258281723,0.001407407875169353,0.06387815729561508,-0.01935994365945415
2017-01-20,-0.006458440131587806,-0.027772028446092056,-0.013927460748608844,-0.040634585576262316,-0.01987081783863054,-0.0032163328459640095,0.023032521515965687,8.492948983196413e-05,0.04704095704393274,-0.017534731276728888,-0.010856629810363616,-0.02753919239703362,0.0010930620680662528,0.018259154310777514,0.03585814248936248
2017-01-27,0.08574793401785463,-0.0069043004022055765,-0.02584217340257211,-0.0033074640245511766,0.03649266120830963,0.04136089592468295,0.007830697666799002,0.0024406685894688973,0.008007564996567407,-0.0016365044166126719,0.01599715338235863,0.06742027376358806,0.009982830656097397,0.03256320695454473,0.05484246375068014
2017-02-03,-0.025157813461624157,-0.00642155297314817,-0.012423101767738642,0.028580650776841354,-0.01735961395586183,-0.03126760248360938,0.060800487930452896,0.02947156046561128,0.04121885535355152,0.010538713433481783,0.0500910627609914,0.026449024184459047,0.09281865469861161,0.007458100376859678,0.05862827965919237
2017-02-10,0.017771040103470526,0.03439813987436091,0.02512308835465049,0.0404827747427301,-0.025306760487606383,-0.009305112354908274,0.001098694641171738,0.014732678799145749,0.0026310612272948397,0.012050693875009122,-0.05358458449444137,-0.03094473991404989,0.010599306960943577,-0.009729451670059897,0.030302991562557446
2017-02-17,0.022595949907887825,0.032841057538867346,0.012999294763895941,0.007201687665482126,0.003872555689257373,0.011936834773180083,-0.0190233339286765,0.010083622103720824,0.0025931523012561186,0.031219130487055935,-0.021286769640518566,0.037479449498330375,0.03342187654257733,0.0,-0.03752520727296027
2017-02-24,0.01814188583692511,0.008749063359253073,0.022614855538996892,0.0002975918110270648,0.008230783112178175,-0.025036748003054998,-0.009323294549590355,0.022650580908152307,-0.006389279859804642,-0.001406155791623842,-0.008686220137403833,0.04060693677403515,-0.00879568573551659,0.037484150970225505,0.04566191689501364
2017-03-03,-0.0017879196127226216,0.022154061456507224,0.015943275276284474,9.939199344510818e-05,-0.015050831203488824,-0.05679770801638673,-0.015433572432641318,-0.030132277406320962,-0.040362425258248846,0.017641240315244833,-0.0056452573492357105,-0.05832564772562965,-0.027576836079879263,0.019248458877410668,-0.03191121037200084
2017-03-10,0.0239653851263657,-0.009067113045709507,-0.013769328116401636,-0.055390226988079494,-0.007511057117048137,0.006406180619001001,0.007264205863389828,-0.009338280257301768,0.008315063582377435,-0.00509856232112349,-0.054073205705974736,-0.03277446690393637,0.0245682913174341,-0.05524126003550989,-0.015614375576067041
2017-03-17,0.023344205445924082,0.01805567511152728,0.03531462907778038,0.01775970085551859,-0.008350736932995928,0.01814134039359705,0.06756480787618813,0.014734861618675765,0.040047969019090024,0.03594695457474861,0.007511447836877183,0.008833902504558955,-0.04946559810661477,0.07365041186518817,0.04088872652889175
2017-03-24,0.03666361709734467,-0.008555275723924338,0.01784823593016971,-0.020857023166404698,0.009999720683687485,0.02907161802007452,-0.0008885480946262403,0.020965425240872193,0.015580962828723566,-0.005088360936107206,-0.03943358730724489,-0.03099796034836,-0.018307677594265104,-0.017921204962081605,0.0047406677883967685
2017-03-31,-0.008131023741435373,-0.008871471792894825,0.0047736213726645715,-0.03163540866325476,-0.03595609384734655,0.00850544530224262,-0.0024911183506181045,0.05164866673660451,0.022997826541242716,-0.022375268006254556,0.0015218319792613677,-0.011327905004676175,0.02804703223337457,-0.021289537904440325,0.0020221606585895113
2017-04-07,0.0010318270204181523,-0.03981425811841155,-0.007368695832398742,-0.03473825363204053,0.00756745647591317,0.013554164716068184,-0.027292179475509992,-0.009123456591447532,-0.004905245989340168,-0.03226060886023496,0.01101693532522141,-0.0026177744386528534,-0.015283418637204949,0.021752641592137856,0.037672468603938025
2017-04-14,0.007330333227941299,-0.05109258118540594,-0.032232893485126146,-0.02989618580963671,-0.008583766425847461,-0.02139658868333405,0.023840030624767694,-0.027410520560232854,0.013805317081397206,0.04024351728275133,-0.007665269310720424,0.011573634637553676,-0.012909971619401217,-0.06011752691527583,0.03500805516993721
2017-04-21,0.0010233500010838892,-0.008267120457640664,-0.00837697898390577,-0.005349442996192444,-0.024620956388960558,0.015487149014632884,-0.017195057340480657,-0.013132521415210263,-0.008005837678037753,-0.07672331457424098,-0.011851968654877587,-0.006805119782218982,0.007494517111613641,-0.027397254154489348,0.1490762215697179
2017-04-28,0.024477488185178364,-0.005142429183700781,0.006106851588019158,-0.02502025940957109,0.03495170082606913,-0.016148219511799122,0.01330420789627551,0.05414967801557369,0.07344775610603849,0.0036744326999134103,-0.004023426915420569,0.056271514560298996,0.03704784348538581,-0.0035488278453347233,0.01390025808853701
2017-05-05,0.0070402067895609655,0.013656894933620434,0.010217468744547986,-0.009473822991432956,-0.014741569270029453,-0.029179423548920558,-0.0030576076978326983,0.004284766032039311,-0.026265421437165593,-0.018303867198371626,0.0014812496104454898,0.02610986196278131,-0.030239010132478206,-0.034835734744122604,-0.0018817467604248517
2017-05-12,0.05102942779549835,0.03515850875707849,0.015521691357283096,0.0708234339367364,0.005712612929891225,-0.005322368644085196,-0.007938094171489163,0.014116018847450729,0.04955583060460311,0.03951113726837896,-0.008528726457948888,0.03457280360397452,0.05902825495495545,0.0071494114828642985,0.12227310123695756
2017-05-19,-0.018121850146322838,-0.0065337068616100336,0.025046981768787946,-0.059016614480972396,-0.02596695661116799,0.001573940684569397,0.04091663531528389,-0.03651745018076824,-0.03281353293668565,-0.0029766495066281262,0.029312704665179545,-0.036816185737414964,0.02095314034904594,0.12090667200918981,-0.0035996823913279075
2017-05-26,0.029551423316356074,0.03940710329147401,0.03703682814771869,0.03123882137970435,-0.023882457313192496,-0.019484836456101218,0.08001411071508602,0.017523570284705636,-0.046571054847011184,-0.13090399854735668,-0.09111777429987022,-0.03461566706182273,0.0022803247939326976,0.045454598334554674,-0.06551062935523111
2017-06-02,0.00020726922320490893,-0.011439399306767739,0.02346958045342884,-0.068857157096059,-0.009957216850395523,0.04230788159045917,0.032675477508987694,7.316797439926859e-06,0.05145145494030201,-0.09301513367198078,0.05802674725655299,0.038362194632366675,-0.0009368266889927535,-0.038690728191625445,-0.09432992922290528
2017-06-09,0.02056461911659957,-0.021507086930015906,-0.0266473383522966,-0.032031957769484753,-0.02758609036724935,-0.02952030687655116,-0.02630597735281548,0.002842606533337122,0.022663873952388558,0.019131960196964837,0.02908598697651721,0.06997350320624762,-0.014601422661108088,0.030694029430598402,0.05207747184348377
2017-06-16,-0.0024870968826892215,-0.008802856185619268,-0.049259851201732374,0.009048619894678867,-0.01211584490045714,0.017744095610501054,0.00261439916887074,0.013836101327728834,-0.02832846350176388,0.008480970679420885,0.020465578587547162,-0.047061141411930185,-0.008020613454977066,-0.010057920003234466,0.04733552748553804
2017-06-23,0.0025949981647024334,0.0031909562625591636,0.006268457881797085,-0.024596404958018514,-0.05414304547075244,-0.017123486209734695,0.013689841507706912,-0.01776698110013808,0.022569777518709477,0.02768597139864659,-0.01450091994009961,-0.006827438908337036,0.003700105742719062,0.010558733315043645,-0.008006225321477878
2017-06-30,-0.02989238550827622,-0.008163319103541289,0.0058397911900878174,0.003414771221675217,-0.0050600143898691385,0.006968495209607628,0.040675124219953895,0.014631643567049712,0.011111184120253803,0.021882982031202314,0.017551320043003527,-0.004296889302540907,0.036865048150707125,0.07589927411423858,-0.007029432087422904
2017-07-07,0.009364626937112819,-0.00016030725164062343,-0.00251571811039486,-0.00523565839804041,0.014621843295497872,0.0006293582899770112,0.032905761730031236,0.01977950673785922,0.000623102547617771,-0.012056970449694338,0.00568752602816569,-0.021144886465857105,0.016328553840631477,0.013925932812017372,0.06056666803144872
2017-07-14,0.013591575092888553,0.03918121846652034,0.008342941754548416,0.02355256577959719,-0.007832159185942489,0.051870522513443484,0.008525451893350855,-0.00860248876481473,0.0072719304203996415,0.042896051568482196,-0.0008872267120794142,0.004408652697921456,0.05734016637099382,0.009126162054374998,-0.003708498199699317
2017-07-21,0.022769108221917467,0.008281351602969833,0.10082752146469742,0.014783456674893225,0.03789066144743658,-0.014943285387426175,-0.14311147629876708,-0.0005727952438077111,0.03088022308675087,0.005938695671065197,0.029649706099677653,0.011690829309186634,0.010565018810749116,0.008431832029391462,-0.025806400866387302
2017-07-28,0.013257310068734318,0.017600173669497954,0.010487486829548809,-0.011090851871288887,0.002433870342756439,-0.005461206479815961,0.009172882210722655,-0.0038706472078446907,0.02475223191422482,-0.043667132785724316,-0.10772661964556618,0.004654115101967893,0.004862818687718429,-0.0024401464492385117,-0.025725950503214468
2017-08-04,-0.016293121890603834,-0.013635982071259933,0.0012109714654462422,0.0726463477181789,0.010014838169582596,0.08206247546612122,-0.03704343895829354,-0.009352830716401361,0.0027518013481335757,-0.0806099898196152,-0.09144193575179771,-0.012209087863233048,0.01838843444468985,0.04339555312416543,-0.007581544126139539
2017-08-11,-0.004015254976711402,0.004015123380779029,0.0010366087932383028,-0.015158923908594857,-0.04056458278431274,-0.047927971721904994,-0.03294736451784863,-0.023566977406705325,0.047110395917975945,-0.11137445007003366,-0.10198481152581695,-0.032469576952449786,-0.015086709830389622,0.03629425135880315,-0.18045306560374608
2017-08-18,-0.008718170007373627,-0.06525247025894354,-0.005522958972204672,0.06467221976514947,0.007829395096202951,0.026947113385384913,0.038121699807909915,0.016671430081633964,0.036445871994045476,0.04477777184054821,-0.014494156540146852,-0.122407442771301,0.015559078891147049,0.048428921763327804,0.1793633489776092
2017-08-25,-0.011641345605420739,-0.012022992236148666,0.004512345120985639,-0.0026815313052572787,-0.00901156196019881,-0.025375209444707503,-0.0014196816665900114,-0.0076356074491816806,-0.008785230393072885,0.0273317551744785,0.05355689257452845,0.013995224100143089,0.028384805851252803,0.021337748062255635,0.0190788533735351
2017-09-01,0.021036881224093307,0.008551379271139137,0.024360696226483514,-0.010053760315297366,0.0031358111887895834,-0.004437701538604788,0.007639221484605274,0.06250586933754532,0.0070834995837580905,0.006625226180798416,0.06196876433457632,0.0067854735176011705,-0.024021245518435208,0.019092485857403085,0.02487286075112083
2017-09-08,0.015112617047547294,-0.03875220546500291,0.013661645269581246,0.01747754638758625,0.011879004088672263,0.0099234189538282,-0.0396685845770699,0.02652772740286391,0.010438279508200532,-0.030542879794567268,-0.024824652885775844,0.007798335039699289,-0.045083392197696415,0.006449596738132168,0.0010438559698191519
2017-09-15,-0.0024811693429338533,0.027083527608694036,-0.04908485126492779,0.031337040866705745,0.030274490364954554,-0.0023845047379044138,-0.011198757100229328,0.020503185443786265,0.01603214527518748,0.11233661626654712,0.02252021768824153,-0.029275770254064915,-0.018587252242539876,0.035932123941982974,-0.0013034593384619875
2017-09-22,0.016765319466599093,-0.01095504542344361,0.030446277736112082,0.03173534692328395,-0.00906597113323071,-0.00806708138748824,-0.00315615786226231,-0.024425049989990844,-0.0198991355292526,-0.013344823309893505,0.11150043640565954,-0.024833840953780828,-0.0016415158000664398,-0.036747886474560953,-0.0847888392179802
2017-09-29,-0.01922893023471206,0.0017813178335790436,-0.04822557809275951,-0.0011998225266273144,0.039525725075068685,0.00873519479088225,-0.03780983597479459,0.006548508478458226,0.017317574839259775,-0.02062846359841919,-0.05248690587551619,-0.028704112471715004,-0.014923564571091785,-0.0022171378032650457,-0.053025945540174924
2017-10-06,0.03716637626662456,0.022502398658063028,0.02265846940433147,-0.0021841242692702822,0.01696393681174513,0.05135843043574417,0.03039108814219893,0.0188873764630777,0.0040512751701775596,0.05355205598496027,0.02022546195226016,0.05820908381034351,-0.018359072050492253,0.05961224866637549,0.044431192401474195
2017-10-13,0.041221634240807825,0.010813365607561076,0.018492547394823866,0.04213635544899352,-0.024158479729722626,-0.0011360068375309007,-0.0007515037013701154,-0.0010064489904224594,0.05051770435845593,0.00848706820142442,-0.009007204958875192,0.011471348315533314,0.12712516724470468,0.02805703887664146,0.007867090896792162
2017-10-20,-0.0042499448838043685,-0.003386601389715471,0.0005140198647746175,-0.03728202389371105,0.014146606055476907,-0.0045491952670522195,0.013912348366657667,-0.01758932589979234,0.009995082258155152,0.0019637058861254886,0.007899649527924657,-0.016361367463663012,0.09944296468520641,-0.007526193814803017,0.010407513527075363
2017-10-27,-0.04523320775364925,0.02092879224377775,0.016777747502852547,0.039380295491446615,0.06945652090884602,0.03941731748145472,-0.0011125410861838603,-0.006312064114784799,-0.006622802763971425,0.026411918310153215,0.009228703156918483,-0.029817641212273815,0.02437993775900371,0.030191328541738782,0.05493566343731904
2017-11-03,-0.013119394546224461,-0.007145468545861622,-0.008081947734900341,-0.02718303673740341,0.05957107660478367,0.0,-0.014664828208960756,0.033859815091519474,0.013214075007732529,0.002454804260585197,0.010083834770332478,-0.0037505164718668604,0.11528961229298162,-0.02462841275249894,0.16029276191074993
2017-11-10,-0.021762688086319204,0.038202124866583365,0.02749938220322723,0.059445448974226656,-0.003909119676678174,-0.02967856483979181,-0.013941262785578501,0.0501523788744942,0.046134851290542844,-0.042448900826911884,-0.029453100950298294,-0.021951564214047092,-0.06983831043712974,-0.009380668656231661,-0.028050562879313845
2017-11-17,0.029997909609924545,0.009251073391348896,-0.0247810272274277,-0.01313639387442389,-0.07064355156876923,0.005664019368377682,-0.014138540605519778,-0.01218996364752667,-0.02523103803715787,-0.020365730851483965,-0.010754642129393033,0.05458639528856879,-0.019763768614973087,-0.0014952221553623524,0.07671974291367412
2017-11-24,0.0069879532908079245,0.03975481469836217,-0.008300841421772343,0.019708858650877792,0.019143716261012855,0.015488720352917262,0.010659117286561992,-0.024459084436421863,-0.0016945525103401193,0.06265720762647731,-0.011861567057094624,0.08565200761184344,0.006687031810844957,0.010339184680110192,0.021219634800702547
2017-12-01,-0.02445777937407878,-0.050269850319568765,-0.011274369623860636,-0.04290625522801306,-0.007458482238971165,0.005546285575791732,-0.02128469209395545,0.025885507062943347,0.01348596429684834,-0.04285721414310373,-0.026644388965220478,0.0026632695509762883,-0.025462816833704438,-0.03888764763217034,-0.011811106372113689
2017-12-08,0.003830231319587485,0.044899765897580934,-0.02246029871693156,0.04905913590453559,0.003340145419892915,-0.004964173583546505,0.027429366982891557,0.02918249902760839,0.01038268978906709,-0.0077953030698559855,-0.021688460537921173,0.03696925061810741,0.0846843698733486,0.02482018225595084,0.0553340587458413
2017-12-15,0.020911921180825743,0.021011268374770742,0.024036780786835577,0.009373109554008607,0.015256337979358436,-0.01635270946125056,0.00915321725767404,-0.00498875062797377,-0.031353749993789815,-0.006707034048329952,0.08513115809776584,0.006214904489699746,-0.013710444464046678,-0.0044425483118382125,-0.028103899453535752
2017-12-22,-0.019464202303840494,0.016081669148848343,0.04107698789667458,-0.014578209002551579,0.05683051868516231,0.012961689863977055,-0.005668956975712569,0.004408596881013249,0.009152526664528038,0.024307811460146267,-0.016360905339245946,-0.016317708423754906,0.02046530095228194,0.023751290890713594,0.05848076654199086
2017-12-29,0.0001484712669688193,0.0025977995794599362,0.04194301152670965,0.02148130100332324,0.009307264639983437,-0.015299288706747016,0.0005702894027261873,-0.0015730716659533295,-0.007879219188786313,0.0757132582651634,0.034938008134106635,0.022273366297127284,0.0020811062579484396,0.029808751659651467,0.057492383523041646
2018-01-05,-0.007077727543499113,-0.028837468669131505,-0.014956237686736928,0.04245613387095126,0.016649615971850773,0.002825025308743845,-0.0013296617037868996,-0.001797836230664096,-0.013834581414113978,0.013306846429635755,0.024521507768631157,-0.007055206205943909,0.01954121972640821,0.05229360455001997,0.0023134500015502546
2018-01-12,0.020238185507126527,0.06566205192618257,0.02988200768967486,0.048149407344546535,0.01158994944647751,-0.02816888211662405,0.01768739576232492,-0.008591451785780801,0.01382389495821057,0.008120740241800206,-0.010410722575005527,-0.0275432969126872,-0.0563887710389831,-0.0005836696825571863,0.03308325311562821
2018-01-19,0.03635126576861847,0.0602716090478399,0.031838158966505326,0.0039038737659593536,-0.03511858638345722,0.0014492131775585282,0.026163325355556433,-0.0139420264597937,-0.005065462553827227,-0.01945329515022598,0.01744544094308953,-0.02058686391867104,-0.022863479987326185,-0.022395391520172114,-0.07168123882341049
2018-01-26,0.029984442208967232,0.0279417142165288,-0.05167966024908399,0.0823837329939372,0.07640699402887297,-0.004630903477781945,0.024403491765068175,-0.024724398114696622,-0.012562853189895251,0.013546798456249176,0.00698682105597781,-0.00500284222406755,-0.09078113755138306,0.02144758699026017,0.01724834501299699
2018-02-02,-0.0058588815876462474,-0.027352270216178476,-0.033237939247766524,0.03509055370305303,-0.07577936305565514,-0.03925583268993893,-0.02097768167622771,-0.04743189978978979,0.02180267834411853,-0.04940964782380208,-0.15320509364783308,0.020508107053043956,-0.060989674717656595,-0.08508130738559583,-0.11908528882740932
2018-02-09,-0.04968002400235594,-0.02982738683036512,-0.051896122815794477,-0.039066749920371735,-0.027763505876973626,0.004790672996644485,-0.014526995548130084,-0.023236002489752328,-0.01804752769251694,0.05714859209322953,0.033081478300317935,-0.029603637532922944,0.00035526386146678135,0.02214921916272239,0.02529120659949813
2018-02-16,0.017635549009836993,0.01704043410658751,0.02105266810475115,-0.018311938776900294,-0.002401743170227899,-0.0027563143676041513,-0.018057688203053646,0.08941611489712797,0.030337251283992783,-0.012785568206403308,0.0090026058774888,0.017057122627442745,-0.006627263495338043,0.0064935941953006004,-0.014844016326478804
2018-02-23,0.02918506500798057,0.02446687646379586,0.013745624842099957,0.06348928768454698,0.01551623733300933,0.004606758911263054,0.009757707515128722,-0.0013237403105553769,0.037631344299223324,-0.009734759560489747,-0.021006885516615115,0.07860013785031428,0.013938515439253063,-0.017397689722371323,-0.0022158935832528037
2018-03-02,0.013739103177612622,0.004413197974042493,-0.008474604035057842,-0.015367172166305787,-0.0005269097779657672,-0.00336269138681633,-0.018769817647273257,0.03515865403909202,-0.003637773094454455,-0.06012475913618098,0.029740774961297456,-0.039054744767271,0.005169731368108721,-0.003983703110729042,-0.003775230938545149
2018-03-09,-0.01209274396798421,0.0022831805786514003,-0.025470140427404808,0.011930252535206742,-0.05166052182628522,0.008588716068029578,-0.01799225720752018,-0.02446692763589542,-0.02064179944244049,-0.05341813601362311,-0.045529891344814,-0.02910839795713749,-0.059847949568029635,-0.10117775209748325,-0.05773517892587643
2018-03-16,-0.020047169141757304,0.007305930164195118,0.03753726784180689,0.025032161471365555,-0.003085932466616481,0.0027374891868268136,0.004821605185026057,0.004962309262571241,0.0038830467252963796,-0.0073993412291103455,0.005751464960251251,-0.06736014875940055,0.0363047503077103,-0.010795128407191434,0.0707357476490218
2018-03-23,-0.02069295278766725,-0.003669347381020871,-0.03753170079179513,-0.017882496896941213,0.0014113800347039795,0.03154371017054336,-0.017274539470659267,0.012793833580816427,-0.004310222436657352,-0.0012920318333422554,-0.032607476682189884,-0.05906775008813181,-0.009717844174433776,-0.056148036896513265,-0.10296056308514245
2018-03-30,0.008664022787923331,-0.03066128730922313,-0.01229565377644748,0.024625052424265936,0.00225487590675999,-0.002058325815214923,-0.0019528995367821267,0.052573961271874525,0.02705753416780965,-0.01453032565170942,0.003981117791806765,0.055833742163264644,-0.03392308456254578,0.008031744092806381,-0.0029081305976269567
2018-04-06,0.06814264322425467,-0.004240642036824616,0.009958991119832117,-0.03209651925074741,-0.004780754869088466,-0.0014731495646329584,0.02093912960578792,0.017480043879358087,0.041775563896238266,0.03534626249496631,0.02126849621187943,0.010942757574438078,-0.03448698028885211,0.02828133869183902,0.015403782867769111
2018-04-13,0.02850259704850533,0.03944070869290739,0.035921819437491065,0.08629879139302865,0.031364818697936725,0.008852084986028519,-0.0003833006563659369,0.040799357113594725,0.005919107410043756,0.0007804719348156741,-0.01640154306073527,0.005620836339374602,-0.01831416553278764,0.011665454360596517,0.028872054014063675
2018-04-20,0.0015203589275103457,0.005975414035009008,0.01325848167198429,0.04310969232339734,-0.0008217917649003814,0.019889200520034844,0.059252103681629587,0.05461880050076817,0.02177997032011314,-0.015009824280898143,0.01528730783248533,0.047720240316890816,0.06377339614541588,0.020452807735727108,0.0023780819179570756
2018-04-27,0.031140169547231533,0.0057279451590226405,-0.07347743349535085,-0.0428266557869208,-0.009048532134792842,-0.020648450830871745,0.011585815074877104,-0.010947457805070893,0.026003687721733337,0.037304698800970426,-0.011381288520576072,-0.054320754658606085,0.016791181925019272,-0.027053715968917147,0.05504160650398804
2018-05-04,0.03760245986396238,-0.01020945335954826,-0.02263282159977198,-0.01170773430663008,-0.002490266685287068,0.0008786591848040093,-0.008052962162512278,0.005484393945995869,-0.0139633996804579,-0.01182872342779051,0.004218884020678271,0.027042052354366852,-0.02935790772312319,-0.015344109446551846,-0.049696515241278494
2018-05-11,0.027443360608171208,0.006521493794115596,0.010188985130313855,0.005734507576812264,0.04022180059982472,-0.020187182399459824,0.023453122471879917,0.045174255383087614,0.01730886710589008,-0.08861860272462418,-0.05511254994633996,-0.05129828775141465,-0.025582877667089665,0.045630612916014,0.01396116423086502
2018-05-18,0.021384202618093262,0.0020746789791321607,-0.013753984481830184,0.03976281699943929,-0.013066568748920648,-0.0050763964862508,-0.004759412529328655,0.021445808075623463,0.021788673810338555,-0.01514673921943721,-0.004270216526428561,-0.027036226659816975,-0.06531303889932893,-0.026101351256452743,-0.07911323079049704
2018-05-25,0.0011198575167081781,0.03811730529674384,-0.01599101969957284,0.014142346007635531,-0.05187778661220044,-0.007802963169923904,-0.016281085590751143,0.005297771026720799,0.041173399175060466,0.0033341886725843928,-0.007139343266785447,-0.022377378808199122,0.043171639318810406,-0.03914439377283252,0.027369471219952146
2018-06-01,0.017093524565672036,-0.006106226866703257,-0.015117073481083154,-0.002276796631796252,-0.012824463219270776,-0.0057472327935577106,-0.008630030869275829,0.016821033518217066,-0.0025825543710731313,0.03837482415038873,-0.013440977575964963,-0.06720999511537673,0.017906838406939185,-0.013374407776127417,0.020966845157128544
2018-06-08,0.000265333563693293,0.032151126516905215,0.013046844497058618,0.008272384223440454,0.0028871356377631052,-0.0176450218897094,-0.007594008844619693,-0.0009797491801019076,0.01809891683328213,0.09063698001553089,0.06258360071646552,0.09847906908066673,-0.016028185362848113,0.07107815554632446,-0.005556743707571643
2018-06-15,0.01642195866323215,0.041749031347016574,0.010984802853408082,0.00042439963135998404,-0.04749581018493465,-0.03344707432353211,-0.012691365458112114,-0.014799743603608362,0.03699967936095172,0.08149555696643951,0.1391004116026351,0.014581802918378406,0.001854118978786401,-0.05745199791669664,-0.028911615093169196
2018-06-22,-0.013880650530938787,-0.026068380919139322,-0.032409059651627437,-0.022764306589326044,-0.035660358970123096,0.008010203824449835,0.0024573974477062333,0.013194862738520996,-0.028867940208523568,0.010415028247124036,-0.00578774634879653,-0.011420341020383362,-0.009781908891188684,-0.007332326990910243,0.004253267948487682
2018-06-29,0.01630859137672802,0.04756158395277743,0.012584545424875637,-0.05165312383760179,-0.007207975187325855,0.0149397876882289,0.0039600001159081355,-0.006174579659108059,0.04267170492415362,-0.02295401482361903,-0.04331716787228235,0.02545393388513073,0.01975698433204265,0.010501212666935711,-0.05929249650722601
2018-07-06,0.021035756254876192,-0.017556668564947975,0.0049713259181158875,-0.03135241797551591,-0.0186233436656027,-0.059505247182843335,0.02422993005489027,0.013552149777123379,0.01547376189770211,-0.010461034824271298,0.01521223721017595,-0.029309157438433542,-0.05157745520123025,-0.007724371574886146,-0.01138771561796903
2018-07-13,0.024698684542418192,0.025813212692058496,0.06868357262646341,0.009686404061370668,-0.008684525724563241,0.018647913006397676,-0.008252452237635488,0.020009216546515995,0.026180960922613128,0.0029565175389101306,0.022388211110585532,-0.0412097933622646,-0.009109645112595377,0.009214199604577589,0.005625620744502902
2018-07-20,-0.050592742133469204,0.023303303330929115,0.007655224017958151,0.02870285885624324,0.024983719955233186,0.017652808266990005,0.013313778801057774,0.020330968192923127,-0.018061499191164954,0.0006253736690300382,-0.10781130502622238,-0.046468692840226145,-0.03774897094597307,-0.09917652909763408,-0.09216843464902569
2018-07-27,-0.01665052961994662,0.018804132043247934,-0.030035325165211235,0.00042372607545893004,0.021209242948417417,-0.004497104208543989,0.10419722978107515,-0.0061892995965225905,0.00816203391966197,-0.005445419405586849,0.015254147155176367,0.004625950751333541,0.05587705052186265,0.09340214178169837,0.1179579011705294
2018-08-03,-0.0012204052602875493,-0.006807610308071421,0.012750465216800011,0.027360207827560323,0.03409775041095808,0.009680368858532296,0.004627186200909961,0.003933112571871122,0.001174582524312573,0.051700820508246315,0.094973957234461,0.03924616175748885,0.03359200647380156,0.007724496143765913,-0.00839913791268454
2018-08-10,-0.018327391555369,0.015651136359345452,0.003057520483317422,-0.025349164854326034,0.014688285395191514,0.019814695723751274,0.0027964002639024876,0.03691440062689555,-0.007657213773945348,-0.05436537944264841,-0.02926288926127729,-0.027408542434714356,-0.012550122519871976,0.04012978759414909,0.040497751438191454
2018-08-17,-0.017308607365774997,0.03240846643138595,0.004303251865288127,0.06463344536642546,-0.036632042324474035,-0.00971469452999274,0.02936347214141799,0.017494994557126775,0.04510734446951581,0.1254513796272394,0.06767379643633209,0.2598790999441256,0.0043267846594698955,0.005982339372664569,0.06919342838041875
2018-08-24,-0.006926603279531207,-0.03638976395966187,0.043206638045600654,0.04485965562874017,0.07175705288004441,0.03987328828069914,-0.010677254643329581,0.04503810045175283,0.02165185277347037,0.010103868094641033,0.035234600628099466,0.007147863564503476,-0.006596708470736901,-0.007842739475152127,0.013323785021749135
2018-08-31,0.02610606428321982,0.04556355812231705,0.031148502009091805,0.06575756033472069,0.030329054214810913,0.04382230236460738,0.03044455826001924,0.019321817597517388,-0.00541821286516353,0.036599198693234136,0.018202642308666084,-0.012524237574365715,0.040384913489629026,0.04325915982979578,0.03686334182456297
2018-09-07,-0.03286072688622921,0.017000678458715113,0.07784222546537256,0.008357364109631504,-0.04526546438622525,0.002901324463244981,-0.029388589059330616,-0.09805512607916167,-0.07535527130845976,0.01746186109998682,0.05638033001109899,-0.01986959561460877,0.014979645351134385,0.031057485830957132,-0.056385944169462965
2018-09-14,-0.004337521799400834,0.0012282854827778689,0.016938756594702786,-0.015216394552919232,0.0037815068610793645,0.031849174704118965,-0.010629740362720907,-0.01063514484229855,-0.01875082204245493,0.0015054716209399466,-0.019240204285163376,-0.032298020764333635,-0.015400343130947847,-0.006702794363796283,0.008375472028901765
2018-09-21,-0.04788033092050037,-0.038707999633298185,0.015142320908622331,-0.029455925434059727,0.053673620687668455,-0.038296728430507465,-0.010418397592816264,-0.056683416756525995,-0.05260692102538711,-0.04274396201287123,-0.009915323880973492,-0.06487865725263398,-0.034150224858723544,0.01650404060117694,-0.046356012727466145
2018-09-28,-0.03270627540472704,0.03509148189773725,-0.03341287486584599,0.010093871160081536,-0.017737993831479004,-0.008320968379442295,-0.020398215659884977,-0.005123266034742224,0.005655658582825351,-0.018349472930185295,-0.010014622102667015,-0.001915159154228907,-0.08623489253013639,-0.07022304189468631,-0.18541735938824067
2018-10-05,-0.07831114762990177,-0.007465120921470891,0.004012489621406656,-0.04158270518915308,-0.1701469863708014,-0.023673758319047944,-0.07136854198017473,-0.02894450222534961,-0.06453159518092644,-0.04059360910611853,-0.0537806745870647,0.014343921647710145,-0.11800316706935765,-0.022795802361458395,-0.08182092791221507
2018-10-12,0.10924718320024529,-0.06320750358083449,-0.02766695517431339,-0.028971445951953667,0.07038422012255108,0.007980117594097669,-0.004701733181068146,0.02982837368035418,0.05686807640351321,-0.012292147657801511,0.02336554001121982,0.07075272844016367,-0.028633619595023196,0.014965019537156898,0.05628157119993382
2018-10-19,0.027245905452983665,0.006997784981392696,0.021656733389242122,-0.00432405238541822,0.01937751640147911,-0.01674770353884969,0.051780554574630155,-0.009360942345742251,-0.03369534789001616,0.03276356660609059,0.04156297471284742,-0.009319668702565287,-0.009480954737974279,-0.03738088446397947,-0.02854440018768445
2018-10-26,-0.03365443394816814,-0.06298033711569295,-0.007890985960104402,-0.05428486062099702,-0.05391083803943775,-0.01331685625220591,-0.02953861541394831,-0.004121237208912665,-0.04367762263675978,-0.09164677324873127,-0.05790748078085828,-0.034419546520667144,0.03706910543764019,-0.00612672058514796,0.004570864738254965
2018-11-02,-0.021922938637549905,0.045217841722534846,-0.006862136211191916,0.0575540566247108,0.036561200060749366,-0.008160846449650871,0.008365892323424218,0.06899045635943679,0.05272075205848781,0.032126961253775566,0.007776974821287919,0.06552133311508102,0.013760742593245112,0.04079414891073285,0.10464718355603475
2018-11-09,0.002073745490362322,-0.0041525104239880095,0.020257463928211816,0.023592329787652577,-0.006037558281572819,-0.02246833894891198,-0.021182735406459763,-0.00035676202914591837,0.025968531639481762,0.0447666717313866,-0.00959452286485607,-0.004333463028751594,0.0006675966005229572,-0.003222649179189019,0.02589010743729303
2018-11-16,0.02910489150919382,-0.013116187151674286,0.0041557268412186765,0.02941191276281141,-0.00031935437356445107,-0.0025897152197826845,-0.002524756461597555,0.04510552215988506,0.03501296877476934,-0.13005253272338257,0.03210423526227646,0.07372912724531377,0.11009169570575428,0.0033204349531819055,-0.028391351797244946
2018-11-23,0.0017113636253125453,-0.04624715235472121,-0.05855289866476243,-0.051099074035792946,-0.02622333940608934,-0.05225588681100435,0.014283076646594894,-0.035930765414456944,0.010264501254274583,0.011928929587059711,0.053147917211899376,-0.01560610398224338,-0.014725674608448203,-0.060006994404061986,0.04545472094909697
2018-11-30,0.05411756309633464,0.07523180120552864,0.05714735502546486,0.021931068230549577,-0.07848947940766826,-0.03904112585844832,0.01889490679994421,0.04480174970354711,0.055053616906657776,-0.0634091217228564,0.0435081407317619,0.041630913235681355,-0.043770050874479605,-0.018808547324951297,0.005646527854843875
2018-12-07,0.03703559196312112,0.02299771646156068,0.026644080765090505,-0.0165733242898235,-0.006414846757385573,-0.017462377122462125,-0.04111261068926053,-0.03346547650879339,-0.05186536187968449,-0.1651440157931776,-0.010892064864650441,-0.04411774132959645,-0.030462513058218454,-0.03814899609277411,-0.03116222965022364
2018-12-14,-0.018520764288006086,0.03405116234000172,-0.000600029657568224,0.02585535777134984,0.05344340300783301,0.040986542793003844,0.006203158404106235,0.06085698427300268,0.04338923639440373,0.022857033019487494,-0.03745491391140643,0.03250605370594095,0.05033716142685618,0.008344727308352562,0.035931444989261374
2018-12-21,-0.02289099900717939,-0.0847674500666733,-0.03302306440548153,-0.023097481106166162,0.01123601910028782,0.04912881977356398,0.0036265057334758932,0.00223028141284054,-0.005086489026889018,0.011054193792481737,0.006308418661529869,0.003284445862051788,-0.03555223827595866,0.012949037212373726,0.04671341981632371
2018-12-28,0.01153033653956248,0.01663565461631955,0.024681746610745847,0.026230701603412454,0.013468074741219915,-0.004649668760255854,0.01987363009170262,0.02254248504540346,-0.006827346574584503,-0.0002349655903967074,0.005310591927722763,-0.008423917076123222,0.028093849321263686,-0.014129178418711197,-0.04890425879990712
2019-01-04,0.005316741773562006,0.00624109356177005,-0.016967288603324193,-0.04607850536254854,-0.03189381499030508,-0.0273604774339945,-0.004605870984436211,-0.036185921772688756,0.007810287701400798,0.020225578150036005,-0.008352915202955447,0.041188610173686246,0.01863844936216097,-0.049137297832030025,-0.01573501430272073
2019-01-11,-0.019832522819618115,0.033961052805898895,0.013099295632734487,0.026574786780662496,-0.0072064211076704465,0.015437299077729616,0.0512546878358604,0.038871635922287595,-0.008278162732876404,0.024435262881401743,-0.004557579704334791,-0.00023201238376946431,0.0392309404030895,-0.027581117862322313,0.03996594098802886
2019-01-18,0.013897997359811232,0.06942208973470998,0.053087864806458995,0.014230482743122552,0.014517709151639746,-0.02499990228240867,-0.013204670195413826,-0.00218243876497648,0.024056646973767526,-0.1207244154200906,0.003342141023002121,0.056935349823190595,-0.07147131062325873,-0.007486287071493569,-0.009881948213981029
2019-01-25,0.020923930961658455,0.004671800720134289,0.02108915964055047,0.028061863061448866,-0.03236805866775294,-0.04158015844130214,-0.04203133092247435,0.010419500492468314,0.01113091950181544,0.08099778489743259,0.029112626586020873,-0.054160847351879315,-0.011730777347306764,-0.0377137714772956,-0.1239256484006156
2019-02-01,-0.00825324890183099,0.03655780062218006,0.054177701885444574,0.02407217880363577,-0.0014083056518412462,0.013376665286029432,0.005909787135543576,0.016800576752308727,0.013830631299498908,0.0020123231497632954,0.04447324466201752,0.037878067611904376,0.014146315492386874,0.0481343309470863,0.048734042683099776
2019-02-08,0.03480119516859559,0.005085741290645984,0.0030952889091142577,0.0789579829820013,0.016572530562154464,-0.03271072481902726,-0.01904941382601033,-0.02715753175654445,-0.04337121260957877,0.018428925484004655,-0.00772050458424034,-0.06218090400480181,0.0044895347303886,-0.012534242446702759,-0.005733248668226776
2019-02-15,-0.012120822461081482,-0.024904861655817068,0.009122509251409783,-0.007323850635149509,-0.06347555985803477,0.03180604087615291,0.016696873804284307,-0.06290763762191065,-0.08091630214016776,-0.01890739013708531,-0.07450269434697132,-0.0914653888974778,-0.027613913236600895,-0.0026668088639705267,-0.04036405918889585
2019-02-22,-0.03564059758432825,-0.009434570579093027,0.007045915489298338,0.03295157902405266,0.10074063786247889,0.02532127415908203,-0.02070674850856924,0.014237509275294657,0.05403445718601674,0.01797103381693388,0.029707373655265767,0.002974995996918972,0.030367796997676555,0.07443840492813125,0.07052479212943141
2019-03-01,-0.009653402733590388,0.009456393496611648,-0.008052892054936533,0.0070217517088613235,0.04026607418188988,0.023621730993568013,0.014217847901991654,-0.021866243206908664,0.02139208496473488,0.039140641712375634,0.002462498436813343,0.004929290607663672,-0.019754562755663785,0.010551607532256035,-0.011816840993361222
2019-03-08,0.010563246191719555,-0.03983028400539956,-0.08544058153058642,-0.024585153738917565,0.008719015724953483,0.06433580610094647,0.04960479785067595,-0.03412328154971678,-0.0019660328796320403,0.016988970981273166,-0.011696892384363,0.017406839152181774,0.003412832189523707,0.0004926151344837315,0.04843051133554632
2019-03-15,0.06961814351038842,0.008703700003546366,0.02231274355947588,-0.014851827756173663,0.03723427995106254,0.03843608607020155,-0.004109790890603815,0.019291448181827597,-0.0015140733486241897,0.020661589611671305,0.016768149917444353,-0.04074578953469099,0.09394242872876979,0.01496486407863551,0.12603358246079965
2019-03-22,0.008376351981546515,0.034165934393814545,-0.011007881120702945,-0.013198918796464176,-0.023397609425316768,0.022334877133788122,0.025447228248122622,0.03019967354675246,0.010451657700214279,0.019166591302034908,0.03475132631245059,0.023528832156758606,-0.018211563571368106,0.005723168807201251,-0.00658397153589807
2019-03-29,0.0033677374362350854,-0.007132017281144876,-0.02226061300829596,-0.021616644607086566,0.029792353866898935,0.008169383240169026,0.006036109028199288,0.04456788297236591,-0.0006617404965434392,0.004648902329552618,-0.012394164741681202,0.028115647247469955,-0.004825726333191338,-0.0233410045603053,-0.010705853079294503
2019-04-05,-0.003580135015624153,0.02914054134092292,0.028852007383339373,0.007192069254058575,0.004169394325562736,-0.006998335881409856,-0.018166515525999127,-0.00834005622665579,-0.03310144445734875,-0.025870350363886407,0.013672234707228004,0.05245378110854482,0.0809214322786842,0.08492987035555788,0.03890737572531755
2019-04-12,0.005614002577955635,-0.015211422699656585,0.08126658654246999,0.010421004023957181,0.0067073455976292,0.008531098218804267,0.03802400868338296,-0.0006328970725536509,-0.0032562485627335436,0.004102279860611402,0.01913339606577935,0.015502227879182984,-0.0412170015516371,-0.028490758685725925,-0.09796617958348053
2019-04-19,0.019501763721856635,-0.04105651545669886,0.004939973093084138,0.01909994392459624,0.019035622234482963,-0.004413117344783557,-0.0044153468862137,-0.0017633805958926496,0.0045067863033096955,-0.003978008096390595,-0.002832134299155853,0.00577392189720638,0.01462210242143569,0.01770816781701723,0.006873819656666003
2019-04-26,0.007009412598127929,0.029216946103104657,0.03511230550250799,0.028612506631642942,0.048567637203503544,-0.009235394380460171,0.0004926256159261122,0.0015337368637595716,-0.010024211350718182,0.0019430839798961763,0.03327836696019193,-0.02548000503812531,0.021622140526357914,0.003958763566225487,-0.04806123977102417
2019-05-03,0.02794971614256747,-0.019512072473210074,-0.013229256401431466,-0.007105846269121141,0.010985724071305825,0.010067036590513778,-0.0009848381915102955,-0.04207377468699025,-0.09150174483540585,-0.023378527021361895,0.005255489604647501,-0.032198139859427544,0.018436038305400304,0.004676720872875961,0.020940968833715212
2019-05-10,-0.013859342261012486,-0.009328411046577112,-0.0018908129212753533,-0.011010620923119552,-0.0232010224142859,-0.06238463817101647,-0.02136419868796413,-0.022131049397264957,-0.0028187237380233876,-0.034197504694566616,-0.01067943950049488,-0.010631177750192511,-0.022175114587127953,-0.11135439874136666,-0.06434414224288276
2019-05-17,0.04423691540604335,0.009834564871650242,-0.013604188996716338,-0.029131769791871376,0.006314168275227683,-0.011810968492178664,0.012258783281494656,0.02292011241633407,0.03373539832059391,-0.06544835512517366,-0.04568205011538673,-0.0382199921576295,0.013421637940140396,-0.035641034443333774,-0.01231222204207394
2019-05-24,0.035411013536377434,-0.020306264730452384,-0.012220746051373355,-0.062432412539119575,0.04212688888456673,0.02908361287935346,-0.017144246399124152,0.018575267842743992,0.025834497024506353,0.01625530707573053,-0.02954457612470829,0.025674660190089238,0.07535397777607833,0.03131323416539411,0.16539976352201857
2019-05-31,0.0069128515626983855,0.04025633592160971,0.012371940393079983,0.03329505127944343,-0.014048105356978646,0.03174590404254096,-0.040970943199975296,0.07861583513986581,0.024867997584639756,-0.014191230575292701,0.005424388513577627,0.05835124282283899,-0.012457517358014147,0.008571894978134376,-0.0023478984943418046
2019-06-07,-0.006799711489480442,0.0018296966000612702,0.03020270598628616,-0.012625689192948042,-0.025879720748053336,0.014258976923241962,-0.011846926014085768,0.0005000538645105745,-0.007751730411383551,-0.02586315664444938,-0.03645911240208155,0.1286727142725237,0.023795849107070666,-0.012697130302102289,-0.006014657590476813
2019-06-14,-0.025102595934398342,0.01597874031721358,0.012709404015525338,-0.013986087843055217,0.010746361670400217,-0.017757994268781885,0.010172449480449597,-0.0012908202832533355,0.022350387019521856,-0.016781658105797237,-0.006025449087813328,-0.01973958538707754,-0.010641306410239748,0.04086284304940002,-0.06419365570798641
2019-06-21,0.010822139136817066,0.013167741682582168,-0.04333981632061101,0.0002702980678332967,0.00974611337757647,0.013559243711456226,-0.01366667814903677,0.009739696028884914,-0.04635485578507115,-0.024837630764227403,-0.005301925984286471,-0.016306882720568905,-0.026889404417191454,-0.0082702967443119,-0.0016868424906687496
2019-06-28,-0.008524528584683555,-0.024260572316503026,-0.018716042320308657,-0.04571534344912476,-0.018719149140433045,0.050539007152233806,-0.001458427707724863,0.02686855193580584,-0.029362811441918435,0.04741379977914639,-0.00043105039120128197,0.008121747197966656,0.008289774164936592,0.013563671013960388,0.061954479412464236
2019-07-05,0.027147555205203178,-0.019125345150446726,-0.030837920463639867,-0.036088462707290825,-0.03725761857070953,-0.03431220063100593,0.020448988506919896,0.0037185439026525824,0.029576753309447312,-0.06409765421492608,0.019800323238178485,-0.038662350191033035,0.0523583474287892,-0.026854462805970147,-0.008485778425393553
2019-07-12,-0.021585804671819475,0.012186576323863552,-0.0474524949466657,-0.022463582008844796,-0.07306513833845119,-0.06373606233382367,-0.015745184735151962,-0.023814376839126017,-0.015664434721794906,0.08647575582188383,0.010630715283028724,0.04331702379072677,-0.023848693757045458,-0.011393194656204586,-0.004279376490935793
2019-07-19,0.010278592968484102,0.08070166746628349,0.022205164340429517,0.01389289319353404,-0.038743952764825895,0.016431815509619918,-0.02454094116490746,-0.010717579485718831,-0.01131061930592503,0.033480455159107914,0.0017442737341453185,0.0074818270447978286,-0.04535259951258397,-0.03140197149021462,-0.032769198364197116
2019-07-26,0.008639631321116115,0.0020373666287840653,-0.004155866555298204,-0.026092623124906233,-0.013898816722575646,-0.008468033519568707,0.007826967587950096,0.006598872270839884,-0.029354476959225884,0.04414370991238381,0.03513012311752561,-0.007572031201411256,-0.014855001695502912,-0.027398971174907527,0.01376021109227965
2019-08-02,-0.0028111136503532475,-0.014485695395637932,0.0001897116472238114,-0.011421778801535942,-0.053206440608342565,-0.044254622611784256,-0.021819273051748245,-0.018217775282964532,-0.022119441486484814,-0.04386846550096846,-0.06497359311356221,-0.0387732317173054,0.025828492684924154,-0.08170568614469265,-0.048199530600544604
2019-08-09,0.01625113620814367,0.018373292505689198,-0.0005688994775726597,0.04275709067115763,-0.025306911226580242,0.0064987887967902225,-0.03894142446269844,0.06931695674478777,-0.0024089955251108686,0.003209057271305271,0.017495653279300694,0.037093433287771704,0.08033786572974422,-0.11427534011263862,0.022409871532033554
2019-08-16,-0.021637055170102726,-0.019371061271655665,-0.054269442742948315,-0.0065575150268302185,-0.023291377649726108,-0.02965408765473787,-0.004720805752822632,0.0009255662378044871,-0.03427153505063851,-0.01729848483523999,-0.031436403339574426,0.08227863672273816,-0.02586567380886373,0.0019319726166442397,0.011386098465771877
2019-08-23,-0.01918022189502555,0.035698076361879716,0.008828244013233899,0.037708470030067165,-0.03822355900216656,0.005942389535650516,-0.06679848548447498,0.03617412038093448,-0.013123004238949743,0.03829166951930074,0.019538274079560436,-0.020229986919857557,-0.014244071474912134,-0.049029150874040694,-0.14382197695317633
2019-08-30,-0.026356794225889102,0.015831735891389975,0.01193307448807368,0.014330886929835973,-0.008589196320853754,0.02658229197051698,0.04044894612562633,0.03509629002233128,0.09527098365423181,0.052828536396237746,0.006394496116981951,0.04670861872044818,-0.026936242547907163,-0.0010136965277769416,0.10552246710721436
2019-09-06,0.0070557422077432985,0.030985321873759908,-0.00943388434584802,0.040510115797989465,0.055693224576008005,0.04397854931800382,-0.007123873831248351,-0.020290793880802793,-0.012455408422345049,-0.05617244352955686,0.07133903926253393,-0.005271424388743062,0.0070647214804167024,0.03044357062718439,-0.08266419216493259
2019-09-13,0.02962108634287497,-0.01291454579469753,-0.02638890232233304,-0.016972475604576265,0.0070341052490650036,-0.02322831929621838,-0.01640014800921341,0.00597330719476119,0.0024738502563039777,-0.005292790096743771,-0.003065556745918574,-0.02411871696214951,-0.01775245856921992,0.03362412038836049,0.07649934348329346
2019-09-20,0.03678607043067861,-0.029301870592332135,0.0024454656836296884,-0.012191965299756746,0.03686471373140754,-0.033857333919612986,-0.007711455842223436,0.06384126639003274,0.07193596846205352,-0.021638876674159424,0.038897242381989994,0.007680850681328399,0.03891584487299693,0.0032666030851797867,0.013550089848353375
2019-09-27,0.06800534743516717,-0.028322770612276393,-0.038015780408643285,0.004922943343156128,-0.015718657380311862,-0.02336257681559928,0.06259160316869883,0.017889599241353693,0.051656789928692604,-0.029006363733443008,-0.03770547651511513,-0.04682328570220684,-0.020482773439778224,-0.024148769107704138,-0.05912066267006599
2019-10-04,-0.0488896381009839,0.014382569452012106,0.0046491579808591865,0.005466329126221581,-0.01482887655745213,0.0029903163262072763,0.016999550637059713,-0.021825295611007434,-0.05636635912768617,-0.03895960433564993,-0.041416289838517195,-7.14968685524564e-05,-0.02749932355486595,-0.07382168375897025,-0.0694661897288874
2019-10-11,0.015737441375279104,0.026907649007085643,0.0073621952110372035,0.0187811005362577,-0.0042455830199186195,-0.005962885372448712,-0.05170074401929392,0.04399981022015442,0.08322941979824794,0.0006476215082902304,0.012874123210956823,0.034024740927299124,0.12783516188233746,0.017712376035410538,-0.011876650594035532
2019-10-18,0.01732021645098647,-0.057621367331132545,0.03946542923590246,0.017673065414052447,0.11240314663296913,0.03727535872518595,0.010453104623069809,0.05722821342687312,0.055289582501181656,0.03973602275848154,0.027702131813708064,0.04126096563851123,0.001567033154811437,0.06076683544385242,0.15968416756665205
2019-10-25,-0.01649908290915547,-0.1593749925235478,0.016472477143527176,-0.01804709959369677,-0.02752610555055024,-0.021065640567709987,0.004868184090407901,-0.002163657481705883,0.004535231458508537,0.03946210620346369,0.025726266197289016,0.007626664223427282,-0.021773062444929714,0.007369331298504145,0.0719570953666655
2019-11-01,-0.005476399404591326,0.07914331478844128,0.022134469286121616,0.0547887949760506,0.03296287043195423,0.02531645674190064,0.054904999688050626,0.0105685877231676,0.0004438903468391153,0.04802403121913956,-0.013720967918637084,-0.03906257154856274,-0.005597961833143761,0.10282960735469149,0.022928285302615592
2019-11-08,0.012880462861547537,0.029437430559159816,-0.008507405921760358,0.014333648880432648,-0.04058252143348429,-0.0337448116699437,-0.003061496819641296,-0.03265408181086926,-0.03382235655422272,-0.0353103206884573,0.02376086883324202,-0.028356306665003328,-0.010454182999025785,-0.0038799956192099305,0.09694839208812178
2019-11-15,0.014060452338902296,-0.006001534277660814,-0.015015573942611882,-0.02515059794104868,-0.01988436884234268,-0.00042609310809837986,-0.03781186655543234,-0.012144843672125871,0.011890421057863643,-0.01670222726599291,-0.03235196386914774,-0.015050042448635614,0.06474309839287451,-0.008669321624067194,0.042589880771453315
2019-11-22,-0.03306112032906949,-0.01520107738603782,-0.0374183865165324,0.0029920885009435683,-0.012541343310345288,0.0038347208534439403,-0.011969082560685074,-0.008677521725601878,-0.05410653320260961,0.08926641007007463,0.051432122168824757,0.03889786982923016,0.07022017894083032,0.013941809256158955,0.025974187618921007
2019-11-29,0.02937965086750971,0.00454412883312405,-0.022213035015083205,0.00961290288708394,-0.01568929918588824,-0.0123090099067249,-0.005047387209038634,0.019930600660746034,0.01159572759861116,-0.004976769742316978,0.01483680843765156,-0.007164591144499632,0.05182456570977978,0.06874984340738122,0.011277131410956542
2019-12-06,0.03659003035873143,0.026926134772611965,0.013882930007734329,-0.005187416575645698,-0.039468751988358974,-0.031800469516353735,-0.012378276567936886,-0.01990093062135312,0.0038918976676416417,-0.04723782867234905,-0.00791068158751318,0.01651414914775473,0.005424349280105822,-0.05672516047947673,-0.0059171031504478
2019-12-13,0.01101949815780956,-0.005314026869400412,0.011825872931466197,0.005742530596319684,-0.0003950217716487403,0.026630985465080803,-0.007191204309362709,0.013467264707455184,-0.004951860730998625,0.02484815537894547,-0.023972584602307223,-0.07645047437721908,-0.03832746713639845,0.062368335757065685,0.048305854331206044
2019-12-20,-2.946933525249662e-05,0.028469117332589056,0.032601977643798685,0.02822075022694781,-0.010671963556838526,-0.008214381092127354,-0.0018625608782214531,0.038922149094228864,0.02221389651724781,-0.020375538089803413,0.014832535398366709,0.0193644286149266,0.06077596763213444,0.0760970771433025,0.0069884559893733655
2019-12-27,-0.004194471426053226,0.007381464410878058,-0.016878567785070797,-0.004021216527183791,0.025968741513364257,0.01874459486666713,-0.017623945674212882,-0.013063426345920615,-0.02567037586250931,-0.009993141797481786,0.011961568722070215,0.02820462191520101,0.0028646724707142024,0.018438251448396947,0.01019301275981599
2020-01-03,-0.01690810940361398,0.012280504119957403,0.014340724516429981,-0.006536701368425768,0.00038950768658962964,0.021395050592305065,0.00675391629839206,-0.004811057708616229,-0.001085043243735928,0.04366216268535372,-0.004727918218936145,0.04795154085835862,0.0,0.0302448529801973,-0.018462879121384224
2020-01-10,0.01665575382481288,-0.01052275442408901,0.002588487866400202,0.00148354612479773,-0.0334760174065466,0.007959805381958729,-0.0020965017092566818,0.006321223485819427,-0.016141013372477864,-0.0022491937040242105,0.017025421504630156,-0.0001346784570647186,0.0041749895706948426,0.005168507919235843,0.06824144958077838
2020-01-17,0.007953923330855428,0.04023579053337967,-0.002581804895754214,0.0028343542259239296,0.01006847022132984,0.007481125689909662,0.008193453033110476,0.05131475183156531,0.04505395412700475,0.024797125094167427,0.03455514383395242,0.0893061854333197,0.09420130799585058,0.018613712969659746,0.06981989020835089
2020-01-24,-0.03247756155978854,0.019404672976336412,-0.009957782349989897,0.011368651333077295,-0.056220114163599844,-0.05321778509588304,-0.007501743105103209,0.020470328849015784,0.021779700638597577,-0.0149581929176128,-0.0009723242870733895,0.030952614509268894,0.04839517244246072,-0.02392731567277584,0.006124366484596022
2020-01-31,0.029702836174384517,-0.008687385671251047,-0.043618923526884124,0.011812507116695237,-0.07942552484442789,-0.016557784312700052,-0.012596955798946818,-0.02513720688982135,0.0025684124602030067,-0.03014764189009511,0.027413192941062814,-0.0050937360752761895,-0.05302821723705331,-0.09246997171307103,-0.009130784187414864
2020-02-07,-0.022875912762401418,0.0017398909753116865,0.030194381153970884,0.034961071574320934,0.0027537380784341536,0.024368641995077933,-0.09249425044745185,0.06304593814585213,0.01584023969462156,-0.008058728176554064,0.016760282298058593,0.0017769725135743375,0.0866150797229579,0.07362657910695791,-0.09464380699418373
2020-02-14,0.016877994436832022,0.011771572783251472,-0.004304215335120709,0.011765414442112432,-0.05446239758529192,-0.025086528631848237,-0.02671029221316268,0.0017544506947990701,-0.047594796921751614,-0.028435569666234173,0.04345215612450559,0.024802336967028493,0.047363000642280495,-0.077388510028086,-0.0357645144625196
2020-02-21,0.0029745601872248617,0.013414760628923217,0.011527455583348223,-0.005454572900761345,-0.004840295818275053,-0.01197865011153898,-0.0012037485326206188,0.011191294112341543,-0.012029186785739276,-0.02550836354015329,-0.014829193273545482,0.05650082138204304,-0.03433628298330793,0.020711226083315104,-0.0269673307344096
2020-02-28,-0.038909839858683126,-0.08193243261945882,-0.09869761334046889,-0.10270025117549986,-0.10554475785954331,-0.04310739458521007,-0.04772240575042741,-0.0459897529332457,-0.029155759307907925,-0.07914551959731386,-0.10082022275506741,-0.03429558116922604,-0.04050591616443466,-0.1393304697900084,-0.08359832489811247
2020-03-06,0.006603470907301512,0.009908501132169123,0.009482922400899874,0.008169938986370084,-0.03752026279748211,-0.013139257367174362,-0.07997969118396908,0.04122272067427768,0.03743842014345522,0.07508712744305357,0.08330772593678404,-0.027019146960062912,-0.008309367171682513,-0.07924035928134976,-0.0359444649498879
2020-03-13,-0.09870933159879058,-0.1307259139783573,-0.11697599400754499,-0.11405985628868387,-0.2553671234442253,-0.06752272556521699,-0.1072903970581478,-0.08749600165909177,-0.10313499380142,-0.0416561852067483,-0.0901464700589063,-0.10376565123553716,-0.05258591965565962,-0.07055477730862958,-0.1424531642176774
2020-03-20,-0.14128780316875866,-0.08897006556545861,-0.09219864411638357,-0.12135080119252795,0.0978753374606367,-0.1713410717255952,0.08166401838523729,-0.05645079109164375,-0.10703429273754606,-0.04932330348926495,0.004211441935189297,-0.09956087542422987,-0.05936772713679628,-0.08861336920370788,-0.16161899917316302
2020-03-27,0.10832963140597829,0.11534497379646425,0.02399554697537387,-0.12535787894907224,-0.04305878652482076,0.027987526560637743,-0.07008527962372502,0.06808514073306227,0.02490046321782957,-0.07392201837718648,0.006644059989528106,-0.14376900003029902,-0.029612121517868628,-0.06884983906074305,-0.007510932707681217
2020-04-03,-0.1845828373242795,-0.10265047555461915,-0.019073811618328884,0.033326816031446604,0.08378613495097675,-0.04156610118716586,0.09007373099709493,-0.0002614791292310237,0.013443026384066137,0.1114559936497641,0.07896451837381013,0.019323069324248765,-0.05568534103924039,-0.08476091357102411,-0.04792780384423201
2020-04-10,0.11574693144665282,0.08630700947128744,0.09277806166533886,0.04674600571194354,0.10665689629197583,0.09490872538373485,0.04131533978308455,0.11486871574520396,0.09302637886777143,0.20880435801808184,0.1508675541938198,0.07591109229952053,0.15273022129741198,0.12256145196363333,0.1286903034756235
2020-04-17,-0.06807287569048004,-0.011788122434147508,-0.049313802517877425,-0.06492430405621075,-0.012936535194946974,0.09644102207393246,0.01538454924741628,0.028777239151785317,0.010868370960084084,0.005831296270029318,0.08504647677165456,0.0736414049563634,0.028135789849477177,0.029840305820030943,-0.08182430990512468
2020-04-24,0.04493155644323443,0.046521081401504905,-0.04946509437999491,-0.012552691091044177,-0.11402354300702999,-0.021989712681987905,-0.04279639542572922,0.004718701452149476,0.08121035572165614,0.06224000945055086,0.018640875363182374,-0.010625202046793847,-0.016319915588196454,-0.0879495287897002,-0.0635499451552427
2020-05-01,0.09491335569485826,0.08738606960927275,0.0742615210310662,0.08501331059704786,0.1819525193342506,0.017666014668908048,0.011108074065940832,0.02979416736270868,0.04528704513534798,-0.043455807040861494,-0.016613399233073256,0.025634558444634914,0.040566434118951555,0.11493175592892313,0.14547577055945626
2020-05-08,-0.10296920193049863,-0.05772188832391345,-0.036396950227217895,-0.01839808860463743,-0.04881092781966112,-0.08469209925496957,-0.13073342458267745,-0.006789476297095032,-0.05404730029531868,0.009796614874149734,0.012117985154943556,-0.05705169453500181,0.030624246515586373,-0.08514901935806296,-0.11372141545222125
2020-05-15,-0.032157420144474314,-0.03248273021943049,-0.0010870353451630788,-0.0478367742082606,0.0019736376309511527,0.04425260752111071,0.04044240906449237,-0.07634396600368587,0.04374466150023304,-0.04349687768634214,-0.06247484613862864,0.030803110606728357,0.04537284908597683,0.0020152189580540103,0.06646170065960955
2020-05-22,-0.01536116889398309,0.06139791794720617,0.028291671281749364,0.03741087265944376,0.0,0.0011006382074041365,0.13179486488998493,-0.013904907611634099,0.013261334441008632,0.04636651696673644,0.04223444073953164,-0.05555966296621495,0.0705651075376843,0.0036570202640286986,-0.026296810140442717
2020-05-29,0.054990647660043246,0.01163572910506594,0.12592602631778504,0.001510161450457126,0.09258034124837211,0.07586578227536589,0.0590287001826304,0.08175356879188689,0.06685930318561684,0.01033230432736243,0.045827668237571784,0.06011728074385658,-0.0684423712886082,0.0756057877831986,0.11468724338956027
2020-06-05,0.09297361190409337,0.018162017467315827,0.02796048710821042,0.09312877560236577,0.045072459363250106,0.0010221990780920898,0.013427760309477899,-0.025309478996611734,0.02599977050654534,0.04217189745450356,-0.011384833832569163,0.001547605926561113,0.057455517948253654,0.14820455621204598,0.043478307295139684
2020-06-12,-0.043354533712136045,-0.0163455097167281,-0.049600017878348446,-0.04337349608631946,-0.03507781218998607,-0.010719746612072645,-0.030500072696090896,-0.03155345321176195,-0.02903334139958147,-0.028629238344501373,-0.004211237532150247,0.03278010138884979,-0.04149907663901686,-0.06298857931990609,-0.02003799706395626
2020-06-19,0.017737088074623042,0.019507064393764928,0.06806173229421875,-0.02857390755150857,0.022050086594017637,-0.0402477610043358,-0.050799344056228324,-0.024335878949366396,0.02153882976265753,0.016663199551409047,-0.0005863574018668549,-0.02343970123251571,0.022139070062787036,0.009288255187979821,0.05030827495093204
2020-06-26,0.028867411957787414,0.06044960179014325,0.015311692950048084,0.04082760944596564,-0.01865871898685878,0.04301087191078046,0.060581473905641836,0.0362010805897397,0.005190861947748759,-0.016697347063684642,-0.0017475229821249938,0.012730824395362106,-0.02113543087020575,0.010294801670842846,-0.04573558895772978
2020-07-03,0.01022315424115372,0.01937979303724502,-0.002883201810982783,0.011322077078639525,-0.020796479020887437,-0.025773289443505543,0.0632682474852242,0.0010853975724354203,0.023709836621280456,-0.0064589050953276494,-0.019294373241570684,-0.006015106779290069,0.037562493207573544,0.01868162419168229,-0.020401484767258116
2020-07-10,-0.003287141994829046,0.025108076461456408,-0.012010691826662923,0.0031735543291935286,-0.046723252601153065,-0.04338618271118244,-0.01349710174911345,0.00823562906225428,0.05321673371714075,0.03575522223520555,-0.004080029483056635,0.016415312198041487,-0.01160916697763803,0.026674595128426404,-0.023140557043996868
2020-07-17,-0.016229766113142863,0.15514480222442306,0.17672246268330438,0.05395441059301653,0.022915272713578405,-0.023229855064135774,-0.0015436151163272793,0.02357544117092991,0.015657561316797075,0.01963960433059997,0.061410411342955884,0.06898635515676466,-0.013833178140109093,0.03616783573335103,-0.04737723703371033
2020-07-24,0.01698743116254442,0.02181245494895423,0.035201630788081806,0.09708725278583619,0.008089791653209888,0.012457423969623349,0.028600712777886006,0.0012712191135497708,0.008837476289038193,-0.035742681595299586,-0.012819429670995253,0.008571257224985196,-0.012880510365268716,-0.013819727526689696,-0.013143961961758599
2020-07-31,0.011666595417042291,0.046757421130055876,0.03844022056504359,0.044514542803554935,-0.03333345986765468,-0.026845597417996525,-0.0273046227310334,-0.04229414849211077,0.0013486867646563816,0.09493432986650263,0.11192965562750068,0.10750303623204105,-0.00822219040298755,0.058364799215808505,0.016198681716767638
2020-08-07,-0.017023751458196124,-0.015631390019004265,-0.01263564926021954,-0.028166777080253946,0.0044701301627589896,-0.013793026334621428,0.009786336716951727,0.01612382913360011,0.02908260974330057,-0.010814399523376705,0.011601249289817872,0.04096515414780222,0.014353115277502715,0.13164901542078145,0.0049593222973711715
2020-08-14,-0.026108034262378954,0.002839296324929075,-0.0032444365288620824,0.0504942109062152,-0.01970761478336347,0.062032058035347726,0.0017851295891533336,-0.025845066374510894,-0.03391528748007844,0.010267142389251971,-0.011829088423315981,-0.020565675777925896,-0.057417987227453615,0.03576283561412463,0.0042297083884945685
2020-08-21,0.024437116561356165,-0.005033438509772448,-0.011392247865629979,0.052737245440856784,0.051232375239454786,0.19852917548785243,0.002036809877217216,0.012672269611706755,0.02141330393769092,0.003790183799394775,-0.00656064090893882,-0.017483162810859598,-0.015796534632891657,0.024731196972080927,0.13513528468505087
2020-08-28,0.09534123709591724,-0.014281326966726238,-0.004755876325534314,0.026958838702688892,-0.008636983113382346,-0.0415288451046717,-0.006351521886184597,-0.027816619117497776,-0.001631437048135731,0.04395633179580005,-0.025714164506531745,-0.009269833534512939,0.006150909875874078,-0.01084306207592134,0.07019176235916214
2020-09-04,-0.05933491206843067,-0.01721451921069672,0.014519503679107704,-0.00551596734980786,-0.030491520177898468,-0.06745451436452077,-0.045257102618511014,0.008157684756368688,-0.023195501038672184,-0.07791292302342057,-0.011841858170982822,-0.007250533821000271,-0.000573147574608468,-0.006836289200556567,-0.10517194740487001
2020-09-11,-0.0360130995551734,0.028885276445397068,0.06268093368621352,0.022654425954293123,-0.05905012289065381,-0.048574380900342495,-0.01472944673584009,0.005713803755261759,0.01791758540602273,-0.013464620827122076,0.01829960835676636,-0.023092259902191214,-0.06021211356233802,-0.032755738590448114,-0.003551851515964599
2020-09-18,-0.0400271317194445,0.05969137067489205,0.07909993056682896,0.05162377008791008,0.013642846500890204,0.00499451989596178,-0.02636596480265707,-0.014596920626140264,0.006693679590376256,0.03520902256179248,0.21168444395196095,0.13626492553993397,0.005898563600964524,-0.029447889664277582,0.05043944697570568
2020-09-25,-0.018831688363696197,0.009279841413414092,-0.008214864026808932,-0.040141752918633644,-0.07267845592975386,-0.06350102157927273,-0.046622121077307455,-0.02177232496485415,-0.029256130901721855,-0.06439270178745005,-0.04146550396367377,0.10894485768359607,-0.11101013462221976,-0.10973454251969172,-0.061395468025900235
2020-10-02,0.041498863968973954,0.00612993803808437,-0.0027078118959824593,0.06493182015898147,0.003628386777089654,0.0011793236311326005,0.0005858741804536383,0.016757039054083434,0.033148816593083774,0.0352291918053349,-2.938438595545545e-05,0.03062636868244506,-0.016604043145938996,0.03649540015152675,0.0300629325975037
2020-10-09,0.011340644503420538,0.08760383139336514,0.19469721027456144,0.03848015826353346,0.016630606227827638,-0.02355702194335063,-0.017559416791141036,0.002099847443557845,-0.01667280974532348,0.011836656254802014,0.008010518183455773,0.08965227873298276,-0.01653758390081783,0.012467421516549004,0.007055635978333585
2020-10-16,0.012652607490296175,0.01870245114870195,-0.0918448178337804,-0.03676178580913214,-0.04338556836334306,-0.031363344573422824,-0.01280884263301063,-0.037660311629080234,0.0005607434356431629,-0.05069208830673644,-0.014059743577947925,-0.02922589265392772,-0.05538565357986269,0.06589970475479179,0.03535047374154554
2020-10-23,0.03479135454006532,0.006260535929408562,0.008096503850987924,0.03099372217043661,0.026022268201433718,0.07409730485701616,0.03047647535371012,0.028204233596894612,-0.07404195963187499,-0.004929277337918481,-0.012262440593774016,-0.0613196556755663,0.08153868683009513,0.07515574602440434,0.05382960461375519
2020-10-30,0.11883138387151626,-0.05514490171883979,-0.0049648490253659805,-0.004054104673631542,-0.059420245649299264,0.015652282569376785,-0.03221039685273164,0.09029454584776797,0.0010087375349414618,-0.03869955788743085,-0.025825777237861947,0.02142157795490718,-0.0014964364258475138,-0.030464159824536097,-0.07589029339792308
2020-11-06,0.11028171060795344,0.04917025084818216,0.014822331333684602,0.046538892124043496,0.04776567207094162,-0.0034248844339859197,0.05264715682159449,-0.009028922517938298,0.011603077006222318,0.09318294421525297,0.0029251971410952926,-0.015829524495052705,0.03723349822937383,0.03885047417719867,0.06064424750847697
2020-11-13,0.026338030333297402,0.01028986654899633,-0.0046275694636584985,-0.014451193857157874,0.061029405745652854,0.04753741554841073,0.07559653690188628,-0.010642889508991615,0.0002560248502541107,-0.0013748884618789425,-0.009392369471421969,0.0862458258000871,0.057457239759411305,0.14079708113285094,0.0997618526784545
2020-11-20,0.07151369091992277,-0.018546433249297944,0.0062470355817751955,-0.0015496905555059115,-0.00692989297219182,0.003827120565959019,0.02458584264990815,0.03772503988805043,0.010712949620854895,-0.010227099728731925,-0.03828581007413623,0.03698485894155201,0.01671049722006268,0.09526257689879514,-0.014622145324940994
2020-11-27,0.009368131633793242,-0.0030362594670050314,0.012128562882583127,0.04692257185057236,0.09560346626297966,0.03159045582581155,0.010172198179990044,0.02454420729498663,0.0241687067063332,0.01669137943377552,0.03382605896749613,-0.0007234916200911101,-0.042278368799049115,0.08341150280667509,0.028854015749028683
2020-12-04,-0.03190723998852951,0.03150011169110645,0.029386401212632807,0.05274550409776535,0.14458626182429613,0.04065465679916658,0.023495770204311484,-0.0033678951119687772,0.0028175485930108657,0.11218619442436384,0.016484079014793318,0.036947673247455404,0.06583926286281194,0.07854850497532118,0.12873917910042643
2020-12-11,0.040162520977300664,0.025161849188469088,-0.020232729848287945,-0.004008072559279374,0.07735087949924568,0.0390665204713363,0.091322021165269,0.032105524810901676,0.023175799316989876,-0.001669584745358943,0.022083853614506932,-0.030702670640287644,0.02156945865537896,-0.0016058816040165347,0.03549468962264668
2020-12-18,0.015075004164144978,0.022868070575509103,0.028429927228267315,0.015662260799538252,0.022727469387151533,0.013183685190728545,-0.008321820115731349,-0.002084067592318828,-0.003281645672899791,0.012146052652759254,0.0422170190336808,0.011801412337492101,0.012391053668702412,0.015361197091654955,0.05758675465804197
2020-12-25,0.005771176228627883,0.03887217909930962,0.05129982458276472,0.014403575271020763,-0.059091009860407384,-0.036626568097118506,-0.027505754594031484,0.011087560258441265,-0.02748288883567318,0.026869375636506154,-0.005154320813679614,0.010595813174449464,0.013022641751036845,-0.014178222021140163,-0.02290399327932835
2021-01-01,0.017061131113927486,0.01973988762274259,0.0154369009609856,0.0324096229536448,0.00053679394693118,-0.009004438580345497,0.025167724103888123,-0.00622904740819008,-0.013943179007353979,0.009823045894447047,0.007603142708678456,0.0007459252716075504,-0.004156183377433287,0.03342418174294348,0.054179495125103116
2021-01-08,-0.011709815309486449,0.04097768010028213,0.10847713997824293,0.07479925944258015,0.0799357467000219,0.011105475963193445,-0.05775075407072083,-0.007828979712603656,0.0020880590789114084,0.04117397775889464,0.018487550439020062,0.05741568606017933,0.04872362734579294,0.10892568913613054,0.041745461977593434
2021-01-15,-0.054193918320354695,0.025036121106062792,0.019409456691033666,-0.04167057649432904,0.007451493553788158,0.002995422623337296,0.08114137102416175,-0.025797182958052778,0.009453936374615557,-0.026578574623917106,-0.023500126927270104,0.015214393361302259,0.115502087892845,-0.01016619149650344,0.1254531257401974
2021-01-22,-0.019260720431580114,-0.003048416963527645,0.016417634559300565,-0.026258323515184423,-0.08530576044706184,-0.06371338540658666,-0.03282058390281961,-0.013704044149740358,-0.00029090358498429225,-0.04815483127590747,-0.03374391105203889,0.0021407892761091674,-0.04281090023546463,-0.08343965943017073,-0.0359635696952294
2021-01-29,-0.06293774112418249,-0.0759220521342201,-0.06037106562493644,-0.0198297171775349,-0.04797835287812846,-0.05422626707135669,-0.03535835519569075,-0.030108818319010355,-0.02962855023907396,0.01912386975378122,-0.08620382002255789,-0.014107490214887441,-0.040305045199947154,-0.07109724846109,-0.05178183814173187
2021-02-05,0.15747708986464803,0.026673720357149655,0.018305859035675942,-0.0020802977711860127,0.10588888930915452,0.11860580662458386,0.1530133066193744,0.0032679691344443818,0.011581981593909774,0.08282130904662965,0.043061716997486954,0.06924359787459489,0.049674665676129104,0.13985022889326437,0.19514588908272334
2021-02-12,-0.015963350081718675,0.029636026061011567,0.038655836510106845,0.03314574189679731,-0.006656413946970585,-0.005807850756616828,-0.07211408865875057,0.010431790648354866,-0.03399549584813599,-0.0033358369821179235,-0.0018537514107608288,0.003468823671475496,0.008862568657135972,-0.006641862861412551,0.021126710359098633
2021-02-19,-0.006304175401050105,-0.014124353669861645,-0.027262416804640588,0.00277444061263199,0.10209475560710923,0.08598235407644728,-0.006898361491166738,-0.05307530067519517,-0.02632071466576702,-0.031651046537865324,-0.023069827842820856,0.0625342121807122,-0.008358235918931256,-0.014401201584390066,-0.03576566802645298
2021-02-26,-0.08170207180295275,-0.02942763047536756,-0.04570305115152784,-0.07555728797340966,0.05613701737065924,0.029750455819044452,-0.03277424970257736,-0.016780221395081285,0.009771238054781195,-0.02091245252848295,-0.05444891451484546,0.047500739270695425,-0.04308922863476716,0.06627409591352951,0.006320612569480577
2021-03-05,0.07984379869705793,0.05058632248041617,0.02571300502105056,0.0444577967434554,0.03558547319127903,0.01304741548274757,0.023056174605460056,0.04231259602124382,0.03805276354389697,0.027917962243618533,0.014898781587394438,-0.058571551511205744,-0.042243427357133156,0.025379182645121512,0.05157033943659384
2021-03-12,0.006579986322033937,0.04416363158459302,0.010336280999634573,0.04537877344383645,0.0008700004896813329,0.003680181747184541,-0.016063361221836936,-0.003601909670728598,-0.016467404606597236,0.003926650488659034,-0.014691212382501595,0.03363427913350714,-0.0161412141924433,-0.01820518703266505,-0.030179386915768935
2021-03-19,-0.052192355923021294,-0.0221116473841918,-0.03457192893601635,-0.013755187746447683,-0.039547985743452085,-0.005499779799052917,0.08650090071601557,-0.01624174012548607,0.00941985519480415,-0.0575292532237931,-0.03434986998258793,-0.014027112278296894,0.010969161227946778,0.018126154902263325,-0.06839539175871356
2021-03-26,-0.03440286013493621,-0.006136192407997676,-0.016078003894107296,0.00156649340357351,-0.07330315538367549,-0.03963128998476262,-0.054047861370518646,0.007349303707631538,0.010961747648704723,0.015389994674588348,0.030775936652252645,-0.02824922828431331,-0.014057942156552428,0.04618005030711436,-0.02853168930480121
2021-04-02,0.018915298152002435,0.03667105738582288,0.03094817096396474,0.0011604411091570288,0.019042891856590805,0.03550868790440087,0.04338541490382175,0.030859779700719736,0.03250012642096989,0.04010560780603423,0.04122789022775186,0.014850903111770064,-0.003253597578120493,0.12544817156851584,0.045129049457580894
2021-04-09,-0.0029369388725621892,0.04031929971042847,0.08093191496326502,0.06133147605249212,-0.005270569450655849,-0.04726591917260592,-0.031583671612018804,0.02981005031323125,0.06689124079161113,0.04257071793432021,0.03763356552228281,0.08227204382690356,0.04694717034719198,0.04223404085848781,-0.04198102518078339
2021-04-16,-0.019535977246727843,-0.060580983187798476,0.0424348363086291,-0.04055081027225793,0.033718584431428944,-0.0034046833362227913,-0.0241670121650035,-0.019343540668727344,-0.026647594689177767,0.014605224947888296,0.02792898461263138,-0.0227159782502655,-0.008253245241059415,-0.01028347352838932,-0.09694143051539472
2021-04-23,-0.01694905816137171,-0.014736867220642158,0.013853431686750461,-0.05948742420375541,-0.04566633455375757,0.0009761282367140023,-0.01250299999702753,-0.03630869496982925,-0.012498260919848847,-0.012537764861576428,0.03544675719648471,0.045426386514160644,-0.033564462925704586,0.039707764379417476,-0.041592306619502195
2021-04-30,0.008418843481733385,0.015406995207897456,0.03584193419707171,0.0107347549449337,0.05615245633149435,-0.0009751763395531299,-0.013391779085311195,-0.013697144327260768,-0.055146273079075825,0.025864263586813596,0.019026053317083846,-0.000796939270349073,0.02707605281139469,0.11711351022055871,0.022111984933953055
2021-05-07,0.018040943043031943,-0.001328747343655956,0.04566211562651845,0.021397398672061252,0.030512953299458356,0.025378261977093475,0.013573553109962555,0.027720291657298057,0.003551797053142014,0.03819987262026281,0.002246798723073873,0.03544976052618409,0.05915246928108919,0.14347183055653945,0.04306508115876495
2021-05-14,-0.0413963627460151,-0.02672740483328029,-0.032605488918614034,-0.029308475943735424,0.013458990861417996,0.06044728161680468,0.0336010640482598,0.027611241261066954,0.01161434309233278,0.0176613029140269,0.004280562471322469,-0.05131611747010412,-0.014248122946295294,-0.04250013387700147,-0.02868768703150215
2021-05-21,0.02988297570288201,0.028942502736957865,0.028588634801500756,0.029720697372360272,-0.0017707187335065377,0.013016271839398241,-0.015076519298427571,0.015846871236089966,-0.018763777228820944,-0.0015185282577735437,0.0037715294470916927,0.034002224600798936,-0.05255167138433081,-0.016782955079400974,0.07124308199131324
2021-05-28,0.024521447064121737,0.03732034666807227,0.050711819195441876,0.046659894052286655,-0.003547719480358147,-0.03455926870213044,0.018416602889031575,0.0007030789385675806,0.00011973274112220267,-0.0299100562936242,-0.0041983678218572296,-0.030297750999270012,-0.013843215141680965,-0.00862450820093752,0.06669168567091388
2021-06-04,0.00580316708719586,-0.0031655515078162777,0.004640851825028269,-0.006869688704485566,0.11660004423763914,0.02570005553562482,-0.019492611986217656,-0.004717429892020508,0.01923501400782346,0.00627101016398024,0.0116372151972719,0.07328490236031215,0.017379717470088263,0.015586773693255784,0.03719883459548967
2021-06-11,-0.0093032065338291,0.04420306104521221,0.024205377735477374,0.05278643165850694,-0.015145553945883128,0.06308715343566518,0.024723813886679435,0.006289115387867472,0.01966000619549435,0.010905805372805721,0.03767831429125046,-0.012898780741972038,0.015299512352986655,0.03359500156455342,0.04411488899734595
2021-06-18,-0.018892682902627467,0.038979848390713334,-0.008118218092896812,-0.002143587174132766,-0.02670981328163169,-0.04419194847537067,-0.016113417610135627,0.007655538512998605,0.017229297888535555,-0.01878768003963527,-0.031010368599450278,-0.03448180406755308,-0.003882959253524665,-0.03591847271547732,-0.049024161194240023
2021-06-25,-0.014456448084325335,0.047162815484088405,-0.004183539551061877,0.017558746909130063,0.005405586272364538,0.02201672110930608,0.002444181216345598,-0.009278080190529892,0.014050101729585096,0.0056095004789114,0.004806991603928612,0.0675150926411956,-0.006774822601324337,0.06678574072493149,-0.0032219913037390135
2021-07-02,-0.011440968407091634,-0.00406546445681133,-0.01625564512635136,-9.182965345910787e-05,-0.02026462642912097,0.012494644228481677,-0.01292354876708146,0.0054434776699563425,-0.03399133508579277,0.01338798974431965,0.05017613620626915,0.08554809501262084,-0.01887500044394841,-0.025101853018843046,-0.03419537363308023
2021-07-09,0.00285689969824654,-0.0031252614814025748,-0.02376527388790428,-0.034560363681563566,-0.0046436126103999165,0.002553224374777896,-0.005187888123380335,0.0019317307074149248,-0.01956119493683839,-0.01959626257344038,-0.016197761655953102,-0.001955455466045586,0.02142847413793003,0.09097705860248873,0.058129427059048666
2021-07-16,0.01712156805004339,-0.004766976131222012,0.0988018741560901,0.04887104066909442,-0.009329845390830371,0.011035665919553628,0.032530543612344864,0.0010318989494078057,-0.010054821803546998,0.030992448360679825,-0.009843796418490092,0.01427851579358852,0.009137619067670188,0.031548845343898346,0.10138150237397436
2021-07-23,-0.015175804060731268,0.02250159621255654,0.03704006536563753,0.052742159452090265,-0.012842414559567694,-0.0050380017509650266,0.021644944976482394,0.027741264157448153,-0.0003486680375427431,0.007842176833146475,0.0028852531866854214,0.03699292501045748,0.013212410344358272,0.0023074710742612137,0.01012705136528691
2021-07-30,-0.03955415188440836,0.012606504549927955,-0.020028167660140372,0.0694517913284225,0.0,-0.002531524126300866,-0.0350752485093998,-0.024322221232929153,-0.004767736896136854,0.11520169943826075,-0.13111957481984715,0.02962570786797425,0.024348252540640658,0.1193225173842547,0.01047428340719292
2021-08-06,0.07396658209325402,0.024650661404312935,0.018479013426909496,0.045512661248118036,0.011708629421982808,-0.004653061395179736,0.04537688613739532,0.017963495734623747,0.052754552965314394,0.01453588155837604,0.015940742454950252,0.01314746214257001,0.08234648819702906,-0.003799768801444392,0.015252618562251907
2021-08-13,0.006576608664319972,0.037571168389701315,0.029264081666082076,0.09374509111522156,-0.004715088972786163,0.00509986030178089,-0.013068778737704956,0.013811934747757215,-0.0067840529267874095,-0.008787618203372594,-0.02801736297308688,-0.0058585079472973645,0.047952086594271526,0.02295547792298125,-0.029754975393338712
2021-08-20,-0.04723160322477682,0.012118961822143337,0.007392322757565628,0.011603955144989575,-0.05081817907570396,-0.03467233802220282,-0.012059667525376572,0.07124968986176916,0.08839091299741675,-0.022035191475349936,-0.02067847812856538,0.16862157696740732,-0.03665334334478587,-0.05887183105224081,-0.07095626597650817
2021-08-27,0.005870075224100324,-0.013935902547674406,0.024030543712347807,0.03301908837666856,0.058529993106250844,-0.006570226680158053,-0.014360918842027948,0.019727932149046667,0.01170441912196929,0.016663407546938735,0.009778265243874928,0.003918848899918448,-0.030226463334572684,0.006215500793450346,0.015635338880134908
2021-09-03,0.04569473753007092,-0.004769240384380313,0.03173459987746785,-0.0023870686690173892,0.0552934770923883,0.03174595486928,0.022826586703824647,0.015498028585127832,0.04633976884580715,0.022803797921641777,0.06477480188226936,0.052349261392430124,0.10635975665594821,0.042986827643106684,0.10230914987878159
2021-09-10,0.014510024781127395,-0.005321509953313597,0.01106719424028979,-0.0060333983488072285,0.007826704737904588,0.006424812984506145,0.009734191945022008,0.009402185923232054,-0.012948003417029508,-0.016594953059261175,0.002755946966342737,-0.05882895794887366,0.04206847976280659,0.0023203602217833907,-0.031277230527761324
2021-09-17,0.1045740894570335,-0.00017738814066237119,0.004378340158958771,0.01276815394420594,0.04584523657586881,0.08031419917030824,0.0869973641359918,-0.013760362941611759,-0.004655127370482348,-0.008244162821472334,-0.005598410704125922,0.03998286842507914,0.06121106936686194,-0.04222526270532123,0.005406044546525379
2021-09-24,0.010035172958415828,0.04289601843374036,0.016910915922405234,0.04353973824158963,0.06536189196990594,0.004040451431039482,0.031581261271895755,-0.015436911880876036,-0.0022088716930916963,0.0007144632413742524,-0.019285306201479502,-0.03594985111229654,0.015450087341313479,-0.08211270638326829,0.22613899049790742
2021-10-01,-0.01703572267950315,-0.055957124474834585,-0.059497498237224944,-0.09473499914617978,0.07457756540065352,0.12595570077843532,-0.013000591486399315,-0.01582237040393608,-0.03012689834116189,0.07287923538264574,0.034548611271175034,-0.0575677066553979,-0.06871783737328263,0.020242267090516464,0.0164454226035482
2021-10-08,-0.028692533821741306,0.03525200244393134,0.03913563038389278,0.05010010865548553,0.10051264950171879,0.008577783158438601,-0.015508833659527155,-0.028823612029255763,-0.009640159678084181,-0.006290716759256076,-0.02152002057861646,-0.017973378888682667,0.02899835433836273,0.002542718398487409,-0.003235945505256743
2021-10-15,0.042063732515105645,-0.004698821050724833,0.07123952076866846,-0.006354321786528727,-0.011804761273481068,0.05882344773999293,0.10725060089770433,0.017852118696707775,0.002974239142917501,0.02422702259360432,0.022580965403246056,-0.011611708430285028,-0.013946783541457064,0.05679581620604135,0.04580972008212858
2021-10-22,0.07612256674880458,0.0023605021023311856,-0.03649847889199076,0.060560393880219276,-0.012574663131077135,-0.030120591799957852,-0.07776262679214618,-0.016491224485803535,-0.052595064997164265,-0.03417328110130857,-0.06478513531533203,-0.0693095991669136,0.012685992389861456,-0.057307037322327004,-0.04886171546198914
2021-10-29,-0.06458975751180684,-0.021671068450068054,-0.05224195020425515,-0.026096406363375846,-0.050939261100267696,-0.08454094375150567,-0.056635576267199395,0.005571710836944632,-0.00386175206187489,-0.02159884962288472,0.004690203191572095,0.05800058163128785,-0.013174993162067605,0.015197608842200339,-0.036383441160380725
2021-11-05,0.012726809519468363,0.02455421607060404,0.010745896240021091,0.029087755014546968,0.020127580509358145,0.03392371443802311,0.015008955380421574,-0.005836807567292546,-0.012487185446036775,0.0005660756158614166,0.022954516786090062,0.0414120870200787,0.02298085291838925,0.007561153900377482,0.07789759814376152
2021-11-12,0.008604742117279462,0.041844581866792296,0.009713975568895528,0.052561580388527096,0.017099443484433152,-0.005103895560021887,0.028029109043434808,0.013404390801770472,0.01600605870935845,0.013891559257391606,0.01617659887867373,0.052032791755093566,0.06047636996207251,-0.029150016441152338,-0.0030255320622912807
2021-11-19,-0.024220320060646894,-0.00044926350283813754,-0.013029350913390858,-0.010883265994711788,-0.002263057675552238,-0.008427963534405003,0.01975104424955476,0.01374165374672498,-0.03154860972543272,-0.019652817947081846,-0.03547208120901624,0.19683052189271133,-0.039206350745355945,-0.07818985109126741,-0.029065189700414162
2021-11-26,-0.029711844111749763,-0.04931432904695132,-0.046050998609606264,-0.025737456304392392,-0.011424694618027309,-0.047671803360968545,-0.05684230813543423,-0.00944317648203541,-0.004563828024770289,-0.029532509930005335,0.01700763905007241,0.017714680854116427,0.03415687329818451,-0.0626158314968921,-0.09389276637859845
2021-12-03,-0.025505198048819233,0.025950849247066365,0.031056353398697167,0.043145237754089516,-0.008157812120904495,-0.014357808845485098,-0.010490843578436326,0.005155575474037555,-0.0004359829049627173,-0.020200787720071167,-0.032499145741369584,-0.04486965895769801,-0.027614263304932773,0.005124381951860935,0.024810993234623435
2021-12-10,-0.009116022188005668,0.013655670958836241,-0.0039017195471185984,0.00586838465675199,0.011309072336832093,-0.0066930614038741565,0.06519271313380681,-0.0026447303927834565,0.022145517600447473,0.012702708880858893,-0.0006961368966281745,-0.03444140778781701,-0.010649369741149162,0.05545622099904657,0.08518896370915274
2021-12-17,-0.05427711024628046,0.035014874240178795,0.050998816817316106,0.025083342401072795,-0.05523535413613678,-0.004756016280122677,-0.0768741576090014,-0.00989086960706631,-0.026510959548597945,0.00998232779539121,-0.01640430082772526,-0.0874305591071105,-0.06282539484251237,-0.04059324640255546,-0.0689571812540789
2021-12-24,-0.02530950007038657,0.023423131987962087,0.04121948894515404,0.049273956679479536,-0.006456157300967935,-0.03424941531737258,0.00022931081208921178,0.007576193550833388,0.0014563514932912636,0.02139299653143123,0.026715514722845946,0.01165708589913339,0.01651523539341948,-0.014707207420177948,-0.027165595515795005
2021-12-31,0.027282268368210127,0.013013123680475136,0.024196296434478626,0.038722661018540716,0.028158620116493394,0.025979464485581083,0.00022943602917258055,0.025046428425826717,0.01827009834739557,0.07677589353240255,0.057850982248392135,0.035291818580984735,0.009969837193696263,-0.003586043388483673,0.02858270672314145
2022-01-07,0.06021374737466623,-0.03890870183612194,-0.005381979503643608,-0.048420773323533894,0.10287948002635017,0.05586802766336141,0.001605239433255079,0.010004739487967429,0.03642553451509678,-0.01980599591500909,-0.04047281773143008,0.0016856017975539483,0.030564543431763624,0.043996684505795525,0.025995601348329123
2022-01-14,0.017828457810524334,0.06341284649259049,-0.10077289918803423,0.01989600332721797,0.025469346640436985,0.030453074187928975,0.019230670261117133,-0.025257609571879946,-0.006769572881707875,0.03715543628131712,-0.0040777558855301654,-0.009518751193773878,0.022562769451788922,0.045891382721403584,0.041812297529110865
2022-01-21,-0.022933618367411035,-0.07445511654585668,-0.05277429663512756,-0.08298085470561034,0.016144072785893693,-0.009235357602172978,-0.024932585047309108,-0.021953600768462977,-0.025255504896021908,-0.0593194809158506,-0.04116915339209626,-0.05677448923676487,-0.03517902263663564,-0.03617349496593647,-0.05331257781414833
2022-01-28,0.0024026107430352717,-0.05572045582752061,-0.08743052006793772,-0.11477515274974825,0.0314696892257289,0.045115714231262816,0.002533860247696973,-0.031086820506909585,-0.03002799807227341,0.022998297503089127,-0.061730550224451286,-0.045410497044066855,0.029557663720523042,-0.07271096150670886,-0.042394266054565755
2022-02-04,-0.0074276713650612836,0.032558467554568926,0.03549754867803667,0.02661895819967186,0.004739314262327987,-0.014527790575349253,0.07674640710281055,-0.0028692447564225843,0.014916046360051283,0.08049808868620034,0.031610001654140074,0.04673335629774744,0.0061468997825913085,0.08449727608114577,0.05590056317110603
2022-02-11,-0.02969437270789299,-0.011343543722197036,-0.018014952956989294,-0.01608908210483062,-0.00854969993067245,0.02198224824411832,-0.007895905882026044,-0.02817247232916431,-0.022866360905757332,-0.00772449564283495,-0.006100739437658542,-0.03690355115041577,-0.007011774502512003,0.06643725153410784,-0.052315393127016274
2022-02-18,-0.0009296708491923766,-0.008365394369917567,0.0017810304455214698,0.009158513771447163,-0.0014867978705946916,-0.03499813260521756,-0.022457481789462275,0.01089519383557791,0.0003160057957871665,-0.019543150015350896,-0.0009825650139755338,-0.009601600504268504,-0.003635732786107737,-0.05073947163932946,-0.05005289078326236
2022-02-25,0.016506409098842267,-0.007235186744793509,-0.012801332532207277,-0.0335546622615015,-0.04002370393495225,-0.015111525040915508,-0.03582682030541551,-0.016336132969418604,-0.016917283129947558,-0.036330993335392914,-0.03345167540543659,0.03620694273464786,-0.03354145711853096,-0.03816761906290245,-0.030168209685923264
2022-03-04,-0.056309619578258086,0.01693627477704185,0.03611003117426592,0.04598128031109128,0.03604987541217386,-0.001150742410068406,0.05398447305782761,-0.01824733852250182,-0.015016991941264268,-0.0022849371045506883,-0.08330945883917618,0.024560197768534575,-0.05075140452468929,0.11503036302773806,-0.06077982174138119
2022-03-11,0.006192498308171812,0.05727372659843888,0.018946799635208178,0.022839909202600595,0.06323766258966868,0.013440905769053213,0.04811539806872056,-0.0037026066787643197,-0.05085518940723277,0.08720559996564448,0.038381702394975514,0.0225079822656864,0.06294928658274879,0.019262438629150003,0.07982311208689752
2022-03-18,0.032331308875666265,0.017892378709180923,0.025588410074590007,0.004506431288874513,-0.030734220500272302,0.00719955231404934,0.03617503072863082,0.0552157575971135,0.04876717031637612,0.010642897690722464,0.016739585012931046,-0.0029254255586205202,0.04036834890947594,0.0013443665637686841,0.02628957356111261
2022-03-25,-0.05370887322102269,0.011835484355448012,0.0035762029712109733,0.024807322840001422,0.03229595123073392,0.01392032653616071,0.03450392370335953,-0.061419180330214984,-0.07790626223227226,-0.010147098697771861,0.07899264663416883,-0.03237656347612594,-0.018743840190609373,0.02723540420642645,0.005646742382258374
2022-04-01,0.03158652364383974,0.014388218649338702,-0.002569051836779135,-0.028388613531657003,-0.044653123012138085,0.060853565994001935,-0.00019742330836491906,0.023075408044626045,0.04399725946050825,0.007037353697231907,-0.018801074289237385,-0.03764538951327012,0.06928877513997977,-0.016318771235305563,0.05710766650483601
2022-04-08,0.004418356766420439,-0.04672851702546399,-0.022085396126032664,-0.02578837703543624,0.017565021065359065,0.06365846734728331,0.057244490294014794,0.05101046833727074,0.036293021758843524,0.01749742955654643,0.03526155815871501,0.022021838222237022,0.0047462473791053394,0.04073340016427429,0.026298697045242347
2022-04-15,-0.002745628761623986,-0.036399223483640664,-0.04189158461709708,-0.0264367574078459,0.019602087514980493,0.012495753430971757,0.0065346424666110625,-0.0038152553072088313,0.000522745326192231,0.013140924563165957,-0.02960267045806131,0.030025172753081586,-0.028145979868204773,-0.03738829269419819,-0.012118194464169507
2022-04-22,-0.02913593069383491,-0.0932773674742976,-0.03844781931666896,-0.07369974776074673,-0.001434970541229541,0.04222171489514914,-0.031348443930338865,-0.005700316186469601,0.0043139365526749796,-0.012757011221499748,-0.024760344528885758,0.014595886466818087,-0.002565341853338454,-0.031792270083435215,-0.029644689406460145
2022-04-29,0.03646367484370039,-0.01129012712345967,-0.05374754577100538,-0.036356672120688716,-0.07787343485587128,-0.02648805273904553,-0.005936507075957609,0.007837691294618532,-0.02522220354938076,0.004163156321105532,-0.014501262436734219,-0.0746511739094895,0.0003384514195527988,-0.00508792108518108,-0.02067426013742757
2022-05-06,-0.008627663643797412,-0.015757115126633803,-0.046580120330791064,0.025218556518409985,0.0405111762736039,0.017925908019446712,0.027354967110693185,-0.07282198020803055,0.00870620014551049,-0.048834347758171304,-0.04871796770718706,-0.14076145110052563,-0.038903867137816905,0.009952454296040969,-0.11483125270130967
2022-05-13,0.0023939729572570734,-0.02492147349259899,-0.03391061853271515,-0.06810018362025294,-0.08026359325024812,-0.09339624859302098,-0.030189268170266792,-0.03486242652456317,-0.008857908524188107,-0.0009056906240347828,-0.0016156039248661491,-0.07304021037722075,-0.028651905822360102,-0.14543901487774502,-0.031140797752099103
2022-05-20,0.027872234406466356,-0.03273718581099272,-0.01931073191589916,-0.05981602990269186,0.05437966703215191,0.03780803085045914,0.08275327651573239,0.0279857263372143,0.052386870469892655,0.03756371138872483,0.08276644109415998,0.033880085360948886,-0.0028989633190581454,0.06709212457950953,0.03951075690044181
2022-05-27,0.06399142027221516,0.004260625237302085,0.015992137081711988,-0.00676466956545041,-0.11179749869679045,0.005681364684271495,-0.015129856542219877,0.0462016405206791,0.031113646284089747,-0.012832245826804978,0.03327765316827902,0.052821840056408,-0.0050879355468719245,-0.10857677170055624,-0.020965351637334706
2022-06-03,-0.04498517179388406,0.05232525032685631,0.018310355834691316,0.02194524736551884,0.05424221231943904,0.030242539577377325,0.01300129599148514,-0.02664530463684256,-0.0077580865663385845,-0.0429252616576824,-0.011501994767417978,-0.07068044290336539,0.0030683360543577454,0.022807870730698898,0.018795257172290913
2022-06-10,-0.03596690063570973,-0.029506311179013034,-0.03059935381128065,-0.033147519604827314,0.08608156296410585,0.0016132678722449167,-0.009350729623689324,-0.023067788389168564,-0.04791776642696555,-0.022425093040749022,0.0026611987467921594,0.031124657158766222,-0.01915516823857477,-0.0408508030884458,-0.025858058668739914
2022-06-17,-0.06596721494505475,-0.06060406916466643,-0.12094584169663358,-0.13046800809237402,-0.14090499135036927,-0.09533011756772192,-0.025356488103659758,-0.007898750628224094,-0.00855434079526296,-0.061842271959777206,-0.047075147827543184,0.00020263026116440486,-0.04410772564174992,-0.06649874090246066,-0.062403000670554154
2022-06-24,0.014818412910439616,0.03878050027566737,0.03344015926171173,0.016734857061833974,-0.028985447036981582,-0.02741197888957092,0.009684908258798863,0.03540665041824931,0.059149398147873455,0.03932433484660658,0.039296385974065595,0.037055037537841784,0.04280268183349012,-0.05939103071509311,0.04569531403011107
2022-07-01,-0.018046435651237758,0.0265767924508864,0.007761343199294002,0.030065238904668057,-0.045868100882981766,0.029648463220182997,0.06958804401620577,0.03269544899261079,0.033147485755233186,0.005639198975734727,0.017692828879138034,-0.026638650526546903,0.003352243521621334,0.023450652046217213,0.023274307000971328
2022-07-08,0.0461701026342638,0.023692012204215684,-0.006872167771476367,0.015632703120362024,-0.07287303582506788,0.021685135222506924,0.03059610603637264,0.03507157154708773,0.06489314254527834,0.03430812240856351,0.004628409521168164,0.05353099824724805,0.032222262493607934,0.014950941382104288,0.05338067330548113
2022-07-15,0.02461662400509712,-0.055531698107213256,-0.060248087370449066,-0.05133951051943153,0.041563868807602766,0.04210153571457176,0.0017061867599024172,0.019129639118354635,0.008370525562377162,0.024134262258345363,0.03880074574824688,-0.0011304208252436165,-0.062360844934819304,-0.0023704395191126437,0.03892490261254089
2022-07-22,0.02203958806824513,0.0530988726427053,0.04316358181391999,0.08758467649557855,0.04662182143205129,-0.005342172819504443,0.02384592903024574,0.011584048610029818,0.005858881554301032,-0.00443985330767549,-0.03794545181488307,0.0492406625770625,0.0415005795243526,0.05911980580359133,0.018379787925178137
2022-07-29,-0.009167541519142453,0.028812220409365707,0.031276715281064016,0.019393589210958684,0.012835128476622826,0.026854789258409673,0.00831805155796661,0.0194928475833831,0.007477688938955396,0.07855910514168984,-0.06474219908898926,0.02108918718671493,-0.0013258984652776418,0.14951110994730787,0.071636799788936
2022-08-05,0.013008407733776206,0.04320200857800627,0.03847052567716558,0.009106734030763564,0.017517694375297044,0.01732587431259658,0.02573841182592762,0.029050989791439497,-0.05443026530381645,-0.028891027945720626,0.01625786086922143,0.03841160153481438,0.042521831658012044,-0.0023233003362431726,-0.03952805018852168
2022-08-12,0.004585011648869264,-0.013948567193491024,-0.008863550830226274,0.007276601729986565,0.01978001209447,0.03817664166198642,-0.007399097702321611,-0.018987093999246918,-0.007686869571772337,-0.0027292733389615575,0.025006825154981094,-0.014025565854802746,0.008598006085706267,0.049371230145046185,0.013866195192524966
2022-08-19,0.019443974185842094,0.001881989821353347,-0.008369682003966261,0.03588515099619016,-0.010006317624314365,-0.004732016478768308,0.011181378666683894,-0.0052371319749944245,0.0007651759423246141,-0.010006955388420113,-0.013330817437277487,-0.03851047558016152,0.031844362380922364,-0.02308030723072374,0.002145414713334848
2022-08-26,0.01334566003638038,-0.047304537306182115,-0.035148629513316876,-0.016845406977248234,0.01523026522690718,0.03581616894570816,0.0028846633231145447,0.004485496753763085,-0.0033856916802775805,-0.02352003462613328,0.004590916604795048,0.01932144606809727,-0.001980124818444118,-0.02453434611664107,0.01685842258349135
2022-09-02,0.008832516312341276,-0.045052732653119154,-0.02288778412030057,-0.026852883461900068,-0.028540114350311008,-0.009791856544604793,0.03275791056732391,0.0017256475900937485,0.014821258528209258,-0.012043527746730232,-0.00789677058272309,0.023035354905613037,0.005678494955061897,-0.01723336572149836,0.03947367765546206
2022-09-09,0.00390860369833157,0.040364778587768324,0.02317863358685668,0.06649934857867401,0.009416290853349496,0.029666475151572502,0.022744911782273336,-0.026099232101091108,-0.014780223331358977,0.023517869347941645,0.015549170592501715,0.03432018290606598,0.04183663121080072,0.001895732183789356,0.004810157764931322
2022-09-16,0.002050520338538364,-0.08904167951550213,-0.037156861034765454,-0.08294507918176686,-0.020522450392227554,0.037214628043793496,0.00242067734471596,-0.0339637290268886,-0.0027264600810333883,-0.02466289830328172,-0.04177333172123854,-0.04049024790487454,0.01815228702834215,0.0,-0.019652285718078644
2022-09-23,-0.03502039850861294,-0.008423914833856627,-0.018175037923513604,0.0018391413760210362,-0.020190212804291896,-0.05121515665918974,0.04557790127215555,0.00498249838577336,0.043178442152407515,0.061113948056862544,0.015169098474460574,0.03240865362547196,-0.010645967206654894,-0.013245095698026343,-0.049216202413563837
2022-09-30,-0.02335322086086522,0.03515317586584987,-0.0002534912080827123,-0.025601541683574758,-0.013997115864840981,-0.02622769226817878,-0.04099302084871048,0.035083579868232295,0.012207937575242633,0.029909981312199685,0.04747302673236553,-0.007932809953167475,0.037013059832140316,-0.04793858067033341,-0.035815688214023145
2022-10-07,0.0034080977508308408,0.02670766865494345,0.03513001976088259,0.015120000022170288,0.05717685177976173,0.029126472763154387,0.005719590685292042,0.009203414385998032,-0.014936114110382759,0.006851800329772173,0.009444772046665939,0.0024409191602752234,-0.008501106102404954,0.04028200727258935,0.034202425050094076
2022-10-14,0.004711269585983446,0.015883541033696602,-0.07547186787140314,-0.003906728553516703,-0.04811661929250555,0.004869005008518057,-0.005986207503649754,-0.02034045078226232,0.0028001950342377846,0.022143052763839766,-0.015045728223898491,-0.022063617373753508,-0.03423263407711563,-0.030977775737243363,-0.02764969785111393
2022-10-21,0.0374318277710568,0.017805671407759016,0.013914769330958698,0.02088537862478468,0.03095633526578645,-0.0003029732723273115,0.040650297057637896,0.07221843573275377,-0.000935182795748779,0.0014340608083873718,0.004639476778194762,0.021386342412585524,0.0411252803165123,0.0009989997423884844,0.03094503828074413
2022-10-28,-0.009670615802296112,0.019518481638742147,0.0018297773544624363,0.007491673364329987,0.016343509743429463,0.054529084578821774,0.0005788083241060615,-0.0006160389369311847,-0.0039550541779025394,0.012580427980634967,0.02982134640594758,0.040544108838861614,0.024327543809054664,0.01397203833074423,0.04002169542567624
2022-11-04,0.008332124310887812,0.0004955789683294132,0.01904754342239867,0.004480685189097056,0.03103963531469356,0.016661814986307366,0.022556299393692747,0.013036672852040354,0.0070149110927679725,0.05040412891052792,0.014607700078099084,-0.04475597832013589,-0.0005508236343184647,0.03100393989469108,0.007020131645926853
2022-11-11,-0.00044738754001494296,0.03705426834213621,0.02342859611201842,0.022259189114570033,0.018861088411052496,-0.031082258476194502,0.007777144563626548,-0.005033008892344815,0.07740130113933286,-0.025338994223935152,0.0031712846856881693,0.013478372534799332,0.012861305641716614,0.026730277060855734,0.03421124428690403
2022-11-18,0.03183080600436128,0.014839857577275462,-0.014635959372860885,0.0020306878381708415,0.009255932545676249,-0.032662465344539315,-0.04293530165062476,-0.019554690215493498,0.0018054470260917554,-0.003897178749914576,-0.02872604095480924,-0.005032453233595913,0.012577092237669119,-0.01906083982240092,-0.00037439839660124985
2022-11-25,-0.015896354697008896,0.026515512271053865,0.022724327406018485,0.01819298957805282,0.04111121533989759,0.023515218674579952,-0.002199326042691907,-0.01986185290474496,0.018911166070152863,0.02401951288635895,0.002052654259259379,0.08872167206353265,0.011405681976248028,0.006634903511878454,-0.009490491935560175
2022-12-02,0.0012446034585569254,0.0013756467543315498,0.023833190659612535,0.032032738053981546,0.002490113281194084,0.014138443093839381,-0.009256313669525285,0.011359850262721016,0.05956450618314224,0.005948674351160754,0.02089141912766057,0.017121152051169375,0.0021255392927779226,0.05461403361782913,0.035678249919271154
2022-12-09,-0.022141236420995192,-0.041882858141724544,-0.04449561344406261,-0.07127171944471855,-0.0014192950675002702,-0.015393669672170707,0.012605587659661577,0.024836397327365978,-0.005098300060085936,-0.04533668749174147,-0.02290278689231784,-0.038253799527450894,-0.016202163211225473,-0.013839306592669964,-0.02069384873447122
2022-12-16,-0.025158258763004815,-0.03001337280098959,-0.010912449656657386,-0.014005560428410502,0.04619750711530313,0.0017699498005012693,-0.018453409281163347,-0.024852139180955968,0.007800082882857051,0.0008058035226694571,-0.02223677288174153,-0.025602336811770265,-0.01455266951132228,0.005432391918360313,-0.021379860276726337
2022-12-23,-0.010105527760004396,-0.016489317653927915,-0.03104539758479874,-0.02453958834731551,-0.05027188343523803,-0.040047045939387904,-0.025067156277451152,0.01996334197789662,-0.025378702027423428,0.007950456179887988,0.00031331295769021494,0.02957186655439381,-0.017137643429983362,-0.07924356072605843,-0.09310299555703172
2022-12-30,0.0029088948799764758,0.007414235098866184,0.03998409693059202,0.020738160164006425,0.04971402149995252,0.021165631070995117,0.014845450833901541,-0.02616380514064398,-0.0056440482066302256,-0.0001496807507137543,-0.01691243744880455,-0.04734941268476567,-0.003153400456400335,0.10171152620732937,0.050420163611085256
2023-01-06,-0.022137103791362356,-0.03958350989878512,-0.02737108748487871,-0.029761872582802384,0.0040885844019173945,0.015319786856026418,0.010556491404184465,0.01424322039251269,0.011979128601989908,0.007289606585925812,0.0080706643959505,-0.020133673313146305,-0.012529483123676854,0.026631049212176627,-0.01399987261522706
2023-01-13,-0.0036378226813932324,0.03807372147181587,0.03115186755163246,0.017238684614563793,-0.002714582745433458,-0.0071003436943307685,-0.018803144715953568,-0.0050742378960104695,-0.00526491793121342,0.02270261421184827,0.011388889418617598,-0.01182916715229232,-0.0398241780421541,0.04150456243525191,0.019742877698246897
2023-01-20,-0.009773713320370359,0.01456456207966883,0.023482952305252436,0.043213944935836635,0.0316434177311562,0.005363339323292804,0.01779457821129027,-0.02953350173814573,-0.003955187252192016,-0.0012117428405312713,0.006990019934603353,-0.011601793680314332,0.00019628689120687604,0.020755474894603942,-0.02055417710615104
2023-01-27,-0.028248750702944303,-0.004195082009735174,-0.010218462319081745,-0.015671388812226406,-0.026055422528388994,-0.01422644289207764,0.03407062114950743,0.0008489463080121329,0.01422798795875968,0.01266549505944381,-0.008412604423874925,-0.009590960237489399,0.013146664321239232,-0.018706769028113523,-0.03614947495838383
2023-02-03,0.03922704743288885,0.05282565806168704,0.024745730957696388,-0.01825059892956149,-0.022688930495435855,0.0215019872775033,0.10014440665289337,-0.011034732307903639,0.056718671607966176,-0.014615445953554573,0.010280447750147914,0.0017552951345074508,0.023757371826161222,-0.00248652826136031,-0.006882961554427136
2023-02-10,-0.004633918939704329,0.0057208230204122135,-0.00514831592689502,0.005982324625820379,0.01663213818028142,-0.003322271754613082,-0.024431847080835678,0.0010286144571274303,-0.0013286230727240778,-0.01360932373350987,0.03240907451498387,0.038726801783263154,-0.02642193699787354,-0.09597007472739127,0.02263083047218406
2023-02-17,-0.0072233801276321286,-0.015386375041084643,0.0012320825781555467,0.10994245325297292,0.06748479059458479,0.018484882459914864,0.049369158759946075,-0.00013399733939589709,-0.019350189133394147,-0.0219549540541909,0.0023891747010276188,0.04493627410328083,0.006282626442373207,0.03170955825623234,0.008437005204417147
2023-02-24,-0.03521385821709999,-0.020930826172041228,-0.03199602632301113,-0.009032919534116557,0.0160632406688912,0.017554374577281262,0.00443403877833104,-0.017895811745129886,-0.02000772513163185,-0.01422054438648801,-0.004268118210778993,-0.029907005683110777,-0.025360348820689493,-0.022271837003478567,-0.05074749120416577
2023-03-03,0.03163852025183256,-0.04601296959855172,-0.007246376203628779,-0.03025003320665287,-0.004838878126919521,0.009356733408042661,-0.00038966985957444855,-0.012365518398881004,-0.006887870139910657,-0.0037093470955036345,-0.011834465660975901,-0.013946700608357121,0.009642087116551457,-0.02505688157709962,0.04103454595353084
2023-03-10,-0.029525974144808398,-0.005238846332352498,-0.0034576243054095235,-0.022024629907364868,0.010048628670121795,0.0472188380671239,0.007923165073179028,0.0019431242431056095,-0.022881040996984736,-0.011738485578281388,-0.009553974644072483,-0.020654062648856497,0.01223169230264931,0.01028036173430058,-0.028313684858639165
2023-03-17,-0.0036485677986417553,-0.034555444369892885,-0.03238230909706752,0.06209655017799354,-0.017009011143878094,-0.021023386089918827,-0.032087467888500365,0.020145098191300503,0.011957664592785022,0.0022499288437032305,0.009236622846050313,0.006775044080202575,-0.021324681664700362,-0.010175751329712934,0.07198972534644676
2023-03-24,-0.0005611793731942205,-0.028190462115955772,-0.03917674187920295,-0.02235747103834307,-0.024485728084371106,-0.02401828414884699,0.008387575264672709,0.005035242322760869,-0.0372716635103848,0.0158191704972932,0.00631181923926083,-0.014528670737369409,0.006866992966401364,-0.04579441708490484,-0.055962600398968276
2023-03-31,0.024052386337916287,0.03425933796048386,0.009675334027977378,-9.056526813877586e-05,0.01104396843399158,0.01389718602223522,0.01267498514762666,0.03964503367760197,0.02909548298874376,0.010536015170071078,0.0355275236328092,0.006431756235403041,-0.017640480462072228,0.023506421466676475,0.006915902434019294
2023-04-07,0.013994244419719415,-0.0042368874513681876,0.00383286691054896,-0.008258767097456876,-0.0029790156310481875,0.0005710613727962777,0.0100390831132533,0.00019028595052184016,-0.005171029430506957,0.029498555291703976,0.016580978475438046,-0.02527309493876051,0.022630222963675006,-0.0014353648054877821,0.07345108923278221
2023-04-14,0.06396891024698537,-0.022997504067521657,0.004500232868421383,-0.005399335350379286,0.05411675657760662,-0.012271709362583039,0.021298624172338743,-0.012324707068502416,0.008724422779732288,-0.00849711532661146,0.03266373805964129,0.04672817602134627,0.0014359799990202315,0.03018679324678275,0.07900230016824827
2023-04-21,0.012917955690230132,-0.1165057790434878,-0.0006788557271654172,-0.08105987461698594,0.0053544068810300605,-0.01935856970619776,0.0319766993089039,0.05826396758705643,0.014914586514476413,-0.014001035427190112,0.0032662032126027363,-0.008412293141664584,-0.002411754687984158,-0.01255808578306783,-0.017185010023768377
2023-04-28,0.023446724440283395,0.020694893737996933,0.04605368620634387,0.02498109503811108,-0.00407260195100978,0.013553238275987756,0.04237602053282474,0.061694898550010535,0.05216288327146201,-0.0018192797855616227,0.012549282573154352,0.03494381448472339,0.044563456575198446,0.016957036264996894,0.049624495409636316
2023-05-05,-0.004824358143285745,0.005068878920028608,-0.01454549755526624,0.012405992588770731,0.008493198718471318,0.013081375493015468,0.00751962104533721,0.011876637252590472,0.01591065828827065,-0.017415000027403704,0.002566062851157458,0.019673345303035106,-0.015013139608288872,0.006484554005731447,0.0023463159012984125
2023-05-12,0.016539665944218962,-0.011039608889833463,0.010147577566456567,0.00960056898544237,0.032439093582915524,0.004017309804999369,-0.019358446237113025,-0.010250044435780259,-0.0020536081257112038,-0.014889973747077456,-0.09638852240653262,0.0005975051509250484,0.005906331120294928,-0.01748732374344164,0.020482243338265427
2023-05-19,-0.00966544245184131,0.019033072022501374,0.007697365696462066,0.024657054071830498,-0.0036253975383589987,-0.009431112352009663,-0.001427285024271585,-0.004771832908221585,-0.025267978072870956,-0.03153777083452125,-0.016602795012188087,-0.03433041088494726,0.017425360878044138,-0.019672107170612296,0.08246354744683382
2023-05-26,0.001751116696182331,0.038261450116835904,0.04013467654440461,0.0397334752953431,-0.006973737747762665,0.006924294601809544,0.056567782503616826,-0.004997625694145413,0.021411821608006143,0.04757807638135492,0.03164877087469842,0.036596443115642696,0.01514110697877924,0.016722427342008794,0.013138388038673288
2023-06-02,-0.0032390581971836196,-0.000751613512528837,0.008090605050623312,0.00749024555820621,-0.055267370256726234,0.00028646505254381616,0.02200070360687434,0.021532125495059562,0.012608262104472523,0.030621591194336828,0.01754612707775749,0.0775287446656765,0.022678699578559725,0.01503749611059102,0.023426004678707146
2023-06-09,-0.03442940785151194,-0.025442692688763646,-0.018891278587771065,-0.053467826927613094,-0.002908728503221658,0.04726457297079012,-0.011163704721269041,0.0012247187716756258,0.048257919683831085,-0.01565623285120188,0.012222100727165008,-0.00817327615361041,-0.0035863722820452804,0.008333323617845778,-0.008379226142896656
2023-06-16,-0.007799080792200042,0.020301027293158302,-0.04027189728612657,0.013310505097651193,0.01782836434989954,0.029540267185159896,0.033413173866343016,0.040550914887383716,0.03401486493895045,0.00818124973013079,0.05319488555130314,0.055483374067571534,0.005158921084414292,0.049127698856541224,0.0222588446873091
2023-06-23,-0.01553256367205369,-0.02063246707242461,-0.0035405101183455523,0.03555532034481179,-0.0006369648545540008,-0.007970202935921322,-0.01842871105581423,-0.018795073965277687,-0.014649121451623892,-0.0005543616754044578,0.0160425983705601,-0.029730552882685335,0.020291342911409327,-0.009390315018001805,-0.03689526875152627
2023-06-30,0.009843914081305583,0.055731164799301736,0.024213848904228064,0.013760515772434978,0.021669703435897247,0.013122561228146257,0.015402167894901675,0.015860378207898318,0.01081326617541789,0.0606686299639938,0.033180549538558424,0.010454995258298405,0.02801819452998977,0.021897807512098133,0.026899798384766305
2023-07-07,0.003763891237982264,-0.0039686590371211805,0.01721698643169689,0.02223986292887492,0.019962493574898765,0.018239634682424732,0.0372009080811857,0.0005199214625211113,0.005960714665221634,-0.015119736394146543,0.004438196986573217,0.009424824554143507,-0.009445238393403943,-0.003571476525532913,0.025073880073534838
2023-07-14,0.008362489353944014,0.0719817505713034,0.023241005173244567,0.06284619953213832,0.03516812616548837,-0.026739377902256556,0.009607216137390573,0.010121515062391229,0.015570402557353313,0.03596595197364505,-0.00976924393963352,0.00496481365282575,0.018438629080528957,0.04973127022247392,-0.019290056740997263
2023-07-21,0.05414657724093308,-0.06616639737703023,-0.0008639407739883254,-0.001813023357322141,0.007681110326883234,0.04081101209851723,0.037111378191272415,-0.0067204064917767425,-0.016792726083183385,0.02255468666772109,0.03852086162795709,0.006400050323552842,-0.0005639330813612675,-0.004694898553942672,0.015107008375870201
2023-07-28,-0.04738092512534309,0.006683682363361365,-0.014702301969368392,-0.08706384213190921,0.007329277112408716,0.07637079853447659,-0.044856698917305704,-0.02182745121133356,-0.028462498362182176,0.04140450992963829,0.055746855601034984,0.0272916981359006,0.010270780217908504,0.034305360612590485,0.03809310955697209
2023-08-04,-0.019626627219805015,0.028235723937740875,0.025329137780867317,0.07712745873569093,0.009022020536686437,0.037857398095767936,-0.02881849476607956,-0.0011744307026916312,-0.021383320149979568,0.00035124112174167443,0.011920140228034226,-0.0685719711618461,-0.006088593080506133,-0.013267041488842168,-0.050329667060403205
2023-08-11,-0.025591484992571023,-0.004715948433252848,0.01027270669946212,0.038504108016849115,0.022209361535508565,-0.009037053109702708,-0.013627905849953659,-0.027259464940493694,-0.060060473268783054,-0.005794765261013302,0.03070144014150822,-0.014888547206665326,-0.01697428332954154,0.010924380137880885,-0.015623354732663963
2023-08-18,-0.02269114860663668,0.012355655397654708,-0.0032683607627344013,-0.007906805233458547,-0.007931706169768127,0.010093829380566133,-0.015821771643234395,-0.0005677342444210254,0.005487509057648721,0.0022519209124667317,0.008835591118408148,-0.009959935405549403,-0.0164264463554763,-0.037406446213274935,-0.016493773528401423
2023-08-25,0.016021191137879143,0.02253752728136993,-0.004857783458064868,-0.017591780522964173,-0.003422686886953241,0.01278186860374686,0.003849353482177076,0.016422635147131937,-0.0020397465802761694,-0.025200369436675363,-0.016205742189947636,0.003537126483299735,0.020146035041120447,0.00949912340893011,0.0025313794172101556
2023-09-01,-0.004356745165415732,0.016724138452328452,0.016231224230470964,0.032408727088579115,0.04035484437362169,0.05874267013158185,-0.005187851100365459,-0.01230158590164987,-0.009158502692482084,0.002440331668309481,-0.03472769202713588,-0.005169028422678856,-0.008643419108687156,0.08682633044163945,0.058916336109965606
2023-09-08,0.012478179987113647,0.01783444793986444,0.03278492727260196,0.028418878206536213,0.014855497296539344,0.04139564279845809,0.0036277496610093163,-0.0014739932878172768,0.012521244978459745,0.0193418819418798,0.0009411574832665082,0.029915276643121658,0.022980530269494315,0.019283749729117616,0.07302535423219947
2023-09-15,0.011543638013546298,0.028578993596076296,0.02569766064136214,0.029375830897236055,0.011927325390867383,-0.016857455051643044,0.01287688709607715,0.03377234547735264,-0.0016847516121832884,0.017117199391509796,0.04221148894116333,0.021393429169500378,0.05678162963755273,0.018918859201465077,-0.014073982350217173
2023-09-22,-0.03167212310619438,-0.010220957890143434,-0.0511279362167244,0.004076714682587523,-0.00830409873577953,0.0074089820988518795,-0.011709496203729186,-0.003969289546172039,0.0070154040370549176,-0.015176624223903978,-0.051971857320675885,-0.020081278651149725,-0.0264380017138357,-0.03940878262867731,-0.029770971719408457
2023-09-29,-0.011813597603648973,-0.040570717266354195,-0.029749138081523907,-0.06323970064338291,0.0364667333359725,0.03193944298015228,0.002933754188741977,-0.001136104743074795,-0.006024646371930453,0.023225980839618243,0.012678769420384706,0.029702224380671494,0.01645809781827312,0.01696243135194586,0.027780489775224293
2023-10-06,0.00472427851619206,0.03012989635118979,0.004432912790776511,-0.00482512493578191,-0.054208990916085886,-0.040724874711658976,-0.005063029253964735,0.018009981673526188,0.0002866697875083535,-0.02705740844594673,-0.029013787848250483,-0.015084604485093078,-0.00037773534268148445,-0.023273728352234624,0.03352797356848969
2023-10-13,0.01037904829002656,-0.032156678489201784,0.007846034329120677,-0.018736161858297407,0.019013454979489586,0.0275950153005049,0.0140224276823957,0.028024114092959795,0.007987184941632863,0.015967372231478594,0.006507185193683762,-0.008487737973200793,0.030397868940864603,-0.006751480225575812,0.035903051605345127
2023-10-20,0.0043132904293814445,-0.0027249892814588117,-0.04670971990881578,-0.01959623513912745,0.007030632705250506,-0.004337950507156019,-0.02241554560655401,0.030794956042199617,0.0011586491869965965,-0.002706732988725924,0.01998077569315182,-0.00792249023650582,-0.009431942442263197,-0.015593777310204282,-0.028501203223561866
2023-10-27,-0.037805193714630536,-0.020342140551988575,-0.02424380324000175,-0.04283765895417402,-0.007787272106793641,-0.018257209769978133,-0.010380956568137978,-0.009174334825625241,-0.014344993996546762,-0.02705293360637029,-0.03088359185955558,-0.029602824496206104,-0.03237415247199882,-0.02599507988809513,-0.029065464217928327
2023-11-03,0.017942211360005622,0.006302676646336547,0.003138457985475185,0.022101384936023205,0.028416880552529777,5.50389010538499e-05,-0.00115279756279707,0.003389559740347492,0.005593244995100388,0.02681532047311075,-0.024873543101791795,0.06687079912663085,0.01765804077017563,-0.021684757184794456,0.11134932046496804
2023-11-10,0.007038718075812689,-0.014542361340907584,-0.011080832634681959,0.00445673049052564,0.03105263255956081,0.035843801298708566,0.0076169660432454656,0.005756374634669381,0.03136886353831714,0.033520349603202826,0.030752145870141412,0.024315051621041528,0.005103401154249232,0.023444198260685223,0.01711848982043751
2023-11-17,0.010971483358944045,0.05018814894839618,0.042446723236082784,0.05675864364023098,0.0022971241133700193,0.03645722226705317,0.006184804475934724,0.009771265680844854,0.007763817340225909,0.012930938204597897,0.034406223076082876,0.03797478501492724,0.012613503613231769,0.042898757904825446,0.041415815510878806
2023-11-24,-0.011674128344917323,-0.00010421590660925073,0.0015175208396234208,-0.004073894067523232,-0.00940812622102094,0.009141500052675777,-0.0033011231540555075,-0.009604815921943621,-0.015715418386235136,0.0007113147772652706,0.006165869160183357,-0.014172516017840975,0.027288212017402946,0.0059903659919293695,-0.0028520618995936386
2023-12-01,0.0037271075616187588,0.010365909681745222,0.029419077891415846,0.01895063280993048,0.03018261303999248,0.05927542574506384,0.02740981885444116,0.008270849897792143,0.07032504869049605,0.029947164654211322,0.018286792622379977,0.03514902275820475,0.0426962937738693,0.03215566381139712,-0.00015887344501497314
2023-12-08,0.050242797656309346,0.026750614270223183,0.036673722174972445,0.003891765348727372,0.007196072322368741,0.059862397505443976,-0.0014451458733388822,0.018530355787740982,-0.00574357984123286,0.003695221173301455,0.0025220867794246704,-0.006402904534410281,-0.014240668740712059,-0.006153866355768534,0.03281690761658029
2023-12-15,0.006608782806531988,0.058511898966626674,0.0566728086174082,0.06594287163199519,0.026027052930623018,0.0703385529920002,0.02014923571414151,-0.017071741560084508,-0.0057262476537940366,-4.039932397115198e-05,-0.030266032608959437,-0.0007470559706554969,-0.007698002723214636,0.056114488702319276,0.08524387604040085
2023-12-22,0.005349665774200263,-0.009819997621642651,0.03605428730090532,-0.023696533014221477,0.014424334047971055,-0.0075386747235718365,-0.006547310934456929,0.04112410961882129,0.050306270909971085,0.006392893004868894,0.006843234889918781,-0.0017653805836320702,-0.0030225881848137126,-0.021253017124182927,0.015099902300075962
2023-12-29,0.02558447432449773,-0.012796838044359493,0.018696600056017143,-0.001960395971737361,0.005393408473885364,0.027576028503182526,0.015158161216233257,0.047770114432934774,0.03436289106666113,0.012704466206654441,0.030243247719390354,0.029360802334444935,0.04310036262217776,0.045301319573035626,0.014596149016266269
2024-01-05,-0.031707030194667474,-0.00670805535849861,-0.031190227791037195,-0.019133298528552833,0.05559632081753629,0.012212734879265774,0.025643759941987865,0.0031489450042516687,-0.012381871719785553,0.03235547950560669,0.006510979966132924,0.00879179078632819,0.013950904850538848,-0.0426218814929773,0.036549964411670244
2024-01-12,-0.007766808842442741,0.05233095582036906,0.01938234717036491,0.047865015673794975,0.03210896560485299,-0.007302597101623065,-0.015296940701878259,-0.04380429625686366,-0.022997350127807126,0.019804651019195374,-0.02515571221456936,0.0072036138460078725,0.02842522605810882,0.012345663243661598,0.06321810550736218
2024-01-19,-0.03761079029631431,0.028801725225509278,0.042109842157567856,0.06257406022984902,0.0834826373241564,-0.013433594273009053,0.010284872987844418,-0.013904316631131897,-0.002417017990455017,0.007277833510370035,-0.0036298848680219598,0.051581269781736605,0.045199151914759206,-0.007760396736892772,-0.01873718320656237
2024-01-26,0.002323935046171677,0.00596673992365182,-0.028961323358438373,-0.04881647191949501,-0.03305107333539048,0.020424821874786447,-0.03361599521869918,-0.012728170329634136,0.0006325369052566643,0.024483516628010404,0.03304390082836828,0.012174530095446112,0.031600010606086526,-0.0037244446242115092,-0.034243454440611276
2024-02-02,0.03084696524960462,0.014528860983836767,0.027978784421947456,0.012140269122621783,0.09912409283298684,0.056393813287192174,-0.034127170094489845,-0.0003020099643059604,0.0013515645094874795,0.03533567835574991,0.03142349963317703,0.024591285125408202,-0.008401209596204717,0.0370094174539668,0.04323468004245523
2024-02-09,-0.04415910326444339,-0.014173184860544086,0.015109162163223111,-0.020215253279788903,0.0400389581819498,-0.013316130949018845,-0.04148825906875575,-0.012613686317577533,-0.034444547899353584,0.08957683652508908,0.019264876010382848,0.018479521602463578,-0.02654667747497308,0.018745392713416242,0.054267424965594335
2024-02-16,-0.004132127136827757,0.019348944283835712,0.10714649213194627,-0.0064832956875977565,0.0417509811179948,0.039550608870709825,-0.026233450384191115,0.0181916361918677,-0.01162623040394728,-0.016191154970463195,0.026202683972907037,0.02535202052766472,-0.00022320229848016293,0.007077236106307394,0.03463566457551415
2024-02-23,-0.006483243733626631,-0.014574152304223542,-0.012615053168259283,0.015124193157770582,-0.009100950000792363,0.0,0.0168067808756871,0.036721354698665776,0.004609621302694267,0.033974659001113405,0.0197874666024922,0.027211376734697312,0.00513390371734368,0.02213622772073154,0.04164252248980205
2024-03-01,0.0021462446272795255,-0.013209402660381175,-0.03180087774716678,-0.038154622632825985,-0.0060616918003538744,0.017024330166437895,-0.004618376979617533,0.008704925290740961,-0.001752347902621465,-0.001280973060179491,-0.038589683551121134,-0.10165992071177832,0.002620585569166334,0.030938436433697314,0.011843298946103475
2024-03-08,0.011778665680419076,-0.0231158132197975,-0.006935040269234194,0.012855587302502913,0.027906276151256293,0.02532771220132135,0.009890115904485741,-0.015568135867367605,-0.007823159459268592,0.02978998581954917,0.02108637359791099,-0.0060144043590961704,0.06290411415246244,0.048682900913989524,0.011429716409433688
2024-03-15,-0.005577533170911253,0.010857051404498774,0.00290980616494374,-0.004618976583326773,-0.0695793691344011,-0.10193087708183834,0.01342033296794165,0.01667339702392101,0.01739577783430213,-0.03580983698346474,-0.006206327120681032,-0.010845110667280444,0.016920945221068573,-0.0988871642647775,-0.10496573192022207
2024-03-22,0.021917858682288127,-0.07659114009406653,-0.05783365985750044,-0.015247107438187246,0.01739133679319793,0.026715309023220613,0.022667709136796166,-0.011618280720599894,-0.021953422822366342,0.03920676889596808,-0.012999375639781263,0.06563366698864725,0.013196595421180568,0.0712775083643602,0.0512322707164683
2024-03-29,0.005122693339179252,-0.0071578354827704915,-0.014370679131331943,-0.011523574771920453,0.01823352727636296,0.03402587842059268,-0.0005833805185223584,0.019021547740648792,0.009506624404297837,0.007240984895504843,-0.0073026246548155704,-0.002995665671529535,-0.006067384172521839,0.026679824223663662,0.03591634320837356
2024-04-05,-0.000195966403945258,-0.012649788433329645,0.010310283075670057,0.012258695821023124,-0.0003730036595177566,0.05583701710918043,-0.0018675803454418771,-0.03229918533900422,-0.01999488175176456,-0.007127201928254445,0.003475268574001822,0.006441918684000125,-0.03060392554357705,0.04812321455675117,0.009866159259404261
2024-04-12,0.015628809446676772,0.003819940674227418,-0.029481527934543617,-0.016859220228045424,-0.008397073037954894,0.020307522895555152,0.005964194031530479,-0.0005713892799596998,-0.012736171501892768,-0.04288382306930705,-0.015446896206553484,0.0013755819792076185,0.029009313165734518,0.0009182361744046741,0.0030358773885399426
2024-04-19,-0.011251727307401316,-0.049503265114290596,-0.03823691584918376,-0.03900637875226287,0.03594267551654773,-0.030960901362324655,-0.01243893119298134,-0.038837695151617724,-0.01756191524254891,-0.011168832431066478,-0.02317611348445514,-0.03699339771366894,0.05177254947520171,-0.008562706639819062,-0.05827643706559482
2024-04-26,-0.10272497291212723,0.013463302347566986,0.02617351165129822,0.07129372251688681,0.0277929515139288,0.015547216374415251,0.03590332976889399,0.018480517063820923,0.02830796631505894,-0.010671089057041061,0.05203743401614869,0.014433775127818294,0.028704427916405262,0.02282542228746265,0.061181539571044885
2024-05-03,-0.03842091814114934,-0.009753494395528639,-0.015604908767666403,-0.022130933876258085,0.011311541671364056,0.025140418344244297,-0.008068179792278918,-0.010733965777511956,-0.011634342562802935,0.003053359021951474,0.015586767279325064,-0.03978523042919746,-0.03665156035821859,0.004222010878171867,-0.03281932138452526
2024-05-10,0.05253121352611223,0.006072082161239667,-0.01202576993898774,0.0111560302210576,-0.055400281210685964,-0.025893932226383587,-0.007102606551735335,0.03139116888242355,0.06790874173593431,-0.0030440644004510187,-0.06749306007369427,-0.027813832488306156,0.018592367839477708,-0.02552562287636362,-0.0596106177378124
2024-05-17,0.04213893525823287,0.013614983844896233,0.02025011517464792,0.032426306586177844,0.026641960406055043,0.027988814847692556,0.006807384451277265,-0.034620193200441074,0.003947176053745061,0.01649451368178889,-0.020511641143416415,0.018930323274703342,0.033278311937408045,0.03143309682708062,0.02772903914472047
2024-05-24,0.004067117507107421,0.014401434117783829,0.00574828526048643,0.012525102502413343,0.020904786193141733,0.025995329144963275,-0.00022923392286422484,0.009098231251513766,0.030255010869745913,-0.029188946165129903,0.011414693368887452,-0.006500796683260979,0.03276438319692221,0.04481617197391641,-0.010132557546487009
2024-05-31,-0.01353149147679622,-0.02051109479873925,-0.054890482935802565,-0.07058842271755472,-0.06672557958694825,-0.04253910961449647,-0.022352060242614935,-0.04572994778888195,-0.011620855634831728,-0.018093762783828238,-0.01259859062588875,-0.012706414720979553,-0.011343113127295523,-0.04375186368902895,-0.029161466616478893
2024-06-07,0.0436206343583001,0.09005601189854784,0.10577356373255387,0.1214132978152842,-0.014942331507843631,0.0044568546667318465,0.048762175516305906,0.06265663707462887,0.05478021445169712,0.032230433307785855,0.04652216107817719,0.030029704666499235,0.03824430694599279,0.06997614721343615,0.0340832653687837
2024-06-14,-0.02081313784229033,-0.029147053814980728,-0.014549598039051093,-0.004464506734059626,0.057603687385313185,0.021769306323856652,-0.018217078724671376,0.01600425926579896,-0.01279389889833138,0.006072309980088342,0.003951444826515438,0.03209725028761001,0.0015084992244251971,0.023756199000889877,0.04167403708335926
2024-06-21,0.03403795249679664,0.029417662442192682,0.027329833725530772,0.020671741554610712,-0.0208786554883158,-0.02347681633000598,-0.02678876482562398,-0.01734509680861762,-0.011745277863864256,-0.03215694508528033,-0.012127698249886909,-0.006057078076115663,-0.007951463557672511,0.0022680944243100853,-0.02560887081918728
2024-06-28,0.015121180126034917,0.02221577149724574,0.049536271831188694,0.02182442389952377,0.016873756716924593,0.05155657316613227,0.012631049132228345,0.02131371712633512,0.02724996121881218,0.036530872824399596,0.06502591340793762,0.002544626570732733,0.01977321270960486,-0.032955494021542076,-0.03661957966595131
2024-07-05,0.027850350177647032,0.051507780520814395,0.039331754961213994,0.02167308931378975,0.05105765893916714,0.0038323473673362862,0.020593103456089334,0.008817850562465868,0.013012331717879633,0.031265428747358825,0.018376022473686637,0.023093600612739573,-0.00993727848603898,0.004022857339633479,0.009760516439305977
2024-07-12,-0.010714159320427186,0.03903001623140279,0.04681381311715693,0.029903943617681117,0.06557946837522177,-0.006977400844223269,0.05857255339781964,0.013538540298139612,0.04331323720415958,0.008863663330462845,0.030590526067138413,0.004005488856527517,0.0024831087241319327,-0.03445713272936857,-0.013328525872105423
2024-07-19,-0.005048669599541644,0.04743687027891741,-0.005266493679819573,0.009288983509823767,0.040866061841641654,-0.033143403671166194,0.03376529832310582,4.490627111275458e-05,0.015707615654653617,-0.005483994066764475,-0.006571029009336815,0.0044147099438163195,0.019884836529942884,-0.06473412700099712,-0.006450041815703633
2024-07-26,-0.004254545567573542,0.04793782201329666,-0.05814790428567229,0.03335788679039986,0.03738474345367182,0.08679574509626287,0.058265864440420145,-0.046557748262718635,-0.0008763596966413489,0.0928186471773167,0.0365658176614192,0.044281188047429865,0.03601840314682914,0.030297312416324162,0.01629106221323906
2024-08-02,-0.005733692823156389,-0.030709603753625636,-0.04315922811729189,-0.02170460007324826,-0.004523547270149586,0.05904615873261032,-0.026085290629933366,0.007347934606038775,-0.02595852365180007,0.010150223952770432,0.012429658468799953,0.00684221194246426,-0.013602653609496307,-0.026637979717169857,0.023594040250277004
2024-08-09,-0.01874183505114746,-0.027701411753732974,-0.021607195268482315,-0.0006632704277115264,0.007421829220961351,-0.013840072192225605,0.013903119457899127,0.0038473687901587894,0.016548934352972555,0.0021077420586124163,0.0070862776650315595,-0.01822617529432169,-0.014420266167633145,-0.040513256417996746,-0.016045910923808027
2024-08-16,0.004322889053745449,0.049809341216957126,0.050783711707383716,0.05216700102460492,-0.008870795226967543,-0.03068310544692121,0.013611584602317928,0.008284544811299588,-0.0018552705023117122,0.004293243452676565,-0.03135377609252654,0.016595364096784415,0.013284654432128562,-0.015084547390618819,0.043326522337080675
2024-08-23,0.02289997596056148,0.0016945029669870326,-0.007457556893824879,0.008263353866913237,-0.02494815635818315,0.009797726643993254,0.006266804039392948,0.0014848421052424676,0.010995460024596282,0.01893554025612665,0.023684018260020867,0.02599123398467018,0.01563815091820442,0.03130008181495314,-0.020071560268790867
2024-08-30,-0.020462089319266297,0.04382158646992096,0.05074145637037364,0.0238363912999906,0.03715885678483333,0.035452185372858214,-0.007710534226763821,-0.011248515659332048,0.010806852750054663,0.02584829340053263,0.011050481939843593,0.00973652894581667,0.054620872075045845,-0.00933854633358866,-0.005179534072773384
2024-09-06,-0.0093498219490733,-0.02153112093798104,-0.03306085302496431,-0.008096432907256812,-0.0663641859098062,-0.0514175997264924,-0.0003985249438795968,0.00097960404181352,-0.00199827597698643,0.0015919653120286537,-0.051796667253604545,-0.002988058817444572,-0.03133940810364699,-0.010081214740838562,-0.03650451416975864
2024-09-13,0.03185678045750828,0.02221522394160358,0.05762588668541202,0.020206328658565642,-0.056185185007791794,0.016717280479147778,0.02421766094657829,0.011265574257604216,0.049550440815090635,0.016003996620781002,-0.0009673459102517157,0.01626655076753103,0.061848206262013594,0.015011351781502036,0.06060786772428406
2024-09-20,0.046227377082392884,-0.019726315055384025,-0.020886315992676763,-0.02053072904227038,-0.01784176827211248,0.05617853769492287,0.0010703394712623382,0.06642570242370027,0.01262819689133532,0.006473298515565551,-0.016447254862293037,0.009046697660966885,0.04729423924721732,-0.009577148740367192,0.01621120916011498
2024-09-27,-0.016828611789782788,0.0005247054851962307,0.005008364069997828,-0.007891365053449229,0.03825327131447942,0.030545977231082988,0.01613532005530538,0.01709546998253675,0.009379130897273491,0.04445926690274504,0.030338118013901516,0.021369085918954367,0.013348905891844565,0.09557943012798287,0.041533773865196855
2024-10-04,-0.03388606975578923,0.005978778007899033,-0.015227163099304941,0.004474175141878867,-0.006561259287652499,-0.014763038882651847,-0.03663663094719816,-0.05373849126208341,-0.010017862250081944,-0.019833658129575604,-0.01728172886518864,-0.06364383379288474,-0.05401818280063764,0.0012008704061803321,-0.07570713094420156
2024-10-11,0.040574974199333314,0.008836602273617489,-0.00983969433944043,0.018930324571559742,-0.009144944709539526,-0.01846899777494848,-0.030483644434781243,-0.03323528771236273,-0.036658048597224435,-0.004240839700321297,-0.005133174981386324,0.03097309447551755,0.02833813250358541,-0.03652173696967387,0.0020714567088979674
2024-10-18,-0.006029565111214441,-0.028680745052833356,0.03851981898250467,0.024801972385746884,-0.03161847468743351,0.005798742673577051,-0.003072567069777876,-0.06431635350162823,-0.015271284670040797,0.004416579982459146,0.021502612706818303,-7.154870115566592e-05,0.012119190456514328,-0.032802260453032916,0.03372313948766825
2024-10-25,-0.05462177073257346,-0.009336973264442494,-0.009477841305873258,0.016914413333525502,-0.06794925538646568,-0.06130135066554154,-0.009040448271603552,-0.03810234597207163,-0.036995605526228825,-0.026147023417152693,-0.03358499638542678,-0.005448985113080007,-0.02450455289525022,-0.06132949352237016,-0.1121522378213392
2024-11-01,-0.013822527826515496,-0.04358144687742249,0.014536866264514225,-0.05732492278832124,0.029161297385859042,0.03756063602666382,0.01658717917001007,0.009554465636284704,0.004171474248231943,-0.001075004432680715,-0.033263283096981344,0.012541547316412549,-0.02974188759332841,0.026669360287607136,0.06016731686978227
2024-11-08,0.0008025963804298986,0.03924240531616019,0.03201229016621876,0.048451909460863085,-0.03385476614194349,-0.03330494181939547,-0.02498469034093065,0.005849456042854362,0.009502811744645623,-0.026259138840799334,0.019093339698368794,0.05538296363359585,-0.028797612637623815,-0.014557532055017086,-0.045826956837832555
2024-11-15,-0.021709348801931316,0.01890762464269069,-0.004042250697781857,0.0036577828519852584,-0.044753281231715625,-0.06324653311418937,-0.025311169414667045,-0.04915820601870069,-0.14468912517862476,-0.022877998163823743,-0.04436560171194026,-0.07555849168060913,-0.012357526293952037,-0.06498615303071731,-0.02964374769470035
2024-11-22,0.0313544790154483,0.020219372840516447,0.008734839302709574,0.03552584915798218,0.0032827006000804015,-0.018926142350637498,0.018671561031500694,0.029549193347811586,-0.013680791623448929,0.015326286383387844,-0.009986225756505096,0.010851711824720889,0.012125162773487297,0.03478770574830525,0.05336307983913513
2024-11-29,0.002157215307914573,-0.02334082205070076,0.010845718598841758,-0.020114921761374638,0.045195459266656135,-0.0049256041408141105,0.004424349548607376,-0.005629104035106303,0.019140444445182148,-0.008020903729347939,-0.010004503360011463,-0.015313315306011543,0.036863572290207314,0.012326515368576096,0.02433402953297792
2024-12-06,0.006627972215171418,0.03474441775048809,0.029159888596910433,0.04117270320348121,0.013050159581762921,0.01608704155468943,-0.01174619957864853,0.014834684521739971,-0.014227355549842224,0.013448268423036591,0.04275135021418963,0.05921883907848691,-0.018006933079429355,0.02594441533027858,0.04119320631741075
2024-12-13,0.016151277118481522,0.040210175786810076,0.04237444948994451,0.007628393337554273,-0.022303328088143393,-0.03342366108732808,-0.0024408756353976324,-0.00630573643956156,-0.004260124481126448,0.004764894903573236,-0.005862676792418142,0.0036152677631691166,0.05250797832840126,0.0044507416792280985,0.016338916470325593
2024-12-20,-0.03439202427829835,-0.03878077301106464,-0.01532526143477353,-0.061428401107199604,-0.06745327527326639,-0.0669186158433831,-0.011382946540630878,-0.039937969370717585,-0.03133959352349358,-0.0025366260220517356,0.07806807046785313,-0.001067577161015465,-0.06163219882269633,-0.05552192399624245,-0.04610432622615823
2024-12-27,0.009377375216128137,-0.002809339284550072,0.012778442126631706,0.015183449355382184,-0.0008436303796053313,0.00525130223997583,0.030022535309659926,0.000970894144311174,0.015155110966811325,0.028968681531125196,0.03408620111446581,-0.0007446508256337969,0.013782423581329306,-0.012581661455838167,0.004995716747312029
2025-01-03,0.04474693064492685,0.011477755685302737,-0.04739545860411487,-0.01296996862609523,0.09282402888645014,0.014477612516934357,0.006268324703343486,0.03098438027843975,0.013586916118656145,-0.006232378829979401,-0.02648530646396008,0.00718295159996396,-0.0006250499580313651,-0.003959438698625917,-0.008145114426442057
2025-01-10,-0.044842776503045245,0.01454540710099006,0.020716434941470574,0.009559344456764096,0.015952704452124822,-0.09298221317017352,-0.040626210645497984,0.006808005448994514,0.021741371724710357,-0.03506067280713998,0.0012938590999596045,-0.03584376474259332,0.010663911390235148,-0.07899681808365133,-0.09166107008033753
2025-01-17,0.00136663493768574,-0.07702282987220643,-0.06188642624318663,-0.026559549113183145,0.013497200903035855,0.05806980567343012,-0.010564079688030414,-0.01365744719307449,-0.017168803110944486,0.000980584961145503,-0.03322510189311767,-0.02965138514143395,0.007178655324965089,0.022365211155604747,-0.00418811203888747
2025-01-24,0.07255773731540271,0.03304971287734371,0.13530748670439663,0.037794298481492516,-0.037738803006554855,-0.007665099932306685,0.0031802933433622282,-0.004194461107868364,0.050912550415940894,0.01995459180822179,-0.06491529229026816,-0.012163032713129462,0.01062981419345177,-0.004144898984601353,-0.07176231567689162
2025-01-31,0.008005510354834655,0.0023194558514672003,-0.006255064212439265,-0.028205784244354493,0.023780657634418167,0.00889014687742229,0.013360518282510725,0.04769256405179001,0.00550814658369525,-0.04294259300401704,-0.00575792522451446,0.009703434335672556,-0.011247601905154059,0.03761369863972841,0.07162889417838336
2025-02-07,0.014700480338941668,0.012687527023768519,0.019557491024103646,0.010540797296906268,-0.03333751040258914,-0.021759215889407435,-0.03720660946063681,-0.031925810243590536,-0.050520022141701815,0.009401438783882998,0.018934657183936165,-0.0029293439810293975,0.03102134160945158,0.027410397485745586,0.016643209678071536
2025-02-14,0.011999485691001954,-0.02482079349861188,-0.031131936014827888,-0.019502435062709655,-0.07392529038023266,-0.05237433431899308,-0.032782892901577765,-0.013145479286614692,0.014197788499644703,-0.028174778996239325,-0.03494846560905618,-0.07527822599181389,0.024034637971073636,-0.027763717232127227,-0.11109648160339403
2025-02-21,0.0003327980817788845,-0.022301203860931706,-0.00568003615673518,-0.005786204576022191,0.040780873190100264,0.08623281577513953,-0.022790923802037844,0.008698229730853102,-0.02181335626968295,-0.03337256065396055,-0.03780109647541996,0.007503398164873776,-0.045310339666217114,0.04677626812635505,0.019233674616460972
2025-02-28,-0.025652107585420802,-0.07013767801535842,-0.09368371386870666,-0.09799952234722042,-0.06106708854665832,-0.045364013234278855,-0.014716925659711277,-0.011422413021931033,-0.048935157728466905,-0.030722316738096778,-0.030647750557395215,-0.04193879034569248,-0.04212286239750895,-0.02529133693164687,-0.07387985226805438
2025-03-07,0.017052446165131574,-0.0010073939719936753,0.025751774148967232,0.0030245918606857103,0.03391790115139082,0.05811519893732209,0.02253170983133934,0.022286686014853396,0.03325023674265748,0.010073742550810838,0.015002128118490887,0.02701316672023335,0.03853010611539753,0.10466476929142066,0.049563397866171144
2025-03-14,0.025679438334929916,-0.06295962385193521,-0.0730336384462188,-0.03464324982507405,-0.03203237404109449,0.007130954453897775,0.020178257020763812,-0.020773247902758918,-0.004212093882412393,0.046075784105919615,-0.022325217905249328,-0.01776833077117712,0.0011037746095456935,-0.004486572982940085,-0.013417281206585696
2025-03-21,0.04730240646651884,0.008038766314165446,0.001136301029825093,-0.02179585150250629,0.07536711363103987,0.05845136544659968,-0.0157747949133481,0.03508295573791931,0.018135710059237642,0.06002564245253095,0.0832167987441601,0.08285766280358531,0.057151667831245145,0.042417702017198744,0.05743818519869137
2025-03-28,0.044348255691903704,-0.013751587748107585,-0.007756287301823428,0.006386389747540022,0.016335338155194723,0.01793335973153365,0.010356274788859476,-0.007977780417109503,0.025529657896127933,-0.027906995749849006,-0.046619102271484136,0.0007034353800197124,0.004403780508634547,-0.019328559160812997,-0.022129641648412135
2025-04-04,-0.018077508120426522,-0.07576469307145028,-0.060819853628695686,-0.06860573475530085,-0.08267725659768,-0.020134207024702144,-0.00012202999360400035,0.005065096654333523,0.01752112133709649,-0.01461344880156068,-0.02993359961769837,0.01486480369917742,0.005797762765795467,-0.08979512973325954,-0.039015507567160324
2025-04-11,-0.009732909698348502,-0.029070474550475955,-0.026593573789333358,-0.029296967411208907,0.019291209976037615,0.02768274906992052,0.028923603878895143,0.04387412251754963,0.06505567257356493,-0.01275334353381019,-0.0004054143758155382,0.009889076817302334,0.007542523205068985,-0.04964739352503633,-0.04641028833756389
2025-04-18,0.036424791507927434,0.007130492105077657,-0.011887435081645803,0.0191460727727244,0.05695195253064855,0.010830214374015545,0.013521547835636083,0.023376061083415056,0.0195131759316034,0.03789513632956787,0.04876060020314599,0.04314297407080425,0.07542979704820607,0.027881910881015992,0.0734445437301321
2025-04-25,0.00744933187082597,0.042761458270013986,0.016884763890167465,0.1187633415960383,0.011663743893604028,-0.020741745192095817,0.001287272285057428,-0.0012828588453511758,-0.006251587007276349,0.02049666199093969,0.009625446987956199,-0.017035514138104113,-0.038060475607163635,0.012469027887625828,-0.023677901527330847
2025-05-02,-0.010297497134377664,0.018038129208141296,0.003237827322577269,0.021956182653721124,-0.01457401365116795,-0.02174215829467352,0.003973809461040423,-0.03385116901191498,-0.02204594472374588,0.020812398075126026,0.0026387331639490252,-0.0035955441109193353,0.017059251847582058,0.018364965219425322,0.048580867189987886
2025-05-09,-0.03602695114158683,0.00046456368378211543,0.0013654803781746327,-0.00026772027474797344,-0.032050721364868306,-0.040005731016792834,-0.013853358699535856,-0.002744847409872908,0.025466893361196785,-0.043735592169171,-0.018677344672680007,-0.029734358210089296,0.00010823888057931441,0.009759677768562236,-0.07821401445592602
2025-05-16,0.0024249674950158617,0.054590099219031796,0.05082435110395189,0.08254678788969483,0.052391882035928816,0.024944032705018104,0.028686210794357514,0.03586494632112491,0.012049327489508155,-0.005673997489651139,0.06471139908713863,0.043588186043127086,-0.01861075698463066,0.1034458010477024,0.1332911608714189
2025-05-23,-0.0035100812943451576,-0.015787163907263868,-0.027328796148911483,-0.022696398296000897,-0.012253800113666613,0.00437188681772227,0.0013770687639627077,0.0023247872809355474,-0.0027265392477764383,-0.029569458342775357,-0.00048748280174137903,0.007056266025575075,0.009757438579099054,0.034401822291019624,0.08464874518652876
2025-05-30,-0.012423873200999358,0.012709133234028114,0.00933861693032112,-0.004049954081765006,-0.01981665825795509,-0.03105055296495185,-0.024174676443132648,-0.007538085628048807,0.004374426407668386,-0.0035637686433138693,0.017153130989098875,-0.02604563461765408,0.013375539120318303,-0.011965346758309181,0.027495116127805863
2025-06-06,-0.0006266554720351092,0.0007039633835326242,-0.004325743212120536,-0.0017789423239338298,0.002756901155220426,-0.0031445862384553713,0.007176214408899817,0.008763845838672069,0.01760274994026667,0.0009536733552726329,0.05570647314260868,0.009010880985877767,0.007542388626970986,0.0008866010705921301,0.10340290207300185
2025-06-13,0.016398246006238182,0.02442770540715844,0.046743623639478926,0.05594801713623432,0.047696470827395476,-0.0027039293788190255,-0.016981373744760164,-0.016713397030350574,-0.006687496726431541,0.005121524423566282,0.03149372691710073,0.007490144370386531,-0.015934144370389758,-0.034033992658547674,-0.03305498701116494
2025-06-20,0.029609895191301083,0.013046154945408617,0.024326574793404276,0.022362917836612706,0.001510811279564539,0.00979065744173191,0.011234570106509079,-0.006900280844285622,0.0030520036979428955,-0.013449484342826334,-0.02730270046429828,0.009864869230219897,0.05232554320195271,-0.0010517439817241403,0.0035242237913555297
2025-06-27,0.017559239291226714,-0.009181097646513758,-0.005590236884031818,-0.01279400819407328,-0.03596805824885618,0.009248125387565587,0.00023896472375994904,0.04164549275603058,0.03713983852408487,0.013512744189374537,-0.018335515921858114,0.034685336967251956,0.04667732587960716,0.06238077411932852,-0.00989176383275392
2025-07-04,-0.03537293840084499,0.020335826066797846,0.018864443743900283,0.006595159650149451,0.009924695570049824,-0.008276653228867836,-0.0145706898635658,-0.022710777465266063,-0.003969365393650115,-0.00669591560206706,0.004919285518676375,0.033522661543996746,-0.004883775453316197,0.009662398665147842,-0.011586671276182514
2025-07-11,0.0426330252256919,-0.02791489418187665,-0.04351056407845688,-0.03183910708838056,-0.014190303289472683,0.021460483247625506,0.010301805795118746,0.004471614647460154,-0.002252351362281302,0.000718261197431902,-0.034222557919811325,-0.048189622102333796,-0.04724373786588032,-0.019446629320022835,-0.02499998883011545
2025-07-18,-0.034959900727104865,-0.00551760920696609,0.03348829808529463,-0.03344767016784722,0.018820378321013687,-0.0017506863268053063,0.014275449686686148,0.028583308628414628,-0.0039940930077914105,0.012918611604920471,0.002231603929220727,0.01585648353296465,-0.0026056420600876207,0.01582825146317912,0.03692805800121923
2025-07-25,-0.007428124529592184,-0.044385617364348984,-0.029031636572362407,-0.05616889281947657,-0.024440713202905195,-0.026015826476798787,-0.03157897924589281,-0.07992862421844193,-0.02467094792846214,0.003188444210008967,0.01622269592907677,0.022591930606831845,0.019410852334136086,-0.005789240715456834,-0.02236161084206456
2025-08-01,-0.062223493864867696,-0.030415029115653525,-0.045043355077043934,-0.015801363586232853,-0.014565763217034844,-0.006902804129630846,0.01722037375228269,0.0008351407085229745,0.03646763644706663,-0.04078867861435642,-0.044839230856709045,-0.015665762760761037,-0.02760721639529007,-0.05215882063411792,-0.052297901809607805
2025-08-08,-0.01992575464202262,-0.03164121580322943,-0.01524193597826029,0.0289130145859815,-0.014147496371626933,0.01163493602692589,-0.004682425694178871,-0.036679017562106564,-0.058710435695264906,-0.02626241461708745,-0.007537230492757563,-0.0363192001402205,-0.013691378780950614,0.03228545666415905,-0.03884746268262784
2025-08-15,0.01305885899345749,0.01728616006567818,0.03246182492779304,0.004255507946336223,0.014993176557454468,0.013741590870067544,-0.007358286104247935,-0.006475137234243422,-0.01568590410202131,0.0343436816500009,0.040449123498720096,0.10402997163022731,0.008178213236214482,-0.01677734395990471,0.005821676360913797
2025-08-22,0.004246333716273032,0.02749190546340441,0.0074145887383074705,0.012309193372139093,-0.0027433674516410544,-0.006925021105046003,-0.03196023837744277,0.06746826881443524,0.045827488404385,0.0002436837538735137,0.0136464144561117,0.014209652023318142,0.03175366282998948,0.020927209935651447,0.01463638906847442
2025-08-29,-0.013238727503942505,-0.012033637697674626,0.0030968970031832743,-0.015680998008436475,-0.01091877144982345,-0.028041588355364633,0.02874728525718373,-0.005761513164173726,0.05022085488888517,-0.028809877989725896,-0.013697597485419655,-0.0394446635440493,-0.023017628757084574,-0.025670241082777823,-0.030817653746052942
2025-09-05,-0.007549855628290025,-0.017011385037384086,-0.02301435644808736,-0.002362698528569407,0.007062634876229712,0.013670510245543221,-0.005857230609259467,0.04523437664155172,0.04326927010882908,-0.000564512185219912,0.006348701578757332,0.02555852056389729,0.0034413259359593606,0.08544802052213862,0.022325957270239893
2025-09-12,0.013775317595657866,0.05607087201712857,0.03393938992300094,0.03220792623684865,-0.0037586601103507533,0.00912686403268781,0.015711253988470508,0.007529981094433147,0.028143510818230633,0.014432836047026942,0.03832502600309162,0.008969155783064897,0.0038516110401110026,0.012523880773063656,0.0037721338641281132
2025-09-19,0.029762260888380743,0.009570030454284506,0.015638584869877903,0.018551285776990944,0.01474816617732011,0.020952647696777404,-0.007492454711249263,-0.018971695188488957,-0.028413639786740164,0.02437210267764467,0.003797383442150526,-0.008635491298585318,0.0314307428181031,0.01001295648684275,0.025448359975836832
2025-09-26,-0.01782377349044828,-0.0592779953988275,-0.07866970856503419,-0.09402765371662336,0.005619160172091631,-0.0022147218984325256,-0.013515151302588402,-0.026705737927221085,-0.024548962811576147,-0.04184787706646809,-0.05190277842967861,-0.037981122212016105,-0.023338806523686806,-0.023792949527451368,-0.07927225440103858
2025-10-03,0.05298779595405256,-0.0015874601398065957,0.022184514637438868,-0.00504363759708093,0.02369551895423716,0.012133720076025867,-0.0019747949950265076,0.006279146608001662,0.012161097651417263,0.028045667751942283,-0.003990115978246944,-0.008055935552515603,-0.01038299277456689,0.03470743926207431,0.01836462345435952
2025-10-10,0.02361340090955455,0.047214170912313946,0.03203589226643899,0.040411236101860926,0.01099886184930976,-0.006725062793305203,-0.003710096924362416,0.025301177895237448,-0.020191946466063482,0.024337924536794064,0.013059837378016859,0.031075920621511877,0.022776407412355537,0.0037526112373160725,0.0150850795435169
2025-10-17,0.02590581526039326,-0.048716124234550406,-0.031363110556700935,-0.006587977776463472,0.005480294666597052,0.0038268821239428874,0.02321243872440437,0.07503132075184604,0.03602152074012466,0.004907504893608028,-0.0067225367280008275,0.028707206706278132,0.03716685189496771,-0.009432849339999771,0.037489815953255956
2025-10-24,-0.00852303063602522,0.058497057209671466,0.008634246287533065,0.014728460698256729,0.02935120869546015,-0.00410556022055153,0.011282350676357744,-0.005816235903269074,-0.004931816418001667,0.011851565243693907,0.022055853871556064,-0.00809978871301531,0.008598460888955106,0.01289047607679561,0.005859770463486402
2025-10-31,-0.03877454471166908,-0.013378548568055093,-0.009506914374244113,-0.020155379369910187,0.0016080266908709007,-0.007803301896354253,0.008517368349880705,-0.008112335657964098,-0.035767343977337385,-0.004885212939397587,-0.06699903062373413,-0.019968048773617686,0.01241803746254977,0.04815401198917746,-0.020972248913464164
2025-11-07,-0.0066121175572232405,-0.003710477737259743,-0.017368142591509983,-0.026467384088637025,-0.012413299198123284,-0.023983758056068782,-0.038777293307907246,-0.006999120103411416,0.05499865998613118,0.00041406627508511207,0.006513032475921721,-0.005077441287723694,-0.025943066602387654,-0.008039790536673141,0.004231427775700292
2025-11-14,-0.004118195067651875,0.017605581766602985,0.03332058949757544,0.03785971114998565,0.005818318211149531,0.007206398521532265,0.01014725364070479,0.007048453073012606,-0.0574908261292606,0.03884355887267055,0.03368173567961397,-0.02898463555858577,0.04972021746163735,-0.039201658170395226,0.007110360565817819
2025-11-21,0.0038947431550946376,0.028080910665310377,0.0004911347616516348,0.015494765605283956,-0.0026251997095180224,-0.005480339221024422,-0.0007350043776399584,0.007156324156114335,0.0016369192217102757,0.012862066581874387,-0.0016854139182358452,-0.003975490565680473,0.029513891340583465,-0.035923272290923736,-0.051644067274820626
2025-11-28,0.017530461912944828,0.009773453070692106,0.020614296343978378,0.03817991654208819,-0.014982767553215148,-0.0006122297985345915,-0.008826775501901807,-0.015304137192518885,0.005676942299150944,0.02916224399708045,0.011978493778376675,-0.00750904638753469,-0.02825159896432672,-0.00023805158117973235,-0.0024126719594300683
2025-12-05,0.014357044835069388,0.03595923399222256,0.041598211858365985,0.035259998233578616,-0.00830426775414439,-0.009649279953824808,0.0017316085179208685,-0.0112599931118742,0.019671586020879817,-0.014358992086846767,0.013028263784916394,-0.019903253365983087,0.0034258833936289257,-0.005060820527751031,-0.00532059588009115
2025-12-12,0.01006999993048674,-0.011137256717575372,0.002654765378165891,0.004838279769170395,-0.013306737942211266,0.0054128998093301295,-0.011976772014374748,-0.006897042135481035,-0.007632988955824982,-0.006536331257455119,0.0032152259289628393,-0.012309603093138666,-0.012044843967185637,0.028603982189342014,-0.02827368008719089
2025-12-19,-0.007856260482369981,0.025341037968990232,0.014773656336421137,0.021604185691956213,-0.021552860251448647,-0.015843652502510075,0.00237440993729221,0.0049261015062727065,0.03169643523986365,-0.027097872078548413,-0.0008599014555812357,-0.012463017896790829,0.006863803602070062,-0.018616586100917987,-0.011724337266953322
2025-12-26,0.0021764414598188786,0.010618200714145987,0.006995492887020616,-0.00012403869044030902,0.007041949384982926,0.013129069613653899,0.007729716805560116,0.022661466192125612,-0.011551714825992598,-0.014556743441720976,-0.006962883044343227,0.02046345209321143,0.003670663026841048,0.002549048715809743,0.005497664384519485
2026-01-02,0.014277776800768471,-0.009480087711708385,0.01013893791851972,-0.00018604227719476452,0.02954852928602314,0.08639309408540186,-0.13386132570078757,0.005579120325812648,-0.007956930830395503,0.0049433147188302495,-0.0103994355717546,-0.003703184593734199,0.00042763870517759095,0.08136234695996447,0.00460434134283072
2026-01-09,-0.031114794540273993,-0.016032738909568134,-0.02620802003832523,-0.018486409355340294,-0.030522727837215213,-0.04572558987260589,-0.0368517268601003,0.015159790932399275,-0.0011696756304747646,0.0010996138199037553,-0.036621354434032916,0.017813302142369425,-0.037601566258541386,-0.024496959861105894,-0.03910052427667432
2026-01-16,-0.016832763482762303,0.04689925607117429,0.020996332193247813,0.05580838376440789,0.055875943174202636,0.030803525182410585,-0.02357999880386974,0.012932157646393438,-0.013216178414131696,-0.035262143759519415,-0.028592575793583208,-0.002893954683075184,-0.005278479183346452,0.05498883494043838,-0.031375863794734116
2026-01-23,0.010999520466434154,-0.011243918286808596,-0.1086185272284026,0.018317879376667623,-0.006877807937486713,-0.027861921289257796,-0.017618551177332797,-0.01679463426382788,-0.01076548128100796,-0.0221703190932786,0.05112711206474474,-0.059774717635955876,-0.015721099279748185,-0.0031879230450089224,-0.09448323248653723
2026-01-30,-0.03500476087769633,-0.0178357779206757,0.019363173897149144,0.0246898900801491,0.09569391476343636,0.05732100467621293,-0.0038651623922421052,0.0298345511492204,0.004370223404690732,-0.02242780860156013,-0.014163200771824203,0.023151566931764345,-0.008061676373794513,0.0294227390891717,0.08038063262750827
2026-02-06,0.03517161532835078,-0.08159665197737043,-0.026086882312094883,-0.07067867307390951,-3.704711068541755e-05,0.033162990109601775,0.03252518775631974,-0.016559075375113363,0.008616948033862926,0.06946086820081576,0.01896399198369636,0.027584150975294763,0.035404089735365574,0.020348965666281194,0.04404248634389729
2026-02-13,-0.0040251270419413565,-0.0915665962578337,-0.07207876477225761,-0.05278102071268975,-0.005763303860626179,-0.005615635834869015,-0.036985829357058186,-0.015882745335867643,0.011757797681898552,0.0014158162611432878,0.021672562942684603,0.054526423963829895,-0.016532564462775512,0.031056526963295417,-0.05627120569383359
2026-02-20,0.0016640863807486639,-0.011613477624147772,-0.019757974436733772,-0.05050832862299692,0.06659350299595301,0.027410501947744637,0.042231044010367036,0.008732314008702335,0.019730777256744325,0.01584685033494182,0.009699586672661242,0.0110189606831812,-0.013617997840722817,0.025494636588927477,0.004629583496330136
2026-02-27,-0.014595877922377043,-0.03924027149433862,-0.04240920688464589,-0.06802109858943284,0.003768233746801908,0.023997805058348698,-0.04097857896519996,-0.0016232299545747564,-0.015741636207749377,0.007306932842012115,0.0046080097569418665,0.027050066537603445,-0.049610539828403466,0.019053580698048078,-0.040441796400117136
2026-03-06,-0.03709066807364492,0.006384179620352537,-0.027667299394281808,-0.019222400285130226,-0.002681444287692236,-0.0034040005596887024,-0.012436227422438217,-0.030424985018017825,-0.003248581531572925,0.035923964169607636,0.013604856170399637,-0.012401712870768522,-0.004522989589106241,-0.06532282398688127,-0.043553827596208516
2026-03-13,-0.08241615523150325,-0.045933969067575964,0.011156662586463195,0.0008261101207425181,-0.05323536638705806,0.01011562281075884,-0.026638634451888854,-0.04008303937348112,-0.029166000827383076,0.0012226100490180247,-0.00882034005428789,-0.02259043054527954,-0.03602741042932278,-0.07533011615596974,-0.06025446082234287
2026-03-20,-0.0002725782679204869,0.006088231400747768,-0.033809155946662894,0.039015579112042564,0.004922331552159154,-0.00910391439424696,-0.004976006515844955,-0.007153535747834394,-0.0327107164760152,-0.01359899859566438,0.005107126944985385,-0.02456951931056528,0.02367751083699643,0.07225772100687888,-0.0036849716988662795
2026-03-27,-0.0016359988770481282,0.01098812710300412,0.0036669072574333494,0.004910398832661089,0.06235877426961056,-0.013912634573342908,-0.017502857151815432,-0.00033521069821551563,-0.021091004833811766,0.009284812226268757,-0.013242023599486785,0.025052573989746696,-0.0011916744552682434,-0.018041383777428144,-0.03282476903744602
2026-04-03,-0.022258642893968394,0.024494085592182246,0.01727559845379467,0.03585802372859126,0.018620321946093865,-0.04259283977097317,-0.006277560664576964,-0.001592219352707147,-0.01054544266435653,-0.05575381493690379,-0.05024565055705077,-0.03066633208946168,-0.02939429015164685,0.004761425385784168,-0.001434077176181936
2026-04-10,0.04622898699875644,-0.006380743450471793,0.05115181776468125,-0.0009018508272700121,-0.0024373683052862916,0.056999861943277,0.03892775262687498,0.04868631390540101,0.021223811052812014,-0.02285068224824849,0.012240040422710763,0.02651185324368388,0.04486787761585753,0.06423201081591534,0.09066535991164493
2026-04-17,0.024162386516402456,0.02027076314573706,-0.0027333260968915862,0.04943768672901716,-0.00855152602803233,0.0353808034275378,0.008381227460034335,0.029056174557364756,0.032028772050865184,0.012447875620936744,0.0028405162577485044,0.02496169218839528,-0.012352926323459856,0.0266685359953176,0.05644319192345293
2026-04-24,-0.03323775211005364,-0.1244407969149921,-0.02427564078112454,-0.1011644890502662,0.0026403803282211147,0.020960365528628344,-0.016949088463075523,0.10555390763946026,-0.0008717417117244386,-0.032885754945756074,0.06587363057573059,0.004351200167525882,-0.017542914458732684,-0.009664257840017454,-0.024428800059814182
2026-05-01,0.033571484920249084,0.023558074611514934,0.006470643016375677,0.0846521755284042,0.051790732556920904,-0.0067189552470374725,0.044098009620684664,0.026243511591885982,-0.0007852694028461782,0.11595908582860925,0.004403596821023648,-0.012415106425403444,0.03984574005474384,0.006140721810593774,-8.516714657846869e-05
2026-05-08,-0.006522321518652396,-0.002200132837412605,-0.013655543866992415,-0.007125949486998406,-0.06793515745359402,0.007515971554237444,-0.02365817606080811,0.01631702886226316,-0.0359762644060414,0.0218990052841066,-0.02192154373369848,0.060302469047683216,-0.02771891593585607,0.014808942071059095,0.036201015375716405
2026-05-15,0.0164128938450685,-0.051051478853822885,-0.03996772244798785,-0.06322618544068304,0.07217046208988998,-0.01715776203209507,0.00650512911862533,-0.035010811102421324,-0.020652141362314524,0.016396939893142504,0.033078280079063216,-0.001790758332209319,0.0386481339648892,0.01095617269536775,-0.06822849660059005
2026-05-22,-0.00749261748443808,0.049597751397714385,0.06900005815825483,0.037723372474872674,-0.03123436082470754,-0.016698307662278644,-0.025044432575946685,-0.005173034847396285,-0.013781023533257719,-0.01788942326646137,-0.02206926581260349,0.03464273270015039,-0.017844007490090075,-0.03527946381420244,0.035200709405389885
2026-05-29,0.00013019121556268054,-0.011579354216683213,0.00561269025566391,0.043383582126223175,-0.08482760725350214,-0.004502766055532459,-0.02314857388138869,-0.0011242635272328272,-0.02382066812954098,-0.024612406598323866,-0.002830440461982331,-0.022242148387459637,-0.022656849561580983,-0.005593018286075835,0.006647316187565977
2026-06-05,-0.01756891120205284,0.03152731236583062,-0.02878829768593305,-0.00026957663133531096,-0.0024491104424738674,-0.06526234271990106,-0.02161025382137205,-0.024832909347291543,-0.016139893447363884,-0.009448645996784188,-0.019409326998135246,0.015654608653915547,-0.016839827410320196,-0.0060089839790622435,-0.021842093422111408
2026-06-12,0.06848581262797704,-0.047550565832435665,-0.09189892495303653,-0.03660265829993958,-0.07006611162137044,-0.021429559327514558,0.015675075543777117,-0.007574709169393179,0.008788177676109177,0.014308161750420823,-0.002190575345825563,0.023300666829920713,0.013513551598674844,-0.02335726356472201,0.01618476802474378
2026-06-19,-0.01004210100876568,-0.05822285791700421,0.003663787268851193,-0.013713939195308611,0.00020309931916173696,0.03362530121988372,0.02595578301670587,0.028421999320780822,0.005711035280469012,0.01692759138492428,-0.0025874002478849523,-0.0010002491994209883,0.04844991905039753,0.005559517336108266,0.06379356157426797
2026-06-26,0.02442075954069778,-0.009701420016488882,-0.032079588135428105,0.01950900043260928,-0.05340099044257629,-0.03758884761850245,-0.008547008547008517,-0.008623189630845296,0.008084703868707521,0.013327573009540794,0.061630324663341396,0.012073742908671248,-0.031452858780952275,-0.05151789130536655,-0.005044067055908541
2026-07-03,-0.029951086081530076,0.005762581906815223,0.00617137023573866,0.00671112338176405,0.020334577907604734,0.012498294465642878,-0.00017237169989225976,0.04078143405453205,0.027114761227783335,0.022546661604085916,0.01747502041646487,0.03509077969926633,0.032258137768700124,0.005776038890949353,0.08779277362148741
2026-07-10,-0.0482671918921882,0.019862538004178365,-0.0035210823193339014,0.03169993193114795,0.02993613557688346,-0.03338483379585577,-0.028280778968121756,0.0016407215545035658,-0.004833638342778945,0.01878023171514731,-0.08871915020717092,-0.005903243661884328,0.00523451672758779,0.007323495085874043,0.014573127004215314
2026-07-17,0.03448950895864211,0.026685393258427004,0.00307763945845152,0.0811795240734765,0.009511701944828976,-0.007836255362387301,-0.0037266647487799176,-0.01924134204200012,0.011115280088180413,-0.001498333461153467,-0.026601379375837397,-0.001696625228624682,-0.006040400123889844,-0.02772113072900917,-0.026175696542669602
2026-07-24,-0.013335073840876066,-0.05070677208019836,0.0063635924400125,-0.008519310958148285,0.00594444280243156,0.01565015652477597,0.009796935804804008,0.011420998728833398,-0.006097009560667166,0.004398220070049863,-0.04912483685491553,-0.00232261752248597,0.006962066219408758,-0.0173220788169115,-0.03384244721149421
2026-07-31,0.008447043534762777,0.08569502265319562,0.0487094507602559,0.05886505215012816,-0.025044202705864937,0.00014397405302779553,-0.00864354242906773,0.04579146213088836,0.0236468782069732,0.025449500301575556,-0.003125792948306061,0.017205077092290022,0.03887896466468854,0.038429979431917394,0.034682949093787885
2026-08-07,0.007087628865979356,0.039819485861565695,0.021127171313708004,-0.00987103999645167,-0.015173350489850468,-0.01367890568754504,0.01814948791286697,0.020137801341884032,0.017262069602141494,-0.0228585782466717,0.02081702371073124,-0.0013397561218470022,-0.006135890256560583,-0.011281561295300557,-0.026239933434370477
2026-08-14,0.0010236568048225259,-0.005020870169893943,-0.01882364849504059,-0.0013455358849387977,-0.010257534621830322,-0.007299270072992692,-0.027612700901607168,-0.02655845741172891,0.00871143375680572,-0.007712082262210762,0.023890784982935065,-0.001577981663409278,0.01642938454552123,-0.021594257455917698,0.03582554517133962
2026-08-21,-0.0023008920120871634,-0.0422510301118616,-0.024184766023055415,-0.02633512905077473,0.006768215502646058,-0.0101470947265625,-0.040079165797321625,-0.022746965606886382,-0.018891687657430767,-0.015544041450777257,-0.025000000000000022,-0.019113278403676937,-0.03518898471213472,0.0027247956403269047,0.007368457765507541
