Date,KOTAKBANK.NS,INFY.NS,WIPRO.NS,TECHM.NS,ONGC.NS,NTPC.NS,ITC.NS,NESTLEIND.NS,BRITANNIA.NS,SUNPHARMA.NS,DRREDDY.NS,APOLLOHOSP.NS,BHARTIARTL.NS,TATASTEEL.NS,DLF.NS
2015-01-02,,,,,,,,,,,,,,,
2015-01-05,,,,,,,,,,,,,,,
2015-01-06,,,,,,,,,,,,,,,
2015-01-07,,,,,,,,,,,,,,,
2015-01-08,,,,,,,,,,,,,,,
2015-01-09,,,,,,,,,,,,,,,
2015-01-12,,,,,,,,,,,,,,,
2015-01-13,,,,,,,,,,,,,,,
2015-01-14,,,,,,,,,,,,,,,
2015-01-15,,,,,,,,,,,,,,,
2015-01-16,,,,,,,,,,,,,,,
2015-01-19,,,,,,,,,,,,,,,
2015-01-20,,,,,,,,,,,,,,,
2015-01-21,,,,,,,,,,,,,,,
2015-01-22,,,,,,,,,,,,,,,
2015-01-23,,,,,,,,,,,,,,,
2015-01-27,,,,,,,,,,,,,,,
2015-01-28,,,,,,,,,,,,,,,
2015-01-29,,,,,,,,,,,,,,,
2015-01-30,,,,,,,,,,,,,,,
2015-02-02,,,,,,,,,,,,,,,
2015-02-03,,,,,,,,,,,,,,,
2015-02-04,,,,,,,,,,,,,,,
2015-02-05,,,,,,,,,,,,,,,
2015-02-06,,,,,,,,,,,,,,,
2015-02-09,,,,,,,,,,,,,,,
2015-02-10,,,,,,,,,,,,,,,
2015-02-11,,,,,,,,,,,,,,,
2015-02-12,,,,,,,,,,,,,,,
2015-02-13,,,,,,,,,,,,,,,
2015-02-16,,,,,,,,,,,,,,,
2015-02-18,,,,,,,,,,,,,,,
2015-02-19,,,,,,,,,,,,,,,
2015-02-20,,,,,,,,,,,,,,,
2015-02-23,,,,,,,,,,,,,,,
2015-02-24,,,,,,,,,,,,,,,
2015-02-25,,,,,,,,,,,,,,,
2015-02-26,,,,,,,,,,,,,,,
2015-02-27,,,,,,,,,,,,,,,
2015-03-02,,,,,,,,,,,,,,,
2015-03-03,,,,,,,,,,,,,,,
2015-03-04,,,,,,,,,,,,,,,
2015-03-05,,,,,,,,,,,,,,,
2015-03-09,,,,,,,,,,,,,,,
2015-03-10,,,,,,,,,,,,,,,
2015-03-11,,,,,,,,,,,,,,,
2015-03-12,,,,,,,,,,,,,,,
2015-03-13,,,,,,,,,,,,,,,
2015-03-16,,,,,,,,,,,,,,,
2015-03-17,,,,,,,,,,,,,,,
2015-03-18,,,,,,,,,,,,,,,
2015-03-19,,,,,,,,,,,,,,,
2015-03-20,,,,,,,,,,,,,,,
2015-03-23,,,,,,,,,,,,,,,
2015-03-24,,,,,,,,,,,,,,,
2015-03-25,,,,,,,,,,,,,,,
2015-03-26,,,,,,,,,,,,,,,
2015-03-27,,,,,,,,,,,,,,,
2015-03-30,,,,,,,,,,,,,,,
2015-03-31,,,,,,,,,,,,,,,
2015-04-01,0.8178902610652578,0.5001927760378456,0.6762765709173492,0.5585701273847927,0.5441247505489584,0.8077908541185713,0.6586981483605163,0.44376478332259545,0.30084712356855664,0.7159098324468078,0.7117741491074592,0.8387860426127307,0.44665403696757133,1.3071299309977753,1.13731633078832
2015-04-06,0.8411837051744169,0.49181917009714465,0.6415406857162551,0.5686446477510043,0.5929716343995959,0.8361485208440205,0.6901201553461364,0.47438036634702846,0.3172623372811702,0.8076321313518345,0.745521773522464,0.845497182044899,0.4246561487021559,1.2850062218762086,1.1746177333036625
2015-04-07,0.9153226527874734,0.4490805967903839,0.6088396399758362,0.6045283917231202,0.36816089161327265,0.7765989540278374,0.6687000093327423,0.46493705980788574,0.3616071486795804,0.7915194474525438,0.7077732412235346,0.7999838966619482,0.44073926480898407,1.2445849607330508,1.2794708256548968
2015-04-08,0.9136590437378831,0.46762656530050123,0.5993791496277473,0.6273857579776563,0.36260641306486907,0.7905891524616501,0.6692242643707338,0.4485233011400368,0.40632855382620914,0.7792130265631332,0.7121730392010278,0.7840510069011161,0.4719909325451043,1.239027283803024,1.2765505084084796
2015-04-09,0.8386636537789705,0.48212973186945957,0.6066215936080588,0.5989634941134626,0.32950987916890573,0.7828263800450183,0.6215239255264842,0.4658575253492567,0.4773412836101286,0.7461089567333012,0.7140056414386403,0.755428659237855,0.4069783089682298,1.272247595140435,1.126890333300349
2015-04-10,0.8296655204515228,0.433345197468894,0.5963134659882319,0.5601179556750691,0.30236046265599953,0.8233870731080175,0.6397823214900447,0.4567573287890981,0.4950341301170816,0.7412157317122937,0.6867643917167854,0.7618579456438705,0.42494548512779046,1.2655203589502833,1.1709272285940933
2015-04-13,0.8385859182002955,0.4194974784658009,0.6015711213351834,0.545220301883365,0.31587993835295747,0.8328211113400524,0.6505707921844085,0.44633396514607776,0.5124411718212297,0.76165739858771,0.6735074787792743,0.7656637877913876,0.4712068210439385,1.2757107394891347,1.163926851860172
2015-04-15,0.8533180155814912,0.4124265079961248,0.6187750425675477,0.550582058978013,0.2962623317574956,0.8320805017562316,0.655255692017224,0.47843813091734916,0.5094576918278403,0.764910894997724,0.6801031699581888,0.7898274036852458,0.46988902351684975,1.274853336231437,1.1516581329309763
2015-04-16,0.8694093226297798,0.4353814444232305,0.6043885744687645,0.5498284631390377,0.19183780461578184,0.7612613857509947,0.6441682475742345,0.4840827830109067,0.518809620769591,0.8110948300114061,0.7113589845469098,0.7917410710439343,0.4358054682804123,1.1886078533746205,1.1711510529526796
2015-04-17,0.9879253232394316,0.4908027533616337,0.6717070363742349,0.67962853889944,0.15111264123799856,0.7738895672789111,0.5434572169579671,0.5292954028224125,0.6671174724454526,1.0211358013287914,0.7754972164206324,1.072147221186612,0.5272235325471853,1.1260045679876025,0.7654360474968293
2015-04-20,0.9645953887228411,0.5422805613259238,0.7062499398569649,0.6727758239641416,0.22895482561941208,0.811006295705674,0.6073574273650381,0.508550117393408,0.8409760631181467,0.9345541890722765,0.8059220401394804,1.1020492837998799,0.5452640840211515,1.062116046365643,0.7423980468937134
2015-04-21,0.9801284130703298,0.5369269209515087,0.6462326226715179,0.6548257852800994,0.23068401791052673,0.8309452101302182,0.6034706644489447,0.5072437484145843,0.9218552696566394,1.0607880656029842,0.8386627604106782,1.154820880105756,0.5432254954341774,1.027703778323172,0.8220139379644151
2015-04-22,1.0252324505198978,0.525919611614445,0.5614278993154159,0.6678811876487317,0.17641282372207645,0.8628397858256364,0.5158521657447211,0.530174433290683,0.9494264816925981,1.1058667272571405,0.9486042889111563,1.2314673623264274,0.5354741263507756,0.9288349838160868,0.8365230269668654
2015-04-23,1.0246237900847737,0.511809625144961,0.575928350932076,0.6835039974449494,0.19479570764370271,0.8761859935590824,0.564453951594714,0.5263743281937253,0.9292952902121889,1.1140842584609691,0.9519646848756976,1.2065329587641211,0.5019723363730887,0.9052381862510239,0.8524954143066964
2015-04-24,1.0206573952281017,0.6159947400083469,0.5877722704832976,0.7724342038949533,0.10735396557225808,0.8803405355007473,0.5228904190675149,0.531569518228336,0.9372290068559097,1.0504642687360461,0.9576700545366347,1.1795470673700172,0.4989619092985412,0.8651619316439332,0.8832131944804366
2015-04-27,1.0678088280666171,0.6027165460520482,0.5136536055657435,0.745347555674455,0.17208142474557622,0.8809372813160328,0.5470347448209043,0.48396245309372266,0.9940247507617306,1.0818626297967917,1.0226951499943517,1.2815776521707682,0.4699100752248553,0.8686659764634679,0.8757172427012495
2015-04-28,1.0702496289615175,0.6479608303643871,0.5179869285757656,0.7930107078333755,0.15195588444859637,0.9043156553893686,0.4429506054034052,0.4551924600977111,1.0162868388074178,1.1045975089933429,1.1185330312286301,1.1793044961117534,0.468045721169031,0.903795981726104,0.9278368635273674
2015-04-29,1.0834898148832328,0.6428342965113206,0.493696061479067,0.7688105614057501,0.14918491337891676,0.9018454762566372,0.4626781795280842,0.4890688328573807,0.9916197228299278,1.0885610417520943,1.1210612892320466,1.1562759991747855,0.5144019146058755,0.9090175835808689,0.871263174409877
2015-04-30,1.0974333667690859,0.6500513041681015,0.5047659107105655,0.7422477878961008,0.15961257318643465,0.9226476037144908,0.45411751095186503,0.49817115292142433,0.9750354597993967,1.0795821314685092,1.102530997890162,1.2276996367538766,0.5278980632448192,0.9391239640223684,0.8152743347182249
2015-05-04,1.0574216899293003,0.7344746116590773,0.5374602907501729,0.6393139056143656,0.46911741967300763,0.9745433555077317,0.5329787132432905,0.5827739632815395,0.98390860685886,1.0696945984082662,1.0498306673898001,1.3214625874258408,0.6088821232355526,0.9309164653465622,0.9196454332943347
2015-05-05,1.0595995629758985,0.734338625807455,0.5402467465033851,0.6403291361584234,0.46899876365710436,0.973477768047817,0.5312782616437323,0.5822208952126657,0.9843334531853726,1.0707426485940117,1.0473287897389756,1.3239120888028486,0.6054909005902949,0.9298118982487019,0.9214989164045627
2015-05-06,1.1485058153953365,0.7322735588548296,0.5692899986960127,0.5666236916585413,0.6193885787842773,1.0497248623263484,0.5818306521166764,0.5160088627989977,1.0794957555598383,1.0563905224500687,0.98542805080616,1.2391187699130894,0.5228854166550554,0.9648277066691462,1.0412346000503392
2015-05-07,1.1624541880562114,0.728319797884803,0.5595954462659601,0.5499292569868386,0.644431783893833,1.0563248688186362,0.574196976789043,0.512394934228248,1.0750545616140041,1.0694870552928213,0.9991586833413418,1.2442581164136028,0.5138584119847079,0.9733286740244389,1.0598747498490622
2015-05-08,1.1478257624287407,0.7172524859991044,0.5516588270851934,0.5624428070534448,0.5730706301708872,0.9892930991997191,0.5993466916806501,0.49852891160818014,0.9658900578648424,1.0530352544834576,1.003040041767686,1.2253152260394244,0.5141318008757605,0.9183487369769326,1.1057978359256946
2015-05-11,1.1025602806926293,0.755676399423439,0.5489095772650747,0.5869871497061919,0.5711516736703143,1.0006519056718743,0.5775461379899081,0.4801890922132691,1.0225268969150199,1.049082180927216,0.954966940976251,1.3033513584527912,0.48267928718059744,0.9335843560291506,0.9887014893817322
2015-05-12,1.1030260966897418,0.8172271702118019,0.5843795666386861,0.6087938449916955,0.6784433447170632,1.0142599461963115,0.5377414139047223,0.4934092660674903,0.9984373312563926,1.0889490244253963,0.8392521909895078,1.2197503940993293,0.42888521224522375,0.9784161355147639,0.9777051389426541
2015-05-13,1.0979971527003347,0.8000278251137478,0.6121929785590459,0.6125697330925076,0.6773185274708201,0.9505032068066492,0.5453741312778684,0.48517736084162716,0.957875524055552,1.088545263712573,0.8230137054720945,1.194039946120487,0.36875112855353104,0.9650652159721271,0.9475108662839966
2015-05-14,1.0983160737305837,0.8019198779579975,0.6230685820669879,0.5822468258050868,0.7120308921484714,0.9334351067014472,0.5450391257917945,0.4722440984476174,0.973570410507086,1.0925889856686946,0.8241527005188656,1.14444596832714,0.37327786595568385,0.9485939597649604,0.9438933270482145
2015-05-15,1.1257036038324761,0.8028214149378673,0.6106883039615769,0.5537958710322077,0.7201825574723701,0.9054661375542341,0.557695917575553,0.5121980605586611,0.9586102679569454,1.1120326892604464,0.7404469375260293,1.137236347875964,0.40694588545342325,0.9539703319208324,0.9367842062837614
2015-05-18,1.127851412898911,0.8405434213897629,0.5914499603005866,0.542866907889944,0.7662261555561889,0.8832186359906503,0.5600004206899952,0.46795592736652736,0.9273670637531298,1.092456985621485,0.802088158294662,1.162701798973712,0.4201643321677154,0.9384891739578636,0.9297370071656922
2015-05-19,1.1304683444477581,0.8413307479087181,0.5903752161221286,0.5413768749272195,0.7660959039578613,0.8823259159931045,0.5541392629063148,0.46519031736522987,0.9267140983576458,1.0978838163374538,0.8020838886281527,1.1627358819725029,0.41736843398291923,0.9368256637350609,0.928593859496818
2015-05-20,1.1229883241510252,0.8464703682108079,0.6010547469198111,0.5838261647166938,0.78092771933763,0.8665260377673238,0.5414430591102132,0.4507360171753549,0.9180914820790878,1.1037528442376427,0.7923159996576175,1.1844173044789568,0.4536795126390839,0.9217704483693236,0.9598793814122534
2015-05-21,1.1269176983967963,0.8404662744518713,0.6090982867209146,0.5983378815163523,0.7819036979650027,0.8647708077760099,0.5459000482040874,0.46143915375998124,0.9124677168943884,1.1087417518146625,0.7900309917992208,1.186575159999362,0.4473047718217603,0.9070856217448228,0.9599757087374606
2015-05-22,1.1143918297934707,0.8276846148007888,0.595654558543587,0.6080546414317728,0.7875196100334821,0.8640221192722523,0.5716619805401288,0.4853858226506151,0.9663846118665897,1.1220322227753259,0.7998825500146115,1.2171786658871968,0.4223400193961545,0.907189917613873,0.9672623465663234
2015-05-25,1.1401988709860258,0.8354922412275315,0.5853820112769329,0.6321841101566804,0.7334281312776109,0.8752768697631618,0.6052406612892014,0.4655030292121804,0.8958578951944908,1.113983929730104,0.8145589581264429,1.2672923382565895,0.39555092845747675,0.9187315840425191,0.9462204041366764
2015-05-26,1.1314655356247478,0.8347840643810145,0.5858878149541367,0.6353397257113116,0.7495225622835708,0.8784176137749233,0.6030722993887692,0.4729113307172443,0.8947663856124797,1.1169460493734438,0.8212057599700474,1.2789487040560903,0.39974584970853677,0.9210592644376365,0.9589914747606622
2015-05-27,1.1328554127348833,0.8300375659210965,0.5819128269587888,0.6328079139021894,0.7494526264162624,0.8795914463927729,0.6009381583118178,0.472953105758826,0.8967858686149418,1.1213442978727057,0.8268393723000934,1.2847449024262187,0.39710250496675603,0.9253285734367304,0.9582359440720545
2015-05-28,1.136845209700211,0.8039525173910784,0.5793644073374934,0.6383836236754096,0.7680782299599072,0.9567520097493063,0.5962734229797398,0.47202465856926185,0.8881711785505059,1.098517639394754,0.8263686537116548,1.287529863176902,0.4037303816395346,0.9172269000428442,1.0002349369601578
2015-05-29,1.2061159663134207,0.8195711386468502,0.6364957639839385,0.5952122875884096,0.7507751379756394,0.9118857364501527,0.6622941043483601,0.38642054793886293,0.7787757000127221,1.1081518536661865,0.8287951788102057,1.295602078137819,0.4910466807178047,0.9185242101275976,0.8842963420232854
2015-06-01,1.1342727868907492,0.8167310279614556,0.6169098415229166,0.5853405421856179,0.8023823217814293,0.9213994634392858,0.953812594668168,0.40429537791437786,0.7694807341164804,1.0171710733035209,0.7842611995273585,1.256728212066594,0.5459556897517287,0.9320922859364217,0.9208268767793846
2015-06-02,1.1326316894607158,0.8136640827560432,0.6387411952091058,0.5217280752699535,0.787239421619779,0.8684067820163879,1.0219971581675076,0.2969313661386296,0.7866525771192598,0.9919205487790619,0.7883211799375993,1.178970330269441,0.509924053733442,0.9412491236061897,0.9975621086189373
2015-06-03,1.1369669692843163,0.7843152771860489,0.6204372701803065,0.509756079853578,0.8406195262159295,0.8448395894224199,1.0574942971465722,0.46434150925789636,0.7711103922902586,1.0798562868509756,0.7960101936908252,1.1670514488268264,0.5022729624738611,0.9436465140518123,1.03792861039678
2015-06-04,1.139651064134424,0.7908473456457163,0.6162401075024025,0.5118464960663263,0.8395629552366556,0.8418228264933486,1.054385699834127,0.4602105554961115,0.7642841446233927,1.0635356803479994,0.7898878601827024,1.1711163173392494,0.5070390750969446,0.9473966349817959,1.0382533630052535
2015-06-05,1.105123834455739,0.7645965203620972,0.6240789233264137,0.48374083668565254,0.8483894756776065,0.7739261568963445,1.049460938465653,0.5292266980721752,0.7773513346148739,1.1353659159426175,0.8554852441548968,1.1488296400636948,0.488429980264328,0.9432786042726566,1.053745617208015
2015-06-08,1.0940097620854488,0.7678073916417782,0.6151919041606465,0.490709530544028,0.8467958883358047,0.7743076452950372,1.0423918104061975,0.6087757516533925,0.7904865475392271,1.141996574026764,0.8478374272407052,1.1242786975661747,0.5428713447167053,0.960937188400812,0.9925459080745549
2015-06-09,1.0975020539569902,0.768033279446146,0.6189318543295028,0.49411365986967287,0.8497953467991455,0.773344854645486,1.0444488527828308,0.5921884695897058,0.7947517408614363,1.14571207704682,0.8530830223761259,1.1303864468094937,0.5453150865706999,0.9583300233218408,0.9896342526198898
2015-06-10,1.0941589072044233,0.7692708119963713,0.6848037142311587,0.5845287607078651,0.8516609289207498,0.7200961840132206,0.9962715404113104,0.6093527557951379,0.7520379563155055,1.1243610673118176,0.8847014909391421,1.1572006763077654,0.541661579127644,0.9171820946462415,0.9550762511045775
2015-06-11,1.1357534075238547,0.7905867444825201,0.6990605541463187,0.5356829582883847,0.8809723388376995,0.7651548750949164,0.9670505086931164,0.5388679198184786,0.6959902939257641,1.0609867419055143,0.8750140997262302,1.125686714122757,0.5709960481914775,0.9198695601403335,1.1323155848713098
2015-06-12,1.1447831970005027,0.7857482450678624,0.6918740704172168,0.5314578763739664,0.8781666436111173,0.7635424157897686,0.9664440936656798,0.5327646172722735,0.6931798199129027,1.058379229217737,0.873093794949411,1.109628788386099,0.5729730478526424,0.9169520813533792,1.1349374724199413
2015-06-15,1.118006055870867,0.8312090855329212,0.713437861000196,0.5184414300092554,0.8893715110617489,0.7478565575447992,0.9592998767883458,0.49478530025044243,0.6802310121046332,1.0750486289876617,0.8222368988860955,1.095747722899213,0.5899565420819125,0.8951344771344942,1.1439978393572723
2015-06-16,1.1159022254499913,0.8357191875260231,0.7052561483659018,0.5080711112603848,0.8808008348541082,0.7440448061362361,0.9551870757475731,0.4755978369266267,0.6716820710361172,1.079288821305186,0.8106737822848319,1.0974533643079225,0.5826541166201873,0.8864616162358909,1.1457098530317005
2015-06-17,1.1084535698186293,0.8323431753193786,0.7225827680323295,0.4952263989708569,0.8889993596253769,0.7497647763306236,0.9546525147799274,0.48557985026803097,0.722137496793822,1.0880913010889495,0.826484973527592,1.0983799600309496,0.5963996568563863,0.9321200567400786,1.156941738543849
2015-06-18,1.122531274949487,0.8482165378220304,0.7752028896985181,0.46221190630470527,0.9123932693681205,0.6825905688844993,0.9334009871240138,0.542259475716817,0.6271677134601773,1.086996672078582,0.8323384540207407,1.0727582399464695,0.5959372304823058,0.894503949746498,1.1114395317086179
2015-06-19,1.1305400672656658,0.8356304977328742,0.7800798779879382,0.46083874835997396,0.9282286482413256,0.6835509426958698,0.9386232059359685,0.5697143788916803,0.6221558658833063,1.0711722549575857,0.8316777683979465,1.1114746246573648,0.6089669649675327,0.8962752273889524,1.1077394450877198
2015-06-22,1.1398838562066518,0.8721645357655834,0.7525311537649959,0.48109905175976153,0.8887034009976591,0.6794930098635501,0.9457414352370541,0.5574147097654206,0.6557640383800596,1.069070424870958,0.8306774214484477,1.1544172264148467,0.5352574553357833,0.9072297762942668,1.2529110306223437
2015-06-23,1.1443726121750137,0.8601648909490793,0.7525637060232442,0.4832419966104343,0.8856507434955757,0.6820242895018022,0.9513067428549122,0.5442353691604225,0.6442390559974309,1.0720162267979205,0.8320057137535936,1.152489256176624,0.5408309558553444,0.9080019602314165,1.272373200190011
2015-06-24,1.1703037883718235,0.8188125916432176,0.6618297830908627,0.5049167738008243,0.8618537508734798,0.6646017451617968,0.9771413061393596,0.5038259812461977,0.734834757783854,1.0750984762544311,0.8319075565434946,1.1474628408191807,0.6192216305102924,0.9068579229999824,1.273626618625886
2015-06-25,1.1766372095313224,0.8151505618483231,0.6449228853466293,0.4867747947025969,0.8491538205850828,0.6580712569677444,0.9711740169744739,0.48558830905529915,0.7297888043105075,1.0694359672755547,0.8387060565358112,1.152523727111548,0.6170725491670205,0.9006187919659963,1.293547466288457
2015-06-26,1.2186732527630653,0.8141092562754652,0.6164335465862669,0.5909266225907739,0.7975478269354475,0.6441275733394707,0.934256397505062,0.4428138416806057,0.76338383127223,1.1176220503684502,0.8708244436658578,1.236659027972609,0.5629896334524301,0.8823699012560712,1.2572936705835709
2015-06-29,1.2194708952454993,0.822851437396872,0.621810768058128,0.6656681885525346,0.8066099309481217,0.6299754550764769,0.918726053604908,0.41536732525210396,0.7798764989224691,1.1285206085030302,0.8668412923679988,1.2485110853103603,0.5705655070086996,0.8831455026789561,1.2701782129192964
2015-06-30,1.184122941919429,0.8645936088764605,0.606120003876755,0.651741172603745,0.8200117386763803,0.6199767525302552,0.9117486043614741,0.4733556508555637,0.8020458255146848,1.0700105277609553,0.8672312963695642,1.2642123470450257,0.5528094796566994,0.8838242946529874,1.2673343477190113
2015-07-01,1.1673576876825098,0.8799850871241337,0.6489286520160082,0.6548509988047814,0.7893369696147465,0.5836362886192157,0.8632289932970428,0.37707308425788205,0.7531739226364639,0.9480353856847165,0.8121654274144794,1.2555017288404693,0.5725579028782631,0.9167793395142269,1.2012440506801816
2015-07-02,1.1660553023752038,0.8812296326589611,0.6487462568045611,0.6545095594004721,0.7901282697403204,0.5820237790309741,0.8626905346552495,0.3749108603163464,0.751999235330099,0.9484517605589543,0.8126398412315419,1.2565847117139517,0.5701404526256709,0.9143368334659164,1.2029351710651865
2015-07-03,1.1773894743302808,0.8653494394215423,0.6390008322581561,0.6108482366508206,0.809954659234228,0.5915958318159643,0.8488926332551964,0.38191141702765297,0.7623516905983352,0.9514353357790806,0.8038251975972373,1.2633275710532248,0.5383114718641424,0.8999959118739929,1.2001726943064532
2015-07-06,1.139576132882594,0.8562210804591744,0.640917540332997,0.6038384020839179,0.8236267339878311,0.579582101250449,0.8569796265102246,0.3680725181193474,0.7622295110930375,1.0017818787907569,0.8409079912415668,1.2804282814325074,0.5735917917525185,0.8622726740958968,1.2348917187167636
2015-07-07,1.1419866392033937,0.8552146409089225,0.6394025493307229,0.6020417540046956,0.8252306911816356,0.5837799190738698,0.8573060387056521,0.36837406870586054,0.7630128808230487,0.999178947471547,0.8383055211066234,1.2776687757897802,0.5729507840872914,0.8631260323900817,1.2324062566687888
2015-07-08,1.104691367582955,0.875217522839692,0.6039844164268856,0.5606784176064538,0.8048748344866659,0.5704330966687088,0.8431101836196098,0.3844143236123338,0.72976458416026,0.9607338385822012,0.8213450535167708,1.2051069768817118,0.5291594428705794,0.9447372280203824,1.2405759883335026
2015-07-09,1.1044142087333508,0.8840868422152717,0.6128489733155462,0.5532361254096615,0.8079706064471095,0.5775500550773525,0.8432079729259029,0.3801387619821765,0.7231371740691402,0.9600863553169446,0.8200816718342715,1.2004373612079866,0.5279882244779781,0.9490955588792763,1.2374617497471219
2015-07-10,1.0995400307684546,0.8947987557609822,0.6215318187527139,0.5693941053222887,0.8916824092836182,0.6179337873226327,0.8389292401688612,0.375917633296795,0.7216241004776938,0.9625171992978114,0.806183039771635,1.2191757386859587,0.5304547564676817,0.9831996460461115,1.222430404762346
2015-07-13,1.0693995343888512,0.912404423889487,0.6175689555678155,0.5521657657184459,0.885349239231112,0.695236583953915,0.8788159371069151,0.37383591586468956,0.6867542757621464,0.9163696877438853,0.7887764050959929,1.1527798777472669,0.4962578580442623,1.0570391273809496,1.2101331368935184
2015-07-14,1.0926876681958155,0.8998459541775442,0.5929568759603566,0.5542585988992508,0.8644914305931987,0.6722717172587913,0.846187868157962,0.3804656953904311,0.5432634539720083,0.9894219257411374,0.7628301943791562,1.1247487688819762,0.49417471971733956,1.1118680504587768,1.2701271041790367
2015-07-15,1.0762717499356698,0.9284826087085605,0.6296468338247098,0.5870755335871638,0.8702284245743891,0.6518588324105057,0.8575708272820024,0.3767411014141492,0.4654177866327152,0.8847344853487762,0.7331030187715915,1.0739490491979014,0.4800315631196491,1.134326654297437,1.2364288180594296
2015-07-16,1.1223714694924527,0.9306646858197406,0.6724183406189664,0.6341516949934589,0.889041384604768,0.656670232847173,0.8657422354807955,0.39163786441313103,0.4643364925211697,0.8804826656517607,0.7164571937573745,1.0389661623909103,0.4785281621719887,1.1196128360540312,1.2322676615145338
2015-07-17,1.1327280941946802,0.9282927646531748,0.6611507334540813,0.6215269300087747,0.8824104116900923,0.6451217833728019,0.8655547325315806,0.3972073995781747,0.48998645525303575,0.8645095623352697,0.7093854386712194,1.0601445897195607,0.47980112708752704,1.1600562437064377,1.2349970551553582
2015-07-20,1.1416740347167098,0.832604344366892,0.6303148254179268,0.5526911196288308,0.9610418936241125,0.6659901026769477,0.9209258822585622,0.3926187941050265,0.48093126993973184,0.894645167870064,0.694164672791696,1.080292163892025,0.4831290112165304,1.1993681313610294,1.2040381226147312
2015-07-21,1.1394490763212484,0.6540624267321588,0.6530309925994756,0.5305092374585003,0.9799748466971477,0.652977319503539,0.9463712366011562,0.3968161650409862,0.42344222289572314,1.0951615626231612,0.6740132920915769,0.9151960287664728,0.3883767538644388,1.2518988133399969,1.1385163392599391
2015-07-22,1.1418393687100845,0.6449552027226154,0.6752790714720684,0.4797297245849873,1.0020993064441726,0.6464236943503402,0.9714755084467643,0.37080143173006613,0.3879009775350117,1.1560532756681074,0.6517776959677856,0.946772502103432,0.32394959573573107,1.271775429339812,1.0820051722439623
2015-07-23,1.1442898568493118,0.6500629337717254,0.6869624281408642,0.5026777282739878,1.0022828196789966,0.6435843330881232,0.9412785722912709,0.31814703662283716,0.4186048522826095,1.1817346883294158,0.6264143443453817,0.9362607407511557,0.30332243035841144,1.2785949077121803,1.118745159165881
2015-07-24,1.1360202932991683,0.6500042569453085,0.7331598568970205,0.47850555216273144,0.9950162032095419,0.6342989787280643,0.9184339660726571,0.3250082861379809,0.42341941948875733,1.1634637563562296,0.5990943695906309,0.9039214134796797,0.2784661923198496,1.2670564731510583,1.203844212820353
2015-07-27,1.1653352537923714,0.64423958082737,0.7483920612351868,0.4523998849583671,0.8639399933153656,0.6662011092450265,0.8663575973599392,0.0917315337643112,0.32219655087728766,1.1629628862376624,0.5783033455716106,0.7901163099934864,0.3120099474795344,1.388415128514747,1.1869348383020386
2015-07-28,1.1641617924433998,0.6426820166770923,0.7531437371007487,0.44686252585475505,0.8712746757929775,0.6524058775564621,0.8639023518425311,0.09679588238964548,0.32266314325035544,1.164648320503092,0.5920569741623404,0.7997331716216052,0.3189724816861311,1.3956219811892545,1.2128456846078586
2015-07-29,1.054411350439498,0.6293358393290369,0.7451172597809141,0.516229930985205,0.7972127017917638,0.5378007083239157,0.8431434541084726,0.10926679155003799,0.12012870922140095,1.2343661449791656,0.5812379615170948,0.7801074913092951,0.41479436494210903,1.4624497304011352,1.1769286378150974
2015-07-30,1.0074994451177686,0.6247265406305319,0.7507544778394812,0.5281744498318935,0.7826442020834942,0.527252293784276,0.8950144471767247,0.1328030912800459,0.13517263823281275,1.2117203843542639,0.6048878167604527,0.7788881040188755,0.42088493729874343,1.4660973119318086,1.2383335373160826
2015-07-31,0.9057320458218584,0.6317338225055487,0.7858950456998169,0.5301233156165683,0.8554873454551618,0.533407232200154,0.9366580605200677,0.1317369806000608,0.2558137455608315,1.2166727662025802,0.6554345800275211,0.8080433360162751,0.40666403745946533,1.4829310840349625,1.2834529499869451
2015-08-03,0.9296068912861616,0.6112183643135042,0.823121976875115,0.49703185686929585,0.8560817705800837,0.49098179245577195,1.0023658588058935,0.13070002485186363,0.17060289514717533,1.1909146816222698,0.692533967331905,0.6828877447241825,0.4442257497405708,1.4485424508949645,1.407412339847343
2015-08-04,0.9653511893186709,0.5706618237028502,0.864725155005737,0.40918532345371644,0.8405810560298869,0.4325684305951961,1.100159678913798,0.06388824621112958,0.12901793343649007,1.2754043794072705,0.9485401927753592,0.7198325263901332,0.44448018180261095,1.2901281836891405,1.4013824214679498
2015-08-05,0.947292733312379,0.611394173536723,0.8811249168399512,0.4382385273327332,0.8657370027238069,0.5286136243988111,1.1095889778583874,0.16291636488810485,0.12213210400933641,1.3158414577568398,0.9709509990182421,0.7585329502593701,0.5422494172071727,1.3014136227302155,1.532143612567115
2015-08-06,0.9500176371845458,0.604228753157397,0.8723645756942249,0.42692658414713996,0.8776441685558457,0.5288468773843097,1.0979805390943569,0.1535095507896445,0.10963065625897774,1.3143756730021603,0.9790643953819623,0.7783526372453454,0.543172945113325,1.3137367241150442,1.541710586565334
2015-08-07,0.9421907407973837,0.5891543704133314,0.8755760118109182,0.4176419032232298,0.8298579595068929,0.5612103954936787,1.0992960434940162,0.12041002802059562,0.10121229172571683,1.3045452276271183,0.9935637423781293,0.779290786008266,0.5378403782297769,1.3086396797681699,1.5354774280994516
2015-08-10,0.9279175124186186,0.5789872480907313,0.8890246910959104,0.46358943874739567,0.8550750630891776,0.6013210813285714,1.087198763531372,0.12968354885593844,0.047147369902856555,1.3241629086872257,0.9273657810716581,0.7495856175621873,0.5200809642008919,1.3370855742485963,1.6237066579838644
2015-08-11,0.9255832856248651,0.5384807414564555,0.8734708366891679,0.4234394169158062,0.8692207176690553,0.5997263665952249,1.0762262905870768,0.14564411859820936,0.03085831136813959,1.3005515076852432,0.9355969110232034,0.7659690890907414,0.5383875433658146,1.4159182707886333,1.6630634332554572
2015-08-12,0.9719968380290207,0.41194885683645105,0.7519368979597215,0.2476413441545365,0.8536988405143517,0.6429361777316401,1.0772008980814678,0.19112729030989706,0.05550540493525916,1.1472144088552931,0.8938493765034037,0.852419258376114,0.5601798072864491,1.3463548321002439,1.6256182476641166
2015-08-13,0.9735679653447179,0.4137451211247213,0.7493625899963696,0.2467045054264433,0.8549342547701938,0.642382460422376,1.0762851688166615,0.1940586715246534,0.055083025616794665,1.1510424944532236,0.8938727697272171,0.8478313120627949,0.5537019451461296,1.3327771567326878,1.6090892466906974
2015-08-14,1.0685033721392732,0.34286584706504825,0.7255233800738793,0.2471876398379431,0.7931540507200174,0.6513916823463128,1.0119919007880336,0.14435630523007614,-0.09837393707087888,1.1336186432738322,0.7754011646138294,0.8197588447008904,0.6274025283912128,1.3220903583656416,2.264072676397116
2015-08-17,1.0644403049621058,0.31920519923411206,0.7486680313870432,0.19541799039315375,0.8866279675498875,0.6595840463999051,0.9474059691457677,0.15280080110297478,-0.016958497905639996,1.1432567036798347,0.7700378733403029,0.7583155714357834,0.6834199189429055,1.2467087858690504,2.3024660942198136
2015-08-18,1.0788421752517103,0.3079262926674517,0.745731347756356,0.17939082655252284,0.8764690552327234,0.6525699438718146,0.9444041554432269,0.1357836701230802,-0.019381135044574567,1.1471638848223844,0.7606091960918518,0.7396677062528388,0.6910883864004917,1.2470931364696927,2.2795131981851524
2015-08-19,1.0821568906246726,0.3072694427591527,0.75747900895048,0.14876936362512433,0.883311135751856,0.6479985125344512,0.9489709779038787,0.13719018450009485,-0.02293367357967194,1.170860124660894,0.7652187511264857,0.7461977191638799,0.6891300579820753,1.238503319776296,2.270393199879153
2015-08-20,1.0985538892384508,0.42035686612771345,0.770925612742548,0.14854264131049502,0.8850513037262154,0.6190583026452364,0.7919494102789145,0.09902430772210413,0.06716734134075562,1.0790545247179664,0.685266808186817,0.8021382605419075,0.6706509914475208,1.2703707319599262,2.3372152367357555
2015-08-21,1.0841944394966758,0.40800584835830556,0.7582833349689424,0.09057538885001233,0.868634165130607,0.6238775344986586,0.7548426140861261,0.2419003950554989,0.22865373445097265,1.0682512981871515,0.7351941183556144,0.9040466762824787,0.5640400983671232,1.278945250603797,2.5355858482153164
2015-08-24,1.0465962888738232,0.6148282533423606,0.837297677846304,0.5625230521369392,1.268164634289869,0.8182670646607982,0.6664351412906793,0.19584882216782595,0.6045557397073746,0.9869646012577955,0.7877863234345572,0.8003671289174945,0.7264702013934123,1.6474853925153787,2.5557700977652864
2015-08-25,1.0182314925839886,0.5760521848933413,0.797141720892753,0.5981709913951548,1.3406165160857053,0.9039953884848217,0.5808367286100414,0.2981717113028609,0.5449778083563197,0.9781293900580175,0.7841361944245853,0.8220384546029204,0.7871942906112523,1.7382919370836591,2.778284018231029
2015-08-26,1.033015154321753,0.6139713961328559,0.7657028985728064,0.6490445494586535,1.3209378363374662,0.9037994088024077,0.5542624410346577,0.1829360985733732,0.5928541880787527,0.976049090432535,0.7809578013620557,0.8601487567884132,0.8361577750926487,1.7037607232081367,2.77064292888926
2015-08-27,1.0752935528771992,0.6216207889635477,0.7260320175391844,0.6789242161550899,1.3249342316276376,0.8454464158026413,0.5871259339389405,0.16939219777450806,0.6101078071928243,1.0064245969427223,0.7748714316337887,0.9076551889639891,0.8610071332344075,1.7538405001453494,2.7158942999702416
2015-08-28,1.0647676746953456,0.6367808352896873,0.7417463893905407,0.6691950954671791,1.3762503675611146,0.8656305209059699,0.5877821467798505,0.17489794222244073,0.62428572196935,0.988818352601797,0.7769600876638619,0.9255238293029633,0.8958188921113495,1.7603983005933486,2.694336389062677
2015-08-31,1.0672221376452453,0.6410390346432315,0.738580024017512,0.6700910829297414,1.390799996296267,0.8617409105520405,0.5942001264068473,0.10744310435160224,0.6087646661993389,0.9656824795498579,0.7642535137280033,0.9453995683897995,0.9012416941049284,1.752761237270016,2.756837623896816
2015-09-01,1.1521474507010476,0.618652078084076,0.7255973284794164,0.6364611375792589,1.3500342150294133,0.8314250007009152,0.6371395618587145,0.10604721088498675,0.5797647835370214,0.8955620189429933,0.7539368245115179,0.9422002366710768,0.9061914542147589,1.7458646385879921,2.716697534522657
2015-09-02,1.1676841881164437,0.5948951438397916,0.6976685311556617,0.5524352969216724,1.3730767662039822,0.8546485203837,0.6309779390670829,0.09419770554474555,0.5727048610861865,0.9005589102841002,0.7642665703096384,0.9164002327219857,0.8896245866611528,1.735570092438594,2.7010731804741415
2015-09-03,1.1526585421461155,0.5656005067188685,0.680806495800986,0.5831554446954911,1.4154856788778385,0.8673986307953617,0.6067557575190952,0.16694195087720398,0.5923444619155617,0.8914693356730501,0.7295991502689031,0.9770024233588726,0.9105044728525675,1.8110685331998908,2.831541790313948
2015-09-04,1.1662903500488497,0.6019204777108751,0.7100212284132623,0.6063993376114947,1.3712355079022345,0.8814635421641448,0.6011633557289553,0.17811197735287707,0.5853468535198528,0.9273739339225012,0.7929954534994464,0.9672280485074001,0.8321614773755841,1.8253220097308092,2.776310073038335
2015-09-07,1.1698254350751556,0.6062534965310787,0.7030484204351689,0.5734857828109655,1.3322038396081402,0.8894688996741644,0.6087838552662704,0.18616466757724498,0.6188138129529646,0.9338980087862118,0.82327368432792,1.0072791029716186,0.8287050933732892,1.8125613985047153,2.7873820772771496
2015-09-08,1.1976385040667894,0.5799588170363765,0.7205124141945812,0.5545428178144558,1.3278721558297069,0.8894931772442575,0.5834716685347654,0.1625833549517523,0.561839417944165,0.9204596137784224,0.8128981048261174,1.0527293338033212,0.8083761263668634,1.8811515128639713,2.827480680870352
2015-09-09,1.2035446107454317,0.6165892617323078,0.6828580101232408,0.528101115611198,1.2957296220791852,0.9748593996559027,0.5699255474072862,0.1778176691003303,0.5316917705296661,0.8782901459363132,0.8031938669912483,1.0776274740118474,0.8120629698791149,1.8952301109521896,2.771244479823046
2015-09-10,1.2048397807330136,0.6215068189124375,0.6767229244921504,0.5509932656583701,1.282650551619057,0.9917094449665785,0.5757622448793311,0.13054339550893682,0.5729645991680968,0.8715337499091774,0.8126467662392258,1.0777294591583368,0.8096713066935958,1.9167324111489648,2.822809291863587
2015-09-11,1.1981392015048937,0.6316543131122186,0.6742560867387478,0.5480645950438793,1.2713713759649377,0.9989836615013905,0.5715413767506256,0.10633144374982562,0.574114003447688,0.8857456136776108,0.8181746587474106,1.0418625248946547,0.7979289828834112,1.9183052356579098,2.8434496523670467
2015-09-14,1.2045365688194287,0.6007634193910977,0.7174988344975294,0.5337724871582986,1.2992762442804364,1.066908832595519,0.5480144852757497,0.1148296634840421,0.5474010929048805,0.8924227189434688,0.8192321873143658,0.9895873763278642,0.8677278050243155,1.9598763288525596,2.764183489526925
2015-09-15,1.199968265874631,0.6135692253088709,0.7210014010663579,0.5174740381416701,1.2941879000008105,1.0541192391636016,0.5363880788893781,0.13028867095471774,0.5430779652256142,0.8867455701639559,0.8251241941413663,0.9993489037071872,0.8625554834810043,1.9793028027174717,2.7689365941673647
2015-09-16,1.1908548118736852,0.6063973785411458,0.7327238889690844,0.5158344557323086,1.2924187350728085,1.049863938023269,0.5471860919321357,0.13872745437294431,0.5097387078241065,0.9048096734836287,0.8163872349912672,0.964159572202704,0.8811426646875878,1.968039122702536,2.7437473875599214
2015-09-18,1.2004710278136173,0.6043318317604328,0.7613468644483028,0.5645532957445147,1.3362083964477445,1.0340184418923866,0.5276953617920392,0.18046277565202373,0.49725262478956267,0.9224211141816707,0.7961006459255904,0.9767133847700481,0.8622583059413379,1.9400614233080833,2.721018335590639
2015-09-21,1.198449603345971,0.6061652453495721,0.7628587009336362,0.5625409172327877,1.3371584215909729,1.036403068986827,0.5256199690992015,0.1829954043811397,0.4995643422990392,0.9224931955037671,0.7974069559898097,0.977515355736863,0.8598189267971384,1.9390119880722412,2.7233480101946332
2015-09-22,1.218570392078687,0.571292489448515,0.7166252689880219,0.5298060753938557,1.3120438302507809,1.0966083512528029,0.5252089362718686,0.19961850979729012,0.5380137461842448,0.8751336315497297,0.783971856261848,0.9143263407201874,0.8678980765743841,1.9157928555805879,2.662328964189695
2015-09-23,1.2255677598691566,0.5815626446524962,0.7211708729449019,0.5381067897461028,1.317666806460491,1.10573824397619,0.5211628118723787,0.17278726535946815,0.519686210309529,0.8533740891965159,0.7787631195502261,0.8961798773730362,0.848913052776828,1.9010659299068122,2.6800137150695367
2015-09-24,1.2173602018537972,0.5834804038088519,0.7263492591887397,0.5343540964368833,1.2971839619561583,1.114173334062479,0.5415984549507966,0.2126601575870751,0.540242529506951,0.8634927087088385,0.7882591811332936,0.9060175048695127,0.8375938141283552,1.8993658779743077,2.705897894934287
2015-09-28,1.2246780251442115,0.6075582688032982,0.7367869737654811,0.5247895550879015,1.2931887971592988,1.112855395749062,0.5468166359959935,0.2100507348357444,0.5281300357353814,0.8872440140967527,0.7383447246737904,0.9048487487314972,0.8414349537601357,1.9053727989873779,2.6702219133489744
2015-09-29,1.2378021010878193,0.6159251288037246,0.7361250692242608,0.5292997411521875,1.2974640245172502,1.1080922115495289,0.5473995189068718,0.21236914740533655,0.534427973940995,0.8742871652367703,0.7094670419919732,0.9320941130282502,0.8261156168441711,1.8802569488813643,2.6987398892212644
2015-09-30,1.2022290467070333,0.6593649247606771,0.7446201286723172,0.49045082820711006,1.2988119777389895,1.12186625793235,0.5708595914696225,0.2575491044003491,0.5757688990561777,0.8882598774393453,0.7033345046848036,0.9148428475254804,0.887665329673247,1.937131327056097,2.66724356351094
2015-10-01,1.2004282692082684,0.6599541027859154,0.7448334258262838,0.4915892603463549,1.300771813029342,1.1208892328671063,0.570544294987644,0.25835466147385416,0.5771392223460934,0.8917591668639647,0.7053062063484143,0.9147063006083473,0.8886874902376074,1.9372563663186035,2.66346744048898
2015-10-05,1.2095858708221305,0.6102503619642904,0.7219881171789285,0.4912459883186354,1.3552291516152626,1.1570300286667778,0.5376421560804427,0.2430996370298488,0.6226701063842796,0.8616732484617431,0.6463694311765337,0.9542838173143348,0.9222107934726768,1.9597880164961097,2.553305392576758
2015-10-06,1.210601314041417,0.5888064932693011,0.7139797704492757,0.48729997848134504,1.3645203217521376,1.1443034563235188,0.5515243674735175,0.24509435908469784,0.6301756342626312,0.8668455098865407,0.6523339814292546,0.9606917943249307,0.9309876544179114,1.9622511722170501,2.553963182933939
2015-10-07,1.2111940958235732,0.5835949439155874,0.705966510743927,0.4890435839096326,1.385629336196878,1.1541756246330208,0.5571748670379407,0.24192461274580684,0.6267114756616528,0.8595457936923908,0.6447061998252905,0.9557595018465229,0.9393371587340431,1.9761463115727094,2.571459475154895
2015-10-08,1.2199930020020222,0.5803715352652171,0.6912332885987132,0.49940471769441197,1.413729938589187,1.1444992039899677,0.5611286371538565,0.2461367600697751,0.6308115401508823,0.8581878239427124,0.6499435060374721,0.973749785840738,0.9338317430810915,1.9722636092276877,2.60219769872522
2015-10-09,1.2203265473852714,0.5992746923517671,0.6895094023452071,0.491162469399872,1.4245090384344403,1.137616366904029,0.5664704276419167,0.24964742713846433,0.6142641459568496,0.8443541326423033,0.6502986113134247,0.9700309954274392,0.944582150792294,1.9948039082584224,2.5892323307399914
2015-10-12,1.2213115700343666,0.6143288350830871,0.6820664295107147,0.49091675913945126,1.426074494671623,1.1376227284469556,0.5708646840951319,0.26322721419897444,0.6287410458637018,0.8466475825259454,0.6550089888904935,0.9673338719356316,0.9412409256201529,2.0070728130217614,2.6051039094238195
2015-10-13,1.1900797885821546,0.6199219634463907,0.6950840184673833,0.47311825800447105,1.4417448321583355,1.1375283197856727,0.564754357265556,0.25776084802702165,0.6360045742499332,0.8430444685250919,0.6491477123511894,0.9754105811832463,0.9450506495939547,2.029281404452616,2.645827358989885
2015-10-14,1.1913990338714096,0.6192274945054572,0.6973306667211643,0.47611940311382006,1.43932097925923,1.1388894676418724,0.5634361509280891,0.25486586341730216,0.6305323876131066,0.8412945116909868,0.6506912123238872,0.9779957255965357,0.9429190197706767,2.024144165805705,2.6534243201079986
2015-10-15,1.1826692046292082,0.6114077653361819,0.6802861852634018,0.46495008464623777,1.4472094897582644,1.1222803395909078,0.5719123339124749,0.25129614991442456,0.6218251275402972,0.8388267266753864,0.6455012775668612,0.9678790409918889,0.9509468149844778,2.033091374251425,2.6327476675755275
2015-10-16,1.1750313178845875,0.7056481617890112,0.6912562710866373,0.47705642938067805,1.4317389526674187,1.1346644878936094,0.5501332084227892,0.29385869263330044,0.6303267067904168,0.7185546839185474,0.6390154557615401,0.9615092838957943,0.982850144833152,2.002179747317607,2.572824223307848
2015-10-19,1.1752182856246274,0.7351088714554537,0.6833716650855113,0.4790240118230265,1.4223004753994362,1.1332726562299242,0.5580277166818317,0.31115709249502815,0.6609230434913789,0.6912618800648206,0.6609438947497138,0.9489025049822036,1.032205920793547,1.993335151263268,2.6290202090582517
2015-10-20,1.1734683420370213,0.7328529470436308,0.6893408269360292,0.4744011124528728,1.425884647206164,1.137921066340804,0.5600352985341309,0.3158941717169189,0.6602704696390588,0.6893134234491347,0.6700511248615585,0.9558041736793945,1.0289323020806427,1.9966152325797284,2.637925245951144
2015-10-21,1.1855127055317594,0.7282865290270477,0.6632884073621351,0.49422289253058943,1.4322385937403,1.141802123766153,0.5606240818002054,0.31415293601864896,0.6747147965790256,0.6999372572880399,0.6743223150686183,0.961928145451728,1.0363941708318603,1.9937373291759406,2.6180649361780706
2015-10-23,1.209807267828923,0.7145655013637568,0.6563836207318652,0.542309350875773,1.412241234598256,1.1381996798554133,0.5723744834994318,0.3852829674030943,0.7212711989422987,0.6874348593446743,0.6679488896447168,0.9745334778130996,0.9841139469274459,1.9579790545412101,2.659242080785463
2015-10-26,1.2166851405916286,0.7125268960945149,0.6520931179410936,0.542102067000881,1.4104003685128634,1.1427952331306528,0.5740079866796284,0.38251680244716346,0.7311902106074566,0.683557711600051,0.6579890228856988,0.9630073718019972,0.985621408503719,1.9477115595407057,2.6438199589795714
2015-10-27,1.2201781281134585,0.70478897218422,0.6422107123323976,0.543875032533534,1.4231870572105743,1.1504772267212675,0.5890690289663864,0.38468416916320464,0.7366735385320743,0.6722221940291051,0.6673323195913954,0.9778814814181518,0.974990034530235,1.9530345392506374,2.6250605492240484
2015-10-28,1.2115511468514308,0.7119135278471953,0.6410597479740818,0.5300846894467607,1.4045191268163424,1.1651349763275312,0.5682880043326356,0.3683742951477285,0.7140128257827196,0.6913410030763696,0.6462289360035426,0.9920503957485716,0.9586387504043364,1.9523958184209118,2.59414440164675
2015-10-29,1.2818356809497826,0.7216268365417108,0.6354457334447945,0.5229170749930908,1.417387797386847,1.1998850943611148,0.5439504394135971,0.37356966836234046,0.6843607254897833,0.7090820834106537,0.5769126366963188,0.985894266499753,0.9677846207250603,1.9907579914200688,2.5887305223614168
2015-10-30,1.2618986188494337,0.7250536794032963,0.6356573848836277,0.5346918895327736,1.4209277346699312,1.177348642383507,0.5626975135880651,0.3835067612941822,0.6775937296816786,0.6999358097138385,0.565296592988141,0.9829668742571501,0.9731460129091615,1.988188708250918,2.60080971973895
2015-11-02,1.2628110415137705,0.7208042362414501,0.6310425097551192,0.539844493122019,1.415121182676916,1.1780719014962526,0.5608798499340427,0.38282172794891894,0.6822665496511638,0.7027600371995418,0.5660552555609834,0.9792955912234412,0.9703442000658697,2.0003836983821426,2.5987090370965027
2015-11-03,1.2664571398086595,0.7071063379057494,0.6129861777574771,0.5310555440872838,1.4140944063601135,1.18007211171968,0.5577540449918238,0.3243448284280607,0.6895058454283128,0.6966504915768658,0.5657387561501461,0.9820649788770157,0.9640493061252912,1.9885915769368057,2.5683387380820184
2015-11-04,1.2621157458434356,0.7095030823473764,0.6164241605679728,0.5472871799678757,1.4127740867861638,1.184553670465449,0.5643067891844381,0.34231707921626237,0.6921050988774173,0.6992453147745703,0.560454949239268,0.9651596267447526,0.966395208524534,1.9919908488200246,2.567284955134216
2015-11-05,1.2829177020888136,0.7175828740805213,0.6138977040293568,0.5578289137319815,1.4125335209209422,1.1639468751496382,0.5541515116352218,0.35429936954585595,0.6903167914304515,0.7379207667670299,0.5724585863246171,0.9726825680700025,0.9824896031942193,2.0162754850254196,2.6006002459575033
2015-11-06,1.2871159259168607,0.716176468462654,0.6106540071812476,0.5551731964539874,1.4049409188860877,1.1576074559214136,0.5505515192090297,0.3459915985987746,0.702647646561211,0.7325027135419272,0.5584539445942451,0.9766658098735908,0.9846268499030433,2.015963592203516,2.6134682323589042
2015-11-09,1.2861160393140425,0.7340134616180108,0.6227620779595968,0.5701393724279508,1.4001628502706882,1.1638692814272176,0.5433115077070046,0.3433054612666431,0.7273683062349531,0.759902557706568,0.5698295461952757,0.9779758809608946,0.9840112239076381,1.9802631919340081,2.6157311168479973
2015-11-10,1.2719458219261353,0.8141619426619975,0.6560729215757106,0.6290186819906436,1.437847549904423,1.1524717532263933,0.5553132443401998,0.33312791474290887,0.7246567245079735,0.8452488363053116,0.6605878159886864,0.9727833842820772,0.9711805014969529,2.0037987047457895,2.665369446394308
2015-11-13,1.264507293658027,0.8121549727347492,0.6596516144482959,0.6326468559728315,1.442670757131448,1.1539545124873964,0.5595242096994509,0.33135265675318015,0.7290549121081019,0.8393389040367258,0.6554674516152514,0.9796818394919097,0.9751740722418413,2.012640140441432,2.679833824630582
2015-11-16,1.238168728923712,0.8488008039588818,0.673402741914834,0.6362611761738531,1.4998244661191358,1.1740939462041164,0.5918788047516446,0.3561242445606199,0.776562436688646,0.8195244013587764,0.724554729833304,1.0121530257569875,0.955338691725118,2.0866429486294127,2.3633848228404863
2015-11-17,1.2362786760192648,0.8355147585137812,0.6756816386238336,0.6424359803459708,1.495260226750897,1.1704442591731712,0.6067144441322445,0.35710848189276023,0.7785071866623987,0.8364759105332704,0.7076252777928812,1.036671400582515,0.9490261107428631,2.1085400222809625,2.357921764827121
2015-11-18,1.2239590385767447,0.872214482152855,0.6677534117886513,0.6478977278136825,1.4785832601209277,1.1447854804024185,0.6040571384499276,0.35165603180403215,0.7720026466394216,0.8186925137367442,0.7208880537125187,1.0372276400688394,0.9327702161347614,2.1226469401067964,2.3758863051032573
2015-11-19,1.2132125385331451,0.8943602738092735,0.6475690492533318,0.6931105470426044,1.4617374440750022,1.1339730995534638,0.6044093487707258,0.4031936653822365,0.8100705210467878,0.7556861620833916,0.6599055426179792,1.0240630676587579,0.944913906932128,2.0996344663942796,2.276209669107096
2015-11-20,1.2057542788023987,0.8637548908651724,0.6476652845372064,0.7035917131244648,1.4651103214465617,1.152114383954475,0.6634446103868805,0.41813446247258623,0.7994394695823628,0.7831113869373033,0.7077756180657635,1.006024133034542,0.957314531359264,2.093041273481274,2.2419182593963463
2015-11-23,1.2022081761011598,0.8819948390029801,0.6509448291696218,0.71511151213187,1.476172717144017,1.141077040569729,0.670966668026042,0.4123512595895151,0.7990493814542347,0.7930067913540298,0.7051803828472424,0.9893668297868512,0.9413713142278364,2.0920359687778673,2.2148036629927246
2015-11-24,1.324103576272586,0.9097764603245817,0.47696943449906093,0.42373967786742817,1.2275958469210182,1.1384501640412774,0.7436786297177046,0.5738285844847627,0.6560624676397256,0.8030052357894598,0.6750255974246393,1.1977804463458541,0.9228503870571868,1.9964772620275615,1.9669637022561521
2015-11-26,1.3677017997651268,0.9383322421296548,0.5016431307262809,0.39592129858777386,1.2259396099386424,1.1089000296540965,0.7751804453422109,0.5370761560088917,0.6582126507017595,0.8577108252127483,0.5533404007226141,1.1814852678786563,0.9311370492260835,1.971877178779177,1.7914817610624738
2015-11-27,1.3680689770109051,0.9287422144806613,0.5444124311257923,0.3296338023509619,1.1905888468344263,1.1285926886539877,0.7729565463283854,0.495773860305462,0.6123171821272814,0.8449659945796404,0.5523933362507635,1.1462524633302633,0.889726740253368,2.0358958745375912,1.79238024491217
2015-11-30,1.338824555110041,0.9311136062336518,0.5865062293168996,0.26442680173078953,1.1940078544583996,1.252230329027178,0.7382727442560333,0.540905955691403,0.5778524111586225,0.771507296109838,0.5110552456142149,1.0942368012974872,0.8702746927368313,2.0060052188280646,1.7846688053876096
2015-12-01,1.3532787536325652,0.8998199763518854,0.5725343312804033,0.2833149719802051,1.1300061652258182,1.2427918112006981,0.7396633686846723,0.5358433168037962,0.5768523804388332,0.797304091827758,0.511326846542408,1.065329003532619,0.801157945277002,2.0253993130198373,1.8016983410562828
2015-12-02,1.3663560435047624,0.8994544594081041,0.5881238664052915,0.2838839171374625,1.117477365177493,1.2410242148946717,0.7308598979108322,0.5205765199130516,0.568659887174157,0.8072683417973354,0.5270832901029536,1.048393814898489,0.7852074291549747,2.000687049523076,1.7798727111671038
2015-12-03,1.2221362944166438,0.9726417673645089,0.5964150236248258,0.2742728397046184,1.169271659523322,1.3060785554369612,0.6820189428076512,0.617648998558621,0.6283341966567304,0.930144772689973,0.5475253092691628,1.0676851970900672,0.7616922641649907,2.02312564975437,1.693667573628813
2015-12-04,1.2328656178179211,1.0034952279229812,0.571262408883929,0.38941803433168043,1.1122054146064955,1.2904357719823458,0.7561368554997175,0.5810438420663776,0.6624824066771342,0.806950677420682,0.5399212686862327,1.056964985325951,0.7313264023242936,2.037840816999033,1.7885371408614636
2015-12-07,1.1904426190076063,1.0444515220358983,0.5187605550777017,0.3731871167397192,1.1123035489564315,1.27510318093691,0.8219793634875247,0.5463942072266942,0.6718325686072203,0.8360786563225142,0.5429460926439837,1.0635054924773644,0.7279161353182423,1.9768088620398117,1.5605693519884003
2015-12-08,1.1179219876398057,1.0283186802045745,0.47796018615828045,0.3519462848399846,1.2113679185465243,1.2549515694386624,0.8463880413261312,0.5891814365285876,0.7065125977612401,0.7765855103653101,0.48711223079627597,1.1467248832592947,0.8671737909599109,1.9873794761303658,1.6524388180695697
2015-12-09,1.1180849576877134,1.0350269115133888,0.4770898617392665,0.4243709681863514,1.2145288522831175,1.207265067274819,0.7905645082518681,0.6286922208943564,0.6966593022840246,0.7479409564169732,0.47284656839523664,0.9975282995791045,0.9107487349487243,2.053002467672615,1.5515812248006327
2015-12-10,1.0686745260153405,1.1352546216938744,0.4095628791957922,0.5058533622520566,1.2333593474422657,1.2607707124253849,0.8711181764195256,0.7398677783710443,0.8766768967798659,0.734458157940627,0.45460213317209786,0.9213832758543619,0.9618951170811547,1.9641160024412585,1.3553165134830716
2015-12-11,1.0686894490692938,1.052487032717682,0.4516451909613328,0.5784530641789492,1.3426046399690363,1.090398006568953,0.904510532927961,0.6447256049915159,0.9421156758443566,0.7933627121163358,0.394612121238028,0.8623278652017616,0.9367987064397069,1.7708839620136998,1.4156781110480772
2015-12-14,1.0763744046479682,1.0642784073989109,0.43591506965750987,0.5945958782062867,1.3087235658183418,1.0682358259080715,0.8911837386842447,0.6375155733371747,0.9586940160003753,0.815326958803437,0.4087439781632823,0.9200519551030863,0.9094910825037325,1.7895629820751564,1.4084766516031355
2015-12-15,1.0955748854344387,1.0636336698154476,0.4017971052106068,0.5070166502294519,1.3306231889353548,1.036309135626608,0.8952858324437162,0.6168448947917988,0.9779794177802769,0.8188676405442165,0.4001058241064633,0.900098925333122,0.9204995622011514,1.7632331495987903,1.4152681868562118
2015-12-16,1.0715958148217426,1.0919778236418176,0.3290627955654354,0.5250888694557233,1.415726367404612,0.9263879305235957,0.8937118224030488,0.5979167783059195,0.9164581532527599,0.8196800028061801,0.38804483277535345,0.9077806673520835,0.9570140042713908,1.6881931767033824,1.4926953785319816
2015-12-17,1.058472556122993,1.0886202468107566,0.3259599963116598,0.5919444021992234,1.3406673808281615,0.9513676380481538,0.8919792987962696,0.6031400893689343,1.043898262182206,0.8908615161653681,0.3944238532356567,0.986184217222044,0.9412260045341794,1.7141429688121042,1.4721592550507785
2015-12-18,1.0587535494917537,1.136606804420035,0.29030833887630597,0.6066080066907356,1.3374506041898833,0.9254932941585224,0.8768935324535895,0.6649875723382359,1.1024513016707127,0.8622483706236714,0.4006718057882803,0.9978632214209529,0.896864279533303,1.7087712809041313,1.4521446379989245
2015-12-21,1.0046538923011152,1.184698691807475,0.2426513851677217,0.5112763837912632,1.320051365852643,0.9657245523110576,0.996406013762754,0.6029642671669083,1.1691763114013827,0.6910774785770172,0.4356389456963229,0.9378522712204072,0.9377020297378091,1.7783090675977857,1.431575025276434
2015-12-22,1.0150113862280081,1.2018927804390096,0.24008945264007314,0.5124294625705458,1.3071380052165578,0.9521072523868722,1.0172920829411507,0.5796842418160897,1.1719644792749682,0.6609011127676373,0.4288086394637954,0.9311713148837706,0.9149366001427669,1.7715422181799687,1.4529045585551204
2015-12-23,0.9115469993464018,1.3741454535078275,0.3136258883289893,0.4598886398509111,1.37915606633501,0.7905892952791203,1.0774085358841767,0.6395720621544956,1.0693342749867691,0.8508817111105318,0.486509161978995,1.0121198800374611,0.9477630267878707,1.8229653222933713,1.5186012080619022
2015-12-24,0.8877846154854319,1.3723054756177175,0.32410934973525785,0.4648244698477482,1.377501190197236,0.7935425348501204,1.0666616501934514,0.6271172891945032,1.0803397067495664,0.8576778454840677,0.4827239961484879,1.0214464063697033,0.9697700176414366,1.8328537680936614,1.5035098266296882
2015-12-28,0.8982919227886296,1.3504038050126195,0.32144723666061903,0.45129759127509184,1.4467994893273983,0.8487763285358121,1.0501183576491921,0.6308869915076329,1.0563210254229471,0.9109095146177248,0.5583151177049198,0.9895560383014738,0.9196027976320206,1.7379252141258514,1.500838798247119
2015-12-29,0.8604796250885908,1.3004075436832425,0.28630791199724953,0.4973013948741201,1.4513335545942168,0.838004285367849,1.0479014686594403,0.6539743686501899,1.1162369875054723,0.8411486301290076,0.7398268337423307,1.0024822785788166,0.8989849443846276,1.6980779823061045,1.6103899038622658
2015-12-30,0.8356723761300264,1.3022150818941693,0.31238327891547857,0.4890137012437653,1.451677586322721,0.8432197213992442,1.0411374587142168,0.6654140654741911,1.093461558843086,0.870834373125507,0.7671515499127969,0.9602674687158442,0.9394916902900817,1.7663172514390943,1.5422997050117546
2015-12-31,0.9266977115007372,1.2438520724696616,0.26294901443749974,0.5892481935334648,1.4784936614368438,0.8204324016406107,0.9857979853389007,0.5621561918057231,0.9792806573960567,0.8328232949145712,0.7012421430785286,1.0048269965619503,0.8287893822213207,1.6299026979038147,1.5546266990303557
2016-01-01,0.9276104327855793,1.2431387484859848,0.26267449809268006,0.588462804475471,1.4776602229379456,0.8208793368786025,0.9858377927810918,0.5614788123563601,0.9782636607221015,0.8309309706500811,0.6996810461545235,1.0047577375759866,0.8284779654119647,1.6303784071945648,1.555857058573664
2016-01-04,1.0323456980824464,1.3623173120157241,0.23498869321970203,0.5470633183924561,1.4035184352348768,0.6940124915426975,1.0445078927352565,0.6164551380831969,0.8251898315590713,0.9066014335882062,0.8471566123859428,0.9158441126494774,0.9575025801533766,1.3186073088231016,1.7532658875313976
2016-01-05,1.0356834026810005,1.4066309878411372,0.23737030883267,0.5624410145126362,1.3693977276323908,0.7265549475710813,0.9888775296314988,0.613784842861217,0.8097299559353576,0.8897245509191481,0.8208527552094745,0.9008263677457431,0.9519624197337281,1.3126508419318013,1.7490268247901914
2016-01-06,1.036477941361418,1.4299397418176327,0.2601262031508191,0.5449063102721113,1.340481310324671,0.7191786304247447,1.0134352678474368,0.6212467828289422,0.7928736072240704,0.8760449232128379,0.8318077610038527,0.9273087375664617,0.9742385080090341,1.2981394818595906,1.7561744862678068
2016-01-07,1.0037217739604505,1.3559739031008795,0.28267282771465174,0.6278377642575703,1.4478586155095965,0.7736465917951008,0.9569411911277951,0.6289685659837264,0.8136940991047998,0.8054646121138259,0.824220990526045,1.026014972162845,0.8454990242222645,1.5915470108261671,1.9453102120544266
2016-01-08,1.002719019110387,1.3142228507037415,0.2917177545110107,0.6773531411588252,1.4318915918724522,0.8041128759044148,0.9567777622238253,0.6143385328995643,0.8305632909961689,0.8596452575970238,0.8207662391210403,1.0360984030917293,0.819058656925651,1.5303780448540947,2.022995213801456
2016-01-11,1.0002305329558447,1.2761160888489684,0.3096091533905143,0.7123896493942653,1.454848805091596,0.8019538946802957,0.9405422183520366,0.6150157795855414,0.805007813439613,0.8575868049279673,0.8302851769820072,1.0717258711483877,0.8363515109982821,1.539679726573966,1.9926654397047894
2016-01-12,1.0124679669040564,1.2705525231628487,0.26985381825069943,0.7025215310989998,1.4658772793704653,0.7557942722479962,0.9348658859499481,0.6137921708471241,0.78480833504022,0.8334270930983079,0.8186040897615998,1.059071322944645,0.8549765552275574,1.5626371465370237,2.004926086301453
2016-01-13,0.9803552421218619,1.3200523059121154,0.25605108302327134,0.6699514291569786,1.465941387250824,0.715438994465141,0.926365016863276,0.6381568147973452,0.7600650902419261,0.8483625007548584,0.7915205649425346,1.0455445582278289,0.7967557905983723,1.5487604927539473,1.9732647002757406
2016-01-14,1.012386722035287,1.3304076761407013,0.28965683413313376,0.6873994103870503,1.4415466126478282,0.7671403340949011,0.8999911024942069,0.63890257109106,0.7801475703517361,0.8559418613600531,0.7809376119248866,1.0656319725782157,0.770784149786518,1.5301402486107363,2.0153116737119747
2016-01-15,1.0178970068915523,1.2758366191499306,0.2929559033167952,0.6276501892962763,1.4233557423270746,0.8832473187593495,0.9142749757835605,0.49103484682174214,0.7591647636871736,0.8443561427540095,0.675522938732656,1.076430430780085,0.7851478973866579,1.6432067612528982,2.2656908969803866
2016-01-18,1.0389714268243073,1.2502926878125986,0.2621748423491413,0.6444516916830756,1.4919061861451055,0.9044518420973915,0.8687919409781282,0.5662260070764136,0.787620314296274,0.7994799863639074,0.6623506897086311,1.1013727611973125,0.7434976042443993,1.5710273521459261,2.2550125386706648
2016-01-19,0.9967195722260461,1.21435294984186,0.22068865290445688,0.5837831991057872,1.4904429049240198,0.8730377808221843,0.8195976148208332,0.5449741996239292,0.7205580120415819,0.8093914728795965,0.7029817847806556,1.2029847233287705,0.83558147951195,1.5318532207441282,2.1712318402248854
2016-01-20,0.9752504305162397,1.205011111856157,0.19917794700826005,0.5898389979549538,1.478377851678212,0.9057684126685337,0.8275034262814045,0.46620139956023743,0.741321677545998,0.764868082018802,0.7037729610596344,1.2690293794535383,0.7823322578590918,1.5366652333822646,2.1847685551883678
2016-01-21,0.9648161189146484,1.1923598573833036,0.22306305438019036,0.5921134136437372,1.4783298951598838,0.8754341541034368,0.7852063872778451,0.5103472062745923,0.7781468480167251,0.7934014465804587,0.7141648144807877,1.2495963345022747,0.8477350951647503,1.5328415989269766,2.1851370052819417
2016-01-22,1.0228653888765178,1.0628279681718773,0.1967696060428403,0.6028168176780754,1.5460226641572448,0.9707158931729299,0.749210731763086,0.4838012109695789,0.6992179077995355,0.8235580543121844,0.8965964002865726,1.2455542958398924,0.5921387287113522,1.6319272600019588,2.1307415643459726
2016-01-25,1.0167076009163853,1.06068002288263,0.20376257763906774,0.6001796456556755,1.5450790294473091,0.9659784829650272,0.751304075090854,0.4897163060003892,0.6952010138368254,0.8501794886446614,0.9051424291878659,1.2425417136901369,0.5912179099005791,1.644947747341748,2.1168655254012965
2016-01-27,1.041572695557855,1.0730531336794542,0.21704804825971696,0.6236270535052876,1.577657020986376,0.9556138235409793,0.7619607510449254,0.4956444222235266,0.7166024720174058,0.8555736462402657,0.9097638526053529,1.2080996279437175,0.622064970418774,1.665756933588916,2.116802124566512
2016-01-28,1.035805435662495,1.0725388461320133,0.21230193622724264,0.6291900132224466,1.5865249397712498,0.9449207272878767,0.7495037357138749,0.49270103258161224,0.7240037253138841,0.8293150611550031,0.9566611103178997,1.19050783830308,0.62135870472059,1.6805238766145247,2.1012577230808396
2016-01-29,1.1146699539820362,1.1091720020796403,0.31297563480240953,0.5806103161187514,1.5740375881044695,0.8446493231657857,0.6764536355892281,0.4614265425289389,0.7235811210180746,0.9709048592017252,1.0500747415222316,1.2717840443391097,0.5499463115963552,1.4668195233696284,2.005369817054507
2016-02-01,1.1145541411325357,1.1085941921210019,0.3137694260467517,0.5863982800470078,1.5747516571300844,0.844371924706149,0.6780410868334387,0.46472114142655124,0.7218421038766818,0.9662684308368138,1.0517365065175508,1.275534112152803,0.5511723576689653,1.4614298427342276,2.0094958277558654
2016-02-02,1.1227461092709647,1.067817648125927,0.30937799964019114,0.6773178780917132,1.6115955428295305,0.9196358277035536,0.6642804344365729,0.4456590168409005,0.7032247086208026,1.0415581411564068,1.0029099992603647,1.346605287998839,0.4849715605305192,1.6039954758188868,2.0225460327031586
2016-02-03,1.1294140589899595,1.0743874910764315,0.33805383498832026,0.6604856948141217,1.6048197473615846,0.9846525549594466,0.6632710139978433,0.45158164789659255,0.6543055089805274,1.0115417819354582,0.9958411247968922,1.2412723565730936,0.48533976734093537,1.6352918365933942,1.969195044956199
2016-02-04,1.0980351441438627,1.084044336234805,0.33939893087686596,0.6370365585181312,1.6580058111927867,0.977745362249494,0.6773828448384909,0.4562315746194805,0.6772275111306185,0.9401587840628538,0.9895531818962453,1.1571295916473772,0.4634121271081413,1.5810050382290866,1.92101919634757
2016-02-05,1.117779738970556,1.0365721014284237,0.3208007221781565,0.6518211075452118,1.6104802430374434,0.9608911307713831,0.6741632390652567,0.4184137807770669,0.6680460744928423,0.9760272115483819,1.0749479119269636,1.1768989303479596,0.47499737027818995,1.6200154992957054,1.8969589002665412
2016-02-08,1.1574742437912398,1.0552780432069047,0.3541029766689239,0.651934016192298,1.6212901800084378,0.952015712573052,0.7296261643696859,0.40083945290092826,0.6344616929130845,0.9704910539403246,1.0459607070038994,1.1399616703128532,0.4222782513748318,1.58268482289781,1.8055923868577375
2016-02-09,1.1114730978285514,1.0778738053929133,0.3742060656509691,0.7279944523885507,1.5209927183235226,0.880908586722645,0.7118666476581922,0.39025671317412275,0.6946484439771196,0.84551667151234,1.0023707234048258,1.0757326316327918,0.39236200433184665,1.5492911767082094,1.7285408473548705
2016-02-10,1.1291975696476728,1.0551438090588057,0.3820369977674286,0.7407769015476807,1.5211388534661319,0.8789512465028314,0.711215725114065,0.42104147542422576,0.7093592022147153,0.8333818211521886,1.0336930939783422,1.0374365168870883,0.39119539065704034,1.5267497960028222,1.798559060960083
2016-02-11,1.2291510363103386,1.0539465513190562,0.44920716622641693,0.7173160006874658,1.5201099719591264,0.8916131703401811,0.7355579398508272,0.4300447099805771,0.7845005744753145,0.8744194939650488,0.8178126868696938,0.9502177532790242,0.36030546405233055,1.4977898453749452,2.0155942009590126
2016-02-12,1.2321606389061261,1.0772012704401837,0.44679770594158946,0.7033956744925319,1.4969839163786565,0.8987006591210417,0.7098940573607875,0.4028068281022202,0.7676582866587506,0.8690481572965371,0.8326382564817592,0.9196039111256585,0.38565325830583524,1.475566098755135,2.009334315207807
2016-02-15,1.137268805127171,0.9325632578255025,0.47232529844608206,0.637281770527381,1.5116132623590102,0.859440411471454,0.7008779251839323,0.38404126083012086,0.8366037035171111,0.7922131256645252,0.75156294180364,0.9188172909510033,0.2803290260038074,1.8161628804214842,2.1802827047699758
2016-02-16,1.1229242625541578,0.9032942411146856,0.4584033966258138,0.583266424590221,1.4913830041811784,0.79292758077961,0.7235124526331924,0.29946729082058043,0.7971530163813487,0.8971945636947325,0.8074404648781544,0.9340866114620825,0.263214909494346,1.8207182040028231,2.345911123007905
2016-02-17,1.1211569472694636,0.9139589873775181,0.4425586686589699,0.6020476545801827,1.4743955354639715,0.7848484457484912,0.7487986581177436,0.31211892671203484,0.7991915253878241,0.9439858498293896,0.8421427757801208,0.9130000853822103,0.27802655326101766,1.8305174475372317,2.369217481576991
2016-02-18,1.1261255042818954,0.9330419303317328,0.48409427561750856,0.5923413498596384,1.523961329353038,0.7594551419731204,0.7702894946944362,0.35106770727798536,0.8531727193560906,0.9479964912004136,0.9131703483704897,0.8978699781758688,0.2829167603030228,1.78040478201875,2.274627771151504
2016-02-19,1.1193970383793033,0.9305643139697374,0.48830693234502737,0.6077022496830222,1.5278078599993732,0.7662181788841658,0.7675180787975533,0.353251283279692,0.8445232260306931,0.9375799442253276,0.9032231541060006,0.8926731958154451,0.2922656681539013,1.7802475733551886,2.2858504804218844
2016-02-22,1.1223181168756582,0.9241900980211495,0.4741013001349861,0.6134809820576798,1.5365569171415085,0.7413830924301474,0.7377242097091135,0.3693136472845566,0.8829762299430803,0.9109374532439767,1.0154313991559176,0.8900349387583899,0.29793900840847726,1.7793946734662738,2.2373090384349714
2016-02-23,1.1255610368847748,0.8956017226445426,0.471344405758698,0.592243280447494,1.492059343300327,0.7792865107380396,0.7512036148852065,0.4051527046133976,0.8471474789266032,0.9219164686947937,1.012330641458326,0.8661909224287495,0.3402069026209455,1.742370978798181,2.2650055098320587
2016-02-24,1.1159121197286206,0.8780089864876184,0.4790454894162247,0.5997485945063563,1.5024532882505748,0.8287930553530929,0.7654125508868456,0.3952678861191458,0.8586767306068974,0.9417976617121733,1.0280861337004463,0.8539234391153248,0.32438122413747217,1.7518735459745942,2.2190293572304776
2016-02-25,1.1291115453902272,0.8923582040919782,0.4646337320236465,0.5932420956351436,1.4749404222500864,0.8193299899311044,0.7643400002298153,0.3977002620382757,0.8620234324980018,0.9296228235234641,1.010870577010095,0.8455865564007059,0.34843911683919104,1.7294431218771302,2.2141655581884603
2016-02-26,1.1344312441088082,0.8896413597027656,0.44984368089582083,0.5953874165745221,1.4537213078239366,0.8460856589298575,0.7822632007665252,0.3861465393971492,0.864940427882542,0.9058283372575803,0.9989737570650098,0.8240430575559207,0.32312952984783183,1.7072817282941328,2.2532986501260113
2016-02-29,1.118110531448371,0.9085402376679991,0.4546846314620998,0.6060242192313272,1.4933766858071365,0.8615309112651807,0.7614776453714586,0.39468511537755874,0.8507923673509321,0.9136395099593244,0.9872572255500958,0.8027400226437645,0.31942537749606864,1.6980121510784227,2.265562639996026
2016-03-01,1.0075037959739188,0.9291619748472107,0.5128907321607947,0.6971496366060056,1.237492573953589,0.8411326850788845,1.0557812711908021,0.3935786799016894,0.8676420724635623,0.8866677744100135,0.8326490802037875,0.7807481092703876,0.34953018751109516,1.5926772855077889,2.3833126349301024
2016-03-02,1.0253460578173959,0.942494377536777,0.5088426010966492,0.7991754035027275,1.2217633692511,0.8754651227599897,0.9522828488547755,0.3926080331568759,0.8398367359007418,0.7957423459323549,0.7849063169191978,0.739225021906867,0.3724226964750276,1.6064803206898113,2.5003863392277275
2016-03-03,1.0133397115840124,0.9377462307033485,0.49727784817882553,0.7916981354306809,1.1918518195200558,0.8532176613160536,0.9295830718785862,0.42592407274833377,0.8112004290658165,0.8060499838528228,0.8340749446484345,0.632234718622723,0.3934741689999807,1.6592541003324894,2.390202027800626
2016-03-04,1.0196121746860887,0.928457016829654,0.49994605921821533,0.7939211055774967,1.2206674200425776,0.8655175490357225,0.9508756038460564,0.42219820300839456,0.7879160056820151,0.7921349534764521,0.8198153510187162,0.6501550845236078,0.36781742915075266,1.635126270556135,2.425747777117682
2016-03-08,1.0142282687725297,0.9200446444337449,0.505113123609526,0.7760292963598345,1.2189831053136688,0.8494792665709078,0.94822286795328,0.42338689380415706,0.7694371410771574,0.805933982875391,0.8293833750703723,0.6320864550199005,0.36675517094572196,1.627804417433554,2.439749153189389
2016-03-09,1.0145555532676327,0.9358813582701854,0.5056468874456238,0.8055145857545365,1.217530719902143,0.8451307433471021,0.9511149790409311,0.44092764888154173,0.7467434334973813,0.8091820244008294,0.821893828718526,0.6182151893925038,0.36279121358841365,1.6726994342765271,2.4236186759303466
2016-03-10,1.013174227348176,0.9478692734192692,0.5060856637077599,0.7917334662778934,1.2203724026536833,0.842399932921627,0.9600894944041533,0.4450644653467845,0.7372024437228929,0.7997339619837381,0.8219432930488746,0.605258064251304,0.3678558380683327,1.6633290575244255,2.4378156040686454
2016-03-11,0.9952706555556696,0.9464490759388507,0.5215017376274897,0.8213262647412427,1.2078407283472457,0.8506198485817845,0.9635411348223776,0.4504502746418695,0.7231816444266354,0.7999929241460686,0.8332733570632742,0.6153515372206211,0.36330477234369,1.670007600227974,2.4405906290203125
2016-03-14,0.985076043303402,0.9360340677649801,0.5302384851605583,0.8309414537707362,1.1874033274549383,0.84681383503599,0.9811988686603617,0.44722141964147805,0.7444982917486327,0.789660174770904,0.8371585942854322,0.6233241135207302,0.34192046866679887,1.679835475631935,2.4098155499400042
2016-03-15,0.965994357591701,0.9364441266970649,0.5459641172832159,0.8372875743220491,1.2095679489879745,0.8310320914865401,1.0124928718811275,0.4418580860201854,0.7251687588087234,0.7902585013495624,0.874137364213971,0.6218509228852828,0.3311463109992421,1.6138893731954633,2.394885623258663
2016-03-16,0.986297566840158,0.9278342619083962,0.5532591188853532,0.84047017137216,1.2119497923764644,0.8420977109453952,1.0191469333690462,0.4032240398180438,0.7148702252353436,0.7713830926536015,0.8668203571475295,0.6475900408130412,0.3113786852279643,1.611785780225806,2.411860342200158
2016-03-17,0.9901906104066975,0.9194570031949534,0.5559105262412113,0.8638249607104499,1.1948626761014087,0.8442988732355593,0.997468668482408,0.4103759330061486,0.6983466249820904,0.830133749335222,0.8608259575354713,0.6553609041115611,0.3108851903732534,1.6156549481757665,2.417649678869274
2016-03-18,0.9874987032012127,0.93091825588083,0.5798083124160919,0.8670106034110354,1.1955286176556903,0.8432931291179039,0.9747916743008362,0.4395500497798094,0.6786972467944054,0.8033618274932984,0.8655683435423541,0.6607239011480921,0.3236229344389265,1.6139281386918172,2.400370649382413
2016-03-21,0.9839133400651809,0.9061951391223857,0.587725138916252,0.8566674137784389,1.175116664205685,0.8160140854499017,0.993679250495523,0.43990203783577053,0.7099719402817859,0.7930515510573485,0.8543542843209696,0.6772002714039288,0.32818233667846214,1.5744501861935678,2.3785962233698905
2016-03-22,0.9844580650351488,0.9046561320703513,0.5863871544628316,0.8542905320631283,1.1742294980018764,0.8177028384245214,0.9889465671492447,0.4411256785329394,0.7112781230327473,0.7943844423031937,0.8465033999888151,0.6765438690471821,0.3271946804549124,1.5769581270395032,2.386914546185507
2016-03-23,0.9819646481903546,0.9069146630832325,0.584177122800246,0.8563462535545429,1.1560821033775197,0.7905725644897272,0.9898356883291524,0.43844530975464185,0.7178252751675358,0.7766061215351866,0.8178592867401038,0.6781654587591929,0.3511213527456722,1.6283702460018563,2.4005551127757636
2016-03-28,0.9426635097155506,0.8966070470623165,0.5722868143217416,0.8545582396957256,1.1376620199356993,0.7534213833377219,0.9806001319722826,0.40068173726377854,0.7519317083493194,0.8253909435942764,0.809406174445589,0.6813589733641505,0.3786567666964367,1.6850379447006187,2.4468583340767576
2016-03-29,0.9448836115760991,0.8918840871273116,0.5697764110491934,0.8634928510984158,1.141006592150378,0.7580916489897531,0.9852370884263657,0.4020772196404425,0.7561459450122473,0.829368294867792,0.8192288735034499,0.688467804775744,0.3736120400399963,1.6883020455996554,2.4494052030097646
2016-03-30,0.9407796259259803,0.8622703434198865,0.5806946045868877,0.8649339420604528,1.1537640497941895,0.7706396045583344,0.9966414283583209,0.4464828533928007,0.779758179059289,0.837399450718045,0.847221521064583,0.641298397689541,0.3399599025067862,1.7612835017769843,2.5124868862621943
2016-03-31,0.9399730077720715,0.8630243128613093,0.581240709809096,0.8654505268934284,1.1521707068554936,0.7704615658651344,0.9968512007403328,0.45106701175877356,0.7810658385735769,0.8384410818348073,0.8477382206752077,0.642023602428357,0.3391804874461692,1.7601707206171313,2.5102411455805598
2016-04-01,0.9144680554884004,0.8466580836133957,0.61041966818607,0.896853891957707,1.1710794332830623,0.7834764172107775,1.012639114704826,0.4332124305238431,0.8068306428064066,0.8302097582600534,0.852220874255364,0.6493135820618006,0.27947344343300184,1.8224618316768648,2.536793930938568
2016-04-04,0.9188139966902368,0.8624615242071729,0.6124493605283049,0.9063009862024275,1.164642308857339,0.7864942860459925,0.9974467092354495,0.43671372706895556,0.7997473053384897,0.8266973809835889,0.8565919679623516,0.6513765462289686,0.3027835729691354,1.8242533060679544,2.5139572187571138
2016-04-05,0.9361405382492067,0.8708447046614097,0.6144572971489098,0.9092492531981421,1.1232627464573472,0.8198949758812288,0.9686759891294978,0.404649903158553,0.7866241046077661,0.8258292616830178,0.826224878688348,0.6298607287600337,0.40121585121602144,1.7987078025727499,2.4943771040801646
2016-04-06,0.9471332306982203,0.8668231777702798,0.6236920375815066,0.8929854955920085,1.07437625662397,0.8039262327296824,0.9762019648689824,0.39052978516401077,0.7929037895248241,0.8466403628724265,0.8271778523438699,0.564950377507736,0.4252003912391533,1.7198025313723124,2.4564624085895357
2016-04-07,0.9455753775585198,0.8743958923696498,0.6261365951276012,0.891830223450223,1.0491247160683115,0.7877263497851028,0.9842223416687819,0.3600553766543332,0.7951853361599401,0.8324906809820727,0.8071249041611046,0.5536892853936081,0.430820885919323,1.7227339678960234,2.425065805541566
2016-04-08,0.9537295014317576,0.8696496265116548,0.6084985160251549,0.88300707448765,1.0403962561820501,0.8039013733002458,0.9914782233226661,0.3458506952524603,0.8006345574180217,0.8258240748062027,0.7942461884708248,0.5392630810328555,0.4281189404220309,1.7191098011039077,2.435943077432125
2016-04-11,0.9412560866124315,0.8695161950371003,0.6619638415195265,0.9200835945514877,1.019239887475534,0.8500298183314798,0.9999447884799376,0.30143837539868223,0.7745352569295069,0.8254038630145138,0.7689514094837264,0.506631774052999,0.47052931426642214,1.701160813895841,2.397690638767102
2016-04-12,0.9510608563682599,0.8482160522292786,0.670352486831475,0.92087947205837,1.0246017867428614,0.8600995435949211,0.9938080698996002,0.3179742390204667,0.7931556083874269,0.8236953008104498,0.787990254230455,0.5044908775244743,0.4905270567746261,1.6940684057956337,2.3967664824461
2016-04-13,0.9593715777209011,0.8221778744021218,0.6966370976527791,0.9306754098059501,1.0107472019749186,0.8535580099015664,1.0146008603451402,0.30268998769425715,0.8075371947696888,0.8144187798767935,0.7734880925558792,0.49013875529520673,0.47572911101401333,1.661872592650021,2.3344270726878045
2016-04-18,0.9443894792584421,0.886811828867274,0.703211754555323,0.977053718889622,0.98012135511109,0.807523726155889,1.0218710536799411,0.3010599089056145,0.8263374475751778,0.8200837477033174,0.7920386231986655,0.49157003353149764,0.48245887640403956,1.6213321369288591,2.2927066029006316
2016-04-20,0.9429083144900186,0.8903515905617702,0.7217564505151904,0.9857961589531884,0.9639023056349146,0.7998291931166412,1.045827633979731,0.26491036819391645,0.7940672800646338,0.8312103148198533,0.7742585618352875,0.48261446512942807,0.4610123449597739,1.6718649547548194,2.277365425373348
2016-04-21,0.9524650192742652,0.8972149105131968,0.7550450591200112,1.0094375004643807,0.9530272448737445,0.8060862101344799,1.0672394491904085,0.273878018692,0.8210228492803893,0.8280735677099057,0.7675434612573946,0.4398451125174123,0.4310636112828162,1.6920266404912707,2.3106062235807574
2016-04-22,0.9733225382423365,0.8982539669697339,0.7848256649247048,1.0237174270152205,0.9376394723474473,0.781493407231713,1.0752301659457122,0.30341052323014006,0.8049416097956248,0.859359687333057,0.7594109870377549,0.38636606671698936,0.4420124705257208,1.689817502318934,2.3034794992967607
2016-04-25,0.9646360009862381,0.9033621729040574,0.8018927144572355,1.0357050247734025,0.9313297767499645,0.8031634826199697,1.0800285072689695,0.3082032357028039,0.790099906969034,0.8525949546778662,0.7383220786997945,0.40986213837156843,0.4274440099726439,1.7126909071418752,2.312117560672209
2016-04-26,0.957019258891258,0.9471748099447438,0.8292832816418045,1.0398185486896865,0.8708092768445751,0.7344020130038406,1.1189287023023633,0.296275335259508,0.8236978755128277,0.8369294641903156,0.6572138597780458,0.36392290492869206,0.5226003766284086,1.6897539458074136,2.35047540823338
2016-04-27,0.9589882020673849,0.9476886234311207,0.8300650537048835,1.040627168896674,0.8734782820227979,0.7348314167451755,1.1207365016126356,0.29707161045193264,0.8248923607714991,0.8351517969172385,0.656968491309395,0.36219015188005216,0.5265984518496577,1.6867748497637076,2.350125591716207
2016-04-28,0.9566880261822661,0.9672873944236208,0.8269149259187994,0.9953057603192881,0.8876703387849089,0.764501378012393,1.1488123829043715,0.2817475910243706,0.8254136987764883,0.8369290351634308,0.6687805389712955,0.3509090231362883,0.5171991051824866,1.690561396662941,2.2416518132916146
2016-04-29,0.9501677297559085,0.965375502323077,0.8243219808181269,0.993384329671105,0.8903897087583307,0.7651114134717004,1.154792504899315,0.28297451320461076,0.827252409775312,0.8418128559372585,0.6731066794451971,0.3554128993357804,0.5117298289299028,1.6856283746921263,2.235681554118039
2016-05-02,0.9186844525088079,0.9380702188537222,0.7992136902666807,1.033545228927908,0.856434472959873,0.8210592197530837,1.1923701912752702,0.28378034385514017,0.8442426776675056,0.7680325274999913,0.6480538926967535,0.26998347442871345,0.5629481906613584,1.8060078528432835,2.2897605785279747
2016-05-03,0.927871674952165,0.9512790903152665,0.8027558245796262,1.0439480605364915,0.8595827114254806,0.825876471772093,1.201289300717684,0.3080176495183954,0.8499045305149499,0.7772229823884707,0.6563950343376961,0.2787669558120193,0.5376233146540158,1.791524349769252,2.2897061669927945
2016-05-04,0.9140594209271627,0.965778187665667,0.821019143154254,0.9869663586690757,0.828195513787884,0.7558527025387367,1.2294858375745716,0.3221639723042527,0.8684232707263851,0.7165918793837824,0.6743804233893065,0.2075351852959319,0.5891272723490105,1.7403120025788543,2.3057338829973206
2016-05-05,0.9009172326401305,0.9610496842689417,0.813875779522314,1.0091593095538924,0.818591580164775,0.7050835709197323,1.2497350822336313,0.31307458914992525,0.907288381661545,0.7347507690766072,0.6670331385030518,0.27144365690625405,0.5749473572853987,1.7136154813029354,2.354920686614465
2016-05-06,0.8956523972612246,0.9537912194136878,0.8159697980417693,1.0175874830811713,0.8023427358372272,0.7211091407402144,1.25348889087769,0.3040136081543118,0.9039998775827938,0.7370025736962237,0.6714463922276662,0.29336292110517703,0.5679640069045064,1.7192905555258309,2.356083248989236
2016-05-09,0.8791799967667767,0.9708497696127819,0.827904674936805,1.0062134127256763,0.8180025275105395,0.7462334841724017,1.265804198194817,0.2773771425566624,0.8820707417377571,0.6921301142386558,0.5984503420400475,0.2635706436855903,0.5852642541468848,1.634296999465673,2.331575107635878
2016-05-10,0.8532708106092575,0.9602401437204635,0.8079360736910236,1.0164876075629314,0.7873334093945017,0.7344807004375061,1.2483573938061605,0.28133915806261095,0.9012160211632203,0.6644694163094725,0.5999497768930458,0.2647875602943013,0.6180784182702839,1.6662665872908489,2.386148316338092
2016-05-11,0.867471177362372,0.9199204428057803,0.7962843216240106,0.9677112582772819,0.8436648070680869,0.7761079906054211,1.267773436878986,0.27620635890466566,0.8671089683086297,0.7195537486071846,0.5651324143899701,0.23787472316789973,0.6542118052169075,1.695873424985831,2.4230972353163422
2016-05-12,0.8513775947500748,0.9382808417184461,0.7995815513606563,0.9629351531038218,0.8279196042740716,0.7701207543077353,1.2711219265035754,0.2546498541971161,0.8647455799071654,0.7437256270115186,0.5570823034497541,0.2596169433668202,0.6605572175097277,1.714516652133367,2.373682771167973
2016-05-13,0.7280111208394433,0.944642105698375,0.7959466295550429,1.0150637880596778,0.7293890517388018,0.731113487062627,1.2861331841201524,0.07325647549264568,0.8162522195170884,0.7296014834107831,0.6786314138442048,0.21613884884659942,0.7503995053761507,1.762721970803154,2.287103336555412
2016-05-16,0.7307576413790999,0.9460300043999307,0.7949984875055242,1.019154272287109,0.7144588472842864,0.7290297461982599,1.3016079571328272,0.07975887270326942,0.8048964754112748,0.7348397615234074,0.6910079031244973,0.2226583863079426,0.7551671467907982,1.7544478859429573,2.288398868606086
2016-05-17,0.7839529366721237,1.0170574919686954,0.8082143907911157,1.1191976021414995,0.6531939688504744,0.7711590134774007,1.3851846689389176,0.09619189710519153,0.7576093325953334,0.7889797638357362,0.7461176406724123,0.12698158861578496,0.8999002546916245,1.413488023895492,2.1304774465826046
2016-05-18,0.7943252680267072,1.031903662753301,0.8539639046759031,1.116695153075001,0.6631940323690193,0.8842665139055618,1.364052182156281,0.08655953823508142,0.754033300639241,0.7548335150099725,0.7761244975970926,0.08186525592425245,0.9069216992150324,1.4465456787330642,2.0686624721549265
2016-05-19,0.7854274299265781,1.005276865257383,0.8248607242337423,1.0876199396565014,0.6941133118587374,0.880257896689012,1.3772409196359072,0.12857820779723156,0.7173867305779194,0.7059770045068567,0.7212966219039499,0.13604914652707562,0.9187385652739343,1.4228309460315665,2.071451859104562
2016-05-20,0.7771526421991746,0.984320722251009,0.7876022278374238,1.1237272818594806,0.6142186033431051,0.890010150389035,1.349124577594903,0.11425158738219794,0.6852119707988009,0.6824715090464343,0.6433776342279426,0.11878605433745353,0.9327933896654023,1.4665438097044845,2.162210992874929
2016-05-23,0.7779368987678247,0.9895920970222691,0.7875080401213514,1.1160892370505469,0.6254216445140588,0.8904035433665054,1.3177998334827512,0.11910639047616084,0.7394894631943596,0.6868841172692232,0.6462382842365622,0.10426110781242202,0.9213326710706037,1.4825508817719564,2.1668483738316064
2016-05-24,0.7723003908163337,0.9904491617622622,0.7901559165826811,1.1256038595430102,0.6188960030750682,0.9026496664896042,1.3251003041388405,0.11598964573084238,0.7280367465752594,0.6764911491674949,0.640534276860766,0.10463259841229335,0.9182959600717533,1.4836766689870908,2.1632551508637534
2016-05-25,0.7324278607844852,1.0156169922758154,0.8120436488628437,1.4299387650836775,0.6708291374154493,0.8780172326340737,1.293678795898274,0.13097103641057098,0.8526677562278575,0.6957903470373991,0.6309931540470141,0.07090180900018668,0.8825366666377997,1.4780370145120438,2.0079071692092945
2016-05-26,0.7632483068832057,1.063656182373776,0.7778049819588918,1.4367517221069934,0.6784633797284271,0.7508030888815029,1.2676484512705777,0.11779534440691332,0.8035068962123644,0.6375058400811129,0.607140242173038,0.0891281425037766,0.9035354223540822,1.4050942476450923,2.080142485793964
2016-05-27,0.7497158687958938,1.0556751447777857,0.7798898682000203,1.3909974779459036,0.7111492037200595,0.731932608273771,1.2404339089676413,0.09906800600253232,0.7546326824263181,0.7613763512955359,0.6087192959139119,0.10114050223573241,0.8888795521102063,1.4154185885122728,2.044847565045747
2016-05-30,0.7428853754448537,1.0543681949402832,0.7911760393212182,1.4001229326419642,0.7162074942722243,0.7139358533924317,1.2353443148562984,0.10932139668315478,0.7497514019847488,0.7685258829430293,0.6134240418823403,0.10902264516460049,0.9098653574522344,1.4268703802511173,2.0184391037600777
2016-05-31,0.7779050877520439,1.0258476841404005,0.7762663106399976,1.4064828560684002,0.5834339747969864,0.6960916063353397,1.2799212353272198,0.10569805549056265,0.791786308167834,0.795720398911941,0.6354693658944076,0.15881922253752653,0.9155986843399145,1.4094685347752725,2.038063280991486
2016-06-01,0.868725986857044,1.001420843276062,0.7502108952300917,1.4576994633461708,0.7941862190899894,0.6753802177190997,0.9163485679620826,0.09573096620894733,0.7512944992192816,0.8332289875068039,0.7916803549074944,0.041087546053293636,1.0062625544587067,1.5174860168209798,1.831586586959345
2016-06-02,0.828475193647465,0.9723314577356275,0.759076302095516,1.366268543032259,0.790928230294939,0.6059053135507803,1.054287666677457,0.08740450196920248,0.781696581278831,0.9544193504574774,0.8621552421834384,0.03430863408534249,1.0199301388393986,1.4935030041535298,1.588757451853499
2016-06-03,0.8497635864524907,0.9777193205208864,0.7696691711838755,1.3832340740130487,0.7926732441937868,0.6384796133895242,1.1162444133686424,0.023520242633908593,0.834343571367667,0.9215246179283986,0.7325263754381968,0.17344276560839028,1.0078103867929227,1.3526016148753097,1.699406488933507
2016-06-06,0.8543497278240811,0.9756136009776989,0.7757027694247371,1.3990847645973576,0.7964032862634444,0.6412775715090469,1.1094339358537677,0.002553598212225653,0.8280410326212071,0.9306970125458335,0.7335478099912993,0.17967959729623317,1.0279033291643276,1.352428935304505,1.6946161424446877
2016-06-07,0.846777370360461,0.9523757610021409,0.7846776806532565,1.3712559524104786,0.8043664504451591,0.6484692006363253,1.129669545281992,-0.007712636702254959,0.8276072710051325,0.9561215120171924,0.7264365599066851,0.17399293065884258,1.021494013261947,1.3598591503703235,1.700186513099071
2016-06-08,0.8423100450027471,0.9477967136828571,0.7929291400158924,1.3464567055430259,0.7896104663313298,0.6629441540786181,1.139002712244335,0.017025198955629702,0.8261055041877703,0.9549908220174621,0.7303044864255773,0.18282064637252715,1.0159282767302038,1.3573993846878512,1.706633304146422
2016-06-09,0.8415023644010576,0.957133215451791,0.7778890386609878,1.347742431350979,0.7367461104816718,0.6186405062108017,1.1627424264668924,0.025458483905690856,0.8238795118260227,0.9391885815861797,0.7517717439707516,0.1482433921728372,1.0245215929887728,1.3503246529087498,1.6804406916408092
2016-06-10,0.8505263006091617,0.9574838818584603,0.7701464958138998,1.3430366958396138,0.7489223366547156,0.6172308907969858,1.1647064543603975,0.011305065010131555,0.8349247149710252,0.9302049299300033,0.7450888411650535,0.17338668846161778,1.0190142142818508,1.376733913988563,1.6941086358345687
2016-06-13,0.8365874700331518,0.9457289317537645,0.7716128014333745,1.327297255098821,0.7741354582828277,0.6446861706014051,1.1501236630741205,0.029402450260897012,0.8548720701194973,0.9017228176997956,0.7150787177540292,0.221861806744857,1.0459620213714598,1.419493330525652,1.7360600982468304
2016-06-14,0.8679754493817795,0.9583032851875258,0.756085803711754,1.307139776359648,0.786091729078223,0.6571148028027738,1.1079715286215908,-0.007919009708979732,0.8219100289876179,0.8723358632132588,0.6555398182411588,0.12781289375298754,1.093005345466119,1.4892788279732259,1.7776033893616179
2016-06-15,0.8717841323640984,0.9531579899195463,0.748241672666478,1.298428200171486,0.7785473971100423,0.7285863132593386,1.1074414216970814,-0.04207673813476035,0.8168121994089504,0.8566899818904323,0.6286257239076141,0.1162255104313816,1.1410608376436844,1.4947275875474137,1.728378367094858
2016-06-16,0.8900295595182279,0.9424912321235801,0.7240542775752936,1.3036844152144893,0.7811159881117867,0.7526521032291547,1.116717874687152,-0.03283687579603975,0.798612852300802,0.8297981217051669,0.6419539872875156,0.13411796877987528,1.1510823264224777,1.4697311679459906,1.7328379044199618
2016-06-17,0.8867772871724345,0.8988010818453354,0.6911916684056623,1.3132708962366386,0.7717388583204989,0.7675865685166271,1.1475647900396646,-0.06983672758129546,0.8200204153721048,0.872635292100207,0.6143513118109045,0.10751527908176145,1.1713711166473102,1.451147253027578,1.7455821810432512
2016-06-20,0.8891944149429818,0.953760909438528,0.6947379114404693,1.381682841580358,0.7853764369682332,0.8155371890180988,1.110124067362632,-0.0695204067820921,0.7770333610865616,0.8145883855413616,0.6457009941418459,0.10549960397309283,1.1572331030201077,1.5237758552934473,1.7907001396007491
2016-06-21,0.8936092287632011,0.9536403258199035,0.6881873040819377,1.3932710066566376,0.7705458570382742,0.8284515758263077,1.1094710042152882,-0.06520835626127029,0.7905746541149503,0.8139262954162291,0.6480352364464964,0.1005020976093051,1.1600734986959937,1.5250891154497321,1.7903233713465234
2016-06-22,0.8977463351782704,0.9586059481222663,0.6854565594537337,1.3926707574507122,0.7654052509885105,0.8234208837722718,1.116254174881665,-0.058522711570247875,0.7739612753904991,0.8082636427161569,0.6338211735290068,0.10061090435932249,1.1605761993692831,1.5306829056013431,1.7777920021722133
2016-06-23,0.9865685534959955,1.0004610884930665,0.7129748722587818,1.3939116717141862,0.7823789642828618,0.8501151637455515,1.1527656906569403,-0.029054267029629204,0.6891571519271676,0.7280406487747043,0.6747882282616386,0.0639287902187674,1.129917140741258,1.39774007293605,1.5934297660197752
2016-06-24,0.9741960766805701,0.9558997844018463,0.7051489921378977,1.457490973519511,0.891405908551122,0.7548217965417009,1.1131710261149752,-0.06253576952580737,0.59012304233758,0.618126247074503,0.6102756589084607,0.023299333866482117,1.1370380488518748,1.568432218960315,1.6005566514944602
2016-06-27,0.9735277348857218,0.9916864626074618,0.6912043260389564,1.5155943642153424,0.8477050225187603,0.7367626238771576,1.1066469595639812,-0.1556511621784029,0.5486090353178876,0.5721432674970377,0.5582410893585602,0.0693035294455229,1.2196945456475838,1.4172176716348217,1.4238765998169056
2016-06-28,0.9734552899358812,0.9863332424106925,0.683045210968086,1.5064025120223374,0.8484930879113256,0.7266490887087123,1.1215110782574103,-0.1477463669354206,0.5658520985473582,0.5644646091923093,0.5622910754916708,0.0787205171185891,1.228008099741308,1.4152567266973555,1.4109779172908425
2016-06-29,0.9800161992108741,0.9940381567962352,0.7134713200346479,1.477041549850783,0.8447052990453464,0.7694237569932822,1.1135434221136276,-0.18524603508940352,0.5705063674420295,0.567471378114353,0.5360529582748194,0.08708734940847686,1.1671471969431413,1.4060414110986983,1.5753622047029865
2016-06-30,0.9819165926120195,0.9391403985689316,0.7089259567273729,1.4434197670549085,0.8547332413316131,0.8014968388860406,1.1249336926184084,-0.17903055869969292,0.5614805297225401,0.5430099713716605,0.580008428352376,0.08189022661823228,1.1690405534128145,1.4312831300254945,1.655440505594082
2016-07-01,0.9264990344500074,0.94514061427768,0.720336682079083,1.50573603986516,0.9270243253214978,0.7048719185909762,1.1853731589708898,-0.16060905221178606,0.5957617439261684,0.5170436054222703,0.6328007874221216,0.07468685110889317,1.0261144957774295,1.4666629081905405,1.5830925430155594
2016-07-04,0.9118160717912562,0.9502242219545872,0.7222188192753509,1.5113970959816796,0.94860300023357,0.6954089049678102,1.155275040048967,-0.15994502012930387,0.6033745447336881,0.5244798356438413,0.6173104087710071,0.0829908504926503,1.0329924911701447,1.4711834112685076,1.6146240722873573
2016-07-05,0.9124742818594328,0.9373524233988877,0.6982717765571123,1.4992836144193826,0.9920696657479069,0.7413279278227222,1.1313918611304545,-0.09384251514981672,0.6101615216942209,0.5351137044460503,0.6488462072712342,0.0927059230439053,1.0532741198555002,1.4506375476240105,1.6376046345542632
2016-07-07,0.9104698676398953,0.940680455466307,0.7008404037889381,1.5095754472426117,0.9973120889080913,0.7459506214494142,1.1273001004105019,-0.09038343690699077,0.6127513811015892,0.533086575284265,0.6417582574708661,0.0910728546088898,1.0568772572464726,1.4660698420491163,1.6469774980219434
2016-07-08,0.9314520414878263,0.9288024478645799,0.6282660811767243,1.4828288363754683,1.036643032029083,0.7051605687708262,1.1286657433000404,-0.013904344330348465,0.684297702282897,0.5314298246023389,0.6850167685207349,0.13264261249878428,0.9865418403195709,1.4325090614262632,1.6765254168271844
2016-07-11,0.9518978837182154,0.9315521398671935,0.6418879940857688,1.4435952245318509,0.9880708083238727,0.746222550151811,1.1185153384670645,-0.011244791791658165,0.6999500924615326,0.5524390258080388,0.6922844500705072,0.10389496398258322,0.975344291905468,1.4691108686892962,1.6630312926684439
2016-07-12,0.9311576531645245,1.0290563451943222,0.5737183099556837,1.476800949302854,1.0320074799203258,0.7563743404582169,1.080479763734806,0.0017870836934212573,0.6611463383780113,0.5287439586414169,0.7129434966811424,0.13017577649513384,1.0389337089598507,1.5143575044460031,1.7233645541291887
2016-07-13,0.962798606796299,0.9370727678425279,0.5664625560535193,1.4772053609306157,1.084140348966318,0.74163572995447,1.0779691278358403,-0.009943397604123865,0.6118029412303377,0.5248611633873516,0.7293628380297817,0.11210469956276144,1.0109982863984304,1.5022543175180705,1.7160859323957414
2016-07-14,0.9656242208549276,0.9205801757932522,0.5661915826780934,1.498181846681256,1.0654613596362001,0.747116142540161,1.0776343940969944,-0.019446734566291108,0.6058065669310928,0.507692443276591,0.7158915259759104,0.10269797330282988,1.0132381298895359,1.5214793643016247,1.6977833783991056
2016-07-15,0.9738926647007368,1.001560989548649,0.5633135269335081,1.5154383961806175,1.0702542577904475,0.7611289387881126,1.067763251301584,-0.03345218232767372,0.6094541586186185,0.5049336627977352,0.7165211344999678,0.09276164635395023,0.9773633035361746,1.4741447965840493,1.6883900984317417
2016-07-18,0.9517878210750979,0.9759111449190562,0.5654920720708028,1.5082063117846958,1.141812469801808,0.7768900466560809,1.0550774491358994,-0.029079678116505997,0.6179026811127114,0.48049436991193195,0.717219270278013,0.09948540046460269,1.0201534617398877,1.4912312436461104,1.7010620684856188
2016-07-19,0.970109613623961,0.9985978935198229,0.5537752466705809,1.4952771717162805,1.1260669472710576,0.7433092317653213,1.0356767657240158,-0.0587807544060116,0.6169162740932567,0.4649597273934928,0.7077272593760702,0.05336259995549937,1.0617463632394861,1.4792481064316438,1.6741789207099047
2016-07-20,0.918815385545879,0.9857372312933741,0.5472290997552383,1.5273786416597126,1.1506909793140772,0.785711466910761,1.0204983576209072,-0.023067447167745735,0.6310384634560393,0.4746008359385744,0.7573473697078157,0.04899513929131669,1.0877034188895576,1.4291557903859224,1.6662864019671217
2016-07-21,0.9591756832128266,0.9708078490709957,0.52374999421835,1.5050150088368883,1.1371651895825063,0.8082316962782292,1.0035107969746153,-0.07706248583713715,0.6154050330901831,0.4746036451212895,0.7837015648580413,0.05126344416900402,1.0380476155402032,1.443571575608715,1.6928868222047841
2016-07-22,0.9580319721136159,0.9364925640299605,0.505163567384612,1.6420730938455192,1.1226852156743032,0.7482936375709727,0.9132263039096529,-0.06153453843701669,0.6149043654952181,0.4372275051825089,0.7581319957703091,0.04052852250952836,1.1253084098655772,1.4435869485295756,1.9271764203006247
2016-07-25,0.9531218783919936,0.938471255701144,0.519385458693683,1.6211552422129127,1.1449134900525448,0.7435930794039632,0.9038681680097118,-0.06299558655304043,0.6031070800520013,0.48886878091034236,0.6468187079961228,0.07480133907885358,1.121729354411707,1.3956329771855394,1.9700343817550656
2016-07-26,0.9887392559591007,0.9146493778873221,0.48780744312748814,1.6086570848140238,1.1715302197183262,0.7265238480305838,0.8815499979159289,-0.06344667195247519,0.618704196965204,0.5039919404939708,0.6861705814384055,0.06346810364899845,1.1021752540510545,1.3524549776976562,1.9928547058813721
2016-07-27,0.9711989816275862,0.8881731818359994,0.4787839531797198,1.5896608558715901,1.166227421223369,0.7007747508878652,0.8454917208582681,-0.15514657212814123,0.6219280695843843,0.47614085658812066,0.618439830845784,0.03799245860650735,1.206731642678485,1.391905945735189,1.9940579674307162
2016-07-28,0.9870430781688158,0.9116570485157146,0.4775970871966482,1.5848051508592693,1.1215524408776512,0.7302275058201639,0.852484061386508,-0.1628438386853166,0.6277321567681494,0.5193177009200363,0.5975041620838566,0.0482419752134281,1.1772190230854052,1.267758083324567,1.9047987630577434
2016-07-29,0.9598033759352307,0.9063457158578735,0.4951661427006352,1.5554937917828116,1.12466073028981,0.7288290761993106,0.8564512770051423,-0.14263915349407588,0.5789141404544158,0.5049810573180874,0.6070877125323612,0.03619594052950053,1.2193521410838248,1.2362493586130212,1.8897261318631844
2016-08-01,0.9626034466958237,0.8945098395048526,0.4701933893280913,1.5448982050262159,1.1223129285577171,0.7261926409278484,0.8609132980369644,-0.11543932039759361,0.5885141539952379,0.4963794299400283,0.5848519684190485,0.04542649592276871,1.224242482109417,1.215277952371987,1.894632075670111
2016-08-02,0.9538686760975976,0.8809723314790039,0.46883645186621753,1.5848875680606351,1.1236351499162465,0.6812644433659283,0.7947509730321535,-4.577792631494589e-05,0.6392953975776728,0.537275749405329,0.6750156559146976,0.04648364627099282,1.2255173396297339,1.3285818108493508,1.976505303096148
2016-08-03,0.9378043241545776,0.8402301162722006,0.46470803902138436,1.5491644866665184,1.1304850923742071,0.7088362298810512,0.8786835459412717,0.03788975939109059,0.6735078808237253,0.48427498865623775,0.6842701291901523,0.1051947713792807,1.1740729346866248,1.3266370025523317,1.9942920075419939
2016-08-04,0.9703286354389408,0.838216052468296,0.4664957687583918,1.5297667777561121,1.1168816799732626,0.7232725231548774,0.8518928599001527,0.05925113038097388,0.6949716796670471,0.4723685036200707,0.6537571838387328,0.13072269705650183,1.1327873463739349,1.3395570342612477,1.9733539476515145
2016-08-05,1.02471796566413,0.778883433942741,0.4243730841113097,1.3932405147080964,1.1619875790449083,0.7433355315866157,0.8088017531383088,0.04629592896094847,0.6218656979932752,0.4034269389112361,0.6313522215202839,0.13203559826396602,1.0410765883932933,1.3484199670666173,1.9036406570691327
2016-08-08,0.9700100004559457,0.817649528973502,0.42594637572461314,1.4492592557225328,1.1623274642602293,0.7518475624449807,0.8407922611926644,0.30595676616157513,0.7116037565987663,0.37405965497218635,0.5935873568770785,0.15150583680553906,0.9991521552381327,1.305317116945615,1.8032612796157836
2016-08-09,0.9669894497055873,0.7948546078411899,0.41568141787465646,1.4324419740505088,1.149136676566691,0.762842206390696,0.822502265608409,0.26903518622253864,0.7325796556091432,0.37738781481852685,0.5566776403201951,0.13849570483802215,1.0096552462995025,1.3128636722916354,1.7687057269889328
2016-08-10,0.9503667901257269,0.7529267692309258,0.45666657044187764,1.4106420006130695,1.0762376227033912,0.7958515374664882,0.8084525395002723,0.2962422120804727,0.71666058210583,0.4130587445788164,0.5754805598010122,0.19625576660202612,0.9962067081166206,1.3099737971804564,1.7152142595365167
2016-08-11,0.9536842036454977,0.7536355855667518,0.4573559315401133,1.4188503658043896,1.1025181047664547,0.7901293159397239,0.8195199046498027,0.29741246225899043,0.7114426975638035,0.4061524930632398,0.581264730493132,0.21273870782963383,1.0015406667737368,1.3185602476904739,1.7435639161308878
2016-08-12,0.9793868464273505,0.7877424436326861,0.5007390802787889,1.4816615592598292,1.0706699580077264,0.7939468785177264,0.7555586743473262,0.23670290390921583,0.7617933123079835,0.41515507702770965,0.6077105732223812,0.11051099200564639,0.9770220853298456,1.33086324362506,1.7081552043820594
2016-08-16,0.9864778271013888,0.77952255784229,0.48905563195651264,1.4319517750113189,1.1061067429137825,0.8167639965991724,0.7861032671640141,0.18038632769377397,0.7160411977523817,0.3875554409992313,0.6139923384365339,0.11583748405392622,0.9483851334196224,1.3238401570651892,1.7031292652799574
2016-08-17,0.9997463256120804,0.7867146934466092,0.5003388895687012,1.4547711685319045,1.0642437683138426,0.8045288754811261,0.8559860629449275,0.18172083258404903,0.5859282879372633,0.3734748607727974,0.6135819388366445,0.14347851124629651,0.9523262400736277,1.2491304432954642,1.684951374998517
2016-08-18,1.0222266164022757,0.7746463266063298,0.49323105978799486,1.434956903023119,1.074924881106011,0.8321368092075966,0.8429966107405653,0.1785794841666901,0.578311878341314,0.37899639982511013,0.6194084764864136,0.13179051121825255,0.9726440850801124,1.2246006883351308,1.6842881791648676
2016-08-19,1.0589046946752643,0.7524822949934191,0.4594514089527354,0.8924852174468532,1.148253480707775,0.812851847482325,0.8273785989159903,0.03816566341232859,0.4209464495028794,0.319827227653149,0.6636873707161203,0.28117442637004364,1.0002340556275702,1.287247303469904,1.8464827025105204
2016-08-22,1.026357685604691,0.6795601422990548,0.5207863244353647,0.8279971109942765,1.1122407965437422,0.9648768346400224,0.7726948451124086,0.04025554645962062,0.48640877274928296,0.4276901349594167,0.6391872571736967,0.31093652350384426,1.068140730995731,1.4295157741911664,1.8175891197250273
2016-08-23,1.0021043152874338,0.6462466083844854,0.5315022143663156,0.8950498861678462,1.2145552221458393,1.0460672683871337,0.8416034817980875,0.02834013159068816,0.5541947443440529,0.22307738048803297,0.6310705969705689,0.3206765157644688,1.1223463725122333,1.4461953025083818,1.8757004333927239
2016-08-24,1.00221827799685,0.6425145854050509,0.5259251654438873,0.8868307447456641,1.2190777290888515,1.036789645230954,0.8291009828806011,0.014777385835656421,0.5579590479582864,0.237395088884982,0.6241411751949293,0.2970620847737299,1.1129908597889067,1.456905204224549,1.8940270901041378
2016-08-25,0.9776473973286824,0.6663772701614927,0.5915919947928975,0.9154073269139839,1.223642609231046,1.064923211333487,0.7604172372795909,-0.02774092689378667,0.510881839729717,0.17718570530709918,0.6068448084941723,0.270636275688642,1.131652698142482,1.538282121104655,1.9456559183142306
2016-08-26,0.9773430634917852,0.6728067071556377,0.6100589147021475,0.9044952208217323,1.221424567470728,1.064506741149608,0.7410616591121976,-0.05401743059841021,0.5128897337196694,0.19837589413078632,0.6082049412061528,0.2527539068408961,1.114561183171365,1.5513310854763662,1.9454223180608412
2016-08-29,0.9784728013105486,0.672349854830992,0.6206320431960106,0.8603125311175128,1.2031932255468047,1.0763126863809456,0.7520289815979085,-0.04739296581873243,0.48477646577860395,0.22105242448092566,0.6169453531689291,0.2560740873067076,1.0993642868578006,1.5307932758567395,1.932863704096114
2016-08-30,0.9376933845932944,0.7277107437971874,0.6983317824651365,0.9658612686347103,1.193338295669442,1.0596242091866857,0.7765106857607076,-0.09950808764021332,0.4798176212016291,0.30463897820351243,0.6348660930432029,0.2361287830627706,0.8488394103282101,1.4529630291178715,1.887336713568867
2016-08-31,0.9630084847997722,0.7291834615857837,0.69448612180015,0.9601350356007161,1.169445564806513,1.0313707842025783,0.7918494409413562,-0.09824347050630099,0.48084354514662964,0.2816254944564968,0.6309341819535734,0.23249374035335937,0.8176217732611967,1.4181479501385819,1.8247448141688707
2016-09-01,0.9545174505577755,0.7468055669219137,0.6914401645773111,0.9826385024772364,1.1678669623378395,1.0311813049672445,0.7562452622084451,-0.08319318942913752,0.4942734194758383,0.24663070952380584,0.6342833463093567,0.23982692044330994,0.8766259462286965,1.4012215136558457,1.8396060390539994
2016-09-02,0.9527112601664827,0.74062611568303,0.6913823519230189,0.9874358363522913,1.1725873550393433,1.0346044919887154,0.7599327074761766,-0.09049621147764837,0.47139753555183145,0.26141749232817624,0.6402909962169603,0.25308258900526215,0.9035849395980502,1.3931965184467654,1.8415996979500007
2016-09-06,0.9069175637151844,0.6913569423716898,0.6775890800261737,1.0407742401680231,1.189155273729709,1.1581794064707058,0.6361662261443174,-0.022199466852760898,0.5587348243697423,0.267525017485092,0.5599659606813077,0.41568277252400804,0.9093706589668188,1.4787321605922628,1.7667476490756424
2016-09-07,0.9301010442186531,0.6741649564018523,0.686820811020533,1.082116513419748,1.1328745275228524,1.1889878531742515,0.6186137047752516,0.03433236939493504,0.5236475262874059,0.27132016368495315,0.5561964771110746,0.4010335522946674,0.9192417222507672,1.4251917244192418,1.7315666894435968
2016-09-08,0.9861938140379609,0.6869521651153603,0.6756951643345902,1.0753139377877823,1.0859126637535754,1.159164891667905,0.6255710615659484,0.02908949610743067,0.45726539898351104,0.3259885614133402,0.6032001088970053,0.31799773871432724,0.8802697788050476,1.3689909850672433,1.7048430208469276
2016-09-09,0.9513755262280345,0.6571596742587958,0.5903302967273988,1.0299810616720018,0.9171269922826143,1.1365057490359902,0.7059076401215886,-0.012432511855247371,0.4721041042112923,0.37191021323706214,0.5770175344612547,0.34076345235002653,0.8689795973526544,1.4077513027754949,1.6238681280155145
2016-09-12,0.876009857735925,0.4481479629636859,0.5097130134500262,0.8222574238026285,0.9580974739569275,1.1461566089962623,0.7439258095830495,0.1054252340068774,0.5235000183470255,0.4394949558033293,0.6554402016441255,0.4982508503187451,0.7796251865491258,1.59600319256771,1.990349033609773
2016-09-14,0.853004963586661,0.4558200814840228,0.5449864371492804,0.8078513731024527,0.9466737210433523,1.1317378635380153,0.7226279870488229,0.10747726979229721,0.5300764342131893,0.4603793210871337,0.6344783854360612,0.47831900872758143,0.7595087834774047,1.63326534383238,1.9979060677526406
2016-09-15,0.859471014044431,0.4591561507227184,0.5417421706714153,0.8032530570980003,0.9539550427922336,1.1283389255103935,0.7169718781887464,0.10929103509775313,0.5473708527543435,0.47542823152092023,0.6466995704948764,0.4842011072899522,0.7380302530025744,1.6455582369928226,1.981103177044391
2016-09-16,0.8679231206427239,0.421768490891403,0.5266958848048063,0.7772775334292231,0.9438847346851222,1.1085503840735647,0.7586012922410124,0.09687894537371422,0.5610586774547079,0.4908135526430339,0.6177527466117768,0.5030510931089295,0.6991428943912762,1.5713385564073936,1.9518880651387682
2016-09-19,0.8566912345731064,0.424670828851681,0.5410476163249158,0.7655082811583218,0.9706922619342817,1.100846558665556,0.7550503696064307,0.08832049488908833,0.5160872318263036,0.4834827105213243,0.6163955653821407,0.5074359580554945,0.6979936107502807,1.5698022220992587,1.9750234052763007
2016-09-20,0.8633650972918535,0.4325357315840232,0.5374946210155042,0.7717022626151434,0.9493100259145199,1.1195057291285948,0.7532576387697645,0.07959087702588585,0.5365658770598369,0.49472402688301964,0.6326595190073189,0.5080105616036489,0.7205165116294412,1.541650096358873,2.0317682678220956
2016-09-21,0.856974726755382,0.4085713919050409,0.5355107039579783,0.7861428471480352,0.9741131584032177,1.1918384945623983,0.7361114019814077,0.10244927403500251,0.5482458173817149,0.4650768239612069,0.5941987706385057,0.5187749468767845,0.7132591258096226,1.5585339400093108,2.103003122798618
2016-09-22,0.8639372560969094,0.3897806202535591,0.5082460185092662,0.4816038886611996,0.7835655190518892,1.470168121828732,0.7203528260703885,0.2912635082086031,0.6186026388364321,0.6020226892373443,0.6420562560582729,0.7101307042090815,0.6940943770597112,1.2904635070260624,2.2828785766623985
2016-09-23,0.8557757092121419,0.4079323567786365,0.5013306254549613,0.4728175737642481,0.7739617973806914,1.4563022420937821,0.7334029816794078,0.27098837739679177,0.6124395999435643,0.6216789200125074,0.6208470470849702,0.7064432510810571,0.6803135879947427,1.3100893404992568,2.2337168418853666
2016-09-26,0.8543396452277275,0.408764076013431,0.47634074935960813,0.5031973199681086,0.9480038430318574,1.5255007410396535,0.7686057180377933,0.24005594404388092,0.579026050389833,0.6818164640548444,0.5449387156403475,0.6592093575429121,0.7115518148773939,1.2730710706157278,2.208911309360897
2016-09-27,0.8423582956570936,0.3590395318741166,0.3980571579859993,0.4868057143853037,0.9407166845474607,1.4758623405242082,0.8146342505393709,0.2720543573092395,0.5773536328483391,0.6705168462357788,0.5579118892101546,0.6660589808125091,0.7470660067006739,1.299805007745624,2.0269109087902297
2016-09-28,0.8142129050230614,0.38198042588765546,0.3813089721148305,0.4693395145648073,0.9697344767991158,1.4243288687994602,0.823556757865264,0.2464410487603863,0.6072086943957022,0.7132004587910471,0.4614479781211328,0.6877623754918234,0.688197604705049,1.2943383879225447,1.9540168053524103
2016-09-29,0.8254586039948851,0.3821452568423985,0.46665384856521364,0.5749596710045521,0.8639212306539757,1.3961688288024794,0.7262311924572126,0.3107853896227874,0.7588599149595332,0.8699219094957893,0.48676682968408774,0.7066519168898742,0.7082740049648297,1.3389378487813037,2.365312001586173
2016-09-30,0.8541298682087977,0.3711841168160869,0.4679338237564731,0.5417674458614413,0.8381194147007095,1.4060608526952691,0.7655842799670711,0.31576724302217635,0.7628232907441249,0.8651553175292659,0.5048403272405457,0.6844079576797928,0.6856472370563832,1.3435467541331336,2.328566998901868
2016-10-03,0.8572528460055309,0.36040516392945393,0.46630110910579026,0.5269222006222282,0.8324359399908281,1.3746902528932854,0.7321313716449358,0.432060083483789,0.8605379259818966,0.9139040602955208,0.5690434946832774,0.7509901031096724,0.6984838352632019,1.3663684019720046,2.387046801912813
2016-10-04,0.8596564905541586,0.36777539557708655,0.47130401763673535,0.5410468215700006,0.8685965813451998,1.3814125007744331,0.7294483975816991,0.4377632994580285,0.8501270134253469,0.9213980112541827,0.5700935325140312,0.7601686849872796,0.7121140305707339,1.369210610222778,2.382747623836181
2016-10-05,0.8697553007003362,0.37586504511894536,0.47803855191436506,0.5458480243990331,0.8858215386338024,1.3817216021870755,0.7287324429001196,0.4072592860196628,0.8534572370803358,0.9260722840704206,0.5864664743941778,0.7782399491237382,0.6992184274185537,1.3706450355507942,2.331835419925803
2016-10-06,0.8174528693177892,0.3324238109471528,0.4208023741612741,0.5304376608536091,0.9311724821655739,1.3951119335445656,0.7309553709712167,0.39445364753634243,0.8417588383905148,0.9335278401803314,0.5395613956721125,0.8881405873674392,0.6688276042836165,1.3670570914814573,2.4477742558015696
2016-10-07,0.8196434436826162,0.3365463304350264,0.41191772341381205,0.5354286215085119,0.9275935303714016,1.402635026087199,0.7392747251208288,0.4196578600558986,0.8762496726493826,0.9591018931399641,0.5606909269934519,0.8804146123911306,0.6571086767710222,1.267230916861411,2.4345203537535625
2016-10-10,0.8212609199313055,0.3461567125858556,0.414515903713773,0.5380506897039812,0.930925892640312,1.3984339001238328,0.7399076984882585,0.41947379444291794,0.874271439368107,0.959869273634113,0.5654924652726769,0.8882828254756276,0.6546874539240477,1.2836132681971983,2.4252775920512706
2016-10-13,0.801206128993358,0.21907398221036523,0.3603049964235148,0.4371085521327162,0.7959391806918393,1.3446980639556914,0.696379928912292,0.4634837600341179,0.9137953282889236,1.0161213381288259,0.5705423520577863,0.8359366129464275,0.7249338362252956,1.2604393478204967,2.4628951431433457
2016-10-14,0.7976976142420974,0.1303871068991401,0.3358735045992346,0.41367472101741737,0.797932807725441,1.33539972646822,0.7006636583006406,0.4918206997019687,0.8998675305208714,1.024099078745783,0.5740508118425571,0.8390741977806011,0.7592662000010568,1.2938598365919673,2.477666674771173
2016-10-17,0.8336394394635599,0.15007751461730665,0.3372713810114294,0.4721363372988347,0.7157319881065223,1.2704438014044466,0.6842581942616737,0.5251639134418739,0.9073710162248172,1.057838886531926,0.5654546968793126,0.7723607235325842,0.7238104266756511,1.2639467449491655,2.4791341600773453
2016-10-18,0.8059594751226391,0.22377087308583046,0.4391463579607433,0.6557704634292105,0.5818631853899878,1.1660580261397955,0.738406219332713,0.5611515787276196,0.7498170973842041,1.0243102223518512,0.5486820969082195,0.8216278432872685,0.759337987674361,1.30577269546084,2.4255863260620254
2016-10-19,0.8043589902219015,0.22565495137887132,0.4420206765649313,0.6589144674644429,0.5703254696568036,1.1546499171231093,0.7531109481832055,0.5667698311461494,0.7250723148842009,0.9965907192560443,0.5098886055765434,0.8391416658671932,0.758982118412748,1.319725650697109,2.3945035376110178
2016-10-20,0.7521954186114994,0.21714349411702363,0.46307056356611065,0.6723038546993121,0.5625983581849787,1.133816563057657,0.7637290667564061,0.6386367869242843,0.7232580412078,0.991873944099381,0.49581623104804223,0.8331074187515157,0.8077627510215041,1.2939826058682646,2.403177317512372
2016-10-21,0.751833075017079,0.21993966484616329,0.46791138037271585,0.6652082734895148,0.5721463029698605,1.1246636697749801,0.7669626240950987,0.6089566838405003,0.7167722008921152,1.0020352545276798,0.4951060353586295,0.8312695855918357,0.8072455674612948,1.2944552162076635,2.38123869001322
2016-10-24,0.7644195855405265,0.1950485558183224,0.43363004219694806,0.6538235558516586,0.5615040829863199,1.1499255703852145,0.7694058833801375,0.6053597386222338,0.7501104780192863,0.9606433821153454,0.6115835053322725,0.7975134101451826,0.7810391487757415,1.364192514256056,2.344751482519748
2016-10-25,0.7423489043260819,0.2160854318899395,0.4524811782516956,0.6335251181970748,0.5515856269779171,1.1624009072206545,0.7833275278996072,0.6253916506556485,0.7399358207937164,0.9570180764272653,0.5141366798865747,0.8079799382634736,0.7686858454042661,1.4082258667714527,2.337851418643954
2016-10-26,0.6420036590403299,0.21883960113945208,0.4851559209175513,0.6774663599057842,0.5477443199538138,1.1333681470956214,0.7788609445873338,0.6076991199358592,0.7615121638265357,0.9534132695901691,0.5567510506001583,0.771180364129364,0.6858891475105607,1.5053011376937702,2.3258209288183824
2016-10-27,0.6598070581844288,0.23249748496318198,0.4700112067283986,0.7046194439513772,0.577595989628981,1.1496393756732342,0.7358471715317186,0.5722483155512993,0.740275313082108,0.9217364513249972,0.5783198351178519,0.7912205274776555,0.6923001643611736,1.5517057663173903,2.330944816555134
2016-10-28,0.6882591103518116,0.22624871095299443,0.46075554292148596,0.7565527736942054,0.5529547805867032,1.152902984135311,0.7305169153148731,0.5727669029250256,0.7928703585014478,0.9270710866091759,0.5764364789903884,0.8078181671901501,0.6599369283112337,1.580544460635209,2.3421850672814983
2016-11-01,0.6944003700818806,0.22992347431476362,0.4624509296038767,0.757857939953318,0.550590505550995,1.1450125419585357,0.7348284511074901,0.5814689067990331,0.789574086255487,0.9318828696884679,0.5826180005528068,0.8086046779182858,0.6611228307295851,1.5697865235748343,2.343332028981745
2016-11-02,0.6758743927058796,0.2457841807127017,0.4470543016330909,0.7549133158750096,0.6993351792559666,1.0528375028165053,0.7553041937785566,0.5650516407828061,0.7914363665224514,0.9774357830548308,0.6345532732172697,0.8670361718267162,0.7080506074678627,1.5380900094785541,2.3366825008372736
2016-11-03,0.6718860602603316,0.27026062550478847,0.47547408180214673,0.7662111395725039,0.6971932288013986,1.065276768037059,0.6778033781767651,0.5605835980622818,0.7572488803036931,1.0503987878933432,0.6101687101781488,0.8607784742804094,0.7362114746893292,1.5615694887704605,2.3393640036987393
2016-11-04,0.6808856835884628,0.26014296621351696,0.4451647753199931,0.7438855723514276,0.6842720941021888,1.0464467434552474,0.6074372610116383,0.5700775714711432,0.7499766865137529,1.1588632589059922,0.7018339324463121,0.8387797646782431,0.7311070372426013,1.5390544177258458,2.347672210243081
2016-11-07,0.612759149960221,0.3068049017784208,0.45880866355628813,0.9138538588129279,0.5764918193936159,1.057762284616595,0.7069335509167679,0.4979623529336461,0.7936992131803827,1.2671891486247764,0.6889880013128107,0.8616294517753452,0.7883108328121557,1.5858232346949879,2.491074473788614
2016-11-08,0.6346327299553399,0.3031632673175957,0.46138717412032815,0.927414194865668,0.5924529658244965,1.0511366314069908,0.7071786666166484,0.4908682590364045,0.6485384115591033,1.2203695656623608,0.6811802947272815,0.8201153993247949,0.8186257995552513,1.5636077882783306,2.460535394509825
2016-11-09,0.552914566550823,0.3829350593792509,0.4766632131535236,1.041532556810763,0.5986377408864182,1.0049610664846096,0.7769774363800934,0.5090332650146385,0.7425514041246756,1.0011713702195493,0.4571302734748949,0.726222043798825,0.8182988256181962,1.5724700666858877,3.0024751322235588
2016-11-10,0.5176122266005054,0.32686675772581236,0.43096593180559867,1.0809695572485032,0.6523724033781663,0.9811301072621456,0.7999278828267488,0.5103680815639788,0.7999724333283331,1.0053841877391543,0.39943703104237915,0.7015371851397161,0.8896626162383848,1.8326412044301605,3.2267493550061075
2016-11-11,0.46341001975396856,0.3814102133101659,0.371075456575034,1.0661963833548695,0.6198632892270831,0.9346251646126857,0.8607090545163325,0.5813129071420737,0.8922567421281128,0.6038393116528566,0.38283318740232214,0.7672914917148445,0.8736531750994818,1.6966150026269056,3.126590840879743
2016-11-15,0.573164476401595,0.32195001705885035,0.2546202449783785,0.9275070444572555,0.5321198486716744,0.8808511202232563,0.8726694376229976,0.7388293521431806,1.024241685548573,0.5681852154078819,0.2696184655907826,0.9621593817571958,0.7500399444392208,1.9022811934704222,2.856549800865099
2016-11-16,0.5522955659679964,0.3439594983880646,0.27186133656167616,0.9756053945134437,0.5274614501911264,0.8810009914583111,0.865419769915987,0.776070942644622,1.0449517506395432,0.5980282473403825,0.26712076084162356,0.9675608651309352,0.7855990769736381,1.9044258420059663,2.838370292904945
2016-11-17,0.5445220814011504,0.3460024750034555,0.27613299916308515,0.9719325478936491,0.5285531694824533,0.8726204176667954,0.8604924343292392,0.7729468253456101,1.0594247787828113,0.595089437545248,0.26774694514775405,0.9667362002215731,0.8115831691586088,1.9099396118974195,2.8116323853484895
2016-11-18,0.513319575197787,0.36111641100972797,0.2822318821406704,0.9979244914461853,0.5159945080793005,0.8352281429274508,0.8752086810489489,0.7764896806849534,1.0697383004274823,0.5930599728667022,0.26093549776142966,0.988567893812721,0.7853563990749827,1.946561452235609,2.821286355672585
2016-11-21,0.5581910181585086,0.36847079406894256,0.21927819843577503,0.9212861353925119,0.4838902212134296,0.8755015598726069,0.8747858180955048,0.7310522900057917,1.0084192747550607,0.5442071326374335,0.3377265083185093,1.0639834383686018,0.7803135908445208,1.9551169718603096,2.8701822242567014
2016-11-22,0.5617901152545562,0.36894084209135425,0.258309191675658,0.9247857398280608,0.4740518653869422,0.8364231038015144,0.8876922260575716,0.7367745944266603,1.005941759143294,0.5253905334313672,0.3202234000789437,1.0994509052614438,0.8007219256250601,1.94713477006318,2.8710397147016016
2016-11-23,0.5522164949642234,0.3674753461554097,0.25264454827951044,0.9203137063733331,0.47827943928189975,0.8806313674982881,0.8815653276623074,0.7375082121836006,1.0255274468203917,0.5443816778386372,0.32090783465500733,1.1108947715801618,0.7836939805029937,1.9805148152025542,2.917692935790306
2016-11-24,0.5938444873038196,0.333010171533874,0.23946230908743787,0.8924049339991049,0.48757331854779673,0.8899668883991735,0.8809970209671734,0.6750293073960388,1.0104712408879155,0.5694367688320281,0.32067234194444494,1.0438972791865067,0.7649962873139006,1.9546297662329715,2.9279650728956015
2016-11-25,0.6121970748363714,0.4858131142953814,0.31640381545874086,1.0427305442354926,0.42788461673219463,0.9182204941551319,0.9315231006235893,0.6604515307425752,0.9876077605469846,0.7048308067982392,0.3679178135310683,0.8875485082831057,0.6863922787810779,1.8921869034387377,2.710959728860586
2016-11-28,0.6109495722170557,0.4828183356502177,0.30543743701201703,1.0441358141276837,0.43665769505525814,0.9238355504769841,0.9421141588118727,0.6707540788553413,0.9878764165460777,0.7021616367990234,0.36685152548563627,0.9003922627992276,0.7127464041331543,1.8849133491158379,2.7132662912710677
2016-11-29,0.608612191355893,0.478007321663224,0.332743228048466,1.0634025840189771,0.44537124357349384,0.9130431365873869,0.9423672585228697,0.6834069340604366,1.0048557798554447,0.6927150852660261,0.36726897324963903,0.9052863739951398,0.7282335562602332,1.8838278720070958,2.7360588822476664
2016-11-30,0.6363027589978069,0.4420730838547475,0.2695674199774562,1.0059891016008844,0.4335683772441402,0.8990341038757208,0.9253236141349167,0.7354542997195601,1.0185265263901775,0.655830272053552,0.3438564632561471,0.8767916945854551,0.8528241143762496,1.9426312840547295,2.7389348381407195
2016-12-01,0.6152865527948893,0.44805108628508905,0.26087945549952507,1.0093306664129447,0.4464447970440813,0.9265867313427969,0.9126600306378898,0.7664672346719278,1.0198039854424277,0.6470329076006898,0.34010224746132933,0.8663100693735295,0.8681862095406545,1.9866096593754172,2.810113772235157
2016-12-02,0.660407677306947,0.45998190875925904,0.29002597540517927,0.9913027083314538,0.450363236848111,0.9068332306432294,0.9326199892645924,0.7639623122900416,1.0076490175160677,0.6312498405477736,0.37331764478156493,0.8567577160874688,0.841280499603778,1.9560819366427376,2.7734615998623497
2016-12-05,0.6661450641184339,0.4608483093968815,0.2800310036546465,0.9538526726756533,0.45675154602816226,0.902414761880772,0.9452243325117384,0.7692778556092641,1.058952861896268,0.6010740998604344,0.3590531313420545,0.8427618198666745,0.8444324363883209,1.9731800002118394,2.800824235116745
2016-12-06,0.6823432448059294,0.4434141912311428,0.29906506288785006,0.9501452825565291,0.5020892650601262,0.8799999949556335,0.9874207610043386,0.7474683197913397,0.9958950328079266,0.6216640540716782,0.37416421907594183,0.8175412686712612,0.8676724652611266,1.9877543569944027,2.9423336099423003
2016-12-07,0.6754797476734828,0.4443007174516703,0.3042827803679948,0.9585363211385465,0.513497119298259,0.8744744326499189,0.9936993368965366,0.7398116137677626,0.9973306372789768,0.6605040696681379,0.3766842919752374,0.805052755430707,0.8664746187947846,1.9979583644377112,2.9611782641479967
2016-12-08,0.6867574395340975,0.5023584305919021,0.34472038470365757,0.9885806534367693,0.5406297209096579,0.8126779964374372,1.0245079675812456,0.7253153855176014,0.9967593093462735,0.6502650797281814,0.36751213913302566,0.7602576098658081,0.8431670410671307,2.002471789305492,2.7860738929024627
2016-12-09,0.6934900792732405,0.5088282237665084,0.3718870919764204,1.006206085710367,0.6014250456537579,0.8149353581738502,1.0074033687790354,0.7563847253352034,1.0023989312899164,0.6404497011278246,0.3692782376683196,0.7598363504426067,0.8395516174588444,1.9878675283369465,2.8505044911562667
2016-12-12,0.7356801206376407,0.604908542777024,0.40197127215749756,1.0838662691488399,0.5373595774730286,0.7046862276897079,0.9982359264152759,0.7547372512769908,1.0421891435509292,0.6123171170133881,0.34935066073234444,0.6894100602610821,0.8418268753373004,1.9059358365649692,2.7198628059010583
2016-12-13,0.7365874897159632,0.622137152692573,0.43270089388539335,1.116040468405952,0.5358137692853344,0.6833192293612632,1.0111356488388314,0.7572611449484591,1.0026610626639714,0.6293172725756061,0.3516270532868903,0.7028382462157982,0.8345871493633539,1.8751444313862364,2.686154541740594
2016-12-14,0.734974547912863,0.6153890818710744,0.42716347844400043,1.132273158046558,0.5554467661992644,0.6976068205835504,1.0072882167424921,0.771090335666287,0.9982079342115467,0.627627845839357,0.3590436320148922,0.7078083117918611,0.8456431063238207,1.89282039203323,2.6759858873514855
2016-12-15,0.7403119209513177,0.6025648081967709,0.42664178040779405,1.1318271458032365,0.5495685365613862,0.7143190251189367,0.9979156326331038,0.7609976259377736,1.0185623482021724,0.6496131640626092,0.36311046642282074,0.6995091585278009,0.8525838849630544,1.925474908532068,2.668691682665297
2016-12-16,0.7463517717922675,0.6020359659224715,0.42739911884597587,1.1344122670336059,0.5440243814387958,0.705890268557311,1.0062959110335594,0.7740379069021259,1.0368901700550932,0.6511319438544093,0.3623788463080508,0.7040549554325455,0.8565992201054164,1.9300164441388308,2.6417178331475415
2016-12-19,0.73926237847256,0.5969473333724292,0.42806896385700777,1.1340079750048657,0.5516221723051781,0.7005533891572109,1.0002089387880515,0.7818455459545618,1.0348524106586379,0.6619146868947413,0.3696191270274352,0.7122960022536368,0.85784393481816,1.9394923680971679,2.6259067672441088
2016-12-20,0.7404955822944966,0.5931440230672292,0.424292479282827,1.1330835016129395,0.5581050521880009,0.696596603920084,0.9993467355892313,0.787758080244888,1.0370523959052202,0.6619350809884569,0.37183147516500725,0.7119860837374906,0.8577493408263959,1.9419808428925998,2.619626031952081
2016-12-21,0.7361384861732831,0.6035972279528347,0.4467847648724619,1.2001011366307097,0.5409416492619299,0.669332888855644,1.0111542667970856,0.7577943421937362,1.0583506119953257,0.6517602838230531,0.3843033905829414,0.672601390240926,0.8414521579625606,1.9512515561017256,2.5833021955557856
2016-12-22,0.740553386223874,0.6158723233357375,0.44123505088866366,1.186643794447919,0.5947345104410999,0.6936175312166495,0.9824908307868937,0.7718482185289952,1.0655288833606342,0.648794195062534,0.397186589031576,0.6896739330529088,0.8816994801298503,1.9716887784378745,2.5830682675368277
2016-12-23,0.7375979430670189,0.6191401622177848,0.445562023209565,1.1767365855599694,0.5042073063675878,0.64270791891357,0.9561878536621977,0.8000022006261983,1.098373181470725,0.6452006861733842,0.4181294659263939,0.6981686620665675,0.8666545001844708,1.9975445004305876,2.6046020345588987
2016-12-26,0.7264662374376474,0.6196543974380803,0.4486683218536985,1.1742702452830687,0.534717019136975,0.6468411323394392,0.938136026984222,0.7766919554959784,1.092969820685348,0.6639019557647517,0.4176257200336502,0.7008128696490211,0.8488866730342823,2.017091802197408,2.68646492204394
2016-12-27,0.7017603098662742,0.6448346275911757,0.49446365100697565,1.1647035251212432,0.5064512109036668,0.6182125577680044,1.0204438143431056,0.7696551962496747,1.0769093329007455,0.6988403020999727,0.44901706729692953,0.7149724633449147,0.8225999726102665,1.9829930173972932,2.641908065639511
2016-12-28,0.7037680465273868,0.6494148290431526,0.4465430683306529,1.1255151781847552,0.5041888338071462,0.5780181233555759,1.0623824966019213,0.7655949311699018,1.0307026442085685,0.622476726304654,0.41152453329241484,0.7098707255895931,0.8078428476685424,1.9824699255563891,2.461327840207047
2016-12-29,0.6913723013857668,0.6235225918348981,0.44223165630958394,1.150199503068155,0.49299649208158297,0.606219098880362,1.0620749241450296,0.771046409597211,1.030493224652215,0.5896631162794421,0.40904301306605517,0.720707525006532,0.8213472913780452,1.9588074231977892,2.449215789410046
2016-12-30,0.6820014919061871,0.673946460076162,0.46318359696809036,1.2038554439732263,0.45975095908294933,0.583554105096643,1.1299559432938844,0.7160305746086614,0.941193502965182,0.5963126567426865,0.3602963379851492,0.7035450436512249,0.8134815390252205,1.929150941583816,2.3809883833700014
2017-01-02,0.6788282570142768,0.6659095911805547,0.459042891206451,1.1932813632745625,0.41541779013587976,0.5771149859643956,1.1390337636183108,0.7088129051852312,0.9453992150788331,0.5877849785773914,0.3656807514180686,0.6954150117522758,0.8019980332714458,1.920364766915874,2.3885265469762498
2017-01-03,0.6730484133576013,0.6593240694524838,0.4521288380376125,1.1911684826828928,0.40530115408796186,0.5779776222914569,1.1417846170120782,0.7197441628249938,0.943175519444114,0.5892915040675377,0.36075977562379474,0.70028635129232,0.7881254770834593,1.9131275094634854,2.40475469332937
2017-01-04,0.6723681768720245,0.6532686913091392,0.4540730640578356,1.187580175216613,0.41215103642372886,0.5634778438309185,1.137711709389735,0.7141012193680261,0.9469935351429795,0.5874390137183287,0.35358941720233467,0.7024566588954582,0.7959383454029743,1.915081993728895,2.406020019703667
2017-01-05,0.6708542211289177,0.6328401538567814,0.4647892880693899,1.0973191758558953,0.4515030208121045,0.5472657092284658,1.1208925638289515,0.713269322315676,0.9388033084732099,0.599615250234075,0.37533284504143094,0.662592392375988,0.8261536800595392,1.945690336865719,2.3747612541767236
2017-01-06,0.6560260542280559,0.6381474819162719,0.476489686934293,1.1175890266391288,0.44613266920439093,0.5567826014435818,1.1276952213069726,0.7161953927638323,0.9312813331887079,0.5967917003421979,0.3682341932834989,0.6577996757095207,0.8328900860148213,1.9324233189591726,2.376311879052966
2017-01-09,0.6593966225217799,0.736526839124815,0.506436495892808,1.1643117759543882,0.5272727702857892,0.5364869243126613,1.1622660652380141,0.7122838627522526,0.9338962521937697,0.5679609997956311,0.3567096336176253,0.6989695616260189,0.7804597989716716,1.9846638219703523,2.3664193379386447
2017-01-10,0.6572085860209149,0.7395425221833822,0.5177937443239538,1.1539426001705808,0.5181223111108052,0.522143076756293,1.1672918065671811,0.688106086054266,0.9185906162168072,0.5770809363508372,0.34686343712221956,0.7068438906669258,0.7835394234945648,2.0000764978709284,2.3259546362208283
2017-01-11,0.6791608556730455,0.7195779723572496,0.4985302691499336,1.0927395525071943,0.501533194771453,0.5617220268555302,1.1361043926032701,0.6641169569509686,0.9830955577597404,0.5884809104071068,0.33970023712286807,0.7286404444221098,0.7665383736680063,2.043607371208908,2.258740781690781
2017-01-12,0.6852141704162388,0.7292502882172103,0.45564449663870815,1.0281885073858015,0.5798861497238226,0.6400985604579146,1.121799902509345,0.6280441811040688,1.0931470042041125,0.5683273821023067,0.3344754963862624,0.6925083537867828,0.7524255674334009,2.058407181143969,2.2856584124084565
2017-01-13,0.6845364516265311,0.7325967673989081,0.4650089796318045,1.0268228966464008,0.5818014985277018,0.6434503994625674,1.1111772370177677,0.6242330302856267,1.100359141571441,0.5716761850705742,0.3378552196642317,0.6912285000113529,0.7533295989716443,2.0603963632734232,2.28551824563886
2017-01-16,0.69172196076262,0.7321984113324849,0.4662810017776609,1.0321385742395284,0.5681391069045498,0.6477592210506853,1.1162003862043548,0.616261316573225,1.109558605600462,0.5738318472578607,0.3351988376953318,0.6986125879947137,0.7475512188567296,2.0763610446942518,2.2890131904896025
2017-01-17,0.6937045224973744,0.7323077056095572,0.4676781298583042,1.033476580483489,0.5727818569190292,0.6403485280788462,1.1127869470378506,0.6151306671686303,1.1044952618447563,0.5707100552222667,0.3362585383131803,0.7005562530617301,0.7476284612008511,2.0783229445301554,2.2847291752209222
2017-01-18,0.693901089595538,0.7346854410437744,0.4838716667563009,1.0347604750858923,0.5593565206268941,0.623218655805439,1.106940363072783,0.6185505694402291,1.1202554484392278,0.571278541122176,0.3343507620505072,0.7218348171571441,0.7435692473843175,2.097427853498492,2.2880291568846998
2017-01-19,0.6916490317102487,0.7361048481015847,0.4769224121522824,1.0329907219870231,0.5621923134885372,0.6265425495341062,1.1089155117663345,0.6164267597349115,1.1217504269055696,0.5670501048551279,0.3453840119904498,0.7245222406242942,0.7538372098625814,2.0834922042452155,2.2875944228362988
2017-01-20,0.7589712865397891,0.747043130437578,0.44253108368097477,1.038039657465626,0.6047829044006378,0.6665354239791359,1.0928789351537334,0.624763151048853,1.1192631755239761,0.5486125941119604,0.3612798158984535,0.7759280645243993,0.7608634548490343,2.057754519940532,2.3115479851780396
2017-01-23,0.7723115984933977,0.7491876256056693,0.44570325054253107,1.0337564271125483,0.6153433484867417,0.6542769917127701,1.1023987022417525,0.6266500699425215,1.120033316086667,0.5320325407204912,0.34894644620282805,0.7672880932671859,0.7509104320472633,2.0609162080348336,2.32275949326887
2017-01-24,0.7803213467473247,0.7221810094030047,0.4427350880802227,0.9776953198167984,0.6278517285401792,0.670554155850697,1.0792145314884678,0.6255473829833504,1.1172188483154313,0.554316686366535,0.374633223345822,0.7990002033766952,0.7220192399623632,2.012315564822321,2.278470192875146
2017-01-25,0.9550223974968378,0.6612299861167655,0.37061186189526163,0.8999760710917855,0.6465026002129477,0.6202742193579508,1.087817381418024,0.6020096921117599,1.0573538256930781,0.5068358232219627,0.3841774281809389,0.8903732246765488,0.6389250622547307,1.9544053192657649,2.3116515222909357
2017-01-27,0.9695427104019689,0.6671042328155062,0.3486092297701191,0.90273713588248,0.5470345230329409,0.6914046050204178,1.059094111002302,0.6068770197763612,1.0624054847682156,0.46325447071947584,0.3473781874682736,0.8562420963932552,0.6264235400381492,1.9796378291274368,2.2900389554147225
2017-01-30,0.9773480697374306,0.6557606496417447,0.3317317663121335,0.8983641591703121,0.5361073870959984,0.6776663967258185,1.0722131260311272,0.6053936887744482,1.0615427828366917,0.45211030828733945,0.34724255915801006,0.8441537804836607,0.6074968483315029,1.9687436126518918,2.2844562132538786
2017-01-31,0.9633817137712426,0.695353853946233,0.3734570326920807,0.9719187995257463,0.5367779820575679,0.7116375186979654,1.0990669176379715,0.6021684706239108,1.062659836933138,0.38804216664275065,0.2702273390799427,0.8580361671971906,0.5817157083933165,1.9518655520647201,2.2589494441511473
2017-02-01,0.9236933366073243,0.6069165415815303,0.346181181885557,0.8532113948497588,0.47644939715068896,0.6272408894847924,1.1548242387837382,0.651597034289219,1.124207790471385,0.3290352288765908,0.2246403411184302,0.835105517174617,0.5211245949424079,1.899381746093066,2.3214338086513244
2017-02-02,0.9124513291473947,0.6109571888589908,0.3452158330108435,0.8446156629779362,0.4683343796669019,0.640417948721063,1.1696176112508343,0.6590252714297747,1.148891584496461,0.36787049820606593,0.23162850612574312,0.8382973851598746,0.5348637161863512,1.9207582066809532,2.332201406102863
2017-02-03,0.984157021251684,0.566892912394269,0.3275674470060831,0.7554615955792445,0.47345211645003266,0.6578365939302403,1.1283719614875622,0.6597322873273194,1.0956933781366345,0.492438451371394,0.3872577723376382,0.9103668542183891,0.5118357480454383,1.9210927822286619,1.9365787291140948
2017-02-06,1.0076566262783877,0.6168327200033872,0.3519241956400527,0.7212684358948419,0.420139980067246,0.6718500273154033,1.13892176304456,0.7043384770243946,1.0784469857698349,0.5377542324853618,0.37544066947113486,0.911864841133903,0.4717907951004744,1.7480487181712931,1.8572548214657258
2017-02-07,1.156830997379497,0.5911944800390249,0.3785270580250591,0.6625769930493138,0.44600786444170143,0.6502789189827713,1.1155329306567967,0.6909650929422527,1.025628751113308,0.8661423342544005,0.41491441299401105,0.885073162725415,0.3901622550081251,1.8957719674757452,1.6995753533411584
2017-02-08,1.1325295845001333,0.6999695353487358,0.5191599389719864,0.7796505481168825,0.5609428586149432,0.6722842244951803,1.1296875449419692,0.4755885983694077,0.8524437947215175,0.9558887359119083,0.6070525824259925,0.6228745051463339,0.4636944951285135,1.6550008615270966,1.8226283941132149
2017-02-09,1.126107620328254,0.7043772829341873,0.5166088843559742,0.7857374696998118,0.5582976278467819,0.6736985690088232,1.1210768700530644,0.4758730317470424,0.858212488255192,0.9509861007875012,0.5990836112363381,0.6185823707262506,0.4688864795652851,1.6564011253054935,1.8067658835474156
2017-02-10,1.1472693337239153,0.6936176367650927,0.4961925337281732,0.7858607640236601,0.5657913734148993,0.6936684592423208,1.1276138667471156,0.47629503566184644,0.8346573529783915,0.962999326499441,0.602317046318777,0.6165325241009623,0.4074788579788398,1.6666113271902687,1.8619358188853545
2017-02-13,1.150295874719975,0.686683756127698,0.4938071413786948,0.7905819614971126,0.570419028689214,0.7228998465165513,1.1180117510354408,0.4682904928700498,0.8273468956129927,0.982898805753106,0.605483683687762,0.6320138590207085,0.42006822932770943,1.654346557344012,1.8857750535181887
2017-02-14,1.1554786108838033,0.6979146611444242,0.6075225879549456,0.8905000350939729,0.6366463876486541,0.6465970465703582,1.1341975361290857,0.5057229572274349,0.9123182593191606,1.1266885050944195,0.5354026576897336,0.42333196904120285,0.3353477154554887,1.6099742170755802,1.6672291134516766
2017-02-15,1.1485627506147023,0.7083252899480147,0.5737021236753952,0.9112913877822693,0.6325074378022992,0.6488850550939762,1.0926438853174048,0.5068338734486817,0.9313596588242827,1.2311810120587536,0.5650219024922092,0.3968039362332155,0.34402772601879494,1.6498502171914637,1.8210726859121584
2017-02-16,1.161167793023426,0.7439145039478778,0.5913696970167931,0.9321223113939902,0.6168297597110237,0.6271179331339389,1.0537424364763008,0.5100035324032155,0.926257197232725,1.2751582941849873,0.5672634064573574,0.41498529341917695,0.3500206631283773,1.6413778279225306,1.8113533517456435
2017-02-17,1.0936222060000147,0.781959885003212,0.6047775742636747,0.9893422757802786,0.601093944436454,0.5768345263535647,1.0605732132954353,0.6427572020454408,0.9242937838277414,1.271237258260407,0.5668684999081853,0.5542468193780736,0.3766513228347027,1.717658191102385,1.745348148746319
2017-02-20,1.121613457705716,0.5696485300576837,0.47780535837834115,0.6968272615107897,0.6669821129767577,0.4850403930434826,1.0161702204530525,0.6823996677467211,0.9843212683432129,1.1194834561773255,0.49617309080667654,0.7666854358531842,0.4842256613294756,1.8023623650207992,2.018359063454883
2017-02-21,1.120480884905417,0.5706765331129802,0.47720543497684637,0.7052696460308947,0.6685102981273502,0.48616155085004165,1.0070812543535372,0.6902238402651351,0.9790690658308503,1.113084176305719,0.49555624899116757,0.7678203058527886,0.4616089590239718,1.803467434577875,2.0114555898128867
2017-02-22,1.120468683383066,0.5666105177922945,0.47541772862448095,0.7064357011381924,0.6673682689523666,0.4799892226745901,1.0083234130243037,0.6908245904925794,0.9774875164254515,1.113565188009883,0.4957578044192497,0.7755643476637948,0.4581471274198088,1.7994433461263144,2.009655001913001
2017-02-23,1.1118135110226337,0.5735786647441847,0.48910036562133924,0.7197936890500423,0.6421362605007436,0.4924612148765112,1.0231259914473654,0.7105031930161901,0.9792386593260772,1.1267705643164911,0.495828519527885,0.8791791943416709,0.47912888877626264,1.8104437255649217,2.0754226613116518
2017-02-27,1.1103753446068145,0.5637001374312913,0.48305496489578054,0.6944903165829968,0.6762417359035056,0.47745072179599135,1.0370238701963994,0.7209940866388242,0.9347157394749371,1.1539131457194238,0.5420543115126313,0.9473930940969174,0.5052757658133165,1.8030877440755217,2.057998792144468
2017-02-28,1.023934051258677,0.5393234920712214,0.4230318982788953,0.725255600327899,0.7179499279518109,0.5228599069957766,0.9979658812656444,0.7460185332786577,0.9628581946941009,1.228914485555757,0.4935318338557945,0.9623978953660608,0.5062806817104119,1.879661950650913,2.037795485087099
2017-03-01,1.0642890217170888,0.5667781614261752,0.4286758102619963,0.7521989621722505,0.6954912845141575,0.4693342481231164,1.0175070142800495,0.7386935531475894,0.8776548725422025,1.2857755641320088,0.5548918479998562,0.9942281734507629,0.4494158886127116,1.9201479481812262,2.0107321530414763
2017-03-02,1.0756993631578546,0.5641390193786744,0.415734783880272,0.7415604067401741,0.6974645130097141,0.524781603521999,1.043224810553444,0.747280478919784,0.9199252237126522,1.331739379008268,0.5870267004675411,0.9903560435801183,0.4874397704037274,1.9237421837802315,2.1932171566697805
2017-03-03,1.0960853369049404,0.565273303161067,0.38953043471081283,0.6907480248626902,0.6933772889205815,0.5338111103145343,1.0299943250917327,0.7666605682261877,0.9287265323523841,1.1888755562236157,0.5895309896529516,1.060374570800135,0.4881507361493105,1.9073111992310186,2.114594115811886
2017-03-06,1.1059259595113171,0.5006374831136554,0.34364665758257024,0.6226351329387634,0.6248568261705852,0.6274706281392041,0.9797148401702204,0.822254582491275,0.9118216332284432,1.1736402240040662,0.5682455856082197,1.1883886580014311,0.4898938757798676,1.7680312559665914,2.299455305598526
2017-03-07,1.1077050313005314,0.5174626135812694,0.33537907738703376,0.6187076785409626,0.6009457117613223,0.6319479059173392,0.9756739302034019,0.8073755052511022,0.921051110959237,1.1764841526822765,0.5675004995448245,1.1734742822166655,0.4919382147982203,1.7938979077924841,2.2976696067620903
2017-03-08,1.03666856148662,0.5005217223179454,0.2950460958218504,0.6551136675869705,0.7579240071549812,0.7246229831427933,0.937886043016495,0.8159689128168975,0.8720896294820474,1.2757996946627121,0.5452041346952335,1.267550853789624,0.47036666006075945,1.8514054906622255,2.3782548699287727
2017-03-09,1.049074763412833,0.47610961330047863,0.26305503979327116,0.5954947743968767,0.7674394777566339,0.7353863816555118,0.9198259564373531,0.8295198218115374,0.9122428570629284,1.2596131868212463,0.5576769703913864,1.2703997311151005,0.4745564185372228,1.8944671871154524,2.4378407162411317
2017-03-10,1.0484593096267667,0.508573535568676,0.2800079847508293,0.5658935038471871,0.7187981248553785,0.7294461442354527,0.9016102147134718,0.8052906666864551,0.9250711771570814,1.2572769956130796,0.5554711998578326,1.2987285447237733,0.4095365445088559,1.9010086897628924,2.480019806885928
2017-03-14,0.9822443302184248,0.5243576279079806,0.4362121759562263,0.5734673991479499,0.7038104761856561,0.7233108221548982,0.8584364824369766,0.7011653914455497,0.9289247470521755,1.286466033887038,0.5575183021359504,1.1004341257096701,0.25743087451225366,1.788329324161894,2.4430102912264404
2017-03-15,0.9637928168679989,0.5650874757653802,0.4400551676976061,0.5748162363122516,0.6774196166865987,0.729113845323462,0.8339469208399478,0.6906497543144908,0.9145364950124647,1.2869448947062776,0.5614026953394674,1.1053240240028952,0.21247466901475073,1.7620402185486788,2.4384715674551174
2017-03-16,0.9752274634944403,0.6039713659302005,0.4630228767795672,0.5611740313906873,0.692619430781199,0.7673008028088881,0.8317727011942939,0.6728141811095325,0.9386979617561244,1.236306518645767,0.5498898567534717,1.088837006360255,0.140991864007952,1.8317945767910278,2.466323691257267
2017-03-17,0.9783186812437166,0.6174258948122833,0.4745127673993452,0.576591231074074,0.6894571784990674,0.8036757885033805,0.8329775955245614,0.6324767502455306,0.9205854512438774,1.2329937779802664,0.5457334264555056,1.0753868666458917,0.1412806466751512,1.805593217938028,2.510700103335697
2017-03-20,0.9608634494722884,0.6380182932311483,0.4876257055524074,0.5763050607698361,0.691753719665378,0.8003103140804537,0.7930821495033338,0.5762678960724867,0.8970552371123233,1.188472764098792,0.5378366463925801,1.0798287128831012,0.11803655985593842,1.8311177408284431,2.581469981241677
2017-03-21,0.9516782117556972,0.5684840575687462,0.5018858816769279,0.6202708007848015,0.5325471919009217,0.737383128516728,0.833005458448209,0.5245157267931584,0.8556536357940793,1.2231534670196063,0.5876847958858351,1.0684050836017527,-0.06551443038850913,1.7646824413122961,2.6194835576068876
2017-03-22,0.8901559288992563,0.5648549511457925,0.45404172595761955,0.5916860118601692,0.5360594632974626,0.7402270845446309,0.9374408380617205,0.49733607963281984,0.7694966766195962,1.145278766984934,0.5257194182404086,1.0418889275672785,0.1317546924041694,1.7580001481129588,2.564556348044769
2017-03-23,0.923959929259432,0.5819610898633271,0.4699785600583709,0.606423084247348,0.4634856284700521,0.7823889720671487,0.9569742640811475,0.5460779384614769,0.731846146712717,1.0926834071399623,0.5490143603877046,1.0482041765171912,0.13370021189751216,1.7069091177709002,2.280192345200626
2017-03-24,1.0213471059387034,0.5291945903358899,0.3920770816807084,0.5971920924282049,0.46211052011727205,0.8397597017747651,0.7981248842970875,0.5594879385934575,0.769275836286988,1.0992593820632326,0.47473902200609075,1.0582517379079333,0.08269730483096355,1.672809608265728,2.327982447531814
2017-03-27,1.0367520283914833,0.5220393681390864,0.46734813871441433,0.6347204794600597,0.5108826609300599,0.8457045293349408,0.7756271230720402,0.4727108954825709,0.74624392631154,1.1432047178896731,0.4532078853556089,1.0796257227893349,0.10951173067416384,1.7599598967529186,2.278887624142431
2017-03-28,1.0249861237574949,0.5611877825962263,0.46860603786786237,0.528773736652084,0.4675914482931784,0.8207690625590287,0.7735801408147487,0.45103303946787965,0.7314633746756388,1.2153344452254062,0.4638587071631545,1.0670919579854883,0.08849433418012921,1.7698199388364901,2.2485653077660976
2017-03-29,1.0246959089353216,0.49993123316101157,0.4809739905675279,0.4974092453039431,0.4867671784677891,0.8081887915735224,0.71993613633653,0.4293911150751905,0.7774930711861511,1.133032164860833,0.47674956667876045,1.0208406953460338,0.07794829460071921,1.8557860917378222,2.2909938132356262
2017-03-30,1.0180384209341902,0.4836267932636074,0.47601551686201815,0.5024699481866983,0.4837153699475624,0.806651087444985,0.7113185671044602,0.4274314228160026,0.7747738719321171,1.1408387602857761,0.48775640547875226,1.0371544900118712,0.10961247998630687,1.8967689567740726,2.3761240875423173
2017-03-31,1.0103431172368937,0.48490238245176764,0.47523989934558397,0.5063953657755049,0.4770524628291685,0.7892496722369207,0.7221092030571706,0.41873851852599187,0.7805991963890463,1.1389978196038701,0.47730942954159555,1.0297040768652193,0.11058569083182009,1.8838633127283284,2.37941020234816
2017-04-03,0.973396695207888,0.4503037137987581,0.44374130187587735,0.49302879645481273,0.4973958919262537,0.7559927453963969,0.7264962721475907,0.3459645505914172,0.7682003945205443,1.1396970436615819,0.5919216687572301,1.051100342410379,0.0773850020610086,1.8755519334547297,2.3714534232377718
2017-04-05,1.008852229500141,0.46639045956321734,0.4244484013984184,0.6015540135020236,0.408948271856378,0.7849233824708217,0.7325788853430522,0.34601915160894675,0.7827034228546954,1.1421084230557903,0.543319702485711,1.1256809857071126,-0.00635270006398847,1.8151337181970804,2.43414123163807
2017-04-06,1.08285455465315,0.39912406295628783,0.3562087551232962,0.5038907380214577,0.44936926524390947,0.7684629264729372,0.7120844643214135,0.35325890676518246,0.8241504300698888,1.1494851044882903,0.5851682489567581,1.1308962086299328,-0.011443319473300573,1.8159694083090279,2.406669228517094
2017-04-07,1.1451972102898917,0.46267766907012275,0.37850644964534985,0.5313391075963956,0.4262430325802121,0.7220051732059624,0.7349737455254222,0.3403212255596291,0.8043979102816688,1.227294359450579,0.6050217660728924,1.019509100301387,-0.05201028352743721,1.8441310965898514,2.3944512446215906
2017-04-10,1.1445072663212739,0.5160168773530018,0.38988690131949777,0.5296882237340349,0.41902272588647704,0.7550180531527606,0.710220897657836,0.3492571733364051,0.8002380195220936,1.207536927151875,0.6291887545031213,0.9907837021787798,-0.06697688803267907,1.800429662786145,2.4137093305711654
2017-04-11,1.0965164583439977,0.5742719078706368,0.435820622491492,0.5515240182595944,0.46888048768386664,0.7214648747986145,0.8385668099372112,0.33568756281500195,0.6520222832803584,1.1884337249581696,0.6382051563352218,1.0299501596362026,-0.07650017794226738,1.6530520135115718,2.556851848603265
2017-04-12,1.0994516293378191,0.535841700531107,0.47093606366818175,0.5732850197053402,0.46891658100781447,0.6999612083761052,0.8471582712069441,0.36237111861355065,0.6260417511692886,1.129842451699412,0.6146011340457498,1.0327832821189746,-0.07236360969636514,1.6966362357840057,2.528059836952666
2017-04-13,1.0810876085292396,0.6330534228418296,0.503293563521859,0.6362552063860014,0.5021073873689439,0.6714173087278379,0.8913651094338445,0.4110487361418125,0.661862322361513,1.070992125972968,0.5897965171689328,0.9814021295542824,0.03500021517216637,1.7607617275498346,2.4762920137343434
2017-04-17,1.0693042602012892,0.6399322080736617,0.5104177308669463,0.6558845623769062,0.511446638303495,0.7115727083678347,0.891248399144677,0.43760148549081507,0.6697132240959964,1.0991848241857805,0.5748709696605528,0.9787728027777489,0.03259475476507711,1.7576876206900067,2.364653151523033
2017-04-18,1.069832596247787,0.6400494546614699,0.4905414641153248,0.6652802792374564,0.5082269205183864,0.7127564521574313,0.9059891235280286,0.42825173455374504,0.7038204429663768,1.1503070164251297,0.5949411824565024,0.9791977362572609,0.05152664031595464,1.7976697488089926,2.4847664518123143
2017-04-19,1.0748894084984975,0.6439828404130362,0.48390819760024234,0.6729890039713509,0.5035791403568405,0.7040674905648193,0.9104478260185731,0.43228730461006254,0.6798430757624083,1.151920282427476,0.6024843306502633,0.9846511351413015,0.05706203415341048,1.7805957617493433,2.4673566899960324
2017-04-20,1.089061586306358,0.6496766207050271,0.4889368464116465,0.6917598956415527,0.4931356774397636,0.6915207488059485,0.9051009342624003,0.43827225210920345,0.6581206677055229,1.1405452997486727,0.605767822088284,0.9887897235529552,0.06102479674534505,1.7870202467884968,2.4757392628558708
2017-04-21,1.1186670572032753,0.6406054067780471,0.5326615028469904,0.554559827000169,0.4132955123866837,0.5722119484976916,1.0184394555883318,0.4453957111600933,0.6376052648782563,1.2378700261617053,0.6697560369212423,0.9111761885973437,0.1247447461640916,1.7524422375738338,2.3224342107538165
2017-04-24,1.1250017409860589,0.6248674635919305,0.507282560211949,0.5515997243225124,0.4096028318941995,0.5415679298022912,0.9885068787061847,0.3697868468469237,0.616899531917821,1.2368246872751951,0.6702042591599816,0.8658135565419717,0.14641852783175272,1.6579087888567718,2.3602321161782855
2017-04-25,1.0780518647634116,0.6714292896391878,0.5163350539600865,0.6357111971819985,0.37548263366661033,0.4472607801316593,1.0558168390360971,0.3698015070502411,0.6500980900378827,1.1870733605825041,0.6510084620959835,0.7917919754103205,0.29909687637772997,1.6766851188794523,2.432689565853864
2017-04-26,0.67929116416885,0.773628176520903,0.6764631399590986,0.7092100182149753,0.26477581282591367,0.5328413573935756,1.0653987895340045,0.4307949836804853,0.7948119927681714,1.3656298343822364,0.6186180400915423,0.6445068533040336,0.4801512142690381,1.745133991167517,2.3013145707257454
2017-04-27,0.6859893520955345,0.7482877135141199,0.6964631313753296,0.7076477137882596,0.2701351688905852,0.4822723473572008,1.149021198355311,0.3944721601018135,0.8203683511322531,1.3685291671707087,0.6213046602037487,0.6007207493404926,0.41767835092544653,1.771196558913908,2.330603361514925
2017-04-28,0.7136405063635979,0.7675472813244957,0.700593323756471,0.7628832609440083,0.12575515726679673,0.4547877001077467,1.2108527841403045,0.3918838119189648,0.7734975909435441,1.3363364392775126,0.6157130126478231,0.628978617185497,0.5181284577384222,1.70576301066298,2.38132113621684
2017-05-02,0.7236369465047373,0.6878878713758209,0.6386462097802492,0.5834736996251073,0.1508922885131026,0.3797029900102313,1.3100992129161346,0.355314267813305,0.7775628222400173,1.295415814100934,0.665961328056911,0.6201583284684449,0.5886412183212592,1.812539848468878,2.393308204960948
2017-05-03,0.857455693584861,0.9587582300000189,0.8285490867629461,0.742364484341685,0.314269852301725,0.5430275301077241,1.0625761876631876,0.3327992151532684,0.5655613541128551,1.6644548224081157,0.8271299298361793,0.6952908327640736,0.8111042448951966,1.8740520652413941,2.1613879945494037
2017-05-04,0.8137418071526368,0.9451382330120928,0.8336285029529128,0.7168022163521606,0.2789529087776745,0.5419544522058427,1.0787640199199966,0.3244540085430969,0.5654783357449064,1.6429284391092096,0.8151455491483205,0.7356736649747432,0.7853257655920137,1.8641097897931649,2.0819850281511116
2017-05-05,0.7668310110995631,0.9338341737185658,0.8068259191118966,0.7616668027619587,0.416426304845953,0.6141820640254494,1.107326951233146,0.328988570330724,0.6470977579885813,1.5686835152125829,0.7654712450899251,0.6007055381609749,0.7635622449241143,1.8736868106763436,2.025129494211565
2017-05-08,0.7807020193337564,0.9770629083744939,0.8065534216382022,0.8223888838952543,0.47585705824020297,0.5947333437214567,1.055420488495042,0.19748774766555752,0.603950776447631,1.446797514643461,0.830808448759491,0.6088838144061457,0.7886850181431171,1.8971937629647666,2.1157825217969037
2017-05-09,0.8120724043510187,1.0136223104876572,0.7904238612313961,0.7898203050437764,0.42920242170566064,0.5930434182756734,1.0770769170649817,0.10873591115051193,0.5499271643259585,1.4416502832856428,0.8216282241421813,0.5878914003947273,0.7899403774109885,1.9226548647901984,2.0942524848778645
2017-05-10,0.8769768502283147,0.9441200816704401,0.6471768549846947,0.8218150046193977,0.4706556750246226,0.5981414880854371,1.0716706089227537,0.2759275318811224,0.692336682003142,1.392048783567978,0.8347777583872931,0.6549034087697875,1.1849635182000628,1.8876857509227452,1.9672016282195095
2017-05-11,0.8785860301204051,0.944900119915666,0.6502137772655661,0.8266838370643729,0.4640962539361274,0.5934079294076996,1.074967052667314,0.2728791293581188,0.6910717669008897,1.39352251463305,0.8348228919952332,0.6580177837400517,1.1804284895975645,1.888224855918426,1.9711703356717825
2017-05-12,0.8350615953122391,0.883287265260994,0.6361064287972307,0.7674995330832299,0.442675010853842,0.6018543674965688,1.0863239737184955,0.2874749845038134,0.6928934071919624,1.3613812940488779,0.8393283125334723,0.6793672139616106,1.1763367856116076,1.8878876272267444,1.9138307158186405
2017-05-15,0.8629957758745956,0.8456190806117774,0.6239760869234731,0.7673771296896156,0.46406836120188644,0.6104472633078318,1.102252189748124,0.21225104452019122,0.7040263355623992,1.3480799630259008,0.9196279735502819,0.6669969171763059,1.1599392003990883,1.9728006051209834,1.9084856417614562
2017-05-16,0.775511679764015,0.852972497268514,0.679228811598404,0.7911701715744823,0.4589671761366109,0.5935258956942862,1.1527212335034362,0.1308511901071608,0.6664152916526281,1.299976827216926,0.9624155675170208,0.7009224018168202,1.2899257801777657,1.9460340018186224,1.8744821721477605
2017-05-17,0.7527699359888337,0.8661146140619912,0.6830386785891942,0.7413996823838561,0.46599640289002003,0.658828047229504,1.2668504765765327,0.1097168812889253,0.6321310742529952,1.1281073903809655,0.9600045886119377,0.660665165980716,1.297737444223571,1.8949238235109032,1.520678099338601
2017-05-18,0.7646585864808064,0.6487992447264742,0.41276123223084077,0.7535669483208173,0.5738492737038261,0.6315877897197756,1.354180936357468,0.12415444726128481,0.7935993619621787,0.904602650056332,1.0208565247255,0.7482746841097213,1.3103193602245993,1.8264058175836846,1.6498730685007386
2017-05-19,0.7726092372631307,0.6824801478721056,0.4560068240936324,0.7665036803306857,0.5749058071394163,0.6338884365356962,1.3304824236811539,0.11041968324934973,0.7866174553631532,0.818135256171954,1.0396223688590405,0.713895665445909,1.2930302304535592,1.8465557836415618,1.6610792717066867
2017-05-22,0.7940223890537476,0.6583675199741107,0.467605466959258,0.79389304698561,0.564940889312957,0.6006908568224647,1.3882741349368033,0.09213773152866866,0.7978482842363651,0.8097454211348394,1.0695392958281318,0.7096209890806315,1.263787791053,1.7459378747923098,1.6211614449338905
2017-05-23,0.7939210888997894,0.6517032585967585,0.42622816235274713,0.7046404805334694,0.5920838923102949,0.6052880766058066,1.4294052934246915,0.08103249564535935,0.839996759283135,0.9588231307624686,1.0827477878825507,0.7763039266563377,1.2898636426081336,1.6641251987238286,1.7735286421141754
2017-05-24,0.8083194445818292,0.6689747129268676,0.4363943389325405,0.6830642405582723,0.5968920992939966,0.6307252742362878,1.427520287115476,0.09849319702431933,0.8759568293177455,0.9884068808845489,1.1194430562137467,0.766677240830975,1.307344166546361,1.6954424315720271,1.8486360086547668
2017-05-25,0.8591003804406326,0.8258491860998262,0.5386654423167945,0.7957389134860372,0.5602545622349518,0.5591880695958559,1.2411131395680772,0.04858066987718189,0.7251227446338873,0.7247342631400534,0.7234649065797423,0.5997790151032053,1.1947210633167338,1.5126344163873267,1.7780934362019118
2017-05-26,0.8223185299563203,0.8794624324854358,0.5622015429729162,0.8101384730545877,0.5824398884642658,0.547088220645701,1.3180909518832336,0.11684840355543616,0.6189406877197322,0.5663903287109168,0.6781354715998877,0.5693061903477622,1.1160581179994669,1.683075305216262,1.6502483500388465
2017-05-29,0.8247021768641533,0.886263718437387,0.5606667377838415,0.8355596571916996,0.5780257603089821,0.5255834940607426,1.3019749687963176,0.09363639653535204,0.605221445768267,0.6037096145469898,0.6810192776862557,0.5857691205814611,1.166391900668455,1.6990615933368256,1.712070829113876
2017-05-30,0.7556596845797604,0.8657865922122536,0.5795112267989407,0.8475434808572686,0.5872478747394958,0.609332889174343,1.2511949824673743,0.099737030774811,0.6715607375689998,0.5294515322993129,0.6110799779300232,0.5302797190430326,1.2106082053989855,1.6175319465557907,1.7035669604546135
2017-05-31,0.7263784027550494,0.8963590114897345,0.6006697427068887,0.8731853027642791,0.5904623520895468,0.5388160345613723,1.2202151690434895,0.06286319932222241,0.5791336577021554,0.4707440513763377,0.5511841838969214,0.5285800593822948,1.1751314169693672,1.622657450258447,1.4474468230341884
2017-06-01,0.7230352225131237,0.8927815570655824,0.596260318699718,0.8585721828377759,0.6086780053233111,0.5365797584029172,1.201856483351052,0.06791969427919292,0.5533527171748809,0.47094551473215523,0.551165496702554,0.4446317642253212,1.1856398771259882,1.637816536019162,1.4826219987240505
2017-06-02,0.7050519536182112,0.8948356824554097,0.651816745333755,0.8986466247251133,0.6025106963576569,0.5140547200775606,1.2186943862972868,0.03487647411313574,0.5741183335252432,0.5083446375741217,0.5898167273300549,0.453469794971006,1.1810663755279633,1.667700464537572,1.4721104386684756
2017-06-05,0.698872054396253,0.8710665057025496,0.6659389669547328,0.9152906572103744,0.6385197896912099,0.5042600403651217,1.2234593425715838,0.05066625741288599,0.5629265052375144,0.5104262997510383,0.5889751124515167,0.4714642936829119,1.1823063817954411,1.6363598528559384,1.469463303591376
2017-06-06,0.7185932988155912,0.7767260053521436,0.6363657246511626,0.8292017654117962,0.6663997678971065,0.5776749490311462,1.2754001159513806,0.07650091928984938,0.5923350690975115,0.5539424244325692,0.5638238791804169,0.3675810082160204,1.1986798217950447,1.5888728755071668,1.4515348868696942
2017-06-07,0.7166950823067033,0.7638224018282025,0.6047282643464631,0.8120376969266652,0.6615343369547412,0.5802259900304103,1.2751497713017637,0.06183189309169096,0.5904480367235242,0.5757417028511316,0.5343633921903819,0.35612583080114957,1.2046961215555116,1.5840338450204985,1.4398436580427039
2017-06-08,0.7003969802914165,0.7702528642289161,0.6167602255819572,0.8072715736983315,0.6731785119263137,0.5754600341976702,1.275321031466492,0.06478729094754233,0.5971552796663036,0.5088190268233442,0.4683550314948479,0.3281498360269264,1.2258308061922825,1.5487282964155502,1.4242326554234064
2017-06-09,0.755420940164951,0.7509584695372199,0.4205654207545427,0.8040656407639072,0.7425269784997757,0.5056192849969838,1.3566976141271863,0.11241525742407221,0.5467050209354364,0.16515161845992504,0.44285743206843525,0.45886903192752315,1.5348479919337839,1.7177691239120831,1.385092189397928
2017-06-12,0.7870232832352918,0.64830166652261,0.4827610033238623,0.665191858906751,0.7295325156672652,0.4845287347167889,1.3559447024331055,0.11739201019711813,0.5947793732745201,0.08369029875450042,0.4275046951743331,0.495216380299157,1.5311489034397083,1.6798497864150297,1.385269668070146
2017-06-13,0.7872136837975104,0.5972982137861267,0.46942587867996893,0.6650091001759867,0.7086337675537224,0.410657503139769,1.3986674696527983,0.09170180886653893,0.5754797858929437,0.020326368180242763,0.4179876626670281,0.4820074454510158,1.610257261923669,1.542824596229475,1.3532715785061935
2017-06-14,0.7847311205996158,0.5986642479463575,0.46734228930391986,0.6683570899902194,0.7089303873915567,0.40988971417885967,1.3979451388840807,0.09202176889349373,0.5746405887626158,0.022270535119458527,0.42129182960398326,0.4804359792307578,1.608196753655338,1.5404137529961583,1.3542903699774256
2017-06-15,0.8223853815068831,0.5664259901724598,0.3681371543316574,0.6758581401669078,0.7632162539809462,0.4525202247350591,1.3784990789680238,0.12506729171998202,0.6203799531550406,-0.009611572984612553,0.38029914681771876,0.5290573704584539,1.6259918944787082,1.5044332618890752,1.2750220639302074
2017-06-16,0.829303217500861,0.5766747871102411,0.36707394923493974,0.6694593828208848,0.7818780550323481,0.45882157236936894,1.400340188773638,0.13101331099805816,0.6316876842266717,-0.019873838910197006,0.3425827135384301,0.5140806972515749,1.6283042642926673,1.5053367041293049,1.277071770442236
2017-06-19,0.8923079963452132,0.5393357213982117,0.399298734139013,0.7093373820637593,0.7655627431177555,0.4291260881459144,1.3049724650513395,0.11812972210483182,0.7490377030675841,0.03349218520010684,0.33549551663961763,0.3771382704781916,1.486131304491039,1.6037328130399884,1.13620293063443
2017-06-20,0.8975075555585571,0.4831760949292218,0.3413093444446712,0.6436855168628829,0.7286006567525941,0.3679376912389419,1.3719532091158138,0.13317359638575774,0.8021672280772085,0.0063550531930679,0.3331703514208147,0.38205146452198196,1.5167244114465825,1.5762570978158055,1.140799454596032
2017-06-21,0.8679944063707878,0.4858205281853396,0.31991184939607115,0.6651474898207369,0.779580272551913,0.3522759319483759,1.3578320132955657,0.11490194677816297,0.7520181713703019,-0.025649514085979562,0.32520899109024926,0.3770498252906125,1.5037055468669211,1.594767785073492,1.1118232741925718
2017-06-22,0.8366557995984846,0.5016989658263966,0.2343027901498481,0.6541560814270896,0.7627922297271287,0.33173591030677724,1.4119375862209287,0.21071452407611477,0.7941461012823072,-0.1290964455756354,0.3646163161327452,0.31082129844812495,1.535427382378189,1.4714745301774057,1.1123819311629277
2017-06-23,0.9552906198492741,0.44726347520347864,0.17434932525609373,0.800875058508672,0.8390132007373222,0.3209393323495791,1.4306857902170906,0.2901432667263495,0.7485344553689582,-0.24471174298133874,0.3384922789915618,0.37430341684949975,1.5054596953556432,1.506379621594238,1.1924231366557763
2017-06-27,1.0072365368842728,0.5210498408644038,0.15172576078265115,0.749797083232412,0.7355570978515485,0.3215447276473627,1.3598196324055642,0.3200482422935201,0.699951418835289,-0.2275464504065296,0.31685100543004696,0.3960628806853198,1.3693228891208729,1.413549295309931,1.318486209387666
2017-06-28,1.003535397300023,0.5316079570236599,0.12518960406865617,0.6673669945786063,0.7777819635828133,0.3083448871475965,1.3935971098676547,0.27581553083562016,0.7083105285344802,-0.24431241272172022,0.3328910204149891,0.4005902453602537,1.31088217745971,1.4081496338045463,1.297152068906768
2017-06-29,0.9921788964411131,0.5345910577342026,0.12668768586402585,0.6632358851948952,0.7815874594699477,0.312701894006011,1.3935377783498812,0.28805403508502014,0.7046136796506152,-0.24835072080152387,0.33550339344950786,0.4032842680419781,1.3153114291187462,1.4253205975840846,1.3002008078191578
2017-06-30,1.0127880450896067,0.6105284137940219,0.20406341459592317,0.7173334607643926,0.7712788144529931,0.3579147936383897,1.4547079113035957,0.36593455633793237,0.7183155763143816,-0.26706571333297613,0.16342777976029527,0.3876612775952231,1.4600143856127912,1.4603845228780674,1.3947773448887981
2017-07-03,0.8813219873329852,0.7098840074106012,0.21034025450482965,0.6995344852560544,0.8090656136868152,0.23765333418056625,1.738596604221637,0.33323224358471565,0.7026571908629916,-0.27409916217861025,0.1400858975114451,0.4124670220837164,1.3981974918834457,1.4025203045992378,1.3779119226841743
2017-07-04,0.8789966675008785,0.7066335987329119,0.21470879746482122,0.7049303568879027,0.811363519392964,0.23803331562244764,1.7354323820972695,0.323413628575503,0.6924801690460235,-0.2778090189028826,0.14649193065805138,0.4079858579976499,1.397040321130525,1.416683027456388,1.4040329141887067
2017-07-05,0.7789018979453016,0.62493336894843,0.18207572515186937,0.7025061467953211,0.8480085042849174,0.27784078705711124,1.7251273845167876,0.3440296048402876,0.7017585434243411,-0.43253040970729906,0.06306728117318505,0.4921962769928391,1.4733168630883762,1.374983870843214,1.3717789730730703
2017-07-06,0.7769220568471626,0.5624158395322413,0.15309203124212295,0.706052399971557,0.8421057716511547,0.2519153685167421,1.7521761814301342,0.34550657280347696,0.7257795931116396,-0.43408727793409807,0.046762838836830814,0.47996238294254456,1.4979340694587058,1.3911318373835722,1.42185072266495
2017-07-07,0.7738489848294983,0.5337596519082507,0.11549000344956951,0.676165356488579,0.832665843199604,0.23905138769838621,1.6953118777317424,0.40291540154511185,0.7735916891949988,-0.47913131565702766,0.043321960878612675,0.4823477566027307,1.4693735483105788,1.4824747302222643,1.400159289996155
2017-07-10,0.734264028668563,0.6660220547928166,0.3203898755035248,0.6822893830460707,0.9107683373464883,0.23711404578658699,1.5521387084471472,0.29111488771554456,0.8027326553369578,-0.18709533881838658,0.10609267178813603,0.42900369632238383,1.7187520328272825,1.3852367637176197,1.3245524490026075
2017-07-11,0.7471217526874948,0.5090860828613444,0.2686769643767106,0.6312995170217349,0.8989859077388984,0.24392946501330778,1.5366955304494883,0.23646219151680456,0.7581211567278289,-0.11234064940729906,0.09595922035250354,0.44574281843479685,1.6111899726018708,1.2766658099416464,1.330137675935015
2017-07-12,0.7574609223025293,0.4908020026831671,0.25815919023424877,0.6125068103069069,0.9125091935377562,0.1952296858001966,1.5230809292411467,0.20875853608546352,0.7474617421988157,-0.14467108888818137,0.10742891598784422,0.43941045084498115,1.6164567414081201,1.2700388020393802,1.4677391651554734
2017-07-13,0.740150129551067,0.4888756594488985,0.2620155863716399,0.611791672093401,0.7714933865251964,0.2378324861814615,1.611349086868861,0.18650565364881008,0.7393641748792247,-0.12944522952478316,0.06722681543580918,0.46625560660566157,1.6295007942380713,1.173055827366429,1.2638696979638016
2017-07-14,0.7118490674354819,0.4915014695422203,0.29226255525385475,0.6002614247766653,0.7683649477809618,0.2315746673358169,1.6157393010972714,0.17514166438935275,0.7621028068860924,-0.14033902044361246,0.054303468498168826,0.44983357286569314,1.6199073066672771,1.1880014754650832,1.2830439799925766
2017-07-17,0.6929635882945686,0.4930015787203684,0.31825429451763115,0.5862320666873849,0.7870127318201224,0.2514726871738882,1.576143054181929,0.17695913464300186,0.7807012972047409,-0.12656836131231117,0.05756304590360448,0.4278169738106924,1.6152305733791672,1.1818991411818343,1.2760983519431637
2017-07-18,0.6558278065075559,0.4506206892423497,0.2171504959037755,0.5891938167962703,0.6759099392618084,0.3202607360453542,2.2752714650079566,0.20196002267512694,0.6581116604617594,-0.25628710174598,0.002434645195311972,0.374528783448058,1.5330167536445705,1.0693094226496298,1.4809121893521655
2017-07-19,0.6439221527531501,0.4263306509477591,0.2567319532287512,0.6407235610432829,0.6867387027959604,0.3629093368731873,2.403333962728713,0.3300193243700365,0.7332804772670112,-0.22391862035848523,0.07996358922219042,0.42543134776755104,1.6908411458399315,1.1762399131538257,1.3387027878036384
2017-07-20,0.706409528803492,0.4630020182999114,0.2664728044951316,0.5670573746772142,0.6543031831616576,0.453857262579415,2.43161367346311,0.3502277723646263,0.6329181991890263,-0.21017317946718048,0.039561603663981516,0.46119351954677174,1.6368762127479775,1.2244117248549358,1.2709201553999774
2017-07-21,0.7471050218389892,0.5334326098989244,0.42889007895760844,0.6547359462247343,0.655962540609818,0.4439172375426373,2.342932231830871,0.2883343674212222,0.6023820183836563,-0.2361980992041495,0.08619033161170017,0.41150968244715924,1.5699111406794215,1.2187376031740929,1.2925855450180928
2017-07-24,0.7411889689317475,0.5699684109113443,0.4831563621075409,0.677408023837394,0.6294403859499917,0.41418981487942674,2.3370688137554145,0.3562150356831531,0.5887192547535273,-0.26554103816693864,0.0056191944286107754,0.49204695365237044,1.6065267873478766,1.1424225191347497,1.2624693435011978
2017-07-25,0.6964691962690459,0.548029690263909,0.4772248417129357,0.6414242942321391,0.7967741065764227,0.4312306378033815,2.281706314911225,0.36107761807397515,0.6620935452826385,-0.22931964504634594,0.008589363079217942,0.4614814264442161,1.5853576028027936,1.172407214087782,1.2083204112608796
2017-07-26,0.6799443906901258,0.5365673524165602,0.4600984283173619,0.6222015495075182,0.8097091173470752,0.468997014375201,2.2704660501898193,0.33998179964659525,0.6479744996378772,-0.1490350238292965,0.02229156347038749,0.44825654194899667,1.5396378825780788,1.2132686023013817,1.2106287656486057
2017-07-27,0.6688710554428068,0.5690338170925701,0.46196758953802924,0.6335909695984296,0.809405171350177,0.47401385059689055,2.2791019983911975,0.3383569082834627,0.6441900546996701,-0.14412062804456438,0.05479648577941099,0.4408141897539466,1.556740839065685,1.2104938767330196,1.2148199098087837
2017-07-28,0.69796947153151,0.5349071142934103,0.45977992978568316,0.6262998232200326,0.8244921993177835,0.48120494498080957,2.251410959074662,0.3378018429573882,0.629702353918658,-0.11732061925737995,0.11767113468323913,0.4251455893655615,1.594150377992509,1.2487720517245722,1.3141688779072502
2017-07-31,0.7613747900305211,0.548996356534873,0.43752767779078416,0.6071914165861079,0.7998717232380462,0.38361659260096176,2.1633981421906254,0.3337141401244905,0.5358075857876813,-0.23871311942412518,0.004312400194937487,0.518074553388364,1.6553939740647226,1.22234526329248,1.3763378825065826
2017-08-01,0.7497686806471942,0.519038453128648,0.4655172453894586,0.6549229489101716,0.7643767151561067,0.3860235194579614,2.1932124572894414,0.32006312897226163,0.5230343712435064,-0.2439098886101914,0.04053302359867992,0.5276699140747212,1.619442256079045,1.2385726083279953,1.298850692013749
2017-08-02,0.7576800337899581,0.5558195929821321,0.48670283148249893,0.6570859540392581,0.7889313834487875,0.2519938389501894,2.1885338337113924,0.30362589090316605,0.5670029085889755,-0.18034224685517816,0.10413694257213861,0.5019735583933405,1.6004558417752994,1.2545716344023194,1.2965194415484005
2017-08-03,0.7226168288271899,0.6457203974479886,0.7230785855162315,0.5247551162129427,0.6999959093798034,0.2073996036090336,2.24392776115366,0.09107977417655656,0.36752195271709265,-0.1602336596671867,0.16826896019356558,0.4255212697614056,1.0409705413121915,1.363895146319127,1.3878162035429114
2017-08-04,0.7064390553832594,0.6342071374400566,0.7071345228751054,0.5290475832977449,0.7172565385783124,0.2885046047735911,2.203468974869183,0.081167061520428,0.39418802190139873,-0.2066233027286288,0.0641857811285041,0.39498329299836815,1.0055502955783533,1.4198479467680798,1.3592021015612685
2017-08-07,0.7533321611056116,0.7117827235067042,0.7285007928859593,0.5839608360622968,0.7437116633584776,0.2907166294225676,2.2041663903743283,0.06104550333291502,0.321853623845581,-0.17635251349497957,0.07539636145194761,0.3650241041337205,1.0144302570804828,1.336819372281342,1.421909813298972
2017-08-08,0.7371076860217203,0.7450521249441552,0.7263529368297733,0.6685613259629021,0.7377159748209712,0.39046475783525025,2.2072586743090925,0.1909859878858819,0.3494371486119594,-0.13918696683730175,0.2587203178815504,0.43104450663807614,0.9913858396120095,1.0477177632779064,1.7210892930744415
2017-08-09,0.7632475097934222,0.693347693911008,0.6759169107946461,0.6939178722155277,0.6892135678241653,0.3143403376881938,2.1163291760650305,0.2385082585911886,0.3634993984140087,0.108087160916992,0.25907705617650256,0.5343533650021061,0.9006744851870331,1.1759001018905682,1.622851401307731
2017-08-10,0.7027751075515215,0.5859923141114136,0.6209313078076673,0.5086101033355682,0.7126317501172729,0.34403626815264565,1.9943454731317114,0.30071360273469583,0.27672699951520413,0.24069581249827637,0.5150957155317866,0.5428540558058741,0.8567487255539151,1.1033272508887333,1.9821717908684273
2017-08-11,0.6684744085474786,0.5925313374062431,0.7674334204510811,0.3907161412570347,0.7518924730288612,0.4545747461709722,1.9197876087877535,0.3760494399901161,0.0978667463716018,0.4358187731169143,0.11313446609073813,0.3382421180731246,0.7834008300427407,1.078624405962969,2.124788349961247
2017-08-14,0.5890249002777022,0.5336200853667142,0.7038556990121175,0.36246356274979197,0.7927206841850101,0.516973208281059,1.855604422591202,0.44277134707544163,0.15207123703862938,0.6813549052084702,0.1065234058742854,0.23064493786883145,0.6764238395285562,1.2366557474568425,2.868806346398654
2017-08-16,0.652803501169863,0.4646711019782727,0.6828591988143875,0.5883829253403937,0.7355646466629202,0.4292127176778325,1.9082383289079758,0.4381974056881726,0.31343555471334916,0.8380350104981735,0.1361068956715208,0.0748865005278043,0.619818883751097,1.212234125184042,2.697187918351709
2017-08-17,0.6618701491065015,0.45152706484979227,0.730332451342888,0.6285461251879384,0.7058752520582494,0.40012428030291947,1.9136339622249907,0.44163129534255435,0.27102961534847997,0.7202270848333472,0.11163307815199856,0.0018851473182389556,0.6193910666620663,1.255654578960533,2.6175001941831835
2017-08-18,0.6617785985365099,0.8497044894777952,0.7136925548577975,0.57633297403193,0.6657411520791446,0.4709795227635674,1.833121894313981,0.4128052553905708,0.2355426238106976,0.8184455248359744,0.11344012584313873,0.10499908004603184,0.5406672323795265,1.2028928883490515,2.52063651607026
2017-08-21,0.6060450289223571,0.9380617510806709,0.6034716489458885,0.4136327005551947,0.8139707789039968,0.5933874689399697,1.9982815235132894,0.5281457970549458,0.37747544284738904,1.140646933762478,0.5514732352977816,0.274831026399615,0.5900723337263054,1.3972071935359907,2.6154911309758284
2017-08-22,0.5866921411775796,0.9051549870813974,0.6167962272383782,0.4063096580851386,0.8007383591341367,0.6292481624168904,1.9233916964723508,0.4236855312862779,0.5716726146431448,1.41537317895326,0.6059889137777357,0.24484438349585602,0.5890679081779162,1.1705566210328817,2.7485761096831323
2017-08-23,0.6086611179055968,0.9812843064394292,0.5809265202727163,0.31545406551823674,0.7804957609148029,0.6734571333056238,1.8270439400842766,0.407897579568244,0.5885575461957847,1.3931634797172021,0.7156574546492896,0.21462195501030923,0.6746900247895298,1.2305904349718255,2.984558124947823
2017-08-24,0.6165876839252578,0.9709689634486915,0.5802956152409346,0.2945979846135364,0.7634293146054184,0.6449027046321342,1.8427771888180193,0.41113209505371195,0.5909119893611383,1.3844754923276081,0.6918168358552982,0.2176359104938458,0.6849580700651576,1.2285753091427456,2.9666723860449755
2017-08-28,0.620835015565575,1.048727906284428,0.5794135023664709,0.28475359804565487,0.7756820428158087,0.7081108961430869,1.8291224136202349,0.6207474872067643,0.5651339430315219,1.4245294639984407,0.6404743544663885,0.24934086932823388,0.6756641635794346,1.1707758353298963,2.7979064441283072
2017-08-29,0.6501662923679935,1.0629932481643736,0.5444759886999982,0.21990253339712176,0.8351972228540535,0.8518104195766731,1.726727236966542,0.6623320376674707,0.5726386627389528,1.4684368069914693,0.5915957858027174,0.3325119720386854,0.7294184225290135,1.153643828071773,2.5046370045739366
2017-08-30,0.6564647459741808,1.028307598469114,0.49298299509005666,0.1332676932641534,0.8455310921366657,0.7850340951731397,1.6711622438518559,0.676871189120199,0.6305193592897272,1.4167352429154818,0.5494864533475128,0.37887744878142804,0.6742806815539041,1.1848178218571783,2.4656755781297797
2017-08-31,0.6603010836591306,1.0161563969650014,0.5274456531975844,0.13321733145920198,0.8194128712349046,0.7899259728353308,1.6586414639924534,0.684545822914335,0.6087847462188886,1.4066632808756188,0.5429862912580634,0.35932183811102664,0.6681135571981356,1.1781016150226833,2.4684149460957467
2017-09-01,0.7018096060623069,1.0824968522428255,0.5159629163809483,0.1299160702391402,0.8186782609183894,0.7076202117023028,1.6250920840898881,0.6218516463372665,0.5904612139388232,1.394247581777173,0.8396888683329247,0.45972423079658925,0.5974758052554441,1.2005689824041128,2.5278457158115164
2017-09-04,0.7374607336806867,1.1535247265939337,0.5245855086527951,0.2189069394797675,0.7518046826344041,0.7001226124867921,1.5864546100060435,0.6894833318999226,0.6056875693052722,1.241319859751795,0.8525725671260763,0.36738518308635976,0.634371837966187,1.2233144089922334,2.5565766198798388
2017-09-05,0.7655134147734728,1.1492432682191245,0.5104905392408482,0.25820485854219044,0.7525760724242802,0.7074151733754326,1.5804769028764185,0.7247783013181045,0.6117138097771908,1.2453019651730983,0.9116605566267247,0.3762587168502992,0.5668489840679177,1.2388907289193443,2.58251922313158
2017-09-06,0.7381996076555802,1.160723949852798,0.5265875593687563,0.30184873591700584,0.7586709410727647,0.7007904475860528,1.6346580513302533,0.7367967529929713,0.6136057401494194,1.3160074884080153,0.9115771777897695,0.3556804023698528,0.588763508757559,1.2270183815704503,2.5088851783168566
2017-09-07,0.7224961776046173,1.2347223000898753,0.4701332943123106,0.3866923241416939,0.7613820475120691,0.7176003354718111,1.6441649925654427,0.7534355226452659,0.5770076350164879,1.3975590390869723,0.9445102082822802,0.3532521867460167,0.5654607339336679,1.2405249841251542,2.5330439594331984
2017-09-08,0.7204034705512451,1.2324454107375908,0.4555701851028668,0.37723455037300857,0.7658652512930068,0.7286943345081132,1.6496249526833748,0.7567234881445696,0.5750996199459404,1.408625895750091,0.9477055254405595,0.3485901790053638,0.5597347189502451,1.2386559128042076,2.54047842827479
2017-09-11,0.700614730603348,1.1870848624105639,0.4476766036379809,0.4444181832129963,0.7753854913446234,0.7656292327313436,1.6382996172780968,0.7800106931699067,0.5611729991181216,1.354519318667402,0.9267256712025405,0.3589086574538065,0.5351929328207368,1.23690262090808,2.492082939393583
2017-09-12,0.7281425481001799,1.1790064040757535,0.4282276856595647,0.4000995555653592,0.7099337238507691,0.7224967409791401,1.6913930465945082,0.806716533847625,0.5139027955860819,1.499727208369599,0.9709980178635481,0.3193080351385875,0.5340401162005736,1.3014409634464466,2.576091596649112
2017-09-13,0.727302417582343,1.1763749488682242,0.4404088077256284,0.4044036281356913,0.7163095994595683,0.7307440282616153,1.7090631848969162,0.8285633899262641,0.5132680223873801,1.4500458642340552,0.9383701349548462,0.34135074577111196,0.5449630989347868,1.3104066614958405,2.5910133726840807
2017-09-14,0.7286003572948019,1.2363337644878098,0.46821218990320557,0.4290620308371475,0.7523432553216356,0.7431281148472518,1.6948044233523158,0.8615161567005671,0.5137255846854871,1.5064809741744043,0.9808503222206661,0.40367691986627313,0.5381504224034586,1.238718886178686,2.6623932722555197
2017-09-15,0.7271459905483819,1.2377427043862494,0.46370224017801265,0.43346416698328905,0.7429231778281356,0.7391296143882417,1.695824307126974,0.8508960716963152,0.5102518117054348,1.5060104848687357,0.9941803217973065,0.40607428366677195,0.5398706748199004,1.240791009935199,2.6732989712030792
2017-09-18,0.7647213296276749,1.2254161209063197,0.495145968458224,0.4087413338298235,0.6671842559881562,0.7435446362520318,1.657625366498495,0.8209185533625291,0.5460983266512031,1.4980546841836242,1.0410859200181592,0.41985671013721376,0.5339278013001542,1.1622158078868878,2.6921997364381633
2017-09-19,0.7559395983245074,1.2203364217867934,0.4931934535884876,0.3978677757799878,0.6468205729947293,0.7356400247955545,1.6596174189161013,0.8261751656287257,0.5442692973079456,1.518250773069304,1.0283680000717959,0.42894920113926843,0.5354207533931666,1.1552155601930947,2.691550562750517
2017-09-20,0.7351607121231469,1.2590125343002014,0.5151792603968968,0.3399895224433364,0.5987851635046706,0.7298929276863613,1.6869296899242665,0.7745147418355924,0.5588237394357461,1.6024918236322734,1.0403321665601144,0.416800187201932,0.5390590182878497,1.1005452776600584,2.6869496970185796
2017-09-21,0.7000596790288153,1.2282322861566073,0.5185368034743717,0.2942161067524287,0.6701457725811112,0.7436904051157389,1.7671410752947254,0.7794562222213962,0.5721842708066833,1.6053350978662824,0.9697567805177588,0.44165024161920136,0.5961383458949508,1.1472712225474075,2.6995041393939934
2017-09-22,0.6702007388825956,1.167222739665932,0.4110210391699189,0.35655846945133773,0.6434228172048245,0.7766156397217063,1.547889451079356,0.6769997630406066,0.6191363763586784,1.4935085424423298,0.9343542571308908,0.5574654892860392,0.6442132423287436,1.4375714946026026,2.8739061288365977
2017-09-25,0.7498298419007675,1.1266544473110163,0.44096550262569495,0.42065488753104024,0.6097472009007626,0.7419395231675686,1.5686264714939808,0.663061580788822,0.5937545368424629,1.4973108751666735,0.9622132772488663,0.6248418063629052,0.6785154240405511,1.4818477805520802,2.9129987429422726
2017-09-26,0.7486516320948085,1.1197801222619332,0.4466227820410215,0.4357871469551302,0.5992639155870141,0.7407359895891146,1.546692896446089,0.6693359565203049,0.5854062159013421,1.4780861156831806,0.9604377320793679,0.6231445746795555,0.6848671025194814,1.4674680473825896,2.916257719276446
2017-09-27,0.8369012655796475,1.030699628926882,0.46618950998961983,0.4198099857085963,0.5814632790653111,0.8441657239108906,1.28876515075427,0.605100601189673,0.6040630060180687,1.5755509520923512,1.0765282531598304,0.5633960031057099,0.6529069504007149,1.4389035914245403,3.016397234416268
2017-09-28,0.869526506133173,1.0240496455342607,0.45061305435794025,0.4245854378555814,0.5886325661621743,0.8489989570159717,1.3029426948648588,0.6109154861462897,0.6116339096811614,1.583558014803943,1.1117959723980857,0.5478475656142932,0.634803516576946,1.427665908371736,3.0244711936773365
2017-09-29,0.8672130910239635,1.0392015141075843,0.4448735329776512,0.43269127291713827,0.5694080425628639,0.8504604675965474,1.3116751327741782,0.6111619702495104,0.6172676590635465,1.5937974877908032,1.08283067569138,0.5550545230094623,0.6573804658367162,1.4286760493026174,3.0262227088668348
2017-10-03,0.8682230640404097,1.0424806025559574,0.46436564408539255,0.4588136955252062,0.5642865229702712,0.8613109205248916,1.3055735323808746,0.6362222429382474,0.6021426457671502,1.5815516806930352,1.0759784008579005,0.710719563829125,0.5910272605517762,1.4267008315037202,3.011922053765322
2017-10-04,0.9094566072593604,1.0166290897488697,0.4532579816438177,0.4568332832762496,0.5663677992069561,0.8474524166635422,1.3473624468466634,0.6289036160275553,0.5834539154747839,1.636344705917648,1.1251853161231582,0.6971340658850638,0.548654999060985,1.3951598468300357,2.978862234186904
2017-10-05,0.9369408007401714,0.9470225030392463,0.2892856679230418,0.4875780901348175,0.5250951637720436,0.8407278305487262,1.410877976873576,0.71959870766448,0.590370550223418,1.5912711589038173,1.1294397719082125,0.6708028644513535,0.33156954123547083,1.4229904801529407,3.0424117318629396
2017-10-06,0.9314288744615637,0.9794959672510078,0.32537428714056627,0.5086998134794829,0.5688152731480011,0.9062375579624252,1.3931075771789445,0.7413011518668731,0.5628564239081933,1.6618207585604696,1.0835826539983515,0.6027916893071331,0.3822015067689704,1.5399338922348718,2.968340374601497
2017-10-09,0.9399094893694824,0.9863616296580979,0.3252568178014009,0.5104937376817237,0.5484569924799665,0.9034216401216377,1.401468688560193,0.7354201480070705,0.5646104102055636,1.6697181187035888,1.0894097656890183,0.6032094444238792,0.37588139323139924,1.545709002088476,2.9690797914558145
2017-10-10,0.9507602137980676,1.0040861836523858,0.3329303994553969,0.5195592609515441,0.6378568821795483,0.9320951247855144,1.3196816084797802,0.7695685086457476,0.5613011802641799,1.655175331688434,1.1058600932167841,0.5988580369792541,0.3417068080566381,1.548546017092788,3.0277435263342225
2017-10-11,0.9692372646643178,1.0044820724345995,0.30955384990567325,0.5178875833961629,0.6455157517581607,0.9411716879765973,1.3119441291604832,0.76844746437587,0.5518735641063552,1.651175849713687,1.123731795982156,0.6100704029019169,0.27045944668187943,1.5603973274873595,3.0273796575365517
2017-10-12,0.976726892337752,0.9305327847179312,0.3021723515150265,0.5402357417853539,0.6144186216284196,0.9334165166718754,1.3302609730051451,0.7744246162860114,0.6945362019429593,1.6953010689906216,1.0865909049311504,0.590382013584389,0.21797968432691417,1.5341240857879301,2.944440125176842
2017-10-13,1.03864456101659,0.9678619673781,0.3146290912142213,0.5310935161520187,0.6586594941270888,0.9071122232559143,0.8681025405935447,0.7525386973183814,0.7547050572014236,1.7544569706261401,1.1219878624635753,0.6489744972733849,0.42833805837705896,1.6363983565560793,2.932566330237789
2017-10-16,0.9960124238144071,1.012660640026289,0.2851147231908943,0.4847789849089541,0.673723040708899,0.9033645908742922,0.8173677737873228,0.7016921055791221,0.6907618433368944,1.7695419067000628,1.119410119748682,0.659430519905597,0.4644524744554316,1.6218534121536916,2.9206180596133
2017-10-17,0.9792274832463926,1.0041744998930207,0.27519635339557547,0.464463700847079,0.7000565499124766,0.8863985434177708,0.8135885574278798,0.6885380869116406,0.682549838037399,1.7619667168749265,1.1160939491579194,0.6479019155010275,0.4568722519694242,1.614268441488624,2.938669847754229
2017-10-18,0.9355913792130549,0.9955621340060719,0.16013540591533287,0.4992889587248694,0.6952573149820009,0.8837549654666083,0.8013787471117331,0.7287308726443088,0.6575330620019759,1.7958675312531716,1.1037611764472581,0.6072240620731856,0.5053676925503181,1.6457236284955448,2.9962143423436394
2017-10-19,0.9934586803057891,0.9529836167881824,0.14767613163913554,0.4872249435073246,0.7459111971016187,0.9389782182132004,0.765483652943515,0.7301739859389924,0.7047637208465645,1.8164686056084594,1.1461152979321292,0.5634237432049105,0.3968040955807609,1.6842167946080404,3.0427882535485615
2017-10-23,0.963949112350805,0.9698816909915577,0.16866830626427748,0.49017385058184404,0.7378430566064865,0.947314687140423,0.7489305395470844,0.7244352182370375,0.7055352052630777,1.8191865226841173,1.1391455986814192,0.5720661857139295,0.46607740822960136,1.6839659336190391,3.066346520828867
2017-10-24,0.9818967325545412,0.9671028864988878,0.17232658864442454,0.4954342438628772,0.7574230728008706,0.94731012193841,0.7372092604955207,0.7469369724486025,0.7123370200883341,1.7748235243657822,1.1347324434560417,0.5723156988024313,0.4903640748092201,1.6639877258366453,3.078101173710183
2017-10-25,0.7807000489852385,0.971102428430144,0.18968330278720869,0.5665353694701322,0.7466743690307115,0.9450619859140343,0.7469690099127216,0.683600695150193,0.69601560006575,1.6570030170474015,1.0832947344438049,0.4956593409740032,0.5526496297548039,1.5944323767477047,3.0632191402146685
2017-10-26,0.7957198358212219,1.0001541214301675,0.2053051828361088,0.5927949145568587,0.7485388694816889,0.9420600578519993,0.7439781812258764,0.673648747460498,0.676640875171927,1.6530680854129975,1.0480318844483532,0.47321180124824197,0.523198862453746,1.5940699484930234,3.0352518617444044
2017-10-27,0.7740942628756592,0.976701457975687,0.23293164656107737,0.5856466587723386,0.656512881468157,0.9705341103081081,0.7959775012906873,0.6856892820198629,0.6860794317212636,1.7165156358626998,1.1157629238554412,0.49105930243794477,0.5596436900446792,1.565277806794147,3.0295645657148715
2017-10-30,0.7819179505857188,0.9803662134496512,0.18494319204395504,0.5543349205300119,0.6923733030882556,0.9666896217774594,0.7607643009540657,0.7079021089359256,0.7368892591465982,1.718346613804164,1.113776319517821,0.4885836685010209,0.5878115890608309,1.534383710256134,3.0541656378543265
2017-10-31,0.7813097473249279,0.9764910964673125,0.1764940153413404,0.5623488915599895,0.6432816503345985,1.038862170451024,0.7467817792094082,0.7105767533831129,0.7495604253517413,1.69190982630201,1.087647490345919,0.492940872875796,0.5722705646804103,1.5536992546748187,2.961865071924609
2017-11-01,0.7209734914397934,0.9601029107950407,0.11850109582284728,0.6215969372960883,0.6189196844477632,1.0160385590152745,0.7599059739454029,0.7406722317292888,0.7717375559894035,1.5832216169988393,0.8802011456637661,0.46626170629665914,0.9250090191648487,1.4703886744579804,2.9997567776836185
2017-11-02,0.7318269596959768,0.969272628432826,0.11907603345943867,0.6635987527577467,0.6361839451891799,0.9753230747697335,0.7814678816983869,0.7615631883417335,0.7720745475958753,1.6082002671209445,0.9347058737412073,0.4755266230895941,0.9509609422679551,1.436652457435191,3.0338724240355126
2017-11-03,0.7281834961890405,0.9628626324296548,0.11872884419695205,0.6472015704124713,0.6619545287371191,0.9712716077464432,0.7792275317473963,0.7769393778765243,0.7977049106484095,1.5841186678353407,0.925101151713778,0.4762910398599116,0.9351727969147446,1.4601621352620606,3.0577744150819437
2017-11-06,0.7142100402620615,0.9760826458169964,0.11002492601596997,0.589529025622343,0.6173586157248347,0.9344787701786859,0.7326023170097443,0.7549095718585501,0.7849302641027833,1.5959595572622534,0.7686776623819098,0.4568738943711996,0.9576251527168503,1.5954121691569318,2.8979639259345595
2017-11-07,0.7005224406748823,0.8502794506290337,0.06410075879199918,0.4509372989211384,0.7601959099944771,0.9842786142083164,0.695592641731242,0.7081645816894007,0.7555072530612396,1.5070193852531122,0.7090919240391239,0.40490551994204893,1.0768948015071702,1.589490914679032,2.9903233247637244
2017-11-08,0.7412726905392482,0.9310219125997306,0.0865661217732584,0.4696530063091055,0.7405699231095447,1.0122900644014483,0.7182559592468647,0.630933538245423,0.8305040961338045,1.383690502596509,0.5458346293066896,0.43063309053692267,1.1852653867017546,1.624017040256626,2.6841288350323413
2017-11-09,0.7640369256224526,1.0279637800406,0.11710125913456695,0.4663653742487479,0.6399427294895521,0.9526434777987876,0.7395327827830049,0.5770225346232433,0.8463434387197333,1.3320892038528522,0.7495278511535837,0.4897808108476101,1.220072757469526,1.6458111903529136,2.5340694032622433
2017-11-10,0.8180790317433383,1.0788151501657082,0.1376792089266846,0.4959967489769771,0.6240867584167946,0.9198226325953865,0.7614582053292268,0.5437305712171989,0.8312741930957193,1.2045947123092853,0.7943415567592256,0.5690466798309135,1.3160978438562023,1.5385953630797409,2.0222866973247866
2017-11-13,0.7282799575574194,1.1539237882253421,0.18332274075668475,0.3318597283419865,0.839039539094374,0.9579831566066483,0.6791984849182535,0.5864053656303182,0.6903914343074713,1.0450526668777818,0.8186858886762337,0.6820480873292555,1.4055926022433436,1.57157922963957,2.1864946403032874
2017-11-14,0.7144860804324832,1.1457225307917498,0.18406353368489964,0.34225677570772783,0.8609333054117727,0.9471338070326815,0.6838615615323357,0.6068667063078369,0.7274117448186895,1.0632266313333538,0.8370182774337626,0.6971809549953734,1.3986415335780793,1.5781624175478546,2.13479731233621
2017-11-15,0.6557020826998168,0.8204856293145275,0.20331712568721616,0.31841396052790893,0.9478332411624579,0.9367669556095165,0.7475507952639235,0.5724511158167123,0.7547894860224454,1.075028888078504,0.8034398902978813,0.5581376289132507,1.5111422552603404,1.616888919218344,2.142941578573969
2017-11-16,0.615523802374597,0.741060389230929,0.2089027225296692,0.34701171318581653,0.8692271101434168,0.952807032057588,0.787553365619134,0.4897392670003878,0.7075149055000587,1.008926585868261,0.7136468518634894,0.5973883475447284,1.4983131668353862,1.63045487705185,2.1579785814050605
2017-11-17,0.6184184644525603,0.6765962972165317,0.1808136937486382,0.2516599694088189,0.8242613756321835,0.9555700273225255,0.808687383727571,0.49235543834306966,0.699844581379471,1.0299823546703348,0.6782123280658302,0.6680426582156374,1.486124825737836,1.6579886968222128,2.311980344801351
2017-11-20,0.6097673988680739,0.6252398936877538,0.18976852879268163,0.33874618377493165,0.8555454022122283,0.9365331488771412,0.8341871373215317,0.5168033741718661,0.6856520037606018,1.0776020270507118,0.6123828069411418,0.7083217101732181,1.4524896949815764,1.6243376166854435,2.1733142922328206
2017-11-21,0.5970777418814612,0.6312345414676127,0.18773497972895736,0.36746943320729536,0.8557062995156656,0.9449190567369298,0.8218117806337996,0.5152609033361436,0.6913234164970637,1.1145621006319932,0.6607337708901317,0.7469862233683865,1.467087054584652,1.6324881455461824,2.1456111948127687
2017-11-22,0.5950266043300761,0.5675584220954484,0.1804016875850077,0.367984925426097,0.8542844981995809,0.8974717030303336,0.8229262697486459,0.3638380297908476,0.7144108963019654,1.0802564160271009,0.7107584857422311,0.74967922212274,1.4779368704236056,1.665340539053505,2.256284854661037
2017-11-23,0.5609619122250274,0.5119613231171177,0.19479068316416653,0.4420233131802576,0.7727129152169242,0.7822308525214876,0.8480587978524174,0.3004226966501898,0.7334242343135015,1.0051715660053764,0.7321371520701245,0.712796788300711,1.4880706646951936,1.7294101656680274,2.465493441526032
2017-11-24,0.562688733944048,0.5643690244710119,0.18982276422959163,0.53504829125356,0.7657717344574918,0.8195486946216252,0.8593740850183731,0.244240143378722,0.6773937852825677,1.0335413712414734,0.75845938999177,0.6838449178524089,1.5317823462513178,1.7194024213603578,2.5570940699927096
2017-11-27,0.5599455428979875,0.5847607036961886,0.15453992469113206,0.5333016077093615,0.7854556182680573,0.820252844674123,0.8591001057597686,0.22959107985760388,0.686329186304411,1.0490818856847344,0.7758035980327253,0.698849879476949,1.5447774171338875,1.7282800909154605,2.5579785703556985
2017-11-28,0.5350881378288478,0.6076102632010454,0.17780052691089882,0.5745537677016969,0.7817262293966198,0.8768246459652862,0.8616632874681652,0.2736607832236721,0.6929991852673909,1.0673748953972158,0.5367027887455259,0.7250150207706193,1.6210982874436333,1.6888551732118604,2.5257460440322586
2017-11-29,0.4947562226403602,0.5398671220439729,0.18169648639754268,0.5213118485163204,0.8306893199740345,0.8970900343821901,0.876892911694624,0.19540004857415527,0.6794128632193962,1.1919966009140686,0.5152214753196582,0.8161004186188499,1.5912883269057978,1.6923112182740645,2.509286321740755
2017-11-30,0.6093827212275046,0.5495264583898917,0.31750793047896164,0.5512384766271776,0.8350208202286235,0.8515855582547092,0.842194342929993,0.015388922450094076,0.6170100938215505,1.221817972064883,0.44534222717493804,0.7596814086849139,1.512988197431442,1.687842742872248,2.1838695383727287
2017-12-01,0.5728587554212778,0.6046819386368646,0.3445818251713581,0.6857665341773168,0.8255593254649245,0.8177638013630556,0.767939474886248,-0.01650565972689115,0.5997011685236977,1.234016343147236,0.5263128266330299,0.5288115977106792,1.5600858042021843,1.711897866061075,2.264482619478884
2017-12-04,0.5736972937910816,0.6085612919228679,0.3419476394192165,0.6851240766660838,0.8279921462592524,0.8112344755249145,0.7771554494539749,-0.026849109053347017,0.5982465530495453,1.2278640521077682,0.5209450089060436,0.5246161437364814,1.568399154847124,1.7143032798155708,2.2676466376194675
2017-12-05,0.5711090939061081,0.6110018425353613,0.3542541918291954,0.6942504121659333,0.8396214641454137,0.8226186598537939,0.7782783681617934,-0.02560742731865386,0.5987494687270599,1.2268306678440548,0.5317440105430592,0.5207359293162891,1.5606063405330362,1.7237808248047564,2.265227511657026
2017-12-06,0.5727614184247715,0.6228769995676511,0.35113047435014577,0.5677345134370384,0.8757104662199812,0.7990386630553826,0.7832012809223932,-0.068897682576579,0.6027284762711651,1.3416540665091774,0.5522559952663578,0.553597232872422,1.6340987139570398,1.7265146123071444,2.2499752673203
2017-12-07,0.5059366585755953,0.627584977646559,0.35527875393598346,0.8378166071580279,0.8992491063877784,0.9210941758102839,0.7402446285527405,-0.04104130739365983,0.779694401661624,1.1517990183710578,0.5125575997220838,0.622704140890422,1.9066940000205743,1.717650668455453,2.2699322673185756
2017-12-08,0.5169607375551638,0.6004101335608588,0.3654828492697642,0.7845623047245495,0.9239437678050721,0.87723909130434,0.8459815453452553,-0.004558340804624493,0.6628134744475016,1.2247212004009245,0.4882044099123508,0.6398825516616569,1.8898471261612435,1.7057806767467625,2.1444692840563695
2017-12-11,0.5119091564286783,0.594892051035213,0.41910513183377507,0.7912568250745965,0.8935438728237791,0.8401252379097633,0.8711876840604008,-0.011891947399670151,0.6569013122477176,1.2358476126269307,0.4880838868749909,0.628458842329616,1.891091795407104,1.691184200130971,2.120479561029575
2017-12-12,0.5247538735196613,0.570428353529367,0.42872938817053596,0.773254723894231,0.7988264166551093,0.8653153370818238,0.9043380133432589,-0.030212556658572105,0.6516298512246007,1.2585207918797885,0.37048247797486694,0.6164315735820256,1.909663310395667,1.6927956918696436,2.1501997797801002
2017-12-13,0.4670536320910352,0.5956855331959523,0.4024870768704426,0.7755161598660694,0.8347824040850775,0.8642701390543273,0.9529975909771573,-0.001566930852735972,0.6643605354957254,1.2835953398567208,0.3331470214808781,0.6442995292493976,1.969319800912386,1.7594272102214141,2.204357959208632
2017-12-14,0.48845560179315134,0.6055252995145138,0.4087270565281086,0.8106825135053745,0.8248343282129189,0.8690651415555279,0.9899660124779212,-0.024365326775532613,0.5918470261002271,1.2524920898445389,0.3795078696803459,0.6757496053141359,1.942750280736226,1.7538666438246187,2.163072375534605
2017-12-15,0.48943434072664604,0.6142130333633643,0.4144412402019087,0.7031832647902905,0.7793959973097064,0.8454681914476554,0.9767847618430433,-0.042743166149318654,0.5775553284696467,1.2385538768005508,0.4621986256319573,0.6326317997481481,1.8681677606010414,1.7582375893872875,2.1545264973407114
2017-12-18,0.477270037745218,0.5874574971442846,0.453165667426278,0.6890882316130907,0.7624643443301001,0.8414971226348619,0.9527133849281559,-0.03417462081295986,0.5622420339667017,1.2974946664035465,0.546975861236501,0.5751110111069907,1.8790662355167338,1.7713579498125012,2.10211767589952
2017-12-19,0.46778339639882194,0.4984276152646417,0.5257471614103663,0.7211982841157705,0.7857639155407097,0.8548659228013942,1.030452251986191,-0.043588886120550834,0.5395431025930506,1.3259870618035146,0.5265483651948044,0.43653039467036947,1.9818868286486235,1.6108756447983876,1.8436252140811966
2017-12-20,0.3959296132974757,0.4823090124583152,0.4903734460311428,0.6879317000813912,0.8026987359610358,0.9059005100787701,0.9723994280736182,-0.07434115380731031,0.5716479420328333,1.3104664901479997,0.49638002658357816,0.3344825460036634,2.002038371068236,1.5874129470944893,1.6583120949462427
2017-12-21,0.3944472519802518,0.4845107118923929,0.4849124536491502,0.6857845391506351,0.8224474459293415,0.9021973239441688,0.9730880709711182,-0.07686543904915259,0.5784880279913002,1.3106859406117146,0.487856089108528,0.32513650537636213,2.004644055484346,1.5878919408917043,1.6708018564585874
2017-12-22,0.32050618053612423,0.4942060088884765,0.50463632551432,0.7968520363438184,0.8919226235816647,0.8906854830928882,0.9591899863705965,-0.05660537307382388,0.5867220028720664,1.255603093965334,0.3100657717772265,0.26807281774614566,2.1519016034041276,1.6744138740552417,1.3804751797196302
2017-12-26,0.29917529255182185,0.49374757343106546,0.5185831753769611,0.7851139276890536,0.8842974962699777,0.8741641951051087,0.9505760657483897,-0.07078041833744549,0.5762468743553676,1.2685940615880666,0.2908385744277741,0.2830648859813152,2.1942261092759447,1.6905818079988062,1.4056111990199123
2017-12-27,0.3028491804102861,0.4969590413973129,0.49233664900595364,0.7271186147995715,0.8960727207308596,0.8767387821092693,0.9635814247542065,-0.04115284377415695,0.5786937940453307,1.0893714922081585,0.25243192034404627,0.23902468371660282,2.2152060982579234,1.6663291757311596,1.453770512555924
2017-12-28,0.30592621694515476,0.5047395067904556,0.4712769711710565,0.7224426848849407,0.9243645000052795,0.8864796229722144,0.9439744173497688,-0.07613878198844592,0.6147257518526947,1.137524524974447,0.2356796687488771,0.07248005993128809,2.3224137059807135,1.6411071535701742,1.3757711802866202
2017-12-29,0.26424175269455225,0.5346487213596827,0.5164085474586562,0.7448055089385717,0.9309102390001647,0.9038389742977314,0.9032981873538984,-0.04605933253409374,0.6347859778796199,1.079513980083046,0.1705481840569957,0.0367458622986284,2.3694483123568766,1.6415174946287903,1.358131359310521
2018-01-01,0.27809994016996775,0.5461727060790696,0.5189998618328049,0.6905616772022817,0.9315381148828752,0.944532836412494,0.8960130067866137,-0.06580368249878284,0.6431512372556544,1.0660800422543297,0.17478992584018319,0.0917943117623867,2.3811830659033957,1.6630487625558132,1.414316632575153
2018-01-02,0.22798080558229095,0.4998511172072937,0.4536130157460808,0.5443047827198217,0.7673112828826056,0.7537961733737952,0.8994649403864197,-0.1070194768876676,0.7333942477166598,0.9521565145659749,0.18915272048365203,0.21744073316421758,2.4604341864816917,1.4168571500161964,1.5055626911966562
2018-01-03,0.22799275332598967,0.5030950249997359,0.46351321016441244,0.5403671319871515,0.77539283915878,0.7577660478727718,0.898097420841577,-0.1057405289988291,0.7322100320442156,0.9542031569923715,0.1980581613807642,0.22340895893190044,2.4616951883629947,1.41368562057277,1.5015485627914968
2018-01-04,0.22186686440410727,0.4668443806988231,0.46966112024182544,0.5399107978237824,0.8454752879266136,0.7461587668779031,0.8994881550835563,-0.10271244552481947,0.6910562216668774,1.0045576261708933,0.2744276495533975,0.14730156372983927,2.434350907415869,1.4944768213765232,1.4719313286629714
2018-01-05,0.2073607100837415,0.44170823493230144,0.4757043116632303,0.5468809981754326,0.806074048678317,0.7417134106376206,0.9044946457415821,-0.11171272951653695,0.7071584408356648,0.9827395584729277,0.2946597128434606,0.18581681319326152,2.581979129915805,1.4895543993120095,1.4412692498499882
2018-01-08,0.15125351117633723,0.5500298119384628,0.46026283026057646,0.5515064615948536,0.8150522218283434,0.7179877137495373,0.937144250586454,-0.15147058109455905,0.5598319874058693,0.9501145739988051,0.2949148901833911,0.17665160051428622,2.624861731916793,1.4754698661981693,1.4451801641184294
2018-01-09,0.0741751057167989,0.5592524580254591,0.4958994981703452,0.5550621334037528,0.8414130466094033,0.7480650114270183,0.9745546907170904,-0.13968505881438015,0.5424140528052244,1.0029835711231039,0.3373470955645091,0.17758680075510336,2.4321983773602978,1.41923280340864,1.5049075536344296
2018-01-10,0.07539632774702804,0.5406648928992587,0.5034550968548738,0.5767829692637298,0.8195341811027164,0.7767955508658003,0.9761021387397572,-0.1173252928005915,0.5757729193742281,0.9511758122760756,0.29022806363665404,0.16933848064804238,2.3279677134056125,1.4291364168232121,1.5580780529850817
2018-01-11,0.08493101518806691,0.5504800032459364,0.4907058604882082,0.5849169356233184,0.8159971109587205,0.7752720458011267,0.9760882295085733,-0.11394680461236352,0.5839807188825321,0.952294626474384,0.2880721739284111,0.16632507742501884,2.3398055068396766,1.4250686357305875,1.5596782111262482
2018-01-12,0.1209328784138218,0.535958884824639,0.5073550560882546,0.5252195313807385,0.8582858432726254,0.7918136290218465,0.988167331990411,-0.15894889158416337,0.6067597610723058,0.9209164170524956,0.30083107424458905,0.14275974654611598,2.3147861987207303,1.4170388769821807,1.53174168928529
2018-01-15,0.10136524693473824,0.5432225926500589,0.43837027542266244,0.4783234184664995,0.7445118381148624,0.7462685423682162,0.9946634230146973,-0.19707586877388852,0.5719680461279232,0.8615468876143119,0.26422383753312534,0.1503682925069512,2.41606266795937,1.4512586018073903,1.4109795621732417
2018-01-16,0.13513396480258694,0.4300081394085725,0.2753977387126556,0.40473642375201924,0.745161831570505,0.7178627495180632,1.0588492123985607,-0.19553995047447958,0.5828082331277272,0.8410047162991887,0.22998320394534152,0.2208771240715495,2.3590951921645966,1.490942458890119,1.479120073107819
2018-01-17,0.1066594508328633,0.5188981232710561,0.18815960157987519,0.37626119200949953,0.6684682005892246,0.7027615975451782,1.0952823509492284,-0.20297224501667716,0.6309868154839762,0.8619468583804151,0.2583059526510605,0.14039737861353402,2.306745180844282,1.4801042600808132,1.4978251378016865
2018-01-18,0.34820972746799483,0.5078641652817433,0.1680495270681058,0.27023926762256584,0.6675461450905399,0.6704696331883176,1.120622530398667,-0.1580543975782591,0.6105037932683284,0.972446715935199,0.2842914659026542,0.23409486868017176,2.2524002531256415,1.5118865987972947,1.4344187976568419
2018-01-19,0.3714683515701201,0.4413957506182482,0.1779963275308322,0.2234321622955404,0.6428007656488833,0.6598114843742624,1.1258391525940967,-0.17996324756205834,0.6590870421869005,0.901874396405273,0.3233927905165998,0.3218005788990758,2.260199078065058,1.4620165306283452,1.3919382870525945
2018-01-22,0.4179152566760502,0.4354368097902656,0.0730584304843233,0.29526693100484797,0.7951062017279394,0.6267607407742986,1.1060631847492124,-0.18325182140062285,0.6613481755585268,0.9660915178008823,0.3568306148660355,0.39138995472245264,2.1076205885687718,1.4327438791488947,1.389650092370629
2018-01-23,0.4034303361733708,0.523560233587076,-0.013682789924998901,0.40607584688273507,0.8969673612316459,0.6058485331154022,1.132299488477313,-0.2326293772672723,0.6148732858266127,0.9397968704974519,0.35937577074545607,0.2653222664196118,2.005962972437919,1.565413773273707,1.4532160960148286
2018-01-24,0.3954445950079535,0.4974038360054575,-0.008131820127540152,0.376473920004429,0.9407548151931114,0.5928331762328912,1.1348411508895513,-0.22992471012335203,0.5756562571860961,0.938323034045629,0.3445544167515801,0.2939641904657482,2.07182783264524,1.5453487396616807,1.6020764848436446
2018-01-25,0.405659860669364,0.5284720870733263,0.01588546509476551,0.36049507702799904,1.009603059349333,0.6425463028002535,1.1113514406037868,-0.2696483919455971,0.5661605663869136,1.0367593998276554,0.5427387019048899,0.30896815621073614,1.7520989557535358,1.5807630362033385,1.543692315939673
2018-01-29,0.44076899743686304,0.5179913108200939,0.004074806491242457,0.30840717678952956,0.9351798557510322,0.6248518070916911,1.031659168700127,-0.26308340639814876,0.5848480406228135,1.0974770402213365,0.4289532259115744,0.30942889747276997,1.6988721166286933,1.6045932411891284,1.5184449703115372
2018-01-30,0.5403907510116961,0.562436622323832,0.05788497958139357,0.3428604197022714,0.8855799014664248,0.6091451093242652,1.0079417193980098,-0.22466435874567497,0.5538510890351932,1.0560353466635148,0.5018642477957077,0.31227844620671025,1.5999600104156284,1.5954185441385371,1.460829745411553
2018-01-31,0.5079344471768742,0.5913544039864688,0.07532605509463318,0.3187296776042583,0.9126425069575521,0.59870810639343,1.0243782867677984,-0.21394062206157588,0.5571228839488505,1.0744791063997805,0.5460183148475066,0.27804613931972755,1.5851196390978004,1.6583195946541702,1.4851008166531694
2018-02-01,0.5397170898035165,0.7853168618101497,0.13953738592753773,0.4461611102130634,0.8512688781486328,0.6187541700206799,1.0771486305653832,-0.12403745253642606,0.5840380240064459,1.0344252397612075,0.5827498530210591,0.1761812594657872,1.4971668759015966,1.6542445679006796,1.3908089612079322
2018-02-02,0.7381828104292064,0.6314189718886041,0.11370940604202193,0.3307121685352196,0.7543431446235164,0.672129581160099,0.8309201506082858,0.17908324207819956,0.48325991906523946,0.900634984202819,0.5670435857777966,0.6402401574590286,1.4169575750363843,1.6575142350963241,2.0333013543366034
2018-02-05,0.7987448156056479,0.6373050447856539,0.13305497152074738,0.2756069361301772,0.805055625087124,0.6202736529552332,0.7500344949297604,0.16762574581732242,0.5550817974229704,0.8275923857484849,0.5537144427664611,0.7173295954859487,1.1979671049084495,1.6358036647138454,1.8815491725220386
2018-02-06,0.8897196826614034,0.7495637511063998,0.2004657993093041,0.48434729799156184,0.8281548733830112,0.5903984589852699,0.8047135820733216,0.24121034203123912,0.6006756995073482,0.8169721598875246,0.5507960618179172,0.602004173389077,1.085240131864626,1.475086614500299,1.7903915078980936
2018-02-07,0.9202635630490064,0.728027808832465,0.17529827308802645,0.48925594668814937,0.7002252148010085,0.6049720794896717,0.7757860119329713,0.22392442673712554,0.6270310963848685,0.8789694504942581,0.561211069155567,0.6090838288436607,1.1061462186383764,1.469422034994604,1.747048072539984
2018-02-08,0.9516006046799993,0.7680306825300575,0.17763182623797175,0.4809535566328471,0.6389017024510951,0.5608918417530746,0.7286902936064968,0.1995714582216389,0.6426990647069623,1.042604869256772,0.6470496760282701,0.5634428138246529,1.087955948666405,1.4691273076237812,1.7860775893412661
2018-02-09,1.0345999836154578,0.8506319168285137,0.22517820055119311,0.6099387159828044,0.5860143061478174,0.5104518011069058,0.7167029688800086,0.2280903721708582,0.5871408122402805,0.9154817160307276,0.5861567122444877,0.6148173031543769,1.0616983295794578,1.3026418775478994,1.704794612779719
2018-02-12,1.0535433270331145,0.7189745145961437,0.2520248921522488,0.5725327064509717,0.6154224479620597,0.5000829174055339,0.6853937518351969,0.3293064953046835,0.6780449335884202,0.9297801265861971,0.5709561260655779,0.6122125639322805,1.0610301830532731,1.3837868376146059,1.6952918861973918
2018-02-14,1.0515222619649582,0.7795871471156358,0.2492530499281832,0.6064381187970641,0.6853558995013873,0.5041137751085637,0.6867239535026277,0.2884734313295358,0.6803340262919841,0.9441958650945469,0.5974541937677511,0.49973928227204584,1.0086217322486688,1.3615023336102274,1.5671703421357932
2018-02-15,1.0390872001707816,0.798724031268394,0.2445180791855792,0.5922689746624941,0.6949360181023228,0.4986205547840472,0.6892581634841377,0.3467646244554183,0.6733584058829786,0.9398500814928719,0.611189071567973,0.5120672225503442,0.9874945104563421,1.3385965785940075,1.5533613595549205
2018-02-16,0.9954251602387776,0.7431584722752452,0.25538982637010305,0.6733011121392855,0.6986836303163221,0.47507039861131484,0.7040460549225147,0.33024949626824823,0.6276004488048019,0.8891616715217756,0.5206003863754759,0.6418055788733367,1.0019742412768236,1.3431131672268484,1.6089561024373202
2018-02-19,0.9668586389489325,0.7299933492754872,0.2593147792841873,0.7316780961940024,0.70855333470777,0.4634345624779645,0.7112965601260953,0.36059554254017506,0.6458624768722702,0.9394009789053409,0.5835526002426789,0.5185333629977606,1.0119931914083036,1.467628668252812,1.6126725556919586
2018-02-20,0.9731734552400161,0.7234870807744352,0.2563184680419613,0.7286014735227635,0.7021710543014601,0.45844896234220933,0.7129128858358458,0.35481898356135566,0.6447457876596727,0.9377495146809235,0.583127571326251,0.5135926406208332,1.004261609988655,1.4629298078855408,1.6041828326326761
2018-02-21,0.9740690335324385,0.7107550358648996,0.26363601605571296,0.7619272954571169,0.7287302304965158,0.4453490444364885,0.7230054789770851,0.37742944631369774,0.6659808381579759,0.8532555378601759,0.5914193759068174,0.5196983398245023,1.0082127759858304,1.4529503641828503,1.5480245549880245
2018-02-22,0.9640220140759912,0.7100954071976836,0.26052568925402875,0.7551166228346755,0.7340787754770247,0.4376598417548716,0.7270334750135343,0.3813890070897756,0.653227550374332,0.8366413451741932,0.6001134145446391,0.5099769118781462,1.0090930091885455,1.4571126310205156,1.5427972789330293
2018-02-23,0.949738433920129,0.6461778019643338,0.2794010805442402,0.8243340657619475,0.7610530897803562,0.4729033582092921,0.7168519557485316,0.38618142708336306,0.7046269248287544,0.9719313315863041,0.6538314423020252,0.4242309126558641,1.0531633771117197,1.6291006014472043,1.563412171892063
2018-02-26,0.9852210859164757,0.5819079973288395,0.24637146796713688,0.7517258829800453,0.7515263192358839,0.45519695872889154,0.6743274086080564,0.392335737349653,0.6895406559178752,0.8841623102541324,0.6725199447664054,0.41608921314182323,1.0235415210665488,1.6038562234672682,1.5632308535791093
2018-02-27,0.9327402439772355,0.5645527129173226,0.1554264110488436,0.7178098003539816,0.757723952814267,0.44797187388531506,0.6764729443516861,0.4899738614343133,0.7354074815841969,0.8959863033625813,0.7075396385755989,0.46930166696757464,1.0797762754089628,1.6116183604035852,1.7616793225350393
2018-02-28,0.9794623355394004,0.4625239235371422,0.11815286907684097,0.5944525561325898,0.7579847380608591,0.4969023783379633,0.692420327001216,0.5187687845847121,0.7273201199666369,0.859344035137151,0.6410532160364611,0.6136650822085221,1.0270407531970873,1.5813852630933376,1.6495672187957613
2018-03-01,0.9698710208289573,0.47820868672313993,0.11936982587350917,0.5990779805861371,0.7449990521758001,0.49445384618670213,0.6950754131390632,0.5010205654638604,0.7382288426468852,0.8554482059389569,0.6413370889828997,0.6337381188880085,1.021759534757329,1.5669706024530667,1.6527642796206468
2018-03-05,0.9297848813934227,0.48411833494031464,0.12384194848226848,0.47995203639488154,0.788553469253432,0.4597951384705123,0.7195487047976775,0.5431330021837472,0.743817058585393,0.7477559298047491,0.6902478796002018,0.6627833109670659,1.0384021647923611,1.6045819790532116,1.621034027206556
2018-03-06,0.9705328648694249,0.5072099170028199,0.16361968160068133,0.5925552927974937,0.7396085465984245,0.42717245844361834,0.7353706426963404,0.5500888353118852,0.786190261361328,0.7876906806895677,0.6728093052369879,0.6462405404270444,1.0426921811501495,1.5202792670768892,1.7037019862589995
2018-03-07,0.9831118536741834,0.5156900775681209,0.20641148648160695,0.45912369183150076,0.7989516889785941,0.3157939630644312,0.681238370392921,0.4962681494401153,0.598842364084344,0.8579717642791889,0.7314574839336269,0.6187574198533291,0.8587253161107204,1.48548890785569,1.6118501224403836
2018-03-08,0.9575701902014975,0.5457804396369462,0.18612247861405068,0.4623031089769151,0.7217120483347413,0.34843117902355564,0.5570805108423176,0.4571576829820024,0.6439304077976212,0.7301259078543819,0.7440634995747062,0.5977378496840638,0.7810592285391296,1.3930590623709391,1.668282632102325
2018-03-09,0.9711133376928065,0.5477209532729442,0.144057673152484,0.44795257946327716,0.7445601373232436,0.37400178334464934,0.5313656681641946,0.4681236893551982,0.6457904714292266,0.7158309330669521,0.7475404158936206,0.6099919659249511,0.7495237918253174,1.423233577520614,1.6897021383919384
2018-03-12,0.9486346100373974,0.6022590807485195,0.23380496165660797,0.38154456058338604,0.866992740263837,0.5539392249585038,0.6857197318102956,0.41876391927756623,0.611964295734224,0.679040823353185,0.8076700220044263,0.45796330346585185,0.9580643770136433,1.4237887984974775,1.6660203086838774
2018-03-13,0.9757930624439477,0.5918389478429809,0.23257272776762464,0.38612400650589457,0.8790942305136554,0.5594515399892726,0.6745309263802587,0.4240426868656363,0.6018476453359933,0.6730063492361924,0.818711262698878,0.45269911512481853,0.9516814506664877,1.415659996826596,1.6395159897005085
2018-03-14,0.9709309992740577,0.5884789820787598,0.23290561825254313,0.34185092019777513,0.8923281003734613,0.5498705846376332,0.6491687027717203,0.44361017529746216,0.6569169116207731,0.6915581068116655,0.7856069816145703,0.4223302900389882,0.9477792281294289,1.4217993941423905,1.651320146998412
2018-03-15,0.9665041944670927,0.5790785745792341,0.23014342785129419,0.44583989855556044,0.923401575559169,0.5502856898818049,0.6691515266335377,0.44076264836402984,0.6468755784388821,0.6926683731936123,0.723305988285297,0.4307923754026761,0.9647703819824697,1.4245262767823088,1.5905886640740123
2018-03-16,1.0279721904446482,0.6094204916657279,0.14353119920855403,0.44379231024972526,0.9445648963365569,0.6484497567249542,0.724209533036592,0.4076534047349483,0.6169051861280295,0.7323960918730082,0.7381097184056997,0.5346965234676597,0.894483797938038,1.387436364019692,1.4671586679218598
2018-03-19,1.0566092845295132,0.7045670020626478,0.23629062983668228,0.564061404972889,0.9120589755895285,0.5713611134690846,0.7219738871819008,0.4223760152341308,0.6119528240211167,0.7620657220400641,0.7469518162163747,0.5595024672178562,0.9364548507869067,1.4649129485049466,1.5746744303764775
2018-03-20,1.04552281526262,0.7197616965053538,0.25888178233789694,0.594991953245997,0.8996777474613434,0.5636408089450802,0.7188286662391998,0.4480800867032223,0.6107424596140633,0.7835666605723278,0.75835260316547,0.546489610219493,0.936332486615192,1.4921214143960333,1.5952830470313626
2018-03-21,1.046857668156848,0.7172426379555343,0.2636796000632161,0.5761630541852443,0.9059531483575974,0.5867902942847123,0.7158158171943886,0.4482541102156838,0.6102261084283592,0.7724066113923838,0.7495582096850428,0.5317571121003412,0.9834103698284437,1.4694413525801813,1.5946126696279006
2018-03-22,1.0536285997403896,0.7044180482127989,0.26685321524471256,0.592223895098097,0.8412488133354988,0.5881700221879881,0.7219315293718385,0.455721645078198,0.6090197338053144,0.7586986789623569,0.7793637985716505,0.5555223857083882,0.9716883839330425,1.4816382252748355,1.5998873711070878
2018-03-23,1.0610248482406495,0.6807994637821889,0.2918945338886482,0.5714115761226038,0.8370585538273465,0.5950243966438094,0.7227601316267188,0.4703012905287131,0.5927463588384021,0.7461152374970936,0.7879174373008044,0.5713710365280037,0.9139027880773142,1.4869858874354163,1.6510977815446857
2018-03-26,1.0050896018570372,0.5950565421184159,0.15023042076218213,0.5229909993399537,0.8268169995161367,0.5576751625618236,0.7124460794271001,0.4533877563798411,0.5732097186596894,0.778033124468124,0.8310014848087398,0.5570434256345652,0.9545981646434392,1.5286882515448277,1.6861110589075874
2018-03-27,1.009032420449065,0.5844217869127692,0.1531674843386868,0.5124307806348426,0.8275501143215676,0.562786072605949,0.710998456599492,0.5051877255234264,0.598399122421103,0.7776971184823555,0.8286842494655883,0.6011281575072654,0.9204865914189472,1.5460064264154383,1.6794570193326845
2018-03-28,1.0040103077098066,0.6088245344444505,0.07146082474029053,0.4552444915431959,0.8220915892774949,0.5668490304563506,0.7229143243714921,0.46008274952163947,0.5841291662177908,0.7962261421396506,0.8469791656852201,0.5673079874461276,0.9703203885928283,1.5963295880132191,1.7365855703695292
2018-04-02,1.1008656938342993,0.6019457118615258,0.1542090961544907,0.43903465962946897,0.8368093773921963,0.5634788332313858,0.7333751643176026,0.48005360965527666,0.6385326526799775,0.8483754866470972,0.8966581469313751,0.6413200479102638,0.9308213194207324,1.5982201016534052,1.696274650037213
2018-04-03,1.1237551194698696,0.5996085679560625,0.15634812668902612,0.4428138439794622,0.8886712951414739,0.5950926474679901,0.7320774906466502,0.4876148442040185,0.6040950300598321,0.8625522008244266,0.9160896984640227,0.6329307869084749,0.9278970629573916,1.6511427506589278,1.7182314757676356
2018-04-04,1.1581114037743878,0.6276663753670094,0.17325178666497046,0.48120221290311355,0.8927151095806617,0.6230433714562384,0.7075909868686364,0.47315923976324525,0.6309133866463029,0.8742216164201183,0.9305377503510422,0.6861361581066219,0.9371988265512325,1.6835016665211373,1.7172639411843766
2018-04-05,1.2298362511233238,0.6752792391419774,0.2325520342350125,0.5085464546426209,0.8310550058787294,0.6400341781162439,0.6653587297091654,0.4469222201892168,0.6315391665214494,0.8251487006617363,0.857280197807233,0.7269821927056298,0.8449865750725168,1.669245116376626,1.7710359976325212
2018-04-06,1.2371263620401451,0.6825249566288649,0.2398030366291648,0.508291619954599,0.8412533885048471,0.6416651346261371,0.6641658034414403,0.4522843987924565,0.6375477004681764,0.8363842260285672,0.8283835901345711,0.6885565890970939,0.7982696380023112,1.6616558605773684,1.7650424770165458
2018-04-09,1.237209917777647,0.6322825860552359,0.23691471804167516,0.472783079719246,0.8622159949632302,0.6442653865007898,0.6735831745470426,0.44286641778829977,0.6206678454793344,0.8005010499671522,0.8269360335782033,0.6942967546480554,0.8534837588758959,1.6691056021901012,1.7791991854426523
2018-04-10,1.2317129941803076,0.630619583312368,0.23155415888189648,0.48505651848721987,0.8686534952604548,0.6413071324998306,0.6678422836738105,0.4585689868652307,0.6205532825450754,0.8004564613719208,0.82699127341345,0.7112170484130028,0.8670670857927653,1.6829527622517386,1.7844645603342761
2018-04-11,1.234426094833053,0.6340437493647784,0.2326944851163282,0.48854589443987423,0.8732151388393478,0.6407497224931287,0.6648563921977844,0.4567190453014341,0.619643762873397,0.8116083266279073,0.8247610936830418,0.7200894031093015,0.8678917359314681,1.6873933612059355,1.7859808567292628
2018-04-12,1.2293546556195476,0.6549970814868917,0.24553047162929728,0.5079868602366505,0.8686272014635622,0.6460238940488751,0.6497362699355869,0.47202278028911354,0.6172429683789892,0.7965819738924804,0.80382838277604,0.6871857307109102,0.8456556203015377,1.668364109349331,1.7576138544590483
2018-04-13,1.234975589234272,0.6583640498167566,0.2652852430984548,0.5266289449708015,0.8609139388337833,0.6557810283070044,0.6538620927307155,0.48410585424389546,0.6252624932158916,0.7994761317089375,0.8054560124881034,0.6967254079213269,0.8496920691995795,1.6659326998158484,1.7676334460233936
2018-04-16,1.2393451348681652,0.6189705546979661,0.2658959544087737,0.5422227202180668,0.8861267852746071,0.675435266890453,0.6718858217593451,0.5000061595709371,0.6471330711463271,0.8328883023936985,0.8233166002478491,0.6910172314420573,0.8611546764532813,1.6404232075329166,1.804246677324889
2018-04-17,1.2313250469179362,0.6489216698740577,0.30585639408070636,0.5601923938596131,0.8899170819245911,0.6860350286830396,0.6602622799696103,0.515477424537544,0.6405822331142061,0.8313337912492151,0.8420765057318107,0.6650721287087419,0.8639795295345901,1.6326931338428705,1.7876172491003002
2018-04-18,1.2740818082200804,0.6050808564867277,0.3326582454802478,0.5955908400835211,0.915055364507846,0.6833754639636649,0.6251086754408274,0.535932983333323,0.623033419801865,0.8189164611301574,0.8309968957982667,0.7168878751281735,0.8545564798263063,1.6258043312975217,1.7789982540859948
2018-04-19,1.2573111554387875,0.6097443468670997,0.3325741208273664,0.6093740121021449,0.9296630969151546,0.6851488313132872,0.6107929191875937,0.5555648770823753,0.6458704119731783,0.8213053203768674,0.855461850238518,0.7641134564310285,0.889930038328075,1.6782542830513074,1.824382260438641
2018-04-20,1.2528553661653272,0.636919462722356,0.3151024248036532,0.6279089495745451,0.945036247869221,0.6882610273085482,0.6117205864714595,0.5824875238373697,0.6369030477187612,0.8441096230706989,0.8408084641778789,0.7375650388908943,0.8868274488609589,1.6930557119709488,1.8514835505782898
2018-04-23,1.2544259046021022,0.6393562545782813,0.35547881227336253,0.5874562292814001,0.8857573597824719,0.697329336414157,0.6229056571309595,0.5779498065004738,0.6366390843157536,0.8497798059923511,0.8467570047244863,0.6988865899884914,0.9199595445576623,1.711110314458069,1.8611543657823124
2018-04-24,1.2893098234276088,0.5654461827057191,0.38997531386344236,0.49111535195698025,0.8200689318448535,0.7102731675711944,0.6119661614508485,0.6180392263947292,0.6392017857587856,0.8618133410948582,0.8452798324160605,0.7552996405773176,0.9408116920454387,1.6364104197833487,1.826390614912625
2018-04-25,1.284929604208611,0.5574124605049917,0.3877518044030261,0.4817584724214092,0.8267521513375893,0.7118522863782755,0.6119071247466835,0.6280188427379803,0.6277323521278176,0.8607576279962298,0.849237695938068,0.7751304100526991,0.9225277582739367,1.6502419517090474,1.806958490789991
2018-04-26,1.2965660031543662,0.5704407957973909,0.3593672625221524,0.4823070893522389,0.8323794435176443,0.7055634553228576,0.6280769556081655,0.6636173911017139,0.6155408934758255,0.8519398661690628,0.8184675535707502,0.7607100071426834,0.8818582037137993,1.6282074231686354,1.795766835298892
2018-04-27,1.2616331240516787,0.5718714238481973,0.3260961906061762,0.40423274990245034,0.8526520371496722,0.6956583174800985,0.6637779991242784,0.6545029975197845,0.620485915896115,0.8701704850530896,0.9283102486963638,0.7418870434283475,0.9171305308093645,1.631595272203734,1.8130362020540032
2018-04-30,1.2458639448041264,0.5714039006116577,0.3233727931588879,0.39549785583839825,0.8585776974448761,0.7009120071060044,0.6726669521441404,0.6768738896349037,0.6329430039383057,0.9017293857389205,0.9082204200157039,0.7716331283836144,0.9385759229488264,1.6456661948477924,1.8313455826608724
2018-05-02,1.2385697999998595,0.565332897823162,0.32583411997140077,0.4065722752507942,0.8570705995696556,0.7048004092043151,0.6591048464952217,0.685757885077248,0.6374397067305184,0.903537706806682,0.8928403082859808,0.7834617286510575,0.9389651193759289,1.6409886850446498,1.838242478223617
2018-05-03,1.2530356833065832,0.5734186248960627,0.3341206370902076,0.41770278849435855,0.8439553058693184,0.6843856891311355,0.6661783555493394,0.692619256645236,0.6518809537092088,0.8627623856382033,0.8853049344345384,0.7947992017232711,0.9434094786800035,1.6184135518364011,1.8380780227191937
2018-05-04,1.2157124124184226,0.6581750369667744,0.3965745274079499,0.5399201707325744,0.9025956507506606,0.6574154414699556,0.8052278366747313,0.609948835207276,0.7014898770759873,1.006435331145772,0.918336795380921,0.5310243167727902,0.8702282472234075,1.6251638349943376,1.5381270145537511
2018-05-07,1.1695169815947544,0.6645473366876727,0.4358149441594148,0.5505746049212824,0.9051336965925854,0.6611156946862926,0.8871025941988661,0.5808896453469374,0.6713661425561886,1.0156304340132012,0.8612669874360449,0.4228970434170941,0.9912238015254579,1.6786776040791773,1.6487218217419501
2018-05-08,1.114161660140309,0.5792848199342162,0.4080976125913832,0.4101287750478829,0.8903426119708132,0.6813004737111884,0.8527633266999753,0.5224789389142379,0.6163221114976497,1.0520771537911584,0.88218715525908,0.5111870324414847,1.0663356858305826,1.8252415994232236,1.7201007205359933
2018-05-09,1.116984454992984,0.5819176693039475,0.39075297866466935,0.40453812463028416,0.9095198734785697,0.6912349218026387,0.8566038045098257,0.5160496953300127,0.6116436033004748,1.0452973037577618,0.8860728630480759,0.4934314482044681,1.0549840688550476,1.8321149700640913,1.7181337565306558
2018-05-10,1.11503927848562,0.5339807926101544,0.3913025535975651,0.3828497677370961,0.9268438437091311,0.7517983388756357,0.8978018533516737,0.5679954129349688,0.5892991399172411,0.8926041693782472,0.8390808961694116,0.5208530239884085,1.0608742510410685,1.8417347553492633,1.7359218039371915
2018-05-11,1.0905804763959412,0.4836726792781318,0.3630856186432013,0.3074577774775395,0.9104431143843776,0.7406306670746684,0.9104909541606294,0.7011052614854723,0.6428031779285802,0.7918605104883919,0.8961773330194219,0.5643116185629673,0.8639745179133601,2.041147948374261,1.7896364794367718
2018-05-14,1.093409446958321,0.5099160004314335,0.33269802939850873,0.34023310343982277,0.8786963800518948,0.7265384097875647,0.9440904260603605,0.6646080842316754,0.5901222542688239,0.7690184065612872,0.8950422543952623,0.5090053557581775,0.8668726981055351,1.9702478842418714,1.7743669606439847
2018-05-15,1.092031355132188,0.5033776871897904,0.3591956577867274,0.38888765453381674,0.8416885334587476,0.7158596805412879,0.9339623940533639,0.68744792769705,0.5889252710948842,0.7459693895185607,0.8895354780309672,0.5577681645331172,0.9091445932758258,1.965563978741851,1.7740484866888204
2018-05-16,1.1000844152533151,0.49232408044346876,0.3293775102884152,0.39824881492257874,0.848993989434363,0.7123893322302896,0.894061086790625,0.6180070660590139,0.5624831131391748,0.7146264145195327,0.8856428165381397,0.5527732658366824,0.9483120021001574,1.974112799415986,1.7282147306520075
2018-05-17,1.1562812120796424,0.549966773132395,0.2934929819157118,0.2825582411038375,0.8144937856687507,0.7502669618538654,0.9370890769332402,0.611832665612629,0.6102668026223868,0.6935162259033999,0.9452778441828517,0.4148875470599831,0.9403009292466261,1.9970968809402618,1.6894330800467272
2018-05-18,1.111858257912692,0.5548501579893905,0.38029335571469847,0.15716914614861238,0.8426833816400062,0.7565155838409441,0.8752970143247247,0.5878128532141159,0.518663791361036,0.7174183318661619,0.8619018180478939,0.5137830123252303,0.9510992920029627,1.924357284645099,1.7687204920976864
2018-05-21,1.1264268280936511,0.5570559700725134,0.4135295381972071,0.1912913174957288,0.8233310018646555,0.7826687950512372,0.8581988829063959,0.6440901058624154,0.5495004416986518,0.8142940268211484,0.9634882073568899,0.5916427104894733,0.9446346210828193,1.9509439255139802,1.7860949762396177
2018-05-22,1.115544130799737,0.5554892088920026,0.4111873057196585,0.15360301131932477,0.8052672140376117,0.8003478515272946,0.8332195465331272,0.6530784183583999,0.5524197783377484,0.893417438986858,0.997973628664209,0.5718268137552446,0.9446786432934765,1.9729158797092752,1.824210911241366
2018-05-23,1.1144170166741916,0.5695725491217651,0.41268149539476795,0.10855620134081906,0.9422868352521392,0.7419721512233032,0.8682488996293599,0.6370356618187806,0.4850158058884581,0.877390614894244,1.0427128372616659,0.5719224140529858,0.9486910045596706,2.110740047291142,1.7999750616033883
2018-05-24,1.148128550880541,0.6728012628896365,0.39893335289337184,0.05757421159249528,0.7730091238080458,0.670400198087539,0.8697726349576568,0.6384140733448693,0.4209671513428683,0.771523156655808,1.0117569151193375,0.6246635071340778,0.9937195503904223,1.9639067760948947,1.7500854824796832
2018-05-25,1.129731152011811,0.7319823943624647,0.4345355679887838,0.06460945922717237,0.8959744397546933,0.6853171336737097,0.9259187161007433,0.643051590372525,0.47367604744316766,0.8622658073891701,0.969470701435436,0.6958689872864233,1.048514923748366,2.0577582127158145,1.8034788487548918
2018-05-28,1.0936470859663596,0.6967621208507266,0.4207519227855879,-0.04439466957774444,0.8774874699857065,0.7236738999846002,0.9345289139376548,0.615169901349569,0.4606065738709324,1.0144211135078292,1.0106409235665106,0.6447076565476354,1.0414491291453398,2.057545036454776,1.809027381698684
2018-05-29,1.1086445946924917,0.7332107324974053,0.4311784129562493,-0.044892690881092434,0.8781830866136923,0.7163674590303579,0.9345851402564241,0.6429960005347938,0.48920211743079717,0.9836857038650807,1.0267486195877416,0.6220769289427363,1.016718076401176,2.0664823113950517,1.8632911795391573
2018-05-30,1.105883804379311,0.7259218113115423,0.43745101766464384,-0.056602188795735836,0.8955010865462404,0.7190026185077756,0.9373266806808022,0.6548398425059843,0.47935775020152155,0.9935696576402119,1.0338905606110116,0.6178264353198464,1.0241448772837958,2.0762617028719963,1.8504285706755674
2018-05-31,1.1747590504212302,0.759664229348654,0.4431983665280296,0.15873159307785917,0.9035423877101646,0.7654331946082147,0.8748070549389616,0.6160428715729043,0.5113632998343876,0.9737492177545708,0.9208390454645162,0.4573245094617539,0.9613735211353005,1.9706993541880709,1.8575917488095788
2018-06-01,1.1675044656897728,0.7827211731613029,0.4182548371956913,0.10125621798654644,0.9731674248907661,0.8213880361644871,0.8584711781325827,0.5790735825467838,0.49077320316604617,0.8850458469959026,0.9469321598481059,0.49468981247419963,0.892004213016303,2.1069329287766916,1.8390166776556212
2018-06-04,1.2183022686571163,0.7366757736689932,0.41202407752210296,0.0650849770683367,0.9480406203697059,0.872290057904225,0.92668460050516,0.6114626968648047,0.5574417119517712,0.8859156524926454,0.8547214723078151,0.4451856653980098,0.8918201769756433,2.0593215270727003,1.9447911763172523
2018-06-05,1.2582753216537483,0.7443339400587874,0.43991074685641296,0.07919702531779087,0.9812426079148551,0.8618977007321407,0.9645755338608398,0.6760003447228348,0.5887196853433851,0.9644071599161306,0.8945545832937619,0.41602301055133306,0.9442959109225519,2.1223701911233483,1.9320187055063023
2018-06-06,1.2448374101837762,0.7669930838137201,0.47860044898865234,0.04794722196405089,0.9484472358941043,0.8615628457984967,0.9723168263962519,0.7072835255983637,0.5952638110175367,1.0298026064937755,0.8724891430453668,0.3826867615128195,1.0453442246445925,2.0855105315141076,1.8853039507124687
2018-06-07,1.2653759280038297,0.7539528300259789,0.44277784040611007,0.09744245386280999,0.9332348574907051,0.6691504347497593,0.7979581114245593,0.8431873908606002,0.6911250217762797,1.0526251873970063,0.9068573576618877,0.6456740185417787,0.8217265084178537,2.227613906101051,1.9116975777700942
2018-06-08,1.2642406683005736,0.7526225105873982,0.44319349724202217,0.09621711226284253,0.9316622314157559,0.6702497170680597,0.8006237378594151,0.8417486813700273,0.6947637328542705,1.0337201204601063,0.894973469672175,0.633189118501133,0.8228937659920192,2.2279603790020053,1.9081971584564732
2018-06-11,1.2615663934553871,0.750848699510718,0.4391802938979086,0.12382635385354467,0.9195541643390986,0.6741788455330364,0.799216557530493,0.8330057861012,0.683235828138353,1.0357044136102183,0.9013100266313382,0.6227016939972564,0.832310578409379,2.2118003873133434,1.9079847176907045
2018-06-12,1.2688160483272575,0.7473154081291392,0.45682989073533775,0.08064050832092323,0.9037823678074124,0.677650483243824,0.7870323496114606,0.8255407930024417,0.7027663323006867,1.0368986807609633,0.9942583506107763,0.6132119874871782,0.794608500973618,2.1687448820720436,1.9853353369674713
2018-06-13,1.2308454111624128,0.7654868430060204,0.5806656323697788,0.10809500748656907,0.8912913164937953,0.5508271172951208,0.7391678814164768,0.8709279391719822,0.7520256339324838,0.9686010265238121,0.9809571662942397,0.5383830148250422,0.836077317284132,2.296058359061914,2.259463610209008
2018-06-14,1.2035576487772628,0.6971570660249199,0.5127025745013413,-0.030274291671443968,0.9414580513767875,0.6654218248118385,0.7467239856801245,0.8950858839454588,0.7344386951782975,0.8922080636798834,0.9523300010956673,0.5063850945493888,0.6679904306699987,2.175694839278023,2.0847036815424063
2018-06-15,1.2113861761183868,0.683744615430397,0.4981285937650065,-0.060793579468625965,0.9567377370886182,0.6700758630760398,0.7495259911810922,0.8814387804195337,0.7350591780701464,0.8751248630080668,0.936953677588694,0.5097463258119037,0.6662268845125344,2.153920895608215,2.0863826259432687
2018-06-18,1.2351164644882842,0.6975358599339901,0.49443333069952644,-0.051624387065198944,0.952450588122966,0.6388147687371397,0.7501178508101548,0.9016514816787449,0.7526742467983106,0.8880894936593893,0.9269641748261565,0.49867060217092146,0.6474421065731197,2.180988579524824,2.080237833403028
2018-06-19,1.2499506330204069,0.7519261370867238,0.5003004196865672,0.013187671622705356,0.9614119941402113,0.6485641905049934,0.703261741277074,0.8813119666196275,0.8051590836266312,0.9558150030614413,0.8613921437826064,0.4468532033489256,0.6107661485439672,2.1428445920785553,2.075162496380953
2018-06-20,1.2547875295863529,0.820680416310829,0.4573060777435977,0.022718632932521014,0.9577272509171989,0.6820106184366512,0.6712612263909936,0.8963038543614096,0.8358375716971123,0.9479010585384154,0.7768867977954925,0.36587240002122373,0.6259015014182744,2.1683496539438174,1.9903806454104516
2018-06-21,1.3785555945685066,0.9423943181514849,0.7045549516051854,0.08086324854509581,0.9930237063052019,0.7437203218211831,0.6926210118606756,0.9326105058738134,0.9050445648131833,1.047375697329049,0.7946600261333289,0.45853944736882746,0.5431372280265745,2.167480772611498,1.946223744348744
2018-06-22,1.3554693871619627,0.9350821714685794,0.6922089314772971,0.10036215961451198,0.9726374636047512,0.7632716452866773,0.7288289827786714,0.8505120153381971,0.8445755160626608,1.152772686057005,0.8116571608393768,0.3951694548525346,0.6282146819374769,2.136336248089783,1.9654570867678571
2018-06-25,1.3430273089782978,0.806992719511814,0.8085206470659537,0.18267190477204873,1.0024562761021563,0.7946377293248648,0.7154224834260884,0.892052784254538,0.8458470313754853,1.1162392695431174,0.8406500872825845,0.497618378967698,0.5039362875423649,2.0528511766018407,1.9437626282659717
2018-06-26,1.2073520399880113,0.8274186514040051,0.6997946105688118,0.18742652408452748,0.9767710785172471,0.7990446321492575,0.697879159006247,0.8817704268331253,0.7697035115172524,1.0570863676512352,0.7729765012161588,0.37762520532729166,0.5565295362053068,2.072612737625419,2.0228070538776355
2018-06-27,1.1862242704770682,0.8307997652088439,0.7104989170293595,0.05401098681927875,0.9992857524426909,0.8170911499056637,0.7070848049419612,0.8976868913541719,0.7257867847034759,0.9867214270801256,0.6953026900682727,0.36686299158633345,0.5633643497877002,2.029556167663917,2.0094619518816286
2018-06-28,1.0410010672228442,0.7068872298233945,0.6739987278832322,0.25132296494679723,1.0430730586920995,0.6796994446262098,0.7707175659140024,1.026019256526742,0.6293257026247249,0.9978401786224323,0.6200629579759017,0.256553427097417,0.4532923385991913,1.8673389535727458,2.0936676620227046
2018-06-29,0.816709100962519,0.6755764139138,0.6870140029184361,0.01578024031577696,1.2436752048804025,0.7404356701415576,0.9651836068537402,1.1506659027962025,0.7187668472977579,0.9869195333463178,0.44146470669592336,0.33806756973666463,0.6053675648222223,1.95083208101118,2.073792550868183
2018-07-02,0.8231752962581995,0.604681485203361,0.6806753015677424,0.01068334745500431,1.2730932940957906,0.8460208983225646,0.9871500359647749,1.1528036965574526,0.7053081658076402,0.97896874939729,0.4287631655283015,0.2785053185531107,0.7107364909142267,1.9533699926474881,2.1086665634590056
2018-07-03,0.8500081343938687,0.6662393768049056,0.6827808996030545,0.0339782786761812,1.2842796425164547,0.8630820826409734,0.9645285424576122,1.1510452419616897,0.7098825664160845,1.0253446230114562,0.4625337438463971,0.30985551139156764,0.7536800100200889,1.9810534143677783,2.1114606577091384
2018-07-04,0.8595414530202171,0.6234351150305606,0.6714029438112243,-0.01721528342240515,1.2223639936434214,0.8138543094131158,0.9307385600796747,1.1374421606602965,0.7376446004688797,1.0382499688625022,0.5163994050824282,0.33771365078456655,0.6997083706112345,1.952100465651967,2.0396724373951827
2018-07-05,0.8581506934394589,0.6826285343459692,0.6568931666885349,-0.005262731760445219,1.2063484717754775,0.814929369397421,0.8915583455897648,1.1278844111359978,0.7401108679980575,1.054893617014816,0.5310617497595299,0.36726846445560535,0.7110771131386064,1.9585428660610358,2.0574348749553515
2018-07-06,0.8555786279600641,0.6247814944966261,0.6470924531333032,-0.07855925578535489,1.2088609850314027,0.7947142781916435,0.9201635357505269,1.0996029870447568,0.7376638112165135,1.0682485651473526,0.5601771382151045,0.3990228991622756,0.736030512103884,1.9976117530934392,2.1327720790184745
2018-07-09,0.8512167489137084,0.638872328684078,0.6449858030134639,-0.047584920737722025,1.2291718900593658,0.8009893251435647,0.9220648169359871,1.045596600737711,0.745203118300225,1.1122199388510947,0.62780889909636,0.3273236387566685,0.7235543896560331,1.9717431536900434,2.094101705476623
2018-07-10,0.7475016158229699,0.6913617496491686,0.7492466862142017,0.007607419094342584,1.2281801493994098,0.820255858147595,0.9073469286010607,1.0437439875881227,0.6834176709958739,1.0192756757312773,0.5809506189352619,0.33524790536006566,0.7779775107895784,2.0281561270284363,2.159497808539432
2018-07-11,0.7515503109353469,0.6951431066947494,0.759084341433692,0.006182924508972816,1.2292682435801514,0.8101661522500485,0.9024213516749926,1.0214064504384956,0.6845117935244049,1.0324438716521585,0.5845678502658468,0.34340385115154065,0.7731009359600656,2.0306925951814088,2.15541917519918
2018-07-12,0.7191583893213445,0.6104507095792192,0.875067642721976,-0.05010898723081698,1.2476539666515387,0.849497372520693,0.9439355304646753,0.9408047024627841,0.6893398978048635,1.0287518267858313,0.6401801381858233,0.3387446599781407,0.7746512011511729,2.014428891754417,2.059769197564279
2018-07-13,0.7226868275203758,0.5992793421336359,0.875162012932458,-0.06418204216343938,1.2496393543359432,0.8603340408650564,0.9513311595423378,0.9133093202509104,0.6824530047372194,1.0496884645784026,0.6307848768939343,0.28732783024577796,0.7367271408006064,1.9651550951535177,2.048728730936624
2018-07-16,0.6996675060481075,0.5586020431957947,0.8198297838462998,-0.14566674779139782,1.2039988806386424,0.748868035784676,0.9016030002212873,0.8685752467096572,0.6316665493396129,1.2028935129166505,0.969173208105155,0.41321192473477736,0.8414798121875751,2.167979057738086,2.17188536580226
2018-07-17,0.656440429276576,0.5286352271807965,0.817992110448587,-0.18797832873608006,1.238582574542924,0.7381869263057154,0.870296611636574,0.9543073137677911,0.5690609237914884,1.2481164233896538,0.9105061238785808,0.5243680305813911,0.7921682912091644,2.209169419032248,2.169469045778969
2018-07-18,0.6676948797315927,0.569472596915578,0.8470236161659885,-0.15991547935925401,1.1802481729002932,0.7369040015110928,0.8735342299658382,0.9864485661551663,0.593426522799106,1.2377122034322856,0.9002713979285575,0.5530854248035239,0.799759888441353,2.2945075090833758,2.215302673132562
2018-07-19,0.7221497050771328,0.5885734923056044,0.8501605985506888,-0.13929616627751126,1.1381597896706088,0.7365838289260624,0.8403412552394917,0.9812357589295889,0.6274451860023944,1.2407445718336667,0.8960838671809646,0.5418786552406761,0.85335302179661,2.284334289205881,2.2738426124765905
2018-07-20,0.6704252459583989,0.6102982637648131,0.8666131166502261,-0.09645892170999384,1.0742964747334136,0.7488186716716171,0.8159146031447824,0.9248200651951335,0.6220752106409594,1.3011952497382013,0.9542739859933458,0.5083400510210757,0.9026113018132377,2.325721580725023,2.2757314274894944
2018-07-23,0.6720900685477565,0.6058068674505885,0.8561469912546418,-0.05323155820727394,1.0507690552771654,0.8206838145721386,0.9154950370740641,0.9331444373627348,0.6093354638201516,1.2418450225282738,0.9093781726119115,0.6000701033240787,1.0248929921917496,2.348113203103669,2.360125886052359
2018-07-24,0.6023055264005317,0.6126738930658476,0.8147618056743461,-0.07390428593806839,1.059906481369325,0.7970670676140774,0.9116164256007119,0.8460480004087907,0.6002655525545556,1.2296908359834917,0.9315410427061601,0.5397017913055001,1.009828654144199,2.3696190202154903,2.4745160952132603
2018-07-25,0.650701984700884,0.6074477550622196,0.799992244012012,-0.08245394364335933,1.0564806929321675,0.8047458057514418,0.9396047355241677,0.8226664591181423,0.5805602399673683,1.2034325452508499,0.9371732672004817,0.5301759444229275,1.0165295050088332,2.3269164967150675,2.4546510332970612
2018-07-26,0.6089733166908895,0.5665403142676392,0.7587357880741276,-0.08351973771453754,1.1078490975104909,0.8834455491503824,0.9317740941586653,0.807809563795296,0.5408163353173668,1.2858559981350117,0.970524732855545,0.5159147550911701,1.0271027000980446,2.381307951299653,2.498643837909785
2018-07-27,0.5888682410063536,0.5080038328017543,0.7750040073372708,0.055790289301555315,1.0515892650961025,0.8639692683533562,1.0510357257669187,0.7637577019649073,0.5086829037845413,1.158386524996235,0.8263980255830692,0.6034795797030246,1.0455769274541413,2.4426529347600554,2.437044656336823
2018-07-30,0.5647954468246009,0.4749644100916207,0.7187446130690887,0.11185545785230346,1.018810439145747,0.9033219482613855,1.0053818468820586,0.77957536885421,0.4534576804066699,1.2442332405553964,0.9133354949495113,0.6872789737178817,1.1267591164794168,2.410518210835474,2.408936459670669
2018-07-31,0.5625779056259577,0.4759457184652552,0.7278125599639036,0.15226061004039515,1.0284358441069974,0.8976908266677649,0.9887381117978021,0.8214867960105146,0.48429280889762355,1.2486037583056073,0.9447982336035631,0.7106612442668913,1.14926413034739,2.4264413590594303,2.4624747289654154
2018-08-01,0.5545750522363562,0.4849025491598722,0.7303611380839723,0.1528210784036211,1.017769671073117,0.8951867219759257,0.9787966721310704,0.7980259753280787,0.501226302663002,1.2474350274714474,0.9280232079719113,0.7220552935311737,1.1599739146763985,2.4279343608561277,2.4741513738116994
2018-08-02,0.6452164280349888,0.47211533865058486,0.6737760404940591,0.2547681984609162,1.0385136799962744,0.835670772129366,0.9689939973962046,0.7851786758809919,0.5097620807733725,1.1307135644328032,0.7282667141674923,0.6203227604882818,1.256237916733893,2.3159668013977144,2.4481797777332415
2018-08-03,0.6803037270352342,0.45785495543082516,0.6166290129598423,0.1935941120451104,1.0489709459251813,0.8759278449993486,0.9789921217488678,0.377817332508879,0.3947336485409141,1.331087761084263,0.8193235574340906,0.5859059893467744,1.4745448499548006,2.2041195601945742,2.4285453178812935
2018-08-06,0.6670102751280992,0.4557373975782167,0.6130974262932514,0.19785894371459892,1.0595083220709103,0.8881350028263898,0.9736359948636774,0.3916026022494487,0.3836558802874357,1.3165956051598515,0.8079066118946702,0.5856808828797685,1.4902444376146322,2.2044636809413634,2.4155555969672373
2018-08-07,0.6731734322262728,0.45621521713963653,0.609786891401183,0.2050893343441613,1.0697600899152446,0.8790839404466086,0.9680635309765893,0.3908008067701438,0.3885386585786533,1.3131601620188569,0.8013265151229507,0.6019149773838771,1.492317110204593,2.210496998394885,2.4121902705293885
2018-08-08,0.6819280097632889,0.4274943092453089,0.6657096001610769,0.20119561219738136,1.1043080666461256,0.885593161106575,1.015815085036787,0.46499180284038955,0.46501408374133946,1.3464896118050163,0.7636462128097754,0.5857785473253481,1.471502526495567,2.232983443129764,2.51054223142186
2018-08-09,0.666162526548479,0.41135972441194135,0.721425392357611,0.21648051891230233,1.166467345428207,0.8575778967920656,0.9563572513719627,0.49686609277459864,0.43031695660627217,1.4163298563682365,0.7429630430998623,0.5617036077781439,1.41931013595424,2.2293337271187714,2.5776802560743968
2018-08-10,0.7583380977777835,0.40903520455819786,0.5842356768670556,0.343269394991553,1.1142569192378284,0.8894672799884477,1.0203365769145107,0.5368331976230398,0.5376204197786311,1.3828898031638188,0.7978248758623792,0.6253713173333819,1.3660479470490263,2.1940582785178764,2.5234043921111455
2018-08-13,0.699208055944345,0.33147389538787075,0.48021398831064877,0.21337107770293992,1.2154924382062284,0.8770056627585583,1.014578677026049,0.3899046019970223,0.42788641538945044,1.1217260213822378,0.5562801540830672,-0.028922879445812726,1.357564167103941,2.1588738991953065,2.509009683924765
2018-08-14,0.7031889499573041,0.3135409879004364,0.5014272034225423,0.2639646157792698,1.2048930240267743,0.8442183087686225,1.0152834040545546,0.37523947354481363,0.42305595299941406,1.2749486222518984,0.569241315632667,0.13396692198369908,1.3094058710884466,2.1740339637734616,2.586158382269531
2018-08-16,0.8153557582676497,0.22878201938602477,0.5493626203336877,0.39289060431058154,0.9858744328008217,0.9091706894401532,0.9513260933633636,0.39260591399547806,0.5408931244566362,1.2251699918652177,0.32497174438693566,0.0798679820555808,1.2496746499600944,1.9603306558426212,2.5800372952608432
2018-08-17,0.8085859177452133,0.1280271094484089,0.5464723356205394,0.4162300445078907,1.1118409456379554,0.9316438544085047,1.0023358655453662,0.39044069483439453,0.6078987479419565,1.1697073011752794,0.30873549782096726,0.206994683584295,1.1040676688197426,1.9855842306318152,2.6317434501452337
2018-08-20,0.7832239226824543,0.013456758283846135,0.6027853766219866,0.46817524323731774,1.0497797409438123,0.9458871237775219,0.971594383408434,0.3602920120459376,0.6070399315373876,1.170864668615508,0.3458120788562126,0.13407355888727757,1.0576510229772205,1.9672232675738075,2.605568892892397
2018-08-21,0.7952549644405821,0.062085443763002186,0.6405287530636743,0.6231273298625805,1.0702791024071305,0.9164749833552825,0.9626178347384502,0.40317593006121505,0.6224857880160184,0.9653929815686565,0.31986312362601965,0.17734053624194288,1.0974467806125558,1.9592957646534284,2.586892155439392
2018-08-23,0.781853770230663,0.05907444927574959,0.6454683694716326,0.6417718361886522,1.093830762166828,0.897144013873036,0.9619588701051611,0.3358231511873284,0.6025175641432114,0.9708685469479017,0.28481512091107725,0.25001184088583867,1.1617081937130842,1.9995985892778587,2.6094189406215484
2018-08-24,0.7957830937929443,0.07990711972238546,0.6135691072111247,0.6882593881158204,1.0428428707796995,0.8893013460412126,0.9573101989766785,0.37108040234778183,0.6346076234746036,0.9837503483809935,0.2815660268370797,0.13157105119294368,1.1492409361322793,1.9903523256777704,2.618298980449539
2018-08-27,0.7527101599933299,0.13949826818057082,0.661215194203724,0.6367920089541175,0.9584672562835549,0.8755647852798906,1.0146249599243438,0.2833752232214134,0.530965684400336,1.0684546757626672,0.3416057460027915,0.3357341671165091,1.3351598657461707,2.062457197422876,2.57651909892049
2018-08-28,0.7386295803636742,0.11154046288651241,0.6442714035459535,0.589679174125136,0.8810161657307374,0.8472408225215428,0.9900098849429386,0.3483962734892952,0.47927345739672683,1.0849106825186636,0.31886658624047076,0.22224950225315046,1.420011163800656,2.0282748247192783,2.560977301311691
2018-08-29,0.6957525421088032,0.21056379802954356,0.6329142257654238,0.5872941755041621,0.7984235625469068,0.8411640555293726,0.975348549762451,0.3218236869960091,0.4990571069003694,1.044888344471317,0.4862094370322415,0.2329044140979146,1.3277251920268633,2.0866427165634454,2.3746396048931744
2018-08-30,0.7176703667858076,0.1595304049752957,0.5700277378234867,0.608927531559861,0.8023596649744226,0.7982056547292607,0.9285697763455764,0.2421969977156445,0.5343975503399926,0.9682446114579772,0.4428876794450701,0.2276502125850237,1.2415297134787213,2.094160188566104,2.372269508831175
2018-08-31,0.6963154350792414,0.10917377301252824,0.5281365857215631,0.6571332286433742,0.8405784110782193,0.7868210956844646,0.9244691295051611,0.14616685866807666,0.5097233359004305,0.8621859052792652,0.44665159540291305,0.30449122849343513,1.1025655718381584,2.1141216069404187,2.430686091968621
2018-09-03,0.7649924390572511,0.11445781956040012,0.32796860323508303,0.747655141345574,0.8564092320707657,0.8360410555651926,1.028318216764923,0.3037749221987156,0.581362470660948,0.8624058988265102,0.241059262735594,0.21446423904490666,1.0716095650731337,1.9116594127413291,2.534103238756429
2018-09-04,0.7829634268614062,0.02271985111429454,0.26771963696602125,0.6511379991135676,0.9027795345641529,0.8447309153143966,1.0458953471615717,0.4517359142041426,0.6869409796297115,0.9168355430736823,0.35436619832519767,0.23369783590518786,1.0954718525008427,1.9136881127897707,2.6690610823359147
2018-09-05,0.8102836984247767,0.057321506447109566,0.22602733356756166,0.6365036506030405,0.9026200043536453,0.8378883012849182,1.0325832318714157,0.5614133390730726,0.7491681666505406,0.8768649831232374,0.33204269498493916,0.34556127748373006,1.1143826243275414,1.8922122824261087,2.6351464236714235
2018-09-06,0.842184998420833,0.05561362404608704,0.22520693217603047,0.6793350240383151,0.938015152113764,0.8904637844992541,1.0279501608746489,0.569048877946807,0.7385885851324102,0.9037298323053946,0.21372990547948195,0.34762182908195455,1.1634767061969666,1.9481472893034832,2.6292685744604554
2018-09-07,0.8147083160170915,0.06339120965131627,0.23768598678238118,0.6637716240588214,0.9040768335157333,0.8905705626467312,1.015717426341449,0.5836476656126399,0.7416842510781633,0.8534880346267429,0.25197177993572006,0.41115516497550614,1.2444327767288828,1.9944797532137748,2.647041033711703
2018-09-10,0.878366696670061,0.0787885209039956,0.20060539895402382,0.6127909658950457,0.9380324697838399,0.8042043246592088,1.0234253324108262,0.5955592142231083,0.8277404770432997,1.1386086057656113,0.44217890085452816,0.5495176643570113,1.1715204013114269,1.9070889831269477,2.565684545748217
2018-09-11,0.8784994539012727,0.057515493567065354,0.22459985597779902,0.7281412464803364,0.8880798220909364,0.7217521896020227,1.1412312854553774,0.7231613092402281,0.9146941835061859,1.1257033178359295,0.5129527896760755,0.6381569330035735,1.2296660935409578,1.970553770505737,2.516089420458852
2018-09-12,0.9073940326454943,0.06859253877157007,0.24561960942593164,0.6870561671641616,0.8784690774816697,0.7142300811337071,1.207904641626296,0.7820941070579729,0.926480701842441,1.186987733554717,0.5210867876875256,0.6471129495552435,1.1711775289364963,1.9839712322485574,2.535827422748111
2018-09-14,0.8962466826792252,-0.10614623501818894,0.15461277448366434,0.7150537563783679,0.9814462497803476,0.808297161611974,1.1867771005091126,0.7423737234567376,0.920728781284057,1.1843223409805541,0.6154104594577544,0.7046601669953734,1.2366277735635787,1.9758575864251808,2.560437453327958
2018-09-17,0.8428217922618902,-0.025104904605556217,0.1889100238320257,0.651758593480287,0.9789596900620253,0.8457817638475064,1.238938820510747,0.767698973040162,0.940799877484915,1.2562271787290222,0.6382951916732187,0.681826049066489,1.1850266706623291,1.8300824932722053,2.2631282610656287
2018-09-18,0.8488466697228014,0.0218789939399501,0.1558722150641321,0.6894447689421868,0.874390442017128,0.8632936033513947,1.1739822298388167,0.7396079121024751,0.8758137478143111,1.2196862667847648,0.5671775624959853,0.6275280578904947,1.2204418470131257,1.7861103039078188,2.368325053154161
2018-09-19,0.8179898545458876,0.02898025875232635,0.1804653097691958,0.6450325948849002,0.8446919062946819,0.8494152879738027,1.1737095143568568,0.762717384239154,0.9203668226252637,1.1117695519183992,0.5425429173697187,0.7301900506927487,1.208654523253946,1.7669926026386467,2.38303687181422
2018-09-21,0.9480829551126538,0.14840427359162014,0.14906065150208223,0.7985929362874444,0.723067233537733,0.8155023846360732,1.08469547413903,0.8924801457797901,1.011878111971445,1.148429829245735,0.5562622124988758,0.8304090885836621,1.1831450208996526,1.7057666538711074,2.3257233696356043
2018-09-24,1.0015938976108392,0.03826632023494037,0.2042988475344902,0.6282792780773959,0.6623156649609943,0.7598343955981101,1.1102856366093594,0.8573923581113493,1.1012257761105024,1.1503954361844946,0.5227787416934155,0.9074938471040106,1.2934293877087637,1.721495389536947,2.5289953031929
2018-09-25,1.1007736731407762,0.03745824413072993,0.11531645423996903,0.7831486358095843,0.6336694881262593,0.7516851130565555,1.1091169072742442,0.8472777804383113,1.231229752487709,1.2548695866601542,0.6212261522122061,0.9918678295287799,1.3015236126689782,1.6432834261656897,2.3544952780623847
2018-09-26,1.1761746824466617,0.08955534497939685,0.14109867603580706,0.5889130188068832,0.5942827048756657,0.8279559294615005,1.123474537726974,0.7954921575379785,1.296684146637333,1.2304592198758095,0.6362451879107148,0.9916212641582121,1.3523022481826141,1.699412358073218,2.2847685576291044
2018-09-27,1.2441882971749887,0.019156717644003254,0.09939359314093726,0.6906791013325433,0.5668345915481475,0.7681701394432597,1.0720381641026069,0.8442518117612514,1.2552867936889298,1.3421143056002873,0.8496598483897907,0.8098769650706938,1.3740519300090313,1.5961709540326046,2.4255874581451535
2018-09-28,1.2434787159393237,0.051769886968850265,0.062233874544189854,0.6996867875654808,0.513635788820144,0.6985342971817178,1.0222424099421688,0.8148466548201408,1.2284880810146102,1.366439776448314,0.8647779977857064,0.8916888770248196,1.3924419104736632,1.6636141717387378,2.480777331407913
2018-10-01,1.1735204225743605,0.08731171013875037,0.0980449474159113,0.7279969879116572,0.5113290218887776,0.7169036479448727,0.9898596078292383,0.7790745478961437,1.2269499750226984,1.3691910935676546,0.8100278441456363,0.9340936977648032,1.2800521713821111,1.6377127173556074,2.3781912960653
2018-10-03,1.1702641346493168,0.22883608481694812,0.15985867367728077,0.7907386455976616,0.4569291713597608,0.7861055193963615,0.9894533934428198,0.8529220296343031,1.2096426693571214,1.391427987677024,0.7730997777303947,0.8130250444146645,1.3413142251651184,1.5636284378205014,2.3497632026685213
2018-10-04,1.1029886755402254,0.3826110203726719,0.20149701006129603,0.9542295794896187,0.7497704458289653,0.6868815908300829,1.0441181614700195,0.7071127660472226,1.1380662890088618,1.4033141096651693,0.9799782522090931,0.8211239408106268,1.280628472513386,1.2669984608862375,1.7656277695990346
2018-10-05,1.0198999182083832,0.17223451529423453,0.20320059493145037,0.8705952992232362,1.5850430350641727,0.7436269633973492,1.1119464144197482,0.5343881739914996,1.1366712510442558,1.1980212983282033,0.7706499596167038,0.645478210522096,1.2898003247904737,1.2187705942493814,1.806113438392965
2018-10-08,1.0551213008267186,0.14005843176497512,0.17010185361625246,0.8295918313688663,1.597453723217443,0.7434069597227497,1.102328956908125,0.5457777899039277,1.1421863107929366,1.1859704023195996,0.7052002866639382,0.711219772276202,1.2935149711648304,1.2138878809829619,1.8358378970266014
2018-10-09,1.0835210382090597,0.13948784053086385,0.11938234963330946,0.8242369099040874,1.6384830844679221,0.7301122806065434,1.1162163632289215,0.5171795250449718,1.160266439842928,1.2265568893967256,0.6851528124507303,0.6961770083694526,1.2891014724104604,1.1606458919741898,1.7596282154327578
2018-10-10,1.1274346760417402,0.02832572206844208,0.03146743049301318,0.7826350764744022,1.5889089103259142,0.7446201253694694,1.0710465840365626,0.4907221161744166,1.234500520114989,1.1013663794887358,0.6866555654296246,0.7316014960080675,1.3057524127867906,1.1657196577740438,1.919877102569855
2018-10-11,1.1013771059902158,0.2409781727855123,0.03825859649227247,0.773229122438349,1.3178872430739,0.711830307893916,1.0560293456518068,0.5329406955179083,1.221100404881807,1.1314405453909948,0.6454510933447792,0.6911564002205336,1.3294640226334937,1.2993442441247778,2.0577502950081863
2018-10-12,1.2073756750693356,0.24635332024483428,0.07310009895959436,0.6665083502735972,1.3066530725053906,0.6552699868424723,1.1166316385663926,0.6326225902266401,1.2477948423822212,1.0297286352819792,0.5516589764314833,0.6487575661073819,1.271949119389163,1.3292025685413005,1.964685550846936
2018-10-15,1.2260510696395512,0.28747720329728876,0.08967620021889458,0.7004562489001865,1.3237651822475531,0.6806938251452073,1.1500925160236686,0.6406574545838747,1.2566428416181785,0.9843565810861868,0.473012225240458,0.599401808815134,1.245338230169097,1.2299785430698775,1.9058992617227069
2018-10-16,1.2393732703352298,0.2848532677861154,0.08138409388869726,0.7727427413743265,1.3508319704298328,0.6763637429230778,1.158592374426565,0.6099542057400482,1.2854966348447838,0.9515594252610987,0.49516468204001673,0.5133674849017165,1.2782469221337622,1.20064122067352,1.9017735329122418
2018-10-17,1.2013858670213597,0.24558759275169822,0.055582672269479515,0.7514553975029544,1.3746508510782154,0.6754309644867988,1.0991009908825826,0.591348972547152,1.308150622898962,0.9653798045148594,0.49724220839280947,0.47293897032807347,1.2772882048536265,1.2255473241873582,2.0269735912137326
2018-10-19,1.1000897526550584,0.31509312655695665,0.05936465438288068,0.8318626036351778,1.3577872881133473,0.6765965202191656,1.0436778324935236,0.5971062351285461,1.2506720809617224,0.8668094794293393,0.4977784651785984,0.4652972347459686,1.2455691690819346,1.185536659645946,1.8047177753762795
2018-10-22,1.135279621496413,0.2952987257843301,0.07691871238477206,0.8248449228056854,1.4113010382986804,0.6549449056172352,1.048364456913301,0.5877249234750725,1.249888874163203,0.8464709903923885,0.5051835983456856,0.4926010133781913,1.2466895374486358,1.1975930870772074,1.8055944014490315
2018-10-23,1.1102212787243626,0.33668489721605893,0.1800089711901247,0.8707358012625859,1.4297453768177233,0.6326117629242733,1.0075943878919214,0.6229279086191887,1.2503660247288422,0.9233387552316793,0.5505954075099971,0.4495523236158618,1.1770193343727695,1.1577077022969455,1.729899378583657
2018-10-24,1.1252094919864613,0.29758774112892056,0.1892172939899655,0.8719743006556618,1.4375881128343835,0.6116053235293609,1.003097191487222,0.6611336331710478,1.1981723910112296,0.898214178599829,0.49854554888215447,0.4349695889739339,1.348671013694433,1.1386892158111976,1.6813972849000498
2018-10-25,1.097137914349629,0.27758034608052,0.1420772098414303,0.9029010778815049,1.4407845645022808,0.622355039897174,0.9918960428808818,0.6519427013656036,1.1934834411273019,0.9211760279626584,0.5229012567441281,0.45767252740124825,1.4280376195830857,1.1340507295597988,1.6797665544132578
2018-10-26,1.120251889226749,0.31270393481145664,0.1486591531028597,0.874398752287545,1.4433822538261123,0.6332369807419903,1.0142675901449738,0.6332381079634707,1.1751066802950743,0.9315770106047695,0.49810242891327383,0.49712855532361616,1.3885029770943622,1.1150080976499916,1.6412469710313513
2018-10-29,0.9752657203686481,0.36145184604853653,0.2195531290886129,0.8371610209303749,1.4372335810956671,0.5577857906294656,0.876756362888531,0.6444570313049497,1.1670787036188701,0.9979858449841248,0.7126492481766981,0.6810379631392548,1.2066713911132638,1.1372800077621374,1.7983562118751268
2018-10-30,0.9857598914924659,0.36268812940206524,0.23258060917980378,0.8079879923734049,1.4323910262603443,0.553196775120604,0.8912230708223157,0.6569293925116971,1.1684761022920462,1.0041573675516566,0.7125470535132514,0.6787517341930717,1.162682797741343,1.146181813501021,1.8169174197979312
2018-10-31,0.9189801745395102,0.4607482797908371,0.23789769593599966,0.9977673854485156,1.3479694599868193,0.52864763332166,0.8622287762871407,0.7274681007207674,1.1927859555481515,1.0376584174743815,0.5765270553038491,0.5437294083398544,1.0865978731126067,1.0044328458808844,1.740821437323069
2018-11-01,0.91754234754796,0.4575847651770235,0.23683054599681982,0.9934702204978696,1.3480349648122782,0.5261233549348464,0.8598728669584609,0.722739497225792,1.1920525242596534,1.034766301869277,0.5703008959115222,0.5470495027919494,1.0885417297293472,1.0060782335851475,1.747719205518225
2018-11-02,0.918947986850516,0.42128581153155453,0.13279795883637097,0.8186109457526267,1.346503054982322,0.5210730539671067,0.8778798036621299,0.7599818625958976,1.1571072310077666,1.005625128718112,0.5265171856572173,0.47798905193879615,1.111146606905205,1.046203330268367,1.6203403757719854
2018-11-05,0.8933828977032497,0.414472939917289,0.1428312482371699,0.8511386111939142,1.3714998672535827,0.5272143320711615,0.868382870280042,0.8432869024150598,1.1885641141202534,1.0089237986552342,0.497904926056254,0.47385750830158524,1.116586377845079,1.0665687046671217,1.6348700628858521
2018-11-06,0.9042348430318019,0.41663417063243535,0.14632493990611842,0.8483207840839955,1.3671913042835242,0.5281068966996544,0.8708710358776626,0.8286858471366908,1.1958310297845696,1.0232564027058975,0.5136703354694373,0.46038734706555257,1.1025562073331492,1.0687079770483616,1.6345651000188295
2018-11-07,0.9074744650644707,0.42776217816406037,0.14371642324747363,0.8471329093760935,1.3652522442256148,0.5259934972582155,0.8765719339788238,0.8286708060690717,1.190942984711633,1.0222179122252573,0.5062379782012851,0.46114391432178237,1.1029116779938009,1.0602208548212018,1.623920892130754
2018-11-09,0.9078571589329811,0.4345006417229475,0.14360518922484816,0.8613525194662345,1.3436761712250758,0.5331328667864279,0.8816849397462515,0.8118416861510218,1.1810645148548524,1.02193721626326,0.5170725235424214,0.46267601330074043,1.0978086773877962,1.0598581309756527,1.6222097250437155
2018-11-12,0.8801392956498877,0.41486967575338174,0.1524519783756379,0.8310219526218889,1.3424775736205454,0.5338789663360016,0.8843122841184288,0.8104127619194641,1.1626657718851943,1.0332233670965276,0.508173919035809,0.48158101365156425,1.1196055800455527,1.0193968893517409,1.596835575280117
2018-11-13,0.8875586563124594,0.4134439798449302,0.15898005837294552,0.8202385926607103,1.326630404369275,0.5656577071492358,0.8926981920085147,0.7959151538016775,1.1615776655409427,0.9269780362807095,0.5079413729905917,0.46954721958134626,1.116753568399133,1.0138206050213592,1.5663840464032102
2018-11-14,0.8910311770515029,0.4273889520031538,0.16546790594864735,0.835891088816104,1.3200480252457303,0.56047588523828,0.9006135310826135,0.8142332644433736,1.1779202884123094,0.9386164103291703,0.5187000783949148,0.5759216813276777,1.1259925512790259,1.0065311043183913,1.5603791208731363
2018-11-15,0.9117538523494708,0.43374802457024103,0.15036016351658957,0.833511040999075,1.3167303608720664,0.5556413785742413,0.8922916351541547,0.8235144809447957,1.185220628633034,0.8535492126480536,0.5063076413068017,0.5689220743686456,1.1499721082852121,0.9914736436922549,1.5474871797952745
2018-11-16,0.8957543761292932,0.4308508599537014,0.14616342701964632,0.8428748233763378,1.286350955763379,0.5592480653265126,0.8968373115670961,0.842093942507752,1.2070111545907136,0.8766502986798972,0.5241325642762386,0.5415671333368772,1.2545277320009616,0.946478799371999,1.548297698322641
2018-11-19,0.8845556883453207,0.4317557807657968,0.1697618299238729,0.8141963956989479,1.2821275718384022,0.5543469976469556,0.9076098249671508,0.7982931296158883,1.1890715702807129,0.8980512538542684,0.5451446270526034,0.47771941095713466,1.2723393896330624,0.9365084262727215,1.5522147903352161
2018-11-20,0.8749709950646231,0.48903837220113927,0.19993170770507018,0.8565120462073813,1.2478263528822637,0.5809266099540717,0.9071101680326807,0.8101840451956395,1.178473893300757,0.8998317004663954,0.5829159559832865,0.5008041088377918,1.2892911054946798,0.9368120336881106,1.498765171228609
2018-11-21,0.8735588432972153,0.5078753800648849,0.2085511402879559,0.8577634898438985,1.2464719744729333,0.5780350400372497,0.9095349245178566,0.8076433321398742,1.1578208452914391,0.881415096402276,0.5395003184856593,0.4979455910685637,1.2882046800140876,0.9605330568426375,1.4824270394484365
2018-11-22,0.8782127131822489,0.49842679948182667,0.22660544886187545,0.8450586013253405,1.2339119152449325,0.5764548270322347,0.909082902556881,0.7755683014503539,1.1483972699334541,0.883050589161133,0.5289037025242544,0.5076479852544535,1.2922787762872077,0.9803774111116157,1.4936938249347051
2018-11-26,0.8645673722421222,0.49234258855857804,0.2815043757652942,0.8380368192137387,1.1564213108479973,0.5544894918905583,0.9246134326244957,0.7861347073861941,1.1288648986557064,0.8235328844967579,0.48534512942206354,0.5497298800069896,1.3043398064088554,0.9380719106193321,1.4751256874615684
2018-11-27,0.8504902946090918,0.4760202749515611,0.2429069975731751,0.7999213575530717,1.1576608346124408,0.5484538946501918,0.918887577313968,0.811092088454747,1.1436901084696522,0.8271406167405139,0.5108414193872959,0.5486519766102811,1.2539095329338688,0.919295880559415,1.4977269723778108
2018-11-28,0.8346040358519584,0.5060148767950456,0.23894890216393902,0.8058430278404679,1.145688386880296,0.5249425566312078,0.9156917100983119,0.8256189002352213,1.1287502455249112,0.8148087239411093,0.5150558581069471,0.5637310940411949,1.223644325036641,0.9090282841995863,1.488581802598768
2018-11-29,0.9062908134344704,0.4753056312509612,0.26104126759929963,0.758334004414277,1.099293735132942,0.49554939009185134,0.9344374103603841,0.7889869091945191,1.1322299130055336,0.796786885328328,0.5563594303306805,0.5767059057501217,1.2157830066547235,0.9284839425112646,1.5035606971746225
2018-11-30,0.9124423817287765,0.4791074710116859,0.2730178281901124,0.7686396903837941,1.0986684845187253,0.49091838604555615,0.9319893141752049,0.7945028820340682,1.1498526534970945,0.8051289860070615,0.565035670029685,0.5817494724120954,1.2111584658624466,0.9256009469080545,1.5002832241012412
2018-12-03,0.9091816224157027,0.47650050553555473,0.27414295007375666,0.7613001720588185,1.0996259058133107,0.49718262689617837,0.9293688477467954,0.7884665737056982,1.1421497641451128,0.7815788219053047,0.54987030630198,0.5888317516964794,1.2158206586703446,0.9324344029591636,1.5038694448934908
2018-12-04,0.9017368982318124,0.47498470301190737,0.2993777105524895,0.739015174635384,1.0941176612154675,0.49155868211378095,0.916297817106819,0.7679342877160299,1.124910326098967,0.8004652096192097,0.5964039663662731,0.5847198433866964,1.2281062435731327,0.9419607227252067,1.4791601073135254
2018-12-05,0.9033846957110309,0.4960830726960425,0.30435836046211906,0.7465551987693929,1.094842151747321,0.4984828070136737,0.9278239664111972,0.7494804904710427,1.0984864588160566,0.8622921840340263,0.5940872714073906,0.5961141137492758,1.2311463173999895,0.9677537175031612,1.4216572214289376
2018-12-06,0.9233191056238648,0.5157324639523627,0.33411127112433125,0.813513777820506,1.1058079295271261,0.4959979298979135,0.9121485508572996,0.7461283468639227,1.1279151661333755,0.7857062965866756,0.6044274232940379,0.6404256110852365,1.2406203173157864,0.9638758790493724,1.4909558016273077
2018-12-07,1.0168758785597996,0.5452932885037044,0.33131621521845706,0.7928409122269952,1.0868006482613541,0.45574515168860197,0.9092764738740848,0.7573477160153167,1.1264966138816515,0.7348969967202729,0.6265383911379754,0.672571877977473,1.231176070507401,0.9458519665332191,1.5134212020356859
2018-12-10,1.140968293995162,0.563214667701107,0.3598162001883653,0.7824487975342859,1.0866153794425473,0.4531113772475324,0.9005468241452831,0.7218170958184054,1.0975774241480103,0.768384505295198,0.5868100240305227,0.6852275815170576,1.2071680139245988,0.9059614429085412,1.5145932874510817
2018-12-11,1.143269359015948,0.5758503156912731,0.36886192237610615,0.7935100751635016,1.0839290366172738,0.47215777615345056,0.9112369476842773,0.7337845223002276,1.081912577259116,0.7907708795220273,0.5593553711263626,0.6543809686175395,1.2109642639272282,0.9062326985640291,1.5383380548659094
2018-12-12,1.1253111268096458,0.5862875018937166,0.36757054965640135,0.7719151206846698,1.1216014626372712,0.5385640199351498,0.8549631237708853,0.7266307294065515,1.0596539229580029,0.8293051605380197,0.39566165311701784,0.6745429851429062,1.284361890784975,0.932669890596971,1.5715838360745058
2018-12-13,1.125885953812971,0.5978485810040572,0.3734881989964278,0.7899848639520447,1.1298833969619082,0.5402532875287696,0.8212610496452191,0.7081084897575722,1.0726213201873973,0.7808111543928649,0.3986636989188805,0.6807776616848527,1.2883203685931153,0.8995558150436096,1.5524528139838405
2018-12-14,1.1389669527491864,0.6386416096793412,0.3703680418684455,0.7577540131420701,1.1170973331734178,0.4996524651720738,0.8373972524594473,0.7306849619070137,1.0697457929614236,0.7441561568098692,0.3698627027296082,0.6872702838026283,1.2977118268966104,0.8893316225720718,1.5254817410243244
2018-12-17,1.103626458202621,0.6085933022255403,0.3931506450662019,0.7919203036709265,1.1341067987262352,0.5086934661856951,0.8388995479575837,0.727757971226333,1.062720701485415,0.7298585193791941,0.37313366322743696,0.6611448775722423,1.2927646937706214,0.9299670814416042,1.567942008228156
2018-12-18,1.102507981505283,0.5950695916076201,0.4002123923106821,0.7757805662127022,1.1594302012091047,0.5035719895006393,0.8502397935600856,0.7365911453484157,1.0790365171166254,0.7490403461277916,0.38564672169781206,0.6673241585409688,1.2852403119785039,0.9364807819974263,1.5285860378667901
2018-12-19,1.0960293814947497,0.5809223574326907,0.4122323567917416,0.7851194249433103,1.1752675871120104,0.5145767068649588,0.8585991244101414,0.7333906521019566,1.0809703927646133,0.7422021936026392,0.3805618495797247,0.6532566112295359,1.2915772478760017,0.94421470397,1.5819833237637098
2018-12-20,1.0616861400656952,0.5640550096750767,0.4270746176725288,0.7475946790791459,1.208250795628961,0.5153994051730011,0.8827962268901002,0.6941310817672766,1.0604068901392802,0.7290059245989332,0.3611163283830634,0.625748630267619,1.3085199004511354,0.9627529335065447,1.587577694721195
2018-12-21,1.0119052390235639,0.673780495007088,0.48867640384659705,0.8199357021456835,1.1986891174250158,0.4844328468776614,0.8821800336227462,0.7170387792640098,1.019647244495929,0.7041679136972775,0.3746455768089964,0.5938337012671244,1.2786694188088488,0.9069127619981084,1.451687336000922
2018-12-24,0.968559200294987,0.6533906281303465,0.4917571168602117,0.8040625182932866,1.1878914562014136,0.49524282431711975,0.8712981194443994,0.7292142818619307,0.9938042412190718,0.6579027784891346,0.35060633827508886,0.552028964019882,1.2584426750657156,0.932794542796767,1.565424482303754
2018-12-26,0.9674255288071297,0.6426799498869513,0.48409787381352837,0.7931901258285303,1.1747465762845468,0.48793023228757476,0.8665763756422957,0.7100309364005669,0.9811669659586332,0.6372632952029869,0.3557651598710235,0.5410541326157624,1.2866464227178247,0.9305615749754614,1.555709739401603
2018-12-27,0.9423068865380512,0.668807377131846,0.4863245357878853,0.8083477383232667,1.1725334848026963,0.5063457490250578,0.8805859672942972,0.7054155612439299,0.981085840415671,0.6334424379162535,0.3259963557681181,0.546848798990069,1.2728407682905127,0.9319651855047602,1.4982637037277207
2018-12-28,0.9350045644262418,0.6716042284483993,0.5000429434111221,0.8118334566577352,1.179913367682376,0.5136361694514683,0.8910412088415102,0.7345658357470143,0.9937241743245665,0.6684985624069532,0.33462947309013463,0.524822273008987,1.2379073423191578,0.915609560502794,1.4703515512957288
2018-12-31,0.9612284895645233,0.6524304904140505,0.48512605217301735,0.7989787274330374,1.1757164937315447,0.4988510920779117,0.8987737663468431,0.7508623100929824,0.9988350759108495,0.6498339418862995,0.34645597642834314,0.5113015771945124,1.2805724151498838,0.9178946233203373,1.508080665552214
2019-01-01,0.9412198809494382,0.6255420458307522,0.48199810408712496,0.7970352724568394,1.2380989522021753,0.4901482017028498,0.9113439580235657,0.7118887942364626,0.9880537375447259,0.6361978969183686,0.33902083689097057,0.5319811453042154,1.2649841977352938,0.9332968084194788,1.4980085994019232
2019-01-02,0.9399295215541953,0.5651352581906592,0.5037693360110191,0.7239897376364286,1.1726654643141121,0.5350441769345977,0.8936286746066865,0.7621037628819897,0.9868058189787136,0.5574236454880414,0.1920571877949462,0.4903675792550425,1.2927768367322656,1.0764634796742338,1.7405272513871395
2019-01-03,0.9416098430890028,0.7372258769649888,0.5500201595763946,0.8213166105561517,0.6832222932687847,0.5356388117656559,0.8275635702336294,0.835982475027096,0.9247178762442162,0.6360650905299468,0.26805611986282024,0.5631894850794724,1.2456329609604098,1.1294415680260415,1.6536773397319888
2019-01-04,0.9259534482101477,0.7322473415565269,0.5559044072510194,0.8193995417959831,0.6916931016827728,0.546122866338762,0.8360224962621932,0.8103336616899272,0.9112174444994253,0.6279419895149749,0.2828123932061821,0.5669742014405412,1.2684300987864021,1.1435484723387153,1.653401420029564
2019-01-07,0.9279306462875859,0.7488802891222054,0.5680985495247438,0.8286544479585891,0.6834269878593684,0.5516713773525326,0.8233838178219223,0.815950322845957,0.9091567512892326,0.6415095176184301,0.3156300288852381,0.5730458016656147,1.2544117793776297,1.1676900854608323,1.6784716564577742
2019-01-08,0.8930126999213507,0.836940871594801,0.6375987432810317,0.8489839991281173,0.6738841632172737,0.5223701057286619,0.8441561624550097,0.8545060443214239,0.8483337934527232,0.6981265451386496,0.2988788294078889,0.5338169500701416,1.256915740292949,1.1596285331088527,1.5788033168953988
2019-01-09,0.8893523376292338,0.7558112978577236,0.6615229330797249,0.907860261699938,0.8517798123742912,0.546042290332652,0.8551630340593521,0.8796004505351329,0.8155246273873015,0.6705702125584696,0.2876064425918723,0.577674462164371,1.2304032884804934,1.051086069417793,1.4456250471846819
2019-01-10,0.7823234799007533,0.7931101160242613,0.6930812692088607,1.0127819704917596,0.807362282030071,0.5539141854902544,0.7739581511588433,0.8161411883880638,0.7500284594971827,0.6922318126013124,0.3408764359578345,0.592508390440042,1.2893946073344908,0.9608209587475913,1.475726039818842
2019-01-11,0.7799918219588144,0.7696483545701608,0.6804179557187381,1.0085610790115482,0.7873696105287936,0.5504615205321913,0.7444325146183448,0.831341380736019,0.7609420390671123,0.6758189569794606,0.31202487738236573,0.5916925820939422,1.295384865614235,0.973331473616437,1.4887536379651876
2019-01-14,0.7887397060184734,0.7463800909041424,0.7453930609286733,0.9957178293903806,0.7472770187972562,0.572783159291039,0.7515175109749336,0.8331018439950633,0.7530367957209491,0.6416753508268815,0.31405833925289334,0.6013592286513159,1.3038379611016162,0.9693295407412227,1.493828200476242
2019-01-15,0.7872647708631034,0.8799540756680476,0.9337253744332819,1.1120993462728257,0.7322769305849853,0.5687958191294504,0.8041021049229182,0.8265582907232216,0.7274168307509467,0.6321724083746918,0.3201227371039459,0.6328392965236823,1.2862496518498354,0.920973922890799,1.3064546639048604
2019-01-16,0.892247237045937,0.8153036180828471,0.9765508548026214,1.0306526819727384,0.7394298750057754,0.5726906333964189,0.8795016096999448,0.8222131660903996,0.7705911475869991,0.7714740733323537,0.3173093137685765,0.6464221838745157,1.3289671740810731,0.9776310395728882,1.5666162829947718
2019-01-17,0.857700941797235,0.8126722024949238,0.9802627319799152,1.0096366104326948,0.7061070758393109,0.6119495265373269,0.8827718032458044,0.8320610394954779,0.7797898752318921,0.7749135358339027,0.300126118240651,0.6629447786682222,1.3289687703422695,0.9633210369349426,1.574035328642453
2019-01-18,0.8964803356952256,0.7493733338583347,0.8948631035915082,1.0024060382174098,0.7154542347556269,0.6360396327539043,0.8857544895758563,0.7715881299708933,0.7549877315483224,0.7009539056002796,0.2631510814616144,0.6947503613912297,1.3743100632074352,0.9989464183582794,1.623710138976126
2019-01-21,0.9190213237589885,0.790235809116456,0.8818101489118197,1.017309806640651,0.6843523227711746,0.6509320748783937,0.8776642729071776,0.7498370122597675,0.7889002200714145,0.7322378682042147,0.29035987276493946,0.6973086538880305,1.2275380583094415,0.9935582060424374,1.589242670237215
2019-01-22,0.9356925781630493,0.8284685432934134,0.9528651026619207,0.9756957990582554,0.6651291393777364,0.6618256207870677,0.8965491655082712,0.7659339560395231,0.7763707953440399,0.642824904849898,0.23017413292061897,0.6981248559571791,1.1114366994116973,1.0367145615337794,1.576018930031004
2019-01-23,0.9087411820380102,0.8148568193312519,0.9400138903571593,0.9665638198625172,0.6272983401130974,0.6516039708488749,0.9409713092916513,0.7610723618940822,0.7482190747433979,0.5594805464555649,0.2401955898502613,0.6394888312990058,1.1460244392757806,1.0289712437228187,1.6008302131827605
2019-01-24,1.1209576271108868,0.8256004342450206,0.9029834290694152,0.9964242364960264,0.5790109742334151,0.7275851992088569,0.998337744954591,0.8007510617804763,0.7710745808295406,0.40342336808156953,-0.01919151355287966,0.4242493697157557,1.3532448191518052,0.9074238470801153,1.4161143561133713
2019-01-25,1.0988685008354726,0.8640081787151199,0.8802371936435242,1.039428803380143,0.5516399558672829,0.7524151558478079,0.9659455431917835,0.8154936373538455,0.7895280391850147,0.3704988179433797,0.017228275846537897,0.4895080037495688,1.3016513328795845,0.9094760192461319,1.6003779273165881
2019-01-28,1.2054143353803886,0.7300397061324047,0.8635308162347897,0.6458748130524873,0.5674494231198781,0.755965474432477,1.0442486928437595,0.6595141598639427,0.6748510105685082,0.2722828036016173,0.17968745112559867,0.7036802227588023,1.4041762690682378,1.0698968043970374,1.4674003964444204
2019-01-29,1.205516236348396,0.7216479424463226,0.8566124124891611,0.6384894319810092,0.5707207207192427,0.7510683875195835,1.0362271838268318,0.6531683872412656,0.6744488297973228,0.2580023796535788,0.16453820436723404,0.7018027939808139,1.4018674521107728,1.0724486343804889,1.4778032321510026
2019-01-30,1.208913849627683,0.8203289653145719,1.100047875828465,0.8959348144200303,0.5109442324711725,0.7693632009932024,1.0162408309432698,0.5887822702784921,0.7228623061763001,0.25622821192992784,0.26150533093694617,0.8441298844822663,1.3769056101902777,0.9818473905045059,1.6484031285306218
2019-01-31,1.2344926582743072,0.9038133234591584,1.0973582722276285,0.9438215909275782,0.5204835909319998,0.7316664479889234,0.9846425841338733,0.5845851550416307,0.6602602142984979,0.3227275394442184,0.32638101792723373,0.7987327385878109,1.325445151576496,1.023175989806244,1.5648429863029916
2019-02-01,1.222281069946152,0.9081513600423768,1.094762869555964,0.9640170161390486,0.5242491585403345,0.7329118108811445,0.9884131867711802,0.5845426604910912,0.6762984041973326,0.3262616073491164,0.3580404490755942,0.8058977067517293,1.3402722579831645,1.0138012923944413,1.5609866429464931
2019-02-04,1.227556183223892,0.896776790497392,1.1057857796640687,0.9695573040630008,0.5274714101528121,0.7234361137578408,0.9772220037228875,0.5826520305734241,0.687155245197067,0.30789698019180484,0.3564095419612122,0.8002267526023709,1.3416081658227852,1.007248973230435,1.5711563285124948
2019-02-05,1.2287526133329107,0.8826017196014965,1.10007481019035,0.9768273005085227,0.517548044122258,0.7264373080444352,0.9682368140519547,0.5836873929310219,0.6752404131301818,0.3210807793375289,0.3565823471624534,0.8039899213468715,1.3331779490857505,0.9937460273594738,1.567939551200573
2019-02-06,1.2603143184877639,0.919913800753507,1.099926248276798,1.2800312941092178,0.5961325329711561,0.7618443105290469,0.9685994725962723,0.5416842689879929,0.682350057844862,0.36442137058124874,0.32419383429202536,0.7884826298475651,1.2953142867344165,1.196779930973051,1.5309318001329566
2019-02-07,1.2657558839535004,0.9404364214636584,1.108335829790257,1.3010626409772388,0.5991001885217822,0.7101993022021423,0.9625284412555133,0.5543902054263172,0.6772512100836072,0.4739772172327228,0.3139191051413715,0.7970115307176527,1.3139052726224218,1.1877279923341042,1.562014013446916
2019-02-08,1.1739783341992605,0.9181927119729467,1.078544536773744,1.2410861501361108,0.6650625243684646,0.7715093649684873,0.9810015467242192,0.6796312796922529,0.7590740501194134,0.4491220038900963,0.37078412728062254,0.8749150473115316,1.2476199845650715,1.2677551176510014,1.394147171191985
2019-02-11,1.1451616354045817,0.9117135784275476,1.08134074405389,1.2142838528827211,0.7305285514636236,0.8012494322199425,0.9736447505115129,0.7259230801145286,0.7519185814805665,0.45750166899184086,0.45170696314609604,0.960006601777039,1.2387135382935464,1.2142663775541833,1.3571968096420115
2019-02-12,1.1467951696619143,0.9584295501728233,1.06711044741023,1.2004300061464641,0.7574501384605982,0.7588705140180374,0.9727091412995047,0.7028588655771255,0.7681683959578316,0.4068891456845745,0.42442461635336043,0.9777105175129251,1.097151103868404,1.2255355970277826,1.403082466722086
2019-02-14,1.1600209865181121,0.9939064241760854,1.032892985361768,1.1905563697679296,0.8530173313475444,0.7958792404907624,0.8913868567340597,0.7994531996313865,0.8126733182574625,0.32787924351609743,0.37439134892548886,0.9468507881714849,1.137050736363473,1.2036398583665395,1.3143647469060007
2019-02-15,1.1761059943242786,0.969504899116378,0.9568557103998118,1.1357774068092985,0.842101209159043,0.7292734538656893,0.9047681490245172,0.8008107592711652,0.8013604598248402,0.3348657974192741,0.3106697953189725,0.9050279504375607,1.1228340528324527,1.1690430804156042,1.4012054524954292
2019-02-18,1.1861423039622052,0.9138181140533225,0.9201105651631217,1.0769892215745442,0.7863654562660206,0.6900106587226782,0.9271889294123218,0.8297640003700937,0.7823780471337413,0.39255442452849054,0.4023498018083345,0.9709541782618122,1.129589769612844,1.1341970890196547,1.4827833971894544
2019-02-19,1.183964805949947,0.9478451232673253,0.9146852981577789,1.10131476601126,0.7874593652218844,0.7003757752673125,0.9239484571787028,0.8343578893782087,0.8051535987898325,0.3772125854385755,0.42289749771704505,0.983826244628553,1.1100780941477928,1.094968026786276,1.3916671700671777
2019-02-20,1.188135195280676,1.0030430672110562,0.88222509551075,1.1580615174026365,0.9890383704153651,0.7999577914663673,0.8612420387311983,0.7850130603589173,0.8494573769931465,0.5185826929499556,0.45073720590790417,0.931739447138877,1.0982702544841516,1.2645622606695408,1.3562324540984139
2019-02-21,1.1850003956138269,0.951368182220509,0.9199939106422346,1.1734720524877496,1.0214839874555754,0.7830353813306038,0.8619929919482047,0.7895496260168353,0.8799346129309827,0.5887519194432183,0.4667145486890744,0.9782137357246148,1.129997234564309,1.3087717111877446,1.3708789617955295
2019-02-22,1.2035395514306506,0.9116880451742295,0.9334144332003413,1.1763497555439981,1.0504084340548463,0.8029390576701705,0.8750059161251547,0.7748117763412284,0.8967332449604904,0.6062670229266129,0.4758427685964362,0.9828073858839416,1.1801006776042484,1.3102656460769875,1.3891846397308116
2019-02-25,1.083626654843313,1.0228605317501573,0.9478330581595361,1.2668215737085595,1.1134413736473279,0.8596428569518145,0.8497710920986823,0.8524251260101798,0.8853038713772132,0.6586537617514515,0.40163756448456067,1.0460686162950197,1.197686891326385,1.2894097152970796,1.3374759072653892
2019-02-26,1.0763764037014805,1.0368083948997782,0.9284439299325169,1.2507090999972539,1.1134773211562317,0.861595226414757,0.8532700199652822,0.8456565571130603,0.8511359124928455,0.6467052361486242,0.39659283152294167,1.0627248659090194,1.2051945670805042,1.2900543494815209,1.3464089432088628
2019-02-27,1.087538098106912,1.0429084684545866,0.9518315639265607,1.2558557112595319,1.106832519203988,0.8630769749794722,0.8543731483398245,0.8507704813467291,0.8575994584905684,0.6481264168664606,0.39992211815381934,1.0603156428574148,1.1886907711418309,1.27896657686948,1.3494840266685726
2019-02-28,1.0881699720669413,1.0509183471708436,0.9637863219047835,1.2591632289558448,1.1014783685323162,0.8529442893771444,0.8518730051209964,0.8481567202400216,0.8576346266008238,0.6368935213190345,0.40649910021802593,1.0499829372996157,1.1896467506835384,1.2834963115049332,1.336207846422665
2019-03-01,1.0880463699135743,1.057507784807292,1.0055876234879169,1.2706880084829235,1.0710590654076064,0.8448351409602063,0.8195516330983738,0.7986394562373177,0.8750482804667753,0.4937550696211626,0.39276905178415517,1.0557183208189667,1.0959520237208815,1.2342379994918597,1.4161899735964578
2019-03-05,1.0460363528332612,0.9609230678095222,0.8646600096398361,1.0171146043103017,1.1138372716124283,0.9255904945762786,0.8668426438393526,0.7674701980309481,0.7337401305649822,0.6566499467623312,0.36440014251226654,1.0511227245604453,1.0104593462823144,1.3135894515667763,1.3736539666537928
2019-03-06,0.8546776121301398,0.920990322941801,0.8916244268433944,1.06503815247847,1.1391906872704372,0.9923124995426922,0.8863177221185258,0.7255934045453492,0.7048693660045963,0.7332713301552015,0.3452824158976773,1.0230761438671228,1.0305327884039608,1.3301911515249665,1.3310682863412395
2019-03-07,0.5403338110505203,0.9022037688101269,0.8664080034661177,1.1290066953229578,1.1661681565438973,1.0348495010224696,0.9088532978534501,0.8208934189034517,0.7415579941036109,0.6177642717304443,0.3862935687157281,0.9788920319751608,0.9652749521123571,1.41920931040968,1.2732187664993584
2019-03-08,0.5145953174465105,0.9117308969590718,0.908611222811253,1.1206544734826525,1.1771995680550482,0.9910657858778804,0.8839696691862531,0.7965900959172175,0.7286268104889456,0.5190159952540156,0.3959500621253277,0.9928888606649241,0.9968008797859846,1.4608251710535438,1.2376450238368641
2019-03-11,0.4874652607069999,0.9256189473151833,0.9590047803230529,1.0827109938353754,1.1614499133141514,0.8824792056021452,0.9220950667110096,0.7705684777336579,0.7336200559269862,0.459398550497497,0.7324463557287975,0.9773177357679406,1.064999093384364,1.4109376438419117,1.0661700062053912
2019-03-12,0.4791387975257669,0.8238295060386548,0.9064666312781537,1.0168566102448362,1.0678137003892112,0.837975020567378,0.909817492451136,0.7743925500924594,0.665573121706201,0.5624370138133746,0.758381060105622,0.7824601509993072,1.2418312928313884,1.4141726695660126,1.2680723448741127
2019-03-13,0.4773296947775623,0.821522530702106,0.893568915262084,0.9943145664969693,1.0465748853572134,0.81245083817519,0.9075585735207066,0.8001020724807144,0.6616994804985845,0.5318925127663839,0.7523604753371044,0.7448843589593149,1.189929232865765,1.3889343606627185,1.2863208511451376
2019-03-14,0.5499037376447972,0.8763788041331564,0.8633519258996536,0.9901772782727781,1.0417065098078897,0.7770356193321566,0.8889033904397307,0.7710579130418063,0.6498882985999469,0.539084547878543,0.7465445883018517,0.8119750170617365,1.241208813347787,1.36108718613712,1.3079337583585464
2019-03-15,0.6370861205763253,0.9048489588331805,0.9135384961808874,1.0093464690425054,1.1007104498738558,0.8241408504150955,0.8398800571203189,0.6677761401770883,0.5795821972924351,0.5074991791357681,0.7406435582409017,0.7833007947133986,1.1854180880520628,1.3291931110923492,1.2347194351433692
2019-03-18,0.6678385271827657,0.929254211194265,0.8741120160155113,1.0046585963790222,1.0939496251771297,0.8107388172916482,0.8221585896032718,0.672086377345375,0.5669305233243497,0.5482241962532026,0.7637187798723841,0.7589698498706792,1.1510742381000303,1.3505367588649573,1.1227737298663163
2019-03-19,0.6707787437018129,0.9519280890205728,0.8476577761663853,1.0036719746817233,1.1108515416065912,0.8333420438443795,0.8481155416401888,0.7169165357892123,0.5504438243202784,0.5648457531510602,0.7875925818837658,0.8043392002767099,1.158473076090932,1.3412589506411023,1.0702358631703432
2019-03-20,0.6976741954799328,0.8199274733128241,0.6955364282467492,1.0088656350009615,1.280620507652753,1.038425377807212,0.8047866721472371,0.6872540226731124,0.5176030721272988,0.5565357824373581,0.8231117157877457,0.8187027875963414,1.1141378726792037,1.5068751992234317,1.0843031535018555
2019-03-22,0.7756723542600709,0.8340342372583521,0.7727605771651489,1.0410506392255063,1.2786810413562522,0.8353666190932543,0.814248756117324,0.6518678496188643,0.4941647729122288,0.5645621283148897,0.8254919182413313,0.9238402927419885,1.168468518272972,1.461134735838006,0.9601907541704604
2019-03-25,0.8251635529161654,0.8808180714766882,0.8213348726849299,1.0321823422672323,1.106286199837533,0.8160330924889083,0.8346554037423878,0.6859546463408962,0.4977105650829037,0.6828524886634014,0.7479681951665123,0.9090651163880488,1.1203004441614508,1.4457918795885036,1.0859944844759242
2019-03-26,0.9040852022729746,0.7772733729399862,0.7616473468912388,0.8672589779306004,1.0923759693463364,0.9118271313407582,0.7605138154317689,0.70099177904249,0.49633684069676137,0.7043396258463546,0.7386559025979464,0.9195812767208748,1.1045903369754424,1.4439679076096457,1.2086478984330076
2019-03-27,0.9276444809190901,0.7868880104409585,0.7548137147763407,0.8752980956787014,1.0962964353766036,0.9485865145233262,0.7587617743240292,0.604133164034161,0.48402720579823866,0.6525668333659838,0.7273831096184894,0.9227952169470234,1.1446156137308539,1.4388474384026695,1.2460258686552548
2019-03-28,0.9144028379614602,0.7920588935737688,0.7285621894064481,0.8745409124035624,0.9533259676784298,0.8713824341958288,0.8131487998084138,0.6394526211371495,0.46755195225192236,0.7084673814782,0.634146303152607,0.9888479997839467,1.1809264300288156,1.3242720400648738,1.2639494749129818
2019-04-01,0.8883240521099061,0.8364890953844851,0.7785683209106969,0.8987211642193785,0.9489293861074779,0.8343435316641385,0.7713319679836227,0.5862538094334916,0.41689647556631637,0.7108991097873625,0.6935816398878786,1.168521516297539,1.2514535367155835,1.445875595046549,1.2610596218258003
2019-04-02,0.878681546608804,0.8667499105804656,0.7793810377145335,0.8900381298129467,0.93411555143004,0.8105982066967222,0.7637751089607429,0.5930060153289543,0.42271668454506756,0.7442156561670892,0.6971529432570273,1.1632053380451992,1.2499547816233725,1.3407780625389534,1.1824612827553724
2019-04-03,0.9011824704092662,0.9200130060172692,0.8068965469236189,0.8333952771238159,0.8516113620732935,0.7276930682712874,0.7785511078465144,0.6353462581432676,0.4739752305545901,0.774128445232605,0.712119538872079,1.2291670738265708,1.3589462036064188,1.2448123497314945,1.1692376510203475
2019-04-04,0.9029409654712589,0.9544034089396163,0.8318041242649186,0.8657183705431578,0.8238499943819936,0.6962604747326719,0.7761301340013211,0.685142001577933,0.4404959710227217,0.7661957877003825,0.6954272782489085,1.1984160207067933,1.2781909030678635,1.2433656573927951,1.162725472886387
2019-04-05,0.9159078220747527,0.9573863661409271,0.8477363199236276,0.856270494646166,0.8173777667404611,0.6600740416177295,0.7678121199674931,0.6909697516967773,0.40477207112081776,0.7599638754011375,0.6976892627039147,1.1864859814377433,1.261986292901403,1.3009193466863354,1.133861238759759
2019-04-08,0.9010730974565607,0.9258056803502299,0.8222282985515996,0.8171155734093208,0.7882569978922932,0.6493658537175565,0.7679075224071636,0.698261549792429,0.4249447086495694,0.7326840370048688,0.6802475558771964,1.1984551374484664,1.2519094866556404,1.2819931241219893,1.3213329977968953
2019-04-09,0.885391239723872,0.8953726278337573,0.8700840140835661,0.8115254430349821,0.7993477077820899,0.6548878932634329,0.7566975400878966,0.6562983334365897,0.417664366138242,0.7594973590983055,0.6542254835326966,1.2063914208752715,1.2101515431342433,1.3238346777322518,1.3456071443676505
2019-04-10,0.826043981209479,0.9210657202966124,0.757017708363274,0.7971718568722242,0.7554679666339913,0.6915130092979067,0.7543062217465155,0.6578163126861902,0.41046490404803243,0.7243746890042884,0.6272803865566751,1.236721862218015,1.3034378886858229,1.3534962160726445,1.4661001000337193
2019-04-11,0.8320598458397377,0.9313452144070264,0.7694987602004688,0.8077296317963744,0.7688343065818845,0.690786004300722,0.7838848558316134,0.6453871369135591,0.4169348988829774,0.7264228263125903,0.6216254131765793,1.2508998357897956,1.2995323891386241,1.3406504270670656,1.463565109495328
2019-04-12,0.8145539156127801,1.0116871526678286,0.6571926267820163,0.7487960119819629,0.744083432181384,0.6513843128774369,0.8161980477100611,0.6657582581400731,0.4512629518240229,0.7674704999820954,0.6141902243184676,1.3451695490279547,1.2758724243177344,1.329649007155612,1.4925263482244207
2019-04-15,0.8880719457095337,0.8715629175664265,0.45158099218224507,0.6265966377540295,0.7306794797550228,0.6976709765171228,0.8284240577739928,0.6799012444327304,0.36871634581597823,0.7830891492794909,0.6200852895678831,1.4047876216731414,1.2808329567168653,1.4133889652763452,1.4688225399741426
2019-04-16,0.8859622718722222,0.8478658336328986,0.3798630170285642,0.6079378951046928,0.7821363518063964,0.6939641707357901,0.822900124654124,0.7057121364319627,0.38329924959967776,0.791006152936142,0.6387091752728651,1.3935502638980672,1.258538371958002,1.3788701941478119,1.414103265601642
2019-04-18,0.902727023487685,0.8576396169024914,0.35844104456818865,0.6027610233432655,0.779608913856433,0.7194495298395056,0.833187870445918,0.7298098135791592,0.39114192231615386,0.7865518877925133,0.6513233191462681,1.3874072139558855,1.2600118759860286,1.4034537303530854,1.4071476383755996
2019-04-22,0.8981421186003018,0.7624667837404465,0.29022275798580355,0.5376164431645508,0.8233344621832399,0.6514497335317867,0.8147570007073178,0.7110708226927968,0.3491310199009643,0.8051585595670843,0.6117705538669473,1.4420004440917993,1.1140025269074592,1.3922988586404528,1.5805394632558105
2019-04-23,0.873710390919914,0.7281176789510503,0.3219655755775903,0.5354227023886817,0.8182002060942056,0.6844812754865884,0.822063072179586,0.7090794307342866,0.36161872989070426,0.7584123204894674,0.6068796298778887,1.4785484423555715,1.1339593278999132,1.4175031212915885,1.615275251528723
2019-04-24,0.8958643752661953,0.7456453592333887,0.36337852923720376,0.5709168489758616,0.883973335717757,0.6447916292663181,0.8231965287163855,0.6515487203040714,0.33673549507077716,0.8022944551228247,0.6518216343806431,1.3376521287238796,1.1441513751099608,1.3109831441237134,1.6694674956277038
2019-04-25,0.8765254622463009,0.7216103262838826,0.3917744185553546,0.6118336752261403,0.8616191399370101,0.6238767645630862,0.7093390600672649,0.6761017640523249,0.40038389168802224,0.9529003232818666,0.5978652770027355,1.3066164418400963,1.1033444824808483,1.4568050032382331,1.6704803772224481
2019-04-26,0.8922151085391669,0.739854710609462,0.37320502981042725,0.6135139691044049,0.8254294494772128,0.6277073250704517,0.6914085914920939,0.6927103567730778,0.3922207230051634,0.9478891297659554,0.5470046907079473,1.2592229559192625,1.0443799170988832,1.6068490925775467,1.6418388675633004
2019-04-30,0.8995646337446791,0.7353507677567549,0.38060983826302097,0.615167305129179,0.8363410670103869,0.6009320819526884,0.7118699923104789,0.6940081463493115,0.4103982687421165,0.9686674874222495,0.5488187660416988,1.2521351351374574,1.1215474080093877,1.571370092026427,1.38257787876343
2019-05-02,0.9025268672340493,0.7923877112830556,0.43650251282857366,0.6760716910780071,0.8587598698005365,0.6411813389548845,0.656808493613711,0.7674018717815078,0.4829135195504788,0.9155063075231675,0.4972526180653531,1.2501475256637586,1.1222440655694352,1.5745307063710274,1.6293264814387975
2019-05-03,0.8881500131729878,0.8014972096906193,0.45863865076532656,0.6940024095879362,0.8472919157303739,0.6236027014778945,0.6710426586950267,0.779488492008172,0.5060022892355085,0.9360992185010484,0.515433387457401,1.2696586834133132,1.108484068403696,1.5827920872729286,1.5994388713586654
2019-05-06,0.8655969586051516,0.7934279152948857,0.44983798589851764,0.6462961499919447,0.8219324664223749,0.6213709989148686,0.6074285503410062,0.7781879270208948,0.5231281102691294,0.8959645918741151,0.4810829594772373,1.248565996676785,1.0407136595302575,1.6378543009832258,1.6216655356751046
2019-05-07,0.7825591290260832,0.6183917891159717,0.3551327725766418,0.5876687993119029,0.8083571898036558,0.6655172673143839,0.6491562302451552,0.7173951717046346,0.5631815872242408,0.9195596629784644,0.37667279072732995,1.3491081491957022,1.1630026334674326,1.6688160071271676,1.7824147598156863
2019-05-08,0.7749428468898553,0.5991752894478939,0.3782822905842998,0.6020340005194551,0.858896127500916,0.7533854887245106,0.6302783104081802,0.7398656564545499,0.48984782261355353,0.9704382247024638,0.3843783827641754,1.230966930387357,1.0971864410909162,1.672420295259463,1.7079122153057915
2019-05-09,0.7890483120461326,0.5869018005879895,0.3750988076043948,0.5795606486343343,0.8409407077374614,0.8044929174957907,0.6363095973110545,0.716625615080776,0.4585156422352775,0.9682015304902825,0.3893754740029856,1.2265875731095377,1.1508163688213755,1.6704023324191564,1.7088105559097642
2019-05-10,0.7791408067568399,0.5907716167525656,0.3815888158327905,0.5806783211194575,0.8714963011361722,0.808428158099033,0.6486396573138661,0.7211047553041515,0.4633293169696757,0.9772715649581131,0.38165056703193995,1.2123209341792573,1.1252998380204533,1.7363531616370065,1.7257413906592998
2019-05-13,0.8117594311922354,0.5224757295415351,0.3647058432396119,0.23110592065198038,0.8444244010967544,0.8539660793346288,0.7189484085109504,0.6727925229135484,0.44058257758742614,1.2778821076047027,0.528778016619611,1.2057189949162708,1.1995418066584302,1.683398983763108,1.7626053224852973
2019-05-14,0.7875072563925363,0.49976624663192115,0.32478633494774506,0.1577825170246855,0.8270103614457972,0.875594383569922,0.743527328652017,0.6452561733223925,0.45551501955413537,1.3698875516912878,0.5234151544669194,1.1390489844454401,1.2973985193332636,1.6473918043061309,1.761517031555478
2019-05-15,0.8388265255859807,0.4957759511221965,0.3372842170578509,0.16570752785559884,0.7659181251827816,0.8138444286070936,0.67868266905764,0.4939036836799145,0.3534888788146582,1.4305615614817295,0.4622297571931254,1.037188539763755,1.3967510851487928,1.5666154416038003,1.990275956583362
2019-05-16,0.8593041260303935,0.5654495858131826,0.35627095801388226,0.1701327658295396,0.7188493347670265,0.8088264694862541,0.6516240166670588,0.42906402422888634,0.388161242479432,1.4204014144484205,0.33540826525973605,0.7732540440564145,1.305827122994305,1.6310227118359037,1.9750837395320535
2019-05-17,0.9462083708635421,0.46296470535769196,0.3646763578010022,0.13177711892653726,0.6897136965825739,0.7972727036501523,0.6974629341235493,0.47823577682744767,0.4158724347600227,1.3715720501615012,0.2620674117900133,0.7754799016290763,1.2737786551074273,1.5965978493792707,1.8773994087635617
2019-05-20,0.8819930835251197,0.29105537701019374,0.37039970905735115,0.0427195832800186,0.7959193745223384,0.7656756204119112,0.6614654701952085,0.555709579778995,0.3158159966630771,1.109290362915059,-0.275441356685347,1.0103986375630196,1.1101920556564249,1.3863522971440256,1.8573774637080165
2019-05-21,0.8859979986828473,0.3323107424964123,0.39387625669267445,0.055769937291127884,0.8201093949304099,0.7935545414878039,0.6619265039071907,0.5728353645803488,0.24277008639642095,1.0735444976708939,-0.37895901668236454,1.0334593042038958,1.169543603611103,1.3844454758380278,1.8215133389127358
2019-05-22,0.8874641853685473,0.3380872984454894,0.3955107952938809,0.06306079101202595,0.8610325972032916,0.8251306187650289,0.62911417378246,0.5464298517500893,0.28900642877422705,1.0587738891672835,-0.38720092957626306,1.0013693802087953,1.1736466487373833,1.402516468167845,1.827686820468933
2019-05-23,0.8772201954990905,0.331612024974833,0.3599433141809622,0.060853561527433486,0.9047718690298939,0.7823974762175326,0.704386139280099,0.5421045252362625,0.2799891269817281,1.083257463673314,-0.3803934048275062,1.012407411879318,1.146720528169414,1.4356425777610513,1.7882442254466946
2019-05-24,0.8649653234862132,0.30816409137770995,0.301813736659045,-0.037392307144215695,0.8017594378809705,0.6831727959239631,0.7145012652946415,0.4876469615482134,0.2474347275000234,1.0317578814904032,-0.3291809296262201,1.019707961517192,1.2156235971791352,1.4379469203858168,1.9516837184154556
2019-05-27,0.8748121333641472,0.31301438883207483,0.2861572120178934,-0.05962376689473177,0.7773384404897314,0.720187137530605,0.7154043448035112,0.5191936405016484,0.2445425692052635,1.0127010547229427,-0.3493335761299051,1.028635436601852,1.1958055352716424,1.4886619950621034,1.965365301453206
2019-05-28,0.8647294960732601,0.3050562585830593,0.2873758593238468,-0.06201613263810493,0.7782450313323758,0.7298091647144128,0.71655775988076,0.5193632104136982,0.24690102543918924,1.0150363479497697,-0.34155861443236324,1.0289717956401323,1.2036616884899134,1.4945103464791736,1.97624948683716
2019-05-29,0.8667315177195111,0.26390492074689337,0.24486877441853402,-0.07975806806406287,0.8308457697514047,0.7491051310038607,0.7102639877363092,0.4856646929402251,0.20999923832273973,0.9487620515239746,-0.33105779354322673,0.9582993760408005,1.2267100729818148,1.5278510888159904,2.0045693122337935
2019-05-30,0.8708303675782375,0.2537303964987343,0.2626264586053659,-0.07730416471513005,0.8053258733939593,0.7855430317106619,0.704468327600161,0.4932173137262107,0.20990411646303705,0.9165798461269458,-0.3201320685119526,0.924313815218655,1.2413327802879974,1.511380230321343,1.9910634866776742
2019-05-31,0.8626033425535434,0.2399370022702944,0.23426694557905847,-0.11405659128760867,0.797153686886893,0.7848046422138893,0.7321671483505735,0.47279512286986175,0.1958294545488151,0.9390513281353808,-0.3288293543990449,0.8944348138131114,1.2519372314203019,1.519502872016203,1.995728905388455
2019-06-03,0.8380618346806099,0.25586699405802876,0.2601321382413669,-0.11192846591494561,0.7944720775872405,0.7627974362381876,0.7107254355563611,0.4920730992652858,0.2350140346236679,0.9628584643885543,-0.2794446842559578,1.1076830827845823,1.2291539057428533,1.5161374044685207,1.995732633575717
2019-06-04,0.8314600177409169,0.26379779560952216,0.22828162855716266,-0.09771624545443482,0.8070742654455583,0.7272938141071451,0.6951786238889823,0.5299207271209733,0.22910540018761633,0.9700351217689841,-0.2475599558718666,1.1272521411406733,1.2656521508880263,1.4911815763467218,1.980021865434444
2019-06-06,0.8355237504348352,0.279558569667078,0.318554523815472,-0.0017420371929275794,0.732339661465897,0.6175429255859334,0.6824348812648011,0.4956921837585748,0.2938938698390392,0.9462108065263005,-0.2339711959389905,1.003960551584484,1.2281619348028705,1.467717989237227,1.9080886724370134
2019-06-07,0.8408296724035992,0.281950465507966,0.3062461758449636,-0.015750239893685826,0.7357478921109161,0.6063714119276037,0.6738022064895288,0.5149787315910935,0.30798968864192006,0.9362080548259472,-0.25604224944280984,1.0185683056914752,1.2337549145362765,1.4740658289871649,1.9075635552996366
2019-06-10,0.831954520689521,0.2915940774278439,0.30388343374298554,-0.002677013704561645,0.7189812957920562,0.6000108731268741,0.6850863404188562,0.5213449151628903,0.3301173041933767,0.9371279487671741,-0.2436971996375219,1.0045442708668098,1.2385837744900459,1.4774913378230627,1.8985845833145634
2019-06-11,0.831722760454869,0.2813249086781076,0.27311079160076684,-0.0026751009114092212,0.7231992277070839,0.6293683116511101,0.6917716141995532,0.5084558376100967,0.3351311422629025,0.9329940003873971,-0.2656505492619423,0.9937305817965307,1.2371730682388007,1.4682374842550745,1.9024673507980177
2019-06-12,0.8583640790921941,0.2952254871433025,0.2667840623146933,0.02989555393718643,0.6906571604703724,0.6650361670131331,0.6940723330012365,0.47237163481674393,0.28475217640019934,0.9119957960325231,-0.2717352931687062,0.9554087999476072,1.0962109355074072,1.3978084018438228,1.967961678504557
2019-06-13,0.8605574553366689,0.3200901781635453,0.2646442087359911,0.03535589890951583,0.7324925704713475,0.6874669460312179,0.6983981291929503,0.45891514794600363,0.28946143193778684,0.8730041421396613,-0.3164263765214502,1.0805012776511806,1.0013948177966503,1.413207471489675,1.8732676462736546
2019-06-14,0.893096353699271,0.32245102618489463,0.272243162737202,0.05253192017817183,0.7320857805150558,0.7222397776336539,0.703377057600754,0.4593655962075,0.29765746993462144,0.8590352873576947,-0.2944108394900541,1.0991207829969316,1.0692747270684482,1.4087053643656133,1.9025057267649705
2019-06-17,0.8927565519388526,0.3128353759611281,0.26530925707617414,0.061551013454656904,0.7915894825253667,0.7122111190982109,0.7060731524127812,0.4478654857303817,0.3454694100771508,0.8903643674771312,-0.27308754098062893,1.0881457330513469,1.1095818559402082,1.5144839296756936,1.913798441981593
2019-06-18,0.8400000063330373,0.29949106463494907,0.23254762158294484,0.0425812205955649,0.7562260567632034,0.6784545251103402,0.7352611730194444,0.5142511318962896,0.3827699901286048,0.8979156705750042,-0.2786215363851684,1.1114987339183107,1.1432624541036218,1.533476455690496,1.9630047118244478
2019-06-19,0.8324393507236152,0.3070754590087699,0.24803117265206145,0.05017854788358856,0.762583119718764,0.6757355284637722,0.7300095753448373,0.5059611526950254,0.371830313650191,0.8971631001512467,-0.2802974699686888,1.1178015871026104,1.1591385090772044,1.5205546139855088,1.962677624727072
2019-06-20,0.8417778581725022,0.2888560268490798,0.1834790290989901,0.00908162930466792,0.7930187878098169,0.6363909489251057,0.690306910396658,0.4869392881277754,0.3304935019714908,0.9691244289560552,-0.2777887925048759,1.1088948141383872,1.1626851301448675,1.517680103747996,2.0122193772034764
2019-06-21,0.8667230306024718,0.30342450388447134,0.19482779644956622,-0.03418131704190576,0.7846634514258728,0.6140187282503848,0.6949503189653421,0.49563383703632874,0.3238199495062665,0.9880400219026791,-0.2600871091816149,1.1368186753085618,1.1693318496478358,1.495417659880496,2.0222950442237932
2019-06-24,0.8633930789017966,0.3147899197623538,0.1936885168498716,-0.027076046748224662,0.8086715574715061,0.6637906569764636,0.6932949137589084,0.5006099904034191,0.3390726010799712,0.9916088296367518,-0.25344041314378696,1.1270275280085083,1.1639903768808155,1.5272972412147874,2.021641840916573
2019-06-25,0.8361853556955307,0.3000869580622254,0.16662290414843034,-0.029057925538582087,0.8989869120467622,0.7100629917485382,0.6924834632473437,0.4830255333195746,0.357453432584687,0.9828570752626982,-0.21481436724035705,1.0950621366295679,1.1518338029997581,1.5646287017015719,1.976330683677097
2019-06-26,0.8015305462499412,0.3209619174117631,0.1884039741215597,0.015408576998688625,0.8915919120707373,0.6440828863317907,0.715868067955111,0.4675465027072624,0.3356890633189824,1.0024431159337992,-0.20928581777631844,1.1025851976290455,1.167812276073172,1.598999402302064,1.9673075696897828
2019-06-27,0.7980445110127611,0.3265193008227357,0.18963466157726896,0.015147464335769913,0.8897136791814183,0.6235781513136834,0.7207353207389622,0.48328188070108646,0.3378671286616381,0.9962333133011367,-0.21313638987637915,1.1049747382239055,1.1543678801123847,1.5980286623389668,1.9464896624969947
2019-06-28,0.8081930186957986,0.30640981509218007,0.20293397309631656,-0.01566251617142759,0.9858885835488854,0.6481275515711434,0.6769264223733201,0.4498959520365481,0.3308510444031899,0.9604155755534614,-0.1756763808544551,1.0392123641751874,1.1385825553190445,1.6815001008810346,1.9218121153212595
2019-07-01,0.8195564991352156,0.2656263007575151,0.16409338680316604,-0.05172173835551807,0.9239249843031759,0.6723577018861854,0.7023224817338372,0.47374224503471046,0.35584271700299547,0.9672941477721474,-0.173387260031817,0.9285978807832158,1.0957535244355696,1.5980974305429574,1.9361565087292534
2019-07-02,0.8146907173386334,0.27021312769824385,0.1700071160496371,-0.05093536208054021,0.9441484740164771,0.6741707754288764,0.6977425050329702,0.48847651571284123,0.3779659354402884,0.9635784038348216,-0.18202828891804507,0.9289979670464882,1.0725198271884193,1.6070598820127409,1.9277829961988162
2019-07-03,0.8140535637083248,0.2613934072513017,0.1693165451464283,-0.07489313162066612,0.9330843543932051,0.675012825311229,0.6973084943358191,0.5173081420895994,0.3812489321560821,0.953028503032887,-0.19901349712999108,0.9394505502168627,1.0547937626119013,1.6338511167674445,1.9626600946115005
2019-07-04,0.8127710302864826,0.2570483979520209,0.1598302017739893,-0.07714376513481253,0.9352585626243058,0.682477434359652,0.6977177266629745,0.5158421791294188,0.4080060114861412,0.9632023637956625,-0.1952556125198318,0.9329515760241135,1.0864468083764427,1.6295986328323426,1.9658850439640505
2019-07-05,0.7583258755264694,0.2859125681786835,0.2519806048438313,-0.01691056773232799,0.9913307626513632,0.7972406370602849,0.66460963618895,0.4924259341668096,0.4278200482864994,1.0434976043459403,-0.18552494449608775,0.9611563800639369,1.0549737034929771,1.6330337768667613,2.0124071797819005
2019-07-08,0.8215671053130376,0.27284366154621414,0.31473707626142744,-0.004546501656807304,1.1540067370834544,0.9466319971849416,0.630658368303068,0.4977739012746634,0.445582826357206,1.0373416618795028,-0.16071085317428263,0.8877372237021146,1.0630713789589301,1.5795151663323457,1.8552043074837354
2019-07-09,0.8308042845748241,0.28385577797940453,0.27281678393491177,-0.010677082848219725,1.1652091592618457,0.9493101181871921,0.6205941848905521,0.5096669490284758,0.45090105414244047,1.0175787057052899,-0.15855857749905974,0.8735149180713736,1.0828503152675673,1.5794328524490868,1.8453722198955544
2019-07-10,0.835918155284093,0.2684560666289726,0.30798396253192856,-0.0066006420050875175,1.1876569072562193,0.9452436016577734,0.6168600722995782,0.5262159698372402,0.4498393099653907,1.0142086034381372,-0.14767608461644444,0.8704899680225764,1.050141185222702,1.5952394385934334,1.8252659763377683
2019-07-11,0.8352218458816496,0.27744616675896844,0.3098264379131544,-0.020283346047878677,1.188897596671421,0.9331177158611955,0.6234009841908481,0.5148456651929888,0.44508960516713614,1.0315546195778673,-0.11082529396523136,0.8580810867915539,1.0412704471298357,1.6073912804235329,1.875524714410846
2019-07-12,0.8391041380406455,0.2686583159241511,0.31970287067614483,-0.028272229449031027,1.2067081281335805,0.9383279016109235,0.5992462957173404,0.49468056859618864,0.4314676429951548,1.0194571196069422,-0.10623768968489886,0.8276973131230493,1.0628069503834277,1.5995892413257808,1.8612801373549235
2019-07-15,0.832582057738141,0.3362396975417325,0.3099101303181157,-0.029585610389150547,1.2182668134153332,0.9353874771085187,0.5911061686743893,0.4857371051907091,0.42643238024382596,1.0550279490184296,-0.09788751652010136,0.8348469558490291,1.0413545185514939,1.5658561470820924,1.8506455377378963
2019-07-16,0.8169753936098221,0.35544042424999517,0.3506138956184787,-0.03627771442973385,1.1957295930210559,0.9606421853722068,0.5893044851440757,0.48584636983300244,0.4038969630348758,1.0778350156047498,-0.09390847207255204,0.8392734790262687,1.0432669451216217,1.596475126253817,1.910137587340776
2019-07-17,0.8187467008219934,0.35359957397534575,0.3591959896050458,-0.022603535989056872,1.1910182890930496,0.9468172748824826,0.5876449350053146,0.4745301078446453,0.40930686180587755,1.0768463099757546,-0.10013532904083758,0.8345617531536699,1.0337906017622045,1.5879339704793278,1.9080509222741258
2019-07-18,0.8070051366409762,0.3779735348508462,0.34519565091569754,0.004771948868735818,1.2436093603734792,1.0087821889145414,0.5798230320873302,0.47942654461145856,0.4097843055586076,1.0672016298840592,-0.09890802287766588,0.7635568632123166,1.093549257907743,1.6139222491348333,1.8644078833104833
2019-07-19,0.8512656307358288,0.3957987082159293,0.37740161877671224,0.04921858389906384,1.1846441559175196,0.8913026765680248,0.6023620003400731,0.47461810528286136,0.4623914778041792,1.0593469124698685,-0.04703004464407459,0.7685406460607734,1.0664264003682304,1.5861854792954102,1.8336115445176313
2019-07-22,0.8940077007939702,0.3841764774382751,0.36381085842025507,-0.0006931990211397919,1.1079543369625207,0.9002925232420025,0.6029331812582996,0.5352994230952147,0.48788135755356826,1.0539231720095787,-0.09617881359083999,0.8348691428953624,1.0249640909366136,1.5958404472133911,1.8163384713468826
2019-07-23,0.8893062239244841,0.37011715732358375,0.37909219822021284,-0.0004727433629930452,1.124533652355657,0.8948897961410335,0.5961754007829296,0.5379767303391741,0.490002532530676,1.0405861862170924,-0.06234335022358884,0.8590840446479647,1.048988970033975,1.576429007072647,1.8120329403224127
2019-07-24,0.8780517246170633,0.35857330096199674,0.38398690335579766,-0.012493741324756136,1.1480607741715059,0.8997314429775116,0.5979712150671929,0.5253124288809898,0.5257605459104688,1.0513556256386092,-0.04505120591821815,0.9115124117986635,1.1015697990298536,1.485794566198094,1.8518543043458762
2019-07-25,0.8797537029113731,0.3561983153905383,0.38470471192036026,-0.015659161270329576,1.1467587381850939,0.9028150315027224,0.6000449171105288,0.5252336064631973,0.5234705121570242,1.045559287461352,-0.05015451631873037,0.9108548169091936,1.1018686856306104,1.4869281366185947,1.8530264126257756
2019-07-26,0.8933476436808074,0.3398818486601962,0.38491209381415176,-0.021357566410770468,1.13684315019227,0.8941970257540471,0.6104029606998996,0.5227862207428514,0.5117580361035684,1.044961928969551,-0.03657436366688976,0.9121474242560618,1.0934486225429632,1.4940307864601898,1.8633459136418407
2019-07-29,0.8946120911796598,0.32867077480764484,0.3841008145125227,-0.035225834190984545,1.1365390871944419,0.90199897674761,0.6156311065020612,0.5186487118355834,0.5002937341373895,1.0634658180815766,-0.0088583459995464,0.9017987913001827,1.0844625899700757,1.5124726473909202,1.8542079118477477
2019-07-30,0.8908575291085844,0.3133260861227163,0.38521352763567207,-0.01280819137108712,1.1571572961023917,0.8988740377157521,0.6257512930107169,0.5146239306263407,0.5163792752117101,1.1472805807875375,0.06020292010672238,0.9300019605809362,1.039612937269079,1.548964291607682,1.832243657552203
2019-07-31,0.904744668449434,0.32696748225072136,0.41815759576468375,-0.019731574198499375,1.1924062895832004,0.8957948241681798,0.6125975564477436,0.5421263850427012,0.5095776725581247,1.1725575937414092,0.08170950161079807,0.9092305151477749,0.9902403757325436,1.5858915236801328,1.8104663689965328
2019-08-01,0.9309889435028986,0.3849318092409626,0.34731450065523134,-0.015229704853425195,1.1858430650428657,0.8311511639858487,0.6253462210491157,0.528119865426002,0.49762798566757815,1.1327313857899934,0.08635731477427612,0.8937192736892745,1.0828856554066262,1.6150538074382184,1.8760425996210426
2019-08-02,0.9245379102721235,0.39011071342445064,0.3406053296034176,0.005165343073730498,1.1896828520954716,0.8001653158717176,0.6224608116973351,0.5283904091490661,0.5066891659339707,1.1331588630796083,0.08865389312378559,0.8760898815131533,1.08460497093781,1.6077492560845204,1.8736159625613604
2019-08-05,0.9779876118085493,0.37783484121418726,0.3420339206230006,-0.04572402973198791,1.1974420716139138,0.8154714697282867,0.6413046253995195,0.45316510759740253,0.5084301804526387,1.1200519183856141,0.09302299203681014,0.8760124345052894,0.9716827236512543,1.5958038275611028,1.9153947091665606
2019-08-06,0.999455535324548,0.3798520488657288,0.3232121055705036,0.04782473827123986,1.1972829787224184,0.7973153304529478,0.5858773118426245,0.4817071257647165,0.48848417502097113,0.9336631193379753,0.07068236734502314,0.8999783328235693,0.9861410302859502,1.565902546227907,1.9393609419309252
2019-08-07,1.0160458316360574,0.391444245883226,0.3166507960195339,0.07741039512448789,1.1938703899626353,0.7753199820841735,0.5869486868908314,0.5093633437797251,0.48005897104660333,0.8468427259533706,0.06378167103368661,0.9708006126205299,0.9209503435197423,1.6407580904585757,1.9413580455047672
2019-08-08,1.0293424038202337,0.4201559090069676,0.33913855819079575,0.1098793305102608,1.15250001862357,0.7664442264175235,0.6284892948466552,0.4991590749872178,0.5026385657281187,0.8212959935508399,0.08702262843312154,0.9746287653973493,0.9057393282401238,1.4419663227104371,1.9287391688257562
2019-08-09,1.0412065515171518,0.38392104836750673,0.31476155475992784,0.07796076690502259,1.1249861199498392,0.7376332482528419,0.6262667964414113,0.5430002150297291,0.492648939247792,0.8010832494492524,0.09567730746219062,1.0368312650412719,0.9403134086453399,1.4070498718676028,1.95614831247257
2019-08-13,0.9885271476793733,0.5157064496478574,0.3505611381995154,0.1872752869418249,1.139608521329904,0.8369943506084381,0.6396913801697414,0.5296992424958019,0.5093930315126594,0.6926663462366826,0.1604889904881768,1.1098534384217724,1.0718934176490666,1.4795831799099275,1.9470561528038055
2019-08-14,1.0085050255747132,0.7500702674375759,0.25067997019558474,0.37899770136693683,0.9759181901142095,0.835044134486699,0.6806594161822213,0.47878017745167334,0.5576601801287809,0.6955678214207053,0.7020017639021809,1.0948269232076264,1.1704465557285555,1.7712582983129543,2.0803563204814073
2019-08-16,1.0081579246243184,0.7172741015354138,0.23058255217096996,0.37417583688504474,0.999291527123454,0.8436454382856294,0.7059260005044725,0.4449828284020285,0.6189602126413946,0.677466913705341,0.7810384108510399,1.1128026472712713,1.1248535635031718,1.7596538518049256,2.0984897862148766
2019-08-19,1.0056765271271464,0.7208759600558013,0.24619238096774956,0.40695098310180405,0.9830532116131376,0.8419920746684514,0.7045636723915806,0.4416904918393873,0.6149720166829781,0.66341327926485,0.7881020687856091,1.1282809602571637,1.1158351017189667,1.7575015387668578,2.0945954373929863
2019-08-20,1.014245418820566,0.6935937005631531,0.24187496525402571,0.399015235930155,0.976933201047488,0.857315510375088,0.6656752230641505,0.4618595133609502,0.6356015045977984,0.641346210917478,0.7715568915884545,1.1196379793557303,1.1450014269757598,1.7496485210473482,2.1759275185373324
2019-08-21,1.041519431735333,0.6813101243555045,0.24122159893032713,0.45146062779261137,1.0602916529833342,0.9311477249097713,0.696492675329157,0.45743331852237884,0.6452691496518845,0.6740201294767676,0.8129934795321384,1.1499571369826922,1.0416474066463632,1.7263233906105593,2.0942813853728244
2019-08-22,1.0449133349526256,0.6904201714230157,0.24518095082425725,0.4008526133861368,1.1042846875356342,0.9204559588485676,0.6701940547274327,0.4172807449268798,0.4767382755244479,0.6775701716724501,0.7163559310794168,1.1141845939296606,1.0494393012623433,1.60068504641857,2.548331930805987
2019-08-23,1.0130752113827446,0.6759402869936036,0.23195033898627393,0.38890326505221556,1.2000633239122418,0.9870374857655594,0.6223721781066783,0.3930166456645174,0.4990696424565363,0.7436644691244457,0.6972350200644679,1.0660773292909416,1.055220566655971,1.6678787444959082,2.633903002076557
2019-08-26,1.0521156707378851,0.5906620247569222,0.18122990864016184,0.4071997810997769,1.1418475236164602,0.9391341725846194,0.7084910024035898,0.32552524341140204,0.6080001629484991,0.5823981117303301,0.6584916688811528,1.0086045235721692,0.9738980402768351,1.3828599781897353,2.6045653757858043
2019-08-27,1.0250416411181984,0.5538796341494229,0.1710067094889319,0.3934055803272154,1.191291737929068,0.9184525545167858,0.7250552209097384,0.31843039838754733,0.7077270587633061,0.6301418845268054,0.6206603100057007,1.0331385326068676,0.8953212077551488,1.4607004480595291,2.6256948888187313
2019-08-28,1.0308088399565616,0.5323580719096704,0.17089649393608314,0.37740936901157646,1.2185207658818842,0.9372057045731038,0.7128942838577363,0.31788478057362063,0.7001617992136023,0.6352786418343379,0.6301129198942614,1.0075287457792024,0.8998662438096857,1.4890517339287013,2.5905971101442726
2019-08-29,1.0897252568895794,0.5203214210137964,0.10545717395311245,0.39852501531126,1.2071788902835439,0.9284281957065093,0.7662852386715514,0.2525960776063376,0.6798618139447936,0.5114054109089202,0.5781859867533266,0.7181143752110198,0.9082675012080971,1.4594502597429184,2.5862662575977096
2019-08-30,1.0520561566715558,0.5157957811237682,0.1638732866581127,0.39164469535319313,1.165902115898242,0.910303494980694,0.8019373083265541,0.25731970498656676,0.6914400222329924,0.5594471150781412,0.5757298690806076,0.6717832233104633,0.9153168344194501,1.5125360169451043,2.592472818778826
2019-09-03,1.0249522523857637,0.5016906311289624,0.143655257275298,0.2654431475693938,1.2332207244882485,1.0460415342098202,0.800002318176164,0.32436760637484946,0.5882143813214837,0.5928346055509932,0.5837001610655598,0.711103208972355,1.0127557846584212,1.5321697484480172,2.5222759790956264
2019-09-04,1.0335003924546005,0.5058444505815426,0.14616258587555467,0.24745485159177513,1.2606489333342612,1.0710575298250349,0.8081965147730211,0.3075767646171643,0.5515447290023292,0.5611065063728318,0.6419698361493661,0.6747095556374036,1.0351116327846166,1.5633819550136154,2.5166599856942002
2019-09-05,1.0435336384205076,0.4916149852390324,0.1349769530419473,0.2126357877977454,1.3092540426875356,1.0927744347671717,0.7935093141073397,0.2929717589939025,0.5168645971554059,0.562286848901249,0.6343391118883334,0.6992160623519451,1.0206209459907403,1.5660464849016997,2.5269532302715274
2019-09-06,1.0732249769845716,0.4948363347489034,0.0999977708290429,0.3078162232442226,1.3104655819537303,1.1381512752484257,0.7758147789184174,0.29300118458773183,0.5049236291640277,0.5471124583548406,0.6819200419838456,0.6883120665232985,1.0128851667423255,1.5969638953434249,2.392465749255994
2019-09-09,1.0840040422096784,0.4666845400919021,0.12675117544479975,0.2739271694045105,1.3355286339998305,1.1190198889575727,0.7853696032392252,0.3175860075795737,0.5177071962825301,0.5549272793192934,0.6747532209097702,0.6754423586533527,1.029259076869789,1.6126067377569644,2.35273114889654
2019-09-11,1.0772762615801423,0.4545022159204761,0.09991938058487589,0.2633848491832993,1.3119472589771273,1.1005859957375694,0.7763750709734942,0.31293057326865265,0.5129888802086873,0.539659390183173,0.676240983955968,0.6767684895571311,1.0179959573006698,1.6478060581879717,2.383050107167305
2019-09-12,1.0650733082084802,0.45563314327533344,0.11598043562446768,0.2558107737328511,1.3250737235993213,1.0997082839410346,0.7795464511645681,0.3110093001298989,0.5042547525082179,0.5416101638793007,0.6651312921371602,0.6936252028460302,1.00045845647681,1.6631980276037595,2.3476187627249185
2019-09-13,1.0908027456030633,0.4858390698256947,0.14278098419416058,0.25847302730473204,1.3328179115055658,1.1366135857227155,0.7622729483334751,0.32573783024263087,0.4560533254601877,0.4484407806457771,0.6268112816222012,0.6754836650240559,0.9138152016503805,1.5623997996464745,2.383304435484113
2019-09-16,1.092574062700822,0.4815174057916343,0.12947074233726072,0.2352677809600557,1.2943210096159992,1.1365503727798876,0.7563224091522184,0.31395143110013374,0.43906317550974533,0.44484735892475863,0.6200493158714225,0.6960203782014731,0.9035008506348928,1.5694139613867986,2.3986256902620955
2019-09-17,1.0895237659949781,0.44758999668666666,0.15495550514065445,0.28717234746076403,1.2366275111589955,1.133097495807633,0.7369935026417762,0.3218418730908064,0.44033337271683765,0.48007293615736374,0.5798937703511137,0.7123975996671761,0.8996010008185529,1.609689954697449,2.3927784216873045
2019-09-18,1.0966762727907697,0.45467153980067965,0.22581386215542512,0.34943954251483095,1.175005069301382,1.184145345275322,0.7672697879862876,0.31718980762282617,0.4744270611626189,0.37506866374140224,0.5895520741542707,0.7017260799153163,0.8584664076907997,1.6458962531292163,2.401997078133315
2019-09-19,1.0698318784446073,0.4657192121043016,0.2418743105564778,0.4235187437090803,1.1959757156904096,1.1825001519979645,0.7639489223822914,0.3301116981280834,0.4553965310842964,0.37082306909802304,0.5834944504471926,0.6967579105600783,0.8093539620369266,1.6992869385127023,2.359305142598351
2019-09-20,1.075949765500082,0.1353652136753789,0.2974598244232507,0.23289692176526763,1.2929059487088244,0.624314620174631,0.5262256698347466,0.6410463316025788,0.9482741871366581,0.25968043047413747,0.6176432787660882,0.7031804771392632,0.8925849401787223,1.5664259275898023,2.0412663932480974
2019-09-23,1.1944730180823067,-0.06084233122368262,0.17636271989430666,0.12684640429212524,1.2436623114931566,0.4372243428212844,0.7210918893137761,0.6298029455599656,1.0747352457531494,0.18921936845960588,0.4579055329569852,0.6505146428959714,0.7141196142387177,1.4874679342972459,1.8327181155435068
2019-09-24,1.1972979621215443,-0.057481918968227734,0.17281418320712744,0.12891664409344472,1.2421169653228952,0.43097856772463783,0.7237862892148925,0.6305347672177872,1.0925660355796525,0.17072629598959757,0.45012429839125956,0.6615500102994342,0.7207018109838842,1.4760899646591874,1.8110080080371138
2019-09-25,1.1926734651248647,-0.05196416724548048,0.17709720103449025,0.12258069990868152,1.2369892422805095,0.39718805349904857,0.7567602277340127,0.6198544120016787,1.096960695283629,0.17902018579453532,0.4503831172794274,0.677975143016266,0.737288857080193,1.4770377880308911,1.8765883352790071
2019-09-26,1.1928110325976962,-0.07035849840817336,0.16704283825474409,0.13804785567136282,1.2763928919040841,0.3962547389448237,0.7650576665582417,0.6588680971361797,1.1059864425795352,0.19065011762311504,0.4389225475673773,0.6842317076945156,0.7337026230399133,1.5104487594192761,1.9138947756835771
2019-09-27,1.190818945624308,-0.06784912933402268,0.16067179829745806,0.14870391052359663,1.3305964319384544,0.38451795991879184,0.7565967549965621,0.6753751494543381,1.127720723584507,0.19688960332354088,0.4178256527922164,0.6916577103884426,0.7236108590380065,1.5283596818936902,1.9186699922608224
2019-09-30,1.196948552479769,-0.0825199384793354,0.15016307221040834,0.13961114540792985,1.314420734523124,0.3800430687742453,0.7497230847166352,0.6709869924067757,1.1323809158250002,0.2192894787208368,0.4274299630579342,0.6995381849425464,0.7007867520240152,1.5235528856963487,1.9201313028245113
2019-10-01,1.184726445539735,-0.06198289911196719,0.17421139238775446,0.15538856909212945,1.3258645004413756,0.37670722958935854,0.7561188634486713,0.6856933968777059,1.1303662383910507,0.22515464146582592,0.4308658862632925,0.7151755706104325,0.7420184024522735,1.5285790811980118,1.9752888859954347
2019-10-03,1.1876068439297742,-0.058452160843455475,0.1667664850533146,0.15739525518628214,1.3213304914853212,0.3749638137619646,0.7455832276639011,0.6849730689956394,1.1268329691382384,0.2271342134546776,0.4323240473276133,0.7176429164644015,0.7380497756440796,1.5387120765988334,1.9556786234071806
2019-10-04,1.2436460674328844,-0.09748822694772043,0.10440728032850038,0.1126912870499909,1.2620757334829282,0.30763360288038205,0.7737812851982887,0.7169491074320281,1.143469646383089,0.1816657657218583,0.4600504619693798,0.6783276131219079,0.7637528934042427,1.5181579166191772,1.9253879958943625
2019-10-07,1.2371871285809763,-0.1052881544688897,0.06937311712898511,0.11540014422268896,1.200618996216574,0.20529543506995182,0.8066420264334252,0.7097355433997173,1.143601526537098,0.1395242942955137,0.47758967921693973,0.6996230065167386,0.7432166740831939,1.5630758628598889,1.9778427987351193
2019-10-09,1.2650332841962761,-0.12001373977529116,0.07665988714649818,0.1270368521929227,1.1532987183260577,0.22333691108234496,0.7435606642910965,0.717057361303126,1.1724506814254279,0.1538351861533029,0.49615681951784646,0.6925121119357033,0.822741733200316,1.5918501327979662,1.9688496622822387
2019-10-10,1.2801212460925078,-0.11738830958936781,0.07425299430887822,0.1259005144066299,1.1455286858457607,0.22037935073059423,0.7535510146857731,0.7117673901109302,1.1764073766548915,0.155300316869648,0.5007447153161386,0.6937024537770143,0.776473712741125,1.5856697003288607,1.9732898968603876
2019-10-11,1.278412041282771,-0.0913504395333466,0.07230145312888328,0.1494209834194827,1.160168975871803,0.2176883718269921,0.74883381807826,0.7286619574483342,1.1913164920202053,0.14052786232190903,0.48328091394474143,0.7166108321531024,0.784034779528945,1.594850034877364,1.95169463777825
2019-10-14,1.2758690823180676,-0.10485268778142325,0.07097757144795216,0.14772204528245939,1.1741895926325687,0.21944542952102822,0.7491799726691759,0.7334695569264525,1.1940867841251028,0.15590143049598265,0.480263225934538,0.7259775230240846,0.790113685754262,1.6103372079141511,1.9780868753859444
2019-10-15,1.2786396863573566,-0.15308741058434472,0.07041588477887901,0.1386787071427979,1.1882745737767668,0.23093605307181933,0.7644213851033232,0.7279684842730617,1.207692824594542,0.14587648630602537,0.48569786819384764,0.7348151911202313,0.7673034279127595,1.6185149045014675,1.9753428184374844
2019-10-16,1.2849827814210875,-0.15756342414579258,0.07839546327318075,0.14588784042284916,1.192879055561945,0.20692654020483592,0.7577387348037077,0.7244365756516022,1.2201159979762761,0.13008867669217844,0.47578137818916355,0.735477965931118,0.7721933594626476,1.6070822863808356,1.969025394949357
2019-10-17,1.2607842112203396,-0.1615174355894709,0.07318933337746929,0.13105680167750347,1.1800709607564304,0.22287019042461476,0.7599249283970583,0.7259014252083621,1.2246810053082822,0.136916874978447,0.48225947978040484,0.729307525550848,0.7656210139254861,1.6226836895449455,1.9784068068748666
2019-10-18,1.2690732762978283,-0.16445107314649382,0.11099533356649978,0.13446970532021557,1.154902809549347,0.22488330717052948,0.7664804238743405,0.7292370805636601,1.2312147273408807,0.13070458227554113,0.4781621616431077,0.7414569205989142,0.7494947073280313,1.6232156349177507,1.9719167118878838
2019-10-22,1.2440753409462018,-0.05841807751175411,0.07013586499619653,0.12093307994269939,1.184018533416304,0.27289497972954097,0.7467872910729124,0.7239389007246333,1.2113937060221889,0.10611784554125343,0.434750832895082,0.7317772299704054,0.7702201815420212,1.6428401479784525,1.9438458457424457
2019-10-23,1.2241017593345094,-0.05447685239330561,0.07174878530982795,0.11782788631820443,1.2037066114256973,0.2810908463863189,0.7409275216087119,0.706062883965843,1.2122098396092384,0.12408232742971047,0.44248498050024776,0.7283062155713925,0.7748097057934892,1.6689732638006751,1.9582007214928252
2019-10-24,1.229724273344196,-0.04674103312500132,0.07652698252564445,0.1177667429030198,1.2027540023193366,0.28640918354148304,0.747827933349728,0.7150318972281161,1.2126873322572753,0.12350558795431062,0.4399423895506388,0.7243185261581566,0.7662889222848923,1.6629148717159605,1.9561416995879704
2019-10-25,1.2358570548622434,-0.04841317264067375,0.07594262939363308,0.10638199404069175,1.203158644112203,0.2827839766566888,0.7523426101574727,0.7150286232949704,1.1930465728849344,0.11547767818755283,0.44116146168031156,0.710859196043346,0.7584198151245984,1.650676545778445,1.9514216326279383
2019-10-27,,,,,,,,,,,,,,,
2019-10-29,,,,,,,,,,,,,,,
2019-10-30,,,,,,,,,,,,,,,
2019-10-31,,,,,,,,,,,,,,,
2019-11-01,,,,,,,,,,,,,,,
2019-11-04,,,,,,,,,,,,,,,
2019-11-05,,,,,,,,,,,,,,,
2019-11-06,,,,,,,,,,,,,,,
2019-11-07,,,,,,,,,,,,,,,
2019-11-08,,,,,,,,,,,,,,,
2019-11-11,,,,,,,,,,,,,,,
2019-11-13,,,,,,,,,,,,,,,
2019-11-14,,,,,,,,,,,,,,,
2019-11-15,,,,,,,,,,,,,,,
2019-11-18,,,,,,,,,,,,,,,
2019-11-19,,,,,,,,,,,,,,,
2019-11-20,,,,,,,,,,,,,,,
2019-11-21,,,,,,,,,,,,,,,
2019-11-22,,,,,,,,,,,,,,,
2019-11-25,,,,,,,,,,,,,,,
2019-11-26,,,,,,,,,,,,,,,
2019-11-27,,,,,,,,,,,,,,,
2019-11-28,,,,,,,,,,,,,,,
2019-11-29,,,,,,,,,,,,,,,
2019-12-02,,,,,,,,,,,,,,,
2019-12-03,,,,,,,,,,,,,,,
2019-12-04,,,,,,,,,,,,,,,
2019-12-05,,,,,,,,,,,,,,,
2019-12-06,,,,,,,,,,,,,,,
2019-12-09,,,,,,,,,,,,,,,
2019-12-10,,,,,,,,,,,,,,,
2019-12-11,,,,,,,,,,,,,,,
2019-12-12,,,,,,,,,,,,,,,
2019-12-13,,,,,,,,,,,,,,,
2019-12-16,,,,,,,,,,,,,,,
2019-12-17,,,,,,,,,,,,,,,
2019-12-18,,,,,,,,,,,,,,,
2019-12-19,,,,,,,,,,,,,,,
2019-12-20,,,,,,,,,,,,,,,
2019-12-23,,,,,,,,,,,,,,,
2019-12-24,,,,,,,,,,,,,,,
2019-12-26,,,,,,,,,,,,,,,
2019-12-27,,,,,,,,,,,,,,,
2019-12-30,,,,,,,,,,,,,,,
2019-12-31,,,,,,,,,,,,,,,
2020-01-01,,,,,,,,,,,,,,,
2020-01-02,,,,,,,,,,,,,,,
2020-01-03,,,,,,,,,,,,,,,
2020-01-06,,,,,,,,,,,,,,,
2020-01-07,,,,,,,,,,,,,,,
2020-01-08,,,,,,,,,,,,,,,
2020-01-09,,,,,,,,,,,,,,,
2020-01-10,,,,,,,,,,,,,,,
2020-01-13,,,,,,,,,,,,,,,
2020-01-14,,,,,,,,,,,,,,,
2020-01-15,,,,,,,,,,,,,,,
2020-01-16,,,,,,,,,,,,,,,
2020-01-17,,,,,,,,,,,,,,,
2020-01-20,,,,,,,,,,,,,,,
2020-01-21,,,,,,,,,,,,,,,
2020-01-22,0.41798808212575156,0.8993006860178996,0.6033282051801474,0.9146672852264585,0.6868483175822195,0.5920036222915315,0.8131214695363421,0.605297395657103,0.42133003362445764,1.0957294437761127,0.42627900559296217,0.2314384858842452,0.64934419980049,1.8559295532014584,1.1285655922816662
2020-01-23,0.5847588327529784,1.0451218039378445,0.6532883708848238,0.6961750002469448,0.654012991048515,0.6150205110765579,0.8140015783674691,0.7410222783616887,0.24884748288207328,1.1723731521018699,0.41786984439798786,0.8492572312613902,1.076057571883607,1.5875000020950474,1.2690603104751188
2020-01-24,0.6315867576139339,1.0062069890611338,0.6539505629244614,0.7494916690198232,0.6857822150959825,0.6214638901001888,0.7666152813239204,0.7330795582918103,0.34350716446821133,1.1221728036036274,0.4408555973174096,0.7785750849120507,1.0293676938259184,1.6075232688629573,1.2755135329898224
2020-01-27,0.6780549593872012,0.960147799664388,0.6429253513260436,0.7127106173958114,0.6704448133996397,0.6388092073398851,0.7979492499620985,0.7302722199519627,0.3584668934788883,1.054567453011951,0.17264933082047548,0.6585732720247237,1.0843914710078202,1.7752909054866477,1.341521245252825
2020-01-28,0.658381836432808,0.952890721847242,0.6459542720246362,0.6879931248950165,0.6601978915927106,0.6528178723788463,0.8169463593034547,0.7604649554281114,0.34730560910294367,1.0158407659768496,0.1800533274410069,0.6881108637023063,1.192572201206338,1.8258980687639765,1.331374704354628
2020-01-29,0.6843693800086312,0.9291125168993912,0.6822492150626127,0.6928269153903568,0.6418890510134161,0.6875513553535588,0.879349285698604,0.8432840667426466,0.38558453066585513,0.9904828479969394,0.11940356588827533,0.7486347965372744,1.151848105414553,1.8022321372110084,1.3335319880401688
2020-01-30,0.684133111623846,0.9318784487499641,0.7519151596826026,0.7347349563106892,0.6684366165060975,0.6558851846994196,0.898050407235966,0.8875411587685309,0.37735814637087517,1.0094783237458653,0.12034233753934077,0.7325303161152101,1.1524274174070352,1.7779332379280957,1.365513933329083
2020-01-31,0.5640908475935473,0.9077558608281863,0.7921158385535989,0.715845731661298,0.8110614197126262,0.6630074014587835,0.8797629488828622,0.9102305864552218,0.3835225227056937,1.0549367092429194,0.13180347718200533,0.7858694901988469,1.1805146537009332,1.8229819135984344,1.2532148988976646
2020-02-03,0.545920043751805,0.8493155425990453,0.6280584378776806,0.6496685070054605,1.0447402416305787,0.7365574333507111,1.5633650657659506,0.32815563217816096,0.26029801486300097,1.1378648600642054,0.051270371473084726,0.4837427589652056,0.847785257909359,1.6131023549823114,1.9345652196908587
2020-02-04,0.5768556836687581,0.8588762564388892,0.6021759632737099,0.714767334363622,1.0570031495049967,0.7067237004787685,1.5949231001269497,0.2862701186589795,0.17383340319903318,1.0073671588519084,0.1993281558950451,0.2069036633894017,0.7757435957518645,1.5877759902503745,2.2061631716126304
2020-02-05,0.5469518450130882,0.8233629297145494,0.6121629802336678,0.7052604915031148,1.0587654769224042,0.672985605309631,1.574940831466839,0.26373237344512224,0.1881242594009188,0.9868474519550248,0.10151495638514847,0.1734998755959131,0.8144288330797198,1.6774789915930957,2.23160053627353
2020-02-06,0.5258371905480188,0.7707360864258817,0.6005498698028064,0.6793545575501174,1.0724329473434864,0.6899830508171491,1.5405146039244344,0.2686734407278968,0.2798109941966006,0.9616454119121305,0.06908403350406304,0.11716454874367059,0.8138474951740365,1.6709689533306133,2.1585147601563555
2020-02-07,0.5427718250525443,0.7501167960917029,0.5978524344816925,0.6700903248482475,1.0527900604660896,0.6511859843553984,1.532694515093718,0.2695398219877288,0.2875037863565691,0.9634510286324096,0.07762988831739541,0.09526045747958335,0.8496860503048171,1.697713423514271,2.18217315933962
2020-02-10,0.5147203594954198,0.7569405693211055,0.6128535311968172,0.6935468523616537,1.0849015940487592,0.6802965682365315,1.5419104935788228,0.2861996410854331,0.3403277903077578,0.9916983137856308,0.09245433497731916,0.10583491985679766,0.8164623148172594,1.7833723330132958,2.1748064661797257
2020-02-11,0.517771296930682,0.7471804082038286,0.606005757852841,0.6969564479521186,1.0874194561594777,0.7259926348443807,1.5489095789962024,0.2543784742166916,0.3194165226865098,0.9819439826266195,0.11040949326158078,0.13374051541546184,0.7972198538695239,1.7759223039495025,2.1560935924000146
2020-02-12,0.5614228878242565,0.7452165639404796,0.62339040648356,0.6740030573228109,1.0835673773122523,0.7187851569113549,1.5470139914824672,0.2864775480726516,0.325630052825428,0.9484132897801308,0.10725084676755904,0.10565155722988401,0.7152761031262447,1.7996500297915974,2.122628446703443
2020-02-13,0.5963695527081555,0.7413189954704903,0.6355929015286933,0.6594211574665599,1.085324755799722,0.7353209520918321,1.544957201571167,0.27738615229865654,0.32940041955282434,0.8683178987024944,0.03780815548474281,0.09735593627549259,0.7316444272090696,1.8324113638604054,2.151297186681603
2020-02-14,0.5994565247425709,0.7496768796520695,0.6327225674482632,0.6388760393610057,1.0904805505189312,0.7510846314714841,1.5481898190812602,0.27995323562737306,0.33494107864671624,0.8589548213852158,0.06013222211798156,0.11011575061506908,0.6401914706179539,1.8189388455596487,2.1916741577140724
2020-02-17,0.5657272819363578,0.7035712102338246,0.6002583354570701,0.6197623556778483,1.1671941637612215,0.8130377804872777,1.576193200404167,0.2556089235837631,0.3186784149179341,0.8992614312216347,0.06130579761811076,0.09670598558689271,0.6222042664671629,1.8571695752789845,2.2371521259718894
2020-02-18,0.5108929617017828,0.7065880480038155,0.6296619186353448,0.5994523514316958,1.2924473722315402,0.8438878578228968,1.6387055221151001,0.20742002118488204,0.31915227676683267,0.8718188226969494,0.025121285928176366,0.07498615189029659,0.42287248253607496,1.773530872311489,2.296208490471613
2020-02-19,0.5095047937977898,0.6753799355568482,0.6339377231906359,0.5811333313431943,1.3398929489388813,0.8805228926136222,1.6467071789153223,0.2675045573198538,0.32862677514933447,0.7944179809845106,0.056771635811764545,0.07321530535071911,0.32867163286247886,1.7356333806717001,2.3488052008367726
2020-02-20,0.5108873141991598,0.6776726755789261,0.6305963124355739,0.5941270146797736,1.2947297724046283,0.9006182494165869,1.6544500368283468,0.2869175159425451,0.32045605922303205,0.7623124749692637,0.06591607670338331,0.06449573696397322,0.33231190035874153,1.727542248310117,2.420739048566272
2020-02-24,0.48842384081827817,0.6187152847168016,0.6011007109548518,0.6029711390691948,1.3720275493016012,0.8828441133192336,1.5775239536824388,0.3284113954292508,0.323247229222224,0.7663615817459358,0.1959828135578196,0.10641702239475267,0.46663013498513733,1.8577598769890513,2.341922926360235
2020-02-25,0.4950441569796791,0.6065501448599624,0.5914663678821158,0.5954972006572272,1.3792747091357227,0.90696251588266,1.603770827300871,0.3008001778961151,0.30266894301946984,0.7608563790830298,0.1725908791406761,0.09945418776094615,0.48816133621194785,1.8532554830741785,2.376479110235769
2020-02-26,0.4989425046411058,0.6458090911775028,0.621214547601985,0.615619982065795,1.3773289381426947,0.9051187917445439,1.596313153369673,0.32048642684309875,0.2890250301322823,0.8263765437695552,0.17964110743331588,0.1376360784349808,0.48281569176993655,1.8371395720301162,2.3684831940945155
2020-02-27,0.4996183464342406,0.6600747542218318,0.6442983919478674,0.6155613551791509,1.398340068758682,0.9000049654388511,1.5995132475201872,0.30485170496549263,0.2841752184295748,0.7806567154792684,0.17722423627038586,0.11467085391684902,0.49105600104616326,1.7947664032730481,2.3828949523272875
2020-02-28,0.6328540005269677,0.9063847680321122,0.76250939805626,1.0108179723438897,1.0947921667879374,0.8267672963764767,1.1783190380547595,0.45672803218525404,0.3402610622956453,0.8280680198566038,0.45250302595491626,0.30262959589686905,0.49066642928791254,1.850552178739995,2.0123912071329557
2020-03-02,0.6420563240207287,0.8919798936414383,0.7617138889660613,0.9942163720079714,1.1132773318039835,0.8446465206921582,1.183605798024038,0.43602250873466664,0.3468610687217782,0.8282916851629463,0.4573649448795316,0.30890751763904756,0.49467832440223514,1.8815497959712688,1.9928739102720923
2020-03-03,0.6890707347782221,0.8774788589436174,0.7619256207185672,0.9728866348744699,1.2120564246728758,0.9433066236769178,1.1105344839003617,0.4437287943253205,0.4083563102976881,0.9751394401955534,0.5880972200606527,0.26352320649070926,0.47013374556483,2.015081232956905,1.9436092724626248
2020-03-04,0.6989317819219653,0.8650145412273126,0.744902117464947,0.9583603237395377,1.2095258236745146,0.9470060462422827,1.130242872238175,0.43632187133950057,0.4008150933979239,0.9533231223849292,0.5571789261621807,0.2699144428356637,0.47675538116811267,2.025989383253357,1.951621654995452
2020-03-05,0.717363666301329,0.8613980815861977,0.7412117150909165,0.9455138601126587,1.2130042263440513,0.9261031700789737,1.1170234659732017,0.42873554214005366,0.41246191767757645,0.9603540769287049,0.5552342737506156,0.2288431111411923,0.4867769262189511,2.023878983265121,1.9581706271796704
2020-03-06,0.6873643418368314,0.8622226440615273,0.7705785593639014,0.9286355718165306,1.2336290245113581,0.9144229013105737,1.1234351610893205,0.4410275472751994,0.44118731368282565,0.9051013734212511,0.5339007935610287,0.30393453209469323,0.5248866511486461,2.0850621850782547,1.9085614567811104
2020-03-09,0.6708254953343151,0.9267333468298254,0.7946671635310746,0.9575199043576926,1.7850602558001896,0.7732681614394309,0.9338577059280069,0.47434455536236303,0.47340754892788944,0.7553409460170382,0.5954800973863571,0.4118300156530651,0.6651019493513358,1.9605136279833704,1.7354814897304014
2020-03-11,0.7030428248920907,0.9128270679440488,0.776205898848733,0.9637776321054898,1.7838061027116954,0.7691058528062256,0.9216087770293288,0.4695728330023503,0.4966375078545242,0.7416701665320713,0.6422973264318335,0.4543562323302933,0.7137099474420039,1.927597878637072,1.7258514681001949
2020-03-12,0.8156048135297441,0.9442619836006167,0.7817185686072395,0.9860569315389192,1.6479293148735121,0.8828416577923752,1.1075220258295706,0.43874005517295345,0.7057264650709092,0.8468419248778912,0.6392911408069559,0.6798428521935929,0.7336471607773025,1.2669534475814808,1.6030181537486234
2020-03-13,0.7445497145917982,0.8837550016470935,0.6836132974847824,0.9141757446406233,1.6490470057267108,0.8993475538581169,1.1045448827896427,0.29747186731918157,0.5902224585654894,0.9946785074152323,0.6045660968894178,0.6236072555422272,0.7747378638228658,1.4726764737849825,1.620045506515133
2020-03-16,0.750208824736094,0.9717005214184083,0.8008855372061858,0.948477911989678,1.5048463535939323,0.9263743630838164,1.117313852132681,0.3623811908987665,0.5030798672473674,0.8737672273922233,0.52027534691921,0.5637219996802344,0.7819118026644419,1.4767080545678766,1.5718603306008878
2020-03-17,0.7734933121330829,0.9972506722494379,0.8143424988632707,0.9420749847319412,1.4657996208751072,0.9347517061304617,1.0777378221984575,0.3451697648757776,0.49838683115885735,0.8574703715493359,0.527333600735724,0.5822328794083568,0.781476478814113,1.4646547349715051,1.5645849781711414
2020-03-18,0.9262373518473176,0.9611279888515447,0.7514070682997603,0.8901000053113095,1.0066683969669923,1.0049106000566421,0.9303737466904742,0.4422479629991952,0.582702086151211,0.8074210796805111,0.556878991189634,0.7365692466434149,0.8321072387195448,1.301976332084847,1.4481007800840815
2020-03-19,0.8829898777871488,0.9275153066573594,0.7672425071429139,0.9402402866838422,1.0631809136472048,1.0075254152425184,0.8591810263743038,0.4632990647258032,0.6286585190673152,0.8009109590463153,0.5577556143149923,0.784572047426636,0.7872367978788526,1.3017248016224174,1.4879216308655803
2020-03-20,0.8619665317681358,0.9666368068866028,0.9050333218531693,1.013211309221596,1.3482384148678759,0.9573469525859442,0.937211469443813,0.574732749861926,0.692533382466643,0.7201695332508271,0.7143180959783495,1.024228943199023,0.7632678035105834,1.3445462713457776,1.4892455148394619
2020-03-23,0.9124392858160839,0.9009411773534174,0.715396058726751,1.0814185333297404,1.143779278575782,0.7747032047936406,0.9358099505572836,0.611449133311586,0.8161144246761054,0.7752804377575461,0.5902344711177302,1.0882403385314074,0.8336471599596131,1.1066659792892295,1.2220026630655645
2020-03-24,0.9373384375063868,0.9705233867433986,0.735973566437649,1.0848328649888934,1.1518676912816832,0.7732907133988612,0.9003643082407428,0.6298869818742878,0.8837275749644113,0.7837959391084894,0.5995264643156304,1.0581912912624332,0.8075642390809005,1.0914194495296394,1.1631529042904691
2020-03-25,1.0189603217610834,0.9133030129321885,0.6501636636127951,1.0452842148841446,1.0208636465847392,0.74074822469819,0.7906843086155074,0.6673509505798506,0.8483124206246223,0.7584746221644033,0.5690637948795487,0.9846242170711034,0.8128813478812057,1.06514270683537,1.0892220985420407
2020-03-26,1.0381025028627144,0.9324558757703948,0.6686030260555648,0.9906019291563456,1.0350843567361014,0.7232559530029762,0.819393810359401,0.6698395093176638,0.8661555292382376,0.7092064299490216,0.5543517293378506,0.9726323666341689,0.8649335323375316,1.0237067708177208,1.1548307666691122
2020-03-27,1.0413638399884595,0.93343294402852,0.6682608199107943,0.987383711693526,1.0356108853672399,0.7266200181666951,0.8253271125052013,0.6715168695013125,0.8621932423317867,0.7085615016396097,0.5524167628643563,0.9679838755817914,0.8587221443437428,1.0210707647508754,1.1570821379067282
2020-03-30,1.0683519420815581,0.9389196857282485,0.6446277175988441,0.9243395582229958,1.0130618264400195,0.7145734156599183,0.8156066731543091,0.6311325639351288,0.8535379957249727,0.6993623445084824,0.5220812333883769,0.9714257276819735,0.8659158866251302,1.0388013453521685,1.1561627138100359
2020-03-31,1.0350167372189705,0.9259742313569307,0.6795409151877392,0.9542472294504398,1.0467113270712904,0.7182562454810145,0.8542456768702081,0.6405737691495731,0.8951147604230225,0.7243370512026384,0.5363847996752601,0.9702278040955881,0.8538310022245533,1.0586190397847237,1.1632355362701954
2020-04-01,1.068727015999607,0.9433757924451374,0.6894701126547236,0.9930221835913983,1.0437307934634643,0.7257985410392054,0.8526588870221514,0.6513390284856917,0.9055147856716304,0.7228176301059415,0.5320037115632359,0.9746902864392781,0.8628706510345908,1.0385108849943763,1.1534309009119188
2020-04-03,1.071418438580018,0.9507887678154306,0.6968825213255858,0.9820113978840933,1.0228096754727498,0.7237230402351362,0.8308301428799252,0.6618661716341597,0.9021973216450719,0.6926417365696949,0.5271033992588261,0.9450236943059629,0.8615980428866552,1.0438223947734435,1.1448399364798674
2020-04-07,1.0076554640920214,0.9582171277142858,0.7055278349319427,0.9381447944936325,0.9589032940517166,0.671811612903473,0.7543951238753724,0.7542259944862312,0.9359176818299405,0.7609884157176348,0.6522096310121536,0.866090228604498,0.9013680551664042,1.0438054655813536,1.1042637428306734
2020-04-08,1.0108788934109696,0.9599526908840263,0.7103486526597963,0.9413028038254683,0.9626569455726323,0.6760433715165136,0.7560707921446321,0.7546324805132126,0.9444383950082271,0.7662390881229475,0.6552802941095943,0.869874489373608,0.9068281783611691,1.0427590171342713,1.094259935638884
2020-04-09,1.0304445671870213,0.9342942161523599,0.7049852460000194,0.8970610264401631,0.9620451169437372,0.6723661720910584,0.7591612408513956,0.7277212187096657,0.9222171522315225,0.7691081889791707,0.6201986406119501,0.8518902766816073,0.9194600468738467,1.0397234154019375,1.117495797303898
2020-04-13,1.0315019484161387,0.9263949975640203,0.7071997104885208,0.8984300803245006,0.9630557622673542,0.6672073857875447,0.7602611788011995,0.7310306224752855,0.9239372365408204,0.7673446932802189,0.616191360089144,0.8522364090790655,0.9103120934620701,1.035936073424954,1.1183250681877328
2020-04-15,1.0351324649131768,0.9262375137417463,0.7065327386563004,0.895749625223514,0.9635696851595448,0.6647174651848289,0.7565229107113115,0.7284910452666015,0.9201232273664383,0.7689430851964086,0.6169052030802087,0.8491828706944825,0.9113296582707102,1.0343383465504081,1.1168184934257044
2020-04-16,1.0268755527104532,0.9206996701852543,0.7086333987833596,0.8874282935808214,0.9652300513550196,0.6745268808426167,0.752595789508889,0.732619586905421,0.9180853300303004,0.772828615887537,0.6179825659411645,0.8554178182953158,0.9055930527095866,1.0353599666947058,1.1070546628915816
2020-04-17,1.0352341731612271,0.9097618673454403,0.694907783457435,0.8678719500504208,0.9565907546926379,0.6679569068652681,0.7462228904891504,0.6991059957312329,0.900507254925811,0.7512937465424618,0.6135005698329911,0.8184482060861819,0.8898594436112606,1.0297599961028383,1.1021495381562842
2020-04-20,1.0349728771336542,0.9118492872632911,0.6930341197392522,0.8698129671519886,0.954525051120906,0.6700312622614117,0.7442767394645747,0.6977166021767748,0.9010284227827084,0.752545203638141,0.6104235581590814,0.8205271464132466,0.8853302337151027,1.0283644217542287,1.100441825052571
2020-04-21,1.0350521669019492,0.9144523013849676,0.6904478349034345,0.8686277190565243,0.9658793859820254,0.6669951990585059,0.7391859059931404,0.6908408415258448,0.8879297910243534,0.7451800516322412,0.589850695006157,0.8392056015715756,0.8707816226873418,1.0426158651564377,1.091458622179611
2020-04-22,1.0335779225201192,0.9109203832095626,0.6860627534518694,0.865702471299952,0.9355358467044828,0.6620269179320469,0.7385701665792358,0.6969268578441241,0.8908788452506309,0.7374613971120455,0.5854284846408484,0.8301612819416878,0.8619563908924981,1.0383752363171335,1.086260898425347
2020-04-23,1.0512408391697947,0.9224333981465838,0.6875392414113319,0.8660047339970715,0.9401805584708637,0.6526012735488276,0.7338275440583744,0.6903521654230892,0.886409054830194,0.7352594015531619,0.5795033083215732,0.8338352252848928,0.8553347393124471,1.0378051104745425,1.0906535544595393
2020-04-24,1.0487479783137996,0.9241668921325861,0.6868393796417838,0.8723473293933997,0.934560838720801,0.6529531571744578,0.7324069015850574,0.6907808611983636,0.877816786646343,0.7307691923624897,0.5828857207203453,0.8309462284710983,0.8525002370578579,1.034220846161677,1.0969374382456212
2020-04-27,1.055839040298667,0.9242158802465101,0.6914739406715128,0.8710935162971329,0.9348359192063995,0.6466497198933172,0.7299765283642494,0.6944440870229618,0.8865152049477812,0.7310222097816087,0.5791610651414227,0.8412948574670451,0.8494083415981439,1.034864920443531,1.103103111603461
2020-04-28,1.0563724930450822,0.9208495122838316,0.6876999798663516,0.8749171244647532,0.9359217729003224,0.6402240723867081,0.7274889600443236,0.6870422545479751,0.8804953997798389,0.7220458872486248,0.579816537927422,0.842540514232153,0.8421370363315682,1.0321583822741405,1.1091235606484344
2020-04-29,1.0504120921519984,0.9227001503717287,0.6861110508664305,0.8760097225055133,0.9372944559156143,0.636177067661951,0.7279804001578407,0.6796983570327598,0.8740871808531141,0.7192687349297661,0.5691151183487055,0.8353225635636681,0.8418614101734516,1.0370667005988772,1.1129078978415001
2020-04-30,1.044032057415704,0.9347232333671496,0.7032541454260703,0.8786461281806831,0.9885185883243354,0.6520995077581114,0.7138534788604914,0.6762590921394351,0.8597396838229413,0.6942399792538356,0.5671802709386455,0.8135329263351283,0.846300087024051,1.0481737597137577,1.1156275883249445
2020-05-04,1.0435271198455935,0.9391079065835145,0.6751287819886581,0.8977885499841283,0.9766465971123329,0.6525741392933598,0.7146707997795101,0.6691529757655577,0.842992874427751,0.6652589766144889,0.547302026312077,0.7919002990805483,0.7882524078068822,1.0626554412723788,1.1336278731503109
2020-05-05,1.0466566116024962,0.9384896667912922,0.6765826890830704,0.8977680600415051,0.9723235598617744,0.6509970069556983,0.7144422895791513,0.6688390286055743,0.8454524491168327,0.6660378337423334,0.5489393260824411,0.7922733052908063,0.7891422641519116,1.0615034810257906,1.1371563098637336
2020-05-06,1.0497743172037217,0.9373734758813914,0.6826349681353256,0.9036569996882174,0.9651582178763273,0.6513889357853393,0.6814354104523431,0.683679614841356,0.8505235466727867,0.6572780331762952,0.5519272343072673,0.796283045277164,0.8020788591543228,1.0681695321818023,1.1201011200492337
2020-05-07,1.0552558529124838,0.9358733136540396,0.6840983813357585,0.9002162066053109,0.9665209063567854,0.6533536522377446,0.6732392164999977,0.6878625749707181,0.8595039276639135,0.6575671960201334,0.5475775879574795,0.8092683463699423,0.8058776615349945,1.0626138080591183,1.1045685194499044
2020-05-08,1.0589533736616612,0.9393187687351525,0.6830893669120389,0.905228582394861,0.967009752382018,0.6502018673484564,0.6708725793556266,0.6944273190760422,0.8626324229681268,0.6629344813409274,0.559211739110116,0.8158715045725463,0.8023316282515914,1.0529270585899946,1.1003712767629958
2020-05-11,1.0596106893601631,0.9421981398285866,0.6828208333863742,0.9046129650397797,0.9675711232225113,0.6495209594897964,0.6725611744221565,0.6952873249923772,0.8640892030772183,0.6621061380559092,0.5579985825406476,0.8168180475561456,0.8006582509933355,1.0529831725785153,1.1044306535207655
2020-05-12,1.0598830635380656,0.9420386158260549,0.6826151616547371,0.9043704762810229,0.9674384448897577,0.6486203724976501,0.6721023857562202,0.6953492705473426,0.863927598018229,0.662139120800746,0.5582599195677586,0.8166853559189491,0.8003797418378985,1.0530378545051626,1.1044071320232896
2020-05-13,1.0618496127273145,0.9380387671267281,0.6828961246701346,0.9060710687352841,0.9682932948075174,0.6491327423504418,0.6684096634666806,0.6714654855143367,0.8534022037394616,0.6475304146209975,0.5530744155502393,0.8073070498861358,0.7913645680760157,1.049074958871994,1.1081013007141283
2020-05-14,1.057096606823692,0.9479076262580113,0.6834182220954145,0.9135574092719428,0.9692341282867328,0.6521462651339894,0.665055551607385,0.6747442216125936,0.8465224924702947,0.6433668886387507,0.553597131150495,0.7968149042437067,0.7974807716294099,1.0491591611836262,1.107713812584303
2020-05-15,1.0549865675803074,0.9473460666843047,0.6814690328210296,0.9136131745940763,0.9707377428166597,0.6537116225646343,0.6657058670156084,0.6735753916057098,0.8480831633289236,0.6454746806153943,0.5547179872602823,0.8014041547779301,0.7986262061826019,1.0496268965780138,1.1106157355317148
2020-05-18,1.0624395846750219,0.9276340352525984,0.6751100982371494,0.9046454518886542,0.9753327239820585,0.6534112990763378,0.6562297761879985,0.6705581961761972,0.8404705926860124,0.6453355680139485,0.5540320990646278,0.8166168353630813,0.8010992927354008,1.0445396895991754,1.1123306445343728
2020-05-19,1.0637863385382156,0.9274534881405454,0.6764130799151425,0.9067820635465963,0.9825950918524562,0.6562841105999523,0.6608471547551719,0.6685980507866889,0.8386595063644666,0.6443786195970829,0.5535799873423272,0.8168596541554702,0.8163872637895916,1.0468079690080498,1.1105400567906436
2020-05-20,1.0655446697210025,0.9207682016409245,0.6731502479419329,0.9057708085122859,0.977960104893527,0.6580644997870377,0.6655816018352172,0.6662079667472461,0.8336323193623226,0.6485507101342458,0.5669460530401449,0.8150662088520986,0.8061443141563567,1.054081046657658,1.1230374315408036
2020-05-21,1.0642303663784556,0.9206428995189854,0.6754735646475569,0.9059335212837172,0.9757528545589257,0.6545345407585936,0.6733971558413866,0.6654298274479097,0.8320874692673205,0.6502420664918803,0.5641781005822336,0.8142702860130937,0.8051052704662995,1.0539259443340698,1.1221824132521223
2020-05-22,1.0644566530933455,0.9208809123132643,0.6735964012381158,0.9056499969979432,0.9737954168236074,0.6509428076803271,0.6729768741216138,0.6629616274692126,0.83302453013093,0.6551346056657721,0.5644785864288271,0.8149481492955325,0.8098885115536872,1.056071643354829,1.11657168783862
2020-05-26,1.0643191889697667,0.9201562196220248,0.6736556937711671,0.9051407433560529,0.974128663419161,0.6519171851878676,0.674070915484958,0.664078525534738,0.8328785739697577,0.6540325673229435,0.5640388509032719,0.816254886770925,0.8073541582551822,1.0569000872836358,1.117363781310257
2020-05-27,1.0790192847227922,0.9262228556786863,0.6966139633670303,0.8985192512718485,0.958267904327243,0.6502772708659577,0.662066059272537,0.6541022500522071,0.8277471910766044,0.6316218717846163,0.5512554979599077,0.813831239637007,0.7928664831977488,1.045771390698133,1.1030046979046162
2020-05-28,1.0762244849214782,0.9215231075715196,0.69032089050143,0.8978540119841734,0.9558374062795613,0.6496800959406838,0.6557588113588342,0.6543441868447821,0.8310729903742832,0.6321309681011873,0.547180246848673,0.8096991549704337,0.7871679487860253,1.0479878819793496,1.1108781924133122
2020-05-29,1.074655454032495,0.9171902460127905,0.6991335701956686,0.8972406832395636,0.9617697374333818,0.6519428027422214,0.6589620023412489,0.6574984836743712,0.8322665900022403,0.6321051863911421,0.5524575670362125,0.8107289695783301,0.783021839617554,1.0465646649746163,1.1162001569451476
2020-06-01,1.072693554621404,0.9126107071815184,0.6956224444881985,0.8991932982070916,0.9545330773185896,0.6459701474916835,0.6577188042199332,0.6428926677805265,0.8286395857105735,0.618114188006568,0.5345019869737848,0.808481474977404,0.7786024766483682,1.0618011648330914,1.1099405703685092
2020-06-02,1.0879794690880642,0.8994438463103782,0.6850769269830064,0.878353120404156,0.9595788636401782,0.6415006549236002,0.6615424510948634,0.6337755683970263,0.8292261435450025,0.6081605744764527,0.5133537749331473,0.8033625592852799,0.7796016015600471,1.0451179806492163,1.1180685509630015
2020-06-03,1.0905079393351766,0.8983477648474123,0.6817674834381149,0.8805674884656192,0.9593265347381442,0.636926770037513,0.6597480286796813,0.6370996310513471,0.8294901425366138,0.6069606320955179,0.513529600334831,0.80202276430273,0.7765470456890464,1.0407546617438894,1.1174885804052506
2020-06-04,1.0912376703411166,0.8995540317575578,0.6806899850082538,0.8791245945171939,0.9532659419221716,0.6283587445331645,0.6634703242252138,0.6367166532422148,0.8280494522664257,0.5951452839117097,0.5061377785230629,0.8041797433788047,0.7777630555503642,1.0298689804023462,1.1174091650428002
2020-06-05,1.0895244226911591,0.8976157404993506,0.6823358118720597,0.8787152419642907,0.9548347429520438,0.6318435737517861,0.6603054808296183,0.6348094600869285,0.8271602635958184,0.5943099685853025,0.5071288853971244,0.8034463201591755,0.7787861497765621,1.0366934640385883,1.1162667455895592
2020-06-08,1.088496342538377,0.8988815879315815,0.6837896009087329,0.8801894043574595,0.9569501283448022,0.6321247796805097,0.6595897335017762,0.6339712857233354,0.8258067115493443,0.5937761221195671,0.5062377120958474,0.8041496471825789,0.7780786963515487,1.036024237789853,1.1151998363469946
2020-06-09,1.094984033313526,0.8982742487168821,0.6845260360061373,0.8803303108602991,0.9497648526766809,0.6289390317314315,0.6520518969744467,0.6372158950046523,0.826122432845292,0.5900559782721708,0.5014894300270478,0.8023620161562401,0.7818949023948286,1.0226200160546564,1.10934901537118
2020-06-10,1.1115706050606373,0.8947096414895153,0.6780150963115912,0.8788237431149121,0.870751008014702,0.6349056715921083,0.6543191076078649,0.6403856251311935,0.8305320011340502,0.5923932192074275,0.4902498470586739,0.8098409388086543,0.7751470827635772,0.9970845747257341,1.1068560431327497
2020-06-11,1.1114289590023056,0.8947450884159193,0.67958257250845,0.8817843072078351,0.8719224108815748,0.6313454514222675,0.6581045813253199,0.634585792535518,0.8267865832651429,0.6047923825845033,0.49291448800812415,0.8061481964889569,0.7790359457149479,1.0017400279302073,1.110962059512572
2020-06-12,1.1296079959474166,0.8834753140487521,0.6645080155891523,0.8697929277210872,0.790493983923442,0.5899846675343421,0.5811085432097075,0.6599205212894476,0.8106789747123582,0.5618851907049606,0.4725670993366957,0.8025035322997056,0.78377604206427,1.0523359162510169,1.0783677811268015
2020-06-15,1.1515299173111042,0.8918141183529241,0.6745411239995235,0.8801623937819387,0.7781803179315983,0.587758641205342,0.5793046605605806,0.6946471079006853,0.8375899884352307,0.525853024808841,0.4782904116201055,0.8123850646519186,0.7712995703733578,1.0032333835765561,1.0742902918720927
2020-06-16,1.193082793872293,0.8595365484206902,0.6213027665417514,0.8615095511482697,0.7318015932847094,0.549395417502864,0.5104880634466626,0.7074570171317061,0.8869865047964207,0.5173926904270947,0.48999449129048867,0.8529615045490503,0.7700560762029547,0.9560550217260082,1.0438843958193547
2020-06-17,1.189488271928089,0.8458931108519221,0.6082789687157272,0.8656895308910695,0.73605145195938,0.5432752292511317,0.5225933768338668,0.7200934849331565,0.8903879810302033,0.5231685684696347,0.48656422155302553,0.8501702963478129,0.7648713347896638,0.9560927730909063,1.0403219539241613
2020-06-18,1.150239931450998,0.8509154669879108,0.6168355119128414,0.8862855326921688,0.9037881527872283,0.4860859433636091,0.5657218008729493,0.6835052206739569,0.8608724131441712,0.522837079752169,0.4636415477859642,0.7898233638147659,0.7321784206147751,1.007903350389747,1.0573929913369735
2020-06-19,1.1783417241192713,0.8651652683323935,0.6017256128026043,0.8548213821146857,0.8628732802148603,0.476634685469294,0.6040102155731878,0.6724206369955389,0.831594495400539,0.5234739597967946,0.45548134297553367,0.7608559130413385,0.7638069881422608,1.0030459624764316,1.0451541212267619
2020-06-22,1.205019498193252,0.8431552114601845,0.532221576474503,0.8141785713196245,0.7261748723617579,0.46976486602737516,0.5533905892256129,0.6331473446724262,0.8182034567343182,0.5450038961967625,0.3807113930870829,0.6473000761063696,0.7706744416742771,0.9648513146104405,1.0160947446686395
2020-06-23,1.3156385088628826,0.8762503715122058,0.5966109266426538,0.6389183961605939,0.6823014687980103,0.48208920183349585,0.36555723677846297,0.6242186179442706,0.6977847857885037,0.3742080654137406,0.38413496965709265,0.3988991787235831,0.6829046827865808,1.1081594970134927,1.1591841234085596
2020-06-24,1.3101862409507739,0.818449108602676,0.5867416555108482,0.6197706640845433,0.6863539913260855,0.5002364138846358,0.3670576395976795,0.5993488671767792,0.6497601114024203,0.3826397654211756,0.38261129436432006,0.40578333340166145,0.7157514569669643,1.1199764735193365,1.2181634508056376
2020-06-25,1.234302022360139,0.8733037096971653,0.6849013223959584,0.6099796691350725,0.8136914437050783,0.5162178294560554,0.4429794386305681,0.537330851044902,0.6698140738618383,0.367743801533672,0.39897842101038966,0.4120867337174594,0.6913408734166518,1.1554514136550276,1.330479463665759
2020-06-26,1.2045002458919252,0.853131450975977,0.6693260482163471,0.6637718697207649,0.7965027005188623,0.5356124640019014,0.3876085716709203,0.5218483049304158,0.6374963821780377,0.4170552556409161,0.409469542789432,0.3937998982804584,0.6105484165359704,1.2144772246683153,1.2489623880499685
2020-06-29,1.1974356115695501,0.8589593951034568,0.6767957063991948,0.6727269940204772,0.80201560848779,0.5434004278411845,0.38551709363390896,0.5202834801359693,0.6302676111157193,0.4161216824508406,0.4114033418663198,0.39744495670245056,0.6041190047359724,1.213499272863134,1.2519253995640736
2020-06-30,1.163404839014237,0.8543719045583343,0.7310441505989383,0.7988500346859685,0.8314164866599206,0.5551571655163409,0.3712905605417139,0.6150415924717458,0.6294570809648199,0.4147888558958911,0.48183101952772606,0.32630810734095966,0.5797870512641905,1.1597709240846181,1.2535456781839562
2020-07-01,1.209677464352937,0.8606251876819234,0.6758274214915073,0.7398009915966363,0.7661191405721636,0.5347857047819832,0.3032497293201111,0.5823277442295934,0.5447134858281512,0.3587638216498067,0.4492976845539034,0.2882635395707717,0.5791482656452493,1.1303940171626603,1.2470439612195905
2020-07-02,1.140095598907034,0.8223500163392846,0.6640263819536311,0.6340115451437721,0.7555967607296397,0.5025895415309508,0.2692069572257091,0.5537235015305694,0.49254624720151097,0.3341538170220413,0.46035823151884714,0.23566294244711497,0.5339970123971505,1.1959011348497932,1.2773225831735888
2020-07-03,1.1308410047822557,0.8097859510722625,0.6261200821935157,0.6681896686622868,0.8351578624206969,0.49444192634281836,0.3435584356685495,0.5299447726740638,0.4984846371496797,0.43427176718828164,0.4849778420306368,0.3331106354484233,0.5495738042084205,1.1729784867291306,1.3032070411394896
2020-07-06,1.3515730793433318,0.7125779500545935,0.5649040057382696,0.6861801946874392,0.9751298635966668,0.5844925282005173,0.4000607891150418,0.13890859770124186,0.22787843665899984,0.1009850312981034,0.025157319927742044,0.3422577905741251,0.26214294165933916,1.2442566220675066,1.4956235494841177
2020-07-07,1.3516377538079827,0.7075192329287836,0.5683235687249003,0.6963241706584432,0.988639209294278,0.6079275708692304,0.3931116626283293,0.13456257486640677,0.2162946715093997,0.12289822087987744,0.03846241236041161,0.3574496236883,0.25286968531628445,1.2455198827076865,1.4887635177232004
2020-07-08,1.3076705352587665,0.7780626516365872,0.5819449771727411,0.818285156607381,0.9898887828516509,0.6213122459156991,0.33771853044395983,0.15537895396227044,0.22574910535704534,0.036908514793949264,0.07195518350240858,0.3761838836429891,0.15320241554130823,1.2615194038049795,1.4565006400091047
2020-07-09,1.3097493691103028,0.7882594388541195,0.5448460596873373,0.7883283120065103,0.9656826409989988,0.646609193992442,0.3173411576052417,0.1416850635595305,0.18600241294129505,0.052686493700517215,0.10674377767776011,0.3812418733346063,0.20529955058425062,1.2783311461307147,1.4105180553868213
2020-07-10,1.2789331773131238,0.7921775039711985,0.5357924106007351,0.8129540423740317,0.9723770779057559,0.662646698978081,0.34970522957286015,0.16982485882083104,0.211795005283674,0.021817878181055326,0.11699634691510342,0.42596247773412366,0.19844857310601097,1.2966471558824675,1.4128488397670955
2020-07-13,1.291142066712469,0.8006751861822096,0.5354042967818506,0.82494477583857,0.9698540016494503,0.6477329902355746,0.35489161634519717,0.16099302736325508,0.21344349660870315,0.013525740804236519,0.11349475838177499,0.4140890683427502,0.2047055932137289,1.2954709364441914,1.4270997178313272
2020-07-14,1.27688348011499,0.8402847297974497,0.5803347399789957,0.8815992581456952,0.9994288700356353,0.6844561732652796,0.36300910467493097,0.2241117695958304,0.2581005131819885,0.06355276318680346,0.05723544331980739,0.4766792636779457,0.20537109919194851,1.3258323666935208,1.4508112020383803
2020-07-15,1.2764602576036443,0.8421602935235252,0.5594515409013836,0.8846877682454282,0.995390366741422,0.6911419279300196,0.3543299759384576,0.22039075553901888,0.2580626427319981,0.06959578304581807,0.05197323507622658,0.48583107669374537,0.20449896829027947,1.3209878390924334,1.449686455878352
2020-07-16,1.2818034133147838,0.872487312916872,0.5390963242848523,0.8712791137292492,0.9177799805846131,0.6985317425911722,0.3433560625480345,0.2603338190950617,0.30653324389613723,0.07594515146332402,0.17061772790283583,0.35044230327287246,0.2576788229845876,1.2447090464756125,1.5240440185043902
2020-07-17,1.281850012520687,0.8651519092702359,0.5465760045819221,0.8739869974668835,1.0610061849376213,0.7205166436514234,0.3310785991337081,0.2014715455923321,0.2563248191424997,0.08088662081089694,0.15334430151739276,0.39670675076696327,0.26688159813370815,1.2791775368703964,1.555198661049985
2020-07-20,1.219410734777725,0.8448620740380697,0.5603485097655155,0.8916198622612576,1.0420580148656253,0.7340628739087023,0.3357988682839527,0.2115486230844248,0.2890029978429679,0.05419694502383789,0.1558645307907564,0.3731376235630238,0.28542493356733956,1.2815343674231248,1.5423327178437354
2020-07-21,1.2529201971451713,0.807509650768533,0.533779477852316,0.8463630771134403,1.0820346213870917,0.7348681813535288,0.33317036718130927,0.21494520629259692,0.32428210770825894,0.07051520216106408,0.14002973261401022,0.3594165349520087,0.2716332393030787,1.2985823659598539,1.4924291682163577
2020-07-22,1.2272475303753596,0.8203510854395347,0.5351646216649325,0.8447554791916562,1.08204876814244,0.7375169547539329,0.3292551988674496,0.19494434924630702,0.29373597819191183,0.0663959175371874,0.1427379447140213,0.3350217974075502,0.27559620207915747,1.310816476083269,1.4763681909260653
2020-07-23,1.228559118320341,0.8237151483501777,0.5458429980055723,0.8485559245993481,1.0800400823505836,0.7518929122034884,0.33854102079691506,0.20873018835828552,0.30508941719395,0.08522228403255074,0.1526695820327399,0.34383250371314533,0.28508180478464995,1.3132664981992948,1.4605110582042833
2020-07-24,1.2541696429100808,0.8124046731915193,0.5537441492478652,0.8382933302780002,1.0873652643887002,0.77037953644325,0.33302388806303873,0.21712521420859787,0.31641995461222416,0.07113755698316673,0.18177265411877175,0.3623838581596361,0.27421296867263956,1.3082959319795322,1.464051411398876
2020-07-27,1.2959747907739625,0.73004257150161,0.4808639791078238,0.8146171314090334,0.8553937393147399,0.7060626575923629,0.3727429338334661,0.16947080141062593,0.3459379393326196,0.15363426056149335,0.17034761300282045,0.4292266529036404,0.21248627390576313,1.2613901004512371,1.4833313534806174
2020-07-28,1.4547269635227027,0.6003550814301654,0.6112514911060059,0.6059078229666034,0.8823413704774511,0.7430426828047558,0.20127637383754893,0.04756342992506607,0.3002465029990307,0.23863892883054927,0.24417043270623592,0.5465874640225891,0.5175774118381348,1.1875157056332644,1.4745266960677224
2020-07-29,1.4105920712814721,0.6126318825262588,0.5627981702775524,0.614788546830388,0.9244187896763982,0.7675969311641624,0.19176557045915554,0.08214417047390613,0.24345522068765468,0.18471893562947653,0.12909211718395305,0.48985092423017706,0.5035530726690974,1.1305512613753892,1.4252418322565654
2020-07-30,1.3959723473773085,0.6098320869979624,0.528040304998026,0.6125374080042044,0.9365998331283796,0.7685455119004102,0.24020982383724265,0.08828193615210932,0.24201964746686083,0.14272795694079218,0.06576180600147621,0.4441443027110634,0.5148677453984413,1.1403334461993269,1.3960443883137001
2020-07-31,1.3731295486397044,0.6072024397197043,0.517311776081379,0.6307466088733414,0.8871394887086017,0.7214597989300192,0.21728003765208484,0.07831807064652685,0.21108958945934397,0.11125178939787254,0.05968326405700092,0.42965517801461556,0.47885036510856205,1.1405997460658186,1.3965673217025985
2020-08-03,1.4047066728124542,0.6138822766845698,0.5106175503488946,0.6300347226078841,0.9140710786128822,0.7360992170301095,0.23930464305448168,0.0627074219330436,0.22986159340354206,0.147947788831234,0.05023391190923883,0.5316025004015154,0.488697025173278,1.0735062645142432,1.3826903900876177
2020-08-04,1.3773040068224462,0.5815522311133604,0.4829547743589084,0.5542079940505423,0.9030518447813447,0.7176738487945186,0.234142361294287,0.06257181191801153,0.24250105048033854,0.16443372504972922,0.06740098884807694,0.5877377231508978,0.4857560157035816,1.0382806080499802,1.405162483951523
2020-08-05,1.3609525824575703,0.5884763915055059,0.4944002919947672,0.561407518402641,0.8973166904618269,0.7659565516548373,0.26698326914165643,0.06006942207828899,0.25329610746916426,0.164225481367601,0.04995736313242755,0.5832640040891314,0.5178684163603734,1.017992237365156,1.4332812530132781
2020-08-06,1.3582155253883985,0.6110409808296354,0.49397872041414936,0.5534078001230273,0.8863022197628524,0.7601715154013033,0.2827062053821311,0.16388223906585894,0.28157828821018205,0.2196252015957531,0.05027386569755036,0.6331629434267578,0.5427867155685491,1.05902035834169,1.4197932689762622
2020-08-07,1.4403398878410572,0.48490635358016904,0.4574948440231193,0.41879208125939066,0.8808079869306298,0.7053686081823075,0.26487830160503223,0.12302211541057523,0.3329038069707761,0.2605348255566312,0.0036443318183306526,0.695368045182481,0.49521219987637155,1.040190830700884,1.4583509775453516
2020-08-10,1.4454256510260906,0.4773673244366166,0.4481535584512777,0.41659809133096987,0.882656090257942,0.7193952609353752,0.26750106302748566,0.12751584743350305,0.33232959343762764,0.25714979717857994,0.005835063151946519,0.7194742843843986,0.507456578641044,1.0483160654838644,1.4740358643535671
2020-08-11,1.4309281388941897,0.628071562685591,0.45344892713350105,0.4047828978668745,0.8297454043241832,0.751301887532973,0.30231730769170584,0.08623895769905257,0.3492078107137593,0.1981047723932858,-0.09351071037268889,0.49205665934682685,0.45359370862962234,1.0861407170861372,1.5177127632203316
2020-08-12,1.440946701475822,0.6255054433974957,0.46488593654148314,0.3852793251117771,0.8141948817848913,0.7379412198419939,0.29098957805683645,0.09169708194195254,0.36538926323924037,0.2122624999510306,-0.07864062048270865,0.5122089299159885,0.42341574407495475,1.0881498530971976,1.5170589021798961
2020-08-13,1.4412393259569758,0.6680339013792147,0.4953950859095814,0.3805816025812972,0.8158441671813973,0.7073993532267799,0.2518154492349941,0.07634801009843911,0.3717235801825428,0.16647129750229492,-0.20652784979418803,0.5138281925748381,0.4689761128711931,1.055582496357393,1.432782608275469
2020-08-14,1.448953314801658,0.6569595594251001,0.49695059406528497,0.38369083536396587,0.8320986675789391,0.6646352731554398,0.2911053294233297,0.08896451829284327,0.3724321256623468,0.12463099672988721,-0.20078413748015994,0.5306417483784873,0.4770163477598183,1.0147742944875768,1.4653585740791502
2020-08-17,1.485490898343342,0.70256260665414,0.4980046884516994,0.4203204197853123,0.8374801923986442,0.7124999096406387,0.2755679027813495,0.08386991258831147,0.4053052776328893,0.1299565450626248,-0.19144069967622193,0.5286029624936889,0.4796751046896428,0.9728127736730022,1.4598843058070718
2020-08-18,1.5031049284475733,0.6873974578315137,0.4841003300002455,0.3827858115603848,0.857694494760546,0.717792694876071,0.28865630540480963,0.11066347754103605,0.4091448925179373,0.10494184339398595,-0.20001000627761423,0.5336799002644791,0.45120813399604615,0.9924396860700332,1.5331558431840366
2020-08-19,1.4578663101473506,0.6419784178509481,0.29134389694513163,0.4223715049691707,0.914191897840914,0.7302479578251593,0.3204472820917298,0.11084032323458154,0.39965235890369977,0.20615292210042976,-0.230325206171605,0.5672089168831609,0.4677304334304361,1.0331080384281088,1.699769159589751
2020-08-20,1.4895295168529543,0.6773720330908095,0.37967757007441605,0.426809220872174,0.8451241500499237,0.5980856039372564,0.3754635476655142,0.08603943264267101,0.34445518177864565,0.18695496241801046,-0.22059102336722428,0.5864407599044968,0.5086327762680064,1.0136410871676913,1.5870098491495979
2020-08-21,1.504310023670846,0.6928061751689403,0.3148638737608138,0.43473364237626483,0.7887946220418728,0.5970762125709828,0.34422220396771974,0.06047492871923617,0.33234568523420555,0.16258013424869852,-0.26779984366223614,0.5739173386007914,0.5259522344208482,1.0221935328481075,1.5523470944926872
2020-08-24,1.5921694015444108,0.7172583712165378,0.31081957512748,0.3779497604282259,0.8212110158999079,0.6461357041495852,0.31195533280963195,0.13796746160417922,0.3088301180055643,0.25749258703215033,-0.17529018542741337,0.5935067448278261,0.5343651710645516,0.8644402130024684,1.622631742206195
2020-08-25,1.4662841839047311,0.7271463537066457,0.325905235639913,0.37831535211502104,0.8375737702723969,0.7022246938986784,0.3629887540399585,0.16694643805119116,0.31387677329285624,0.23844762197228989,-0.13711316408621965,0.6468659225629179,0.5507043986557099,0.8783786317381954,1.5993839390714448
2020-08-26,1.45698130991908,0.7504734764979204,0.3554899878309328,0.3638876991806445,0.8237236100477595,0.7192071897926168,0.36532863772154855,0.13864652217509488,0.3005965864586638,0.2330047735923329,-0.15349208390743377,0.6517347867111951,0.543389809955836,0.8905257014462239,1.629485624188655
2020-08-27,1.4297044475020808,0.7603999792705293,0.3768053840839774,0.41295585985140776,0.8166657923789984,0.7266485718440322,0.3850209474005164,0.1293993729386308,0.2847124696481465,0.26817472185071795,-0.1467676064007691,0.6633402408831046,0.5861631540012217,0.8979158412679465,1.6118071205244697
2020-08-28,1.4707048364221151,0.7683274662803323,0.36357091257406826,0.4469908130152104,0.7876680953974942,0.6782843430270888,0.3963473768659012,0.1384302989968193,0.2755696652254274,0.31496128246358585,-0.17043878876177623,0.6844524992342141,0.5800827532337626,0.8096270534102779,1.6042161145873983
2020-08-31,1.5109823990054583,0.7398150907823857,0.3520034226843406,0.47987071431798245,0.6254602968483912,0.81559804453264,0.45054073993630506,0.15969761316098136,0.3275749969050947,0.5433607586642761,-0.04856273786722195,0.6968877697087051,0.5946946707075221,0.8534552805854866,1.7916833869935205
2020-09-01,1.5102171831675093,0.722931313072786,0.2686296041531235,0.4504882398572693,0.5972835425235192,0.853246258561075,0.46782895289703774,0.14008906554438683,0.33326996634242223,0.612568472057867,0.05443691573394356,0.7252294162497206,0.6017324594061487,0.8855632984636433,1.8576777460197866
2020-09-02,1.4936610375177883,0.7330184478422506,0.27905846212858904,0.4520937453262259,0.6196853983753893,0.8489363809177926,0.46994882355711554,0.13400164652998967,0.3472620488185336,0.6087619778224789,0.05699007926688773,0.7416470731486909,0.6080545434623646,0.9203455201117946,1.8443922952431715
2020-09-03,1.539509348565387,0.709928314859919,0.18988613997547843,0.32620410103217906,0.6296668468223371,0.9330418301996752,0.41037510740002175,0.16947787818893076,0.37238114727365074,0.43555855261985593,-0.010278445822494372,0.7745126387764868,0.5667534919785921,0.8466914418224016,1.86650692604384
2020-09-04,1.5056194061799226,0.7598059098219208,0.2980717783394,0.40179711476359875,0.6633370504787236,0.9906016231424634,0.47396889381124074,0.1965186490400377,0.39613706932591447,0.4741965019133867,0.08882427002938624,0.8040051904733952,0.6093983836192898,0.9346829937154667,1.8209368431410984
2020-09-07,1.512317378243562,0.7673583902373345,0.39381431271287154,0.3735414491040832,0.717199332825132,0.9243054080113292,0.3843569793471472,0.18846376464818812,0.40417946427654383,0.5383918537750889,0.09053962455021498,0.8603087082283685,0.594783372999608,0.853612822315194,1.7544212933807937
2020-09-08,1.5056642111944973,0.7397448720365125,0.40326272875410163,0.4231073696497176,0.7475686567063078,0.9563115215695327,0.41152405347745247,0.21198629235802446,0.4148155234986491,0.5737477195355345,0.11443178164358166,0.9095986445855517,0.645376360285292,0.9018452973925174,1.7724267757499435
2020-09-09,1.4979427387482975,0.7560540633946292,0.4279909816923805,0.42590153763578825,0.7754704395106959,0.9446548502171743,0.4147334369691128,0.19090416762667117,0.42989952201157855,0.5628911703142995,0.08991568405397503,0.9229102585827157,0.6667901192864555,0.8674830071443883,1.7968028088105215
2020-09-10,1.3691400313266788,0.7696702670950899,0.45829569146482174,0.4353408650329613,0.859718637238319,0.9369623493146662,0.3383067817532419,0.2188753001894596,0.43266710815592696,0.5888878137742563,0.04827985457421728,0.9777130194230285,0.6723360843387228,0.7342976853540846,1.9225454611097892
2020-09-11,1.4167990125831742,0.8380366579975312,0.43664055232053045,0.44933231211909236,0.8172943504298321,0.9615564333096359,0.3878509865918031,0.24116431553754114,0.4246644950346077,0.5913272179598592,0.054887755882246286,0.9742679926116713,0.6379044085223162,0.7520511952078983,1.7389280237403437
2020-09-14,1.3964348926043508,0.8237069254670438,0.42604182255787487,0.4180774199447939,0.8202004049317769,0.9337471645371793,0.38768221770330935,0.2506473997901516,0.443934762123175,0.5984163152236067,0.05821182108248533,0.9560419843340675,0.6481563540701452,0.7512176278786314,1.7440000093891324
2020-09-15,1.3860181613681801,0.7972604471152702,0.41784068476420355,0.39042957094294356,0.8189613508574738,0.8067813531205804,0.3794104609910346,0.18507646544749784,0.42828647246359197,0.6009821988945375,0.029882608698027693,0.9897468011086706,0.7016417716318346,0.7302394853269291,1.6527667484122242
2020-09-16,1.347771724100679,0.8061620621194712,0.3899775074832361,0.39985063619468963,0.7549337036543017,0.7022052333334216,0.5158874406826,0.24627655065930992,0.455867812263157,0.5391084358312194,0.008676959500519079,1.0339099405945151,0.6069799301675971,0.6846492095258199,1.6178150540115765
2020-09-17,1.3767992283948416,0.767434921271815,0.39435828978688325,0.4047399574511874,0.7236422367794388,0.7048994032920209,0.5696373868491886,0.2545811382064837,0.4671080546429939,0.5619997620575464,-0.0815684303556824,0.925657646560942,0.6077052922946993,0.7012228633861566,1.6588841913006227
2020-09-18,1.4483184823358555,0.6864251564280158,0.3504470943651584,0.3898900865387555,0.6687438718893624,0.6832540890074562,0.6249615531938115,0.2672412183791196,0.4762679422926559,0.5816996992099963,-0.13265955939966786,0.9802198269493166,0.58581191031528,0.7179368129891862,1.6882013137769152
2020-09-21,1.2892242602342032,0.5659364932723224,0.3601654293805305,0.4149775469637758,0.7592256785532482,0.6956258174607056,0.6661414714204174,0.4304655867947248,0.6676751744106916,0.7094983239193969,0.048494998846267144,0.8672698092847346,0.7904585007834402,0.9009531593758238,1.7653071921059895
2020-09-22,1.2920151288019597,0.5708621105431267,0.36033729541908494,0.38681445349049515,0.7803719383396965,0.699529129195254,0.6635327150601636,0.46129334540358874,0.6893634936646171,0.6702078607908618,0.04154148519146593,0.8978975018973467,0.7533422597628397,0.8937267870535438,1.7608321848053399
2020-09-23,1.321600323888347,0.6034153877370613,0.38649905537451346,0.4096968785674428,0.8308476811558771,0.7808191021982561,0.588998197528686,0.507281450568552,0.7346825724110645,0.718227929985852,0.08148446427206846,0.9709789614918186,0.8086350409871907,0.9621972091360138,1.7630372030626453
2020-09-24,1.2622441887083249,0.7168122841804832,0.49592936890722195,0.6085223817634237,0.7432871004588164,0.8195495375836381,0.6439521069371928,0.466376152359041,0.6658049755489709,0.7833881644008107,0.17800832330063132,0.4631729608312281,0.8472634680634402,1.0275930186335793,1.6403140169027521
2020-09-25,1.1922413362881379,0.7733354331375575,0.546496095358831,0.6354074748846154,0.8087923586817495,0.8442126248616203,0.6845515407942739,0.5475865154159064,0.684297022602441,0.7461643597877917,0.21032738253551111,0.5439033840717052,0.9345176957726598,1.0421420348086037,1.6486889322537936
2020-09-28,1.2112973919132535,0.7615982781663408,0.5450341664265822,0.5973771955542437,0.8704396368823564,0.8987409712942387,0.685640779268657,0.5281713774068207,0.6600525945420146,0.8252389232128143,0.23253031730033624,0.529507031245483,0.9694294458195825,1.036383650145012,1.6865854901996937
2020-09-29,1.2138140704210272,0.7491618338014652,0.5448651360866262,0.5997935896918654,0.885315985272166,0.9153450413154947,0.7003038773374798,0.5264358623719896,0.6550955128604407,0.8288728997309492,0.2444726786475077,0.5289988883051355,0.9778404330276984,1.0442247912628617,1.6964965698603802
2020-09-30,1.2163397959053495,0.7152833944525597,0.5318686947654341,0.5976440322485089,0.8904406334934649,0.9037493406385916,0.7325015992199655,0.5301093127057663,0.669059478875842,0.8460856253232303,0.26827684020712755,0.5042595499512669,0.9755901691747835,1.0659822699122163,1.6502856782138224
2020-10-01,1.2424118550850438,0.7064808428360737,0.5236575375832583,0.6819953889598422,0.8922141655267237,0.8795996676978415,0.7163059963755127,0.5359922632250178,0.6666146502589813,0.8598593448043894,0.22412452916547068,0.4201183945118468,1.002030673350861,1.0335339528310354,1.6698629426208993
2020-10-05,1.2365889230265876,0.7268048105936831,0.5791970521306559,0.6797610110511313,0.878081806232461,0.8659447401550723,0.704698695315965,0.5416797095341012,0.6807177987900841,0.9078980084096013,0.22578781345874802,0.42310360298320326,0.9981402122929617,1.0612575535332058,1.6942561304877177
2020-10-06,1.2449802098251486,0.7088973725330802,0.5253809133509361,0.6512754494458027,0.8635810141423093,0.841350678482903,0.6944187721837063,0.5098757912086164,0.6264205143452205,0.8741971518990007,0.20278916956426632,0.39496429448655335,0.9866840332380827,1.0053733545361763,1.7044725194993193
2020-10-07,1.219709823103092,0.6835189693285365,0.5059434516560286,0.6545322999073365,0.8714449883398934,0.7997074167837972,0.7155107000488884,0.5431098104908706,0.6139325156562386,0.8588852988804554,0.25824196988386927,0.4300961962706939,1.0685472633962936,0.9907683090676325,1.7055504688215488
2020-10-08,1.2071758122373881,0.7065683366487207,0.5887143674929111,0.6636799973257256,0.8367142871435319,0.7931166613863031,0.7017485425861315,0.5523301849611069,0.6111670230625924,0.8772672580453611,0.27086355124338696,0.4560242781534474,1.0666174137495215,0.9898068019007724,1.6961378671274494
2020-10-09,1.1816071895834306,0.5784608600475944,0.6362409805327652,0.7097789310994287,0.8680674621996178,0.8273026833219507,0.7484040188596631,0.49125546592748115,0.5535668622826747,0.8566093554760067,0.22661415225369388,0.5069328930188703,1.0787576612243224,0.9829730890690958,1.6869449687751121
2020-10-12,1.208797267589167,0.6216179300911426,0.6731988538085518,0.7434900799194013,0.7690543715532635,0.812032622219574,0.7623246623234107,0.5365556146973984,0.6100903640800557,0.8660433387990142,0.2594718383363285,0.4431910384962959,1.0856008571853306,0.9558966545291664,1.70739470561868
2020-10-13,1.2328592185355445,0.5782048304103767,0.6370838788616044,0.7012820470479145,0.7776284625544269,0.8449407158635267,0.7838039249306515,0.5433956584079633,0.5347004147489277,0.9474595101862705,0.2831702700010611,0.479653765301251,1.0675288556825107,0.9679125255617549,1.7357184349704093
2020-10-14,1.2030224151623403,0.5860030575274242,0.6348525830988336,0.7258415260007622,0.7286245347756163,0.8225134923611448,0.7977450188941128,0.5494241055998949,0.5993230752698792,0.9954020838911217,0.32136315592333553,0.4785121192895634,1.1079093482217,0.959862404222957,1.752230354292085
2020-10-15,1.2057743522596525,0.6275380469322989,0.6755847466636273,0.8380055800404433,0.7031592695872662,0.7565485995419825,0.7889545554242855,0.5046783346344391,0.5911036788002346,0.9912832836157409,0.3586299226402311,0.5268919772295518,1.1172744992706973,0.8752012990251707,1.6769684686961048
2020-10-16,1.2023800501133293,0.6558202151867971,0.6686840569271413,0.8188027040918984,0.7201972520404,0.7704954194708376,0.7717090343883978,0.4882658317429733,0.5897040202298799,0.9818921166199014,0.3466329387487285,0.5055409766543154,1.1271567174226784,0.9214847169270851,1.72161016775912
2020-10-19,1.221740630965144,0.6485696304334809,0.6748241564747672,0.819416188040001,0.7488176313756122,0.7809597118012784,0.7867884929021574,0.54135860855587,0.5913902587209114,0.9717947856735529,0.32430360666489433,0.48477878236445704,1.1068909523164712,0.9060566449112336,1.7050807069290028
2020-10-20,1.207616744309329,0.6789533264352865,0.6693019609016149,0.8431306290028384,0.7505715282583476,0.7652534853872712,0.7780826857672679,0.5534077970347822,0.576476653319191,0.9572999328945496,0.3095009204302355,0.477750761190513,1.1229986303774302,0.9278972739427033,1.6946490934456244
2020-10-21,1.1484911543268286,0.6751473913440273,0.6391798649612275,0.8080965223667063,0.7956066980693463,0.7723809307340146,0.8089981966743859,0.5961583804305688,0.5774672667104104,0.9572607651331514,0.3048138636517834,0.35837334451291153,1.1409725118353868,0.9364657655667937,1.682982985514037
2020-10-22,1.1679534608856676,0.678632736633488,0.6500826660262747,0.8036549839290597,0.7881172168401975,0.7542120045457992,0.8270221191029549,0.5642138033275459,0.5805497025207709,1.0084219362712126,0.4049061058566206,0.41519149861518445,1.1425592354648868,1.001323185145079,1.6835857439361628
2020-10-23,1.1793660307156075,0.6980786525660372,0.6944117666193159,0.8088072039228079,0.7680147351722684,0.7419235852804376,0.8202840587521452,0.5664548458773152,0.5978617881067162,1.0816151906405804,0.48900637430564625,0.4861514972950442,1.1317758523217305,0.9902041321548625,1.7044211064317307
2020-10-26,1.076888994836041,0.7040218055079873,0.6890214593198253,0.8747405101795906,0.7714180190536627,0.7299168154205937,0.8225855620694984,0.4895959788852855,0.568951964983145,1.118001659669533,0.49572886648222086,0.4878828403271209,1.0930031801184739,1.0455073627417104,1.7294438792062043
2020-10-27,1.165403127883821,0.6634886713973811,0.682146250175463,0.8755635645991964,0.6914489360575021,0.7667184069124818,0.8287486366964883,0.5955436947376861,0.5947930425290721,1.0875393086227751,0.5459572963892311,0.3613536398012668,1.1088518067327744,1.1409483031088108,1.716189594435906
2020-10-28,1.2212760474445736,0.7395356501189867,0.7023745896817739,1.0697272400198163,0.7014845139572744,0.8221798100717588,0.8371508456632265,0.6142334373866949,0.5894232252642537,1.0777524267909837,0.5655433618239346,0.2902296460969599,0.9952928691975348,1.230572354957127,1.8047524025954949
2020-10-29,1.2049915718646638,0.7386986374916226,0.695498561075834,1.0289468623818088,0.7246351900424004,0.8364112514341014,0.8394298126069751,0.6175386807251414,0.5882063651743779,1.0844556475788532,0.5648696603992244,0.28990648312731776,0.990033925004827,1.2306627933258494,1.814220738368781
2020-10-30,1.2234100922604136,0.7192820564591527,0.6962267884941097,1.0160554224140765,0.702524610332039,0.8351545207412624,0.8197041374010874,0.601025892198839,0.597831046151303,1.0706810892869458,0.583582612764544,0.27751216724233635,1.0167639575864922,1.1800654893027793,1.81542841926601
2020-11-02,1.2280004400917237,0.7234150560704036,0.6914879610168597,1.015075323759146,0.7053446144571414,0.8398283935708593,0.8219515020857143,0.599368945230385,0.5920545960985001,1.0737371435470886,0.5817035381414265,0.26788956500145883,1.0305590179864261,1.1737726355979987,1.8256648306155507
2020-11-03,1.2074265324827216,0.6894442748545978,0.6790630467588147,0.9555352990998172,0.709038021283868,0.734478079005282,0.8375677576662582,0.5677704241354439,0.5724644540636891,1.0971520014166032,0.558956410360588,0.2809592038273589,1.0054611538273215,1.1597678110545402,1.7414712422543486
2020-11-04,1.2235704916269108,0.7202464821414842,0.6933786783038638,0.9809596992923113,0.7135139536689121,0.7180270481349774,0.8189879098018752,0.5728298661310259,0.6027155913927551,1.1400909283671372,0.5812994094359505,0.28506261941218586,1.0055878376164007,1.1348677938376464,1.7323424248690138
2020-11-05,1.2241761100352506,0.7078665419617299,0.6667340802776967,0.9794912653558094,0.7335463668091032,0.7402308524902083,0.8698288088759917,0.5786162437360749,0.5953685520830334,1.1279379079609173,0.5578787808952156,0.27686985173584117,0.9931300429103966,1.2231353584503275,1.6990466199856116
2020-11-06,1.2372169870872647,0.7025002181946964,0.6508825897113177,0.9778843333829836,0.7373538730314935,0.7410648623567211,0.8488510218776742,0.5463229739918767,0.5938585244653316,1.0930551924436371,0.5265252116317847,0.24092935184979655,0.9490743335170672,1.204555403722943,1.689246529968894
2020-11-09,1.1801062249334338,0.7358514075776893,0.6647534780887733,1.0044632047203346,0.7179913965026804,0.8122331067221294,0.789075784951803,0.5659763145562853,0.610350558525117,1.1277822077627384,0.5126499814567295,0.20376921388085767,1.0325660010604283,1.2761804479643335,1.6585058274775966
2020-11-10,1.1690001701851747,0.6471617500043843,0.5884099550495762,0.8567995708942365,0.7478793219683151,0.7887386003852691,0.8256555713796139,0.4791489655966971,0.5697506125751717,1.0462323389712698,0.43732080666662515,0.15478124026716045,1.0044799135219866,1.2568788157323927,1.6817053246134226
2020-11-11,1.1662131986021755,0.6690476293698394,0.6048582299017463,0.9039826036254595,0.7516605222231397,0.8157884339508812,0.876208738598214,0.4768599905542352,0.5504376327841457,1.0951739107626726,0.48423364553413867,0.25247539493755805,1.0261372719353519,1.313162684495832,1.6058552902816619
2020-11-12,1.1921398993730064,0.6719198635887503,0.6082796631871031,0.8947275559541175,0.7563436714373826,0.8322986415968736,0.8558052947803256,0.4734581195050606,0.5397228061731594,1.0818965817277157,0.49372185291058246,0.2925797457313725,1.0155216098216695,1.3085116434603157,1.6000857407314422
2020-11-13,1.1841012033971983,0.671564124744647,0.5804677432167862,0.9029438633019684,0.8232697514331059,0.954690431974482,0.849646185097382,0.46740747344339717,0.5473539803727131,1.0905376540497136,0.4950047955959107,0.3016176566106245,1.0036263268132626,1.3312781957621969,1.6553271891901975
2020-11-14,,,,,,,,,,,,,,,
2020-11-17,,,,,,,,,,,,,,,
2020-11-18,,,,,,,,,,,,,,,
2020-11-19,,,,,,,,,,,,,,,
2020-11-20,,,,,,,,,,,,,,,
2020-11-23,,,,,,,,,,,,,,,
2020-11-24,,,,,,,,,,,,,,,
2020-11-25,,,,,,,,,,,,,,,
2020-11-26,,,,,,,,,,,,,,,
2020-11-27,,,,,,,,,,,,,,,
2020-12-01,,,,,,,,,,,,,,,
2020-12-02,,,,,,,,,,,,,,,
2020-12-03,,,,,,,,,,,,,,,
2020-12-04,,,,,,,,,,,,,,,
2020-12-07,,,,,,,,,,,,,,,
2020-12-08,,,,,,,,,,,,,,,
2020-12-09,,,,,,,,,,,,,,,
2020-12-10,,,,,,,,,,,,,,,
2020-12-11,,,,,,,,,,,,,,,
2020-12-14,,,,,,,,,,,,,,,
2020-12-15,,,,,,,,,,,,,,,
2020-12-16,,,,,,,,,,,,,,,
2020-12-17,,,,,,,,,,,,,,,
2020-12-18,,,,,,,,,,,,,,,
2020-12-21,,,,,,,,,,,,,,,
2020-12-22,,,,,,,,,,,,,,,
2020-12-23,,,,,,,,,,,,,,,
2020-12-24,,,,,,,,,,,,,,,
2020-12-28,,,,,,,,,,,,,,,
2020-12-29,,,,,,,,,,,,,,,
2020-12-30,,,,,,,,,,,,,,,
2020-12-31,,,,,,,,,,,,,,,
2021-01-01,,,,,,,,,,,,,,,
2021-01-04,,,,,,,,,,,,,,,
2021-01-05,,,,,,,,,,,,,,,
2021-01-06,,,,,,,,,,,,,,,
2021-01-07,,,,,,,,,,,,,,,
2021-01-08,,,,,,,,,,,,,,,
2021-01-11,,,,,,,,,,,,,,,
2021-01-12,,,,,,,,,,,,,,,
2021-01-13,,,,,,,,,,,,,,,
2021-01-14,,,,,,,,,,,,,,,
2021-01-15,,,,,,,,,,,,,,,
2021-01-18,,,,,,,,,,,,,,,
2021-01-19,,,,,,,,,,,,,,,
2021-01-20,,,,,,,,,,,,,,,
2021-01-21,,,,,,,,,,,,,,,
2021-01-22,,,,,,,,,,,,,,,
2021-01-25,,,,,,,,,,,,,,,
2021-01-27,,,,,,,,,,,,,,,
2021-01-28,,,,,,,,,,,,,,,
2021-01-29,,,,,,,,,,,,,,,
2021-02-01,,,,,,,,,,,,,,,
2021-02-02,,,,,,,,,,,,,,,
2021-02-03,,,,,,,,,,,,,,,
2021-02-04,,,,,,,,,,,,,,,
2021-02-05,,,,,,,,,,,,,,,
2021-02-08,,,,,,,,,,,,,,,
2021-02-09,,,,,,,,,,,,,,,
2021-02-10,,,,,,,,,,,,,,,
2021-02-11,0.9247110417580071,0.8260904395031742,0.7853412544735623,0.6264732481884424,1.106863630944774,0.9247243358616096,0.7850211183919362,0.24737982718292362,0.18913935068483595,0.8600555613893479,0.4855129424622041,0.6803023498865278,0.9925574241705643,1.2791569618038008,1.9558649327848519
2021-02-12,0.9207416580347678,0.842837685341708,0.7829800600329795,0.6272024846070587,1.1622639546535534,0.9738516088371396,0.8251167385323288,0.24323415060632161,0.20238630838167018,0.876652329887891,0.5161401229725846,0.6815483911943444,1.0100828290421064,1.2336558928981647,1.9620294412403827
2021-02-15,0.9257071165496406,0.8389539560837509,0.7730780302849146,0.6128961078695688,1.1629816498113956,0.9602536881790759,0.8281684109138174,0.25351112925739056,0.20095046774467104,0.8722912073988958,0.5011934156516934,0.7962969716880193,1.0171972552901885,1.21405721661013,1.957022525787867
2021-02-16,0.9414976606381775,0.8409470287647299,0.7763313187427844,0.5901411778936462,1.1745095926781393,1.0136638161465776,0.8974945596130325,0.2754948828356187,0.21880779979646336,0.8680909998167269,0.5207799390083727,0.807685253199776,0.9988546121484146,1.2561489106267165,1.9364356094795319
2021-02-17,0.9354756413379562,0.8430089919368605,0.7921547547269069,0.5884126252624715,1.1740915611776015,0.9759842239336697,0.8845515407697007,0.2928732719838742,0.2190066510472014,0.8910961158266439,0.5465871294266109,0.7842514647290452,0.9781102233167337,1.2467007343364727,1.9586470543298105
2021-02-18,0.952420020975459,0.8173960900429817,0.7734540499647531,0.5395336658059436,1.053157557035542,0.9152946440689174,0.8753787151300209,0.308899651417444,0.21670529029090643,0.8916489728564722,0.5253618551144651,0.8277988186683146,0.9884392200191767,1.2339865609052005,1.9789371502603819
2021-02-19,0.9344752518543746,0.8155901711622866,0.7857859106250179,0.5521043561860469,1.142568809803635,0.8942585415247025,0.8676024064193413,0.30742710549210256,0.2236108652885476,0.8981177286618773,0.4784420679793029,0.9501830246064673,1.0138703304060932,1.2821507421220921,1.9901609059911343
2021-02-22,0.8184249745382755,0.8056862679291479,0.8086050273551764,0.6273820522887186,1.2207480750619601,0.9271571927761293,0.8769775316102851,0.3284866203913649,0.20359772719078734,0.8727910515224973,0.548551816101536,0.8464286303944825,0.9957949801787145,1.1584766512955271,1.9246924365055784
2021-02-23,0.810838776807879,0.8166963341531306,0.80398388585128,0.6404688590571838,1.2439785438169604,0.935145680654624,0.880698359811867,0.31668434675800483,0.20625124337483475,0.8717385492034028,0.5314259746506096,0.8292588452834337,0.9978434580290853,1.1206427086638393,1.9399493043576852
2021-02-24,0.8314266776691558,0.7916469580138381,0.8024314517959652,0.6576536037093441,1.20297892751374,0.8983415252027507,0.848467525571284,0.33671722186657815,0.2574236140416106,0.8268331480643496,0.48303157250816486,0.8430419380844315,0.9787169151752424,1.07623545758706,1.9145431459324749
2021-02-25,0.8480256398708478,0.7601637010058343,0.798034026498698,0.6230369584281509,1.2029484211303099,0.9462382646979517,0.8506030131815427,0.3566117543378566,0.26082441839290244,0.7835132776601362,0.4916099508267787,0.8038811085767653,0.9552780654926618,1.0821355854656947,1.886466008189727
2021-02-26,0.9570379151678114,0.7110845999702272,0.7891383447007668,0.6937902383281076,1.3196093292553306,0.8287457273426297,0.8227188632097626,0.29368344019990417,0.26243714594009826,0.7659360890419408,0.4554492593941241,0.7267015794130347,0.9757573453720092,1.0795835136899996,1.7713304556116167
2021-03-01,0.9908879685183984,0.7091063012676417,0.7838753869213172,0.7064356719157887,1.3661426393626845,0.8250488679903186,0.8256791304332447,0.3071864226730828,0.2799893201979432,0.7718959223835602,0.4577116318393742,0.7154964516852033,0.8881862283990658,1.084954758549922,1.7472795150073013
2021-03-02,0.9777681821536133,0.7283813996482733,0.8156020423969024,0.7280710313495005,1.3254950202779614,0.8570774079232396,0.8289837099161934,0.307442068132181,0.2864629194033729,0.7552170802135785,0.4494560834364806,0.7008056949821204,0.8790135385179099,1.0864529789491089,1.729634090609597
2021-03-03,1.0075085813043394,0.7532469042594973,0.8079308272119267,0.7066819032629608,1.269615156325151,0.818124486152315,0.7844493567470417,0.32008220122303827,0.29895587573437654,0.7461997801255678,0.466804089256311,0.650247527483525,0.8475192847511628,1.1603591005116742,1.7304420031666237
2021-03-04,0.9926494742834494,0.7563867659267712,0.7885067434258489,0.7071922491357074,1.2695791164636163,0.8307507467997227,0.774699949787957,0.31676307689639877,0.28523076370271283,0.7484119366152537,0.43650930330689186,0.6506258998001301,0.8516092474856876,1.1783554534575098,1.7042348674067642
2021-03-05,0.9514075463094198,0.7523256800155383,0.8447453131021444,0.7165118916144652,1.2444398957623077,0.8510288739052752,0.7663225759075306,0.3030861735767722,0.2896726137609865,0.7597500876178583,0.44418740936660517,0.7155693279736021,0.8638616383300619,1.220098215646389,1.7148678017974317
2021-03-08,0.9599475922190083,0.7492352651951232,0.8409300642277099,0.7164457602392048,1.2468704880995343,0.8449592645571601,0.787844713181038,0.3285349812067692,0.30834305555153074,0.756754390600423,0.445992933007009,0.7053262189891192,0.8689610435154403,1.2223875631614354,1.7315102091673433
2021-03-09,0.9781227126242068,0.7491181905375114,0.8388016744030843,0.7274037381316398,1.2231970667819427,0.8275110241882743,0.7813896405939524,0.32998036977358924,0.2997684301106342,0.748343341325004,0.43793974860689766,0.7051038588419023,0.8580200737323147,1.1811587348713497,1.705588769653325
2021-03-10,0.9736867675638974,0.7530259128496187,0.8445363551249352,0.7343020680021647,1.209249658747808,0.8242104425445742,0.7791464767325822,0.32899865221853397,0.30298952951581354,0.7522706459820863,0.4413182443243569,0.7059747496678725,0.8599458422710572,1.1863587295394435,1.7090361933605964
2021-03-12,0.9786677619261756,0.7403019297121985,0.8424766582766189,0.7351048949739939,1.1897837300814802,0.8222151366016704,0.7750967085664436,0.3346506102951555,0.3120590365892027,0.7653768399487327,0.45227540645553715,0.673865648977076,0.8539202127261335,1.1827819492499236,1.7152385544268602
2021-03-15,0.9827445785726593,0.7373223049488417,0.8324680170292369,0.7209109864290727,1.1799628506816142,0.8177609094301138,0.7707458045911195,0.32170949619363676,0.3076754125715335,0.7704951886266059,0.4624881779739195,0.6632562612160211,0.8393162022881019,1.1569348235576635,1.666981265259628
2021-03-16,0.983012340934737,0.7383472114968064,0.8334315434990028,0.7194961105202983,1.1832087694546611,0.8219881115930608,0.768805793865055,0.3226698387020988,0.30564494341674675,0.7749103591679741,0.4529463186640048,0.6570444134709829,0.8368542272321816,1.1661153453068658,1.67075927594539
2021-03-17,0.988525568727655,0.7253384986709519,0.8515164320444414,0.7168306699690308,1.2311927421979898,0.8448380539500684,0.7372177977410092,0.3371560600353392,0.3065837251761808,0.800236093369796,0.4688700937287827,0.6833178309331407,0.8382502346591459,1.1837147776862271,1.7027574602994493
2021-03-18,1.0603939194180287,0.7999877018132527,0.8665575434640004,0.7136886333784612,1.0177848795106497,0.7511132241324352,0.5792551659919056,0.3615957573463667,0.26035163146674445,0.7647929694526541,0.45805972529812433,0.6818593026594691,0.7740570825466676,1.0994729550617226,1.6243168029454353
2021-03-19,1.0659833598802568,0.7686568761911717,0.8364017537176351,0.6642701694383748,1.0077594297572194,0.786163266719838,0.6019855591150383,0.3601240926326978,0.26670513600648743,0.7425396122870028,0.4567922986141948,0.6398286524155121,0.7585745731818271,1.130868259941626,1.5925252689593117
2021-03-22,1.0659870942557077,0.7483018061057171,0.7905858049920863,0.6618327423326685,1.0184333439810247,0.7948300995961645,0.5867313545202303,0.35027279565315894,0.2633846605346816,0.7341496187285731,0.4422817141061636,0.6409020470446554,0.7536326797745374,1.1103301991484562,1.567140439583697
2021-03-23,1.0509151423926517,0.768919028151495,0.8073644172096179,0.6688588655395998,0.9934387423432701,0.7837600282418403,0.58137309290004,0.36310476186768587,0.26774307598446506,0.7105433578629853,0.4500999472452414,0.6623506144558285,0.7411129542710213,1.1182514339796805,1.6021327237827085
2021-03-24,1.0358443583097094,0.772581510519775,0.8064017120446098,0.6930987153182961,1.0075904306723125,0.8080297940325752,0.6181848433128049,0.3726487877656689,0.278845732792673,0.7027616867729224,0.4384741662736467,0.6780985501726907,0.733472039455419,1.1782304778885335,1.6295297496002075
2021-03-25,1.0226639241443023,0.7770444176981397,0.8309582844231442,0.7081085355022022,1.03260786007682,0.8428505966968816,0.6333462455055469,0.39299452607355967,0.31449331497351374,0.7094921681800974,0.41389363385505024,0.7301897189829697,0.7648915950735,1.1081080032692525,1.6393326795180585
2021-03-26,1.0134377493818527,0.7683830561432803,0.8319238430637264,0.7203149998988676,1.0210249032732261,0.8424826600438842,0.6209356607869013,0.41684980251114884,0.33227227229047035,0.7264949065563308,0.41716974817208025,0.7329303080389153,0.7910696291405961,1.158104066573719,1.618126866007824
2021-03-30,0.9813236087873506,0.806437323419527,0.8640090743272809,0.7389815477871333,0.9905731390699282,0.8695316669201847,0.6255133687245753,0.47500877469548264,0.3828927563724775,0.7302269008557969,0.456434375420578,0.7460033399198671,0.7481626807820301,1.1864642667196483,1.5352348659404118
2021-03-31,0.9843985483729386,0.8114660490072052,0.8648091520521941,0.7566288069772767,0.9952350746151749,0.8734108738478996,0.5966103668224253,0.467643197901625,0.37652180508855965,0.7210087143701148,0.4478662902436143,0.749554266685518,0.746740306131064,1.1623248257231182,1.4888890055398554
2021-04-01,1.0179174787949195,0.8038148704455903,0.8501280563092322,0.7360902829603572,0.9832583923712561,0.8798971396874253,0.6009846197189351,0.46276945257061525,0.37488884898602953,0.7291333244161148,0.4579575880155745,0.7420202006061973,0.7461615005707448,1.1659199312902149,1.4782827477664235
2021-04-05,1.0303197220353677,0.7613693085266042,0.7929395110468247,0.7112006727051717,0.9849265056910467,0.8909472510602944,0.6418554864309457,0.4638855115134902,0.33506456597154555,0.7190356247538039,0.45265161747690014,0.7038838181092674,0.7119521192721585,1.1463812827499051,1.529429138701297
2021-04-06,1.0358159844252453,0.7578782689845385,0.7942348598501389,0.7079541915658816,0.994254612100613,0.8912136742164174,0.6308891092636045,0.4670036613136016,0.33547818288078274,0.7249658411470818,0.45767802316107803,0.7065342533172724,0.7227923759319879,1.1456747666333083,1.5300472705808146
2021-04-07,1.0395849894247582,0.7596918403152667,0.8074031010910866,0.7114664410157957,0.9928475467338483,0.87857525933194,0.6283202751634479,0.47669730072711985,0.34859469946457977,0.7198561596578367,0.46804945592458497,0.7281018522729054,0.736200729406008,1.1528125870747683,1.5320184836394544
2021-04-08,1.0428134038266494,0.7261243039229228,0.7514700425957622,0.6586949832969129,0.9729745217402517,0.8530218519947886,0.6480401862955528,0.4759852201388295,0.3528002407534679,0.68985219080954,0.4577195590719396,0.7229951905056313,0.761292923252379,1.2067590576589105,1.5433974777615365
2021-04-09,1.0590068140735431,0.691991107219845,0.7199854807136062,0.6352798485841055,0.9643368406743098,0.8755786810825097,0.649980340174297,0.47620111513322655,0.3493735965389256,0.6837832382878679,0.44197628951074436,0.7310526630802933,0.7547295982547835,1.2457980062411906,1.561434132706271
2021-04-12,1.0478165790594907,0.6572437917256158,0.7490956259454546,0.6122612484773964,1.0253496176325705,0.891394523763646,0.6855357538320274,0.4506832939919118,0.3043533068345405,0.7042974279427671,0.2533088647293308,0.7929344860565332,0.7836915765662394,1.289862464539508,1.7129759343717148
2021-04-13,1.0544112266117889,0.624672349566043,0.7042796146010272,0.563467292948428,1.0545755662481962,0.8943977382831032,0.6926668870429955,0.4236305561515884,0.2794738020797488,0.7072676119322162,0.2027199750160922,0.7688452363873793,0.8016632143564428,1.301385945900148,1.7282284118967817
2021-04-15,1.0511237912564502,0.6145169885490366,0.7166804765500916,0.5616153431525565,1.0653723851950188,0.8963087138870206,0.6850432218725554,0.4148672987421756,0.27078121065237853,0.7083508558292992,0.20811607956536363,0.766178255593628,0.802297964460988,1.3077098625324264,1.7120321697747711
2021-04-16,1.0475462213536821,0.6024400908731111,0.7081695759033839,0.5312371343623251,1.0466749138226588,0.8906330281684484,0.7089387934646603,0.40891854872561595,0.25887066206159043,0.7136576865363258,0.1966101641168433,0.8038087934598764,0.8471533908247966,1.313591966673723,1.7269340736580174
2021-04-19,1.0734824740901707,0.562411325227904,0.672863381676908,0.5293783963055385,1.0468113582249907,0.8992504621363306,0.720868961593079,0.4055914452988219,0.23689118428734748,0.6822422003302852,0.14457548390715816,0.7530663685159239,0.8477508364817068,1.2503959933059792,1.7794773804889379
2021-04-20,1.0650460060895515,0.5736978846620264,0.6964455045171806,0.5547970470712618,1.0521666610761184,0.8903716015585587,0.744477057692451,0.40365949949081886,0.24734474887622868,0.6617798970052136,0.12432674170471779,0.7437745323641001,0.8479633855282468,1.2539736991554555,1.7582529482569706
2021-04-22,1.0818996270145977,0.5619782495189918,0.6956905861298016,0.5259903710392434,1.049585126541258,0.9003728458929737,0.7565621158241456,0.39555849667380677,0.2532482596960047,0.65966140657907,0.13100497599126354,0.7287677678259019,0.844977220618562,1.2659498647224727,1.790937064798924
2021-04-23,1.0777108822004031,0.5662745406401158,0.7039285807227661,0.527919635381877,1.03944676888834,0.8807107991665082,0.7518726935603844,0.3993351522288077,0.26582376411240044,0.6548126067159352,0.13838412503055691,0.7220103196063627,0.8427621927085223,1.2542590030695715,1.7894119173161993
2021-04-26,1.0824805889682023,0.5790276678006232,0.7160625883136247,0.5153340404892313,1.0233947105208174,0.8581425660305888,0.7419995237206793,0.40838616440941683,0.2351953823113223,0.6371855219727476,0.13547371883316559,0.7212181685109834,0.8527110771514874,1.2311548468323044,1.7692769889225064
2021-04-27,1.0606590795358521,0.5710979705379234,0.706894800893204,0.5136121683717672,1.0079009932607423,0.8418084452096228,0.7291013251698643,0.3954112821037394,0.23625698970255057,0.6544544080027253,0.1401991647890507,0.745378446053667,0.869809713918724,1.2583145634070159,1.7932341055552776
2021-04-28,1.0910175101159332,0.5555740796318863,0.7593179389669483,0.5753600516314176,0.995228684831355,0.8329751984168188,0.76475085628603,0.40624742076095266,0.21943295192604545,0.6206071661102356,0.0818943162856288,0.6980328027988999,0.8805776919572118,1.185927610396262,1.7440912259582315
2021-04-29,1.079019079747783,0.5419301203983959,0.7332857355332778,0.5665499323595894,1.0148323798553571,0.8430667059856942,0.753799528194983,0.4030967715775588,0.2202128125232942,0.6159293362415866,0.07502251260406394,0.7117740838335093,0.8917278744756815,1.1917388981520975,1.7737494907562892
2021-04-30,1.1083321117514728,0.5025112564096693,0.6761456471936969,0.5613025566980532,0.9090709812076715,0.8075762660501283,0.7379944212692937,0.393490203627749,0.19185261734723835,0.6316315128212954,-0.011609229084390486,0.6962553177213924,0.8554768927592225,1.1317700608707872,1.7382812764517546
2021-05-03,1.1087819165725832,0.5368031061731704,0.799111248517637,0.7844466957428161,0.9914968680826403,0.8361101113155095,0.6042815249143197,0.46968465021321304,0.20801596398484173,0.7490887343039341,0.17777095299991716,0.6782521253208286,0.8205298644427772,1.147109618454299,1.63078851180474
2021-05-04,1.0768006175657658,0.5679511248239586,0.8231495736560562,0.7848058069172877,0.9849302499523133,0.8367159377080962,0.615916332488382,0.4772972793524887,0.23693066157474804,0.7324940734288905,0.18796135670976025,0.6957139138016646,0.7825193349348267,1.2271453779787465,1.60324640083514
2021-05-05,1.1050101389865201,0.5667218784299538,0.8293694535129962,0.7598728515643641,0.9944868500578932,0.8088556605438514,0.632820994223966,0.4801238984314092,0.2371449477137416,0.7547245953258221,0.1660654984071456,0.7358401961377594,0.780022582156797,1.2180065973778578,1.6331678799423612
2021-05-06,1.0879061746626,0.5819086912134266,0.8713749687178176,0.7842770198585696,0.9516242214543387,0.7849032773431446,0.5900186743630229,0.4924640205695854,0.22293538639662472,0.7468783349801411,0.16403619630525146,0.735848950634359,0.7887962957383076,1.237338356093386,1.5991495708509262
2021-05-07,1.0722597740096451,0.5750758179284422,0.872150491975327,0.7849543622319958,0.9538632169496001,0.7938132081041729,0.5934462710089905,0.49172061280475393,0.22626149829306771,0.7417054639442641,0.15719320530624237,0.7222001873349984,0.8053322892914808,1.271452412654974,1.6146487316722395
2021-05-10,1.116015889400447,0.5384079139417297,0.8696310482291327,0.7683913132464234,0.9564816183740961,0.8145144169428359,0.6075229590210955,0.4899530893525424,0.24368650025913285,0.7754666969342959,0.1686367680156616,0.7397781305065889,0.7809608345120921,1.2791270759717146,1.6234163811385913
2021-05-11,1.1301065934209564,0.5409820135764905,0.8778438350330172,0.7741696632919782,0.9311153240353998,0.7825032059896043,0.608626228893508,0.4848609286492317,0.24183691458261541,0.7642764713747008,0.17278239359379935,0.7523866477340914,0.7823226362168576,1.2707085502997966,1.6166905245461607
2021-05-12,1.1384411267721215,0.538597255666986,0.8939740828249657,0.782105556111719,0.9520973306573922,0.7711769867689774,0.6044823115199055,0.4891505894878017,0.23289765692460354,0.766254026753308,0.17166422503982431,0.7679330518936576,0.7858491693402753,1.3157980528261388,1.5972400800503586
2021-05-14,1.138242986018316,0.5424756616519683,0.9017697833478467,0.7790960270655258,0.9608168506926152,0.7737931649146906,0.6038698008876203,0.48034420754603424,0.22633041027399048,0.7568349121336926,0.17474159072944556,0.7730559633449242,0.7804866727829075,1.3248517158910085,1.6075342854509949
2021-05-17,1.1461292147418722,0.5433962203742964,0.8752793145518596,0.758579863154903,0.9456478099498538,0.7474781721031746,0.5874678986636944,0.4462624074057764,0.22079827402402624,0.7191034810637883,0.18474326652328626,0.7512277134241271,0.7235408598778783,1.2971347869455145,1.6260869685209578
2021-05-18,1.1293483966942828,0.5507487342047301,0.896763765844701,0.7909861637940311,0.9447820431527779,0.757224335230185,0.5628484257333805,0.44335157526550256,0.22743391976515479,0.7209382928109386,0.19268535514606597,0.6194112257325809,0.6746545698949444,1.3334425364192144,1.6122226690209172
2021-05-19,1.1323634169365526,0.5509575358266231,0.8923055400725295,0.7852034359479069,0.9486215856884458,0.7570535862736897,0.5669515029642597,0.4343812304974497,0.22613737785295093,0.7105774408229583,0.19102220158583258,0.6068708066331368,0.6798746215354605,1.34144343896195,1.6003844746355234
2021-05-20,1.1300855863644979,0.5436355780765401,0.8848647324971892,0.7829813781719184,0.9709648214674413,0.7666391381207921,0.5671122290565905,0.4224605511528522,0.24693599710814512,0.7181572625842,0.17720783513262445,0.6149744308308039,0.6898751083544753,1.3797080548158918,1.5805765474619482
2021-05-21,1.141040328655974,0.5513326363387145,0.8711156191931242,0.7922111739954337,1.003452053571462,0.7813721342743105,0.5720839868757694,0.41663594456050423,0.24419388691461022,0.6967652911369163,0.16172604364556079,0.5878593163755491,0.7051603162142819,1.333113263020532,1.529733192306375
2021-05-24,1.1491702775553074,0.5537559645121939,0.8692662647645459,0.7841098583977905,0.9635379534067046,0.7937927156144378,0.5660379362210319,0.41862084576913844,0.2355658798420995,0.6871518200860689,0.17534189221713425,0.5350949794724198,0.699573102267994,1.2965686590865502,1.5310297933798382
2021-05-25,1.218360064537838,0.5324480659032701,0.8438042408245935,0.7231727697370021,1.0305549890023733,0.7810815174629799,0.5525690251079348,0.3972282228887366,0.2519658345132015,0.6697146202297442,0.07717914248138417,0.5627461908254369,0.6928746995946515,1.383781865323051,1.5558664725701115
2021-05-26,1.2183624601982603,0.5451397478680332,0.8516610768441446,0.7302318597868473,1.0122403434178706,0.7649679848831247,0.548933530734385,0.395550988985142,0.24721682561332436,0.6706967985483786,0.07202924184560756,0.554078673802454,0.6922901428071774,1.3543985488624644,1.5705923834504556
2021-05-27,1.2232611894182115,0.5557222323364037,0.8582181123434434,0.7305213343942268,1.0211593912582273,0.7967798754964075,0.566000855429768,0.39298984067826304,0.2157786962268266,0.7064629351717612,0.10539657707585744,0.5349535698510866,0.686384261477914,1.4219735240521245,1.5689323336221164
2021-05-28,1.240603246972516,0.5581737744103508,0.8612269485935489,0.7380686428120472,0.9878142290918915,0.753474312037354,0.5713770393053559,0.39657359487080796,0.2180665231902275,0.6697760080087289,0.08884294568393823,0.5177491242903924,0.6836225535516688,1.4131846208452434,1.574601454619775
2021-05-31,1.1685992941111332,0.568202524440498,0.8607139168942021,0.6547834928190529,0.8435591144446494,0.8716381146610236,0.5640096964564584,0.4669871706967205,0.201218415744206,0.65529647881546,0.052491594160960345,0.5625052866988806,0.6419207348992668,1.4608023832091972,1.681252066848947
2021-06-01,1.1314877769266958,0.5683137103771095,0.8750481207258245,0.6389355257290947,0.7532939291188074,0.8776317132427807,0.5541490305170549,0.4600118464505348,0.1803221179270851,0.6450308318239665,0.04856774561015538,0.5614928066111999,0.7473832172020085,1.482790017771657,1.698627112599638
2021-06-02,1.1469490090339265,0.5391517497036894,0.8413964350473574,0.6063984436066405,0.8039320822926576,0.8381559606353528,0.5457052610560282,0.44549770024677715,0.1685398918842147,0.6335752313630464,0.0683478789758061,0.5665447573360906,0.7351890822730582,1.5010942360092585,1.690947650798677
2021-06-03,1.1388089374238899,0.48920017549001366,0.8555507933878608,0.613011083349612,0.8781443225706487,0.8883952450546289,0.5770103624284078,0.4592771696274261,0.15593621639224778,0.6207958497106684,0.0057453471906122695,0.677080022027097,0.7532859632789023,1.4291771645729114,1.7067638923872515
2021-06-04,1.159683624934388,0.48146778641356214,0.8777386073952572,0.6082742740543038,0.8663667526612328,0.8766586755527328,0.5860788104006169,0.4683522445159443,0.16871980957585556,0.6164226174923482,0.030500613806005963,0.6823762653145652,0.7467645216834349,1.4053973570165352,1.7518840203320032
2021-06-07,1.1972662932152025,0.4716526247589535,0.8262479413346441,0.6100780944800154,0.9022865376210698,0.8842619970053368,0.593215398780725,0.4873292928994932,0.1752362372446764,0.6029925875051214,-0.00641303229639651,0.5926876474850279,0.7416004607690834,1.3628196335242777,1.7413214896915417
2021-06-08,1.1995641890586548,0.4670833136447013,0.8266276444693312,0.6043431108214793,0.9017906333646554,0.8839413361938665,0.5906724688087663,0.4879009902069054,0.17167608580112317,0.6017877481205959,-0.008232793911103155,0.5952687466829876,0.7372898459885469,1.36800921708128,1.7360006236684415
2021-06-09,1.164136309824294,0.45995034300786936,0.846107606040244,0.5889753503233043,0.930409527038971,0.8838775525116032,0.6009156858850114,0.48214323466090536,0.19674718466920352,0.6220426753181584,0.02197124019699012,0.5886825137744895,0.7647349075501358,1.4538580363590787,1.784461603707416
2021-06-10,1.1749012647881554,0.4532833863750297,0.8476257419517037,0.5842960809501625,0.9404112816853841,0.8836164191324037,0.61518809941863,0.4800282667289976,0.18627610606632605,0.6101791133545922,0.025227005813134723,0.5879691754566524,0.7660403362238314,1.443149257196839,1.8206900510285746
2021-06-11,1.1702642400141343,0.47272879918780575,0.8451566554573995,0.5855987063740528,0.9581362649538333,0.8866824234265155,0.6095439183418682,0.4656358835872272,0.16425160482183024,0.5887912437841069,0.008173505256423403,0.6316474518418358,0.7671069531675809,1.4566602530529085,1.8122599306817906
2021-06-14,1.1725307086009509,0.47429606913766575,0.8501956257549742,0.6169565883307697,0.9576603340067922,0.9080696053730153,0.6156258627185927,0.4764007538876658,0.16977659856045837,0.5766352959044428,-0.018279650625989775,0.6428033262639244,0.7703339092385162,1.4868425733458475,1.8129174482206147
2021-06-15,1.1709664507681057,0.4791420247651108,0.8464352838469069,0.6153697095123328,0.9602979903962295,0.9025735443829879,0.618698005096891,0.47605312366423697,0.1772937213451227,0.5709469468099735,-0.01588775927616315,0.6444148112862288,0.7763909111831697,1.477705656554123,1.8247147255482161
2021-06-16,1.163860493318518,0.487120310846355,0.816943376177506,0.6112987308479102,0.858890727883078,0.8413113192641669,0.6548486197938839,0.4296018939879764,0.16442700244613265,0.5265076926483617,-0.06368668996968177,0.6050270285964345,0.7785105241145124,1.474103908535708,1.7801689057724277
2021-06-17,1.1432788961099114,0.41491606047496477,0.7768555651014357,0.5659301287542566,0.8992454316014459,0.8235089264504556,0.7418938538305202,0.40060368545126374,0.14536391969398152,0.5047849272482049,-0.11126417402215395,0.6048288719432502,0.8227161193304159,1.5053624642317684,1.820502081257509
2021-06-18,1.1633519806626627,0.4164723272948204,0.8071443414560598,0.5959604217303676,0.9279336854968665,0.7689185384769126,0.712370458234199,0.3898419270802264,0.13953259891858014,0.5073124175617516,-0.13266182287252404,0.6379800652721657,0.825721312237959,1.4823912038846458,1.8679071849646427
2021-06-21,1.164036614543978,0.41889567663074523,0.7988866783042824,0.5975635936728017,0.9264011738415583,0.7889190147160008,0.7157912482221992,0.3901673752288284,0.14991095436968638,0.512849327676305,-0.13037636805315173,0.6358026990096499,0.8244140352641282,1.4852912496435804,1.882215392140634
2021-06-22,1.1700102847997202,0.421415975147667,0.8045636288636967,0.5990494048416726,0.9460515057293719,0.7995448445259763,0.7288296067120332,0.3870348801682696,0.15009116897909378,0.5185838158211137,-0.1311731618701686,0.6295625605044008,0.8248300177079857,1.4964071272159125,1.873162882950629
2021-06-23,1.193570026505168,0.4047213976667699,0.8360587843094052,0.5610699004610834,0.9089420703835467,0.7704432968289249,0.6849190988346934,0.36205825186397195,0.1259569350930547,0.530660871822009,-0.1596773735554238,0.6346654467437096,0.8395745732025969,1.405902390392172,1.8379116699645306
2021-06-24,1.2172169947335494,0.40352406260686147,0.7866378385426703,0.5302942888155822,0.8489312254201429,0.7185741637151996,0.6539724808509894,0.3333962998240329,0.05453101725870451,0.49626128941443226,-0.16298278670166155,0.5307235063278183,0.7758123056206897,1.5368810864836697,1.834369594417001
2021-06-25,1.2323333565327652,0.41767397944155293,0.7883747462215475,0.5022008657713951,0.8588331284949325,0.7049896329946406,0.6788718091400832,0.2890522254312743,0.019532000411908553,0.4759903401171684,-0.17019689113673997,0.5533563947581723,0.7406389747598064,1.4830256144841782,1.8651604476762025
2021-06-28,1.3201151312433839,0.3114628577105726,0.7340526762011438,0.43106076553682543,0.8965145308708621,0.631788972949393,0.6713564996554112,0.16414364901294362,-0.1114613498823732,0.44881521503064997,-0.2949627309147063,0.504170526908981,0.8254561318593779,1.456956213399252,2.0426814280560603
2021-06-29,1.3284382393905267,0.2920055240922837,0.7311350428428834,0.3964070975851856,0.9074696587476831,0.6048172874959378,0.7307304568125449,0.16125738338576365,-0.10575725049083519,0.4539026861874833,-0.31205471827364584,0.4495973036950726,0.8363735265046457,1.5239615535112938,2.1729602634502725
2021-06-30,1.2910063238324252,0.2707991878327608,0.7458360524783892,0.40485752680738646,0.8950464320307047,0.6005610662477776,0.7311895844820069,0.17644937498563779,-0.10138160010538237,0.42291484270798196,-0.3453984984049189,0.47292893677516923,0.84048236041868,1.4373812100565457,2.1983601831552004
2021-07-01,1.2701024688714366,0.3548000445162903,0.8634079197065553,0.451077426490986,0.9000851392915099,0.5699819060630216,0.6498942477384659,0.1408568134603333,-0.014211080253331128,0.41950020974100166,-0.41846713630419463,0.5071192134539956,0.9439944038190352,1.524664837702801,2.138573572512697
2021-07-02,1.2681064832286564,0.3563170840778778,0.8619222722968265,0.45535920852305906,0.8974479452668934,0.5717552378554674,0.6489071612656327,0.13509976889248576,-0.02233456841551413,0.4103049602699991,-0.4230945543244298,0.5032692195969041,0.9426047079736277,1.520256814384849,2.1404249017176005
2021-07-05,1.264548323995309,0.3447785274718951,0.8187165626467,0.4214261179510373,0.9201647295535984,0.5986920474679259,0.6514946015461965,0.10506428869914522,-0.06791146503658904,0.4099805613604025,-0.46151021773353434,0.43493412917857066,0.9146152441880026,1.5319758729482746,2.1728781679487006
2021-07-06,1.2610837415868936,0.34785105039604236,0.8205936581985054,0.41825908686749114,0.9270251641791067,0.6072849104406508,0.655600311792836,0.10063569463531971,-0.07912234739321258,0.42286914360775135,-0.45843957633823385,0.4368048339390272,0.9112132761401129,1.505358224093408,2.1847680119373023
2021-07-07,1.2727566081532666,0.3476676316596767,0.8316346002990617,0.43566073315094417,0.9180095889288477,0.5867184059507583,0.660075787499821,0.10469244810664545,-0.08123648631801604,0.4577772154848235,-0.44809438110007327,0.43922000471144496,0.9205320814069026,1.5098578793339492,2.1918861295001015
2021-07-08,1.451326505046962,0.35399986884089457,0.6906669802816172,0.4123715767154435,0.7007600183843762,0.37931290467536777,0.5273345552134283,0.10262140308631647,-0.029665270434612895,0.3789735580261772,-0.023373657391199027,0.1651781926928862,0.8260472257289438,1.5105465923423067,1.7609945779141332
2021-07-09,1.4458943301376523,0.45272517187145966,0.8698538870406249,0.5810381140412374,0.5799922406787275,0.3461580117684271,0.49052069453248803,0.18003295282778167,0.03481305079517615,0.3498418276902788,0.14846014195609383,0.2027154852323223,0.7355698452153954,1.4309927957220294,1.6548249490393496
2021-07-12,1.4514119141163988,0.4946472849307525,0.8445049098729508,0.594636344524084,0.5468749237021233,0.3425526891999245,0.5053003878196618,0.20346470429719707,0.05181473985046771,0.3409855092297936,0.132688835927441,0.2025167522355247,0.7356786603772073,1.4235106114455112,1.6936847135643465
2021-07-13,1.4534609071436109,0.48305666556604127,0.7926613849818909,0.5674714829106523,0.5598934121987115,0.3644315411061035,0.5042286174240406,0.19714863217122908,0.06083061160350764,0.3704009157670305,0.1034832164146488,0.18717209311885336,0.7276962668698037,1.4030080291887759,1.6807561115078051
2021-07-14,1.397092243319635,0.5793618866955,0.9562156327895245,0.5759968851990824,0.3486022047676808,0.16809455643821866,0.4958898304079426,0.15167105564660055,0.16026056788202847,0.3554538962302699,0.20457597263637986,0.40104132246596563,0.6432519847412351,1.5285668768064808,1.4445645897548394
2021-07-15,1.407604636161467,0.5614015198280439,0.9682380575725472,0.5703965990394079,0.3093819010816804,0.15574844860635434,0.48774369142803914,0.15661679752168395,0.15110422373257337,0.36699867255878205,0.2865195141922316,0.47635201802767746,0.6573450841547874,1.5486092825879685,1.4547915093699304
2021-07-16,1.3768711197080086,0.5861977695553137,0.9112379504050839,0.6222674774509752,0.31454212111491653,0.17528414454329613,0.46549043972434395,0.19750975870427653,0.14051672350195873,0.38630761174168515,0.27276499161905454,0.5127364007994553,0.6432491789887878,1.50666155824395,1.3552021077180179
2021-07-19,1.3851075290844972,0.5790639594458157,0.8630578841091763,0.5985664345305405,0.3727484393234065,0.1694415659488519,0.4458184851766715,0.14733990315110507,0.06365944002174888,0.3630972459592552,0.19959089545667036,0.36134868636370054,0.6069690088225881,1.5094324293808372,1.263264346053031
2021-07-20,1.3725703543322583,0.554720950896408,0.8816892545430602,0.5931789530745745,0.4258572649421233,0.26585525701731527,0.46361484972288153,0.09209927622084801,0.1647100034700064,0.442852398767997,0.24940469432625373,0.40526988839005257,0.6527561892668592,1.571767591885902,1.314724815935592
2021-07-22,1.3947098946642482,0.6358385669983545,0.9483808848762444,0.7764161434194379,0.5065469079074415,0.2998477059074164,0.4630925294942505,0.13979552585022043,0.15295171310035247,0.47544238283847823,0.28300204089270453,0.48340464128760985,0.7543012642996703,1.5449031519541911,1.302963092128301
2021-07-23,1.3150827095261646,0.6627865793361831,0.9893254328585375,0.8018606248535097,0.514360776732292,0.2552721232972805,0.5019132341824295,0.19944843249690566,0.24783328189903492,0.48328203875412523,0.3210246190574303,0.5135131971948642,0.7143924243667983,1.6998998301073398,1.4643153060805623
2021-07-26,1.2999795858828997,0.6556055027261218,1.0070142022881479,0.8144546668015243,0.5221778799455483,0.251989150392248,0.5105798164080743,0.20465677274369334,0.23448845732928464,0.468265120840655,0.320014013246361,0.46164467244496865,0.7233770268094051,1.6655860958663669,1.4702080033362805
2021-07-27,1.2925486083349678,0.7162039707196629,1.1637011840116258,0.7731836261835575,0.8863804569367808,0.2368232321460932,0.5369870125680182,0.11431646817012982,0.24241180141171897,0.6963254489726873,0.7154841483345872,0.4145818931457895,0.7743668464258479,1.8163418407925183,1.550147101939409
2021-07-28,1.319104471660008,0.7124814166479371,1.1557412340103357,0.7732615076736064,0.8853891581361003,0.27064019157166397,0.5290170972143374,0.13693255607037239,0.2514484605767517,0.6979667670702803,0.746503815369122,0.4356708179301745,0.7139768891939304,1.7872066975196337,1.5706313541043257
2021-07-29,1.3932116568135935,0.6576694009016998,1.1333960302849393,0.8120784697678256,1.007049665934537,0.24827081694424952,0.49622994150024097,0.1378386025835034,0.25120531250047384,0.6539064850157614,0.6658497238488014,0.40170495189508354,0.6892707804747069,1.9226698419080313,1.6053465213410725
2021-07-30,1.3405705942780557,0.6602737840444555,1.1193527664100014,0.7694651694417287,0.9842990478892842,0.24478492987083825,0.48737518846750433,0.15716851146970315,0.23650294820387735,0.3901261677547783,0.6087275162209483,0.2797633829479552,0.6721509620433787,1.9816101578853376,1.633900842232886
2021-08-02,1.329201335796064,0.6555428483022278,1.0245162521706086,0.721569886480936,1.0458096871907445,0.2545563047565499,0.5007229665111894,0.13179930803277815,0.3023201382742379,0.4079696419447479,0.5979759297045006,0.27642729308540437,0.6936907310016314,1.853034108850711,1.725632530896458
2021-08-03,1.3208725671270034,0.6951925170626627,1.0010872797518742,0.7234925549150999,0.9852068241624807,0.18262429924085521,0.506934853075348,0.2961707102686561,0.3856186157710152,0.516443979181061,0.5832286461626454,0.3310893875875442,0.7589541554764494,1.5392639307004845,1.575436390204676
2021-08-04,1.3785195961991166,0.711993884467049,0.9346749560582477,0.6770210248366292,0.9145983449609945,0.1197114046949754,0.4883085787423451,0.25954316390325566,0.4263465697643973,0.41288681862127796,0.5306702773946276,0.30408145046843515,0.7139417999969565,1.4800858288846823,1.4569926292661641
2021-08-05,1.321311445305035,0.6957208468052803,0.9053405887778462,0.6429047759370162,1.0509506842606557,0.2622833087401381,0.48162309654862867,0.27933163664655575,0.44018599531709673,0.4608617813413652,0.5307709860944465,0.2367599925861163,0.7184800804190306,1.5563143498013141,1.4683800380079393
2021-08-06,1.2721959568555354,0.7101226406011378,0.8454673975371668,0.5533377636892804,0.975510832265968,0.279797005410441,0.4932422354679937,0.26543894912160676,0.496856498059486,0.44263429873517257,0.5662304737584406,0.13010554963052923,0.6565449860740612,1.42071860285893,1.5781809415309522
2021-08-09,1.2665578961080917,0.6963781033368625,0.8223184685472147,0.5320807467060619,0.9573520636866567,0.2597993548971375,0.5521211080966891,0.3025942251217284,0.5194716688195844,0.419848477219734,0.5426532098165171,0.1074549788080173,0.6573562012143875,1.3720396463398332,1.5065523061449035
2021-08-10,1.2491064840528763,0.7309314555404787,0.9161931648086037,0.6225281754642656,0.9815672359209209,0.28631170378239806,0.6072155732036264,0.4234339391717779,0.5704243484943036,0.5298212093132791,0.5195605565471635,0.12294241662626046,0.8796818631733178,1.4354118808166765,1.4584798935860903
2021-08-11,1.3052944596292615,0.7563376545497961,0.9012820336848737,0.5942482246060254,0.9396414272150005,0.2655609643957055,0.7191751104888752,0.4126079630805003,0.5823704175205993,0.5584155828293779,0.5843169846543905,0.14322062322615695,1.088595123623988,1.3788907867653666,1.5231791318384065
2021-08-12,1.2824070964758714,0.7523053462479877,0.9382616093432415,0.6871000841885296,0.9046151788371404,0.2963174701258964,0.6921890308590892,0.46416509145696744,0.5944007780836326,0.616157736646131,0.6038148170733999,0.24565739102685857,1.045741088704107,1.345478987621457,1.5797548915222062
2021-08-13,1.2255595825139642,0.7903975945364858,0.9574598691668822,0.5981181882446519,0.7646143650597688,0.24635075871477474,0.7302414012661639,0.44685763003636214,0.37879400161906734,0.47944888148745607,0.5649256851246228,0.11749703416568405,1.0544128344522354,1.1343925330142552,1.5879402105713432
2021-08-16,1.1404877914778226,0.8476647479108654,1.0600827553020717,0.6804915509943946,0.8109835858931792,0.1984514868420513,0.7587259630915034,0.4058597098922468,0.41875699651226395,0.5300184809522012,0.6822405809873926,0.1133644513362327,1.0607441776557025,1.3163771976758043,1.8494943250449156
2021-08-17,1.1416713088040327,0.863924615314764,1.0891822581569375,0.7066852806347664,0.7949070703115798,0.18497500590311042,0.7489228508809108,0.42816746865205807,0.4279377790942764,0.5312285293311848,0.6913910514310454,0.2404518385778602,1.0436347523990637,1.2977456148836453,1.830208633594369
2021-08-18,1.184303205152138,0.8809869031143367,1.109918327348844,0.71960758178688,0.8078353040287124,0.20482151163882,0.7435113050492471,0.4059522510981706,0.4196763161662209,0.537836995473523,0.6911918399843139,0.31247536338807064,1.0523304016392943,1.3075994294133715,1.8063059424990355
2021-08-20,1.2980619964754383,0.8140870974976733,1.1236097073492373,0.7522635858913623,0.9472596526688047,0.3624228063379804,0.7300860761952679,0.22649051486516525,0.20347039535304187,0.6448458617892757,0.809889231742474,0.4167526112438289,1.120726751031463,1.789578637923127,1.9244763843036685
2021-08-23,1.2901360509299649,0.8132660294927798,1.1176536636978756,0.7532896217963836,0.9688665454389173,0.36085732275190746,0.7161250219969263,0.2392576457963,0.1959534853623209,0.6484828395928272,0.8036069023812102,0.410799326242621,1.1406335674465409,1.7665869804297951,1.9400066182207822
2021-08-24,1.2115375528629382,0.7567881153263448,1.1457964572593418,0.8504152332687235,0.9958488392637499,0.4125404373325678,0.6738919477850501,0.22938948744266438,0.1308651546753106,0.8301363543435788,0.9021395189263993,0.5270198990061726,1.0893448706983748,1.8573784669635753,1.996913404001378
2021-08-25,1.2400711524552532,0.7925057941976903,1.2077200586775576,0.9458187311131201,0.9731003209640977,0.36092652628708005,0.6114231373616282,0.19356657826989673,0.10721206393734407,0.8915834028086538,0.8188580804634298,0.5631637811104471,1.0439787348465148,1.8615582333312637,2.061593185386993
2021-08-26,1.2357163441580703,0.7898771353309713,1.2173896320686708,0.9584166858791127,1.0091746267746822,0.36494270776182985,0.6111871843424219,0.19219820910451263,0.09246831779057206,0.9022631848043052,0.8280272844991015,0.5922788508094475,1.0654787516043203,1.8464120215231612,2.0586884841598123
2021-08-27,1.2438487835061576,0.7533439039348248,1.2227188453731697,0.9245687944821693,1.022830245641193,0.37817499998541815,0.6010634493544893,0.17370288169788614,0.09688921336507605,0.9253590744203511,0.8684640586068341,0.6050512108352832,1.0771134285734612,1.852989447372097,2.078581058509669
2021-08-30,1.1956995619192823,0.6197395975791967,1.1310187150873747,0.7232978236079141,1.0269499836431162,0.4275275078842845,0.6315650779617996,0.050863871356899834,0.14162747331391992,1.0064489641566743,0.9566332500048172,0.3704637834289756,1.2806118606463877,2.0095938598688594,2.0372728308681736
2021-08-31,1.1891442422118734,0.5845697189487832,1.1298013568517449,0.7585346331458622,1.0263851985873336,0.44794809867896745,0.6802268530623721,-0.07415448467287983,0.1304740518693096,0.9764451016922615,0.9397658342771221,0.5385964179553516,1.5861562341287345,1.89935053434447,1.9227127646259017
2021-09-01,1.1877653296700592,0.6340595486411349,1.1071940930484878,0.7735186902866894,1.041906678537691,0.37523771274708906,0.6751439534586361,-0.12364246117062772,0.09787682275330721,0.9986726670754158,0.9110296829158108,0.5718309063803227,1.5736464755394506,1.9661986909770068,1.8144886363215718
2021-09-02,1.2106651746595076,0.6459014419688581,1.1245260655090794,0.7499772357369654,0.9760627183133934,0.4009881239377949,0.6705653709713049,-0.050225364408782565,0.174600304915441,0.968355662844469,0.9850798538989988,0.5112755762411446,1.5310769063696135,1.9069256412759015,1.8462685033665542
2021-09-03,1.2370553497236811,0.6662769037971519,1.097779194173308,0.7179399367273577,1.0530129160263844,0.4940267274766149,0.672684286827012,-0.04606144329382055,0.14958708811107582,0.9397138727867097,0.9923770731222469,0.49095931046621394,1.476308651713373,1.9168349662419022,1.8167988655799987
2021-09-06,1.2193396307496935,0.6768814367279479,1.1055591028632663,0.7159020391083981,1.05807225759892,0.4869234650988674,0.6406729952920879,-0.043576039815218084,0.14599331540811986,0.9381803087205809,0.970036732502789,0.4913279484606342,1.4700964112336516,1.9128051488354594,1.7063608545195978
2021-09-07,1.2292086226078132,0.6836269735246009,1.1385116327847467,0.7453263977642597,1.0798818036990518,0.48982963407616653,0.6329540095151683,-0.04552623444540537,0.15286023471149837,0.9595153807823892,0.9334302724483451,0.537689178389422,1.4545666863185427,1.8824192358523077,1.7619547816921237
2021-09-08,1.1883913225165617,0.6973545673900685,1.1641737927003033,0.7519170920837608,1.0736578958369052,0.4730685575332653,0.6333599212828612,-0.01358301147385714,0.16749539746459297,0.9455688933576925,0.9279534947431921,0.5580719899797195,1.4576370758751978,1.8830057808179577,1.749359867144182
2021-09-09,1.1894054899307727,0.6933903116617256,1.1784221249875135,0.7628977961147841,1.0612733894464335,0.47641523375680395,0.6344145799571999,-0.0279300983439852,0.15723524213933515,0.9583853257275854,0.9382249969760467,0.5928706987205566,1.450466238973014,1.8797201387496727,1.7212948447240195
2021-09-13,1.1837270852172124,0.7288443140499581,1.1687588447942372,0.7836011792842028,1.134598887492766,0.5629336885591015,0.6614012318072883,0.03509461893793373,0.15792761210019657,0.9434247617560556,0.9638496052736715,0.5791283880505043,1.422849175790588,1.7890635032405477,1.705691606268012
2021-09-14,1.218600086113156,0.7763316681244884,1.208031284488532,0.8194140195636048,1.113690903504558,0.5002712251694044,0.6340587884604749,0.04944436543321007,0.17353995913794235,0.9364107807645317,0.9085506660149614,0.5091943419266555,1.384208192678227,1.7713298526509687,1.6250708415408022
2021-09-15,1.1937204588944388,0.8110993726677299,1.151239890060893,0.7959703171670099,1.165882732993669,0.6944623361521632,0.6090887265767122,-0.00894330438053057,0.13365233138265853,0.9084606656749433,0.9176652990159395,0.5033969500811463,1.517664958777059,1.707157200387308,1.5736274508277468
2021-09-16,1.220626825882031,0.7907793884177559,1.131270642200371,0.7630479896738273,1.1522301941615014,0.635483133846366,0.7710227779211046,-0.02138291353369851,0.11217238254900963,0.8936339760548968,0.896383714028096,0.5297685845401042,1.473371327870325,1.6405942968391514,1.5254032693331394
2021-09-17,1.0822436916929927,0.8035759366046997,1.1393886505429838,0.7625358908070052,1.1618505127724261,0.6370184888745694,0.7638107158589453,-0.0349657465730806,0.12794368949704094,0.9241789322143228,0.9083380596827325,0.527793699693662,1.4367610561166673,1.7196543704735279,1.5667632669631324
2021-09-20,1.0072434050413563,0.7568310913943762,1.0020505634862293,0.8256456571924532,1.1035661705197364,0.627899567175267,0.6335326560478657,-0.07833592411813205,0.08204335496952758,0.9857811601200701,0.9956774589650625,0.543459854989956,1.385421215980775,2.2206457958383754,1.669281623564777
2021-09-21,1.00184275191745,0.7193470463512122,0.9678528147738402,0.8307644419581033,1.3148749115146372,0.6435904423940596,0.7579504557071328,-0.13581474129013058,0.04889594427665327,1.0074516255189347,1.0546973840692921,0.5653039531253445,1.3854830218960288,2.26960488026849,1.7532288291885034
2021-09-22,1.0280003854331496,0.7117243736797519,0.980074807976069,0.7869863199782035,1.3486393951513875,0.6674470258857773,0.7427696893343706,-0.10313078677835201,0.06636267297839564,0.9890705040569107,1.0452930544211592,0.47883449177974535,1.383713747603129,2.198273024085899,1.5891041447679704
2021-09-23,1.0475200197522427,0.7347008130724568,0.930175516104619,0.7367566390711311,1.4487081242847923,0.6945539691893086,0.6138907362209074,-0.14259295448319945,0.01814326022452026,0.8995847869658937,0.9479968926778328,0.633031791407491,1.2090194107413246,2.1024964991741943,1.9982302901666777
2021-09-24,1.0114910277464733,0.7241501280404821,0.9101832907926269,0.6880315192499115,1.3983798077283747,0.7430419893260994,0.6157450709928634,-0.1354967872854876,0.005336326682562646,0.9154826619329548,0.9872307430267422,0.7598709943959306,1.1771459966628457,2.1134867497135534,1.9496048415094336
2021-09-27,1.0115191159300478,0.7710794067419107,0.9549142496790353,0.7314150357215152,1.348554362041555,0.7059456069595937,0.609964470258308,-0.1234498160460899,0.00812930909636306,0.9216947595200058,0.9902446828388687,0.8089397581542402,1.1848645652596594,2.1146294604260194,1.8914725759007758
2021-09-28,0.9438679645699305,0.8044110152994931,0.9981702301010352,0.835453793681457,1.28835171063331,0.5595780180820522,0.6205725030141269,-0.09738196273490696,-0.016871965872597313,0.8751125911448505,0.9902234070789896,0.9647124435087732,1.296784191435192,2.0374097005616005,1.948195311369061
2021-09-29,0.9791370873345688,0.7936867823408768,0.9939605729787303,0.8645530152536505,1.2522542042148135,0.433018704062408,0.6199241395739401,-0.08804406111623803,0.0068759786683635915,0.784431743976003,0.957529276939003,0.9544701345695655,1.3027545834276777,2.011401067122781,1.9403059349904017
2021-09-30,1.0023972230232663,0.8079437264971457,1.0447834537672127,0.9507708748550365,1.213180163943422,0.39769490387714773,0.6407195285228936,-0.07202104288641362,0.05296160220869755,0.7693625642425528,0.9524260337035431,0.9291130022253477,1.350553980670464,1.9750769316257468,1.8201583102018764
2021-10-01,1.0258785855423613,0.8011072956818744,1.0134204156246789,0.9345375368268596,1.167894979930343,0.4289640442238795,0.637696284426211,-0.09630000809624277,0.07527825830629599,0.7185465186260243,0.8868890970164103,0.9307274524199781,1.3967191278148001,1.936190943501213,1.7889517912508979
2021-10-04,0.9905964218027231,0.8060915409739012,1.0093358282371723,0.971301747411005,1.1763533960361618,0.5442403018065111,0.6292631216050562,-0.12122562821438572,0.045323354538649746,0.7062262571937263,0.9244292620017289,0.9647573199735469,1.375494828016259,1.9140682493691816,1.7780868834785344
2021-10-05,0.9189964622175806,0.8426459709722548,1.0430936949480143,1.0739721046633361,1.343057885627967,0.5346213003304284,0.5721685016655208,-0.18302204332279007,-0.019603018410772662,0.571418730533852,0.882497000586364,0.8805846376781642,1.425082368617723,1.8492936435008556,1.6298307031125114
2021-10-06,0.9337409367834383,0.8641075091317257,1.0689967980698178,1.1202707402709928,1.161148165359343,0.6012933473382841,0.6207969529975874,-0.10090350643740824,-0.09765586186196987,0.6831593779179027,0.9190078149155794,0.9957347857096815,1.4650572061696474,1.984767944591965,1.743617034250524
2021-10-07,0.9132965958263568,0.8665423806195623,1.0716321647701121,1.1495054068913682,1.0046056186002625,0.569841950874719,0.6215906742206644,-0.11964500046184778,-0.1306171916563363,0.7375274273485161,0.8806095661161355,1.005077191202895,1.4203244713336378,1.9628842925269594,1.8221549234883738
2021-10-08,0.8861648325719093,0.9110516777885708,1.1340609283750724,1.2037760716630463,0.9836583514933165,0.5143831661145939,0.6098623643659958,-0.1316711435467215,-0.14807957046281028,0.6890572104304171,0.8965837708560709,0.9941876998468643,1.4397042042796122,1.9897451795469785,1.7871100277417442
2021-10-11,0.8924088662400187,0.8995294604357489,1.11259024143242,1.187534323687471,0.9905624350535722,0.520971029324695,0.615942498532415,-0.1280028315140007,-0.15187278297139423,0.6921215332999004,0.901744131542615,0.993359578936859,1.436874317990722,1.989340329726528,1.7954024828897757
2021-10-12,0.8973743557879972,0.8992908490975978,1.0930206306636205,1.1573408429836858,1.029458570141945,0.5287208732754322,0.6116008664955944,-0.12810990041232895,-0.14176980893826,0.7003230650293314,0.902849731245197,0.9946720977550354,1.4519660496172364,1.988272840174407,1.7701474926823264
2021-10-13,0.8911015966068818,0.904671395402404,1.1275346874407022,1.1706791664630398,0.9143121191533046,0.5316391634631956,0.6976270723719205,-0.14582213700766444,-0.13953516923191622,0.7278175943246061,0.9035612474400364,0.9855163345127684,1.4464364082280476,2.017975697410147,1.7256086861360351
2021-10-14,0.8378365201593243,0.8971917171334322,1.2954939701644954,1.2080355555861,0.7765267185508293,0.707391043164849,0.7980496138491253,-0.13388030708598372,-0.14090928238178901,0.7345112163688421,0.9994807524142025,1.143188914478707,1.432010777804533,2.107420521446485,1.8391523727465664
2021-10-18,0.7861975038528298,1.0457544248153352,1.2757932375465415,1.2635175856632628,0.7208630387193713,0.5879610583856282,0.8330988213763536,-0.10784035456309377,-0.2182528914010856,0.6317131605430863,0.9427299192202916,1.1723749280569025,1.3217729202648678,2.1073862850846097,1.7785944717754842
2021-10-19,0.7847276395299689,0.9250145801482531,1.199485724023026,0.9640573189881061,0.7286760289031469,0.6065689469080959,1.0582614082008972,-0.12647417694047375,-0.1687176211160514,0.6301243805295784,0.9663772906995769,1.1159638795461169,1.2047826192663478,2.1210953711341647,1.924308999765009
2021-10-20,0.8070769788102589,0.9404436805144414,1.2224746253682244,0.9404217347712529,0.831592827303805,0.705744474163484,1.0079490378110563,-0.08929369193515543,-0.10693093195106852,0.6877752316931842,0.9570031331618254,1.237711302494191,0.9645031049042817,2.1018402267691227,1.8622253111617915
2021-10-21,0.6113596758588805,1.033758559001242,1.2054807734693906,0.946381664984983,0.8113225882208324,0.6778773927356645,1.0098346628852517,-0.08364918603420246,-0.038004782356097666,0.6938255579316884,1.0061624924079806,1.3211043952426031,0.9980768421860223,2.1665674376656656,1.884540101689011
2021-10-22,0.49814505572930357,1.0904381273644603,1.2730101394102744,0.964913190289295,0.7823012768166251,0.7211674554254249,1.0657822224950533,-0.030688011347490652,-0.051515159889408,0.6455527234861868,0.6747175059034363,1.3830340369805354,0.9881803348020616,2.306514742816467,1.8859276712739717
2021-10-25,0.445017263101421,1.1085680500758102,1.3009062694231717,0.9600921986271868,0.7523396111327367,0.6901536816886693,1.0883031457053658,-0.04277210109086028,-0.057067608783301485,0.644970818215953,0.6239287904645019,1.339846990287217,1.1058355903393695,2.385673490526641,1.8905339352380028
2021-10-26,0.5033328064726497,1.1037470669587575,1.2860427052717278,0.9973935472502179,0.7564593390964133,0.6637907460079552,1.1201279463706388,0.04600996243732179,-0.01118725677219563,0.6139992423702428,0.6225135552241806,1.3820896882740081,1.106174117718588,2.3942933425825603,1.931858478786132
2021-10-27,0.5420905285117686,1.0515373008608322,1.2570845837399487,1.098347242880423,0.8437400065398795,0.7144210190471852,1.0858016970989905,0.056636574576172674,-0.0051034398118453,0.7305508036013303,0.6316333050406383,1.3646288209212847,1.0630601284248002,2.3792773229560242,1.9164858305884822
2021-10-28,0.8197542533316399,0.9811501873208687,1.2258070753992263,1.139269814702752,1.1237035316084532,0.8676704097953714,1.3615645096671611,0.06542381452425847,-0.007287091274886105,0.7906739186575554,0.6914595161104169,1.121657449599943,1.0624811160949323,2.175240898312352,1.896860078091571
2021-10-29,0.9531690815986861,1.0254204579131792,1.2692385033942823,1.2945144143144345,1.1860650061959461,1.0738380761559239,1.3696003868845055,-0.09392332234504616,-0.09538267028518739,0.7459669371505498,0.5857389149145202,1.1226445246367005,1.0038378715908012,2.151503960529062,1.8769924186120595
2021-11-01,0.9183610429477097,1.0761415802139969,1.2796998820692813,1.385597353052835,1.2602207657502462,1.0717948530433374,1.3937639035708358,-0.07808137898929783,-0.09236914762955588,0.8366360817791086,0.6800564423728866,1.1647538704176736,1.15893284361045,2.2134338892460867,1.9347563754791184
2021-11-02,0.9154055551996015,1.072748720551085,1.2775377135659094,1.3940173100766444,1.2643507346446083,1.0487305812252568,1.3893570094235488,-0.06574844393429383,-0.09491698687104541,0.8269155581281532,0.6921958518534963,1.175500430595881,1.1469736469680625,2.2487704865585574,1.8564252914654453
2021-11-03,0.9550181267861089,1.0646271366898048,1.2727401828887106,1.4090305716911111,1.272660810210639,1.0658355720867898,1.4063936074002825,-0.08124103430612967,-0.07282890795913134,0.8852743512017238,0.6844016801840581,1.120368519626011,1.212724354717789,2.2104232034938436,1.815641527696155
2021-11-04,0.9596647126696597,1.0649639207792958,1.2675669842804438,1.4077506093395245,1.259392464926802,1.0597583462396243,1.4213649585408157,-0.0709130586986851,-0.07146355045180804,0.8935182630878067,0.6813387418946292,1.1106092122148281,1.2055137602868196,2.2011697781798993,1.8026282060856416
2021-11-08,1.0121086492743583,1.0874327182172496,1.261542990062439,1.4613575764068059,1.2702958223343854,1.0859427577924592,1.4268647216464658,-0.050937072257156935,-0.012492422356971912,0.8928070525911296,0.6803584926862132,1.0715523615664424,1.2106257022878202,2.1943795124339456,1.8286829046119932
2021-11-09,1.0122521748302453,1.0821252031110324,1.2566186662627516,1.4574726227514596,1.2683643512685157,1.1124092713224165,1.4259662464869012,-0.04741184861558666,0.014243785519241093,0.8789711026813197,0.6749459148283546,1.0329704874645727,1.2013027596491779,2.2167290613634623,1.834163982256553
2021-11-10,1.0257529607280589,1.0773747445485566,1.2615348982238597,1.4021970927219873,1.2818254827210085,1.1069018969861246,1.4188828512790355,-0.043860648647662655,-0.007669779431597895,0.868596824698695,0.6744800870702214,1.0017782228822294,1.1691311439938412,2.2391969886330942,1.84510478475233
2021-11-11,1.0712395862791928,1.0477102374152703,1.2684733005219408,1.5108658814981561,1.4022336043067438,1.1613079967941096,1.3972404879050773,-0.04379500971147666,0.07925635885255473,0.9362837988339499,0.7255946839421444,1.0501082609134278,1.1451954531845794,2.1590471922834142,2.019620408645473
2021-11-12,1.054250103202736,1.1045368802076898,1.3191039453055413,1.5981146880428188,1.3514315981499103,1.092784783426213,1.3789665399057518,0.013849276813179103,0.11730433363274864,0.948935004746678,0.7135814326792072,1.0685035025521208,1.164157653291711,2.0267375665319016,2.030774184360411
2021-11-15,1.0513447084516832,1.0923137998482362,1.302651191938245,1.5841272977532153,1.3575593107599901,1.1009492621593824,1.3775815250687053,-0.0050747731695269275,0.10579816356035078,0.9457003039437559,0.7075475499999067,0.9639660171181045,1.177369526020784,2.0431840634611365,2.047284281189651
2021-11-16,1.0279990350981847,1.0650705566006584,1.2647805656338467,1.5318631298567655,1.3489185408160755,1.1321251305159834,1.388414917637391,0.010995263355643067,0.14849733580286142,0.9697379560853239,0.723872586565026,0.9078648745010327,1.182661715730358,2.043854066134489,2.035064382530124
2021-11-17,0.9923978187159413,1.078901127997635,1.2304780026120108,1.4885265043122886,1.2765233441904429,1.042544183306072,1.3572781388141804,0.10968965519714238,0.33408099930449664,0.9182284720556156,0.6729795868761228,0.5943834613941997,1.180958232082636,1.8387833416945072,1.9220261736325917
2021-11-18,1.0148046217498157,1.0658377477637917,1.2416424191196747,1.5446560860811371,1.3160728279427814,1.0562676430024966,1.3620399468695885,0.10620678620468338,0.36006751928452096,0.9004447419795102,0.7218167564295104,0.6645059717845905,1.1776073200432502,1.8720088327752877,1.9076631411618905
2021-11-22,1.1423793878590915,1.040324777144922,1.16188611925661,1.4220690733683552,1.2809998254797337,1.184395537854201,1.4019505539859813,0.24182762601037094,0.32174459054583293,0.9243648523944712,0.6955027614560638,0.7539486490353725,0.8461416225983283,1.687623705608677,1.903953376363479
2021-11-23,1.149972758237386,1.0198203101334509,1.1530684440519643,1.4283427732045868,1.2706302786210937,1.2055892681410663,1.3961652925341297,0.25348863290745427,0.34884251330897137,0.9417810670724333,0.6975061638744132,0.7538442299033764,0.863499452436249,1.709691475833628,1.9092385032268686
2021-11-24,1.118732257275455,1.0488546746764253,1.158017780540126,1.4388505270245782,1.1884501018077667,1.1733599552144418,1.4122399968314323,0.2599481198530795,0.3664171128315687,0.9444892589651035,0.701616445665143,0.7650703592761754,0.8532553110803516,1.7065295323766188,1.9166364620354872
2021-11-25,1.1194649401022214,1.0782239515078997,1.1405240253650224,1.4534668369959027,1.1844220984798246,1.1540264166553142,1.4214670026891805,0.2712609623604825,0.33806732181534016,0.9318993619951791,0.6733611132736405,0.8424811566416237,0.8440911868763173,1.6819501797995255,1.901241996594962
2021-11-26,1.1629534731771776,1.0456537425769246,1.1302116200831307,1.4266604340645064,1.3087086483424937,1.279762909307846,1.391960863576459,0.23910716919627759,0.2645917595045087,0.8542756363833847,0.266975761150213,0.7573474084517652,0.8544856182666868,1.6084978554810794,2.068889743238548
2021-11-29,1.1892492819896991,1.0681093301633193,1.1346269165754113,1.422625327638416,1.3463979105802069,1.2966238439544695,1.391642748483543,0.28248453867721723,0.25762592968153925,0.8482241553375839,0.25586132580176035,0.6638278333055286,0.686493418339492,1.6339693302437006,2.1378547676388693
2021-11-30,1.2134167505077504,1.0435741429934229,1.123567004477813,1.411359277839266,1.3535449729300755,1.285349318817286,1.3845350699063208,0.28846358443228565,0.25548827702461346,0.8377955041522311,0.2700482867894527,0.6813396316069709,0.7037396521119508,1.6485014779348814,2.1654601056817593
2021-12-01,1.1533104010603998,1.0235124521798245,1.0717190245944646,1.4765810091545546,1.3641678053504294,1.2623895059675034,1.3797144146747595,0.27309341808997334,0.20688319326867785,0.7985486559500385,0.18321237078203,0.6190029805877503,0.6754985738972993,1.6431925643044132,2.1652850490353392
2021-12-02,1.1141241043799743,1.037969972409439,1.0857218779431792,1.4981897235486272,1.2993240912351767,1.2306513123785414,1.3719478694871938,0.2797360003587838,0.23162186160035186,0.8603829620516145,0.2074011200646699,0.6111806206169629,0.7064031781064605,1.6625257581831536,2.0788187856752116
2021-12-03,1.1619905713937266,1.016261034527317,1.042899286369454,1.5116874549831183,1.2480356307727078,1.240812937204522,1.3855899737716189,0.2961816225436996,0.24346338301617118,0.8886834985085121,0.23375657438537575,0.679597560253845,0.7489702435255468,1.5902600420393478,2.0141931330970375
2021-12-06,1.152818959151628,1.0384235212732598,1.0661443143931595,1.5203837195341556,1.250379752986856,1.2492512808542195,1.3707520005850253,0.33276004854350455,0.27864444929381654,0.9017824345952481,0.29024726603126344,0.7290091838041846,0.8158763789013997,1.514845779573098,1.9916802066617707
2021-12-07,1.1798262450769421,1.014924909035857,1.054398628652107,1.4878100004993349,1.2300419753938605,1.2055826268013394,1.338316932077322,0.3722508214218228,0.2519735474589613,0.8866510305897655,0.2956200685179823,0.6936650367054978,0.7756959280678802,1.5656650282849405,2.0065225878247928
2021-12-08,1.0818916247788197,1.0363817117307412,1.0454583564016071,1.4561054989539457,1.1997906974576589,1.1814525806363798,1.3232078889607866,0.37041022100139265,0.34051782174162043,0.8999501363557431,0.3191352779265142,0.6629903882631126,0.8004815304312014,1.5555330913727,1.939995943501458
2021-12-09,1.0813425326557973,1.0375248318378176,1.048205153593084,1.4544797330023818,1.193763117145987,1.175126071119875,1.3446833279270205,0.3656444278412242,0.3491145953022182,0.9015901515843067,0.3227846555028344,0.6526864114192912,0.8000734727007015,1.5598183717984604,1.940624495234325
2021-12-10,1.0792279527120179,1.039136168944529,1.0480149578959193,1.4523255013891851,1.1934813647705869,1.174043075250145,1.3431484762644064,0.36813728017171554,0.3478739294279089,0.9011662252764728,0.3225463620332093,0.6539790545106681,0.8006984668096869,1.5606730467749657,1.9354718471042136
2021-12-13,1.0958954877785987,1.0308851495841662,1.0261465365094309,1.4095892545555604,1.1647706216587357,1.0710119240568168,1.3581007801402265,0.39754875472131956,0.36593753783749794,0.898528673642685,0.3066376899677925,0.6518487161598489,0.74907269855117,1.5660752885068219,1.9635586145521338
2021-12-14,1.0878493924663397,1.043992471003286,1.0428891152296957,1.4362624278758438,1.1728077179667187,1.0793199062092524,1.2953191906488737,0.3987880753521462,0.3701527538580152,0.907443542268737,0.3101439339266895,0.6356359351011671,0.7732851903585977,1.5864734929384547,1.9807547576260862
2021-12-15,1.0883971314054637,1.0473995639050848,1.05313635984431,1.4319946700433024,1.1874339389565152,1.0700793497932857,1.3109337238300987,0.40149518486001484,0.37618314872547653,0.8688542654452204,0.3146590060824092,0.6397272768676396,0.7844095064933111,1.5732344374063507,1.9789889754551444
2021-12-16,1.1058923330318269,1.0706286994615328,1.0722571937624101,1.4294499873024298,1.2208096312644625,1.0753521229340812,1.3609989093922796,0.4276393284773642,0.4078573875472914,0.8458579270892781,0.27659940024751045,0.6379459232412299,0.7911903255772667,1.4133492844961297,1.93352733312398
2021-12-17,1.1663934717971454,0.936315272205297,0.9135462018370438,1.383705082072437,1.220767978227478,1.0720508461395475,1.3241407067780917,0.45218934780525966,0.41095257723378725,0.7897052379809019,0.28438237318179677,0.8505193259626374,0.8281596726554041,1.3651202075233788,1.9649088641951031
2021-12-20,1.1737455826815035,0.9115507140468626,0.8689676256249429,1.3840300417155504,1.2729607594290557,1.1008195160149612,1.3082715973050913,0.4520078367161335,0.4372328420851375,0.7522497053696311,0.22278615269685428,0.846898463580981,0.80241525794102,1.4432841672524086,2.04484319320881
2021-12-21,1.142568957971097,0.9089636564196483,0.9385555070237978,1.4538276847959295,1.2492504696222937,1.0977879624776425,1.3598290795148178,0.5122673158289993,0.4784030697050902,0.8126659332022255,0.2843152090265349,0.8191107298574359,0.8508337888289446,1.511153847117722,1.8705084997307406
2021-12-22,1.1494662606777304,0.8954403010855589,0.8981201836495805,1.4528864353303734,1.2350881287105058,1.0849854153355387,1.3331022054620638,0.4968068187796678,0.46546572336672315,0.8434161348263445,0.29159462859460494,0.7997862327269175,0.8801918869300698,1.5402976338749261,1.8421840531019207
2021-12-23,1.1499752185111307,0.9128523353119695,0.9106103858254434,1.4598886830241327,1.2534004598656558,1.0928311663660732,1.35488591363979,0.49508581824907094,0.4867026310352204,0.8268856674252018,0.3024058528305072,0.8244848594749766,0.8611342983796025,1.5254797351197,1.8442473498480578
2021-12-24,1.179136896185819,0.8946690426344165,0.8891617359446895,1.4170909636201698,1.279856439140207,1.149311503604607,1.3537061089262732,0.49150339398534015,0.489624506335685,0.849070304923183,0.31855853655690375,0.7990773162208156,0.8313584238401714,1.544653047419222,1.834290390555956
2021-12-27,1.1852315511296012,0.8901912093946285,0.8849696757063138,1.4358104093522044,1.2701013635478695,1.1678633007980703,1.3471206456385991,0.49260380762936606,0.480048072540656,0.8677327398278137,0.3405121239259603,0.793133773389724,0.8251254796305023,1.5482150596855455,1.834597067168206
2021-12-28,1.168937819362028,0.8861316273149794,0.8762274120767691,1.419747966772754,1.2798982087809994,1.19733586278613,1.3473714899600606,0.48921106594152663,0.491305656273758,0.9078303428211574,0.3402773233474473,0.7931405331625351,0.8202117783398428,1.5411653836970511,1.84425182043183
2021-12-29,1.1704279512207643,0.8831808445582046,0.8812176129269845,1.4178164796109922,1.2946622555454073,1.193046856311983,1.3523732479326431,0.4948785845686406,0.4880879537223316,0.9147851076578568,0.351263294081593,0.7866684693769909,0.8093747314580676,1.5550835382347477,1.851484545853678
2021-12-30,1.1879329119847655,0.8871726442147938,0.8850628911613317,1.4139489848280615,1.2992508920700214,1.1397592618436254,1.3627499847735263,0.5075594617699175,0.5050972362205838,0.9188989173584298,0.32637829277420377,0.7693459081999098,0.8085586184533861,1.5418571757008674,1.8502801961308712
2021-12-31,1.2270418994868713,0.8673256132671118,0.8715100517956773,1.3851812737192994,1.166354642323671,1.1055365214034092,1.383986686747887,0.5371853935492384,0.5216357148201444,0.9559129321628144,0.32814591111105756,0.7995786495238473,0.7798723608465412,1.5592877441826396,1.919379087685141
2022-01-03,1.219958385718988,0.8308333501182417,0.8235832508570012,1.2875585507145197,1.200096372674296,1.096517191467329,1.3392192676415207,0.49627792000320353,0.5459958126858825,0.8965816992028354,0.2651238098386401,0.7166873300135416,0.7703256999649951,1.555847032910434,1.8695718195120026
2022-01-04,1.2416154753605435,0.8110549613433418,0.8087550703519041,1.2512935067818842,1.3138604143696544,1.1896308796312993,1.329977447603444,0.5195267037808435,0.566352700272288,0.8286259876879372,0.2755461561416214,0.6867334712795272,0.7786166831955973,1.5462382825724212,1.8075201547049646
2022-01-05,1.290176344337648,0.7575516135114334,0.7664434068489707,1.1994774797216716,1.3277362119199336,1.1917443970744572,1.334543681224233,0.5242026307001062,0.5764961203096506,0.8257860873324736,0.2729850657848257,0.6981011245631598,0.7770399047390726,1.5629404611181617,1.8420207559053228
2022-01-06,1.2865812858490315,0.7824972242798712,0.781943308602804,1.2456151176733217,1.2892572265451638,1.1722044126621647,1.313023244126872,0.5395721432941701,0.5642286750789735,0.8181079093266098,0.28147859312564455,0.6959672746525466,0.7444275903790036,1.5514724271591314,1.8153102883717154
2022-01-07,1.2847527758537198,0.7814578760923242,0.7815879836687292,1.2560132904811154,1.3185339623493455,1.173965999017283,1.304522314418682,0.5393904369355302,0.5714185995999252,0.8180431661208272,0.2754858056332254,0.7047013246986407,0.7410370600241776,1.5427377909843225,1.8113632409343448
2022-01-10,1.3092960878539073,0.7912641322320345,0.6999499755805747,1.2306354281056537,1.3622040857182443,1.1563194762089823,1.2876084322565606,0.5271347723050404,0.5775025025766882,0.7850561551133186,0.2649996376765306,0.7070818974577179,0.7301736191677928,1.5199444035872607,1.8423219265530164
2022-01-11,1.3183951201271926,0.7998445602931754,0.6225365309857075,1.2254650206450801,1.4019301864713516,1.138539518766189,1.2521850174107427,0.5365926603091986,0.5773113052766778,0.80266672078375,0.2544659282674953,0.7390912870902059,0.7505006966911343,1.496800116275054,1.8413784738983547
2022-01-12,1.3336234850307114,0.7565315158296533,0.6118401555593164,1.1706392569876987,1.4094354295440832,1.1515057270510254,1.2235470257613237,0.5230328157189209,0.5776552284314442,0.8153524242608202,0.28292964849599345,0.7224244512116516,0.8147240515100675,1.4809161392589567,1.8469623579663002
2022-01-13,1.3336762338907213,0.7689671866954741,0.5874013631985026,1.1860153781570903,1.3951013386020883,1.1574616181703734,1.1961794986381482,0.521163487879872,0.5785686757671956,0.825573639894969,0.27859923142838644,0.713790323643465,0.8151043256404387,1.4965495968436484,1.8092836843678688
2022-01-14,1.3360824458685638,0.7607718857934703,0.5774198833842668,1.196602686368245,1.3767657546113623,1.1407834899874718,1.2158629213926762,0.5203445739807306,0.573056738136779,0.8127889559808504,0.2681708135331296,0.6673809778660184,0.8798887103893642,1.4918341909458284,1.8244534194101263
2022-01-17,1.3949049857229743,0.7404224668090449,0.5789973623042074,1.1844924207679028,1.3931186571892746,1.1595041501569967,1.2189694000461249,0.5179331440493465,0.5582170225022097,0.8139706508228436,0.24906107129279678,0.6565761581398245,0.8720103734447673,1.4859353422504291,1.824083275242208
2022-01-18,1.3722198632586662,0.7358693714758883,0.5929468132717304,1.2285734730108646,1.4008808904349317,1.1470787038951016,1.2075512974254803,0.4979707803059675,0.5657156473156603,0.8103255061014168,0.23497637678351216,0.7422238438121348,0.8918392970778053,1.5018977935427724,1.8876501183362189
2022-01-19,1.3790054801588292,0.7730545421085707,0.6147662704423617,1.203636797464527,1.3174136173487045,1.131032264485329,1.1918958607266268,0.5290755049918299,0.5786851572633475,0.8145175605269719,0.2337758662358613,0.7656156913573994,0.9033400097909761,1.458004774920277,1.8453463127840322
2022-01-20,1.3416569164793033,0.802349212229088,0.6228731348892861,1.171035044567882,1.3333868975294834,1.1280934167934218,1.1757634799820593,0.49813483159370886,0.5388266418264348,0.8470066198119074,0.26762587820789363,0.6872918445437068,0.8634880989428722,1.3987308945255643,1.7893436471156394
2022-01-21,1.3241460963168745,0.8285403580159835,0.6369014438234974,1.2172516374549855,1.3332493375231695,1.120050286239722,1.1782321964178446,0.4737245780971495,0.5305634689619646,0.863275634586486,0.29009182445834836,0.672041079803604,0.8949471120694767,1.417928566846147,1.8115110934626968
2022-01-24,1.2697248348877588,0.8560204852819303,0.7567286240781819,1.2962642268639895,1.075678360211265,1.0269666459701434,1.0520238444395733,0.5025920020435708,0.5963868116535795,0.7975111004375052,0.33507994447978645,0.8157061610498859,0.8290019232454827,1.5296439452781168,1.830580142554608
2022-01-25,1.2479240218511076,0.8158218153452587,0.7209722595799041,1.2358804574921212,1.0585954180797594,1.004882340420414,1.0614099989702315,0.51135081677314,0.6041825077655358,0.7883752575830258,0.3803057088335278,0.8034072825851166,0.8619917920593517,1.5757619163896748,1.8778427411018201
2022-01-27,1.1899880792009263,0.8259560315195636,0.7421128222856093,1.2459649006509625,1.0206422131275545,1.0025858269442507,1.0416501195930405,0.5613436015965164,0.6326597142004549,0.7491247352414473,0.35872381725421665,0.8459746591323505,0.7971802353070527,1.5378719990255345,1.8793836549543395
2022-01-28,1.1910314008918643,0.8261411100735347,0.7430634099632659,1.2429793958642297,1.0207490868122344,1.0086261904527227,1.0413798671327468,0.5594838306858306,0.6336006527224477,0.7511434958243863,0.35620710812184536,0.8450286088122315,0.7984130644396364,1.5299073427252143,1.8938471944066433
2022-01-31,1.101035271254556,0.8673709871933767,0.8080959686748752,1.3159395863924122,1.0294834464263034,1.0060507256444908,1.0303694413319346,0.5584837726574815,0.6254479920932492,0.7306698305943296,0.39681012040790686,0.820810278120147,0.8054271192656974,1.496188400117408,1.9128110830021425
2022-02-01,1.0957683205732922,0.8852901440906044,0.8035918967242877,1.3166816367535408,0.979113392860115,0.9638500337423618,1.0619013853590777,0.5551675616495799,0.6821185800659713,0.8474100635092148,0.3930393454865585,0.8250809601415509,0.7636111695184007,1.6206409382280782,1.9405772093853837
2022-02-02,1.1033463085570996,0.8696585412335774,0.82224654608316,1.234133912011766,0.9478700544325797,0.9246561898783606,1.0671252428130082,0.5228879697644819,0.6270851425356536,0.8288640602761131,0.4271176919804518,0.8867645072765812,0.7463408283538143,1.589408835371262,1.8618459176996827
2022-02-03,1.106780560967703,0.9001740120177343,0.8312194874525687,1.241216361110405,0.9722440388240826,0.9101300643701568,1.0270996684650608,0.5287150655874946,0.6380325857341843,0.8286608292813514,0.4322963901661477,0.8831301652353148,0.7404249265981586,1.5531670097409256,1.802612410533343
2022-02-04,1.108427326402427,0.8991033416063754,0.8325629639203455,1.242532782632389,0.9693103353346255,0.9139717668679289,1.0283512497389098,0.5280772450855827,0.6411128782036146,0.8268735314969179,0.43469430065593995,0.8805745850427847,0.7456947426848316,1.5451713078132532,1.8034020353771103
2022-02-07,1.1299582800097097,0.9018436104047286,0.8469794433351583,1.1778805244414499,0.8782167766965189,0.8625891073410861,1.0334786166139922,0.5384619110796851,0.679569852452783,0.8000211819159772,0.4387295378600685,0.9642634588310787,0.7567778811685008,1.4813469218320414,1.772807375516022
2022-02-08,1.1319582381601092,0.8712488709679604,0.8118801484132074,1.1203092294176662,0.8720784185702172,0.8864012041295886,1.0365165755928594,0.521006562028922,0.6748609676295209,0.7978229937465438,0.4369853147469759,0.9345010535170055,0.736311488590446,1.5512749830754362,1.7525486871710096
2022-02-09,1.1266341792669405,0.8734455411531408,0.8258187532851079,1.1245416434655395,0.8178097684592087,0.8675244287633717,1.0043168812838332,0.5139685453137397,0.6820137196614112,0.7766663483594042,0.4484462861268073,0.9733572045907815,0.7483636838773624,1.5285209750800344,1.7282860676057894
2022-02-10,1.139509951656109,0.8935881000059395,0.8385155731771735,1.1422754346502708,0.8442221453140254,0.8571470086723427,1.0011644910092643,0.5129730751905522,0.6744839603022531,0.7668509039052334,0.44047086623480186,0.9764224829557758,0.7443690309955995,1.5341166097814378,1.7350749726563277
2022-02-11,1.142872203926809,0.9227119178783978,0.8582728715296182,1.180016259685279,0.841516904127328,0.8443905856811554,0.9930222961900942,0.5341791019070311,0.6733782300936245,0.7762752836271604,0.44151785397925686,1.0748814904000832,0.7419687728534473,1.4922370657917494,1.747975999824904
2022-02-14,1.1699530728372294,0.9040590961943266,0.87731986138278,1.114104486896087,0.7847137358584995,0.8754282386399945,1.002908733056854,0.5006667773577719,0.6783151711572384,0.76337397237933,0.4768147525979707,0.9532124355521683,0.7884580525657664,1.5131091984994314,1.785085023302349
2022-02-15,1.161088833107491,0.9400408970707584,0.9498691987475028,1.137131781124202,0.6435333409258283,0.8048393601733302,0.9347430170762625,0.5306527899673056,0.7264056385589528,0.693965354936731,0.4845877358544442,0.9791376435332858,0.9379334116428589,1.4316746771369604,1.758640231439058
2022-02-16,1.1532071590658668,0.9505135893751444,0.9517321371994576,1.1314226978365507,0.6411332548162727,0.7957669848746785,0.9355465949547831,0.5253446706513228,0.7155859102043305,0.6883214821556036,0.4801023468471733,0.979375594428222,0.9238280282335125,1.4249495273598543,1.7533526562351676
2022-02-17,1.1661207130202569,0.9399456416964291,0.9493771192026909,1.1264082532744082,0.6663736054399646,0.8061670710563182,0.9284455266995292,0.5249149597261972,0.7117299801893583,0.6855088737066146,0.4780876316675273,0.977723607462674,0.9274859201502059,1.4222229253662384,1.7532121348082796
2022-02-18,1.1603884581705568,0.9343574570771802,0.9533645631702292,1.1214675111708747,0.6670152001226904,0.8123813773454607,0.9211292539660629,0.5241371447646116,0.725660227310076,0.6869927140331665,0.48009143602531823,0.9371335356952362,0.9260035810054328,1.4340714949029019,1.7566712592643619
2022-02-21,1.1582205338757696,0.959464575688464,0.9627356026146399,1.1756206111658085,0.547157425105871,0.7222909034150532,0.9106993102382605,0.5895117060877993,0.7866494098192015,0.6913458324871922,0.6693663074988998,1.046820215469342,0.900086422944904,1.3922681470091012,1.6880773355624439
2022-02-22,1.1380250683748858,0.9521321753404063,0.9632159984877138,1.1700751184256521,0.5419906655206134,0.7217730473835129,0.9202819962066642,0.5871465759987516,0.7796596740623304,0.6914703111316878,0.6821662827363352,1.0059352080544988,0.9072974874983832,1.4169947858605059,1.7338753666793016
2022-02-23,1.119126424929616,0.9579713755109419,0.9701911341513977,1.1743152294558001,0.5405594271268721,0.729441246679406,0.9199689485694371,0.5953614746636873,0.7823953491826917,0.6955296026950014,0.6824454932468931,1.0033314867877912,0.8992457620804468,1.397826995281916,1.723297660427384
2022-02-24,1.1104466553204395,0.9291745260605727,1.0067535110113397,1.1489731152201548,0.55852741248682,0.7858162874221948,0.8826075044235109,0.4941324196370678,0.7051242651073932,0.6955121613905647,0.6657169284204731,1.0283881270842667,0.9388822412908772,1.363471133205653,1.647342767413454
2022-02-25,1.1401244126815795,0.8850000220676337,1.0222414038855727,1.1698326214471781,0.559572064753088,0.858983671090644,0.8865552482781317,0.46166424263848216,0.6397655252140926,0.663887295251549,0.672207771522481,1.124264512343788,0.9441252670975698,1.429754911812134,1.7897166004252374
2022-02-28,1.112952792846496,0.8924329789258579,1.0223939591756428,1.1677412951159316,0.5791109708169107,0.8669436107894121,0.8803622484001519,0.4531596843642473,0.6377974852528427,0.6553755316901415,0.6410196873060585,1.1335812336825273,0.9266107826001705,1.4952458622789024,1.8092533532272814
2022-03-02,1.1263501181509865,0.8760235288167738,0.9985429727873831,1.1554930435122412,0.5427770722782334,0.8656972705685108,0.868486938905929,0.42245094661140514,0.6324334354788534,0.6617508052618688,0.6729802247007828,1.0983238205258052,0.9130579700416034,1.441710500288347,1.807424539403045
2022-03-03,1.1096413187108394,0.8738318904891449,0.9807996418219092,1.1376289387793692,0.5044499289690323,0.8698518177951718,0.8564838310274977,0.4150148094041182,0.6602499711177676,0.6664874160450148,0.6951602226347947,1.1086700583341849,0.9313480770206428,1.4147568156160986,1.795058341819205
2022-03-04,1.1669662078581247,0.8373142790808418,0.9452077669090013,1.0854628137069509,0.5310695039763551,0.8774463220311995,0.7913271644898,0.4050023763080693,0.6100099625973064,0.6304557057083403,0.629568154766063,1.1616729109236092,0.9365048023310846,1.429132454056658,1.8272124530617553
2022-03-07,1.1595135257966902,0.7753036820448492,0.9093389226174955,1.0733317968246179,0.2346724396840419,0.8458249094078363,0.7421389921681203,0.39184515713389123,0.7118856815040004,0.622639641387331,0.624166276396526,1.1489466223633729,0.8195612348239724,1.3415532478879604,1.8259633206378896
2022-03-08,1.1557811316357098,0.7898373319086344,0.9298882876123481,1.0911354429268434,0.18375479839023648,0.864746382799844,0.7426620252548897,0.38432264641233777,0.6924405834061061,0.6549244430755082,0.6475387840922348,1.1500617738733978,0.8231857875712404,1.3060255005086547,1.856407310995997
2022-03-09,1.123897816376879,0.7916139519753347,0.8968652069985141,1.1245900872139658,0.11792730628420535,0.7906865316434749,0.7300619642395091,0.3501972453739697,0.6699578015785168,0.6551137827632928,0.6620246368058934,1.098531679795493,0.8096245440849554,1.2193355143215374,1.8425238273933962
2022-03-10,1.1094272906793505,0.7828630816130943,0.8856178274366449,1.0826839550126464,0.10199014971535776,0.7868905649417508,0.7260039050201633,0.3891605400430963,0.703153958697173,0.6368873244664662,0.6387030866346242,1.0935347838192162,0.801469714276258,1.2499410777422548,1.8712429978836138
2022-03-11,1.1205296412919372,0.7782386662120309,0.8794868897073882,1.0857956753648381,0.09160058139909594,0.7869538602691335,0.7214985363087846,0.38569712294174,0.6987863256748633,0.6576035318381932,0.6421809446772431,1.0989156302151513,0.7974626276384857,1.2438868664659135,1.86885456171921
2022-03-14,1.1195351082497693,0.8079535583815916,0.8884730451930045,1.0796657986437828,0.054825831662636375,0.7713888477390333,0.7215247349992634,0.382708464040584,0.6805296810097452,0.6298495526772577,0.6265344787696567,1.0970061948106322,0.7931088923333095,1.2126022073154687,1.7992622435598329
2022-03-15,1.1125344360491687,0.8800238901012448,0.9690597887632653,1.1116170396464342,0.05011391146271646,0.7660220691682396,0.7015899977278319,0.36759331809435397,0.664003193085931,0.6421691332521344,0.624094747990663,1.021532257397732,0.7641524170073234,1.2487319912017938,1.770111423934498
2022-03-16,1.0954069785373095,0.9103506838928732,1.0031581723921836,1.1120604633049724,-0.0032506147631192112,0.7308897228314292,0.6847069744139761,0.3905648415032997,0.6873008483038718,0.6222948653974263,0.6778438574895137,1.0431035854386732,0.7669952561343587,1.1941474416608002,1.7463233615575378
2022-03-17,1.1277346512998203,0.8559339747925256,0.961809783435182,1.0760525710891478,0.009698358874395432,0.7127071875657836,0.6826277545976644,0.4096007331809235,0.6857415155594424,0.6315757688229007,0.6941877175573767,0.9635830464889523,0.7633222357739271,1.1904669460207629,1.7296323271327003
2022-03-21,1.1370562364155792,0.8513411292635882,0.9674676687608507,1.067004597681474,0.0005658267822999864,0.7141799976207198,0.6920237982293991,0.4297706494114652,0.7188254180109862,0.6120386902020599,0.6933015544569275,0.992134302247452,0.7593074567934845,1.176932091870297,1.7421250314169847
2022-03-22,1.1413517781289264,0.8528213991624466,0.9702323035393067,1.0904407427482652,-0.0002844594787425423,0.6983531098173456,0.6925283019732967,0.40187337541762097,0.6804185020481623,0.6105088420305839,0.6896918929594479,0.9538671889442933,0.7739254518072964,1.1670894163391332,1.7329947757824882
2022-03-23,1.1435587124844717,0.8570842217032066,0.9716605959634682,1.09855885653545,-0.006066731547897071,0.6864680131502784,0.6903090271341329,0.40405554033180996,0.685798468537351,0.6126766164660028,0.6758869566380045,0.9567995881284371,0.7805861207108963,1.15440480837448,1.7307152693914722
2022-03-24,1.144089621234451,0.8569648629168184,0.9716209100581669,1.0826730558923674,-0.0017070354947683172,0.684769148567587,0.6922944466397039,0.40165732521887726,0.688935297673517,0.6093281078486664,0.6607125125742205,0.9576453818882305,0.7827940823050219,1.1537569633539388,1.7301264477408362
2022-03-25,1.1468739608362073,0.8545110561855045,0.9719198632018127,1.085486693127554,-0.00489297696510365,0.6784447799647142,0.6925271787067507,0.404778836496746,0.6830906302542159,0.5975904354068926,0.6585564309906312,0.9568437963725327,0.781190018584893,1.162487449791188,1.7227685298098574
2022-03-28,1.1454983127100002,0.8527839780467924,0.9696983217592672,1.082717600117557,-0.00627085014208646,0.6759701657264126,0.6937670595677488,0.3993302303402991,0.6835239293930716,0.6004948675334619,0.6543294916273834,0.9569508117959366,0.7908665628634248,1.1584454461929135,1.7195394023272692
2022-03-29,1.1432821694729725,0.8537892244146139,0.9711830762152545,1.0807012309987558,-0.023514376197033313,0.6731153039503236,0.6847016059553038,0.4013462477968508,0.6845255873221583,0.6050340668346192,0.6589919547223436,0.949616134276773,0.8031402846548826,1.1504747612286754,1.7264008892464786
2022-03-30,1.140006037341032,0.8622167008824128,0.9657894851861581,1.0680452537770722,-0.07904121483182858,0.6923328548733931,0.6577227677183117,0.4083150636485505,0.6889951281285422,0.594714963661943,0.6636371478277573,0.9416028102420604,0.7902417233607466,1.1236105118944058,1.7234989309499273
2022-03-31,1.1428282777042664,0.8728627324284303,0.9780844688455202,1.0907256670649392,-0.0848624710043756,0.6925424569994948,0.6683183958500551,0.4149394071012118,0.6927932758406474,0.6057147585300661,0.6926652879050422,0.9699876281258426,0.7931172083507698,1.1133332098668298,1.7461075841916713
2022-04-01,1.1389364691821553,0.8679269217762895,0.9895472878657511,1.0764205758259957,-0.08924526642573365,0.702269871304424,0.6722012178381501,0.41485065531921067,0.6935933535272939,0.6087246234985317,0.6901564458067228,0.9697317885113906,0.78723331065873,1.1123828522800845,1.7566105519263868
2022-04-04,1.1389230853646792,0.8322824145994989,0.9750962590394621,1.07175006746583,-0.09804760544557917,0.6956756877120667,0.6590723530584276,0.42872458424760834,0.6900076336314442,0.62157795756447,0.6890227808287052,0.95905932251186,0.7772555901355596,1.0892567762177128,1.6882798426631642
2022-04-05,1.1414013317640026,0.8300890589676807,0.9738606396881192,1.0593052842983735,-0.10798739933337853,0.6756655114895734,0.6470020961965832,0.4137508167430677,0.6939437743326412,0.6172839720929625,0.6831582060785283,0.9652608120103023,0.795603736193119,1.0832503516986627,1.6836471680612095
2022-04-06,1.1419814013173648,0.8395612290904304,0.9705731759814555,1.0641462738212224,-0.12173264065233697,0.6549610214924044,0.6471594363247787,0.3982605889064627,0.687874965191099,0.6173660410320178,0.6892210385775392,0.9621757445087207,0.7869185575533476,1.0673774132167173,1.666802367301273
2022-04-07,1.1272282807861977,0.8308526689793246,1.0093168840825688,1.0509119307744046,-0.10797604820408187,0.6558915358118241,0.6424405873233164,0.4073170101381697,0.675389032373708,0.6227541670926255,0.6827270877774877,0.9493729645375293,0.8051581075517218,1.0807610881421457,1.6477934539829187
2022-04-08,1.1308310188169612,0.8273311958674745,1.0084170774118293,1.0335134327148483,-0.10374010809799661,0.6433088098387489,0.670646151800157,0.4154903748580651,0.686303950101402,0.6117329204791842,0.7002136809533375,0.9564721365890394,0.800544529101125,1.093912161335936,1.6292314454450036
2022-04-11,1.1260662068732719,0.8342159825700958,1.023011126010935,1.0368858291409304,-0.12253417375804015,0.6370049348811768,0.6756841819706192,0.41865892255900794,0.6954343453543229,0.6127187793343446,0.7036037676111648,0.9594813112184611,0.7784369533630684,1.0957390282282489,1.6100113967932579
2022-04-12,1.1172990735942934,0.8360067689168893,1.0461273172400567,1.0471203374439333,-0.11055498582349634,0.6368466671338933,0.6812120535980043,0.4161016205492232,0.6888221573940922,0.6054941522412494,0.6990443531657633,0.961143984437838,0.789346424549015,1.0950198785301715,1.6228872577250968
2022-04-13,1.1188443341596566,0.8337302761596381,1.0455118819735425,1.0459955919911976,-0.11621685679623568,0.6351821033123388,0.6781431038665904,0.41673344912510074,0.688090503581103,0.6022232687143091,0.7023121324980396,0.9550172688678347,0.7899999252405812,1.0952743029464724,1.6224934265425246
2022-04-18,1.1150967700983017,0.9111653738812089,1.0666833957458783,1.0847458143867332,-0.13236661493129706,0.54066715937483,0.6639947400144033,0.39404098705667834,0.6769042196225816,0.6080078574420275,0.6905999308642149,0.9923974665217427,0.7909404006195043,1.0497871976084439,1.5898586530655223
2022-04-19,1.136797806827068,0.9352627928596436,1.0606288773895876,1.0827095918230194,-0.14886979226690747,0.5450499752691372,0.6790507362164456,0.4264731994928333,0.6868402829808352,0.6058099345290385,0.708735295085594,0.884660281157174,0.7804563547849342,1.032628173789054,1.573874394200654
2022-04-20,1.1287160526452964,0.9311350245696279,1.0567619339651932,1.094494961318719,-0.1307141663091065,0.5347989851194788,0.6620911991461861,0.4280470304319831,0.6873630287692839,0.5946933893191496,0.7256380691845146,0.8561921212308687,0.7857867589440498,1.0253420416383985,1.576156542476968
2022-04-21,1.1416420868559314,0.9309136452353365,1.0470600040237557,1.0911699004182758,-0.1571772365162242,0.5388661703860923,0.6457226034127806,0.4143959177517282,0.7094805331803089,0.5937694338086001,0.7112993422784328,0.8940286539793598,0.7819056755948456,0.996120049561642,1.5986850532041752
2022-04-22,1.1516533797937993,0.9308459340873344,1.0317011425319504,1.0587012983019013,-0.1664351548168512,0.5464381397944197,0.6344668397520442,0.4197784591266315,0.7044786077276995,0.6023237967325027,0.7223964205254223,0.908485196483241,0.7544625584174791,0.9890822866985566,1.593012905496167
2022-04-25,1.1304521897447242,0.9304176289093292,0.9770122674335999,1.0266505701750095,-0.1205781517527071,0.57120915643924,0.6288136004020302,0.4099183004039966,0.7009645405488303,0.6339398328676856,0.7103470740287093,0.8869204666591561,0.7695871442035076,0.944253646813627,1.5788282814622894
2022-04-26,1.1176362215599631,0.9400883777147143,0.9756059498154741,1.0248480815573335,-0.13697355607995756,0.5558637735689992,0.6286969920790936,0.41852634928562144,0.7181457691453211,0.6432074417735278,0.707548945412882,0.8627322280010529,0.7666978162108903,0.9382053872927615,1.5938570786705255
2022-04-27,1.1340548687301362,0.9339874611510438,0.9653666264740732,1.0040926701504416,-0.124240471896366,0.5610927215239198,0.6345228934711887,0.40933498330404255,0.7161496211596282,0.6579791996118405,0.6954163619673155,0.8450373424611771,0.7657099112075377,0.9146679434999397,1.5877854545194099
2022-04-28,1.135749855946366,0.9432897745090651,0.9620441884291204,1.0006917981175014,-0.12239055667236383,0.579295557534947,0.6378937213632198,0.4155601768829034,0.7143313632578131,0.6653432086883787,0.6981133432654398,0.8395848232754689,0.7492387285581955,0.9120384492756559,1.5791740206462408
2022-04-29,1.1614804339403417,0.9228424920914315,0.9450228352592199,0.9574504033388597,-0.13199102628906906,0.5895743889955986,0.6410767468660172,0.41504042274150915,0.7280318207321079,0.6601446340962412,0.6796644807292095,0.8674161559012012,0.743918173338617,0.9202736446073737,1.571317802917264
2022-05-02,1.1649257366432495,0.9133134047780119,0.9533711756472385,0.9509614201115119,-0.12013216683031304,0.6087603882888121,0.6127547963021596,0.41125406885727306,0.6974426454827332,0.5917656782996583,0.6885169680657786,0.87167553337356,0.7664836795825826,0.8459382412499004,1.5552563290850185
2022-05-04,1.0944033119638636,0.87847094879571,0.9109418658626363,0.9576340391674195,-0.1906164289352854,0.5850150560048806,0.6069897005084528,0.44385483475971965,0.6187174065635549,0.6229302546169024,0.6997961951554017,0.9333158343860911,0.78987052288214,0.8750860274376524,1.6160110825038712
2022-05-05,1.0920983924173027,0.8669825881142996,0.9093488684446955,0.9563909480495241,-0.2125806033795838,0.5849814793477209,0.6216135417086519,0.43633617200686853,0.6078980990901481,0.6193043968433585,0.6994766961686062,0.9396229351208341,0.7934919035934469,0.8839045268991091,1.642662111154794
2022-05-06,1.0840460072474065,0.8825179959546035,0.9283733453632912,0.9075436711860332,-0.22266545646178568,0.5696352382335134,0.5900339351292844,0.47112365358267955,0.5828441390679202,0.6015438706575249,0.6941618753961177,0.9588274419879075,0.7932321884221275,0.8705364867485677,1.6472786319869623
2022-05-09,1.0673647235433597,0.8720371701517166,0.9151370087969631,0.9346236119245621,-0.2003703870613365,0.5880508488647684,0.5819065359712443,0.47608123894955034,0.5595069598284157,0.6015411335241208,0.698767806351215,0.925473796863386,0.7817710404019802,0.9061931107471862,1.6423928347487489
2022-05-10,1.0656838694458066,0.8740332770988133,0.9152577028377128,0.939967161820871,-0.17537915192726913,0.5958448764887414,0.5852341074937772,0.47508991964212977,0.5573319370170933,0.6057640747817581,0.6968238538220738,0.9353363497507743,0.7784644844006349,0.9138690224569741,1.6509384447737914
2022-05-11,1.066537835852338,0.8749757314200579,0.9099669734251558,0.9371360794607277,-0.1667898629128361,0.611436753945347,0.6052828160060439,0.4764113468611398,0.5480924172599702,0.6157764863753248,0.6938652135373571,0.9003335311026665,0.7714274382385787,0.9218685343519097,1.65537005942491
2022-05-12,1.0681559368575722,0.850257117567186,0.8636600177396317,0.9125616692553752,-0.16512760453213224,0.6359360458809723,0.6047936054334695,0.48943992877897524,0.5482820590744739,0.5995331923190309,0.6712228223664689,0.9098046060958479,0.7859705750458791,0.9474755623959342,1.6138802829161898
2022-05-13,1.0603829868344237,0.835571408839822,0.8554710677440431,0.8967598234652715,-0.1715237011426968,0.6468053598008332,0.6102544917381482,0.4789401317164861,0.5406615275919348,0.5910187733585244,0.6702247241729287,0.9076807752367121,0.7832845560873136,0.9644355279533708,1.6033572858865506
2022-05-16,1.0302923517871676,0.8399611249835506,0.8338978855946789,0.9025565797425709,-0.2127184891607899,0.6139642757393189,0.5528775234040654,0.49228433106698843,0.5215601888910647,0.5903333548620958,0.6467911275934465,0.987746385577836,0.7507675478134715,0.9015452661025524,1.5768835943694912
2022-05-17,0.9813844107503256,0.8108029051298987,0.8360194498944468,0.8377307118311146,-0.023942209013902118,0.6040122322376239,0.6238836250699448,0.4343322455384671,0.5290801479421756,0.5807470047132809,0.6202638265513641,0.9802846107148542,0.7258598461493696,1.063821343015503,1.5281431494151838
2022-05-18,0.9820056685649374,0.8108575227491418,0.8364325970893397,0.83850735413094,-0.022099281837602406,0.6030537572333923,0.6235429038008216,0.4345593947288306,0.528678012352778,0.5799787329689744,0.6209950188127582,0.9796654966575347,0.7271653550310829,1.0630655673696818,1.5280595260127432
2022-05-19,1.0030910661257793,0.8797860028558643,0.9210561921779054,0.9030499752333977,0.021410958875827023,0.581315326634963,0.5232783777702443,0.4401970379593126,0.5388291739475423,0.5847368068587482,0.5698984834894238,0.97856532678607,0.7544594612724622,1.111745585042281,1.4686413191365524
2022-05-20,0.9924039279222198,0.8695557980745106,0.9072212494024169,0.896225521282496,0.048506731250080586,0.5598817721641363,0.5138138098307026,0.5267571113470518,0.5863477449439571,0.6251755703850225,0.7273659413993593,0.938745792882973,0.75001657903867,1.1360139168943797,1.4467724223204992
2022-05-23,0.9903179791860506,0.8719145126068416,0.9089871911457391,0.8913967276461635,0.05204167857338798,0.5584956166382447,0.512876142262078,0.5269417768998755,0.5841444242628391,0.6184498590701042,0.7251847308260629,0.9343138122891507,0.7499539595048622,1.157692931957438,1.4384409610362794
2022-05-24,0.9892290594491028,0.8809703254839204,0.9095688190193393,0.9053387605998242,0.06734278338514442,0.5674772250836431,0.5112508833814642,0.5233827504987059,0.5884167266272284,0.624921729313896,0.7108571485781676,0.9598210035056969,0.7478609000051629,1.1480126044575014,1.4172584006804079
2022-05-25,0.9831567989942008,0.8872264692764293,0.9205978426650321,0.9165988764378664,0.059820771665622746,0.5496224567940224,0.5090165183925852,0.5190227931665448,0.5819530694273141,0.6230482304536152,0.7131484902064693,0.9693387795112884,0.74034673435215,1.148014184481093,1.4342281468430793
2022-05-26,0.9622969172218623,0.9268584452486484,0.9047940052795685,0.8843859205449215,-0.047914672115394,0.4501401821635855,0.43432424862217356,0.6013489477248526,0.6274481381131131,0.6125722172408508,0.7380979564113029,0.9987663532367922,0.6822824603401837,1.1781561161227636,1.442864430998331
2022-05-27,0.9478469203234063,0.9774280727743445,0.8961900324537242,0.863918970195297,-0.1609969070516413,0.32597806346647046,0.40661105406213816,0.6368207107971923,0.6780517997493105,0.6100152104845629,0.7484590367412561,0.9616105221525112,0.6343524926105335,1.0574087255172289,1.3059684488293497
2022-05-30,0.8836171051379216,1.0256138636938128,0.9094934174161825,0.8987178791353508,-0.1575042926610721,0.29966010820397515,0.38177911680477156,0.6285832651851166,0.6661360154699468,0.5459332681551974,0.7388647308717421,0.921419468304056,0.6586900159739738,0.9811451246278217,1.3937304638361254
2022-05-31,0.8837623467687131,1.0312843073003237,0.917513698478013,0.8909638344480076,-0.16553008993840382,0.2638317942102368,0.37731922305335797,0.6485707286799126,0.6513448830178178,0.5348141946035823,0.6871794767089602,0.9364204468694319,0.6443401318669248,1.0527024181496771,1.397397933197454
2022-06-01,0.877291890101402,1.0482521908568265,0.9439121101823446,0.9207191535424895,-0.1319096403806807,0.2676002560150397,0.38817365056669473,0.6450365014645194,0.6581035785282788,0.5457051226965238,0.6698041069543963,0.9613764499753916,0.6468950617323742,1.0608810702166422,1.3959682861634344
2022-06-02,0.855337860389434,1.089739055039774,0.991213262396331,0.9783183716883969,-0.16816941772848615,0.2518504682725299,0.4361787771852869,0.6599172534673693,0.676544315252057,0.5882332336291705,0.7281089670629527,0.9033359221633979,0.615910987346637,1.0676261737748776,1.3760986208650627
2022-06-03,0.8450602563346115,1.18449014260917,1.0430637943949919,0.9935668260042785,0.1753886764950832,0.26615723862635926,0.44962377069492593,0.6980653983713094,0.5491054775028005,0.5985850312821935,0.7268971624278118,0.9287313821289218,0.7455216518578197,1.1758220306316451,1.3570584984224359
2022-06-06,0.8463250363547491,1.1696348961369627,1.0226253498993247,0.9724563646602451,0.2114647187437679,0.24393716386902822,0.4477968045424526,0.7099452099879853,0.5699709123697361,0.5672901380025067,0.7113898067235359,0.9174316280281702,0.741931786138734,1.1974525727393037,1.32171151484835
2022-06-07,0.8670194925896128,1.1751291634738381,1.069186526612089,0.9389752620502188,0.2050789913639273,0.28740310145416254,0.4560615675836914,0.767656913161393,0.6236038187905447,0.566765716269723,0.746805978550978,0.949969155969745,0.7364685793115675,1.2693353504599219,1.328740996704845
2022-06-08,0.8790796241293252,1.188792889585621,1.0782347297220027,0.9786902002569712,0.2150091730357862,0.2823831232930247,0.4628205058564765,0.7344526578297886,0.5881593161659472,0.5785866833708379,0.7804589913924898,0.9396755761319266,0.7521595841651054,1.2131541894628863,1.2693269745064486
2022-06-09,0.8812134936229822,1.1926722153243499,1.0833745064985616,0.9864676761825318,0.2237275987487717,0.27015783257194104,0.4630034336878645,0.7374661184891763,0.582191339641774,0.5776000431924923,0.7951711891273868,0.9401500716972239,0.7663945525024173,1.1749275243372757,1.2593018356282215
2022-06-10,0.9282227858264797,1.1573438739057966,1.085451055690556,0.9936825295247554,0.26898252139141654,0.2751483785626567,0.4556508612489072,0.7271703950829022,0.5820673125660759,0.6193051549364743,0.7918503039954641,0.8783264302342182,0.7550598512414729,1.2007010174391028,1.3149247520409588
2022-06-13,0.9215650257182417,1.1501035568031475,1.0851396474748554,1.0379359257284106,0.2805164366203172,0.36754737426727235,0.48430970335327306,0.6785887089213086,0.5664856150270089,0.6353273959730171,0.7850981186137892,0.8296549989445712,0.7243780602011103,1.1518898047425017,1.3550895435813104
2022-06-14,0.9274525071307893,1.1276315316499352,1.0818977477368164,1.0257987138146754,0.24707570366970955,0.35710242160494915,0.4653943499916081,0.6603364827155969,0.5282179115234116,0.6679524506135609,0.7965301200961974,0.7914988708408172,0.7232868077079211,1.1361997303210276,1.3124247558802054
2022-06-15,0.8901468555972084,1.2148806177711644,1.1103902590031562,1.0539878889328365,0.21717643828896327,0.3794660271778378,0.4703717613130931,0.6281591486685377,0.5234171057567549,0.6365745688592119,0.7775923469342158,0.8662859159817782,0.7188804188806441,1.1063617057555313,1.317005263493548
2022-06-16,0.9135549131171287,1.204277512067184,1.1524437512457895,1.0974555080511303,0.3352730465731164,0.4467932333151865,0.4770392694367036,0.573655428383401,0.4687933598244429,0.634673897845574,0.7674547012121741,0.8512151414686444,0.7642924668112553,1.1957969461774602,1.335760577997245
2022-06-17,0.9034652801913531,1.1932559402815486,1.1502455013772237,1.0474097777088418,0.31429058685043965,0.46405588250965213,0.4527708419213932,0.6276141504750837,0.5237624331581601,0.6510008565856429,0.7846233491762314,0.8880860508879282,0.757301192293673,1.21086147608449,1.3393619860113797
2022-06-20,0.8984451431255837,1.2043478775019305,1.1681387696908925,1.061201326675956,0.2839355013740501,0.44781799357270285,0.45432578535421475,0.6376286737551936,0.5371889028577891,0.6570453018525839,0.788430650956453,0.9042299148801036,0.7486111379086609,1.184289034858157,1.3286430188167864
2022-06-21,0.8617760994217941,1.2147005587990491,1.1846202488466502,1.0755867762942133,0.35901124549258806,0.46960916065433367,0.4797005495918132,0.6086588426025201,0.5419503187188167,0.6642027851959874,0.8136254367215991,0.8660745489054245,0.7642156581560401,1.2033328210265937,1.398635186443513
2022-06-22,0.857629194060129,1.1998931322975557,1.2001900634252982,1.0704942548047727,0.3887983684935946,0.484028000284894,0.4953210557651378,0.6103576148413379,0.5445626406344937,0.6628852134953839,0.8039300469597465,0.8582269309048481,0.7751596367207377,1.2474099506151244,1.4263475991973282
2022-06-23,0.8588459629115499,1.2041733696206418,1.2178941469302587,1.0802766729673627,0.38505879005420385,0.4689434960004278,0.4818006746036775,0.6296186613640199,0.5408841474865358,0.6779848534525212,0.8165339480612145,0.8747675360705878,0.7801737496523274,1.243722021139376,1.4519474687584792
2022-06-24,0.8611154017459961,1.183607597124015,1.2082199650650545,1.0654205478258325,0.4307397098391769,0.46943011327696527,0.4877259359799493,0.6399966817530819,0.5540870015874246,0.66167804855964,0.808064910607547,0.8744840646523797,0.770744091435361,1.2566244113975638,1.4319109227077438
2022-06-27,0.8357733444229121,1.2005289671325785,1.2311137953176101,1.1183587206843548,0.5306249618188039,0.47746325746907503,0.5330561391221834,0.6224893973916221,0.5352003725536868,0.6766433443409039,0.8047683299919851,0.8644052444959203,0.802922439871366,1.3042403355367596,1.4110832058535787
2022-06-28,0.8311830721282769,1.2020255540079507,1.2329514235192787,1.1235707662114423,0.5474500353194394,0.47700869535391893,0.5343101434639079,0.6228811977420097,0.5328284963444828,0.6738975649936169,0.8072173996840099,0.8671255414331179,0.8018673336351464,1.308705502645314,1.4118784492437473
2022-06-29,0.8294108561435111,1.2237488291452157,1.2261598225414332,1.1477488184710931,0.514150920735358,0.39567460247969555,0.5307988905204019,0.6193902126748667,0.5359542983721761,0.692603414171007,0.829806355787427,0.8883590652039024,0.8064092596904506,1.313950237522975,1.4141217334614764
2022-06-30,0.7882802142827725,1.3237349885839982,1.2726762076774396,1.1828525201329314,0.5414808928819178,0.3962675164108603,0.5465661078555439,0.6182508579032688,0.5425406807291052,0.6802015538544139,0.8617097445923385,0.9018304908361386,0.8204813861798103,1.3313193816866222,1.4874028861535087
2022-07-01,0.7830379435295397,1.3229511057510543,1.2762594864063952,1.1849300106626757,0.5460651548993015,0.4086862770797574,0.5539494528501939,0.6240529596595266,0.5477631066424411,0.6828869225108744,0.8635843832908762,0.9039128045972887,0.8209578524282402,1.3364379111330886,1.498506530413865
2022-07-04,0.7757224803334841,1.3181888096852568,1.2728501909812342,1.1689698091065701,0.5233202405788838,0.4336894209776646,0.5726613926184118,0.6407678535948812,0.5666185001244419,0.6840348359188,0.8463242304462724,0.9079363272734233,0.8425366525748066,1.3406689076493934,1.5126274852019777
2022-07-05,0.7751834376159193,1.3210059359023991,1.2669035747227402,1.1884776869705853,0.5107869881994604,0.44061061092713316,0.563512948897348,0.6437609576587527,0.5711849145686394,0.6933577635053673,0.8605944509823429,0.9219922800509451,0.8347602258998592,1.3420004419498968,1.5330134615818671
2022-07-06,0.7952177895839664,1.324970736692892,1.2617075913283633,1.206633529760838,0.4164876075501989,0.42774005765141415,0.5201462351346322,0.6557568660257279,0.619432210013375,0.6995650562198341,0.8213060789968488,0.9238029081535212,0.8500474827595117,1.3110997042015125,1.571904123876302
2022-07-07,0.8118301168882293,1.3074169475891406,1.2601076943165324,1.217312905873016,0.4477040642625581,0.44241300709382336,0.5220103847225183,0.6358349866449505,0.6022315097061363,0.7123628772238768,0.7918600755640359,0.9351500440111388,0.8283553133814993,1.3625108848988676,1.596866320951541
2022-07-08,0.8235368849718208,1.3083880699625254,1.247289146829067,1.2115784049750393,0.43207994337018496,0.4597179749996417,0.5136965603066431,0.6446657940331759,0.5980053325053414,0.7184472793716337,0.8029362533911643,0.9373050965198401,0.8227754720103915,1.336768045102305,1.5899591493224203
2022-07-11,0.8209483010463761,1.3074293458008621,1.247462493289399,1.2110235221119374,0.4444113731011733,0.4629303610056434,0.5178816677224002,0.6447778629935842,0.5971241858914127,0.7227720529429966,0.8022853367091878,0.9440974536648186,0.8179061613443513,1.3419550750148186,1.5916343544702902
2022-07-12,0.8209867345346152,1.2226299182340825,1.2137083764721113,1.1630891248722903,0.4873720811335396,0.57352594997065,0.5395731511669327,0.6979861520596679,0.6238343167432596,0.727824376261588,0.8167868036078312,0.8913419551199793,0.804831964459273,1.4167774088174034,1.6145884973131153
2022-07-13,0.7901580823096479,1.1868172689153078,1.2158072537782028,1.1417100218942295,0.5072569681159713,0.5547979519971545,0.4984280761595938,0.6574407236161321,0.5985244956311001,0.7245487497619262,0.800038425328873,0.9941995643130047,0.822183120875312,1.4251393260142977,1.5966800641387617
2022-07-14,0.7909230566551608,1.182000304985287,1.2139028935855318,1.1460425191528774,0.5191273068421639,0.5635548927281505,0.5218874273320506,0.6400323954232017,0.5953638330850107,0.7306883412225217,0.785534047050977,1.0150961175491882,0.8018242759622516,1.4537456986998945,1.621065818243195
2022-07-15,0.7743462666869372,1.170658770541636,1.2091323887409131,1.1617435660209001,0.5377432984341457,0.5583273225932456,0.5399188072995539,0.6801099717037291,0.5986520102738905,0.7007193933136721,0.7866614875644882,1.001221790013857,0.8453150174238907,1.4756859033464778,1.6092257172719637
2022-07-18,0.7965934367936593,1.2095923707297584,1.2587130636933832,1.2220560247298888,0.5952414762813701,0.5358385709204065,0.5399929506772714,0.6538793965900668,0.5481362944208991,0.6750248566435442,0.6969906487533848,0.9859195830292521,0.8794396170569593,1.4900186418177457,1.5531249612873057
2022-07-19,0.8042750527417797,1.2043024919391858,1.2652358810387077,1.2072353271097567,0.5668147399926963,0.5083111988400151,0.5075773923083742,0.6546581455614442,0.5226364117208833,0.6412954625039646,0.6747459381050117,0.9741122637339438,0.9059848284561788,1.4630948891817313,1.5263769570901298
2022-07-20,0.7931540785106183,1.2250238834424145,1.302443779483204,1.2679908625618632,0.656337774390267,0.5011256615394913,0.5050924415668462,0.6563430734919734,0.5011464715327459,0.5969240299281487,0.6688157875297179,1.0394317103140756,0.8670172290039545,1.472704600418122,1.45206327997084
2022-07-21,0.7851872226856287,1.220768584844858,1.298594670418287,1.2806306999450943,0.654821299364558,0.49669104743083603,0.49960121988221423,0.6561492967210095,0.49265429665430194,0.5888256036874892,0.6348785012505224,1.030506081319721,0.8781270496194434,1.5049371274091312,1.4614318566657514
2022-07-22,0.7876412873434806,1.1895113939495048,1.2951466214460252,1.2794126669547592,0.6574816819109015,0.4486814536929964,0.48875963978470877,0.6546434362663666,0.4955635790265857,0.574842353160235,0.6268796051317406,1.032566787817118,0.9007828512666539,1.5061840906841015,1.462764655811179
2022-07-25,0.816836923194364,1.186945638112475,1.2698897750059204,1.2839776405351055,0.6475992570324735,0.42389130847472645,0.48280916990087946,0.6599840121508017,0.4705219395637544,0.5909677664148251,0.6381854902800734,1.0093213017731628,0.8947525846984873,1.5064954299765936,1.4540918427564464
2022-07-26,0.8284537263216136,1.2106027955128051,1.2757301716540355,1.2849908714587028,0.647782874731632,0.4219576137972215,0.4789596555440375,0.6699670407853555,0.49065363412551655,0.5846759240527788,0.6626092204933127,1.0139807628777127,0.8772671552695455,1.506397753925678,1.428390272481651
2022-07-27,0.8724336497630313,1.2894872786798262,1.3466750368893066,1.3346445650223513,0.8194722339374799,0.46937130806074845,0.46060579434810145,0.6497746773881345,0.6313246128714842,0.5854464095205824,0.6206274395481428,0.8667335993523549,0.8349667872320464,1.5409520739683393,1.37510629751436
2022-07-28,0.9336547219161059,1.310933834657359,1.3527330430895814,1.3557470749147298,0.8239341526161751,0.46281962973187574,0.4307385651081606,0.6922353498167672,0.6097713069931244,0.5650316489367013,0.5799561161770839,0.8669541000591546,0.778387876578671,1.5912651366636021,1.400239669844837
2022-07-29,0.9012635312314683,1.3078758665337749,1.343512221955027,1.4535885681691865,0.9297572144063138,0.5107786756934205,0.46343503093852256,0.6402000720591472,0.6415315451335816,0.6770039626339096,0.49654758898135226,0.8141667883106226,0.7954532225489092,1.7480142799372436,1.357873879762127
2022-08-01,0.9231205416877767,1.3202649136450972,1.3536260644395564,1.4306379940150724,0.9588919128026102,0.5388480167223169,0.45948731108568963,0.5954798976902489,0.5994569006921667,0.6407226128862862,0.4917904213766087,0.812561855678703,0.8314857942006783,1.7256998708339528,1.3332186452453865
2022-08-02,0.9347967070566245,1.3175767847006856,1.3511759923575957,1.428379534691243,0.923319156068086,0.5236669190668239,0.4503012953870327,0.5953469877174373,0.6004253503916072,0.6249548060706268,0.49479525182854617,0.7989079764888148,0.8429951023884236,1.6869427696474033,1.3190132174985172
2022-08-03,0.9404885625739366,1.312087147038252,1.3499807540336335,1.4285155576825839,0.9480645775994327,0.5110072944619618,0.43587188271376587,0.5940614657612369,0.6025462389622522,0.6166571158909003,0.49045753020000116,0.7974759217313985,0.851916982507827,1.6945810767439666,1.339176411227135
2022-08-04,0.9235498593458655,1.3685211085010125,1.474453917973203,1.5155186529799816,0.9840123366578897,0.4678399106892451,0.42122335789149984,0.5649587178120242,0.59623319658263,0.637091355159435,0.5190739093043679,0.7544483750379457,0.838315464983533,1.6873878827332365,1.399635281324273
2022-08-05,0.9298097212746874,1.367470574319597,1.4706864869139256,1.5141844893277976,0.9768616462329027,0.45334158374468225,0.43076551788331696,0.5695402357454592,0.6078381671287274,0.6562022220229085,0.5245798960784683,0.7503846145349848,0.827483833526006,1.6810972575516543,1.3957946238721424
2022-08-08,0.9249141373066644,1.3657243707289453,1.4581624000571034,1.5111755299427316,0.9738547742083916,0.4620527771511843,0.438429495424188,0.558093719194713,0.591267365730567,0.6473174215190945,0.5375303463603829,0.7437044153935369,0.8233385501528945,1.6710940264123357,1.3864961111436325
2022-08-10,0.9576118638291546,1.4287644639215098,1.439620696020191,1.6224851145005081,0.8162647749035576,0.4528569082085513,0.3328870464184804,0.5994863337073455,0.5555340001747414,0.6838413328367389,0.5799903823470501,0.6909834766383762,0.8243223758530958,1.5292820190864516,1.4500185413219944
2022-08-11,0.9678597104090636,1.4284624218119188,1.448708173667933,1.6272176622402927,0.8100516921384866,0.4322149599659608,0.3165485712693335,0.5892305009234482,0.5523066463053873,0.684934311141408,0.57878533319306,0.6586028025641464,0.8072919035055424,1.5193718567494885,1.4399301819151762
2022-08-12,0.9292458955419376,1.345840602231697,1.3426282207604767,1.5850386322562162,0.843399807236069,0.4733041576006661,0.518056696979219,0.57866085887612,0.5295402337682458,0.6970734999235667,0.684032081643458,0.5944382564147651,0.7590261265951255,1.4864972665291876,1.5642061495237758
2022-08-16,0.9264531192418934,1.4431064328518703,1.4337948173350408,1.7146500086641938,0.8977124103659604,0.49042851191223397,0.522694994011417,0.41724654652039306,0.4253052913869124,0.6052427615030985,0.3423465398967835,0.6484375500623905,0.7512250983420243,1.4697674342452112,1.6331240329469179
2022-08-17,0.9356739842224892,1.4541411497548766,1.4625227650190222,1.7502481341122345,0.8565979511334533,0.5083431682653947,0.5047564332446488,0.42232441438076096,0.436886424886601,0.6187711820659532,0.351815270070216,0.6452872237392723,0.7740174127805102,1.335782165595872,1.6285545469480678
2022-08-18,0.9608146183523674,1.4424547362621718,1.4637489586656622,1.7091827509678463,0.8249973665612365,0.4794611914262423,0.4840621062374035,0.44317671680686915,0.4332999312117734,0.6062249838406434,0.38611554136557324,0.6152312349486008,0.7605153568810309,1.3217560910925183,1.6075717393333544
2022-08-19,1.00042447504469,1.3569049948000511,1.3952518148632445,1.6207601897897654,0.8463113464874631,0.5843251902927145,0.518293117409713,0.4609110738716185,0.46879098177895784,0.6316769424360085,0.37617416379954327,0.6379634842808358,0.773340198311323,1.3438016197500733,1.6191085243470147
2022-08-22,1.0326440971765207,1.3383624481255398,1.3972836248177014,1.6050204929603935,0.8753611311923817,0.5745110316852513,0.4811758696975936,0.41676792865717893,0.42249342026187503,0.6968936471663383,0.37320675069357784,0.6508994805447593,0.7545200444779065,1.3654689578190267,1.6038295299691838
2022-08-23,1.019977159021157,1.2958364826227418,1.354081522797662,1.5420277706163636,1.005165256208524,0.6432162191838021,0.4777629041518113,0.4338927661932653,0.4332121337759566,0.7064093997633172,0.3460344486149604,0.5644371803381732,0.8054194012780602,1.4242905790379843,1.6120596918748447
2022-08-24,1.1709143254662244,1.2164524169496234,1.3625276729098583,1.5072410050741774,1.066901009612894,0.6816144924106741,0.5212322975231085,0.4558805435099546,0.44515439729890627,0.8179714601353848,0.3849788064592382,0.5808476416783088,0.7835473119033609,1.5103481141694077,1.4691628458647465
2022-08-25,1.1349939027100162,1.2256795411354406,1.369452334602165,1.5238467578402402,1.1209152308852297,0.7355848783560971,0.5348753003365574,0.46358812884752787,0.47282734671695553,0.7860191778912918,0.3790971528990418,0.6192055983144608,0.7817252025746778,1.5227233295311595,1.4495411912840643
2022-08-26,1.153685005019802,1.2143888922377686,1.3639170183387288,1.5059829201131731,1.1171039676859935,0.7494108723411536,0.5391678446883147,0.43768078802801247,0.44776017165358994,0.7644278064396054,0.3686199532497547,0.5873480688585176,0.7727796414310624,1.5379323169171026,1.4306434107135595
2022-08-29,1.197432961213576,1.26464585916783,1.3873703281052019,1.5851366973135779,1.0660999016077493,0.753291197165078,0.514743697013188,0.40094365701448414,0.3778261333628887,0.7134492407330364,0.3590741228078311,0.6040467413315791,0.7869176363514516,1.5336502694429612,1.4530941178713386
2022-08-30,1.2242335010175793,1.2294502908559153,1.3516828454957988,1.5927488025844236,1.0394970315203762,0.7343093235067076,0.5433127297032841,0.4008552490832989,0.3704861001025933,0.7070527492551052,0.35919620107409744,0.5880100872449522,0.7241712563990341,1.4998756653256717,1.5082597884260383
2022-09-01,1.2054617744629623,1.2383209570280729,1.321982719495936,1.5925329882505352,1.077255967752088,0.761998550034112,0.5559034792550474,0.4128849159159093,0.37676254248172164,0.7401245767652065,0.36887893019792584,0.6054199579340491,0.6755707391829631,1.5012322970028167,1.415040893627199
2022-09-02,1.2143053008280014,1.2359573353251958,1.3302451960066755,1.6002457384247841,1.199333582681296,0.7977766118569785,0.5520210207123647,0.39110058337479003,0.32431305666600224,0.728972520854613,0.30654985664346807,0.5976219972924424,0.6924561962301405,1.5134090963966607,1.3914720234959685
2022-09-05,1.214818679679888,1.236339855006174,1.3312515821764377,1.6016315760020416,1.2154173798591466,0.810791567591162,0.544337729095161,0.367591658365017,0.30228319375683455,0.7435551906564675,0.3232214811778097,0.5896877154095111,0.6673213939513967,1.5377133384893387,1.3995153368367883
2022-09-06,1.215486116698204,1.2337643168030845,1.3259191488053523,1.5973136715424063,1.2076383794682728,0.8236377115723181,0.542032305153007,0.3740394495286974,0.3163124087523012,0.7328962195977493,0.29043567357271555,0.577107352831533,0.6432007669342267,1.5871686449320401,1.4171244359051531
2022-09-07,1.1527736057476852,1.221308512293329,1.3057600382261019,1.6123320762801037,1.2687732823939992,0.8750345793943273,0.5587682547081773,0.38750573463218374,0.33497901185009454,0.7178725527181221,0.33018510244231836,0.6373530890946091,0.6672581894082538,1.6136481597127048,1.4570655627617783
2022-09-08,1.1568329890885212,1.216777801714391,1.3510299171499924,1.599534061104958,1.2914423163478166,0.7384218627232045,0.514570462335707,0.4564816715742139,0.3729794008928603,0.7048860089945531,0.27158483849599585,0.648480997589135,0.7777675175493658,1.6333461358199661,1.3680073241488906
2022-09-09,1.1623088675077122,1.2333609625059427,1.3581968138163865,1.5826870965137063,1.2754865550003134,0.7578993037383833,0.5165044737658357,0.45780348423353384,0.38084850662109404,0.7014457292634997,0.28397712792202157,0.6639252275014104,0.7966178265477976,1.6439697905077275,1.3917957535744578
2022-09-12,1.1585609508736578,1.2333361986565068,1.3580921351507813,1.5879266472147298,1.2499705076958678,0.7316682122329008,0.5033213503942119,0.44704819158092396,0.3794145281463813,0.694701856892525,0.29187752967254044,0.6678551311964005,0.7979461868990189,1.675228999427099,1.3982705383314713
2022-09-13,1.0893225995184599,1.290788900007523,1.3028943026757005,1.5150860321235,1.1126549474454202,0.6077101697917111,0.49402615932209676,0.5247077676314992,0.4637278999791246,0.7252232023858748,0.2626457095015226,0.6408433506070562,0.6652542861474599,1.5203920318091395,1.3436666141414464
2022-09-14,1.0624282832744878,1.3545746642908156,1.2569917784141682,1.5458683485797038,1.0973686564231546,0.5282803582949672,0.5079553815559728,0.4967424638129068,0.43785467964000707,0.6911261157526081,0.21846369279329578,0.68327936063235,0.638826400213235,1.5122615131362334,1.3399345925440067
2022-09-15,1.0693320172191854,1.390057903933524,1.230019739387358,1.5821697742644005,1.0962252279647502,0.49452612489707803,0.5152197358364171,0.49858959264799896,0.4414079738851339,0.7017130051339446,0.23991702815358215,0.7138627749686388,0.6291559101087184,1.5474214590907247,1.3039849868304807
2022-09-16,1.0469284668710306,1.4250034552222286,1.2362881149792548,1.6783086036735193,0.9617081852481759,0.5000438947020195,0.4818979029097752,0.6535997970454789,0.4880518361588297,0.6586751193067913,0.22968620242823354,0.7781903890293502,0.5837472009367525,1.4632679495935372,1.3419699584265758
2022-09-19,1.0748078242520362,1.4940187744952154,1.1852107056452656,1.7039395657959582,0.8936122015239866,0.43645199700539594,0.43431190300038125,0.6558137711052239,0.47387182503257613,0.6606428919964125,0.24427006977536228,0.8019665773612359,0.5361441284469295,1.3032157653801268,1.259875200621221
2022-09-20,1.062864065491173,1.462609718707533,1.1599193542114123,1.7068606185998576,0.9327131710182774,0.4580745354271249,0.43094181215175975,0.6119507802416904,0.5018070428822949,0.7146687704840405,0.2913506936387168,0.8943564446701283,0.5097295639106494,1.3435961576385502,1.2354825760987953
2022-09-21,1.074952024358777,1.4862053464524243,1.1759845600264673,1.7196266644334672,0.9313634580197699,0.5077756903028786,0.41422041049988656,0.5860399071365222,0.41488544399795957,0.7341074128974578,0.3124982551959377,0.8898816886186453,0.5191196778050241,1.3547506108068865,1.2925824368646335
2022-09-22,1.1104437598461359,1.4549344185629902,1.159668972656586,1.6986411419869025,0.9090277205492838,0.49665929283513127,0.3815384147931429,0.5787253436174102,0.3967407383794074,0.7114115084514733,0.29414603524342475,0.9170222208882856,0.48724076039216385,1.3496126058320277,1.2859796623363953
2022-09-23,1.0953588308905275,1.3395880091508807,1.100115825187608,1.62121277158176,0.8376897967607618,0.5918222422347689,0.3516190674272345,0.5698625242665101,0.40418645777354617,0.5968635496490847,0.31419403887446,1.035527391295047,0.5274598060373199,1.224637882142808,1.3167920653434744
2022-09-26,1.0780572629262777,1.179547248600229,0.9940704613147501,1.5109983952845714,0.9641437669302853,0.7130293348422178,0.5091526807590311,0.5450395338413941,0.38072931255085285,0.6604645747215785,0.29721956553674306,1.0604311042004215,0.590830420183168,1.3199437600118893,1.422138721098735
2022-09-27,1.0907318948576632,1.1761739316153261,0.9853788443247734,1.5047525922305838,0.9530970211959158,0.7164575561638311,0.5053157409937458,0.5397635755559225,0.3866356301320908,0.6570861750042696,0.2960477948699513,1.0600927696106823,0.5859093420206888,1.3202005576289353,1.4144284703528476
2022-09-28,1.0824097604429999,1.1586526308210074,0.9764708957956378,1.469735603328318,0.8792257984576354,0.7100681071095049,0.5867532778145078,0.5240600582438906,0.3871506191206943,0.5978004097847689,0.24463166845406614,1.0398541093992242,0.5648889333765265,1.3546633095536496,1.4234328565873215
2022-09-29,1.0950427900754107,1.15134616002952,0.9892048733980898,1.4981858035414162,0.8893984559404852,0.70258094464779,0.5494490830933075,0.5109954731609161,0.3587314204974855,0.5911558326217909,0.235467543491599,1.016015197480915,0.5548817070874039,1.364957096116001,1.4192783483902287
2022-09-30,1.1315384541190434,1.1300346612762726,0.9504137157365663,1.4344563056756399,0.8571094037578385,0.6618620847595976,0.4990027735333443,0.5106442132202432,0.3160801157268487,0.619796560013645,0.21207180969669567,0.9620402068386765,0.6638018416101892,1.3754644451424698,1.3976017111753232
2022-10-03,1.1219682904990103,1.125438879893875,0.9198010098484137,1.4116742742134332,0.8368148740171777,0.6803402881707555,0.5468666470006854,0.48306433116662423,0.2680567205475703,0.6280883408213487,0.16095844199336312,0.9351592187145159,0.6277118766844981,1.3973792093330037,1.4032724277837931
2022-10-04,1.0917031418595564,1.1374043663402356,0.946542023431645,1.3779744051143192,0.7832601985626795,0.660750288117292,0.5906955140165784,0.5132016297259312,0.307601933330248,0.5553773726442465,0.1601472847176757,0.8829136925120653,0.6144769463579045,1.3289808799769325,1.3907630903888553
2022-10-06,1.091212215761615,1.1389180256772646,0.9564158982641692,1.3784354375788723,0.7949029966991454,0.6462163079818097,0.5946220716120899,0.5066361373713958,0.3017492788529284,0.5538289152029289,0.14665012984241788,0.8804921570319413,0.5976957591478238,1.3548323302277134,1.3957484294668918
2022-10-07,1.088906163284565,1.1322965799898261,0.9529859787676443,1.3759077272405755,0.7992494831904846,0.6448906304568333,0.5993318821416213,0.5070829985621046,0.2982560106258777,0.5531777136933013,0.15586467835401646,0.879837198102463,0.5825600748882792,1.3633906537876246,1.398061411586866
2022-10-10,1.0895704125904313,1.0954382829972966,0.9507251854384163,1.371758704507756,0.7942403922704406,0.6875351082759134,0.6103006473527194,0.4852524884114041,0.26241342310290544,0.5566657866369916,0.1502515043468768,0.902949641085317,0.5974806681940177,1.3609711326478195,1.4310341633467478
2022-10-11,1.0984557759948683,1.1356302322692071,0.9557873719881873,1.3810328172914168,0.8166252485997839,0.7281789539804133,0.6095672547945549,0.5769360883636392,0.3059993657588124,0.5548665419672337,0.21242457230643633,0.8957785652790249,0.5879084037894229,1.3962467431023615,1.4417343306239763
2022-10-12,1.1133611928610447,1.1259073115521578,0.9527618996049434,1.3752150492732662,0.8219824857621764,0.7490606853762357,0.610531237534205,0.594080101304038,0.322159030331828,0.5741111529615747,0.20883387456933428,0.8932687103128378,0.5684672507452511,1.3867863045238673,1.460190279148706
2022-10-13,1.1059413442847652,1.1286976513790243,1.0620600439847157,1.3787509981841377,0.8410883317295911,0.7430046322075768,0.6092561307951647,0.5667179214393371,0.29270811977955496,0.5596032911668792,0.20775221586599626,0.8912523279515996,0.5686860416666136,1.4194421369995693,1.4571283693560544
2022-10-14,1.0767728355682145,1.1108195736385116,1.005575993338008,1.330120543787199,0.7642377900880002,0.7598206215143494,0.623990779966302,0.6093900619637566,0.3486118195907057,0.5718143640840342,0.27425750734543813,0.9101113205586749,0.5328858997905909,1.3896591234677718,1.4680507253610788
2022-10-17,1.0883186038685,1.1183781612529449,0.9927067730612725,1.3258090582017734,0.7691456221221035,0.7738992746135716,0.6207964639742269,0.6118407234979046,0.33930893645871085,0.575885747382925,0.28143498525785493,0.8928959975679984,0.5208186875965948,1.3658139385759067,1.4519634544614155
2022-10-18,1.1002228805281835,1.0992530455769016,0.9853316803321611,1.2564713464793733,0.7177404852003262,0.7645337601233448,0.6407204862525098,0.6308372347430267,0.316274265729251,0.5913162419222404,0.2859262328056455,0.8842456697818818,0.5654679422913778,1.370816482564093,1.5022718838297602
2022-10-19,1.1155011625911306,1.0927758571933066,0.9837397502445453,1.2476697574720428,0.7161875075920249,0.7651815865478228,0.6424162558674859,0.6259375038781511,0.31181045887379477,0.592544261870028,0.30050983459725605,0.8809400975029433,0.560410937216678,1.3707344290356904,1.4996714631719716
2022-10-20,1.1051975651079975,1.1215133416266372,1.0000660109735686,1.2672910200071534,0.7307746786011045,0.7911912792765912,0.6478683342955207,0.6276607013509626,0.31103369970238753,0.5926798263389286,0.3043363972429948,0.8875470912741592,0.5691930908734875,1.3806683569490326,1.5132721305979246
2022-10-21,1.0917636882227741,1.1272479037048055,1.0191101879445772,1.263121314441144,0.7121979325405104,0.8035314648328262,0.6522162227874286,0.6165350096118457,0.3177482389179871,0.586699682658429,0.2955040414734486,0.9098103203886981,0.5691465224110942,1.4190929624050168,1.5144718781173698
2022-10-24,1.0562897869904369,1.0865054613908425,0.9954654315579954,1.2473902910299257,0.7053165719874935,0.8176110526438114,0.6660548836232949,0.6315549867945005,0.2836182967532028,0.5957757076141227,0.26157812071810227,0.8847872598217628,0.5877421835007482,1.4188392258877076,1.5406940521164363
2022-10-25,1.0998529279492477,1.0702677777111174,0.9958753629970563,1.214813928292173,0.7236890589098262,0.8189768251478083,0.6724348138408615,0.6665076541459163,0.2864538489257336,0.5538829712708669,0.22333618010051265,0.8906438102349143,0.62056505763433,1.416755187993892,1.5204411702259792
2022-10-27,1.0283011240986488,1.0311093833565386,0.9658172195555572,1.1774394959551615,0.7262510839573821,0.857299462148845,0.717507562867675,0.5996585166670146,0.29521355868556864,0.597576483617665,0.2633864224359465,0.8921118350192964,0.7102723063787783,1.3640725538460061,1.5077553296855837
2022-10-28,1.0920001473341585,1.0068582268452817,0.9468131206766078,1.1792053415332278,0.6800446850041855,0.8541426729118816,0.7485588087118986,0.5907307609218566,0.28560094681264786,0.4728556948043195,0.3733558796373521,0.9227305657463635,0.6974674597013643,1.2123217859541269,1.5311536999527706
2022-10-31,1.0548112473280842,1.0344464471675598,0.9347705134182084,1.1994771807194067,0.6175950926515407,0.7866905519969425,0.7319128893969813,0.6193157171090093,0.29876364446116715,0.5839645770898969,0.3456878748385889,0.8525490562325888,0.677099459099072,1.1886312233395293,1.5314365898275875
2022-11-01,1.0513481766492967,1.054615725412966,0.9486918925338015,1.196155940892708,0.6217459985896236,0.8440001523329473,0.726258567718711,0.6278366175838743,0.3023518022479455,0.6013424003727609,0.37001961470163264,0.8427338421842817,0.6713972459639355,1.1740038182488597,1.5304403751481315
2022-11-02,1.0545452924310152,1.0574449144261728,0.9389273114077242,1.1784617610726944,0.6151793530283595,0.8482061070429262,0.7166281860098167,0.6369781334236454,0.31695048007421567,0.5977571071934341,0.3664738018071372,0.8657127907526604,0.695138482288922,1.169175292685565,1.5403988559735147
2022-11-03,1.054448929264024,1.0675702479911866,0.9455496195786407,1.190596674103698,0.6158573576812867,0.8489759371536086,0.7187369877768455,0.6409078246970866,0.31320022337953424,0.6061576167902722,0.3657146270019682,0.8678401224746262,0.6905730252604569,1.165780495632863,1.5372387853819847
2022-11-04,1.0523680926160948,1.0596170149749067,0.9475593365198236,1.1889809997652563,0.6204578379850039,0.8421896991239626,0.7160674571022508,0.6394668496302135,0.3209440775595779,0.6017908680419883,0.3562647174148943,0.8623985200354617,0.6859859640489789,1.1794491404138752,1.5379485129041575
2022-11-07,1.0436314833091045,1.059335998185252,0.9660729945470699,1.197394572390814,0.6282445290217402,0.8111841805736191,0.7112103533974339,0.6630652140382283,0.4133283113883414,0.6053176448568404,0.3310328751538105,0.8514685133969472,0.6959019491684384,1.202439626787178,1.5596040011035814
2022-11-09,1.0381879081061036,1.0550401975253216,0.9638440017742954,1.1991349833777196,0.626738371103464,0.8193687265804823,0.6984351074333169,0.6671888496011396,0.4085917236595183,0.6144469005993917,0.32429420381027774,0.8504260645121933,0.699104003523105,1.203861119456779,1.5584669932300972
2022-11-10,1.0038246645445443,1.0448523199091782,0.9393870046451591,1.1792214316453846,0.6251469144703846,0.8510241245943397,0.743451901311137,0.6834266670341144,0.4309719557729213,0.6198395643096981,0.31727946622958536,0.8977558433064124,0.701654227864251,1.220088565688642,1.565397177693384
2022-11-11,0.9271486260156828,1.1390789929821719,0.9830856011871003,1.2358679140266282,0.5865024136802046,0.7772883002643438,0.6960762468351616,0.6694022738635241,0.3715883155444886,0.5924550354718285,0.28934354656206435,0.9579926637485932,0.660040594812471,1.2316756014832466,1.5526291377340968
2022-11-14,0.9278600284340276,1.1430612457751999,0.9880166623343355,1.2300956658647582,0.5878344534629725,0.7834328388447912,0.7049359950129369,0.6707094283492694,0.3666937754054279,0.5972692567934581,0.294223287691873,0.9463432903693645,0.6807769922436714,1.2329620231532485,1.541210319003504
2022-11-15,0.933244376753118,1.1451889380659261,0.9771963052291025,1.208206460407429,0.6082923441659147,0.7706420534402761,0.6980111093274558,0.6707505686945618,0.3705249826730383,0.5926214373626667,0.30167331574085127,0.9711725586760153,0.6651215600756979,1.2428527357418855,1.5438518090767213
2022-11-16,0.9311981362658833,1.145689524654533,0.9777834187665367,1.2081831155509453,0.6085212547833063,0.7711720674666858,0.6977888832215337,0.6711109383994744,0.37083330634864325,0.5928648967838921,0.30234597056017176,0.9721789921791943,0.6645338337312865,1.2432289554424976,1.5432107762368683
2022-11-17,0.9252211018877584,1.1980451304273998,0.9912800424478313,1.239554055835764,0.6034605089122357,0.7524651236075461,0.6864132844936972,0.6761690592092706,0.359123048122337,0.5773767014254704,0.3070977132633797,0.9381064510369033,0.6685776299515286,1.2279121102977648,1.4851282452020054
2022-11-18,0.889255871161106,1.2106392574534306,0.9551434941554966,1.2256561606086307,0.5714511399976102,0.7686797228396074,0.7440580869032359,0.7109808295131801,0.3856925463881761,0.5285439369662083,0.3082133743756258,0.8954738243580649,0.6798205548370455,1.1457635185454271,1.4809186474867801
2022-11-21,0.884347521180582,1.243373233598564,0.9711423816289182,1.2516829303647063,0.5502651212247616,0.7656294823570273,0.7543799091747075,0.7105342379849225,0.3799037449687409,0.5317106132044701,0.3221711291043562,0.8716664857534531,0.6377561659528996,1.132262007709939,1.4845332291139657
2022-11-22,0.8782036002866411,1.2483292716250873,0.9693660391521272,1.2530900747377596,0.5433762586494189,0.7731607247493888,0.7595826286411068,0.7018454537587966,0.38571672019759734,0.5358318680546118,0.32346606482633905,0.8709474529923974,0.6306835959617614,1.1380679923148083,1.469282897959538
2022-11-23,0.8837404816319906,1.2407319869567563,0.9736090844425885,1.2590431972595904,0.5508741701888745,0.7645431833538142,0.7560651543548752,0.6975071730538411,0.38148063654561004,0.5323451184745949,0.3306671766011844,0.8669798695290082,0.6341966952181936,1.1418292006123616,1.4901688023355266
2022-11-24,0.8481082647712693,1.2720222763908526,1.0036440001318994,1.277846404934946,0.5821519646905943,0.7565327668837584,0.7410736947446078,0.699321415372764,0.38644276269710737,0.5508370603521475,0.32631105136857785,0.9378051649486081,0.6311136083218454,1.1136946534471264,1.4546765824380237
2022-11-25,0.8005887473035711,1.2049042084402593,0.9574426712980906,1.1947297199309992,0.5886330186230027,0.7428884996794162,0.7766176765403351,0.7481522332798115,0.44491599882937666,0.5640908829963999,0.32921535287107995,0.9994034055189419,0.6085922260899549,1.09405028813744,1.4382136463796815
2022-11-28,0.7131732720970364,1.2607848942604603,0.9649440015435408,1.142230456331451,0.5619100020964092,0.7456103106242575,0.7658755895385447,0.7789423254668153,0.45999851767290945,0.5684823586237027,0.3309905648576509,1.0492887855708553,0.6567049975909969,1.0550582773159103,1.3329470567447443
2022-11-29,0.7196633245729511,1.2455686370770946,0.9801774278084575,1.1167481975939746,0.4932002338874792,0.7080579424246525,0.7670919159002239,0.7864485606478856,0.4538529317091585,0.513276353644211,0.3150735495024738,1.0515887503301118,0.7104640064442386,1.0485105647614394,1.4501181173682438
2022-11-30,0.7320550851381603,1.2328941046518653,0.9754790812217338,1.1092533315952207,0.4901705447183936,0.7199455586851956,0.7526885652734104,0.7799837173588141,0.4711205038058534,0.49615704147268735,0.32079696960868276,1.0432069833945727,0.7231037480565062,1.0579361039829425,1.473056716700083
2022-12-01,0.7208624420015225,1.2427990241368876,0.9987494296904321,1.116892247767412,0.48571130509273697,0.7023905905575398,0.7331998299567011,0.806976981218084,0.49841239622181205,0.478115887657544,0.3148838672482701,1.0682238838807319,0.7206790462612622,1.0600002999217388,1.499799585138826
2022-12-02,0.7112099226845343,1.2495609797538982,0.9919375082200776,1.0839618174830412,0.468244620775659,0.7047075704657514,0.7355117911930564,0.8197874321825716,0.4790014570071075,0.4881702112596782,0.3010272461251003,1.0355556671719874,0.7257308457298818,1.0350770801606322,1.4924857502983677
2022-12-05,0.7090197177664093,1.2515471907646156,0.9983852509195201,1.0827499768689892,0.4664383601709761,0.6979845300537759,0.7345618933793067,0.8256029545492167,0.49021099956967107,0.4922966525242194,0.3038359677373143,1.0340291037664981,0.7198922979477453,1.0241719923969952,1.498771888203152
2022-12-06,0.6975165565799291,1.2662296879675068,0.9882847150311725,1.0421717507951562,0.500250847967139,0.7178921034504754,0.7207330761047868,0.8392902982644543,0.5004522237420099,0.5121168073177789,0.32232991215115325,1.0340675295205382,0.7006332545377856,1.1040834273557498,1.5435570194697636
2022-12-07,0.7091588224540593,1.2596602407486621,0.994294974995474,1.0384174900469059,0.5112451504564393,0.738833830941938,0.706259527708304,0.8366248778458922,0.5128057522366627,0.5330644913760456,0.32582726646345744,1.0425988112804134,0.6991205287806085,1.1187415319581764,1.55324352287892
2022-12-08,0.7108045252765206,1.2516434891818988,0.9818669069831694,1.0161602895071498,0.5221267005817458,0.7405720640188853,0.706572940005022,0.8446804580628371,0.5181564973104688,0.5234523649524463,0.3256010426653404,1.0408179231881138,0.6976971401020216,1.1042294587590082,1.557901958361305
2022-12-09,0.7189477862739178,1.2964925755299077,1.0157501801584832,1.0755873495550263,0.5518188472779759,0.7405636655600568,0.6768345436768634,0.8052891985599638,0.4732038301489449,0.5057022852824886,0.3123394170076761,1.0483412430030372,0.665197994837439,1.1275677499215495,1.5207503821277224
2022-12-12,0.7398772173933195,1.2573188926627148,1.0050280939900804,1.052643935772196,0.5459320537029082,0.7736158371444821,0.681514777486133,0.8085768059181309,0.46919665105851244,0.4993982930737099,0.3026640960794577,1.0364232617195273,0.6666213235557805,1.1435731676102843,1.5231236848447638
2022-12-13,0.7293814490697846,1.2289862875182902,1.0133068917785184,1.0262086842259353,0.5530563235349856,0.8123560614032203,0.6868636431894639,0.7938626146367949,0.4485988668903573,0.48605297886185,0.28306947644542246,0.9855668648502961,0.6874646516250924,1.1068790432111548,1.544071517463667
2022-12-14,0.8034759815668552,1.139576525475334,0.9522365441635012,0.8937116013914936,0.5542854722704535,0.8388965281389971,0.7122012799706041,0.6889725249723239,0.3556199664855529,0.48932041389726605,0.1896878394079596,1.0054267332192464,0.7130260001674233,1.1651298182216199,1.4282906352806042
2022-12-15,0.7837122540403357,1.1765787840444373,0.9509208426133249,0.992939746096812,0.551963999509838,0.801175933429775,0.7362203149089108,0.7005267263945009,0.32411657762908747,0.46206960183901213,0.21150218440448895,0.9765005587024492,0.69286177089391,1.2123610848393371,1.4442256791835948
2022-12-16,0.8003873220312061,1.226938544202041,0.9687614516921391,0.9626360537764864,0.5192289330564319,0.8243503620701205,0.7652253363622838,0.7338649255742373,0.310986793176412,0.3793629671205361,0.2205855912812298,0.8679496418149638,0.6804618422135678,1.1559064226878517,1.4456989306014816
2022-12-19,0.7998450296094449,1.1806460636987053,0.9448635139897494,0.9750533261024572,0.4602462258115992,0.8122988589206347,0.8161707400468241,0.7626861787619257,0.38414198099045804,0.34861942053084216,0.23354806802432124,0.8979242598632714,0.6921306241627947,1.1384917217114539,1.401116072395143
2022-12-20,0.7895641990229636,1.177029281717891,0.9412349456894178,0.9709846533780958,0.43509322982507553,0.8261519750419337,0.8404038470841226,0.7638953919599232,0.41089094843908014,0.3539362855268541,0.24915718293512634,0.9072624379521602,0.7126734440658715,1.1381765439959284,1.4262861914260483
2022-12-21,0.8089165030227241,1.2258119495971425,0.9452677803625157,0.9382723219292595,0.5007606354801049,0.7654417012959535,0.9521410157782172,0.7388985652676654,0.451146732306066,0.3898310442136365,0.1837662088399299,0.6398434095107596,0.7245066273617873,1.2758289795286086,1.434130416723189
2022-12-22,0.7781292292690328,1.3925825338625795,1.0516272281498353,1.0356954688635558,0.32079330051039673,0.6704822142904826,0.8320630257246687,0.7939460927565166,0.48127934445891235,0.28663881850523487,0.20202437399735096,0.5156092317638697,0.6664922321827822,1.1785065738590295,1.307097976527203
2022-12-23,0.7097734888731236,1.3562741464644021,1.099791257795213,1.0349779168183744,0.39654020192773626,0.70071268758745,0.8438813835787032,0.7747714983926706,0.5203777263348678,0.3132664638870517,0.23757684427752077,0.5594579205400826,0.6619457444631639,1.3208039870682469,1.4690229020680807
2022-12-26,0.6808899338982188,1.3529364709966802,1.1175862389889526,1.0638673851479425,0.36803815516801086,0.723162108756886,0.8308029700766171,0.7531491583802284,0.5548961900384389,0.3591960869077746,0.24866302980138588,0.5528431051698374,0.6635897314114263,1.3181135120951486,1.5544480706455428
2022-12-27,0.6678844434215213,1.3583051431657511,1.1242200038724743,1.0497309321897472,0.4278104320151658,0.7243187325422523,0.84489444015009,0.745992947415263,0.5481010762102431,0.36832040876843664,0.2698889046023456,0.5631230940837005,0.6690365858030697,1.4098377843800922,1.5524023665253006
2022-12-28,0.5784392477622443,1.4115430600439318,1.1810940215216938,1.1128746264378189,0.4695548469606024,0.7717767890259912,0.9119254249587339,0.7596390376441025,0.6189332562930663,0.31483493817066205,0.3119379992642012,0.6200779112077168,0.5182221953206118,1.4077106928969745,1.582941790146338
2022-12-29,0.5278035212159412,1.4242929407118745,1.2514834096764416,1.1529456309025439,0.6645859299889803,0.8303795201707983,0.8640034942877448,0.7611352434525813,0.5538759002270409,0.31330626497478814,0.41021154607318877,0.6200110734659698,0.5783231611413442,1.4443963820615622,1.5614693978113432
2022-12-30,0.43687414830460775,1.4776989113276324,1.2199438709558268,1.1562721191024992,0.6754215989550421,0.8648255641306842,0.8243509562117725,0.802992583239673,0.5818616618974701,0.37084449991300816,0.4906692618271236,0.6749900538249485,0.6567297065618207,1.4560913887585076,1.5594082419977457
2023-01-02,0.43478200759683416,1.4706022369740142,1.206090946355795,1.1384638236183993,0.7172882633180003,0.8730018515975982,0.8167044316768584,0.7936747829988311,0.5844336031833773,0.3532794996087507,0.49136641870377235,0.6668577274114257,0.6897170253235275,1.5160354057049927,1.5526992407111326
2023-01-03,0.4389861702964809,1.4685516711611823,1.2081493971437596,1.1397931728922794,0.7195841884765817,0.877921658149671,0.8105289166101246,0.797762415703525,0.5814097217922648,0.3581093262359237,0.4894698914160106,0.6706077695724258,0.6953350627156787,1.510560782468824,1.555943922761388
2023-01-04,0.43322229725027317,1.5037588094966512,1.2502728987089713,1.1238297254521088,0.7747308792258122,0.8678121502910979,0.7976438672797594,0.7936838094635409,0.5773883772619042,0.350399057851788,0.45933169120664574,0.6766991836350473,0.698172629478733,1.5494387494524997,1.5740236104863
2023-01-05,0.4043006560975186,1.4943904202943776,1.2747185336048141,1.0926085525637603,0.7339035379900238,0.8097876870778444,0.811916665992603,0.6352383435978924,0.48427853240275476,0.35133221739634407,0.3554139432584956,0.6466921371391917,0.6756146323503115,1.5029659319280908,1.5820700501117104
2023-01-06,0.424786439603446,1.536892125093417,1.278358014468862,1.135200051215376,0.7234328827068016,0.7590157250094771,0.7635100307938681,0.5815859615677821,0.4384304132068601,0.3472715319628158,0.3994802013160873,0.6683271408159934,0.7341745673937458,1.5287401578917776,1.5380890122819892
2023-01-09,0.45955760237447607,1.5687166144604587,1.1633459397773906,1.2161952747854907,0.6698434808327939,0.7595111730005478,0.7604280391260748,0.6014021959868125,0.4241535522203276,0.3988105793653646,0.45616823861759415,0.6467988648500532,0.8107144963966216,1.513832116440844,1.4970819264115205
2023-01-10,0.42960721431644155,1.4658335169835894,1.1539466108833132,1.227365664220457,0.7076447883343173,0.8018342620143327,0.7719777424995451,0.5850656901013682,0.45890589544186877,0.3914933730236394,0.4494204695711797,0.5662433350741917,0.9453160330953669,1.4692881972449798,1.5240287002411532
2023-01-11,0.40135923056912853,1.4621683275141721,1.1863034253489546,1.235922442667969,0.7346795465575571,0.7724833156539705,0.7855412437645614,0.6056919040446657,0.48601905694786945,0.38101358424344667,0.446029134727786,0.5941208846913026,0.9809554471123892,1.5135776642767482,1.545882962078125
2023-01-12,0.42026685676443626,1.4700466160515615,1.1862687715123093,1.2935502034505852,0.75113799024832,0.8287579737515772,0.7291295371295513,0.5350191015754213,0.5253226403311717,0.3987014197617455,0.43120512884994217,0.5521558471663748,0.9424591191127109,1.5418489584510997,1.5289575628550172
2023-01-13,0.4163950796885886,1.4898710847048664,1.1728217168909811,1.284650388723215,0.7525396797488186,0.8482254100825812,0.7105094871186931,0.5143979337612806,0.5328067763627298,0.3919602435345653,0.4349793673193206,0.534821559099472,0.9525551686690696,1.5625687596799858,1.5201919558276937
2023-01-16,0.4128711973768109,1.4567856499888865,1.146060648853208,1.2174565049595585,0.7383204339107463,0.8450836525110215,0.6912664817409879,0.5011944821617867,0.5398272922443239,0.3845736701154764,0.42501748098537373,0.5603600493271799,0.9466972937878679,1.5631968588080198,1.52073624342225
2023-01-17,0.424039929030212,1.4456756262496175,1.0978265429197622,1.2192018067115444,0.714646498545539,0.8560661249691669,0.6958310905810448,0.5195376638454872,0.5557990077969975,0.36439517179978315,0.43232332595804374,0.5643938826774338,0.9497826615754628,1.5005637322886847,1.4958334652230003
2023-01-18,0.4412109289665349,1.4384567224689542,1.1317436150308156,1.2199543808831337,0.7177244748905763,0.8546612937254013,0.7011010357568863,0.42770771446795247,0.580359553075275,0.3563729249093505,0.4117586735571445,0.5653458123917637,0.9735257601170588,1.546949818815176,1.5212247713813147
2023-01-19,0.42248527653074447,1.4574023834601173,1.1340270945967879,1.2721342285141608,0.6713224781276276,0.8869157137552145,0.7064428990162134,0.39118336115276253,0.5524273770218432,0.36425415393629024,0.4473250310722361,0.571299932697629,0.9846983599435114,1.5387570309857581,1.528946007895369
2023-01-20,0.4083531426449524,1.4562270179100645,1.143600995944433,1.2898408097962062,0.6702302267708565,0.8734312609862196,0.6926676706092207,0.44200780328175054,0.5637830618146514,0.35185284274374995,0.4212382378988835,0.5727500196555557,0.9692650710901588,1.5098570630023505,1.4976681011468265
2023-01-23,0.41748136840094185,1.4787322381851322,1.1509538345315273,1.3348342010062757,0.6593681480985665,0.8323999639003319,0.7049189956374144,0.4480552641172504,0.5606787004453929,0.3994400969151547,0.4204120564668332,0.5625101795512547,0.9829330134580365,1.5079147776331434,1.488057271016864
2023-01-24,0.39379906089298117,1.490916788231913,1.1824937872412047,1.3504772420235487,0.7002592699813054,0.9042326130363743,0.7045529875531313,0.42418535361043774,0.6183718036088635,0.2991827909161656,0.472049049617389,0.6436169146456289,0.9482152834706001,1.614656781574234,1.5620254753518994
2023-01-25,0.386427639026438,1.4005319271756766,1.1600544878079209,1.3668802043522321,0.6649302923894274,0.7316270139618201,0.6655810356764874,0.38454743476672565,0.607597560423196,0.24055569125192203,0.4413784032493318,0.7028594165824927,0.8891784915511428,1.5651439084783294,1.6272406324942679
2023-01-27,0.45999178697420867,1.3559602961612263,1.1190879352522392,1.3735350521912177,0.7989447175952937,0.6494750702397547,0.520995425780085,0.34442700377193236,0.5619403289926722,0.21985645220532585,0.2642981361912862,0.5890762336107345,0.7955625578588693,1.4690180417204213,1.4206127164994915
2023-01-30,0.4665728831599011,1.3593317488188412,1.120224300171482,1.3647337784730151,0.7758787458229944,0.6578806154414643,0.5157804611960217,0.3432042888068429,0.5660660826623707,0.22391846615656316,0.2714844975495603,0.5880508230049966,0.7940985639682213,1.4493451363827339,1.4109753573506902
2023-01-31,0.4685385280501071,1.3793638414686162,1.1159562198784378,1.3625474452491124,0.767224290284866,0.6744769238059372,0.5267209271314576,0.34078932992517696,0.5457962870558787,0.2243363473388062,0.2903501346554589,0.6018932834245955,0.8007343787292414,1.426001237825864,1.4108383284630925
2023-02-01,0.4790061323017009,1.390290157124859,1.1149388482323845,1.3664854158146265,0.7714140044046967,0.6940925114931277,0.5131452328900948,0.33307858074617674,0.3901885953985693,0.25898012742228443,0.30197052085338544,0.6040857905377236,0.7919429588892285,1.3958463885655417,1.3840511248784624
2023-02-02,0.4850157185470937,1.3945550029586407,1.1159706228660917,1.3635365618185504,0.7715307018582016,0.6848981336404512,0.5299782072953447,0.3286150554175503,0.39837538382467425,0.24918300839124877,0.31051688595403476,0.604339068723999,0.7913184980155779,1.3912219158279446,1.3869718303062888
2023-02-03,0.5383657886527088,1.3501993248497575,1.0258686452669084,1.2561749298937848,0.7695058707736325,0.7183175176566704,0.4928948826296168,0.31567631557895925,0.4010588676796117,0.32258390606952436,0.293889932220727,0.559444086788857,0.8634150527892629,1.2926169941418215,1.2840482294522688
2023-02-06,0.663127154341431,1.2400215138398638,0.9766760913223632,1.16179534705129,0.8464925071188202,0.816005544554239,0.5388021433640884,0.29329306116768666,0.5193442205121845,0.34950457524304046,0.3386368999904251,0.3864497651107801,0.9518159269471026,1.3153735366728627,1.2530144138611234
2023-02-07,0.6533542214849705,1.2438265064968554,0.9809615745869408,1.163337546277703,0.8389074307384609,0.818282152131816,0.5513009709512744,0.2913691596668661,0.5227183060626424,0.3610547695558325,0.3158297777866489,0.39302151451687206,0.9519873623826987,1.351289395426871,1.247536357875915
2023-02-08,0.6327643067708879,1.2656181344576098,1.0064311631399956,1.164856004718044,0.7676005136404482,0.800093505289396,0.5659239494722497,0.29018631706575126,0.48689205517170203,0.39915253895712427,0.31681013808877756,0.421724479470798,0.8644535012315879,1.3242300643745801,1.2562486139930478
2023-02-09,0.6267396635318225,1.2728318355001145,1.0069722261465062,1.1670977659345028,0.7749411748036318,0.8047483667410085,0.5639451611931277,0.28981432885334646,0.491892124580126,0.39453814640121687,0.3135066303474503,0.42931077085759556,0.8558388878336374,1.3270732265129574,1.252903638697098
2023-02-10,0.6202305842703709,1.2683200504599819,1.0085982746197426,1.1610679894014768,0.7765717157523709,0.7994814216765516,0.5677577553513673,0.28443762045252,0.4922161395054654,0.3899164299159816,0.29801075450094294,0.40755783478052987,0.8612845027498179,1.3353433788638238,1.2538322898436514
2023-02-13,0.6160524323198399,1.3017599763009433,1.0187144686816962,1.1769374817246119,0.7531643515495737,0.7613773331756507,0.5502224716775187,0.28006452825239125,0.5001686427330113,0.3728516314669584,0.28678097872195557,0.42485314638044613,0.8559407756207977,1.3272406204554574,1.2566798824451928
2023-02-14,0.5924356402537311,1.2999954809297865,1.0067710974647741,1.1545156045293996,0.7523076767734604,0.6929064300451538,0.6082701680263475,0.26880124130427485,0.5018682922815603,0.3241171331251007,0.25435092888328553,0.36864324223914313,0.9284188586023385,1.2934261949928039,1.1821436629034934
2023-02-15,0.610642865381279,1.2854939079134275,1.0153116658805634,1.2418969873228975,0.743890952943165,0.6630732152173202,0.6017163000509917,0.2972177828295525,0.4820611618715242,0.29301117548005456,0.24230392139167206,0.43750213632792295,0.9576720511681168,1.2940363415407674,1.2327289569521616
2023-02-16,0.6077623203857979,1.2876254807501368,1.0183203518586441,1.2698652642505406,0.7647836728306915,0.6645134220561328,0.6029979532675493,0.3070436966706562,0.48090985799172425,0.2891924070526075,0.2373624365813073,0.43789917939218514,0.9597773014875882,1.299992703062778,1.2449734023745722
2023-02-17,0.6727559329146473,1.2354651459585622,0.9765078122548613,1.2305467617194557,0.710039662506803,0.6524372779264846,0.6285519220987683,0.33435414000160113,0.48838373696692944,0.24260930825040336,0.2461047814863552,0.2666017892142317,0.9858673862818937,1.3607284482092805,1.3228645899831764
2023-02-20,0.6922266509187645,1.2127545402005337,0.9582613189848028,1.192633556680516,0.723694820049771,0.6488661604251987,0.6277396446021313,0.35694347363439455,0.5207194998078836,0.24022346142452844,0.2585847584067765,0.2686972467110762,0.9709198009736612,1.3470035269319318,1.3012478044655522
2023-02-21,0.6933458205480644,1.2270662421596819,0.9551798509509812,1.2031395542224956,0.7375606000621487,0.6431478608109229,0.6348257749996882,0.33976088395502757,0.5143613323028265,0.24090745549319847,0.26402156181939573,0.289021486858782,0.9864302021289476,1.3676310291537994,1.3113532248794018
2023-02-22,0.7212869371917399,1.1935637216561217,0.9848091212334236,1.1707420679702916,0.7092960229794252,0.6839668381640984,0.578389101393221,0.33682814501723585,0.4852572729274543,0.2155679034131598,0.2436793888443029,0.3231258130309424,0.9598285530762202,1.3567621944760049,1.3445018865514338
2023-02-23,0.6970142297389147,1.2132674324072232,0.9964775614809693,1.1946674325095652,0.7110921319033143,0.669113227008976,0.6159496535366187,0.33236944356590004,0.4498616723507083,0.22577927281453972,0.2303107385290494,0.32360016991844753,0.9386219991236769,1.3462436585664517,1.3020477181017398
2023-02-24,0.7084567772850423,1.198587555108944,0.9776883828703303,1.1742598955751176,0.7144528523529725,0.6689418035690656,0.6287866032742359,0.3402111712864175,0.44114510001787016,0.22537343766742596,0.23087664510646486,0.3056035113116108,0.9439796899133467,1.3235494742922358,1.2638947957349427
2023-02-27,0.6930795027395321,1.2136651083382828,0.9860117772426956,1.206182595367929,0.7257611222588654,0.6633339857588608,0.6261363588722464,0.32022433532960837,0.4687598008728874,0.22251252086757514,0.26243895470873824,0.35014318989645477,0.9564053355641032,1.3853210074106321,1.2528629865503846
2023-02-28,0.6819639038840261,1.2244291757937062,0.9913975966429609,1.2245400977275687,0.7431590536626049,0.666716045139607,0.647631724607999,0.3136678115687971,0.447771165952752,0.23146574238190648,0.2957608150189979,0.3674782889740034,0.9702109381630957,1.3864998183574961,1.2277031894794392
2023-03-01,0.696639969986625,1.2007020227777143,0.9960123079023881,1.2581259275735277,0.76697727874683,0.6796777322629061,0.6376564368591693,0.33196645513824613,0.3774422718414201,0.23441675861601574,0.2934762098474262,0.37157089273286276,0.9747663220173504,1.3818144779698116,1.2332676764728534
2023-03-02,0.7026147384741388,1.2164019467066114,0.9878258874282354,1.2676989066029156,0.7578646322684804,0.6700519737536916,0.6602694903888111,0.3608585228132271,0.35927211123286007,0.2013679139556753,0.2651750657598268,0.3584282363859766,0.9927441763516139,1.3675708407831277,1.205599024003367
2023-03-03,0.7467525686493123,1.1373946545351785,0.9482456947892837,1.0527296223964577,0.6790189978492996,0.6768445628255074,0.7310008461829394,0.33315596816831666,0.349900246168845,0.23545286276206037,0.2990051817384101,0.34575861727737084,1.0881187671327952,1.3670969984496382,1.196258285025713
2023-03-06,0.7377217497670541,1.1246508986152584,0.9219605683074218,0.9938680576309806,0.7010065119429681,0.7144829319747646,0.7480771670745674,0.3783528554926977,0.3056561938822497,0.24991178906255365,0.3146785444001541,0.3463364496000354,1.094969812901709,1.3091916316588637,1.1798654701649836
2023-03-08,0.7332693929416558,1.1157896151074633,0.9154377737476496,0.9810178651651974,0.6951391113165616,0.7231759106553948,0.7533094043082388,0.3760148713735325,0.3082393568530434,0.24310972453224186,0.3088491429878231,0.3339899930545536,1.094474863703742,1.3111305431636895,1.185918150826292
2023-03-09,0.7532143767777618,1.091912907396668,0.9165783957056995,0.9924721895653571,0.7020450768313136,0.7119897632554106,0.7760968345815722,0.3731656216139408,0.33501472030423096,0.2369750050942241,0.3291558713757729,0.3292726517450194,1.033754326425993,1.2672050586973316,1.2224003316464505
2023-03-10,0.7569215234612542,1.0772979826123212,0.8977273433001118,0.9498570804638039,0.6776385014796645,0.6681642208486304,0.7666956797457527,0.3854784343247982,0.31934090426107153,0.2158632327895366,0.30102325046427886,0.3826284361510491,1.0197177361352108,1.2244886219338813,1.22361810644434
2023-03-13,0.7873644464745435,1.0757900788677361,0.8812315607711426,0.5277012741728788,0.6662091536560993,0.6935872839661817,0.7366420557447778,0.35961316847862485,0.36228248364196586,0.225646430750062,0.2922568695251688,0.33429729179641726,1.0376889654859691,1.1918041758204725,1.2262414162494342
2023-03-14,0.7919243601913515,1.074631151410125,0.8828153186377616,0.5512578007145817,0.6906536781119087,0.6857566623532722,0.7335046746648992,0.36654565066830624,0.36045901381621875,0.20511490830427137,0.23044401213030585,0.31952718178351824,1.0216539193009038,1.2057298423197156,1.1835673881050177
2023-03-15,0.7680567043129326,1.125200004679895,0.9165629488195891,0.5549247752837014,0.7435923927428765,0.6719708362515417,0.7148874236977629,0.33348087007202976,0.3242915988904287,0.23005915968782295,0.17003269798209208,0.28976437147781475,0.9979754356297348,1.1959559294114708,1.1876942051230677
2023-03-16,0.7665561575539721,1.117758154625149,0.9109935539357898,0.5533172657644788,0.7402851995313454,0.6729539734174801,0.7154474830843318,0.3508144024600693,0.3339831855816041,0.24068544051763485,0.1671747268415371,0.2882147075301294,0.9868032638144194,1.1727297338992224,1.2109124587572397
2023-03-17,0.7725119351617477,1.1610830978807383,0.945734703650226,0.5889858449848987,0.7084935455735525,0.6061188116898725,0.6317502684125597,0.43552225888367846,0.312243589782798,0.2674308589487989,0.2190778031193159,0.4101722238005663,0.9866034156071742,1.1877261520712243,1.2591116604032677
2023-03-20,0.7657701972875147,1.17956010581526,0.9781232713741561,0.6042234865043339,0.706703833747131,0.6014867550493468,0.6083226685043938,0.42455567888912754,0.3162489627353267,0.2635537633345587,0.20516300173803104,0.4217913370088588,0.9873726128171553,1.2042584085181842,1.2682702526504248
2023-03-21,0.8271287491351872,1.1613532141845926,0.8937567344175377,0.4971382416201996,0.6378324412142425,0.5526181429556748,0.5254054620026763,0.41548233081143593,0.22830250899521612,0.22583211147132629,0.15708354861198692,0.34951211396332627,1.0209506597469729,1.02474743287399,1.043311011632885
2023-03-22,0.8814724630770266,1.1972493263314878,0.9036350732477285,0.508255186279086,0.6291912500549468,0.4992654847344291,0.4603701433952732,0.4745446592144527,0.19139526569002152,0.2597600243792937,0.24000444083629052,0.37888407345873215,1.0540046424357217,0.9637913914180203,0.9383272335414652
2023-03-23,0.8975532313248586,1.2011961752510605,0.8893616084671472,0.5004281310259625,0.5720039825634289,0.51674279842393,0.47801943596869856,0.4799592713136398,0.19655996115936006,0.25549268004067055,0.25270216810212853,0.4044105132089624,1.0429730994739037,0.8280282692870597,0.9520357067945163
2023-03-24,0.8647723808580217,1.1703840717522482,0.8715710142849599,0.4905209036572298,0.6173477242234685,0.5358170994160617,0.48773604118251157,0.4814196349792202,0.2142227783749548,0.26300629993795643,0.2421940947670378,0.3921728110389697,1.0307543887689017,0.8747978844308308,1.0180366492962787
2023-03-27,0.8779125937296459,1.1733179382134475,0.8603348735050705,0.4991826626733138,0.6184298693132104,0.5196165497771288,0.49075956938304177,0.4820399590103275,0.23302612611033388,0.26762010315846096,0.24617720994561154,0.42577199272933014,0.9986582869308746,0.8538646596404976,0.9977793307026869
2023-03-28,0.8893584550355008,1.1744453593437005,0.8756540138133095,0.5129663927201545,0.6440830264352221,0.517334940228944,0.4770347535351721,0.4712938283355026,0.22398758243019548,0.26964015406681047,0.23686766780654364,0.4143293299987385,0.9874324019943034,0.86785970603804,1.0080516573386054
2023-03-29,0.9192261205597243,1.1521539433661043,0.8875186095244113,0.5485694895111312,0.6262518052911504,0.5245141628681323,0.48365130452792365,0.486729797545484,0.2808996891428519,0.29783619352346385,0.2602102470177473,0.43963775688038,0.9388281512820181,0.7698329478186889,1.0006494449236425
2023-03-31,0.8746387876706968,1.225269562153072,0.8971166312185992,0.58274465059169,0.6335802734535639,0.5085801820956122,0.44398867372660555,0.6164718219904523,0.3217454537947972,0.21519315319222387,0.29355674867016485,0.33325430302105286,0.8961760971090915,0.762619765802629,0.9791290771336101
2023-04-03,0.8877796467661915,1.1958059185761303,0.8760282205655698,0.5834955648004636,0.5952563630666295,0.512560278022113,0.39659316958784485,0.6007277169648755,0.3243306924715351,0.2032846721187802,0.31285556098739303,0.2898073373031531,0.9173220255890687,0.7176990954544082,0.9548262839508634
2023-04-05,0.8767481590181354,1.183718922427688,0.8648442085612787,0.5572690125097901,0.5618040893149503,0.4770799211913138,0.4476937500818672,0.6108751912364164,0.330252586935659,0.26114688969967087,0.3229216461285959,0.26107085191784707,0.90348768936994,0.7306323173107615,0.9765926395737263
2023-04-06,0.8519299912953847,1.160073009786651,0.8436104468616225,0.4964494811493889,0.5661480530963526,0.4653006709728356,0.4576940508396172,0.6261799576965261,0.35248331178169046,0.2608461282085946,0.3124123579572144,0.2463742116435335,0.8903015739657275,0.7243573928738799,1.0068604116823163
2023-04-10,0.8403325091313077,1.1200624197741198,0.7872986061360001,0.40801696733232007,0.6058964062105227,0.4687655551236698,0.45793103273756786,0.6130908170828478,0.3634204975380921,0.2389441635499358,0.27943364623086603,0.24308767259097674,0.8120373937628946,0.6913335546607378,1.0553924419611553
2023-04-11,0.925429651941435,1.0856472306876332,0.8038125572377843,0.3508887128641655,0.661871735894271,0.4294815180652137,0.4438785738106917,0.6326030802466736,0.34894015259815664,0.22861907780412583,0.24312737355250338,0.31233724659467926,0.7361326057377778,0.8009996039589352,1.0616884868699668
2023-04-12,0.9152531753312109,1.1047209626778671,0.8080972248811885,0.36369324819255694,0.6324764923392113,0.3972235512793749,0.421487188652145,0.6031190588096398,0.34285852743181344,0.24409889983240593,0.27735461133733935,0.32272589695414694,0.712649808066373,0.7980087970544616,1.0538340798530783
2023-04-13,0.9112757317250865,1.102832366243536,0.8079976621317525,0.3530010641118362,0.630461298000092,0.39129503543361244,0.4162719567698433,0.6084303192848773,0.34543640235528456,0.2438881240859275,0.28164625774233365,0.3282790559979027,0.703942252639699,0.7957910570453252,1.063366819460406
2023-04-17,0.8802775870504559,1.2693445279290259,0.8440417855184376,0.4683265187604888,0.606030864495292,0.4166845817764375,0.4094718910429144,0.5261030703986561,0.29073018296251507,0.25422009210317636,0.2845911494857959,0.3440354395935186,0.7044922890407117,0.7560152196037095,1.0435921610150403
2023-04-18,0.8869271341342025,1.2868849454295932,0.8438266822560705,0.5060041228249269,0.6114073445147964,0.4029463007137974,0.41717708711305046,0.5075291508294664,0.2913574545164464,0.2537719858757656,0.27590658609478236,0.3432036762750278,0.6982407199327002,0.7498018476979548,1.0188103044501295
2023-04-19,0.893281361728238,1.295592521370214,0.8923384752790643,0.49194122783803484,0.6297566228283228,0.3959267203770329,0.4217697256824071,0.4923711199368844,0.2635295038631901,0.27380801214525247,0.2733548634892014,0.33571088658679876,0.6859500717717988,0.7761213123453223,1.0443697147112418
2023-04-20,0.9064020381884035,1.2970035963076842,0.8645208617420632,0.4957013002705313,0.6195361482052987,0.38301441191813995,0.41939887470885856,0.5131627643458521,0.24853812750763687,0.2583674865109503,0.27206275047858147,0.3336893551217403,0.6664258517654704,0.7246147847319122,1.0533799512397266
2023-04-21,0.8917517311751529,1.3007343805017757,0.8709299319259516,0.49851149715904547,0.6355389221939114,0.379219751125259,0.4125352562538532,0.5078588247401499,0.247111722541506,0.2604072541199076,0.2640935031562214,0.3300732738903981,0.6613047539620238,0.7346500166581869,1.0487238048329734
2023-04-24,0.8778308274479131,1.285119001864954,0.9298224060869942,0.5038483436251404,0.6312879645231005,0.3902156505827393,0.4064852770163895,0.4863986743297639,0.2168468350077421,0.22108381634425728,0.22874638511223477,0.33508347183542,0.6246442159263437,0.7363767130175061,1.0378327720800327
2023-04-25,0.8627787212358257,1.264254663313733,0.9154674703991811,0.4691576936399968,0.6309921873265384,0.4151664574677475,0.40147440910627247,0.4756447686813795,0.2239132355289535,0.18425926275393711,0.24164216877897543,0.31952315524923475,0.6199973553211899,0.7572787676064722,1.0465478616439763
2023-04-26,0.8553912453558703,1.2659992169778451,0.911242358980974,0.46764489479844723,0.6311657389812415,0.40679404263779023,0.39859417948271764,0.49018293331977836,0.22221243453858855,0.1841985357764636,0.243370340185206,0.3176206588658525,0.6190539378694581,0.7564089521690325,1.0580791961137455
2023-04-27,0.8902077373604467,1.3496962187512986,0.9022693729197176,0.42672157517668474,0.6435139544816141,0.4276057591709864,0.41451321622692533,0.49968186743386456,0.2261538786021846,0.21121554492232983,0.21538189498569854,0.24719264324233992,0.6845975262172697,0.8385238652824973,0.954458828930005
2023-04-28,0.858205177805743,1.4034554803994754,1.0132927728998957,0.400323886846342,0.45898835831011886,0.4853972054687096,0.6079926434903985,0.6042912581518927,0.3232544402624703,0.28394832081538157,0.385267340315538,0.3546935847348992,0.7682678393567696,0.9106859864838784,1.1018334246741546
2023-05-02,0.8326932301187973,1.419830452656379,1.0141411856565339,0.439336468147718,0.5223106287417959,0.5030112059804088,0.6007467269128868,0.6005673967079844,0.3015449037617206,0.2537330338930781,0.3854779868927507,0.3453354455664564,0.750607256422263,0.9541563466022384,1.0930317340767302
2023-05-03,0.8239261138722066,1.4176413585946537,1.0208410500802236,0.45845749315110335,0.549602840894702,0.49463070441240065,0.5919718327990201,0.5936936795178746,0.29878513931768386,0.2661724419516928,0.38657701996848276,0.3371111964656421,0.7665262770332428,0.9541789124576673,1.0806497103257384
2023-05-04,0.8325879210419896,1.4209208325604876,0.9973947345676695,0.4730241028879362,0.5177932994205351,0.47023481478097956,0.573712000134697,0.5464073250579708,0.34349013036836956,0.27589313789166847,0.38481739080043215,0.3527055404234893,0.7850303547521217,0.9995799916027355,0.9961481030747634
2023-05-05,0.8448310739616804,1.400647485146325,1.0014814756114838,0.4865236524842253,0.5199104874158074,0.4951049440886119,0.5369137433893112,0.4726835065219299,0.3140590732618843,0.27458641494420954,0.3977128542013681,0.29907690108867235,0.7663219523455099,1.0309232597346947,0.9502015764664331
2023-05-08,0.87664886576041,1.4045454304445177,1.0547236662411612,0.5513946990266266,0.6189661092151454,0.48302992529602456,0.5510907226255611,0.4688263319118463,0.24008476817342253,0.1470868950089231,0.39641175285134905,0.30397044925284483,0.7221636106174726,1.071578071558601,1.07447217227861
2023-05-09,0.8453899575469903,1.3887998507017767,1.0513894684025809,0.5435051563393842,0.6089929989627372,0.4931354869259302,0.5699306922315535,0.4710176724489873,0.24098715188493638,0.14166859877647464,0.3920538953565731,0.338597348812544,0.7206087905035684,1.0370091648122626,1.0831202641692161
2023-05-10,0.8628454949731925,1.387398211109085,1.0462261639480512,0.5382243054578536,0.6214094750961372,0.4912530093144162,0.540422739618787,0.46713854908883184,0.23807518888862142,0.1222626191481682,0.4012705535629819,0.33708693337805395,0.7191268768015838,0.9815897433793567,1.0924433078679328
2023-05-11,0.906385582090625,1.3556029114565606,1.0193170388903887,0.5288148329478193,0.6620343173848843,0.49493124201392846,0.5493688963017866,0.4856046319376622,0.24934028289068977,0.07521749421397665,0.4201746618828181,0.2961887800793515,0.7839332652579137,1.0070529230798866,1.105036237544102
2023-05-12,0.90601794118258,1.3484622640339905,1.0174192964497801,0.5279185206434794,0.6555168036722424,0.4887226114531746,0.5507292214202465,0.4836310959234311,0.24571813814362417,0.07590122193822942,0.41716195144093604,0.2969043911825425,0.7883135013161351,1.004152771352221,1.110092815745074
2023-05-15,0.9083268880205881,1.364772091107117,1.0198924003367973,0.5520294199593851,0.6505880773268372,0.487291860583642,0.5621434607676467,0.47621972942854446,0.2457669347641932,0.07266421968291212,0.43619992180807066,0.30634771477016,0.8003331339058021,0.9937875540787141,1.2236360555272037
2023-05-16,0.9385292062722488,1.2922054205254416,0.980277639814374,0.5371114969689278,0.6317025718514572,0.49818829466449216,0.5977861064515929,0.4756267930235737,0.24240852568502538,0.12030814251831691,0.4467329303268905,0.31700259985545776,0.8175021932520317,0.993903798661154,1.1797469652666444
2023-05-17,1.0113347733675335,1.267652161967859,0.9810739823452503,0.5255017174697107,0.6586546203498422,0.5647631853387461,0.4914054269633706,0.4909079870050568,0.22708355610835468,0.1549173590669002,0.4600484771763407,0.43078173868337705,0.7886617425218906,1.021409681939736,1.268620077174499
2023-05-18,0.9936551380114529,1.2584894593235063,0.9718723436686738,0.43146066045101383,0.686668767662506,0.5789046775812524,0.5112647049582165,0.48605480345248586,0.2505014811340976,0.17999522456715286,0.4839357663577826,0.3538663338544148,0.759748799620176,1.016290818597853,1.2772464976732947
2023-05-19,0.9971683044939638,1.282178403241399,0.9793939243993022,0.4428022355361367,0.6469484366128998,0.5560556515846706,0.506880861076604,0.47494787099575153,0.22927549443744483,0.1743117606040762,0.4712638862932469,0.3414542846567532,0.7674760976359559,0.9983463413081362,1.2933475385017588
2023-05-22,0.9541752136942376,1.3132494405740451,1.0171033208754132,0.5088234975179892,0.657990912709244,0.5702891951444162,0.5290909076096766,0.3825823518858015,0.21051791586229596,0.1841014830675183,0.5004965644788599,0.40838830227820566,0.7330733973001132,1.0126720769245976,1.2620363121533773
2023-05-23,0.9277294372113508,1.355087138162137,1.0381505127279296,0.5403848922861658,0.6345474777240715,0.5738995967060919,0.5402794599781476,0.354914762480721,0.17453562488240437,0.18524091224857847,0.48933189894930135,0.40531671484398696,0.7467376850753242,1.0337718150857538,1.2541209511138167
2023-05-24,0.9310697701276173,1.3425003785595873,1.0192494535812557,0.5212021790218164,0.6189919685202632,0.5825849886049616,0.521790655617701,0.3576253532273012,0.18099626994133022,0.14369837648839698,0.4689071360936418,0.39465028435102806,0.7407562851077419,1.0373471405662227,1.2485735226495007
2023-05-25,0.9061978913263462,1.433659572567557,0.9923779923594787,0.5266318559553033,0.6487210440888759,0.5336503693204643,0.5988958286348944,0.3185540122999656,0.17385341390204034,0.13593182203009596,0.5010132751666639,0.35883066923781276,0.7690749472499502,1.0338090906208355,1.1913955622250714
2023-05-26,0.9035631752341331,1.4341021980251365,1.0299620168261738,0.5719270834483887,0.5818564019375276,0.5090639738377377,0.603887501312016,0.3132478831121839,0.18165268330415588,0.23505862760893734,0.4992525682470521,0.37894007936945806,0.7043517994529835,1.0740148992149325,1.1142803305240165
2023-05-29,0.892687984086854,1.4347563698687782,1.015262580479236,0.5565342642096422,0.5677946884918726,0.5366870509464579,0.6070261717002504,0.3187608446549855,0.16727492050347942,0.22874318886152584,0.520629719908211,0.3972010098176647,0.694193897555745,1.076996350339647,1.123343326902841
2023-05-30,0.9376871482008345,1.4005843788338745,1.0113654125554736,0.5484713961736115,0.5763074289381553,0.5604655343613079,0.5979028139031365,0.3066104881453945,0.13977636558865258,0.21610673985828296,0.48858182011675083,0.3820057825167403,0.6852096885430089,1.0117439428658217,1.1417553535714426
2023-05-31,0.8875452557400557,1.372477098149207,0.9804690467181522,0.4736686216761937,0.5891192631955239,0.5761707871940668,0.5864258491970574,0.3007446559229658,0.13382514680317847,0.14877601672973365,0.43725807283553947,0.34589807388293486,0.5440316395623853,0.9893103075234123,1.1517790782934667
2023-06-01,0.948607890312825,1.3687361167205112,0.9566993281771655,0.4000596368369954,0.5560076133428489,0.5509692808252746,0.6142519852894126,0.28612513720641525,0.20625995083603707,0.12546730182761393,0.4116214610585361,0.2858261920115106,0.5687014706899773,0.9592368930205958,1.1532497737571812
2023-06-02,0.9229523893838593,1.3577711483263304,0.9516543450148266,0.3567763289626416,0.5590190301251524,0.5357163641129686,0.5943134776508565,0.22906448265454055,0.22161305163336592,0.15733582300249094,0.4676346953014553,0.2970077217474954,0.5345974622552487,0.9691165576956692,1.1774795235002868
2023-06-05,0.9001378835968548,1.454854215067089,1.0065954572887927,0.538788685133645,0.612181016070607,0.5148576956055996,0.4893984654813642,0.2723509919683937,0.22981264083074165,0.1752663752278844,0.44218971938563606,0.3259086260402432,0.36601403389722964,0.9257159083009552,1.230792803661042
2023-06-06,0.9149024483283911,1.4241383825548912,1.0036019119654125,0.5418107338353577,0.5531074194102116,0.4527432021784447,0.4806732299556992,0.27749814967303665,0.2954568562496582,0.18389333203727024,0.4486707385135808,0.3296685415207129,0.370084155069217,0.9786629226434358,1.2671389677757512
2023-06-07,0.8720925984910927,1.435692302692294,1.0092947996203778,0.5655947440616937,0.5486098568435828,0.46889826067180285,0.4668723117685944,0.3538725570550043,0.39726536117599065,0.18721169762817205,0.4647004590412257,0.37750302319378365,0.41210212139965413,1.02121732945609,1.2348095777756476
2023-06-08,0.9092754175658146,1.4622805684287625,1.0345652376483112,0.5630685409982568,0.46326843601964296,0.42522254302858487,0.4211600415768095,0.3923735291461585,0.36062770081042467,0.24537951450923143,0.4419094485281941,0.49232755771148057,0.49678864460849603,1.1453417061083526,1.247237039260976
2023-06-09,0.9117450195568431,1.5433296490444082,1.0860592859857587,0.6176652324651442,0.49874403693810654,0.47774138716421327,0.4674834146528767,0.3955929319486511,0.3954115633980647,0.2812297787491713,0.4710530062644707,0.37914541239383104,0.5283192317449346,1.2492143622696514,1.177626803898045
2023-06-12,0.8916523733595187,1.5713013670440337,1.1570289590527174,1.3838423185741235,0.5791436661637644,0.4992455698250163,0.40409831176769245,0.3404764479870557,0.4264265481792486,0.30518758570134147,0.4781138559823798,0.4774622416594406,0.49182885722849823,1.325907246722949,1.1025389579899179
2023-06-13,0.7869987287043053,1.5979558452956866,1.1047734220164647,1.3562437261333355,0.5250514513837037,0.45207686993279705,0.3977643540773953,0.3338934584728426,0.42394241205670036,0.33206625028290404,0.47310382080426505,0.43595656723682785,0.5276750768882018,1.3797427270427494,1.2211158391733448
2023-06-14,0.8363456833446321,1.6339185918838763,1.0896997592635707,1.3831357251470215,0.520683551835368,0.46767722221092434,0.3904168678307189,0.2746477922426063,0.3794518257835933,0.31399356457236816,0.5155684178165,0.46387013743334443,0.4587978571972688,1.4903342146876337,1.2039215745324239
2023-06-15,0.8810818629597383,1.6319622036249894,1.1314572074186209,1.348601544137131,0.5167138535385365,0.4748822118636238,0.3687844493103181,0.2601360589790564,0.3669532334553993,0.31346445092105774,0.43704502149838403,0.326292856952986,0.4414225779416772,1.4524777468942403,1.3086676750715212
2023-06-16,0.8668244408109638,1.6014000167744986,1.025396948714516,1.302249847580424,0.47983510020803244,0.5477604898337103,0.4545278887663269,0.18807498523227878,0.37614304698730205,0.35659382502844245,0.47936745625646204,0.29077835883397557,0.42563643157984626,1.402632430157385,1.208466607042287
2023-06-19,0.9651277575815428,1.57336712554006,0.9310889884993657,1.199011893365596,0.44424248830692087,0.5738123480168896,0.500144272885847,0.23426401855841952,0.3598515466127907,0.3491161885926116,0.5165712482852267,0.28860670206525796,0.4553550615473697,1.3175530410588558,1.2283851331456612
2023-06-20,0.9811353761396069,1.6373509494872138,0.9620516342983021,1.2742097197952151,0.466745101010384,0.5735850835007426,0.5320356496713946,0.2554599657314105,0.4340822291498059,0.36434905368382997,0.5498810897758203,0.3357258554902269,0.46093235210176625,1.3365429401163111,1.2919476132087722
2023-06-21,0.9829227979516676,1.6374747826118508,0.9654438413852419,1.276485813919702,0.4736782243447024,0.584144793895349,0.5274968864953594,0.25927103543253077,0.4391796805875307,0.35401940607063426,0.5432184172548129,0.33225224683455606,0.4650928604243307,1.3362276680625524,1.2872200765338289
2023-06-22,0.9448077608318761,1.6486775595410916,0.9457592548866798,1.2773403282344402,0.5354626114109498,0.6519852482448933,0.5512704978516697,0.3666955131656254,0.5014346450779041,0.3820083856534212,0.5275098011768509,0.36193994909684496,0.48151425110274026,1.3097602224041298,1.2876742343808205
2023-06-23,1.0292031303509417,1.7760159118696648,0.9994194111628364,1.334882238706884,0.4715243124575681,0.5418361218744614,0.5589463454246076,0.3407070580171592,0.4623583771189955,0.3546594928701746,0.4690137187541714,0.4002850251553382,0.4134081876500268,1.2379216453207151,1.121999471315187
2023-06-26,1.026963902786334,1.7721607523662761,1.0007097349647263,1.3355689676467317,0.46934536650631453,0.5487694135181402,0.5588517846799643,0.34393333944118,0.4616284196394836,0.34883898028101645,0.46654273673185404,0.39836510574790646,0.41586134634895777,1.2381977831885609,1.1340291725279459
2023-06-27,1.0418269431784752,1.7671233907916506,0.9677237786611551,1.273936825686554,0.43108062001883685,0.5677823351726761,0.5296186965104844,0.3312566701996243,0.395301839663337,0.3689969166977094,0.46336731141781035,0.4573127383776258,0.4083590171819222,1.2497219737029832,1.1389668924827034
2023-06-28,0.9773289558873564,1.788952984990939,0.9223308305220784,1.1857636181276467,0.3916899148573355,0.5890296098963289,0.5358509055002872,0.32677031649017785,0.35540674627931923,0.42098984921178484,0.4945722434445584,0.4152567501021035,0.46528707052269674,1.2324435707815262,1.1065156094997683
2023-06-30,1.0150980386897277,1.8291014489316166,0.9592718526418446,1.229915842033302,0.3866328339936174,0.5800752160179685,0.605565861316978,0.057896679604942825,0.32906159507234356,0.7494054915897277,0.48828090724962603,0.5442371051494354,0.49031959297863226,1.280185388862189,1.1626124026082896
2023-07-03,0.9850244408538636,1.7961425495249552,0.9579333445489011,1.1749883891454593,0.42872937849693993,0.5998549467752834,0.6799988250222168,0.007193237894648679,0.3018448205728202,0.6683784280583553,0.4280465367293874,0.5091654396640211,0.46912508156813093,1.2868382298504943,1.1376945109669532
2023-07-04,1.0190430946737146,1.8235601443540173,0.9860777064949263,1.2488784449174337,0.46186828648442524,0.7030955333227371,0.6234533181589669,-0.014663268276620097,0.3206093214893991,0.6181189355171397,0.44274477477889496,0.5932488409677089,0.4561407564406312,1.2965374068758477,1.112004592423407
2023-07-05,1.0169577069273468,1.8210556351246054,0.9959697159948322,1.2352577836063123,0.4629859148706601,0.7099226991541843,0.6112517498459398,-0.01831529854431702,0.3136661922598431,0.6140239192172705,0.4446025045930459,0.6025279314373392,0.4556008806241508,1.2967845938163511,1.0780712164298418
2023-07-06,1.022058852411459,1.8020969471079953,1.0021320137103833,1.2329620367856577,0.5027194204027767,0.7440465932620841,0.5907307351547718,-0.005871342317661411,0.33784325199256393,0.6016519635437262,0.46388458524647586,0.6881731554319697,0.45563284422979367,1.275809783580144,1.1359429839155062
2023-07-07,0.9227224771364588,1.802257705323521,0.9831315834581524,1.3269136770639416,0.525801837058073,0.8507485056350306,0.6166415243770066,0.057402860642659606,0.49800302026491655,0.6146258024354613,0.5136166505571581,0.8343770720160437,0.4274553191999634,1.2135205948666732,1.2499884703142343
2023-07-10,0.9338995858184693,1.777898759273389,0.9837625308651261,1.3157266766873035,0.5542297380696736,0.8945943988822825,0.646467700501963,0.09590431305342229,0.5145493904517398,0.6021365647363581,0.46124098402224006,0.8214722477502854,0.4445412950451623,1.2229867048099874,1.2634762295824131
2023-07-11,0.9333054987596694,1.7876730766846294,0.9828318464872378,1.3229517530116681,0.5743894429201526,0.888756685405807,0.667593461917559,0.11291408312249257,0.5305278142307374,0.6426621093218791,0.4733018399617974,0.8537029934381278,0.4487274360173256,1.209508330945088,1.2473261333550854
2023-07-12,1.026142335259046,1.3403090676513072,0.9064702425082549,1.0685580335185287,0.587355703361052,0.8245847044632066,0.7531928224117239,0.3126717152863066,0.6473755457201967,0.6157893351341414,0.47198564898115836,0.8624659133223112,0.40811657352843916,1.2396673715113096,1.3561012253265017
2023-07-13,1.0285671133341392,1.3545294164305908,0.9671128327720354,1.061376291453509,0.5912240026451561,0.8384004941611652,0.7409602408606556,0.371527691301947,0.6222472517910819,0.6377632970849113,0.5111765068300537,0.8321857914069875,0.4059460850327933,1.2623441284926074,1.4250171156691638
2023-07-14,1.0077012286115115,1.4476604767123864,1.0031842582644213,1.187152967100174,0.6126591442789026,0.7541333629583918,0.7171889675882402,0.40563526700875735,0.6229040693889645,0.5833989827281633,0.4543846368514909,0.7784715277464351,0.4069699412693726,1.3287650260792165,1.3808860763905284
2023-07-17,1.0443056158790394,1.389176482349975,1.0751935565840949,1.1977649183809864,0.5246909839387697,0.7261491370279622,0.6862310038384198,0.3687791393242573,0.593783628222329,0.5734256866513433,0.5333841033937083,0.7893820397045025,0.3606915641094067,1.3107152927392602,1.3590741347464799
2023-07-18,1.0534057261304741,1.3933445733478367,1.0937069237391253,1.1666782433810432,0.5286667217118314,0.7258364137392854,0.7098695163440443,0.375009117015811,0.6130294069532384,0.5750907511154731,0.535630684041322,0.7910636543055293,0.3465853879840401,1.288728518870334,1.3315688428318246
2023-07-19,1.073954547037696,1.4193386431620305,1.023333412254146,1.1593727899268131,0.521508673651323,0.7585294573605587,0.742065542392514,0.3488321613509326,0.6390662917769588,0.6423308218755901,0.5976340209856575,0.7809844700483433,0.36799279075809493,1.2989743450654367,1.332396179117401
2023-07-20,1.1466508770486594,1.3144843076059356,0.9914101870205078,1.142865047067956,0.5189321701714448,0.7422461922772591,0.8186380551238839,0.3451024088576078,0.6131607024848141,0.6735389823586041,0.6635762054353731,0.7696041072232229,0.4159918433241543,1.2743107639947826,1.3198001479254367
2023-07-21,0.9734565194594406,1.8520414863475425,1.1493731785006074,1.221417589836543,0.3046773496251871,0.5891747431584903,0.7845764325453577,0.3235727106383039,0.5741949776245375,0.6212593778033279,0.6826414715169487,0.6946329577451521,0.37890257337660344,1.1764475556768905,1.2664542343360836
2023-07-24,1.0480215567456193,1.7991123104837357,1.1546560232847571,1.30276413577987,0.31665928957871387,0.5694267491842507,0.8971563244225365,0.3377548708809524,0.6254584988333726,0.6003587179226739,0.5885831670569982,0.7161772545138325,0.34010666409311,1.190598815274678,1.2879270299490142
2023-07-25,1.0190724638355917,1.8359593809781856,1.0790652061375505,1.2698347792914306,0.35313758143667034,0.5555244091853027,0.8492562462413247,0.23162294610513348,0.5310059347501956,0.5912831126992573,0.6000328067982198,0.6534955227983158,0.2938910939067542,1.2005332469926764,1.3093167788931321
2023-07-26,1.0569686988236264,1.8179627983449393,1.073166851728285,1.186865271747355,0.28780456454057274,0.524156731470881,0.8987306386982765,0.23498558734243688,0.5908893259509129,0.6515098986222133,0.6106003638961394,0.6382715912978448,0.3287981903455206,1.169069047387157,1.3497838947013423
2023-07-27,1.0997820015606121,1.7513804121472603,1.0603885356789564,1.297707184354849,0.28157975724902845,0.5215980578075651,0.9693611546596512,0.34026895205919133,0.6895885575761503,0.5240441877756861,0.5771378614966572,0.5931709230143878,0.25897639736652317,1.139398336193188,1.1377293372378487
2023-07-28,1.092036914801366,1.8169598313888518,1.1240596059045844,1.3351340618843068,0.297030345380315,0.5064206981537288,1.03608055039562,0.38734254975582444,0.6494595760448597,0.49861157147435065,0.5777156742441331,0.5581388216943558,0.22081738940203982,1.1241405515118985,1.2083249968578647
2023-07-31,1.0786050012773665,1.888485405376633,1.1594216973187248,1.419036216537836,0.3558333015024471,0.5274632863734147,1.1569291724093105,0.5379834271639072,0.6955215303876376,0.49195137670425726,0.5874789268404949,0.5712818769079532,0.18211227619003503,1.0785041327621023,1.3272589339077199
2023-08-01,1.037580341317592,1.9662704685160188,1.2124493644598127,1.4304426863205408,0.196621718272108,0.4308884705261427,1.2008509623742885,0.581463053992831,0.7740341616258726,0.604526294097174,0.6829207091142261,0.6340030875834459,0.15185526415579825,1.107816808664024,1.3508431231008355
2023-08-02,1.0457702770108794,1.8533976741774472,1.194181688545735,1.3077484864787865,0.2205076358734982,0.6190616198413981,1.1710165448055545,0.4374026566021045,0.7236330922814161,0.6228183023416288,0.6532920892996084,0.6373518552235233,0.26622741011784906,1.287324845970879,1.3347473359244117
2023-08-03,0.9932839894622695,1.7612076650162922,1.1855420117852618,1.2792657077931824,0.32053906612794386,0.586033449786876,1.1741694397047129,0.5115612349533096,0.7069281593959711,0.5925936994355223,0.6564347611692655,0.6182372231835624,0.30027283763767354,1.2804744895082032,1.3431648667707425
2023-08-04,1.0121317558980978,1.7493060410463017,1.2447113583537648,1.3440270112633574,0.3384117943593668,0.5396351703584559,1.1205983237299488,0.4949194487270821,0.6977336407740862,0.5693701163827384,0.5373149103819842,0.5860735655866549,0.34886032132401706,1.262816861211664,1.3118809565272687
2023-08-07,1.0018094812962295,1.754403037560113,1.2456485836599647,1.3450952313074895,0.330188920580255,0.5277677543705895,1.110996177874094,0.4908773768164451,0.640398879016317,0.5945961886600429,0.5195912681417475,0.5926434763520803,0.34701575418602626,1.2479407894855543,1.2992147566237429
2023-08-08,0.9910723528619777,1.7492982216286077,1.2224257293532226,1.2957025687828128,0.329658302608072,0.5336671381963919,1.0920831185321602,0.5102999968315816,0.6538921367964086,0.6309000196281334,0.5038578565713313,0.5882237583088604,0.3515592966151964,1.2507273996924273,1.1559338297489001
2023-08-09,0.9699888138232313,1.8154565819402055,1.2698947436992718,1.3112882410232132,0.425946040682387,0.574078452178342,1.0929034198791647,0.5215740368924734,0.6489002725026987,0.5778380065922231,0.5387134568846288,0.5172442191310314,0.29377519159318466,1.2843487192291958,1.2138747915871326
2023-08-10,0.9554483827795397,1.7845788076449247,1.220773438797058,1.2855759342661373,0.3736808970944727,0.5626755931500627,1.194364259331188,0.5540361780335109,0.726574114329092,0.565288030296343,0.5201505507649746,0.4937742808955058,0.3590071156221829,1.2435220074257918,1.169969749008572
2023-08-11,0.9803819932784389,1.8037884964050699,1.2584980925043485,1.3060733940774545,0.39005172457022735,0.5734596375962209,1.1551740439535596,0.566083887466006,0.7037084664565302,0.6113739820179795,0.5066248412187745,0.4788906600590247,0.3782238329567308,1.1931261579287307,1.1719158683945212
2023-08-14,0.9682995274109583,1.7758084556847895,1.2480414626387493,1.2789463100730807,0.40828699102117566,0.6033536758170855,1.1632579393053912,0.5670601606774088,0.7338232206148639,0.6289071705724871,0.5329964338258674,0.4916541155998159,0.37097127653698114,1.2237607047416317,1.1436356337279008
2023-08-16,0.9809860304763551,1.7552289075231788,1.1952195635451086,1.212848548927465,0.40699956282959643,0.615953670767453,1.1496149258471582,0.6061194854916219,0.7461571590887047,0.6116391238775027,0.5096080829374062,0.39847956157766706,0.3922157208773983,1.2336207142211777,1.1251127879159037
2023-08-17,1.0016265490296388,1.7390551288522735,1.1797174967834523,1.190882711349842,0.4328052635186936,0.6483452657757516,1.2004393257248624,0.64413411255271,0.7242577249105253,0.6124599186780956,0.5036687026792955,0.43884643648078586,0.39116087357263774,1.2092090511488274,1.1158836945593724
2023-08-18,1.0090326474513436,1.7780249873749003,1.2291912040208488,1.2532310182077178,0.47948669710614017,0.6676009725061853,1.2272477726289432,0.6255124331982232,0.7079133245879874,0.6921799809648838,0.541123808465694,0.4482940419353405,0.39790219139028715,1.2067392774790406,1.1231745364768382
2023-08-21,1.0095693022424719,1.7865102013454226,1.2436185580957853,1.2561671011373805,0.48471979949797717,0.694424091472141,1.2362867244279432,0.6375775932126342,0.6861820288058978,0.6924576323268339,0.5458883432459399,0.4752199073774446,0.4151866551592142,1.2174450378847512,1.133757116873727
2023-08-22,1.005543280238209,1.8286116602854108,1.197967629441824,1.247894631567077,0.593514365254291,0.7489215350280701,1.2644367797910785,0.6439521786984814,0.6781624853488264,0.59528122527597,0.5668501808487857,0.45635666325859386,0.4732263779694508,1.206004653635551,1.1841146494298633
2023-08-23,1.012618350761031,1.8633876642121603,1.2228706343713793,1.2572342978098152,0.6863639232255161,0.7350107752816214,1.2345072020436425,0.6396553129009612,0.699699653120931,0.5986649246494092,0.5708653333711244,0.4500277987553513,0.4572085762798224,1.1798919188320252,1.1709970138290964
2023-08-24,0.9903056735231036,1.8218895084512918,1.224577337186743,1.2678837354369772,0.7193125592577374,0.7490386247758726,1.2049407320237409,0.6350004713092526,0.678321129471835,0.6206167305869472,0.6056524288011433,0.4694959579669645,0.4561424353177097,1.2014445608494717,1.161716820557157
2023-08-25,1.0645620763196726,1.8039545272693742,1.2589327190870239,1.3552118274310185,0.578083315735383,0.7406815082475248,1.2325222349602887,0.6594330087941123,0.7604135650704107,0.7283066028057017,0.6845369686475739,0.5348624032021528,0.5808064036574944,1.1993906573719795,1.2318582758949905
2023-08-28,0.9939662913819179,1.808137838967387,1.2795472053696706,1.3641600966493392,0.5604928206472343,0.7423778798031189,1.2080321312719835,0.6751470556106269,0.7530602439434858,0.7607319889395777,0.698569414598752,0.6293803780400585,0.5248243777797794,1.2073438196672002,1.261108871144042
2023-08-29,0.9863922385157556,1.8145748330802653,1.2873948707801919,1.3724321906822639,0.5563337934730705,0.7521835060855,1.1975584045569572,0.6679054285274761,0.7524060278130322,0.7449215202109798,0.6794051519857887,0.5894617582561945,0.500718779921299,1.1999309664513822,1.251726911976939
2023-08-30,1.000884471594436,1.8144911408917446,1.2965823854458662,1.4015016585729638,0.5552894851062922,0.7685900746349982,1.21080725612536,0.6849181296538566,0.7433286158667577,0.7355680406326122,0.6955312069199981,0.5974020265831346,0.5067863181221843,1.1818134756720262,1.2542937640399305
2023-08-31,1.0127064844076046,1.7810323862817456,1.2602324892239416,1.3628922313611873,0.5810068095483932,0.7709279658293005,1.213477247919086,0.7048149467095364,0.7919636500864744,0.7386309628048487,0.7211665100011597,0.6280824282997766,0.5032591127043201,1.1439222935346856,1.2066304893737465
2023-09-01,1.0682136672801463,1.7367005629762773,1.3080814043246578,1.411559680230028,0.797061060260432,0.9608626536058799,1.1910369912653653,0.5518351574449635,0.64022567419249,0.7023383709042735,0.6388887604291607,0.5756700426117336,0.48208465355139435,1.208115240947971,1.1592033180909675
2023-09-04,0.9767055425878074,1.7604758966250538,1.395090320278831,1.389028517560083,0.8557557296910384,1.0914441256275569,1.173594902921351,0.5034388965490687,0.6543229926517473,0.6016116415862813,0.6435647320535173,0.5050041465007624,0.44645306680606694,1.2842941159636838,1.1412427012475475
2023-09-05,0.974634273117889,1.7424109039819229,1.3849493607367913,1.3689429778403532,0.8207575911550739,1.0942815008109805,1.1704343565938848,0.5097968825868658,0.6712129459963921,0.6110341597881583,0.6358805427349051,0.5429197659547373,0.4409682453127397,1.2255858896877616,1.1667303862336182
2023-09-06,0.9716051193875728,1.7275403219644399,1.3850965245723628,1.3589504395881853,0.8173901970370279,1.0765314409683453,1.1792475803966669,0.5041010054114032,0.675258031469904,0.6159872387098122,0.6355520456338468,0.5493040675371594,0.4487358156808162,1.2127142663085764,1.156380187251193
2023-09-07,1.048789084932308,1.6728624445334948,1.4144498978886662,1.3991052618421458,0.783473994733891,1.1155910731536782,1.1052554356058508,0.4586195617651904,0.6219740370441248,0.5823344383037308,0.6364144771558832,0.5297772626606781,0.4394797266872347,1.178229046182005,1.1419192271640806
2023-09-08,1.0431852120812721,1.6638872679355288,1.3829127725590378,1.3717990537478337,0.7974528978470403,1.1546768638879794,1.0802249730211855,0.44623627596660503,0.6240747385006115,0.569265042717938,0.61323333703246,0.49520423637465966,0.46889264495087235,1.1334607263966139,1.1721474730616466
2023-09-11,1.0121547110279414,1.5976340378343672,1.3361941944778124,1.3462358903168854,0.7259494403262453,1.140234666529765,1.126342494924938,0.5236332300898928,0.6686389302853524,0.5691692026452972,0.6651515510793315,0.7113625917658254,0.48061407586644095,1.1436198157819162,1.0622078318652644
2023-09-12,0.9820364432257738,1.6201137694197723,1.4561541904422899,1.411459313187437,0.7825687483377158,1.1823562854505019,1.1023032151859087,0.5266466483233738,0.6226151338436432,0.5744270316365689,0.5933074402873548,0.7584895799576474,0.4595176235649641,1.1798607962598413,1.072825837201241
2023-09-13,0.9512202599833178,1.6260452975030455,1.4531265615888116,1.4497345815955773,0.8227695320787335,1.1506068801142921,1.1257148042000185,0.4998890657034925,0.637453293931694,0.6040687554298643,0.5836253900243488,0.7469633262609618,0.4705467034042928,1.1820787252381473,1.0257109923425292
2023-09-14,0.9386842770336444,1.6251475164033562,1.4516260020087035,1.4447034477221425,0.8399726689044053,1.1472849649960755,1.1284705110760882,0.49571949613956484,0.6255954100757356,0.6202228852744838,0.5823097488586885,0.7491347883183129,0.46854792128422135,1.1919960184411154,1.024744725547544
2023-09-15,0.9237147942728183,1.6195438304595298,1.4562678914224667,1.4571452752518146,0.8046372297816379,1.1183988772499767,1.1219708520642964,0.5082034409710772,0.6035019673729974,0.6236511170170731,0.6004871730723996,0.7527893716033708,0.5055512756837023,1.1859698620264196,1.0045075993561243
2023-09-18,0.9371088970609239,1.617461316843248,1.4677446684719975,1.4867574639784076,0.7800196709668459,1.011025444097163,1.116439252825035,0.43314994371381305,0.515057386295918,0.6263207683170919,0.6366457562450141,0.7312079846576314,0.5701006832711439,1.2513196192449705,1.0154340413869738
2023-09-20,0.892897158550431,1.4724831471323687,1.4544240826438677,1.4729499469714067,0.6264918397502373,0.9896642149745777,1.0000994385345139,0.4510403790322396,0.574894299630573,0.56120147671253,0.8287586333741102,0.7676748722042432,0.6715906966567633,1.2455377911561316,1.023227473125024
2023-09-21,0.9467874961579196,1.3796895060500278,1.4118073396160384,1.3517255154538168,0.6549579492499136,1.0303204254495704,1.016629126906961,0.46282286303975345,0.5034660176866096,0.5793319184307887,0.7512545763122893,0.7187864173324224,0.6073747920398016,1.2219222056190377,1.0387008893966638
2023-09-22,0.9102809144089511,1.3950730535351807,1.4807787277504092,1.3325587551273654,0.6787332382777643,1.055958896907707,1.0555026698081535,0.4661124192455151,0.5339303268310897,0.6047024222652663,0.8465627535825113,0.6682622731370111,0.5860223510494735,1.2404959239400797,1.0110714415019035
2023-09-25,0.9414746271607772,1.4102650507804517,1.5523706794988896,1.4406891760344787,0.6941514215043604,1.0364011685247374,1.048050637973593,0.45847038102118287,0.5104082054625784,0.5478752051712913,0.8146083512684212,0.6949751212233662,0.5727478479072333,1.2589386244880891,1.0284115770621838
2023-09-26,0.9928114534098909,1.3103268274821152,1.5447662418623551,1.4370711205127806,0.682558432167351,1.144257775258365,1.0906987672550466,0.43669472244352914,0.4885260089591615,0.39591265690825633,0.8111281474680508,0.7920729866763105,0.5680042710633838,1.3362249621248137,1.051720522963627
2023-09-27,1.0226247990455004,1.3599979203694565,1.569074358776081,1.5238503492595763,0.6332143479081164,1.1314765427562552,1.0281395304344165,0.4888177053504108,0.5195603599087663,0.5058573106198208,0.8939905456265407,0.8523172613680031,0.5947359731121142,1.3252988610270793,1.082681941967569
2023-09-28,1.0513818191643216,1.3956968094871895,1.619424009100744,1.6951660772260542,0.6326425721179365,1.1294684267756423,1.0680499480747248,0.5537136833370153,0.6156838144616967,0.5011392202824381,0.8949178447327336,0.8924225160594028,0.565403707566328,1.3464006262021109,1.1474430396341828
2023-09-29,1.0390613544939178,1.3543347658614995,1.5928249893236444,1.6337028948453225,0.6905281854161757,1.218807261476707,1.0752305124821977,0.5361015444167513,0.6156726447883744,0.5672979928715357,0.9743362608499901,0.9568859709208893,0.5527020922030098,1.3690794569947624,1.1887236055030002
2023-10-03,1.0233251513565227,1.3665930707447251,1.576137898299744,1.640969840162088,0.7850727249439586,1.248196384573631,1.1065069291601373,0.534200107054216,0.5854244340962516,0.6331177640893929,1.023712687237753,0.843468549995396,0.551457071881921,1.409088413824302,1.0561694191040236
2023-10-04,0.9992610919582027,1.3300864141496218,1.6235633054840675,1.6119976991889704,0.7737863257942387,1.2412299852102122,1.1067331124881339,0.41667179846831665,0.4610988768910116,0.6608587523022363,1.0273314072551682,0.7744179738606498,0.5742975820042033,1.461621366492057,1.047539096320098
2023-10-05,1.003585822498865,1.347136782419523,1.61895206818072,1.5867172252715422,0.7476616084805691,1.1943662967724122,1.0932869370834135,0.408506232794753,0.4616238903302569,0.6253365235461672,1.0035185717751502,0.7594558418643005,0.5664818460012006,1.4071929288813185,1.0232052813651866
2023-10-06,1.0158910623211088,1.3336589534322485,1.6021151430820955,1.5738896930061685,0.6993529788016843,1.1958326215959851,1.09249857037337,0.3744598247749066,0.4370564477409702,0.5785896923576929,0.981542946864708,0.715044723612759,0.5338352356039443,1.4164440253079353,1.1706044951293846
2023-10-09,1.0578351616441481,1.2921690167765916,1.5843723260632765,1.5474863221968493,0.7117293989800849,1.1747219678623448,1.0742062074500607,0.38634862508877793,0.43244866924298453,0.5925006945584673,0.9099274530457185,0.7041125512855821,0.5247411310069359,1.4463506009942246,1.1806061927407836
2023-10-10,1.1276829850413423,1.2773680832580712,1.5341295911704438,1.5265201111355862,0.7231158722574748,1.1433187936854703,1.0770914844236483,0.3960713161040622,0.42739622930912513,0.5806335761704331,0.8572096450556757,0.7043697001795327,0.6311337854551777,1.4346376792732942,1.3146874750471191
2023-10-11,1.1718890866409704,1.100552286203575,1.5477263365493612,1.3610853951370554,0.6915581419532424,1.2118544352611378,1.1107043119039792,0.3757449471580057,0.413375143513908,0.6061784523588982,0.9663384136005196,0.7388249269860587,0.6589836353160261,1.3577695700663879,1.3449485580817815
2023-10-12,1.1411453600369836,1.1595732848728604,1.4948808417363388,1.3725815537854682,0.7904548731915585,1.286858505069692,1.1433884126597165,0.403753748491424,0.40723040522512544,0.6100152072211893,0.889658799826688,0.7320001832190516,0.7310406179349519,1.379294512227517,1.35439420569509
2023-10-13,1.1424290812294677,1.1490697714913853,1.5073852687948455,1.3716213328937983,0.7877070131726238,1.2895360588818057,1.1470546071976246,0.3813042284885192,0.4155174350316283,0.605552583237359,0.9159340792215231,0.736011217466142,0.7320578628756654,1.4006772441223065,1.363369412394235
2023-10-16,1.133122733479979,1.1590253714910996,1.5189383311438711,1.3953827039924704,0.7990570697950636,1.2427923459796575,1.121120160953326,0.4009242831689004,0.41246352254533697,0.5850746716708332,0.9099755959207042,0.7355505611861498,0.7626222827208867,1.408468863964806,1.3545323084360354
2023-10-17,1.0682053223133379,1.2789520667862362,1.564818544023214,1.4251823339510479,0.8054460995331392,1.2983977069015684,1.0440941416518226,0.4211683448474792,0.43883246442755963,0.5373373252321274,0.8536832889718672,0.7381145046131352,0.7287417301080453,1.4427935823745959,1.3557574273586068
2023-10-18,1.229692158984817,0.7451908130853637,1.4629154800528,1.3857030308999136,0.9778510455863354,1.515687477881798,1.098001047416398,0.44755898336314826,0.4522398488307266,0.4956110693001744,0.7182609767463326,0.8404484735143654,0.7786807839316526,1.5065752578527647,1.3589122909672895
2023-10-19,1.1629774401532451,0.7639137632833812,1.5113684448536162,1.3460523447773125,0.992890397779603,1.545282757435845,1.0169243539988781,0.3765994965202691,0.42097487039183834,0.5198850422780829,0.7794193522327179,0.8283357555547124,0.8028978253226985,1.5037078939107231,1.3510023080879097
2023-10-20,1.1035269918549935,0.7714658534663202,1.5201521359237655,1.3371586754321199,0.9843274389380826,1.5152456418484874,1.0804586991220795,0.360248276590801,0.4311859336971559,0.5164548551837806,0.7998682127723841,0.8261974625264441,0.7930931061527817,1.5413322687591826,1.389695999391495
2023-10-23,1.0908483861703617,0.7839670472345,1.5385163769240229,1.359148123164277,0.971499939802928,1.5489428662426798,0.9539772200194574,0.36371868963670384,0.4022956704792687,0.5637946015548577,0.7322347581717802,0.7956792918464153,0.7663036243143719,1.5901907471509793,1.514322777403912
2023-10-25,1.066406877765563,0.8480143602009405,1.5034664336902581,1.2685831030289136,0.9322095180918545,1.6167871918667474,0.9199061695450123,0.2802470107267444,0.31954925235997117,0.6285665967346856,0.7688511633391507,0.9172824394897487,0.8548146998146618,1.5075615490152747,1.6648254426106102
2023-10-26,1.0914006081122694,0.826045172850512,1.4247736390237933,1.3172040124010744,0.9845464586797059,1.4985991424046932,0.800925025909187,0.46791776040759286,0.32156570280850166,0.6718954366897184,0.8135570730186303,0.9669459841589974,0.9078545492948847,1.4529314783771419,1.6194823546444912
2023-10-27,1.1106702734696354,0.840624782897037,1.3812568966155496,1.2212379354393201,0.9648838800835752,1.4290938292420359,0.783190260501222,0.5543288922350631,0.3880091646906209,0.6708344943043588,0.7272614733715174,1.1112421894693074,0.9434522517870022,1.3321445052884018,1.67927339336015
2023-10-30,1.120831772335798,0.822140787510573,1.3624586021576433,1.2247030569733919,1.0064667210830887,1.3888801256902144,0.754234585678909,0.5561157343735217,0.35525065690178853,0.6717050619781092,0.6940780230790905,1.097245519941505,0.9625380193356116,1.2970899371644686,1.7343317181977431
2023-10-31,1.0863078398288974,0.8376053707715359,1.379472268077366,1.2864311338584273,1.048985249878397,1.303828664801184,0.7494054661459808,0.6418053131725175,0.38014053553110383,0.7031071520248066,0.7189317855988432,1.1219594434900177,0.945363879475339,1.1856243064517644,1.7233453913747174
2023-11-01,1.1240838331789091,0.8953692403123382,1.3789045445331534,1.3146395383153164,0.9757700982116628,1.3714011584221437,0.7318741505476645,0.6057797165258918,0.3953913763717217,0.6753589275183853,0.7402453208364385,1.1517746173533365,0.9347012514640902,1.2233062663606689,1.6613058348873226
2023-11-02,1.115709922472145,0.9005611103218335,1.3137363981784262,1.2087589948504158,0.9316845610541168,1.449002336810716,0.767427525313539,0.6476336314807798,0.5167978016587774,0.7409109270175412,0.7375142375347676,1.2368263582417247,0.8982717684008944,1.2448649880446148,1.6641841136823399
2023-11-03,1.1121090817588104,0.9102856559458089,1.293998066083396,1.2308378485367277,0.9890583481497055,1.4572487687420344,0.7779791571690091,0.6300830461486683,0.5889257456168273,0.7135237067269736,0.702232132393468,1.368126116706316,0.9098740727279578,1.222537561831376,1.7440830324628311
2023-11-06,1.0840413266606321,0.9151918550426935,1.2622886909572681,1.2265380179534167,1.0189019639337864,1.4110611301259763,0.76627848874993,0.6458623457753301,0.6450882706128501,0.7129457875563429,0.7466207813983557,1.3146366502485525,0.9029148792878994,1.2490435234636135,1.6144382473698398
2023-11-07,1.0851584652617692,0.9158306068702249,1.2613711610450136,1.2006074930737471,0.9936507832773092,1.4124889939092045,0.7464728566934664,0.6528495537640786,0.6500990466122756,0.7101571871698618,0.685859755871067,1.336976648126919,0.9130252638025407,1.2272836975513695,1.6376415341478412
2023-11-08,1.0552497127726785,0.903787696727954,1.277508070203412,1.2187321245126386,1.0297319936967477,1.3935171249493727,0.7310344020422856,0.6255669649099062,0.6279804554224859,0.7146869199765025,0.6969100760974685,1.3136517456509218,0.8933693933585252,1.2281673534350717,1.668140434048094
2023-11-09,1.0565208566850888,0.8937223019414611,1.2627108045343873,1.2177537518063402,1.0345121357014273,1.3839653084427463,0.7298804917062492,0.6141569849739058,0.6212051601703549,0.6779166399293056,0.6933974325359735,1.2751386051977045,0.9090867045360819,1.247049526969798,1.6231642731518112
2023-11-10,1.055516499378109,0.8865371212503956,1.2580094989612138,1.227072944291956,1.0447027647275295,1.3969096939782786,0.7330757424967673,0.6089206242189977,0.6255655036580577,0.6785319262963693,0.6884363016422116,1.2726935279973846,0.910574419027474,1.2510827605280213,1.6295548126646364
2023-11-13,1.0605244631481392,0.8745130794922865,1.2547672146424762,1.2195658310030288,1.0411167171426319,1.387887011919044,0.7310429308304778,0.6071866284714346,0.6279681102784858,0.6720173757589168,0.6834263505577897,1.2488181053348457,0.9208284553620583,1.2709575720273005,1.6220231230688191
2023-11-15,1.0446984511031967,0.9685709733682324,1.3402433021364673,1.3827270832112082,1.0592604088819473,1.3104162438331652,0.718927638170539,0.5476010432707271,0.6070986742069232,0.6488483227811979,0.6670704573599008,1.1515459386920388,0.9485423214744283,1.3403802405711531,1.6254508427003964
2023-11-16,1.0311489259355566,0.9877297278616379,1.3447978069340325,1.410043836716297,1.0538982188965487,1.3331179661750592,0.7033578828894037,0.5427215876936397,0.6099916792492402,0.6455631362708288,0.7135776380546496,1.175244994503993,0.9369432456358613,1.3383048011058667,1.6175398319141356
2023-11-17,1.0315240323894292,0.9776040791408629,1.3412082504726988,1.4091920539154168,1.0846868628908446,1.3189330281134448,0.6786221424607112,0.521082465471702,0.6224788641266135,0.6432059965774035,0.6911410800385318,1.1275065269972788,0.9139327028109556,1.3272604172201752,1.6074045283779388
2023-11-20,1.0257126396919394,0.9765873111250745,1.3248638292999961,1.3976948094762718,1.0759970962813998,1.3215418999167294,0.683518639411433,0.5247341003862881,0.6232329223707971,0.6484210829666119,0.6902737041259508,1.1275262256046135,0.8978572013567283,1.332899300160024,1.6162988872111475
2023-11-21,1.005222633059627,0.9699555554204891,1.323814998226311,1.3865544793679538,1.0613031187495585,1.3021697329893456,0.6858041180639428,0.5181272221587699,0.6129815081359264,0.6789999635147244,0.6972178268580789,1.1102684963789726,0.9216832235170476,1.3421081178097733,1.6272215751050263
2023-11-22,1.0046411355647609,0.9976748758598883,1.320696342325319,1.394419115158671,1.0394732942404388,1.3047344719916314,0.6956998423884921,0.5208817302242454,0.6245269479666601,0.6731188133272098,0.6913474016178844,1.1094387605567226,0.9237405354584737,1.3359955200582816,1.6326877276721736
2023-11-23,1.0249020709627008,1.0119053810162377,1.323543856875398,1.3982481503006556,1.0870249168287773,1.282948556027629,0.655568236338734,0.5181351492331331,0.6227261717561066,0.6505267926696416,0.6379561582709997,1.0940890118189852,0.9503132914578856,1.3213339457136115,1.5951226789709836
2023-11-24,1.0191473560743973,1.019444090699689,1.3342745792645319,1.407850669165063,1.0919664936590214,1.282729077611716,0.6620112678792275,0.5305627093205407,0.6320463213643502,0.6460484849186705,0.6385580298202032,1.0977216997386585,0.9579401073578813,1.3218180348038873,1.5946928469309094
2023-11-28,1.0120160691323645,1.0171394598170986,1.3283630123367753,1.3959208505703358,1.1355384960207575,1.291078544395594,0.64643323097517,0.5298999057245269,0.6546357719099976,0.635153807559487,0.6511092568246953,1.0765695714900332,0.9849459852468968,1.3128318578288793,1.5577546991232518
2023-11-29,0.9963680820103371,1.0242568015863693,1.377800075118504,1.4043471001755914,1.0277939881560385,1.2338328363717352,0.6395180125105305,0.4705217295475541,0.7098711049001127,0.6428348533037955,0.6513725714901709,1.06656333052499,0.9782022726973558,1.284778300444623,1.5315049022822094
2023-11-30,0.9872310216697012,1.0358964648403965,1.413195510269135,1.432341610107762,1.0191986946282978,1.2463324252684038,0.6288292895265605,0.45048657094258354,0.6734562593782536,0.6497142366525326,0.6463588311852714,1.0525220928223298,0.9894513754112235,1.3181469391681797,1.5520030794743693
2023-12-01,0.9686238448633535,1.0262940313771383,1.3211338733282056,1.368357260991317,0.8524452302635183,1.160335949529454,0.720755164980109,0.48734411740411304,0.7430438776013136,0.6870954133684662,0.6623123058608434,1.0856337034393206,0.9654397820176776,1.2498683486939453,1.6097846902667912
2023-12-04,1.141126151235234,0.9093889263783548,1.0484053460341693,1.141747039042505,1.0099780918331502,1.1036589859124606,0.6958831126478376,0.4337574303765809,0.5556054678075019,0.5689763337584108,0.5430003308806746,0.9521281614218573,0.9446669054662885,1.05813988519983,1.5592621864826324
2023-12-05,1.1303198911593273,0.8660713653211577,1.0113456920853487,1.1131244009934904,0.9846421614267516,1.187910704367349,0.6598301745582112,0.4392468803646896,0.5463500940847412,0.5623408897981924,0.548969336154953,0.889014720492398,0.9139610715705258,1.050700278595069,1.5157477077056294
2023-12-06,1.1221062337880978,0.8796625915795943,1.051408087488353,1.1154887536688198,0.9792701935594287,1.1673192477623746,0.6836097079440223,0.4521410623691525,0.552426860339724,0.5573260113199802,0.5374289952724831,0.8741879135047386,0.8964361141839505,1.0542907941918702,1.5141765135596157
2023-12-07,1.1066514843180715,0.9073607429936422,1.0419880660272227,1.0919388457836607,1.0230408728009643,1.156109164983339,0.7089813228561691,0.4714212321460335,0.5746154655068992,0.5823365919548865,0.520581291824776,0.9028286383896884,0.9475936722747672,1.0690874097358198,1.4984693683369448
2023-12-08,1.1131288107088715,0.923222044168901,1.0650031963350561,1.1046400966377443,0.9915689410216264,1.1265376509454694,0.7046136878691126,0.46843224300529285,0.5606839400533133,0.5861259973401155,0.5277776379806498,0.9360808084944483,0.9342422997598795,1.0747013247845345,1.4812494175410322
2023-12-11,1.1172639994721498,0.9333299518629637,1.0538636277159124,1.118804014715848,1.0437405609275694,1.1280610548457246,0.6913021791778562,0.45267209913880824,0.559525748171968,0.5882905226899843,0.5154881808888162,0.892271163307605,0.9469424807759401,1.0619529033790984,1.530631310939419
2023-12-12,1.1292912958448849,0.9481001142322536,1.034310928537601,1.1180720035299292,1.0562051436098963,1.1374131795801852,0.6848928852006939,0.4630442263753997,0.5732616895554824,0.6268554907909203,0.48814195926960174,0.9214427768556082,0.9520260158218788,1.043797609510789,1.523583221462777
2023-12-13,1.1245245275819786,0.9523865839602577,1.0352224340134746,1.127039663361096,1.0401266627801695,1.138350366813627,0.6815823578469851,0.4755923870342454,0.5657244380540333,0.6278833971285132,0.4759626500476688,0.9186494348748675,0.9227447039265408,1.0436381972838367,1.524974260169889
2023-12-14,1.1346956707792488,1.0640347142440114,1.1402759336304906,1.243857335057357,1.0392875658029113,1.0838398157079774,0.6920114543285456,0.3938915057352844,0.559084222969101,0.5856128921078777,0.43273682292316473,0.9345353821794942,0.8930390916398032,1.0046502592065905,1.5950564291938143
2023-12-15,1.0758429444935709,1.2342150529119942,1.1950171709350599,1.3077841762344458,1.1081042794174591,1.1733176953815654,0.6431810419286258,0.284748307357494,0.5097733509351869,0.5623684248843656,0.4092473222008454,0.9108672748993295,0.7594106943844912,1.102061216407153,1.5512991809863614
2023-12-18,1.0681774526852308,1.2273224451243065,1.1847947299516166,1.3113247607076743,1.122087579535688,1.2127470220739907,0.6721781490902832,0.29842778254625185,0.5387669452392395,0.5462074603271349,0.3870711735480875,0.9179830084825261,0.7383563055422614,1.0869877998607314,1.557637578983182
2023-12-19,1.1085073931161982,1.294026400626928,1.18625140688688,1.331458815528235,1.2252559808086905,1.2831521614308345,0.7262237020516367,0.2862474159714511,0.49261972965707734,0.5966114414888027,0.3144796971689997,0.9015383340552066,0.7261872520177404,1.0671259692311788,1.5648884370624243
2023-12-20,1.0448508500630382,1.3304206183159417,1.199277296288427,1.4505566093280067,1.0497804556702657,1.403019011764083,0.7084292840132422,0.3407950681202244,0.4407439820957185,0.6040742950753393,0.38892037475470537,1.0222966111123122,0.8136526603366789,1.2346537729916598,1.6384626747013815
2023-12-21,1.0662299758530804,1.3253230765952533,1.1652652074036212,1.4765004771091383,1.0276719992080485,1.407179077822015,0.6938308575825328,0.3365271375662289,0.4689011875323188,0.5819412662013286,0.3369043199622424,1.0290491483606825,0.8092222059563636,1.2359110117495333,1.6633408626352906
2023-12-22,1.0745385189448813,1.332718938394757,1.2307944348110962,1.4935204500227852,1.0296503082099118,1.4029171408996908,0.7001306483996782,0.3461763011977422,0.48816105577617297,0.5834506933564636,0.3434043931853083,1.048034197518334,0.8179041238083428,1.2561529580725965,1.69367501874283
2023-12-26,1.078037988855454,1.3085326867691809,1.240113574695276,1.4870227154444307,1.050599093608746,1.4185248395772367,0.7006646561906329,0.36186124724806046,0.5038342484220402,0.5837928120507001,0.3464159454652604,1.0548760926565777,0.8268283324020501,1.2742037054808821,1.6768620177427673
2023-12-27,1.0723198159469005,1.316025624756037,1.2054804618726254,1.4422132316530194,0.9924906278749216,1.3369251856195679,0.679919211600661,0.3685890180028311,0.47175927070031215,0.57158541419746,0.3786453883301348,1.0484359102735912,0.8635407956884756,1.2867630124266924,1.6374315041842098
2023-12-28,1.0467350077216635,1.2786445873078043,1.131467473115398,1.3086398938235544,1.0481555992724987,1.3663494070435613,0.6478379650392326,0.3380012657195193,0.4007355297647872,0.5690398929739355,0.37410310562878535,1.0286150357282422,0.9394926187444997,1.3000447553986452,1.6232832579801508
2023-12-29,1.0605192976708322,1.3074204381813288,1.1312793448817497,1.3362483708903927,1.0416674249712894,1.33831735663631,0.6441532686582274,0.3300987135978257,0.3887558523393458,0.5412725924764376,0.3475979576497765,1.0137510610863807,0.9509891155625123,1.2635143812575218,1.6133629036883828
2024-01-01,1.063616604140015,1.3246598960925016,1.1374556466781782,1.3357406729785286,0.9496473503751438,1.3070067478539384,0.6189178879999994,0.2900566262697966,0.3655935306344215,0.505960972439997,0.2865800402273642,1.0153129809785477,0.9720735257147533,1.2648655691691384,1.6778220743168293
2024-01-02,1.1095782654485762,1.3728001005189794,1.1738501680464535,1.3497320071283168,0.911025605591465,1.2731963161945794,0.5904236275715053,0.37853500905691917,0.399590927101624,0.40897497786781434,0.22944821607805768,0.9856375697915833,0.9562378344819611,1.220978261626214,1.6511472674104404
2024-01-03,1.079136115615326,1.4218478437145319,1.2445255415086751,1.4106946144004375,0.8892729736859385,1.2734722590612295,0.5362291729147132,0.4587674403827206,0.4241422844651049,0.4118670752691348,0.23201557457647434,0.9622384423370623,0.8928058805325005,1.3018593907221396,1.6334378648195327
2024-01-04,1.0643268097832226,1.4297729884703592,1.22115810948149,1.3965719225461668,0.9486069686403281,1.3230131442128705,0.5097927377906483,0.4903104083141164,0.4584725911118213,0.4193050368229971,0.197440339063059,0.9520873359052936,0.9163169459039767,1.273868073836596,1.6787787775387688
2024-01-05,1.0411230294303815,1.4667393069707866,1.2346911845644974,1.4249902255653597,0.9720480952819229,1.329850527179452,0.5059234296985219,0.485562986437667,0.4456776981422993,0.4069278963829089,0.2437750647929739,0.9636390325117541,0.9306642491184535,1.2504658802997555,1.656459636668173
2024-01-08,1.0107733189032746,1.426430172441922,1.2610110669266708,1.4240767783479726,0.9169965253244834,1.3010676532481593,0.5494248658960376,0.5542240469272572,0.521984703468098,0.3900122425108298,0.305998091788987,0.9971410848191561,0.8395404573920302,1.247083817909847,1.5110433540528927
2024-01-09,1.0047271473842556,1.4407974716865954,1.2147780195613744,1.4311841424187814,0.9334709095057472,1.3000755183550499,0.5396808419465903,0.5443525283534687,0.5202184881894357,0.3945610733817116,0.2804006113239993,1.000337885949246,0.83619325966615,1.2649132833307037,1.5227008125391661
2024-01-10,0.9981025632574241,1.4182036445533994,1.2093501045920911,1.4102613692779467,0.918702794029593,1.2884198329365806,0.541923823450663,0.5320997976218745,0.5131297606881532,0.39210765497844263,0.27827704539818704,0.9797960240642732,0.8273207474298923,1.2731442752379767,1.523020499121944
2024-01-11,1.0009705987143436,1.3920891049646165,1.1937801850246306,1.410335033509772,0.9232349557818295,1.2917752844121828,0.5366850377653002,0.5628990926683827,0.5168326082517706,0.41016106546022624,0.26180414722544526,0.9871590442209729,0.8349341506568523,1.26802751793349,1.5264548843635914
2024-01-12,0.9783865906265685,1.6313102117342984,1.284441726842445,1.5209663950318204,1.0864027541789856,1.2305440819889477,0.549334708310673,0.5066932892515891,0.5031088051931352,0.40327478279412243,0.25341835171492694,0.8966300185026732,0.8364291612925727,1.2463423791023553,1.4603693189635234
2024-01-15,0.975651507947163,1.6584246490670105,1.4250997047093528,1.5418211059082785,1.184131701195124,1.231322996382054,0.5348825917428194,0.48391544713551415,0.5012825531539096,0.3966008539637825,0.28530160214507455,0.9214551805710104,0.8767048238878927,1.210209292599799,1.438182733196216
2024-01-16,0.9641425450442196,1.7082858277289068,1.4536821234749884,1.5655308359637363,1.2029280711684205,1.2297553532905894,0.5136557998716852,0.4866376593643711,0.530843310213664,0.47236066281050987,0.3796767641774944,0.8996909073098317,0.8996422827557649,1.1947397037772651,1.5030803603749006
2024-01-17,1.0710625555011075,1.4098339512552638,1.2436635293504565,1.281052448080512,1.127929965681211,1.1000402033916619,0.5201243290388438,0.46382706540803836,0.5525645323884317,0.4765795431848691,0.44550286227354674,0.7546222241109326,0.8283709646533335,1.2950344493441681,1.3882221999267397
2024-01-18,1.1029045921026992,1.3943267732905227,1.2232145887431138,1.2297408073287392,1.1105192288467225,1.177064357177822,0.47442464521783395,0.5077103578052559,0.5615730225038682,0.4169381272228032,0.42399727073566246,0.7225330447885743,0.82695965860099,1.2590936144487987,1.3587391696001199
2024-01-19,1.077281582616044,1.4190974448961609,1.1733895155903076,1.2746248482553877,1.1833762800161314,1.1891651056565835,0.494198293493985,0.5281724836431299,0.5779249413294978,0.33649009089780296,0.4397920021205882,0.7718093609507403,0.8976586210589753,1.2507689553878654,1.2522469710322857
2024-01-23,0.8934139910812744,1.321082773738271,1.2608175395109444,1.2375948470490818,1.3890474673196485,1.1550112938874857,0.5880750675370168,0.6155661775275786,0.6421901964238503,0.11793154423904958,0.3750975022036839,0.5886373971902845,0.5976001507846844,1.3687072779974847,1.5005654396904324
2024-01-24,0.8479566968448308,1.3877628836223241,1.309571539967882,1.2423629026289118,1.390890883931178,1.2319995348009272,0.6594854092741769,0.5484117043755277,0.6847117691028651,0.02714457018023978,0.4102928512264938,0.5103159979486449,0.5779423844437378,1.479311551617127,1.4968592381438952
2024-01-25,0.8699703823152896,1.380900247125729,1.345220236156971,1.3912512965201682,1.369350252105479,1.1653508244020228,0.7101481183190139,0.5274309439876853,0.6961283308582855,0.049218786426660735,0.4494316620003427,0.5118597387087336,0.6310303739664125,1.5211072752603298,1.4320471764999532
2024-01-29,0.943199604865783,1.2298761176797066,1.2612174071328914,1.2416039759292266,1.6098502212969386,1.2148782287391326,0.5978114323622514,0.5129160893362035,0.6400482787432981,0.143225335841168,0.40831626523494585,0.580520989905321,0.5634533905264648,1.4494623881723303,1.3273245251293677
2024-01-30,0.931396326507299,1.19558573842154,1.2285696993797368,1.204209936084917,1.5901762753428854,1.2909084935313784,0.6632442007536632,0.5099959533103424,0.6417197263170261,0.18210873858583612,0.4055227919204072,0.5738638955901185,0.5427534794890966,1.4070438155369938,1.228910440019708
2024-01-31,0.9104996114039813,1.1705689403811468,1.2314657135505522,1.2009584892318255,1.5961755944778953,1.2530261359937467,0.6757023423620556,0.49934147157167325,0.6611702588490589,0.28920802990680616,0.4914956057183878,0.5582165353319897,0.5448532722045047,1.3777986462423384,1.286288788312242
2024-02-01,0.9066039009799962,1.1689808804799104,1.2509298666486113,1.2276943797802062,1.641697218694486,1.2410076078496264,0.6660105563487533,0.5033835759023723,0.6340785180729916,0.28475120886986155,0.5235483370490349,0.5535154501522564,0.5570606511093036,1.3794345716691228,1.3023311246008586
2024-02-02,0.9039305264515274,1.1816552692960902,1.2796579631478457,1.2351093786181624,1.6699246777774532,1.274595452405767,0.6488813202229474,0.5127434678062508,0.6273068440322338,0.28393608824575456,0.5432189011717884,0.5090911539399332,0.5450613001070782,1.4196789526408395,1.249912200279029
2024-02-05,0.9174925756057674,1.185697478534154,1.2996094128889037,1.243071561202366,1.6269529088544317,1.2733147978919417,0.6511975245602374,0.504279931741421,0.6066549253853211,0.22685725641212623,0.5091153026441478,0.5435298637171293,0.596732611122032,1.3656368942052541,1.3010234835133383
2024-02-06,0.8964163482109808,1.2093010913735032,1.3343127109488189,1.2538436694794097,1.6570013957686527,1.2673418627322675,0.6194499595586462,0.4988453463695991,0.5687389444300228,0.2404810953534894,0.5271080563257045,0.5201673673786938,0.6128091336306885,1.3848321146752551,1.3029657907058
2024-02-07,0.8936487874857618,1.2214452589665656,1.340315219468189,1.2677775019921629,1.6598594884942344,1.2747136870690796,0.6185995032425878,0.488077286522813,0.5606466729195332,0.2342135459149212,0.5268696024418985,0.5229008235868282,0.6137139389172723,1.3857893906060277,1.282535490736998
2024-02-08,0.9794877226412664,1.1770280091254823,1.3431918632909394,1.2365941445639383,1.5860670925072016,1.2494196475042787,0.6737422233446978,0.570854106397407,0.671246712802419,0.2268442928927637,0.5254596149402533,0.529520009593187,0.5716804749883196,1.3703424243207212,1.2484309669312668
2024-02-09,0.9814389662389679,1.170859853278592,1.3415754108477036,1.2369719680957463,1.5788684786393175,1.2436828224057728,0.6749625815160059,0.5735149606898127,0.6771692186963352,0.2339693380459582,0.523600968969699,0.5375218218479583,0.5649118165742627,1.3643001787422255,1.2480787695055873
2024-02-12,1.0067943114107953,1.134206361500488,1.2622312026968274,1.195593116052994,1.6475927835215698,1.2981818366635054,0.7109619355343652,0.5501364469868246,0.6644210035438278,0.23927220315183131,0.4405940165383667,0.4581022579346034,0.5617609231639988,1.411008702193613,1.3147760297711402
2024-02-13,1.0147693243110008,1.0933347858590277,1.2494609890624897,1.1298298203193295,1.6496781439940038,1.3390151507067865,0.6872004339743978,0.5529113485323646,0.6762276640160465,0.25130811545185955,0.4562559864009096,0.49246258528340214,0.5335045282369022,1.3803724346372317,1.3220768531210196
2024-02-14,1.0186949468770583,1.0653942673923422,1.2429707702177095,1.0861853859673187,1.6688455398461282,1.3384807844076372,0.702521115351356,0.5654664577374766,0.6824122562426478,0.23455798150135193,0.42838822586478487,0.4791270883312539,0.5326743053248654,1.3953514027838705,1.3254215629719728
2024-02-15,1.0147827439517805,1.0622614542235274,1.2389877358846368,1.086062424358686,1.6521068923720807,1.3467751190885149,0.6990978599389553,0.5735337459788965,0.6810724080016307,0.23054537993808913,0.4381172261942696,0.4928566946579704,0.5296957815880785,1.3999637797560287,1.327046880438947
2024-02-16,1.0154411366703486,1.0719342669179581,1.2944766461245123,1.0921119537822666,1.650562536980724,1.3265625749905035,0.6969090827384848,0.5852677200037487,0.6686898534190076,0.21537507431761313,0.44388580984214926,0.4796338610981624,0.538274310941449,1.3957247320755648,1.3220711573398576
2024-02-19,1.0167329302070875,1.0719485706906835,1.289623029109998,1.1010273836156648,1.657257691858331,1.3338696514713375,0.7042423684139114,0.5890887406087061,0.6727327353039098,0.21496980815166408,0.4472958315799791,0.4862681858332177,0.5422442810825969,1.3850528894430156,1.3062598662933105
2024-02-20,1.0220183850371054,1.0680585513715621,1.2829221154708697,1.104133520741025,1.655539741226757,1.3406154801467045,0.702194686717782,0.5925584336848665,0.6713853444411041,0.21516138200084572,0.44363367307230644,0.4924890702521187,0.5408836552627693,1.3803867280732862,1.3097684588829397
2024-02-21,1.0234873333428975,1.0901253155036634,1.3176821477265173,1.1264482907810354,1.6665647313913012,1.3874473787608135,0.704737914967052,0.5809288361158513,0.6618349804743676,0.20856969695023178,0.4466505843301297,0.4848506882365244,0.5488051509952746,1.3164428692434595,1.238698439888419
2024-02-22,0.9996439474758915,1.095614973588679,1.3161815619923976,1.145329727482555,1.6448129367203284,1.385287394917164,0.7397186454894636,0.5799501394130778,0.6573958292024299,0.2101468998760502,0.44283281885824466,0.46509790520444744,0.5313420122814951,1.3195627211896648,1.2201631312282553
2024-02-23,1.0016031818993145,1.099156435926526,1.3174018479126173,1.1485981020889,1.6392807882396014,1.385371273611786,0.7486462183799484,0.5758916479999111,0.6500291489456467,0.2183259257035864,0.43486517515398887,0.4756913530361741,0.5308010667184605,1.3205223374286523,1.2255232042168158
2024-02-26,1.0132614586876982,1.1096437928658958,1.3053214783177152,1.1583734288585177,1.7213144645282372,1.4135222731285175,0.7522792961582045,0.599521182423588,0.6251030007260702,0.22185557494612893,0.4320546092530549,0.5168492537304017,0.5423810335357492,1.358711020272146,1.224834604049048
2024-02-27,1.0126017903945717,1.1087737013286696,1.2998653423250224,1.1559771444273246,1.7153417504473365,1.4073337598447788,0.7544804447090552,0.6009329101695706,0.624143957962176,0.22702138652691434,0.43082849736890527,0.5167606837785663,0.5480198879915672,1.3619718738969475,1.2293045130960678
2024-02-28,1.0241345798984762,1.0678012641783368,1.3804839481845006,1.1470341720723134,1.7300256799166436,1.3647211415434202,0.7015600103864752,0.6155655720055557,0.5793989510131199,0.25279671464350395,0.4454057613965236,0.6283180712127271,0.5335165394817074,1.3803694030815574,1.2728745325365238
2024-02-29,0.908753047092619,1.154900864062221,1.5649052637433492,1.2660648432238648,1.7319764081039806,1.415223195516058,0.7176439828964112,0.6772400056278062,0.685073730576607,0.30695430353504194,0.5005292007208018,0.6748170511172935,0.49873346823252535,1.5005155754264725,1.2661991824641432
2024-03-01,0.9513535766205695,1.0558612806451164,1.494927795965191,1.1983988858688914,1.728863586481192,1.3588427295170036,0.7284698647323062,0.6321044903227473,0.613351682042139,0.21726892148675409,0.3100609787724829,0.6407382501334116,0.4938402546811444,1.688547155682965,1.2276517498506798
2024-03-04,0.9552541524973401,1.0411332596591254,1.4710091914071488,1.2005402264572809,1.7496559465972599,1.3894472856501359,0.7081877062231192,0.6190470068958199,0.5958743501369227,0.21573802660834945,0.3291334289488187,0.6428241104181982,0.502286598799814,1.7008132747750886,1.2399007108428837
2024-03-05,0.9632036798722468,1.0537414355596235,1.48254323728174,1.2040019321430149,1.7209666331035953,1.3849146910068724,0.7050957609951392,0.6374754464209117,0.6000650736869058,0.20177155985736828,0.34178087706040383,0.6259328697504886,0.45257618437972835,1.6959942787573798,1.2339337363754135
2024-03-06,0.986374549313327,1.0468733131967882,1.4687675936288833,1.196942730579521,1.7057261678712754,1.3546537690736395,0.7199653081536306,0.6368325624313121,0.6202002996667744,0.22230266893239806,0.3439503025808969,0.6112089951612448,0.4738958733698013,1.6901794396082706,1.2132268972151687
2024-03-07,0.9867289797672926,1.04717617016382,1.4689711871997893,1.1955619206014136,1.706808839660064,1.3547356369607997,0.7182540624901316,0.6354960973812285,0.6200019812637444,0.22260277161173553,0.3460736202502599,0.6115340527099735,0.473810208185872,1.6869604777324423,1.2131285148109527
2024-03-11,0.9833951023714107,1.0469162286690807,1.4658558425876522,1.1727473013919665,1.7087270233460203,1.350148123257638,0.7349787957804824,0.5771303167967635,0.5774363232194307,0.21240030889376296,0.33967807605481565,0.5134519680152726,0.46854154655712293,1.7279282589212182,1.2168028682028331
2024-03-12,0.984473078747028,1.0440246141103884,1.4679804445541111,1.1715855871332714,1.7127700767202547,1.3548970477621647,0.73805173439969,0.5796114896572873,0.5812820595984804,0.21558473401874714,0.34430820513293237,0.5164929545975867,0.46759786035903517,1.730303458822685,1.232658962029621
2024-03-13,0.8731459229508045,0.9126934539434037,1.3869046469175679,1.0642354940986047,1.8915126870545491,1.5920167918132666,0.4789506784678446,0.608161553822776,0.5540166409693962,0.3144840775406002,0.3608205905885109,0.5583376246234949,0.5846739207119314,1.924349578839206,1.2720377983276463
2024-03-14,0.9180742611232506,0.8118425501897134,1.3856443135659833,1.007348098476486,1.923947158490244,1.528731137942007,0.4951032325265749,0.7085951048211303,0.6236191265773801,0.3320099321878275,0.3634803988946845,0.5609138953783286,0.6897990195911847,1.8572575858207108,1.3111437419542384
2024-03-15,0.9117041086607123,0.819643270695096,1.3775005796410407,1.0060144744126358,1.9345538085727028,1.541612097947064,0.48276557608193477,0.7092465502268984,0.6018796282782417,0.3656527445393704,0.3652235369660968,0.5627255236514268,0.6498848826182856,1.851369374733006,1.3294603340126903
2024-03-18,0.911746330546732,0.815743070067173,1.3787078155725974,1.0065471529542565,1.9358608413634275,1.535921481821088,0.47865329374477544,0.6924982562954564,0.6002456662205443,0.37178530799441273,0.3651832361258953,0.5665718736552763,0.6518153537911007,1.8695608236810601,1.333388901530137
2024-03-19,0.8679151898038137,0.8594650490465054,1.4427482868524757,0.9760316483227809,2.0678327857259777,1.448955217590589,0.5058650883305222,0.7503885409258112,0.7572528174209106,0.3809951566560267,0.43389507456754617,0.47605590736542835,0.585036804506874,1.7601317901014362,1.2783736020302068
2024-03-20,0.854994815303063,0.8644388145346501,1.4471560750096524,0.9815532904704592,2.0906117153439654,1.440020582021209,0.508159076641384,0.7568645422026188,0.7336030744831018,0.3863282354777629,0.4431248922314416,0.4652015882993584,0.5849005461179343,1.757414630987249,1.2567646122442615
2024-03-21,0.8495290262419284,0.8348687133613069,1.3853557608106324,0.9786430237667425,2.0483517386280052,1.4953205059334584,0.5221893955956199,0.7397643081732518,0.7057631580082185,0.3903658816707439,0.4305358728867527,0.4476083312656565,0.5427896310941283,1.7781146380208763,1.2831328893191707
2024-03-22,0.8373439538354,0.8208882887094634,1.3445817903015018,0.9591205134807448,2.0341072505208198,1.472189715132967,0.5359913980273392,0.7395847627385073,0.7021723918865811,0.41414419967616095,0.44176877863772174,0.45996237388963296,0.5444038258806965,1.7774597880345626,1.2953307351205434
2024-03-26,0.8440130642216997,0.8085105515282852,1.3890745979054122,0.990486391323115,2.1066728244449644,1.5212774566623923,0.5428020725264168,0.7318994543725884,0.6963681954641207,0.4381358235996432,0.4311206571926974,0.46211669187191035,0.5347002636081108,1.775846978300559,1.302421561141284
2024-03-27,0.8474868514770748,0.8049798435427171,1.3722304825032843,0.9836739827016414,2.0673151234991565,1.4938825106759264,0.5204475191626194,0.6891256085398606,0.6650962990532407,0.43239427941635966,0.37028029827497144,0.42134296601832955,0.5259272514056751,1.7697948598791264,1.2981496183506336
2024-03-28,0.8430358408963662,0.8052584500529959,1.3873520954572096,0.9459005747100009,2.05951067753029,1.4844876545294745,0.5120458758379512,0.7391846590292425,0.65882152448852,0.433840830857246,0.3994721670596325,0.45046997532299166,0.5104963717418274,1.7868871321932773,1.3051053391437315
2024-04-01,0.841924965793838,0.7963978331741255,1.3905076722252707,0.9342158132029188,2.0447352907075627,1.4991129179340423,0.5035201124403232,0.7122266361257157,0.6501164113158453,0.4315317107912426,0.41749697257567886,0.46807203061332625,0.4868961844239365,1.8403815625831172,1.375782249556124
2024-04-02,0.8250124140929016,0.7900750483656447,1.3791347323090113,0.9235804215266613,2.0562731201787883,1.4879212849708794,0.5131027488074547,0.7056327864212324,0.6471218530997337,0.4639081352807308,0.439803154848368,0.46925696146842855,0.4983466234533578,1.84142355260027,1.3661210474219805
2024-04-03,0.8470715421738766,0.7410554930057414,1.336221042635637,0.874568391003231,2.0873886394442933,1.500137077809364,0.5558445772198045,0.6824082546796004,0.6508128325258873,0.46903723005633724,0.4549471834676446,0.4845291056506116,0.5233247589873897,1.80162448498721,1.399101769762382
2024-04-04,0.8632017571946897,0.7242075999229874,1.3675868255352925,0.8928994003686335,2.036229551703032,1.4613728602182996,0.5568843503187464,0.6549752697003873,0.616243843870221,0.4569048419085728,0.4870611502778218,0.5001027380182975,0.49615486244722407,1.8306820126893746,1.2896716519101972
2024-04-05,0.8635335095042601,0.7189085919365505,1.3658140821088878,0.8960457849480539,2.0372497260220324,1.4675560326411112,0.556546024130685,0.6642891952729485,0.6240123893926207,0.4660723184287441,0.4874928351179811,0.5038889948195371,0.5014630032390592,1.8368860119615726,1.2944197730021039
2024-04-08,0.8503670446189053,0.7125635264579504,1.3262664139518898,0.8674875221787428,2.0911310480434917,1.5408125484368134,0.5268934253086449,0.6006779561443121,0.5939608274765513,0.45860200324577405,0.4526124677358718,0.4429167589164149,0.5267122478781365,1.8365755117957645,1.3507539946439646
2024-04-09,0.8517100751709673,0.7039644661713274,1.3304956865189372,0.8721465296308816,2.0962136710031616,1.540289443296547,0.5295610558846034,0.60040722880068,0.5982156638141318,0.45718689425295195,0.4540651656023021,0.4227493246465372,0.5254048445488603,1.8327491370454239,1.3492591833988412
2024-04-10,0.8817933508135636,0.7160559927695969,1.3252323744230592,0.8803624847699502,2.1174483440608234,1.5484521717639892,0.5597899452571207,0.6147248328337324,0.6055900828233389,0.45505441337361474,0.44547096057653174,0.41748926643448553,0.5486114208926312,1.8166236453912483,1.338857547643284
2024-04-12,0.8733998436743631,0.7396171848385935,1.3274774771201474,0.909505987172767,2.131517415972732,1.5105922843733914,0.5872084066041089,0.5836390397312726,0.6167929330605862,0.5754379213551386,0.4740008062232056,0.447342928290521,0.5476269480700835,1.7939251624139674,1.3089588431854426
2024-04-15,0.878612608505512,0.52457065225677,1.2858623609052207,0.8195030038938528,1.8117746872152118,1.5305997119704187,0.5832981096447184,0.5690074637851064,0.5914309194393111,0.5680494445364248,0.5200563156701151,0.5466481920733196,0.5242643529886639,1.8516739798920105,1.3898631578464336
2024-04-16,0.8687013639819768,0.5206034104260132,1.177944981015705,0.7974581043757223,1.7174443302606623,1.5330539957281353,0.5813428023434043,0.5844678225385507,0.5882601656603235,0.5832756409680607,0.4774432189800944,0.5070843671310784,0.48829329753008466,1.9065485393016584,1.4185440302982164
2024-04-18,0.8634538355322854,0.4952061535756258,1.1645757329574464,0.8022488076170765,1.770108364586944,1.5474491615161803,0.6140994029507373,0.6400160587326635,0.5914572837809345,0.5965027525571546,0.49941001445357,0.5839086508073518,0.4014160738738461,1.9036362864310594,1.4289290982805742
2024-04-19,0.7335103091258273,0.6030426882986734,1.3273500775828522,0.9775132576055033,1.8896331704456013,1.6734923226608691,0.654121545698607,0.7077454369455329,0.5767058500414608,0.583805087409093,0.424806425612561,0.7098315490354812,0.4019770118762031,1.8714057278671854,1.496812759464625
2024-04-22,0.7468663973181017,0.647900760751425,1.3695812248292953,1.0437518297190094,1.88215696586749,1.5334754267897277,0.6518122813613668,0.6950911018099694,0.604829167177622,0.6454596401146975,0.44709479032507166,0.7469106295659018,0.4046132287817371,1.8241412008463689,1.5017994012079967
2024-04-23,0.7750254027256874,0.6327311746997517,1.3777396892852125,0.997542496026648,1.836282192995861,1.4971081517429878,0.6332190820787134,0.6988774248962989,0.5604724707276291,0.6506591361578208,0.44597373219255937,0.7195608334670048,0.3488542410541854,1.802517361648278,1.5053099413692164
2024-04-24,0.9467888467294491,0.6552443117905702,1.3407797248078206,1.0212112480935716,1.7082567350300104,1.5405787764310443,0.5458592494759231,0.6475759531767578,0.520027934227385,0.9311503276560028,0.5016013257855235,0.8729992658297894,0.5659267387325242,1.79996447182865,1.282209356761218
2024-04-25,0.6912967559857923,0.6077242403058152,1.300875970429792,0.9419185883694875,1.694956024420212,1.5488749681031913,0.5705113440928747,0.6482143478640694,0.47192846491605134,0.9933389842767164,0.48340697317863784,0.8928032129197293,0.4879352403165613,1.7317292856628428,1.268748690395217
2024-04-26,0.717398899467631,0.6083139940186417,1.2336240219973704,0.607530274710303,1.6702036640912459,1.5991656707987452,0.5152255109128592,0.7016453063929455,0.4912514098224413,0.9896591972802288,0.44926629431058224,0.9239097831889475,0.4609836077210145,1.7283950236083645,1.2465268894460377
2024-04-29,0.6357791501180247,0.7134355532220308,1.2802369871880364,0.7234547840337693,1.2903672627977099,1.6003464997441121,0.6297092749584156,0.7553816844296378,0.5350129953394935,0.9528706033349001,0.5303171305809259,0.6572555371668877,0.5150900878978049,1.8562831887045272,1.195453826192111
2024-04-30,0.6812659011530747,0.7493340321671736,1.3341548961093428,0.7878258241364678,1.28333291072468,1.5398817181492066,0.5491110396013608,0.7775771678783149,0.5287557062054002,0.9116995731103398,0.5624467438952644,0.6788410126644219,0.5245281167106555,1.9306456071290787,1.3447356562359987
2024-05-02,0.6785234256936662,0.7417321568800925,1.3254849820974997,0.7677430187266291,1.2862782178361178,1.5806634774910588,0.5414609236964674,0.782986085635242,0.4631446709603561,0.8258039554442588,0.4135121129682934,0.6732136793113267,0.5028825487660918,1.9753714924944223,1.323052354072228
2024-05-03,0.7155560917095114,0.7091344944155654,1.2780043204999265,0.7768561999314118,1.2046288408537353,1.594662348289699,0.5496956276606965,0.8262020970518709,0.45039642670780317,0.8189854380268389,0.3542967804673576,0.6161604434422763,0.550338602282996,1.9430586897568787,1.3594244261446904
2024-05-06,0.6775141333110359,0.644803735918631,1.2254504180333745,0.7249629947864025,1.1373278368712891,1.5566037008324378,0.5802061110493305,0.8244380361378244,0.3991271990263,0.8107191450291805,0.3494546540087168,0.6035163794904475,0.5634518473546064,1.9026203980122134,1.4107355948290072
2024-05-07,0.6211699993770907,0.5994269488645265,1.1766212258843793,0.6432586057540796,1.2481741942203277,1.6183670276946114,0.5303779328785202,0.7448293569860521,0.3253089456756204,0.8853463220764523,0.37769200025773964,0.6438030687934942,0.49742891475331535,1.9751938906228286,1.4833003852579263
2024-05-08,0.6634418389883249,0.5316115166104182,1.0937945128634923,0.6152681102668297,1.17090509290215,1.6392866951517147,0.5863380275564253,0.7666499051863683,0.3981772217711038,0.882144712284123,0.3562882358931497,0.6729074619418427,0.460903209472181,1.9572542227259206,1.478270352931489
2024-05-09,0.6136170927105371,0.41275426881717947,1.078133785671479,0.6361203018377743,1.3136306360250658,1.6498274664883723,0.749063684196551,0.7587132044987599,0.5449785996241974,0.9092598152752854,0.49667924371674355,0.645987926556439,0.4914162753931769,1.937285236352027,1.4562874242401203
2024-05-10,0.48682477914615213,0.4197060084438784,1.0537305721853105,0.626572792537268,1.403156824288226,1.7429454244962372,0.704457654623293,0.6736907303153039,0.4038373271601832,0.9584871729303398,0.5158330351832023,0.7146095658008298,0.5554336199857626,1.9686716439093435,1.4936652472029375
2024-05-13,0.48564716312640105,0.4330039405244421,1.0515101037615633,0.6244083172576522,1.4175111998423693,1.7551590395974856,0.7005779661765041,0.6578479441506009,0.39329641317064945,0.9380768244244845,0.5154924320873103,0.6784135144875834,0.5683490629210879,1.9970727444293392,1.503199537100275
2024-05-14,0.44223390858102896,0.47601238225926024,1.166503299726868,0.6765726962881372,1.3638160999366788,1.7153962999640138,0.6314890850554128,0.6561902883417765,0.3995603008540303,0.977809118318951,0.608266462733173,0.7971716423447902,0.558630480450333,1.9393346777786045,1.422922830701841
2024-05-15,0.4088054322679675,0.46987855056668465,1.1287354953645796,0.6671700384790267,1.3683644869234852,1.6954585279894578,0.6440196697357451,0.6703283997093622,0.40771834263420015,0.9836457122278011,0.6109374118569355,0.7671684351266461,0.5639527106902962,1.9612223019083668,1.3887480327205612
2024-05-16,0.43387277175618294,0.5621197786711425,1.1423380371245189,0.7851238249036168,1.3292300837297542,1.6203781937027872,0.6376725773947306,0.6395962076259296,0.4382550454350351,1.0028409069455466,0.6033907285459952,0.7934303189982354,0.6408102054877618,1.8762490588231644,1.3940071877922404
2024-05-17,0.4538849445458556,0.5497308606965265,1.1276221597185319,0.7777239947894458,1.295166735355427,1.5944734883015743,0.6694168704450844,0.643432863640605,0.44285554014521694,1.008514143689434,0.5967258238188079,0.8178787124130084,0.6367294050618088,1.8866112159344806,1.393333552901201
2024-05-21,0.4641588751623005,0.511927400099798,1.0315448927298834,0.7955662254750742,1.3063550162820943,1.6390709665400691,0.6705814030603069,0.6250835034076999,0.48173190334803245,1.0248210565747726,0.5750311123547222,0.8321871919141288,0.6482202010281545,1.9321616862605577,1.3799483892766287
2024-05-22,0.46860934563564366,0.5289087960973112,1.0506638712214056,0.7945511654495316,1.3007232419519439,1.6434624311962065,0.6692261287224818,0.6159724716617883,0.4980747796834988,1.0076189520147976,0.5717262722870801,0.8072391603522028,0.6265384849079885,1.9329190985992604,1.3990192814969233
2024-05-23,0.4413995071890495,0.5720681268073458,1.0323900212368629,0.7446520211762334,1.288887462357331,1.444136652432407,0.6304199555211955,0.5632661365397977,0.46388448903370105,0.7463255213261475,0.558395339577105,0.82801492332674,0.6673171837958437,1.8237572761239786,1.2531789921860916
2024-05-24,0.4269532582729493,0.5428994616945387,1.0054172898433609,0.7146199459491779,1.276330134834352,1.390916597702498,0.6256671916547755,0.5795763722203873,0.47364923119563956,0.7710012074189866,0.5623012321355065,0.8513486977634801,0.6585261326901158,1.9026556083900075,1.3492772587210484
2024-05-27,0.4618061724830146,0.5027062592616258,0.9828202829752916,0.6613703885792015,1.294942750767891,1.4017904797190317,0.5760089491120824,0.5697533251497149,0.470486573191762,0.765776350133038,0.5607091210379216,0.8523653973493283,0.6915240184765936,1.9062074476150979,1.3512748445468898
2024-05-28,0.4647272878389237,0.502223643965156,0.9744115445266663,0.6689948883541914,1.3010911576860251,1.409029232566362,0.5786044133863435,0.5729689846031009,0.46217767050972675,0.7648731549948368,0.5475795022654266,0.8548827779430954,0.6987675183025132,1.9066659308828984,1.374784150021356
2024-05-29,0.46769742792198576,0.5071888624013189,0.9779517678506846,0.6940465345117743,1.2902829249110357,1.3904891924348504,0.5455646450528226,0.5329179743455646,0.45570550126976134,0.7143189722590577,0.5165049304500937,0.7890972934808205,0.6532598421911932,1.8545961929678736,1.3599870031984762
2024-05-30,0.44811757830358634,0.5353088309080413,1.0450229556556299,0.7976900134560339,1.3193778891096297,1.4054847902639334,0.5848035445070883,0.6073352801538419,0.4671403016505092,0.7161409012346713,0.5675269981731843,0.8311369181056507,0.6317336852599558,2.0025704064350953,1.3626909607807967
2024-05-31,0.4077627627993417,0.5962340787358299,1.000345343643459,0.7998937770392301,1.3207010726564679,1.4303095962720997,0.5835007942259396,0.5851973130984282,0.4680491404098556,0.7329593089966834,0.5803214812507383,0.7191850948445746,0.6488174796442052,1.994076404044079,1.3653054113735217
2024-06-03,0.48603627414752804,0.4467514129929465,0.8632015994747505,0.7044263307984581,1.5981908885790952,1.808085152423427,0.49527321601663954,0.43503001361898375,0.3083802422888783,0.5011806119835682,0.4219050940263964,0.555124185969721,0.5571780384370669,1.780898935135176,1.5642756922592373
2024-06-04,0.6015810424889992,0.30887500584285127,0.538531721279013,0.4131139243058827,2.225275725990691,2.232604555824118,0.4006336782498427,-0.05295849547136038,-0.0686762875390416,0.41285591781372977,0.36574765468109727,0.300291297413186,0.8769037466652027,1.5683693186173389,1.8287478938919375
2024-06-05,0.722462371984607,0.38671767626004533,0.598862903770096,0.4465692205537396,2.1080379231199746,2.0349300965370554,0.4929461591847603,0.09925104317710158,0.06667038990043882,0.5278559996567478,0.3789343629219178,0.326380261259062,0.8860647700858465,1.6048233943521955,1.7553653002298784
2024-06-06,0.7242387296430775,0.41061962099316246,0.6144370373012593,0.4824517361911521,2.1181295387247854,2.049072189392975,0.4972121702842043,0.07687939409263833,0.05353423578827031,0.5187334323857238,0.3878983404486063,0.33016932881577005,0.9049650262617832,1.6038411534961836,1.7872334127091087
2024-06-07,0.7031682327054362,0.48748058713201997,0.7091926995711513,0.56658704574608,2.108464229276787,2.040078923422173,0.4902476120180428,0.10446565605442418,0.051134528012649956,0.5413406739001283,0.43885138841628185,0.33695798356818946,0.9412494706373401,1.622154366969835,1.7566013360517396
2024-06-10,0.704128482766677,0.4922130217444315,0.7129233724371152,0.5725318035916431,2.108636188052664,2.036623920784813,0.4912287417138762,0.09990362133505092,0.05053219003840917,0.5398746511440516,0.4367660689829315,0.3352282366566419,0.9413538388426657,1.6193989719850794,1.7544659859145502
2024-06-11,0.7001265291622755,0.48751836708927926,0.7173334171639587,0.5761570337700042,2.107398763409954,2.038793040516376,0.48483479629600185,0.11911690201531161,0.0579901956376912,0.5380679442201978,0.4503213803102771,0.36100688312765367,0.9430565091496784,1.6060038770066771,1.7582550387896392
2024-06-12,0.6989683114410645,0.4867478522500663,0.717247395782483,0.5790677960103318,2.107042270514754,2.039223100058662,0.4830620949215471,0.11817710283865226,0.053509544785555585,0.5386585052014049,0.45007844430596056,0.36218571227552404,0.9439743098639339,1.6051790975880278,1.7548178677340265
2024-06-13,0.7321810486474503,0.5034646614007198,0.7198416738459373,0.5748025524452903,2.0613306014170596,1.9701023683112038,0.5809570662985141,0.11834641089255493,0.042867737621640714,0.5255982965121031,0.4672115006825309,0.3308088029931311,0.9056845447187959,1.533399969594443,1.7344676065102753
2024-06-14,0.7285284938879721,0.48595891764019805,0.7010211547282588,0.5659847979869987,2.047038650841648,1.9789364133856508,0.5884237346055868,0.10986644515326718,0.03264191665057543,0.5228374195249686,0.46929310798756907,0.33063551417331793,0.8953811556258413,1.5474649457774565,1.7335564821478817
2024-06-18,0.7303042932340376,0.4821237122500951,0.7141669819300097,0.5600500774729444,2.041148050844069,1.971567555056843,0.58715551331936,0.10891702141334007,0.037005594803985215,0.5152678001806646,0.46549431520537854,0.32747933713697924,0.9135826599671028,1.5411554695266267,1.7234931431509803
2024-06-19,0.7239082593622919,0.4788595247671369,0.7108427192059755,0.5577269437481033,2.044665735616686,1.9774731092838629,0.591236173918273,0.11246507085136763,0.03982290083487417,0.5180160787981627,0.4664511578859021,0.33000508548741925,0.922525596825267,1.541155592066297,1.7293362226612357
2024-06-20,0.747751712995081,0.4497732417698667,0.6776158668279516,0.5419237941976855,2.0661147388565335,1.9897280813298235,0.5721566514664187,0.06605128775919811,-0.010759320773701342,0.5041855900736916,0.42746364323938885,0.32988545099824246,0.938362072322536,1.5551300903371181,1.736947447816576
2024-06-21,0.744002162767333,0.4428472877066101,0.6759233532901358,0.5396182207962574,2.067150808682002,1.9837635668549123,0.5763831965884206,0.07515772188643399,-0.005396284101907502,0.5040875027909509,0.42275355320454877,0.33017324265614945,0.9246743048264321,1.5492383285169524,1.7447494991012613
2024-06-24,0.7450913866189504,0.4454038993194222,0.6678580233977075,0.5318950187772603,2.082188864907512,1.9669065682702886,0.5692059730075718,0.07486001712049072,-0.004926989886901002,0.4985277424555057,0.421882656218938,0.3316133854876438,0.939383544235103,1.5349134889466252,1.722037899736
2024-06-25,0.745132228817856,0.460743379930729,0.6840116471926613,0.5488608065244398,2.0632574289001657,1.9529436150116557,0.5607816625324769,0.06736172504920354,-0.001335448620724858,0.49340767034572264,0.4192300377277024,0.3245071207818772,0.9270199522087854,1.5122547217267153,1.6959123480146332
2024-06-26,0.7419306815538015,0.45218126157933086,0.6716812936304815,0.5357523119991209,2.0716115072721433,1.9679832513074031,0.5604003083396188,0.07566004099001575,0.018016214273849442,0.49677191122866454,0.4114213248490582,0.3040860553354189,0.9305037181065505,1.5017534066973737,1.7046704536246033
2024-06-27,0.7470738277063164,0.46927321180257275,0.7006874580076603,0.5441107893152524,2.0727297371468607,1.9832997152264524,0.561451772609877,0.07911264050585735,0.022824146810781057,0.49154651652375586,0.43770484374597224,0.3171459061362603,0.9309434231790966,1.5033369745563776,1.6888142209378667
2024-06-28,0.752666332569092,0.4661957733161704,0.6882671729795298,0.5558163519902499,2.0554876286013775,1.9863193298777486,0.5653028323876063,0.05561890538610136,0.024272260773356796,0.4825917941780711,0.41388214628716724,0.2997695123028211,0.945621031701059,1.4969490031192971,1.6770752757527314
2024-07-01,0.7530746366830996,0.4756719063005499,0.6955119635601044,0.5733652060747327,2.0503736482723753,1.9642125429244846,0.5731113649987404,0.0673790879483181,0.026468631937654398,0.4793710839658031,0.4012539051673193,0.28666942115199484,0.955525022948887,1.47030944509705,1.6443860046826118
2024-07-02,0.7544870917717305,0.4691372392050948,0.688694629552097,0.5721111697468171,2.0502989093462363,1.9649961993847571,0.5747071927039551,0.0726908333081615,0.030190967435212945,0.47770333380609475,0.40012606725239563,0.28714750543779205,0.9600285671230837,1.4713563095638407,1.639583523631813
2024-07-03,0.7631915227582318,0.4681083598863985,0.6868538622459476,0.5750254632782571,2.0459517769229354,1.9666814486293598,0.5765698170223323,0.0673949554948805,0.0306411910018934,0.4810526728586649,0.39928692288279805,0.29545135396086075,0.95882155732031,1.4707064070594982,1.635785873574019
2024-07-04,0.7599668871591478,0.4667098021859222,0.6868570512818936,0.5722864303781654,2.0528551648229842,1.965490612366005,0.5785026067383584,0.06814520439851869,0.03298559224964319,0.47974246811968374,0.39828338844325234,0.2921669180175064,0.9643510776551028,1.4726156751285446,1.6416040889113965
2024-07-05,0.7630062136250065,0.4657797744881141,0.6855056611905275,0.5698870836745719,2.0501754207078133,1.9646578981975271,0.5799150117785109,0.06667621065380791,0.031443176693744836,0.47840552013597365,0.39893700073822186,0.2901621147540501,0.9616598565870424,1.473186310026532,1.6459007595989092
2024-07-08,0.7650984412505053,0.4689554968985387,0.6948004084064956,0.5724205072645826,2.045931173431735,1.9564531484178072,0.5760028730223747,0.07603469004317011,0.03102976992024785,0.4851070820596766,0.4013382657572129,0.3011430687854235,0.9591668732908148,1.4743400155472945,1.6406188444609788
2024-07-09,0.7614839801559332,0.4694656330039931,0.6901122449943597,0.566396469963681,2.0389890573702667,1.9533980211087771,0.5813824028291185,0.08069153179271739,0.03469066885741236,0.49321735772239705,0.4030681360393679,0.3103105101943461,0.956355758561864,1.4726825228278526,1.6392942662637993
2024-07-10,0.755654555917119,0.47087904925749097,0.6966883777319989,0.5639174726394509,2.029697241498894,1.942312369754096,0.5718277859344467,0.08142629283462952,0.025889097108439982,0.4856750028521362,0.40318407623874264,0.30403823489370124,0.9433842777273005,1.4887165997071745,1.6353776743661654
2024-07-11,0.7557377909909868,0.4541201665971831,0.6860284475707932,0.5422442117774011,2.021937079729653,1.972394695374404,0.5536104204177785,0.08887425070600583,0.004717119598852109,0.4370219415891931,0.3905194736475904,0.2899573296147253,0.9519104985787399,1.4973190545014554,1.6610707595771146
2024-07-12,0.7477220693145848,0.46515021733121176,0.689416723669932,0.5365652139932525,2.1382543586192075,1.9970079200731223,0.543342948657797,0.10499071054440932,0.0037713212737961466,0.4426838198522316,0.38811059690876454,0.263792130733544,0.9557110466814173,1.4899473319860002,1.637324716773422
2024-07-15,0.7502822934717213,0.4290804153387038,0.6668024805626657,0.5168871273486473,2.1719041866776507,2.008566610347564,0.5470302504233534,0.10200725180342432,-0.0035627610409403663,0.4446110561307756,0.39706219360754397,0.2728627443918163,0.9530472430708129,1.49095285191411,1.6420160008615328
2024-07-16,0.7555985657702284,0.43229451868966445,0.6591697453807855,0.5010807654028284,2.154006110029933,2.0023892756591897,0.5310163655601816,0.06415953890324844,-0.019349757116235686,0.4329920246100183,0.38299140790363556,0.2275432789908931,1.0038125388300727,1.504215552006671,1.6317003639383467
2024-07-18,0.7614551333201304,0.4488488067102526,0.6638278092598159,0.5038226558810477,2.169648205710788,1.9959403415765051,0.5286837552140194,0.07608513176986162,-0.014895303707541215,0.43676550079648013,0.3863247276281173,0.22482346600081857,0.9993706271110047,1.4911221200794191,1.631287923077
2024-07-19,0.745729659404677,0.40685993300767237,0.6908987055538336,0.5178789265303214,2.2000228892396474,2.0458082908129605,0.5101489889890567,0.08867902159464593,-0.02285193019374742,0.44828844767665466,0.38250274512825844,0.24832079635436707,1.008654864537341,1.5560565025185065,1.6517648506664055
2024-07-22,0.7564614338254906,0.4047406173974391,0.7206484575984738,0.517611941831443,2.197987565745813,2.0371689851772934,0.5159603829249301,0.09060681876560063,-0.02208304772510042,0.4434586968254808,0.37603246496517345,0.2470927833998138,1.0084683723453987,1.5496294208808274,1.6447423739742846
2024-07-23,0.7533170844770345,0.4006923004179594,0.7242289590539673,0.5190636349737149,2.204226710464106,2.027161662841263,0.4964598704614088,0.09156149001545581,-0.024253013135151057,0.4402526607439186,0.3715289428793205,0.2469963853840291,1.0079428922513607,1.5489354182243884,1.6524965032727872
2024-07-24,0.8470391937935057,0.4042849068710547,0.7267316985327992,0.5090010151056057,2.196623114210013,2.003803332734184,0.4833585359028022,0.08109278614953692,-0.012009307055460019,0.41908480778157503,0.3437361874528316,0.23393034043033842,1.0150202684739535,1.5416186128335843,1.64809359045693
2024-07-25,0.8272494191839053,0.39900101299313634,0.7364678556051165,0.5883188006346193,2.2040882038236895,2.0093370560763986,0.4931253980578293,0.05431605873137033,-0.024280337893494347,0.4054247103413594,0.3496571573914804,0.21623004858563227,1.0129292245366133,1.5465074806634613,1.681383220137303
2024-07-26,0.8291304952232349,0.4418785307592412,0.7929362694837505,0.5780014075684259,2.122496188853361,1.960637919947375,0.5343224663314003,0.03831037526246935,-0.01180087556068698,0.44239362271593635,0.33966598786774405,0.3481981164469115,1.0734575578910392,1.5664651490604546,1.713716464227706
2024-07-29,0.8275927139288667,0.43790825796083005,0.7929372439508668,0.5717787332526233,2.1227938296959987,1.9638092905980007,0.5343099350895388,0.03850066023635669,-0.015544148820036444,0.4359164183147175,0.3345548694605594,0.34612895837361857,1.0752850627716788,1.5616792983519123,1.708733316316112
2024-07-30,0.8293325553235789,0.4384051758517185,0.7941445019915913,0.5713118658291899,2.123390609311424,1.9600911171962292,0.5355332463358549,0.03890687199682306,-0.014013211321797319,0.4370084453639757,0.33477705706339145,0.3468947768632485,1.0767348374435721,1.560371047991255,1.7073076632448663
2024-07-31,0.8157558071261494,0.4359365248340256,0.7991704104805786,0.5590296598610722,2.157086062533402,1.9700768266915283,0.5337494997970186,0.012496704553502389,-0.02560928010682348,0.43507292977803064,0.34608487242495145,0.35721197195386817,1.063968339605863,1.5723512859518383,1.7049232237266514
2024-08-01,0.836518561698587,0.4363852355333481,0.8002302722939767,0.561412783653798,2.1540775893410817,1.963086252476848,0.5313375134562716,0.0134260331104535,0.0007591312874180551,0.4394933589252669,0.3435327016877882,0.3611670487604081,1.066718095394471,1.5762000370553808,1.710165979501586
2024-08-02,0.8271740766149631,0.4728333916013479,0.8650386143172571,0.6205688917177627,2.151845031973964,1.9293030760279561,0.5541203767617301,0.02699136851972779,0.02766946017876891,0.4087812049003958,0.3148680022373898,0.3297911371790385,1.0681359725895845,1.583081055664368,1.7065091384021323
2024-08-05,0.8099770181452852,0.5640874048671993,0.9002874043941657,0.6820341402167843,2.1611680596950573,1.8149304549776393,0.5304519207504431,0.0060502572501263735,0.0028874408500882266,0.40015245186355575,0.3575309775476419,0.31568532623674406,1.0390466476157998,1.6104802985605424,1.6806634796080058
2024-08-06,0.8282425552962002,0.5937791096384003,0.8911435900285286,0.6627869763057613,2.148555255906597,1.8130101800413148,0.47129306629152934,-0.013503430895818708,-0.0742812666402433,0.37737322907539134,0.306430279219298,0.31064358069474335,1.055622486355534,1.6115409450053042,1.6916455137433017
2024-08-07,0.8231303133329432,0.6153539207220055,0.9014594595636498,0.6436675319316029,2.207585718028856,1.7907328415045451,0.4729765516012839,-0.008609743923242949,-0.07955241664613948,0.38775946993593063,0.31990966798915277,0.31433047474207615,1.0383465037743984,1.6201344226679122,1.7122503257874877
2024-08-08,0.8187126804172178,0.6424722258506158,0.9160677244673896,0.6461607994845515,2.2122852243590816,1.7998708420375211,0.4671982873963287,0.0059324083339338755,-0.060487594222263595,0.38434666556340735,0.31837970893895234,0.34175319536571486,1.0244524420105887,1.6279228404752646,1.7118122435708234
2024-08-09,0.8087288646500562,0.6509877964635349,0.9126533618000191,0.6629204551868988,2.215162857940572,1.7862307422396302,0.46648060618424814,0.01690325830292033,-0.06291392969705634,0.37369362800885964,0.3279557423725042,0.3428157706195072,1.0245093558968372,1.6238104552828732,1.6966464883833128
2024-08-12,0.8089992689918103,0.6458320800984879,0.9150986808910263,0.6616189456822833,2.208244813459561,1.797209961853562,0.46600832650204216,0.017993469305630568,-0.06235662903767164,0.370755650591382,0.3333636328083519,0.3458209704687124,1.0310304060568913,1.62436689797489,1.690654059762672
2024-08-13,0.8093516437786414,0.6305344905640822,0.8980980297450368,0.6484322834171755,2.210647960412898,1.8062097946492035,0.472342308155776,0.011780755543862187,-0.07503878466416904,0.3642645738094263,0.3311249439825717,0.32009929885340116,1.0053493708940358,1.6370784057304684,1.6959349049084378
2024-08-14,0.8074795560181162,0.6310837495745799,0.8986469601662543,0.6479322311007193,2.214981757512066,1.805074338021137,0.4706482873695045,0.013948638251889335,-0.07261665108435161,0.36539632827061674,0.33617049400162785,0.32143019054759947,1.005003117327777,1.6376539826936,1.6934240539908318
2024-08-16,0.8141819925344431,0.6423306362839155,0.9450356627776572,0.691660347208393,2.160162361303536,1.7614161005053786,0.49110297371529016,0.04647362586765969,-0.05573725854460444,0.35290489727050584,0.32208679310776384,0.35751240681951035,0.9905634672217574,1.6311935070069088,1.7424078517383037
2024-08-19,0.8143907975143112,0.6408411713262321,0.9454156148103516,0.6915371927547181,2.1623506565544477,1.7610727528459234,0.48977253461708037,0.046187258235083295,-0.058413611691152896,0.3535570858510836,0.31953925992360693,0.360264764865385,0.9909254465375256,1.6316794778265526,1.7441991081638166
2024-08-20,0.8315093015491444,0.6430357824450648,0.9583688978849844,0.7127910440119817,2.178539467895939,1.81631702798187,0.4968474091747818,0.04697549969454067,-0.05960207554419295,0.4190959635778984,0.3270454329658819,0.33864459113607454,0.9773415073443953,1.6472254370281814,1.792903860878641
2024-08-21,0.8312154749906027,0.6404095841040458,0.9572093693566744,0.706392997226638,2.1760721491580344,1.8183325771407572,0.4958942671786419,0.04861500799869354,-0.05965293223114968,0.41669098966149015,0.3272932355701801,0.33811164317485687,0.9808965576490777,1.6448803506325376,1.789651823084313
2024-08-22,0.8328064925114789,0.6407464437783766,0.9498631135645145,0.7075352914380149,2.170687167918176,1.8145110985380628,0.4922489338706333,0.04752444120454847,-0.06187265386979704,0.4118729480007283,0.32639772853443766,0.3391731751447725,0.9808659195943089,1.6480369454066468,1.791320435993915
2024-08-23,0.8320239889882848,0.6401887866156729,0.9547369155756541,0.7040150201401193,2.1687273034257073,1.8120562185676865,0.48950489036026834,0.047030482797936264,-0.058883958631996317,0.40963714784106936,0.33224164978822907,0.3361675290919526,0.9764297157307816,1.6490420630528584,1.7841852928662103
2024-08-26,0.8227909686701128,0.6292023886935958,0.9540874786978697,0.6951886504065118,2.18581613225599,1.8391125287967887,0.4919758864887715,0.05474402345817952,-0.06660512970495894,0.41575752808247357,0.33503156703774145,0.3255167106688312,0.9874362544471665,1.6647014381278558,1.7908963579713062
2024-08-27,0.8360219751554845,0.6091348918283732,0.9252103752473688,0.6548356913801081,2.187644954303516,1.847361410985661,0.4756272812809984,0.016603073525317688,-0.07676847123288075,0.3986589548865336,0.30830956604845305,0.2966477394561324,0.9987451532619549,1.6146529258473594,1.7900218970975024
2024-08-28,0.8364466845922325,0.6082976098278869,0.9235412140908015,0.6550418128972165,2.1880304984583194,1.8475544491914833,0.47612889504045297,0.01733862256977168,-0.07607400024378591,0.39817479719366977,0.308238120043459,0.2967979069855919,0.9976554285572803,1.6148761866351053,1.7905847449888246
2024-08-29,0.8510259227850305,0.7068617825696953,0.9999523606000572,0.704104679796657,2.1736143206662764,1.7150608236267766,0.5146801528720293,0.02494890816611158,-0.061328995616937734,0.47857111367285565,0.3620186946974377,0.3392784265039123,1.0785752305746334,1.639390653612045,1.7468873245226704
2024-08-30,0.9199343277532495,1.1657467838489757,1.6982573227865705,1.2242704852818895,1.5404764403479383,0.8908591292530577,0.6838565035449962,0.5233061082305526,0.3294663857797487,0.6303261883652309,0.5194943021975315,0.6110296726999656,1.0413331226226088,1.8502064538505913,1.4967235767087872
2024-09-02,0.7129178103233654,1.3411582882384732,1.989141137040871,1.4566136808432029,1.615885949836199,0.9189703990053922,0.552714779716499,0.33654754731344944,0.12755207384635883,0.44999121021426786,0.55989243300729,0.6866124807993692,1.0610427995891212,1.7738588675529092,1.556100466530105
2024-09-03,0.701229703812349,1.312789731604563,1.9743096362288097,1.395735631392377,1.6166618568077071,0.8848965270106295,0.5417474146904837,0.37639626207136034,0.15645556331794075,0.4946099720971399,0.5509173172057202,0.6974400773498362,1.0420688278138468,1.7597734870780664,1.481237679710633
2024-09-04,0.7173892833374933,1.2324700696056148,1.9326309893291518,1.2711595265769113,1.6760196264162894,0.7979057690866159,0.5856783559529487,0.3325597148491905,0.15759457137989497,0.3952825062840662,0.44605266325813014,0.7243033424270215,0.896932596125622,1.6885400774514974,1.5498564463038322
2024-09-05,0.7157559300771457,1.2000884323946355,1.8936481857074516,1.245848503774698,1.681976733467411,0.8160598063910642,0.5665937023215591,0.3677833541803312,0.18053642527636568,0.4048020758809618,0.47237446106810804,0.730452205472275,0.9093545553050104,1.6878013738287523,1.5663501611748245
2024-09-06,0.7055326097823302,1.2219902314842825,1.8240633175388943,1.235320453593804,1.6516843358778148,0.8770602598062256,0.6299475561454398,0.3466153924741787,0.18236129528282122,0.3964211973724014,0.46760589010391373,0.7175275479857097,0.8848084363962675,1.5899766585981057,1.6296668877189775
2024-09-09,0.7182608437398758,1.2195263057608534,1.810989767406281,1.2016270709848242,1.6180481835560414,0.8594498414160276,0.6461362132544434,0.3517666273893215,0.2029127185202756,0.3911290959920229,0.46323490416023666,0.7051967893823948,0.881122665291507,1.5765554763173415,1.6386454980982945
2024-09-10,0.7127163649860261,1.2218311797619323,1.8219233587667016,1.20830095204762,1.5988364634528214,0.8793021961194706,0.651722792925497,0.35515617209983735,0.2164852474121479,0.3962904661920976,0.4561648728111575,0.7085781339437527,0.9120837201669465,1.5728683795331428,1.6268715988814109
2024-09-11,0.7125351714985819,1.2238398054578126,1.859360787845575,1.2168955160666601,1.6630941877050998,0.9122442423002084,0.6479579880405862,0.36080144346549076,0.20355352763591458,0.3876089068385356,0.4689694184437551,0.7120729245226912,0.905668674282855,1.5616690638143407,1.6171845848715485
2024-09-12,0.7600393122005847,1.1959098417838399,1.8145077121297835,1.2264775933229342,1.6669190678838854,1.0391024288366184,0.630405869843538,0.32350155380799056,0.27032302656561585,0.3908696943869355,0.4903260870181738,0.7633125839219932,1.0596658950056501,1.5686000969190952,1.5405467186199477
2024-09-13,0.7800865575560619,1.2080154970201518,1.7909884915963505,1.2277049161754088,1.6600558025096117,1.0273112178577588,0.6275871589140568,0.3128909810135998,0.2601984893771099,0.3846033885509643,0.4874381495875801,0.7585417458085142,1.0408820971331005,1.554456862209793,1.4917631181087545
2024-09-16,0.7768073183308432,1.2088802874129543,1.7952815307640289,1.2269278031943527,1.6604942886292755,1.0308046059384488,0.6295355469908995,0.31093259059151773,0.26089797329806164,0.39232386164548694,0.4876903387668389,0.7593288459288916,1.0445826104256315,1.549965704390302,1.4872127191421924
2024-09-17,0.7876992071599891,1.2254954699859242,1.8027060847231224,1.236001823579068,1.6564496816783674,1.0414775776515397,0.6163861007776363,0.28987585038527774,0.2469014122375932,0.38537509597020814,0.4971035147657892,0.7590863001398773,1.0814530658815404,1.5715828697656542,1.4663831126306013
2024-09-18,0.7900570386344153,1.2566897747971078,1.824058357015768,1.2627812708973007,1.667627917500773,1.0456116596845775,0.6180263386085252,0.269195939274128,0.24755551669129894,0.402495989727609,0.506238898956952,0.7540739850287183,1.0851648883470562,1.5794815171263696,1.4645084443166378
2024-09-19,0.7932148348832235,1.261232223088851,1.8246693983182984,1.244493283214228,1.7175781905504819,1.0805823804107404,0.6338547856434384,0.2888564428719039,0.23407566969709606,0.400443046625761,0.5070535762053121,0.7565101612842532,1.1152136551601746,1.62487287891583,1.528016098667629
2024-09-20,0.8112789208353242,1.2150564501843382,1.779854052888823,1.2636783509133158,1.6368225533139056,0.9991291778428698,0.6429879280803287,0.36736866556295195,0.24831704219827674,0.3999179896339736,0.5122485536336674,0.784733923568874,1.1227928404993062,1.6491025234642391,1.5905225817411812
2024-09-23,0.8037263424335397,1.1749527388628662,1.7173525696452439,1.2320972801231411,1.6947966535740526,0.9558702701272043,0.6477511246380661,0.3840617143297519,0.2480421560989831,0.40793133057122705,0.48483758228747115,0.7867867567542313,1.1411006990122088,1.65758976428238,1.6739061574290188
2024-09-24,0.7954487094820448,1.1714661062676648,1.7235507215927421,1.224495689197229,1.713599233804166,0.9595917496018435,0.6472883633047223,0.39472336866528246,0.2552187176617334,0.40851795215229664,0.5090119344667007,0.7878774415224222,1.1213335222216558,1.643452778914282,1.6814224595453275
2024-09-25,0.7930336086433326,1.1591303759547285,1.697891733475151,1.185349802191952,1.7297289782247691,1.0053631280669466,0.6422628419478013,0.38910787338042535,0.257193568325333,0.4153193614694377,0.5252904996127674,0.8050650415034771,1.1219983794810475,1.6531761230846398,1.6926234627589045
2024-09-26,0.7699123719496808,1.1537284154845415,1.7108280493876846,1.1697813310126512,1.680325491248378,0.9769357895385044,0.6404295250833205,0.42149114106092817,0.2635557892281769,0.4335938865706506,0.5342385447383593,0.792363505699981,1.093570750586291,1.6887832977351718,1.6764635150076597
2024-09-27,0.7512325803313638,1.1590902690323133,1.7211992532665523,1.1724425364105122,1.691319316002607,0.9760866815851933,0.6425953780837537,0.4264461702108541,0.25494331342606086,0.4119457883406501,0.5247049897474907,0.7695771021174153,1.1282927694307037,1.675113896004705,1.6800363380248748
2024-09-30,0.7481254189201382,1.1663944458387012,1.6037796891684886,1.1877315204417758,1.5759307997043421,0.8554216121333826,0.6526647507192853,0.4947442530673564,0.19787903049069216,0.45457425718543254,0.49227478675056874,0.7503322056591795,1.1312202513859604,1.5000866968301516,1.6639794045082763
2024-10-01,0.7416452290762754,1.159286269146823,1.5985772934757996,1.1734035948355905,1.585726308902438,0.8600510535519125,0.6557079330686496,0.49226455189571067,0.1917977601038029,0.4576861022401252,0.4926691230553898,0.754414113687239,1.134919085541405,1.5026301829864668,1.6534222732771038
2024-10-03,0.8220214585388244,1.0604081014970634,1.5751087228365903,1.1125283203707284,1.393190825679901,0.8262690386620475,0.6319024626929309,0.5056011225483742,0.28537897259022543,0.4442992472983366,0.44588141805483933,0.8684514499569093,1.0935512400967893,1.3068216753218473,1.7611492832978901
2024-10-04,0.8264017052709348,1.0166757128254151,1.526341903915892,1.0782553505672265,1.342877547630718,0.8479802001101826,0.6507863421850876,0.5567797476414457,0.3184470780214218,0.4286181177783305,0.4690845991322661,0.9037201635776517,1.1292511100561944,1.2848307045094947,1.782082659382804
2024-10-07,0.8255756346511797,0.9779881372999126,1.4999214105375045,1.059086954727422,1.370903904950923,0.9321971821404669,0.6093292072995662,0.5620749378774953,0.3660160648782739,0.441484584545558,0.47216447201173184,0.9021515458585947,1.0930128461716702,1.2708768199005915,1.8051596224892978
2024-10-08,0.8288588161785733,0.9706597277971265,1.455907819763326,1.049132139017488,1.3807544047347409,0.937201868883078,0.5883836633086014,0.5571832162495514,0.3852980634570079,0.4376457640061098,0.478047919371189,0.930530333585273,1.0617655990351669,1.1901210802615787,1.8085297965561988
2024-10-09,0.8507510125386338,0.922464724920614,1.3810381619979895,1.003834389334063,1.3900431749885074,0.9557561542357268,0.6110349365765726,0.5633271092448772,0.392232033386466,0.4469963483575185,0.44934360921780697,0.9505601334437761,1.0817295589877898,1.2068259301161424,1.849066813317185
2024-10-10,0.8517412987003808,0.9269636728413243,1.3835361157581187,1.0087920672743007,1.3532152282636025,0.942490827054305,0.605922027261564,0.5654241963959623,0.3894992901794814,0.4440363129681033,0.4404606052929501,0.9429982917465307,1.0839396288307694,1.2186285952565699,1.843915928076039
2024-10-11,0.8543286368316997,0.9219951231887198,1.3796663337147488,1.000003356746437,1.3460371178155608,0.94600825517097,0.6085583100466238,0.5638858049549633,0.3895883848176682,0.4433840716825637,0.44223500797506843,0.9411425700177476,1.078701656188182,1.214808669049484,1.8477333194622396
2024-10-14,0.8596160668053541,0.9109380042795804,1.4037875551449972,1.019776741248195,1.2651177748032705,0.9709393930785952,0.620831673834387,0.5454434936333996,0.3881607874262101,0.4347335642059538,0.45253522607972024,0.9505685999565434,1.0692896357621064,1.2038579337296604,1.8829645043856291
2024-10-15,0.8855632011921226,0.9928004354243357,1.3902498831484909,1.0159529211267104,1.2089179033836708,0.8893778725793925,0.6617365564145219,0.5367333947823533,0.38926578388954325,0.3990639535652505,0.4582848588558385,0.9078051909847623,1.0423931185381816,1.1037941002928098,1.8270078322028978
2024-10-16,0.8816422527036323,1.013380360468328,1.3572704227277599,1.0236445268190595,1.1990338625187331,0.9014693134024458,0.6652926068322167,0.5418929599550467,0.38556469411791605,0.40365420684362485,0.44846468264957723,0.9165687546159609,1.0320373631897681,1.1076556763972873,1.8174701195126315
2024-10-17,0.8831673789757702,0.9418027741626706,1.3420127689803105,0.951496055546935,1.1942349918962678,0.9317181149715956,0.6939461248616448,0.6069462702523846,0.4214120676331031,0.4154211022748494,0.4464643941539022,0.9279147032627555,1.0603465989029797,1.1255630684872293,1.8345146293058332
2024-10-18,0.8738694020016716,0.8923619049793786,1.3743037614722242,0.9598663910300249,1.2138744865979547,0.9644536617098186,0.691280709062957,0.5844427678632117,0.3884284037306509,0.4291925760655283,0.44675251485821255,0.924942603611679,1.0522238264192136,1.1455769566084724,1.854744907694294
2024-10-21,0.9107114836038405,0.90135146858068,1.374747796664327,0.9517760512637824,1.236614466326746,0.9627422375079799,0.6932532920582674,0.5769959205547207,0.40285956462083494,0.4399680013682635,0.4515353074727921,0.9222896267674093,1.0581314322353235,1.1415335114269498,1.862957976102379
2024-10-22,0.8934462930704441,0.8030658756480399,1.2905486597580205,0.979355779420142,1.3895256671294824,1.034397394645762,0.6145953854662297,0.6067429530686856,0.4138863944270433,0.35458802030470143,0.46636293010123353,0.8105297581047244,0.911519722668962,1.1290123916129218,2.014729033742892
2024-10-23,0.8928901312806288,0.7990950705872157,1.2893459737839905,0.9727465996852289,1.3873632353866951,1.0408086969349302,0.6160192999422255,0.6096288770673526,0.41207318038368446,0.36318083399149886,0.46911887861880375,0.8095573651466519,0.9149103457711609,1.1314797368372491,2.014199923554051
2024-10-24,0.8950308524797055,0.7998494691645655,1.291618785063428,0.9716378023405862,1.3883088857790191,1.0285722065763878,0.6250830237024398,0.6198624284114975,0.42227396078909035,0.3659614523856546,0.47154008675160497,0.8095435125614868,0.9198809754828821,1.1279332777020021,2.011620483556983
2024-10-25,0.8596024670908885,0.7948770456236236,1.2886988915780933,0.9772268028647784,1.39120148633956,1.0598268341526795,0.5521816291757405,0.6049588289300415,0.4034148904286467,0.3400560546807125,0.49448584350329045,0.8077794869604517,0.9146489735541252,1.144159064780458,2.0270610116063796
2024-10-28,0.8377007899724523,0.7957037857134533,1.324866100339274,0.9551416697961869,1.359251894568808,1.0586564883425824,0.5560762432003589,0.6008370605589071,0.42275981347471653,0.37774896535260866,0.4868847827628315,0.783539729163986,0.8932294282453496,1.1874273161933382,2.1262567074608176
2024-10-29,0.8882314107407602,0.7600828487246954,1.2494922815774099,0.8964138130418261,1.3178470750067908,1.0911456249827722,0.5546941630547577,0.6338878656034638,0.41395482743020756,0.3857594652489257,0.4971978799483653,0.8157953615648235,0.8624735494241526,1.1404860008743174,2.099423610155176
2024-10-30,0.9704613059556932,0.6300175687245823,1.2074933489383006,0.798883370740933,1.133182742996564,1.2171667628898535,0.6106855393949305,0.8350428763818524,0.5494977036365224,0.4238975661935746,0.4616678885605349,0.9650987347108032,0.8834935501331893,0.9501960109017918,2.227640360278006
2024-10-31,0.964461511921871,0.6710229000617569,1.2523640507834481,0.8790307044498682,1.077944323878591,1.2013890698170802,0.6168153628172771,0.8367327920604597,0.5876701740653908,0.41817962525193675,0.42013823404839634,0.9434285039194977,0.8880389830676246,0.950560158476275,2.236360635383232
2024-11-01,1.0060210249112689,0.6083715897814964,1.248891132436122,0.9497858111391482,0.832334344486101,1.222960346993581,0.5954135529590701,0.8595736982599541,0.6198753640913509,0.38213032533895347,0.3471831009409585,0.9533174948663425,0.921434730111393,0.9065695256667288,2.221416983108754
2024-11-04,1.0012423893624043,0.516082006016087,1.2390128566895313,0.8192132780789115,0.8495587312257917,1.2352190156283134,0.6327707713941576,0.8601881474618528,0.6090732446375945,0.48398352542575424,0.308337909186468,0.9013147255734583,0.9737506587548842,0.8958364057331297,2.276262035541784
2024-11-05,1.0636747586714657,0.4502923030687166,1.2381432790752567,0.7224263819422254,0.7745628955290422,1.236820868403505,0.6027494767514834,0.8669120889045818,0.6059254780617669,0.4830076560702708,0.282395652296094,0.8886729385879779,0.929344611220607,0.9773158900297645,2.336762277726483
2024-11-06,1.0336745860262082,0.5747131261057514,1.3108693720694804,0.8191473732554699,0.7866001574765379,1.231846568636226,0.5868205854845937,0.8556937124487192,0.6343432989999795,0.507322139484766,0.3536435130177064,0.8472076530505024,0.9319428703054476,0.969507027886531,2.375915672956293
2024-11-07,1.0150523317615843,0.6050001411881453,1.2989529655825467,0.8799983177674098,0.7774241296900962,1.2226839814594697,0.5743586341666169,0.8705353458228485,0.6358160620632348,0.5800072059775285,0.4106768534753154,0.6310345762543482,0.9693209886279955,0.9581497351293726,2.3693339152442303
2024-11-08,1.0141550143069786,0.5937828719004198,1.2917919492724221,0.8671956645551208,0.7814641727504673,1.2313426426079854,0.5728390086127609,0.8588650462988662,0.6283019534978199,0.57263486111019,0.4122063150641012,0.6325047006762641,0.9709459420582228,0.9727370228384977,2.379762152652637
2024-11-11,1.0136080268951801,0.5402859461748688,1.1853625282288376,0.7333631195660856,0.809493381449082,1.322615684545101,0.5039880736734584,0.8161165811565999,0.6187821956154084,0.62598191503132,0.4512449564134338,0.5477720879206411,1.0219421587872883,0.9354839500696118,2.287306687608956
2024-11-12,1.0202036123155496,0.5058125309199214,1.1653217009019121,0.7444597143414624,0.7668900585398072,1.3744493167768141,0.5136650874004963,0.8204340292711771,0.843632674783908,0.5937092980942491,0.484934078537254,0.5939498868681948,1.0066740061451687,0.9048291011103825,2.264135853267679
2024-11-13,1.0270633148362684,0.4798971064908848,1.1202812692323978,0.7080311342924535,0.7943896902932541,1.2867416512898777,0.5017787547044023,0.8019494125177968,0.7703959858309689,0.6008554799100905,0.5014430422427446,0.6791869290131143,1.0091466225957035,0.999693306391925,2.2221941036507116
2024-11-14,1.0242959146924142,0.48210374583268845,1.123464429120322,0.7283830400723502,0.8015243967453358,1.2855039548927691,0.4886424406062205,0.7897184233620507,0.7589737057896105,0.6052750125349053,0.4864174545297813,0.6688660735092158,1.0034333163488172,1.0178861486701198,2.23613388569467
2024-11-18,1.0125053110183437,0.500965530226091,1.1556214332825907,0.7389511918064123,0.8036755555695078,1.30644812761509,0.4870086258286043,0.7754147739179674,0.7554994997450748,0.6206937082467229,0.5141470794731435,0.6733796413426745,0.9991824838593029,0.9859775913698533,2.2378384690484507
2024-11-19,1.0135781028149042,0.5117553364973679,1.1746815200240945,0.7655540115850785,0.8230168302904447,1.3042016330855604,0.4870665035731293,0.77833804265633,0.7536169784019171,0.6315534673382022,0.5338463402090119,0.6599839512485526,0.9809554192966726,0.9692291757026592,2.2411755917486453
2024-11-21,1.019119986549985,0.48683831958559104,1.171349137442542,0.705769667777768,0.7833714701486191,1.279701397364669,0.5286869927324161,0.789919327044189,0.7822973367941957,0.6409665902508691,0.5622833122611026,0.6819889884762065,0.9811639421564905,0.9357255230398485,2.2338812021555414
2024-11-22,0.9504242694233019,0.6466313156932749,1.1441548936935282,0.7609161913260284,0.7764806682063333,1.259888613961348,0.7044849657803789,0.7809510642320762,0.7366125593895774,0.5896672049617456,0.589422441209106,0.7569814942501255,1.0074256757448425,0.9146560841230753,2.128287254509044
2024-11-25,0.9673550684984854,0.5828158027568058,1.134054097122017,0.6907783983425965,0.9270627579815187,1.2343726784902138,0.6927094380179011,0.7701629534276072,0.7548317601880005,0.5625940252785965,0.5512735872858533,0.7899711028799,0.9686588925245716,0.900018942764956,2.121083468640991
2024-11-26,0.9820666587128788,0.5866977929073277,1.1315448801988661,0.6808101296334067,0.9228488666020884,1.2387579144915375,0.6771932907700488,0.7659949169176034,0.7266668614783992,0.5762294177292837,0.5624189376238043,0.78124461648476,0.9670559276925942,0.9081394262944976,2.1385302082544224
2024-11-27,0.9798761828019154,0.58154595023003,1.1218273913939587,0.6939222519200203,0.9195703622843211,1.244489467927858,0.6834379150937677,0.7713523481340485,0.7167416928309172,0.5569047422069833,0.5407680014329423,0.7578159207353486,0.9525605490685044,0.9099486821594512,2.1183401592366904
2024-11-28,0.9802173611600236,0.6671074186287027,1.144179286844049,0.7469003761313328,0.8978234542085489,1.2549543943936037,0.6528298184721077,0.7829846131199647,0.7070028579498293,0.559746293364442,0.5417213522520621,0.7960798570336097,0.951814208601708,0.8904572387662706,2.0569314261694687
2024-11-29,0.965631577983579,0.6568907561284996,1.1367469431802963,0.7266899255206806,0.9287949482816984,1.242018110054152,0.6495504635966413,0.7658245331073336,0.7054859362716955,0.6110999948072253,0.5548312258087192,0.7746732402832692,1.0303139026214985,0.8915445577694737,2.0368560673315406
2024-12-02,0.9473966276125118,0.6642359471889259,1.1221885212875762,0.7488841969320285,0.9178026738360469,1.2094434789545432,0.6438152231598597,0.7761501555130761,0.6958968980410718,0.637275947315922,0.5734337007659158,0.8287681748630044,1.0355575582512904,0.9012290455222463,2.0702317214745407
2024-12-03,0.9290781486261994,0.6691446368585799,1.1022208788994465,0.737892253000733,0.9412093321314297,1.2416154143588911,0.6228998205573896,0.7727941298376239,0.6885811279275306,0.618799762051818,0.5679516157349482,0.8319954108924076,0.989821083377554,0.8925280880791878,2.0321234425821086
2024-12-04,0.93736372831496,0.6454437391207427,1.1094730102405304,0.7303497123118124,0.9527676891913566,1.2283847412679605,0.5932051506304411,0.798762504720258,0.7125934770459544,0.6351706900775447,0.5765619984217745,0.8470828182153631,0.9999613920411194,0.9112247035538403,2.004601385008743
2024-12-05,0.9294691175518814,0.6909876781702794,1.1343681302508448,0.7711412638247515,0.9682403821368769,1.1922763559106568,0.5684663883678492,0.7884352998947656,0.6988887986188963,0.6407131697783724,0.6147132444818643,0.8475038064809217,1.0226084565880535,0.9221812637436062,1.9561314450994358
2024-12-06,0.932196916926814,0.6866708966556904,1.1222513035409019,0.7595185339650006,0.9826107798031302,1.1791525431925665,0.5633986172486345,0.7816873124658433,0.6925789468153117,0.6363275125176151,0.6140158554687354,0.8446776761309331,1.007109213157373,0.9241856837863142,1.9595233162659225
2024-12-09,0.9318491921801428,0.6876486385408858,1.0903044326146387,0.7595607798881134,0.9512155449583733,1.1654011952738854,0.5749622785112107,0.7910608782543802,0.7128137280824999,0.6441766106609668,0.6101384344381205,0.8470339489490591,1.0094662800334313,0.9131040030388992,1.9557458763272868
2024-12-10,0.9143919003987458,0.6504138422967699,1.0566338096744625,0.715074396526247,0.8831875640468614,1.0786873961478824,0.5716367135302465,0.853799790538379,0.6791695871345275,0.6507351592593748,0.6099087805969656,0.8151769116206239,0.8891684133521094,0.8814457018666059,2.0742305077620955
2024-12-11,0.9131393832762091,0.6549647973936441,1.0638129111944066,0.7151489933464391,0.881377712311117,1.072669620965485,0.5699372148702562,0.8603088763531845,0.6916549629396743,0.6502803807527052,0.6089245599478825,0.8180572263568765,0.8895012668320467,0.8842127937573888,2.08319864335984
2024-12-12,0.9205759659682587,0.6475412987995319,1.0628183112070273,0.7043280283939831,0.8842752187131294,1.0813519270735525,0.577231062081175,0.8594046948600091,0.7007437141006676,0.6504052180309633,0.6024178649790088,0.8295467953485721,0.8739310442555667,0.879145263381611,2.0882191202529734
2024-12-13,0.9470545822616038,0.646996034712047,1.0427954558750563,0.6944144991016376,0.8674972156885695,1.0670559024288486,0.6187541142205242,0.8767088511109922,0.6997528610395743,0.6470249316267992,0.5943335535484306,0.8227116751634795,0.9519251545562769,0.8364987220109579,2.05384685031377
2024-12-16,0.9436121877796529,0.6453024614827793,1.0358701069174625,0.6956461815435229,0.8682215213361802,1.0717132556217766,0.6157835783476636,0.8846360023084014,0.6967199567049815,0.6419707978781204,0.572170772694147,0.821935659948186,0.9583813745843861,0.8366127956210337,2.0248930189856202
2024-12-17,0.9314604666456542,0.6287540288825928,1.012435957072534,0.6871512866267311,0.8906371137309697,1.0422005608982405,0.5901144474614274,0.883102527769992,0.6992822888401158,0.6486206127636369,0.6071881109628952,0.8097474333965937,1.0056757965795946,0.8508155495017219,2.027694064797767
2024-12-18,0.9130323021251725,0.6433012014265913,1.0250660915111163,0.6636972165473792,0.9322184483971603,1.1093934823194762,0.5658969479980996,0.8262413942095912,0.6666470702296281,0.6320750197814804,0.5821243441709342,0.8251755281635513,0.9569516830179637,0.8402662798429339,2.012899311810447
2024-12-19,0.8954860515297878,0.6874108355573347,1.0392712679792484,0.7123660908029965,0.8799156022733114,1.0965140578893993,0.5653462597155311,0.8169387825050494,0.6424100385741708,0.5997480766522829,0.45955868819638623,0.7838678886210152,0.9069581652485916,0.8257906965912976,1.9496061310691821
2024-12-20,0.8881916169595289,0.6991708887539669,1.0781311331774521,0.8069664350056076,0.8890438051884688,1.07389233320112,0.5484375248509652,0.7655919512657433,0.658595189239474,0.5965111603471672,0.3945466067903353,0.7724428587171119,0.9050555996141995,0.8272846178248975,1.984075714161783
2024-12-23,0.8879679225599806,0.693010396669226,1.0847494464721348,0.8461661862399549,0.9148267295324999,1.0486534789930084,0.580245009321032,0.7477111833875252,0.6606260763022711,0.5941157119437599,0.3797323142214496,0.7637433044319925,0.9038588618232012,0.8265364715698508,1.9881006406747992
2024-12-24,0.90004359593992,0.70277639565287,1.088540610018965,0.8616883709834475,0.9554001885044368,1.0717709831502351,0.5676975801255923,0.7063593132558595,0.6386578031986831,0.5717227954369244,0.37083983191445047,0.7701730234729812,0.9061092941497065,0.781606027004329,2.020907662639716
2024-12-26,0.901349292003098,0.7007831071369252,1.0851350363569494,0.8573254205713503,0.9586774462214807,1.071023326145414,0.5656962239232174,0.7028943969180559,0.6423717252410799,0.5776277618456278,0.3720902083900245,0.770208107660169,0.9125875153752444,0.7815739613574085,2.0167491835557043
2024-12-27,0.9101975926007748,0.6771665383938444,1.1261173320411406,0.8269319485086677,0.9959488085354814,1.1738383627514124,0.5676134550039628,0.6871355073434833,0.7206713152258021,0.576594096326583,0.410653604430842,0.7794569692287644,0.9044632129570414,0.8489592993621001,2.0229916646483592
2024-12-30,0.9140300563236577,0.6774121314242875,1.1433595929268658,0.7924145618699558,1.0120328814297999,1.1739320305163796,0.566577508056748,0.6782445667753499,0.6949220355493358,0.5548519228637125,0.42107816660681624,0.7618542054303383,0.9083927377087494,0.8596408693839386,2.0247157641240072
2024-12-31,0.8615428229140011,0.7137125857022564,1.087267011758634,0.7921164852707596,1.1518558805834775,1.2703358172534733,0.6028033075185916,0.7093289580870333,0.6981376548299768,0.5910510389990691,0.45602802645104823,0.6498008356319044,0.9314595629596016,0.973148312808442,1.9598223669379298
2025-01-01,0.8570535652423623,0.7545713359042916,1.1001289301021238,0.8133532990437736,1.1891255816705508,1.276467510704468,0.5720593663895973,0.6625560084621638,0.6863697915114176,0.6005634302652514,0.4039205911302686,0.6225786733998692,0.9068198962134317,0.9802025892075537,1.930736005517193
2025-01-02,0.9015316077872544,0.9095291592978828,1.0468991758263135,0.8100891088054514,1.2639353942993956,1.1927921332754834,0.61102673912818,0.6807983741298225,0.6244626822142665,0.5172234162566534,0.3816766170017071,0.5970029299598077,0.9082773291773754,0.9459945639788825,1.7950463108110775
2025-01-03,0.8927092555885644,0.9197702169319395,1.1426274542225865,0.8465418312297855,1.1389912478206816,1.1480788567654814,0.6521569429937814,0.6422450474710051,0.5625985789772986,0.5332128697221679,0.4006778025821008,0.5849309422056689,0.9337298546128701,1.0124728112264145,1.7868807818736805
2025-01-06,0.9620493773984635,0.8692496632368398,1.0862051102908636,0.8092127605186181,1.1312449843330754,1.2044014162659311,0.7783254171281299,0.6739978232618313,0.5469679913578871,0.5055197112411413,0.3852310242676434,0.48880778084049986,0.9030930259315757,1.1118939911840175,1.7844443285224527
2025-01-07,0.937151696572978,0.8669888468562147,1.082672472453884,0.80309116892418,1.167844849445556,1.201623936748749,0.7710171435281906,0.6875364919518683,0.562865390863527,0.5154654221184874,0.3886036689426715,0.48954162262596285,0.9010208481222988,1.1176575451319044,1.7794596527016961
2025-01-08,0.9377473596764745,0.8680778148823969,1.0833892773488747,0.8051603412818488,1.1700340201576749,1.2020975414003219,0.7704041338881085,0.6878644746109606,0.5629324608363878,0.5164176746201253,0.3890082797006302,0.4895455792866205,0.9019538760295438,1.118832917199081,1.7774717624640997
2025-01-09,0.8942163457105029,0.8623119854302852,1.0460972087921012,0.7772903947593091,1.254831113441267,1.2080187077981153,0.737182983424581,0.6691207034286625,0.53584281861807,0.5185874709425067,0.37543157591861037,0.47476814384027777,0.8880549524880144,1.1705806340714875,1.7874028960454589
2025-01-10,0.9028954300090759,0.8425229775627056,1.011933637805875,0.7443362703196003,1.2491363382373568,1.2342595859921102,0.7455344969347938,0.6672897614971214,0.5386580335198601,0.5315446016372916,0.38105839543729697,0.48251903769443444,0.887969302111211,1.1746870586968892,1.8168548732723366
2025-01-13,0.8888627030422036,0.8057973156050008,1.0655287054524485,0.7949588655237378,1.2853066561749957,1.268779390279273,0.7471612496407526,0.6454524715017209,0.5169476052707506,0.5736003377511437,0.41884438371147753,0.5453047372075993,0.889713497300839,1.2269226736899168,1.9131253032976492
2025-01-14,0.8956478046074005,0.8429207916570643,1.061256869719943,0.8347348540850689,1.2959903123179006,1.3153774658934954,0.7342537208952228,0.5832535828038493,0.4852652007096705,0.5894600296026569,0.42241705033194327,0.5069417080284265,0.8679722933209987,1.252337172981991,1.9096460756604186
2025-01-15,0.9089901362379712,0.9067781887998815,1.0198671613605168,0.857950724821956,1.2889419656552017,1.3198662548885545,0.7438878882338874,0.5948753532220756,0.5087701085266424,0.5728427202375951,0.4174141438784742,0.5088072664593148,0.8696519771328071,1.2300259560614264,1.9069571246322772
2025-01-16,0.8957691791512079,0.8801203779680833,0.9922309024653434,0.8649675126764856,1.2961565032092663,1.3356537876867853,0.7259111593829578,0.5771249407649509,0.49425009031769435,0.573107622180156,0.3804299884192044,0.5250809456852009,0.8795234132111959,1.2399189108507653,1.903111972189482
2025-01-17,0.9042736104544822,0.9559657237567517,1.025057004899546,0.8969400873795478,1.2633054098768837,1.3191431083743956,0.7226704962237672,0.5706972349859326,0.4870149854665135,0.5657021886273994,0.3727274203788796,0.49770212650902357,0.9069947559389211,1.179674435936205,1.8033631247658597
2025-01-20,1.0449063176419031,0.945474345814372,1.1189312000472977,0.9053543240908903,1.2656834834017845,1.3574737758280686,0.7061760315670126,0.5617767054823611,0.49744715416807384,0.548598628977327,0.3585928654826326,0.4812571552998576,0.9108299861941862,1.18587405641032,1.8083631401537306
2025-01-21,1.050618664039335,0.9285779490366955,1.0995946984053802,0.9298200602115453,1.256858953284285,1.4013156600050336,0.6756273929141242,0.5578028036185674,0.4571198267786337,0.552662179191234,0.37610485916392977,0.40328251796313025,0.9014349264824654,1.1792522601519373,1.8245349292002346
2025-01-22,1.078085476197798,0.9789248371230932,1.1413863896859704,0.9550287159809684,1.217099727664742,1.3527416309547085,0.7224833951868331,0.571703194242657,0.5022123064204148,0.6004544825861861,0.3686095242710993,0.3972613050890206,0.8988963910364092,1.1443645976972932,1.732378115430945
2025-01-23,1.1011345806768391,0.9896888975559643,1.1269888203164795,0.9907153225138856,1.232309223945237,1.3446958402444809,0.727483255256304,0.5659932712847346,0.4970270856008471,0.5803123930280137,0.35762931006278503,0.40873666078298276,0.9124892442106552,1.1207379313564034,1.6494528579499526
2025-01-24,1.1056595999062457,0.9943096729769492,1.1216082724015872,0.9947154131884186,1.2536177775007078,1.31349045164896,0.7145919225647581,0.5667812629302401,0.49193794412051295,0.6114692858515496,0.44641640628801,0.42176959405735215,0.9344029419830983,1.1189810297766842,1.6612596424075379
2025-01-27,1.0766476318665585,1.0229170497526217,1.197050769449749,1.0627277732441827,1.2686732913645178,1.2828673650809739,0.7133275767546954,0.5938529919357988,0.4636277311419998,0.6344811586357765,0.4698663524331998,0.4291403384819642,0.9740455036952096,1.147261245679686,1.5859098012167048
2025-01-28,1.070349445568979,0.9964453778122888,1.1694490627274559,1.0129006803043095,1.2689855144146238,1.2736140242447553,0.6910874342705647,0.5738650422326065,0.4223768079022253,0.563560651593069,0.4699025012962029,0.4376796139629264,0.9706391109811687,1.1716694807179324,1.6238686016704078
2025-01-29,1.0808221153272655,1.0389535443447833,1.2131080958825577,1.0429997023657338,1.2501242806958988,1.269564135582138,0.6673781887669715,0.580897862984404,0.41389350539076003,0.5886122018036744,0.4760323700729526,0.45449471791658624,0.927988610059388,1.183687704552434,1.6507363137737188
2025-01-30,1.0719848558508653,1.0582539453048456,1.1739842485025584,1.1251953018943919,1.2431761160910846,1.255751373210295,0.6657184352744072,0.5723220860835003,0.40704378937084895,0.5366063707772505,0.5243216240376998,0.4458270961988871,0.9360907377634476,1.1760890761367444,1.5945716753363568
2025-01-31,1.025000613799061,1.087348021941884,1.1742283107648779,1.1283751616345856,1.2744873280504436,1.262170113546843,0.7483965300601757,0.665879594375644,0.44002691493856416,0.5453639956639783,0.5636819445416995,0.4334661049354062,0.9207190689393238,1.1566529443376572,1.5358769109985562
2025-02-01,1.0538320808857002,1.01698557888879,1.1187733772088124,1.0638754065071703,1.301584468068502,1.255240706521073,0.7625189335030153,0.6718938922703954,0.40395242371772233,0.5247247629402346,0.5153679632596125,0.44567945010495824,0.9163709155041627,1.1655174076328572,1.478437298722879
2025-02-03,1.0643683291953938,1.003596309421685,1.1086825498803314,1.01723702331469,1.3323054256322728,1.2812692836209802,0.7830215173412362,0.6774229970906166,0.43376997413576424,0.48600126098114144,0.5003901910656154,0.6400902219112382,0.8795208023808428,1.1605558073580549,1.453649811038352
2025-02-04,1.0796725315054208,1.0161881906245462,1.0662816452386272,0.97113650336992,1.3240629750383082,1.3066455032924085,0.741719221660161,0.6111130110890137,0.3615735917203962,0.5149790720148137,0.5224125223086927,0.6023418990229182,0.8403257712110089,1.1334344068666673,1.4261989020211356
2025-02-05,1.0827411390674933,1.0162615092400011,1.0655636907494426,0.9701973032417768,1.3129060637466867,1.3041780369730223,0.7466488395231033,0.6184708104277854,0.36715281081160106,0.5170334560566403,0.5197025102500946,0.5935889757327517,0.8404200973762268,1.1296562329633988,1.4247249056151996
2025-02-06,1.0705918458435149,1.0410564643150282,1.0713898166389682,0.963134774078978,1.3520163848340192,1.2803986101043587,0.7565229593403694,0.6116419726984393,0.19014333715802767,0.5377099087870818,0.48025254490201347,0.5698280983862173,0.871154416725608,1.154582980137309,1.4160937659572705
2025-02-07,1.0441901277636256,1.0870663037938098,1.1019554041336814,0.9768316865943751,1.3669068649692167,1.347830358849526,0.7968189021560336,0.6077902292537259,0.21927134138891607,0.5200812091479129,0.45109313818236624,0.5252426295507135,0.8799004741516837,1.0741108405883344,1.4108644348096704
2025-02-10,1.0080799780574523,1.09473528098613,1.0838968781339773,0.9586017700515446,1.3944951302943107,1.3562284778925746,0.7968186904690735,0.5972042349191127,0.19457680858700552,0.5296208547861094,0.46961816704366616,0.5259147405673368,0.8528543155297142,1.1130934150668874,1.4601653644406123
2025-02-11,1.0460218070999323,1.0415883033748823,1.0885702052289872,0.9650171558900349,1.386349743919688,1.335685053602696,0.8289870679839091,0.6205851203482516,0.19022617355380145,0.557290474012173,0.46020496767915836,0.6906646089385707,0.8118952330099469,1.1757166329065747,1.4914625132591088
2025-02-12,1.0451569680643034,1.0403600578434269,1.0830366682154746,0.9492137800395419,1.3807398985272938,1.3353746290318038,0.8292973604806353,0.6216757064423767,0.1927425955064175,0.546847502949006,0.44861353256635805,0.6951357718502684,0.8186410532706552,1.1823825110938897,1.4982166433615947
2025-02-13,1.061003811360434,1.060579156577869,1.0782908272338747,0.9627056528992504,1.358995653607544,1.3074042570698359,0.8048610495616122,0.6271245893969781,0.1654691452797504,0.5534858734907084,0.42849121606619883,0.7175256955584332,0.8241326514535385,1.2027666634238394,1.5405777092485877
2025-02-14,1.160520986808339,0.9730727985027477,1.0913267436497038,0.9447888338224346,1.4947709457220597,1.3413532126457959,0.6682633899258923,0.6070289064857488,0.12112097065896071,0.6080692994593176,0.4149027951849712,0.6481500159858588,0.7744419923965604,1.2790373544270175,1.523595215168435
2025-02-17,1.1607477248647255,1.0462035828514207,1.0750934843384197,1.0293135012404837,1.3822134158900998,1.3755507306938903,0.6788157860818897,0.6277479821174241,0.0861452278083001,0.6354554239195633,0.4547181482821133,0.6003699066728369,0.7825691506224819,1.3194166654404886,1.4989935152122325
2025-02-18,1.1608379174924839,1.0480434072187135,1.07730426835625,1.0315940914481005,1.3821158140147571,1.376511907549211,0.6785370212225548,0.6282388370928642,0.08689493157955422,0.6334192756554338,0.45459776503362714,0.6014669521995032,0.7820723147035498,1.3201319541583925,1.499582906294901
2025-02-19,1.1700681870802765,1.050118643324025,1.0975534075677216,1.0273395347342276,1.3888376636015591,1.3565742031468067,0.6804551343872697,0.6257296160879635,0.09287367494832031,0.6429521030885473,0.462757989554886,0.6195950786572613,0.7853209038451864,1.3260891902172371,1.511761514825634
2025-02-20,1.1745437292677254,0.9649129599093623,1.0772386756172871,0.9859341457789249,1.4382346807729616,1.3618486714356137,0.7105373883811892,0.5933895719459659,0.048219665730723275,0.6465935340515685,0.46337248093587,0.575163351897449,0.7820337284685815,1.3746108634378162,1.5622914441966484
2025-02-21,1.2131817622760857,0.9930218311167857,1.1106738676742098,1.0166308019171677,1.4280254369550835,1.3704576181888954,0.7116328367014821,0.6050756737275889,0.03735671959090646,0.596910807711569,0.46824389481281026,0.6053587743789441,0.6760685582093512,1.3555396650792508,1.571329580705763
2025-02-24,1.201743963486492,1.0339308365836244,1.1850201211432243,1.0203875755648084,1.4661548891424703,1.432774420619652,0.6834127023284317,0.5732924762904482,0.066928193655746,0.5565479211022538,0.3913477278323264,0.5453413052709957,0.713162497018451,1.371984040594453,1.519433563542884
2025-02-25,1.2415751058941717,1.0386460676023281,1.216141061124967,1.031802942610537,1.4447814936972894,1.3900039875060284,0.7242711331230323,0.5791146212483036,0.06601540840422603,0.5737895613981802,0.3821813931068232,0.5298447548240447,0.7762239075607313,1.3983011180069818,1.5449003051016024
2025-02-27,1.236292044128318,1.039082786298834,1.2166046637802037,1.0275137939482304,1.445420459952225,1.378764498521502,0.7276376358664215,0.5851210481491045,0.07129411951122769,0.5818378568410452,0.3853082903737318,0.5175013460616814,0.7911818881864479,1.4059790092927231,1.5359046708810418
2025-02-28,1.2728202144185454,1.1146797600179323,1.3875559506787143,1.228375911250094,1.4802050341016635,1.3926174974907914,0.7591429092428783,0.7433647664496824,0.24865222666618825,0.6828616370659539,0.32760741661068554,0.5589121124175495,0.9354673849510337,1.3573182101854167,1.4684655443244057
2025-03-03,1.2742969680332807,1.1214204206070877,1.397822372163334,1.230469302442019,1.4804036781505383,1.3967266643549814,0.7607852967733195,0.7419742700272675,0.2489211037162773,0.6814328949455954,0.3273170627014765,0.5694073725021401,0.9443357980313009,1.3600100209273884,1.4761950656339033
2025-03-04,1.2749285698770723,1.121602432570216,1.4014103443756587,1.2305836077506105,1.4804419585470812,1.3974816119415254,0.7586608368628258,0.7383928453441337,0.24610158184035158,0.6816669365331771,0.32796081402956895,0.5691386978129619,0.9444577406136364,1.3624910134060755,1.4783058561571758
2025-03-05,1.255880983922523,1.1201451958401227,1.3983076563025372,1.3072466590301834,1.4519813327838293,1.4856541961692937,0.8231923622595394,0.7935200790449572,0.3565017562351811,0.6928621768189486,0.34276953204242216,0.5619171412339371,1.0052842293354298,1.478923053194082,1.5238034920767605
2025-03-06,1.197733419090638,1.0886398873309322,1.364181507070401,1.2064208138500294,1.45973378926982,1.5585727522257404,0.806537758917359,0.7661901192445204,0.31775425157654236,0.7338755626312712,0.3728659107839867,0.5703127932248089,0.9862749701340318,1.5217356458168598,1.4989446048594754
2025-03-07,1.1909125716203768,1.087905344292327,1.364371200522841,1.216602846217418,1.4560386140045218,1.5311092585457646,0.7998563558403338,0.7698929684387277,0.31500400824674246,0.7318616864851042,0.3753554317022154,0.5588903784019649,0.9976700581399742,1.5269364514665114,1.4996711523979345
2025-03-10,1.1740055683964072,1.0842000010848925,1.402241151759036,1.2324894791957393,1.5218200331370493,1.5592020611984183,0.7555749201653874,0.7505511656955897,0.3114378561505365,0.7325026673972527,0.3866735180986849,0.5604482235699474,0.8954128347988376,1.6108300954867008,1.5359060499659352
2025-03-11,1.1765148995337364,1.0589006333740731,1.3905365178697444,1.222893371040911,1.5299904911955013,1.5529437884972384,0.7599358826088175,0.7459120757148592,0.3156884541121152,0.7575239816896213,0.39966047242362324,0.561850447752896,0.9044796597931342,1.6008699797565595,1.597840829651124
2025-03-12,1.182325557011224,1.1072585104344335,1.4500641056349495,1.275566224850003,1.537150985110361,1.583413501728982,0.7940911399177994,0.7188725549615991,0.2784871605983871,0.753839401617543,0.3608244182941117,0.5756982486465195,0.8405065160791676,1.6165188902606131,1.5986440296645725
2025-03-13,1.1825495852021488,1.120433055209519,1.483644783363045,1.2885973945490174,1.5250019853293335,1.5606126720777744,0.8016073635381619,0.7141643856629609,0.2891635390331065,0.7641953326908725,0.3911694647387917,0.58711118479761,0.8369627419389285,1.610082975247765,1.6166856869523902
2025-03-17,1.1690002412977305,1.117626381779842,1.4871960493945215,1.2824747786221604,1.5577171454751775,1.5460233262238525,0.7769440627450054,0.6733714060130823,0.27512156348623235,0.8352998310909916,0.5852830476601855,0.645498323698071,0.8510048433100922,1.6159293975739673,1.6296124570056791
2025-03-18,1.0952152415108036,1.0842288420364106,1.3935763164653348,1.1304374980033987,1.4636829530914406,1.4812804987378914,0.7775172260366654,0.6724042596976957,0.19568473027913602,0.8028988715267146,0.6610390671415703,0.6374171931103527,0.7798414422938493,1.5156779020411935,1.4861452814503822
2025-03-19,1.1263285808312022,1.089867720151849,1.4148016129955772,1.0714020554427537,1.4605653676124675,1.5315642159609386,0.7218273368249424,0.6993094324165735,0.20306204031735528,0.8240685446469141,0.6921052776403357,0.6889613631484092,0.7766699355206542,1.5716356836580136,1.5371771348568564
2025-03-20,1.0890057691198236,1.115552672142623,1.385280407268344,1.0702049664790392,1.4376554730990367,1.462372280132831,0.7044868173020126,0.7290447261367191,0.29152216316704255,0.8256768261593493,0.7164171334927373,0.6896798115985527,0.8896354696910671,1.4975128562011126,1.458179756848289
2025-03-21,1.1114686309539892,1.0754816105274607,1.3405384101143047,1.059391298808114,1.4736836864583645,1.497886360147118,0.7066804116928856,0.7635142251190421,0.27828382897145115,0.8501692980505443,0.730735324547448,0.7247751424995361,0.895792959986891,1.4499254092663836,1.4483102588792824
2025-03-24,1.2166784636206285,1.0307700932750636,1.3434649085507717,1.1393504820421296,1.434957821416041,1.5850006131361372,0.7238675182780645,0.7113013493851583,0.2507013375797541,0.8043689412956808,0.7140856221050407,0.6991563372042313,0.8357356450758542,1.410771710036396,1.4452439947764075
2025-03-25,1.203964868480497,1.0423125495065473,1.3318468227990448,1.193235973115262,1.4166427346520214,1.5817877088414631,0.7301535005176738,0.71352290618345,0.26723513322319425,0.8389869683671252,0.7078315372528117,0.7303456355164026,0.8293280502841862,1.39537974084519,1.4354294045581149
2025-03-26,1.2160532709101655,1.057517130972404,1.3352912405013357,1.224199723381536,1.4175041584108736,1.6296423574183128,0.727318986649007,0.7143726991091053,0.26171102472646035,0.8305565548788332,0.7144398849547461,0.7544260052536086,0.8097963503714226,1.3901550735007129,1.4508804457170357
2025-03-27,1.2040083267158148,1.0585573987360077,1.3623315376254537,1.2316846101526737,1.4399069520905075,1.648043045533034,0.7325552543479839,0.7134077528923674,0.25164784693365055,0.8085894015920141,0.7276376646271325,0.7372876006239605,0.7935110298553796,1.3966433125129674,1.4651245210335604
2025-03-28,1.1792161084537038,0.9404817693274304,1.4613049161367104,1.268910472501427,1.363375267575335,1.7650018799225735,0.7371763448253442,0.708805771893947,0.27253540541003146,0.9208896024201639,0.774373424745701,0.7469502733158867,0.8323411459161278,1.505141375106629,1.5354509031772474
2025-04-01,1.181106859470843,0.986305790020958,1.3229363069615505,1.2277257434138844,1.3782398520288175,1.7606323777657493,0.6998121152983,0.7378756085313184,0.3108700445518112,0.9324767501381311,0.671011788534365,0.6655534473668749,0.8054980902027221,1.4729446565183426,1.5461604733735381
2025-04-02,1.0845182803043334,1.103102633426766,1.4157421986524337,1.3561645417243733,1.3986318820736756,1.678527682751794,0.5469061857862684,0.6529971389870616,0.34600792759746674,1.009557841634502,0.7158116502552175,0.8346899151225059,0.8506632548012192,1.3524990351262198,1.5983506127510676
2025-04-03,1.1094132736424627,1.1355256259054087,1.443414098213977,1.4009413814465739,1.3848918806589126,1.6609709706674323,0.5493013716185536,0.6236235869694471,0.330881600328512,0.9729056601747047,0.7090280359028832,0.8404325809270458,0.8590915115831829,1.3565268366925725,1.5923752792547174
2025-04-04,1.0576123549219025,1.1740622210253544,1.5115287232999564,1.4489785013429324,1.5914886420969152,1.6653800439658306,0.5114741581443768,0.5586267461031293,0.3554575196615039,1.05204013904177,0.8047118761251374,0.7544866844439719,0.821087231450745,1.6368101890036526,1.6428209280070873
2025-04-07,1.1741302103319284,1.1493428636656098,1.2444420801310787,1.2741636647066863,1.3859769628276173,1.3067004632883623,0.4583210781164248,0.5032622467617016,0.255001644639866,0.9880401624314918,0.7520409362359177,0.6099358732349436,0.888065428648023,1.8092776513060085,1.7273601982849534
2025-04-08,1.1073356258440428,1.2016471954398122,1.262747797309911,1.3130827872937663,1.4224547091991708,1.2223140723049206,0.48579547194884554,0.5112815260604466,0.3279119081175933,0.9633685245469987,0.7794166528506379,0.6092142651320601,0.9051532055961948,1.7030383836627556,1.6903960582576318
2025-04-09,1.11329216517269,1.2698343105317276,1.2771684973649737,1.3247545664582916,1.4184422071779215,1.1743100231623524,0.4538529389040262,0.4779438685364241,0.29329669280377546,0.9607119249617038,0.7855609352712059,0.5319970569562018,0.9041759661861547,1.6846500050799114,1.6054036585432683
2025-04-11,1.1283632520658198,1.219150055246663,1.2412812170885312,1.2763473355106483,1.453676073731404,1.1657315425133896,0.47625634292729724,0.474369841375858,0.2862277009056313,0.9648476697832178,0.7916275847932178,0.478604849595366,0.9259677607769277,1.7235507983942018,1.5490331345356292
2025-04-15,1.0280341838124518,1.176801687213978,1.2135714554249901,1.2350445016818552,1.3741472047149779,1.0701168724273,0.4240686026781161,0.44149407588836354,0.28469912012076615,0.9256763218409921,0.8967183468651061,0.5090579887146871,0.9330915285629445,1.6584332540614728,1.6679090957814307
2025-04-16,1.0216767374619882,1.1771139816162257,1.2372103102816538,1.2337409270721202,1.3891288377492004,1.0522027311694975,0.43955589518282545,0.4568880040075445,0.2932238416981218,0.9165452708569275,0.9182360979220697,0.5097257966377526,0.9326342420026666,1.6530206766041182,1.652540357585915
2025-04-17,1.0290425147457558,1.100575469011091,1.0360145994735228,1.1710651208852823,1.3654537034955978,1.0348643125421848,0.4534286772157753,0.48972889980210554,0.29455913504416076,0.9892470149659045,0.8991075690391841,0.5167562790214216,0.9876898680889439,1.5888070771340397,1.6494799618199392
2025-04-21,0.9683705446067076,1.1300655639191794,0.9732646202372051,1.2440321249301547,1.383952847610504,0.9912703149608573,0.43279930024563723,0.46882146303216965,0.2611122123942522,0.9716014772587657,0.9143731951458817,0.5329930387479187,0.9566476740546606,1.5813538143389307,1.6293255041494872
2025-04-22,0.9619279468631728,1.1605443508381872,0.999055740643988,1.2460346471338892,1.4015097496319326,0.9308353515411504,0.4525584087364187,0.46187937562389675,0.276998899932306,0.9852306635279703,0.9238193785062621,0.6016605917503242,0.9590062466980539,1.596702649023809,1.6187965630726566
2025-04-23,0.9295450277699172,1.1704308136757793,1.0087405373253069,1.2689311636251586,1.4228834296544732,0.9438806155379551,0.4461721213253832,0.4674845887201146,0.28764217701403133,0.990265202369505,0.9266130394041494,0.6114568074340938,0.9702272598579671,1.6209961966415056,1.647834409612715
2025-04-24,0.933694344261285,1.1640887922581376,0.9983059449953817,1.2558464966226643,1.4277664642091787,0.9437361361901684,0.44457893161161627,0.46898799297010335,0.29695316980169656,0.9766839784091204,0.9149499555011255,0.6076450046384708,0.9834326415935859,1.6135532535870307,1.6501421610318359
2025-04-25,0.935622702600211,1.1459656622929406,1.0059689029382397,1.2286723155585926,1.4092195716921072,0.9663069930824549,0.45189252740487745,0.48285392307723235,0.32483387309423534,0.9760378813517593,0.8907882826209462,0.6242323170732524,1.0056732596718814,1.6250319888056493,1.6711496714832568
2025-04-28,0.9419495237759179,1.106850126212329,0.9413408739323229,1.1560132108345205,1.4008258278074253,0.9806604708606848,0.45196847134923795,0.43921271303260784,0.35711410913233527,0.9967969251362466,0.8885696570939436,0.633928679184635,0.9514446221535083,1.6145736247513212,1.7403710333921572
2025-04-29,0.9464601364036251,1.1029345382851037,0.9364077300925081,1.1581812036737196,1.4155942797322294,0.9977713048324451,0.4628879535246716,0.4504027859973388,0.37643213399804126,1.0405298812718293,0.9053716988282349,0.6364104270865033,0.9488443744487586,1.6084515218639157,1.7204936064996246
2025-04-30,0.9362851584325196,1.069191719034119,0.8988424536802609,1.1392898740313342,1.417181800733869,1.0001011233335324,0.47513974157325295,0.4421092906256376,0.3906213132489431,1.0263644508952483,0.9146266216170954,0.6290521810718582,0.9753303590097985,1.6068305033424735,1.6966511672026983
2025-05-02,0.9448477370414026,1.0743522239386643,0.9035376122094397,1.1437629962022973,1.4086365093593012,1.0007333783756485,0.47195205515937777,0.4362388833869611,0.3893825819218178,1.0276332789414002,0.9104531472539152,0.627599089035999,0.9656349520600215,1.6082326342646178,1.6942096729613065
2025-05-05,0.9314304708911801,1.0689843213329064,0.9019865121944769,1.1563123053455746,1.3775957932439113,0.9983973773745373,0.4433338697427901,0.36147193235713726,0.384502613988747,1.0455836487014962,0.8851536357908706,0.647363310858977,1.0080941104823191,1.5897942494815827,1.742868056197587
2025-05-06,0.9340268683443052,1.0587309653106112,0.897999005101667,1.1466820843148409,1.3743803059253132,1.0044905364295378,0.45553058978945715,0.35385022844719255,0.3837844985571143,1.050181438229978,0.8863238136727455,0.6438603762690955,0.9924318454796476,1.5704437508824298,1.7626426355237559
2025-05-07,0.9285522655428743,1.0760028222801088,0.9408489848101331,1.1609301508990035,1.3487451338793988,0.9871329961709543,0.43874578777937795,0.3499700039791417,0.3643970151796667,1.0521349860488636,0.8915227461448517,0.6400488877053111,1.0145045651492899,1.570138112399567,1.758867416619163
2025-05-08,0.8922873578170336,1.0438354212668848,0.9469797325678271,1.1855629844781423,1.3653362139557514,0.9637618907481649,0.449516737973994,0.38651127236534755,0.4186215801369893,1.062087097823035,0.8965239903449878,0.6920689829083104,1.060801649024875,1.6212046214773905,1.8085705639966692
2025-05-09,0.8807399691686819,1.01869092753591,0.9153142742598978,1.1691090650690177,1.3285533897278712,0.9765767094690804,0.46639861508173447,0.3836585400549505,0.38647888547084525,1.061960045108731,0.8626015291218407,0.7247602081517995,1.0694654308320513,1.6025082406158069,1.8383556125721128
2025-05-12,0.8003274543075074,1.2742500273724453,1.1027823672975174,1.2346393589391629,1.2603868872739137,0.9814998770327706,0.5182098654049568,0.4352733597813376,0.47430456470061305,0.6583470783421224,0.8850949173739883,0.7379011595453763,0.8868052401391602,1.5960724778031197,1.9037027231170236
2025-05-13,0.8110167237889268,1.304342413219863,1.1104644814807059,1.2019077919713654,1.243172224410752,1.0026888830536673,0.530732330839857,0.43621420758890983,0.5035020672566929,0.6223119671070861,0.8385937852178426,0.714162932733748,0.9338820684660414,1.5990259869083223,1.8485449797936255
2025-05-14,0.831280590027817,1.3119002230252939,1.13274006031358,1.2270914212894881,1.230910373806052,0.9812613398264113,0.5259255954460118,0.4361903025605258,0.514597134427947,0.6179578172754046,0.8316205827191119,0.7146174700294297,0.95483997033512,1.5882217120962514,1.830996850414027
2025-05-15,0.7939840312582498,1.342577633830982,1.1363133929641014,1.2249073867811757,1.2101533579095685,0.960620694488781,0.4967094066573462,0.4308110331506842,0.49588706159262347,0.6170371664258313,0.8385910254102775,0.6196271978738678,0.9895589416479497,1.5395581013200526,1.8296204398121712
2025-05-16,0.7982927453115961,1.3457619374653824,1.1362032159562816,1.2301619968012782,1.2078847180344217,0.9596333952160189,0.4916744057646783,0.42843912735543677,0.49389473128701705,0.6168579241746833,0.8421525834735872,0.6265275117223404,1.0053008588070174,1.5447769161565945,1.8092631673733015
2025-05-19,0.8004107564542831,1.3508165469689257,1.1374656798097404,1.2339509756132776,1.2043465678209186,0.954913030193541,0.4913307053524022,0.4262078736137508,0.489711179012512,0.6262719752738196,0.8482148823665695,0.6292593508063709,1.0025125043849352,1.5510139720221725,1.786916017732655
2025-05-20,0.79769285634806,1.3331651304037877,1.1299279518602638,1.2297663196610882,1.1535499452689861,0.9378637011731372,0.48764192745172935,0.4622451997557967,0.5202408957260772,0.6171149032977025,0.8107569609418318,0.62428537066563,0.9981357417131401,1.507485263429179,1.7167978390665317
2025-05-21,0.7902874075453166,1.3344996477245692,1.1319095637232552,1.2352116718459125,1.1489888626029117,0.9402535667092068,0.4835863826636604,0.4685406762460379,0.5248495958556437,0.6234326072566746,0.8089507892637657,0.6277341557304452,0.9994181431865518,1.5127392086297118,1.7276572093377498
2025-05-22,0.7878511345823589,1.3347275390940105,1.1469250349967535,1.2528655395298967,1.1768040480463333,0.9570629649205373,0.4977043893308031,0.48201321205279873,0.5300634630079752,0.6242880016137131,0.8020163955186023,0.6307534695075852,0.9814982349735141,1.5013424853205146,1.707446647495366
2025-05-23,0.8016736632580514,1.3329582817003394,1.149629185514543,1.2504482102900012,1.1790115916966644,0.9594528197556125,0.5204715323181673,0.4998612881534256,0.5298748131719598,0.589868202696639,0.7940931633784626,0.6429324596571417,0.9659185429163197,1.4966782360873743,1.695211349198726
2025-05-26,0.7932882799005813,1.341070769326454,1.157110187514117,1.2514389715430543,1.1852440392188512,0.9647568686425783,0.524000718221079,0.5076578749624249,0.5306824614098368,0.5843088298369168,0.7983382120202422,0.6411990227230574,0.9670399423813701,1.4942607763742541,1.692858170128899
2025-05-27,0.7890535240156669,1.3378896217624399,1.1408202255665847,1.2484387243711477,1.1798694222703223,0.9811323626355238,0.5434834962000735,0.5062468947962044,0.5351310423897846,0.56311003639795,0.7784948515284937,0.6325235532565445,0.9637265893438015,1.5131773689367223,1.6811409319628405
2025-05-28,0.8143843229412484,1.315472466497761,1.1036762420936068,1.2388800188849007,1.1657100732031282,0.9627512706987778,0.5648309941526363,0.5284885074707564,0.5352682232857946,0.574679549065393,0.8102620306803706,0.6344063189789833,0.9347829417569895,1.5013204864002987,1.679116224621765
2025-05-29,0.8149390078878165,1.3190218445653343,1.1042040072035355,1.238610281866799,1.164266760858631,0.960665713164211,0.5655590201152285,0.5329415219946345,0.5347905451689013,0.5748030321901795,0.8023615469767148,0.6324780221361906,0.9412838569656002,1.501562617143856,1.677620607169256
2025-05-30,0.8128222189468114,1.3142290879702734,1.103751437584176,1.2453945664062773,1.1694237972460328,0.9671191545015183,0.5634819682394181,0.5459487909717137,0.5315758280371468,0.5876046827487442,0.7985134155157311,0.6330578604604644,0.9435067977441597,1.5101859975374015,1.6652466715192915
2025-06-02,0.7916942249475004,1.2681073538179375,1.006570544614732,1.1356068079802484,1.1642807371852095,0.9835815566707863,0.543318572766564,0.45621110758487776,0.42987067395208395,0.5225982850494464,0.8186961273051568,0.5987359866518213,0.8477410226751052,1.56726582606506,1.7150964943623657
2025-06-03,0.7982868409088717,1.2659666816023056,1.0078022571891547,1.1295132858133035,1.15816211739668,0.9935914676427267,0.5478233335212999,0.46030917394574766,0.43542692875322164,0.5217947735077167,0.8118939962775216,0.6195424441748563,0.8551202142003567,1.5695704129825734,1.7160292624293167
2025-06-04,0.7969789950602818,1.263665217189121,1.0048946606018216,1.1306312830941654,1.1635402646942405,0.9940078264802031,0.5444773871579739,0.45114425479128867,0.43020972516834793,0.5155413017433632,0.8125802808458696,0.6219169056837515,0.8515480339441652,1.5741422922799537,1.7123821693834056
2025-06-05,0.7870242745489758,1.2592919389945292,0.991281186977255,1.0988179388005264,1.1640980350802763,0.9485617562023437,0.5175179662653723,0.42516638065737694,0.3974580046059199,0.5138698445896527,0.8324385770162048,0.6266095199911721,0.8262195393906783,1.5245672082585133,1.710911061511979
2025-06-06,0.8121936206755972,1.2615536635019262,0.9896059774232181,1.1280438473769308,1.1557416407280532,0.922580826207564,0.5202996235432727,0.43016960121391584,0.4024979563763371,0.4876012530118181,0.8460515574310817,0.6264043077224241,0.8124859192760612,1.513273569933586,1.782438875408909
2025-06-09,0.8227035157251024,1.259678177830062,0.9930078167877752,1.1271036330607749,1.1588296438762589,0.9209007924439488,0.5201033573102246,0.4326185605052398,0.4079691908541425,0.48923755969810717,0.8425654189368118,0.6226693202013543,0.8104989612499647,1.513226654865909,1.7789632821348431
2025-06-10,0.8175812616690782,1.2702611017178016,0.9827625752879751,1.1229319465174914,1.1245321234868575,0.9228737245112271,0.5217348956138469,0.43598565623214774,0.4074946168868057,0.49311835519601416,0.8284479694845749,0.6154862030945817,0.814273796798589,1.5196018168700658,1.7611204828560822
2025-06-11,0.8180399587309847,1.2679955144239305,0.981295697615736,1.1217202042337489,1.1244238362428043,0.9231757396721658,0.5219912227038019,0.43638361294903566,0.4079462669120075,0.49401685540137624,0.8283049642233296,0.6153661573691808,0.8149027912507065,1.519236687311947,1.7626560070594326
2025-06-12,0.8301226443219618,1.248946260148677,0.9420773599546449,1.083196755286622,1.0964533237896399,0.9282497623688312,0.5408824495836554,0.44276027830324693,0.4311617468253914,0.49400030192584177,0.7972701602682838,0.5896514111173811,0.8112955273432568,1.5290414592314794,1.7721466588760488
2025-06-13,0.837175398310166,1.2406381723330688,0.9202842909576283,1.067116042490347,1.0750007589651427,0.9322115091819869,0.557660563479961,0.44380571307716005,0.419808535109017,0.4932088114810804,0.7955723157561913,0.5825955585012559,0.8047003372045796,1.5277715977447242,1.7456797792457632
2025-06-16,0.845222742987659,1.2437375841878835,0.9325975752566743,1.0813071354640456,1.080418530951008,0.9320389927484727,0.5694669735984291,0.4496063695139109,0.4187300484997247,0.4825883519270958,0.7580594544774666,0.5918016860500804,0.8084437571715807,1.528826266019451,1.7429792681582126
2025-06-17,0.8663632153682173,1.2630318085015022,0.9521277161202951,1.09948106933669,1.1207398627756266,0.9478161544520529,0.5789986665291735,0.4718334727041274,0.4339221112439926,0.5079281857602739,0.7963432929597433,0.6218085790077619,0.8331886989797689,1.5695531860729526,1.7974666305416651
2025-06-18,0.8635755536049907,1.2649984565777759,0.9477255920740771,1.1108851088193266,1.121098927072555,0.943104948103891,0.5845072346973887,0.47525070257409147,0.43349187526355404,0.5033533646411357,0.7941948266936176,0.6157388332913994,0.831599036869252,1.5580983289359551,1.7855304688585845
2025-06-19,0.8672902405583386,1.261143093366358,0.9454533708998134,1.124760241616997,1.120621808847309,0.9589624321215106,0.5927696062758111,0.4600383901688594,0.4036016003660534,0.4936778993150586,0.7878450318148162,0.6139296490214929,0.7796489445022493,1.5829797813736388,1.8333964275772132
2025-06-20,0.8542113061664073,1.2580558032465539,0.9486081378901884,1.117897771800746,1.0807569788797513,0.9483084078014129,0.590178165164892,0.46528176490366496,0.40715587674886045,0.48889990411297857,0.7641114444270185,0.5989989300442319,0.8105575036229518,1.5791707339158745,1.8296373839117923
2025-06-23,0.7777117124959662,1.3021385795493756,0.9406022475753573,1.0881329885075106,1.0906243650006164,0.8869970114819594,0.5883166742043547,0.47908311440263524,0.4299776009723065,0.4945429216395072,0.7705331182915951,0.6178429665693679,0.8359808884753721,1.5868779756513374,1.8431743599064463
2025-06-24,0.7821515967619275,1.3028122334272403,0.9425711198648544,1.0856758205825272,1.0808622840429634,0.8848562608307138,0.5879262021442386,0.4790484855168718,0.43208275562551324,0.49360797355775216,0.7715158729906384,0.6174580248319387,0.8349673232358885,1.5895760319294054,1.8387056189819306
2025-06-25,0.7575534725364877,1.3063624220591603,0.9465070209751615,1.0654359247956224,1.062806428740305,0.8507234589114666,0.5861994161966195,0.4889110712763111,0.4456950093405997,0.49834964700918594,0.7579698105890285,0.5980688210595114,0.857132245552906,1.5983970697479457,1.8158603661416388
2025-06-26,0.7526945619849719,1.2853915950096808,0.9181550366443157,1.0292031604147807,1.0596406182623115,0.8609709413065688,0.5888733775584475,0.49791116061066415,0.4695186406090918,0.4987790090643473,0.7208692731967943,0.602513111546018,0.8840291655223995,1.6157039223133236,1.7644070629403956
2025-06-27,0.7678780569993833,1.272663509782066,0.8919614613370306,1.0233416089469294,1.0713189652469621,0.8593359517949594,0.5888661885255997,0.5036462506965347,0.4792496763627508,0.5048458536603837,0.7054361977778367,0.6238980733549491,0.8888191707671531,1.6149816916976076,1.7567080623361155
2025-06-30,0.7849258924331676,1.2493975231289158,0.9237427228538382,1.006783866541892,1.1222177418095987,0.8626334959801263,0.5948441049039591,0.49780921967284353,0.464055445174602,0.47698589825663673,0.758604964646869,0.6588657114618542,0.9115066733478888,1.662912342151014,1.7579655032723882
2025-07-01,0.7844990392839934,1.242736054127671,0.9256392698829579,0.9982545767992392,1.1187729566389444,0.867591099200011,0.5935599790571712,0.5128665495755959,0.4466815915867751,0.4717858048171787,0.766114782840476,0.6472084396296955,0.9026120791222422,1.6629978071355076,1.7434857871257288
2025-07-02,0.7817136371843183,1.213977757822203,0.8970410374174751,0.9660573958573181,1.1032990502121427,0.8809257679111226,0.5982864747406875,0.5323664885981153,0.4460482744550552,0.4928021443129114,0.7707923839511552,0.6458560748962786,0.8935209037881678,1.629631741789945,1.7506544311109173
2025-07-03,0.8243061135572592,1.1784530009314598,0.8281481444027785,0.9066537785795787,0.9524532493696795,0.8554340974305409,0.6236374484229003,0.5718575506977472,0.43319630840748935,0.42288357505798396,0.6937602844021159,0.6763833981423859,0.925539956820942,1.463909153136685,1.7154073930773224
2025-07-04,0.7140741816635857,1.1802685038690424,0.9177850916278878,0.9204322917125555,0.9791253346562753,1.0499717552591423,0.7058587024605808,0.6597611011543516,0.563145770222249,0.35073845196393166,0.7021279679224632,0.7896369779527873,0.9018353108936343,1.251138334518402,1.6068280184401367
2025-07-07,0.7179875605226238,1.1755112570546908,0.9130936541481546,0.9218478999257078,0.9399674094783456,1.0633902139777325,0.6859944651680749,0.651358679231056,0.5124857647369992,0.32388345170170335,0.6862132755892905,0.7947071646697447,0.8869767722615524,1.3034229978083358,1.629846021911641
2025-07-08,0.7259287339369024,1.1574274409037302,0.8492793209110823,0.8731278345874434,0.9153024444771183,1.0625704599114265,0.7106683439770091,0.7113786242187525,0.569183562349688,0.29103145519931195,0.6682189491887119,0.8221516863252746,0.8894278257146601,1.2729717631234019,1.6199900177797306
2025-07-09,0.6661117398926484,1.2295697740613658,0.8677535735391583,0.9302957104417753,0.8330258610072787,1.0069724942948453,0.7035490855401427,0.7279023672963691,0.5978996689044104,0.22976487858661007,0.677297599704182,0.9217149156545149,0.8700755905812242,1.199232371454204,1.6916334986583752
2025-07-10,0.728159940732012,1.3159824379491714,0.8854302083327541,0.9794846864713661,0.8657582515840256,1.0706687077094104,0.7911428590354164,0.7995091592042122,0.6249312892585618,0.204841831285463,0.5484215278673589,0.9463889282764528,0.8851675544432684,1.2019344409173915,1.5599011129738016
2025-07-11,0.6988195813458462,1.3351724314249471,0.9177600981037117,0.9653914988543411,0.8343322846612231,1.047204566191905,0.7695520054357394,0.7785783979909412,0.6592165465245938,0.19322815239664812,0.5547278305012392,0.9714839144191789,0.9107480526683636,1.197498595658124,1.5951535045536611
2025-07-14,0.6265944375098416,1.4312019144823223,1.1826812252099972,1.0702292471113888,0.8413178283212026,1.0591459978329838,0.7874184123373389,0.7763068728287539,0.6755324301790069,0.052753072925177405,0.5833654623458965,0.9937524952148152,0.8213304641784602,1.2846929413277357,1.6228386366412655
2025-07-15,0.5682238476774386,1.4197567202159427,1.2096991063176394,0.963355729999803,0.789084158643086,1.0804849026074625,0.8431281323900528,0.8259676039491191,0.7277291505168847,0.08986302640642153,0.5760148685610496,1.01226981947201,0.8586141499272872,1.2734481065440555,1.6525995615497855
2025-07-16,0.5652127743784517,1.4253066614026306,1.2145383580950766,0.9633596424132521,0.7913342184727205,1.0834849693195572,0.8367210318083115,0.8249557794141561,0.7262281035347717,0.08987192753006605,0.5770851502104154,1.0146644211120692,0.8632223602424948,1.2766777198342154,1.65026534580903
2025-07-17,0.6000203700770689,1.3968967885311316,1.1701742623133038,0.9346893651978023,0.7602995450517224,1.0690445261915218,0.8519914106508798,0.817441407996447,0.6957363714526907,0.04963838708249538,0.5645585935316106,1.0087908594348063,0.8475461083856141,1.2348671253021948,1.6568458930232643
2025-07-18,0.6150416595695912,1.3842108692714472,1.1208185125882542,0.9492837917314675,0.7279231216452603,1.0628632291853222,0.8495198741531751,0.797254011783281,0.6969463154303805,0.06677786030261146,0.581411035460936,1.015779532173694,0.8341482701965869,1.2064844928108867,1.6418378765691684
2025-07-21,0.6198118353540087,1.4162357924002447,1.0885830717377523,0.9853620026945198,0.7054887496901353,1.0373298703453169,0.8444144459496409,0.7900764346342943,0.6770583678593427,0.047925630336744574,0.5371420214415196,0.953786953578081,0.8131522167972689,1.1756690842714412,1.5692232500486443
2025-07-22,0.611336134059863,1.4705157541307903,1.1376811380620058,1.0242191746007756,0.6726609805587813,1.0272283396757447,0.8710226865598839,0.8346467879927395,0.696491670400024,-0.04479509960014846,0.5036708508170927,0.948489487913143,0.837642378364374,1.1547736146926075,1.5943055475076684
2025-07-23,0.613010888556579,1.4595751654956064,1.135662281819825,1.0141942000606576,0.6598330441490168,1.0284116700781456,0.8589523849683822,0.8315429011755463,0.6923703333400051,-0.03957118758422319,0.5055508066895241,0.965597906742046,0.8587103832951956,1.136887792406906,1.565861925991635
2025-07-24,0.6290389460018364,1.4690933141064328,1.120885592274288,1.0603832838023548,0.6562843432176946,1.0355641855147413,0.8699696803528226,0.9187967347573656,0.6990367338152406,-0.04874081230289472,0.47591102639151783,0.9573354707641626,0.8609234846927265,1.11797200022595,1.5853192402424459
2025-07-25,0.6338466014780064,1.4950060076482914,1.1231335148713153,1.0967161039615467,0.6868805479969522,1.0515390902385415,0.8519883119631736,0.9476049705220174,0.7197235700832975,-0.06059225615562324,0.4442659738102866,0.902912053897448,0.8410537032497988,1.1299047303443548,1.564665977121463
2025-07-28,0.8061989004156752,1.4855209812285903,1.138159881583055,1.1027559411341041,0.7014502211441566,1.0447355916942491,0.823076410460613,0.9763934750215855,0.6960318373965565,-0.07421206993013882,0.4400101803837634,0.9186244417632781,0.8687574545062077,1.143324984579422,1.6179374069821222
2025-07-29,0.8040582864960096,1.4778835061976492,1.131706122162355,1.1023321998886477,0.6976219389606301,1.030271984032215,0.8132898717974996,0.9815955476875157,0.6975257402175469,-0.07347503655236513,0.43856714986363493,0.9359311511989333,0.9023656154511993,1.1659317322949383,1.605782451391317
2025-07-30,0.7994392682507474,1.479480485685139,1.1266955138249017,1.104294791712355,0.6960601711604744,1.0334665978552435,0.8156169790769632,0.984740672062989,0.7055792665395973,-0.06392617304309732,0.4369479821267175,0.936816971272286,0.9050319627633463,1.1623892079540723,1.6011238588231265
2025-07-31,0.8085209188370778,1.4978003461686398,1.1243047947223168,1.118534423091555,0.6669093518148063,1.043532300171214,0.808008728044562,0.98518156044046,0.7167276001276599,-0.061029871220131184,0.43784641951877523,0.9051190398777789,0.9011337037102192,1.1637693833745795,1.55781777175913
2025-08-01,0.7915786196283341,1.5711439585550175,1.1962962273582842,1.155304620387524,0.7382859081371013,1.0352679793845414,0.7459950251871265,0.9510698437347084,0.7406773550860355,0.0030127970949312037,0.5525227419464759,0.9047922487951315,0.9068925139069199,1.2315543915841143,1.4908343456285844
2025-08-04,0.9352553714113359,1.2457772187062963,0.9316116286384093,1.048972544609369,0.5340077490146907,0.9912878959713706,0.7365848837229113,1.1079749807246877,0.7137294001528973,0.5524233463298669,0.3507460987411411,0.9562659257736165,1.2996776921139657,1.1016595404460277,1.2335765418657274
2025-08-05,0.9275515537050678,1.14719271779075,0.8709281130971012,1.128147931366581,0.5091241437126476,0.9427797637150847,0.6981027987413331,1.1736764499118584,0.6655644400564679,0.6604777706442595,0.4499883548643053,1.0302094082525848,1.2223968236123475,1.0944325585962758,1.3189249133628325
2025-08-06,0.9453063640459785,1.1432473515937578,0.8965582718523446,1.1201618473281187,0.4793354125635606,0.9637827702013256,0.7010519679910495,1.194241123506645,0.7259922211334022,0.6828749965922767,0.45425072381204384,1.0508306781109094,1.217019909493661,1.0437210954142948,1.3312917554825738
2025-08-07,1.0086756773044727,1.1774786876077548,0.8987453634172684,1.1355215935555065,0.483319654961118,1.0026676167591007,0.725661708058971,1.2507712976324925,0.8622775035231048,0.6104994405475204,0.40364626795470754,1.0061643533032916,1.2354796509866661,1.0842784123034996,1.2732174846681192
2025-08-08,1.0543215855568635,1.1578223936225165,0.9154602470857371,1.0852511620051268,0.46888522267073024,0.8938763054788779,0.6893905607316508,1.2828369727807285,0.906397841968705,0.6112968896266726,0.3435823567596266,1.015214571118004,1.3201153651504347,1.0925194959036715,1.3070051232011646
2025-08-11,1.0745546149760556,1.11259763337003,0.9180338685993742,1.035553510766944,0.45880923849654554,0.8875338113085659,0.6894942424110578,1.2747903120390183,0.871041616767895,0.6521468079860779,0.34798770430727716,1.076396954681095,1.2651661487202297,1.0630446282068646,1.3961086233146998
2025-08-12,1.0918128772489144,1.175785608444151,0.9183761303007164,0.9785752735838382,0.5247231296490427,0.8686853204226381,0.7194102545228614,1.2556394054674997,0.8411637621437299,0.6020452886322143,0.38425475746654025,1.0829919337470877,1.3020804004267597,1.1269606369141836,1.5879553411213452
2025-08-13,1.1554364220992033,1.166239335625336,0.9039068503518803,0.9346415549142577,0.5673985346281061,0.8390508386807007,0.7157375305684057,1.2306367400083258,0.8275043590192789,0.5938141651523061,0.45744423461503436,1.2715438428029497,1.3063141774765321,1.0765874927014376,1.510636783699621
2025-08-14,1.1852146929295697,1.1585495265880563,0.8564873781250778,0.879507760727826,0.4679569170115841,0.8101885906674909,0.6727705230743801,1.2221146453776213,0.8096735590715984,0.5857957842983011,0.4632376757370336,1.2887265399082315,1.370065016851997,1.0957568977622882,1.5648556050457427
2025-08-18,1.1581953755401049,1.0584995233672319,0.7930791052344481,0.7774635121086324,0.4398633066095862,0.7118672357486093,0.48606430078615936,1.3653064315279009,0.895284482466508,0.6621268774539996,0.4392794405979655,1.2076884788446245,1.4187663667022263,1.1297538989651075,1.6775049409050196
2025-08-19,1.2163557215825187,1.0425968024805747,0.7801307972092243,0.7802251202722932,0.4200390919557392,0.7216419789833681,0.4578588888125077,1.3593990392403297,0.9060123003340419,0.673683121056414,0.3849132611609089,1.2097277193869438,1.426163635937922,1.1665507292866137,1.7084814210715675
2025-08-20,1.215625074501273,1.1026319768037744,0.7887097847284311,0.8061427878952595,0.41047986948519966,0.71416247220651,0.38541784793209205,1.4400011409921678,0.9574482210158762,0.7133296567356558,0.40095767855044917,1.2264083867321458,1.461048906862432,1.1961698125298217,1.7178326958827217
2025-08-21,1.2197087494966292,1.11092711250962,0.7832871075615445,0.796609142900709,0.40111108953603924,0.7192128559045617,0.3647157540568226,1.41307428029822,0.9419430416922367,0.7027828025856163,0.4161406322027616,1.2025067681471555,1.477661721076526,1.1946977045612324,1.7230376809913897
2025-08-22,1.2391826398717862,1.0819639018133125,0.764471400934282,0.7948223686558865,0.42062365155092746,0.7218296440149023,0.43392234864680923,1.4148234104888733,0.9486050937305517,0.6402456040089266,0.3949725228060535,1.1864232980583735,1.4185195865557028,1.2192103425100842,1.6804355681805805
2025-08-25,1.2305993833910467,1.1405760086492376,0.7995665195452613,0.7951233200523121,0.3983959426467043,0.6969283064729603,0.43844818730679674,1.369615877585804,0.9522228126844516,0.635125852880125,0.4061946804734197,1.147082951030834,1.403599519841982,1.2073730937464833,1.7130759988511073
2025-08-26,1.2057808019984981,1.085309908257234,0.7919167032097971,0.8250907348100451,0.4288251576856051,0.7286678383131313,0.3644204393934752,1.2600963578539541,0.7221379317986243,0.772104247820972,0.4672173377805127,1.1387330904561137,1.4023309566835962,1.283474383031007,1.7482502452990412
2025-08-28,1.204247777559657,1.1289544748911002,0.7859873581847007,0.8221489666354647,0.4230316670203741,0.7061644731518186,0.3658545213740239,1.2236788205783566,0.7285026801184227,0.7861692520975025,0.47497844545265283,1.1113513558540333,1.4146230699676567,1.270089897838106,1.7300945904136584
2025-08-29,1.1903808182072493,1.1489166904215633,0.7915464154084,0.8224766562004658,0.41550281350402446,0.7162470284877139,0.332913921568108,1.2272230035110483,0.7154737238889632,0.7792842099370773,0.4714555202050559,1.130583287768099,1.3822012510932928,1.2551793564336555,1.7505230552179984
2025-09-01,1.1940343747292343,1.2030431332261435,0.7800371152719923,0.8614869582316601,0.49487250491763135,0.7454419610075022,0.2772168943829774,1.2627862526834714,0.6891925658880913,0.6616545278747398,0.44455784246244756,1.131169181179215,1.3763463779975176,1.2782744847226843,1.697920415125798
2025-09-02,1.178146696893134,1.231236464679461,0.8086935286687535,0.8734843845604862,0.46841031178092185,0.7049366236755006,0.26252414312371425,1.2751366053847681,0.7183839765768073,0.7007650285089346,0.3612099846667092,1.150444596819175,1.480356533208056,1.2297973307523655,1.4245312041330043
2025-09-03,1.130035955307882,1.1727154524175782,0.7636156939717175,0.8476369102476506,0.4357400748693028,0.6550407903856795,0.2861144826980205,1.2526288709663733,0.6864149045933631,0.7018490676568738,0.381305347013816,1.1637605069196335,1.4697314929137828,1.3936876147627857,1.456215821614816
2025-09-04,1.1264790907936895,1.1650481076797834,0.7519851234173653,0.8420477509885057,0.4301292551471091,0.6526337086043694,0.28992858301869473,1.2586128941043768,0.7013390000420769,0.7034978416146537,0.3746163442389378,1.1733957586943886,1.4685467677017068,1.3908843573916834,1.4537974177022472
2025-09-05,1.1288438508990644,1.1435680542767865,0.7377621156507558,0.8245689340964055,0.4193593080517355,0.6550927927901885,0.2864463659283726,1.2638306613602726,0.7054709861509981,0.7047974288418685,0.37614798894563645,1.172127231138637,1.4713880684566978,1.3908386621862452,1.453095829346114
2025-09-08,1.1511417640608113,1.134674333834826,0.7891468332552521,0.8877255704599067,0.45211272265878405,0.6171540390716532,0.24221106114511487,1.2414969103464104,0.6618925694945893,0.729874078144338,0.43543109964991167,1.2689499912118831,1.4944631209674302,1.3401485669201632,1.415858374078783
2025-09-09,1.155234001892666,1.2485180136130063,0.8697276056020203,0.9957270436645174,0.5089047538275402,0.5934049482868381,0.19925730120972365,1.272827108343124,0.6716859974916133,0.7621844134295261,0.5141459754814005,1.2886564453560647,1.5154091251957602,1.3385536234447233,1.4476167379902456
2025-09-10,1.1338171536416035,1.2660595996477808,0.9095089955336255,0.9647473933335694,0.42179275712442416,0.598950068488565,0.17040682548782776,1.3221569798724764,0.7315464295334296,0.797769795149878,0.612438606713981,1.2854050075573904,1.5126184068502309,1.3288224466789762,1.4592369150137392
2025-09-11,1.1428954215086562,1.2890103615457744,0.9116685064561533,1.0046059277626265,0.39768473065772414,0.6243275766771714,0.1712195524087804,1.3072382048181366,0.7446941837575468,0.7679864200664109,0.5728288787383251,1.252837119448446,1.5222508444746043,1.3118203843083667,1.458258030503443
2025-09-12,1.1359295209943554,1.3027555382889833,0.8823456411530864,1.0039313953490983,0.3854389001910231,0.6152942646467049,0.15926498406093464,1.2794330052243232,0.7125003620618072,0.7713790662994146,0.5878365461550393,1.223949707957581,1.5019257854760848,1.297114029234767,1.450893703120415
2025-09-15,1.1376535604527935,1.3076258174962252,0.8916432190746091,0.997249483236655,0.39135629538261574,0.6126129065486821,0.1619953183211512,1.277410421337624,0.7173117714791732,0.7797060739341377,0.6052996306164197,1.236996339118799,1.5017592626886063,1.295743402994615,1.4196100950776027
2025-09-16,1.2315139765361012,1.381216221159036,0.9672138189675498,1.0379641358704879,0.45222589067604885,0.5856531717626419,0.1310638098091447,1.2079369876768806,0.7296721023674017,0.7735790440917415,0.680376676917413,1.2900640337242464,1.4407281121653783,1.4094668999831768,1.4416789225794266
2025-09-17,1.3043716445776063,1.336031062399658,0.9397345682326049,1.049632607532804,0.4718445308118507,0.5731044499558323,0.07664358429375422,1.2188546997723373,0.6828733626991983,0.7925136991694914,0.6711749505530502,1.2775676470845376,1.4590935005450505,1.4183496258457793,1.458449612274704
2025-09-18,1.2770355024912008,1.3591951347248195,0.9491016598173814,1.0561110635332804,0.5063493875589699,0.5871103700119201,0.08597353831982808,1.2188172179252679,0.6677216171525868,0.8268117977969353,0.6636782560620113,1.2636394469507661,1.4568290100336945,1.397054305718377,1.4516179531364581
2025-09-19,1.3863402398222189,1.2932468296548296,0.9032328099528245,0.9935805950406337,0.5460667504790625,0.5823559843975669,0.06953264919054965,1.2061495971763414,0.6320753209577364,0.8161525588159235,0.6684079986383996,1.3019021210060637,1.3932459313516912,1.4070762395328609,1.4724226576481751
2025-09-22,1.4796510691524307,1.467723935803268,1.0661062729285344,1.2288923323249907,0.48310684175564156,0.47712028711724774,0.02407740120903442,1.230448728802435,0.5349824094957176,0.9041520226198155,0.8914746653322783,1.3873802871082732,1.317841630513817,1.3270395260689285,1.6618871719938384
2025-09-23,1.4748905263474452,1.489951578469999,1.1071377718587192,1.2729362030769336,0.5078053278611192,0.46605689396841454,0.03872048096291767,1.2233414497094313,0.5706474063479319,0.8898779523799255,0.9342276526233848,1.3357626288162792,1.3182026374083538,1.320524818522152,1.6882437617382244
2025-09-24,1.4401175615435091,1.4861765885292901,1.1754433839597138,1.3341154194241762,0.5033635712391451,0.3995409996527018,0.03860117753508689,1.2086523336139203,0.5828937495512002,0.8773743218362646,0.9173025175112384,1.3252996244609034,1.3055588356869579,1.3013870513826917,1.7575468581341689
2025-09-25,1.4272986004915262,1.4682795675081404,1.1894461553807383,1.3220716937612025,0.47328331982601024,0.4826144022425691,0.046684913878960996,1.2139491882567701,0.5999806406460936,0.8578969609038293,0.9725837417819373,1.2765870373409964,1.2574393800433161,1.2813746117918012,1.7679816400429815
2025-09-26,1.3980794310985862,1.5366918450060951,1.2928527922538584,1.402707985523614,0.472554132195578,0.5120408860348135,-0.03677753192014388,1.1933048174256606,0.6221315611125385,0.9689960264341709,1.017464679172195,1.2905949916218693,1.2662471931553378,1.456420652255837,1.6930290407050346
2025-09-29,1.3838769619081417,1.5448836252849072,1.2924874273615943,1.4029166340345947,0.48229612515189174,0.5128412153858758,-0.03678719798544031,1.1966280961863764,0.6227723951277397,0.9714629322855441,1.0353951615268147,1.3079489179614985,1.2636799948475992,1.4562655619003302,1.692596343013981
2025-09-30,1.3854508100735616,1.5249112806841205,1.2765723689683999,1.3924308261545062,0.47628744038641846,0.5119402088120473,-0.03043937730642839,1.1906984642133291,0.6310620131873186,0.976917358047776,1.019828870659996,1.3173657999257473,1.2728004276528047,1.493967029845457,1.6863143933455538
2025-10-01,1.5128318740118445,1.4703565619389964,1.257605030541636,1.3987820055873368,0.538914061899614,0.47680004321031993,0.02829764008476173,1.1915591715005946,0.5636761559287056,1.0744243425469597,1.065368107661871,1.2688468954054513,1.1741610559074827,1.3673760127783419,1.681994114324324
2025-10-03,1.4846837342166623,1.459587148857587,1.2454682279798284,1.3696871143569662,0.5313620378175933,0.4569822770052196,0.018921743073911118,1.1995386292586245,0.5835561229666216,1.0770211926388698,1.1037877901357964,1.282079474014745,1.2027507575609677,1.427120608514787,1.6770199538111756
2025-10-06,1.5370202092024707,1.5082107235122297,1.2272006463348413,1.4471963529089227,0.5530448676548582,0.4064894270532496,-0.012516895233771782,1.2104345089021884,0.5806891964752039,1.104833745567166,1.0610202162794196,1.3539032384466556,1.1786482278502304,1.2784523180196086,1.6559809341298843
2025-10-07,1.5179081773087357,1.4914256246461874,1.2220929613353064,1.4446567381719795,0.5534423821137138,0.38872350141230494,-0.028487993011223685,1.192503562564501,0.5664611479045414,1.1052405079449477,1.0752385752787132,1.3314042372870794,1.1322788963368118,1.3220652642949828,1.6881615957992289
2025-10-08,1.615377722394721,1.450369067800653,1.1411171171591183,1.4885125438176585,0.5662490507283113,0.4377933329044218,-0.02764499183218955,1.2345862172254696,0.49975883083885975,1.190234975311057,1.099266399817537,1.2711957166438022,1.0569151166703648,1.3352957940113013,1.6819682316950115
2025-10-09,1.6251844613169562,1.4411695225917425,1.1307136096779586,1.4681412196039076,0.5955631229687514,0.44973225476523326,-0.012738570069481486,1.2318343577462618,0.5178496878276151,1.238722755677321,1.1102333337340538,1.2696010042857269,1.0381704557872524,1.3998552647005762,1.7099984663299332
2025-10-10,1.6533732664905827,1.4272217793019484,1.1226997067249216,1.4517519851886793,0.6317166177496901,0.47881094274742664,-0.01257908309134502,1.232163443135425,0.5138185494335502,1.188817302523376,1.1259433268487036,1.21690403405909,1.019586910670309,1.3921391435201236,1.7287768472129939
2025-10-13,1.648257562441109,1.4362126100153023,1.1309607450683314,1.4444189851499565,0.6440449068691825,0.4689916329968412,-0.003953096172230319,1.2347735968753248,0.5153846607835425,1.1920467162269541,1.1253515779118541,1.2168303243185032,1.0058772246921026,1.401102920807689,1.7138895796937874
2025-10-14,1.6444692177900517,1.4094549575195605,1.0889161421234508,1.3613711986621404,0.6512670488988169,0.5005217112850008,0.004742012012947327,1.248997102601426,0.5458361524167903,1.2156565845585032,1.17454099538857,1.197457678235214,1.008964741321932,1.472080677842818,1.7288230213426836
2025-10-15,1.5822507491264504,1.3686680142284193,1.1968436485551082,1.2997424304435943,0.7291908609393718,0.5224042035136139,0.03418067827919158,1.4325893737498452,0.535254530648683,1.1903662553731047,1.1354673460851634,1.1922672224326474,1.0197674243094947,1.5691039034341066,1.8054585878003668
2025-10-16,1.6270806848082473,1.3027948074810223,1.2893140398934284,1.2713136400128604,0.7234120426155387,0.5401463948851705,0.124997692225771,1.6218191325178295,0.6941692105589886,1.1533228026881708,1.1173470710990627,1.1576696216661804,0.9581421029126284,1.5097035883115812,1.8067576345880327
2025-10-17,1.6081862152342865,1.2354280573655807,1.1495274233285595,1.2363790564068673,0.7137377699438994,0.5287276118254389,0.15934219375306474,1.617978790693663,0.7107857187221488,1.1650927287781931,1.1242890095143216,1.1620302905959239,1.0015501765133248,1.4658673150844148,1.7810209771058856
2025-10-20,1.61362678450662,1.2721185752990818,1.1390185298225994,1.2674949253605303,0.7416565037983255,0.5185703463696537,0.17454265207028016,1.609169533843531,0.7045239963620435,1.179393331734358,1.167843570405629,1.1496085892697503,0.997116184442376,1.4779904087974514,1.827157437139145
2025-10-21,1.6008352625638715,1.2572866320471274,1.1791874079984086,1.1836534182904133,0.7474230542641217,0.48420364102834434,0.13210766074919172,1.4400433284720389,0.6858184222953161,1.2317089887115862,1.2537775621039673,1.1679514962281827,1.0025574757864375,1.5301956142972604,1.8184743538711645
2025-10-23,1.6405378027749054,1.1970397234398178,1.1925579631338352,1.1089504416334592,0.6801041563345869,0.4105910406750316,0.13149761604147153,1.388354826468692,0.6335444568636719,1.3244072106031193,1.378240445466515,1.3072035113268403,1.0564846937511116,1.5366514865106624,1.9074694432662802
2025-10-24,1.3940560185866533,1.2247952579663623,1.1591521057256273,1.1133688350888529,0.6571613893616951,0.4382432887559657,0.13307817467643396,1.304100676700913,0.6728521559172504,1.341801452586755,1.4262926422408262,1.309261160258195,0.9387045435581818,1.510869458188227,1.7749748894578792
2025-10-27,1.3118852261768972,1.2266035142532468,1.1447967959476322,1.1220806092831153,0.6107786865112674,0.4430028951080783,0.17589370440700677,1.3049141411823932,0.5832949297115073,1.307291677782493,1.3903061681813078,1.2633264560348811,0.9774079042458588,1.5082901637684247,1.7464787611188408
2025-10-28,1.307698322825846,1.226514703951564,1.1515737893635487,1.1299488860402715,0.6227379963391875,0.4467678967532133,0.18467037197499966,1.3155183139031705,0.5853327190957089,1.3036869409584582,1.3851903097685028,1.2575422010940402,0.96915600568449,1.4752083369970586,1.7562034842678511
2025-10-29,1.31773541054127,1.226713096596108,1.1355629835217416,1.1409345500849826,0.6578966296812799,0.4666202945413411,0.23135563106365586,1.330687053907637,0.5915273620106216,1.3060042468561035,1.2762109567766966,1.2665279142089076,0.95098868935818,1.4541028465149408,1.7601482995010054
2025-10-30,1.4049447329606541,1.1494350200051142,1.0335974019619327,1.1220040568391114,0.5886869463874251,0.4483523068364138,0.32829440932632886,1.3952546139990947,0.6206203888081949,1.1051119611158429,1.2594848348748156,1.215708065440208,0.9531551146677856,1.3185495643855156,1.7502739412242956
2025-10-31,1.4612655656469657,1.1496116585403422,0.9978457017792995,1.0515566943493952,0.6092147145817909,0.5376649009495994,0.3071593458328414,1.4238730291519317,0.5955304950400298,1.106253852324678,1.2500022693101718,1.291784518407165,0.9237128506936224,1.2139324993078922,1.7727121525579226
2025-11-03,1.479974345495413,1.1272506766881256,1.004834265858462,1.075356441639821,0.6108114264435096,0.5489648470923515,0.2860647645885695,1.4173406833421895,0.5376792293227665,1.105012933434436,1.2407695632399056,1.2984864293272782,0.9532859016849932,1.2171372661563957,1.7687836028605672
2025-11-04,1.4827028456331257,1.1177763120743716,0.9730183273611493,1.042023641497559,0.6811058826844185,0.586440371865577,0.3207091886897073,1.3611736364776035,0.3790934595094614,1.071948488607646,1.1641391848601517,1.2533643013948959,0.8498996854312852,1.261104479480297,1.695594718911986
2025-11-06,1.486410094464041,1.1103987669725204,0.9396200773645444,1.0204875318350302,0.6860121227438445,0.6112382857021513,0.32498180944389515,1.3509366674739045,0.32689806207387123,1.0694101736263792,1.1416421347193975,1.2540127729322361,0.8673046274035118,1.2804959901871493,1.7315870100883537
2025-11-07,1.4464095783922464,1.1091569663561918,0.9263491894197493,1.1004330448762505,0.7067623310669477,0.7437413633271109,0.3694104086090494,1.3068265679271232,0.20944071810286377,1.0833666501298276,1.2727110297540543,1.2656509015043034,0.7385245996998159,1.261082831598659,1.734915828526556
2025-11-10,1.4495774725029469,1.1825889253233668,0.929148850715563,1.1551628011306256,0.7286948503251617,0.7482843125243038,0.3580714216180464,1.3289326067438338,0.2266189386045045,1.0642031248159036,1.2800278765304178,1.16137485112135,0.7946715880476752,1.3052445783510758,1.6779166893076254
2025-11-11,1.4151794504304176,1.1997434477930091,0.9549163343290004,1.2445987605468607,0.7275398090669334,0.799987236471508,0.3666039525958112,1.2915365822994953,0.11031117059532988,1.119034238057464,1.3167972615322356,1.14231966651791,0.8064702750499295,1.3239551976713053,1.6717293456138338
2025-11-12,1.3483924212017546,1.2360557743999598,1.0044590312595771,1.3772902330667962,0.7499398268031888,0.7985272767667665,0.3804692627280719,1.2901774084134028,0.03706697836215266,1.1103681932396827,1.280934281558956,0.888145476571187,0.830609312447499,1.2504663596920742,1.629017954562301
2025-11-13,1.3492335527650874,1.242598063551603,1.0090454055445768,1.375355237011321,0.7538763193049812,0.7981351349492097,0.3803222931095181,1.2899849766135854,0.03654403783648276,1.1091090690186525,1.279835781547104,0.8917604566505338,0.82755728534532,1.2486605531488937,1.6245538053855648
2025-11-14,1.3590182298645275,1.3698673457792294,1.1098014627737165,1.52121301300088,0.7757248977662171,0.9089718217384214,0.4854671719551755,1.0550198929171108,-0.12132732853744863,1.219761371528799,1.3456010455427154,0.9382462827996213,0.8256036300530013,1.2203363394234454,1.5728919245176336
2025-11-17,1.3513137471736774,1.3714299142291924,1.090238946309643,1.5020148367330057,0.7830113712858683,0.9293952764861758,0.46305300421754736,1.016763352797639,-0.13747743058702833,1.2390862177982347,1.3795991921730895,0.9564622920829761,0.8167392163163106,1.1873875438399435,1.56238949776303
2025-11-18,1.363016291746092,1.3452002411650266,1.093706229296382,1.5223580883351246,0.7938639583500811,0.9039517960628414,0.4787545546172009,0.9869309709826637,-0.19280875821678442,1.2344259759521536,1.3641904896454589,0.9735576370012375,0.7450679034948724,1.167892912376101,1.629837744435248
2025-11-19,1.3595057367609493,1.4451309725134776,1.1509100801642516,1.5291984549894997,0.8047344217190467,0.8760261080663456,0.4527423440438,1.0088050859684075,-0.16299972704648003,1.2567376211890275,1.3475822797445824,0.991429588158679,0.7437973801708679,1.161691539463879,1.5734538295447316
2025-11-20,1.3001747773768506,1.4541546867464512,1.1744429945808172,1.5849339939407165,0.7609636417302292,0.8836218251285489,0.369177872399809,0.9481231343713766,-0.2720345760184861,1.2952385195224416,1.4140872341389636,1.0282625703748034,0.7686939483865949,1.0659976082381117,1.5487054397602953
2025-11-21,1.3106861865219803,1.3494475270232713,1.1372450367690483,1.512118926168362,0.7705276535318717,0.8632741715997286,0.3370066440434592,0.9588849605993571,-0.2607241136669055,1.2591101517687069,1.3947622016363623,1.043695254024542,0.7641533442116298,1.1437763591125691,1.5773972320136227
2025-11-24,1.3292577934246743,1.4251524327761633,1.1204519384638363,1.402726892135278,0.748852991667445,0.8493498397014106,0.4838082352278135,1.1217937013141486,0.039227593553721185,1.0581920185164726,1.4179626789054824,1.0820465692961025,0.7169423391343881,1.041299725735579,1.548642621671596
2025-11-25,1.3483798279879016,1.3957409929413096,1.1671711997288523,1.4526144804292156,0.7666816495820472,0.8438199962528729,0.48725033912167753,1.1977867758464327,-0.045020317548714085,1.0508504521639341,1.4597469587354035,1.0971773134910154,0.6427469839800767,1.0118238161124515,1.5777370492777445
2025-11-26,1.3849770965521158,1.3571275111907268,1.2114915666484873,1.4427748823654591,0.7714199324117008,0.8052961345336909,0.546053492272985,1.1551480718538394,0.027913137576651603,1.0900498800284426,1.4225781292400799,1.0394784534010924,0.44285087342806756,1.0951261347110195,1.5194727321035066
2025-11-27,1.4190630652195104,1.303119921419702,1.2378091185721838,1.4160072571439655,0.7007969624090947,0.7829024168883427,0.613381290194837,1.1272385983204511,0.014081807889045004,1.2466915801851137,1.3894351609185789,1.0365700348695774,0.4402690831169357,1.0910765706453316,1.5111980096912565
2025-11-28,1.3866528223224588,1.3118194383747939,1.248801297332532,1.4272352440368676,0.7140381191638645,0.8276175360430398,0.6213989743413266,1.1867078101210051,0.02739919924138087,1.238574472670937,1.3412874678078777,1.0431231896365212,0.4324856208441055,1.1278463971423203,1.5411562196062185
2025-12-01,1.3624811003630404,1.3754847161854002,1.2787415292798356,1.444593873527618,0.7229196945497174,0.8554665693069118,0.5853428354252709,1.2243171145932392,0.026171516717102872,1.2575471948598107,1.3330248699042206,1.0377009750025823,0.4622679574265045,0.9304115987362936,1.5360023623509638
2025-12-02,1.339158067658883,1.347660416160302,1.24089236629507,1.3795734506542185,0.7296086953031647,0.8069707204422244,0.6056374296551498,1.198466286165366,-0.02466382468849423,1.2506506595199016,1.234451345271963,1.0324178003768048,0.42367875578369346,0.9261535897303871,1.4849845769940675
2025-12-03,1.330819983028309,1.3158910478155108,1.1980197281052647,1.3611964718182479,0.7529068008293672,0.8349986452276154,0.5953657641544777,1.2185570567605621,-0.008898777106174585,1.2430590218753312,1.2255952364923424,1.0357609507805108,0.44457552241004283,0.9340616658548495,1.486321326788035
2025-12-04,1.3248102542960984,1.3261140119316155,1.2051822857342167,1.3740072630209075,0.7613562655443625,0.8366490136807767,0.5997074702567226,1.2238671755189694,-0.004200386555841284,1.2489908872983704,1.227725294907182,1.038253214701882,0.45140331614853857,0.930492914848365,1.486384752916074
2025-12-05,1.328765997195559,1.240236713433342,1.1718337814079267,1.3190935651892743,0.7467448387871463,0.8482404903190708,0.5966847858194425,1.1945517866930133,0.04011551774654779,1.189263429782394,1.1337976565845223,1.0108272279462653,0.4450043585926794,0.9228137793346821,1.5429481579477864
2025-12-08,1.3263151908801258,1.16277939266936,1.0137593211786529,1.1249695194422218,0.7856620136907708,0.8686452526304939,0.5875121869108855,1.272344633188755,0.13491855609222247,1.1749975989768051,1.091395441777737,0.9961466571919613,0.5105771339411583,1.009784659747673,1.7357957759931342
2025-12-09,1.3137876686431447,1.1796114069752714,1.054630699321004,1.17736181332168,0.7504848658207203,0.8394901354319199,0.5834950430877965,1.2442839797425203,0.09799427013193361,1.196440923123681,1.1270608892969627,0.9757794157363554,0.4961819230642283,1.0501924250491135,1.6824217614240708
2025-12-10,1.3197605653327904,1.18108809059014,1.072561853497388,1.191528691721824,0.767212265379054,0.8194645770058934,0.5767037937276667,1.2656605549810582,0.13860944905473402,1.1815256327647592,1.0874865035314771,0.9948143148451516,0.5460312870902965,1.017219849775043,1.6881412379354823
2025-12-11,1.3737752651284365,1.1705554357502328,1.0683292611294315,1.2046287816633134,0.7338708537627393,0.8177893548555131,0.5648241117285476,1.2582866405460023,0.1438400546459378,1.1836950778271893,1.1182445371142538,0.9749817203706515,0.5110958233475013,1.08705127135806,1.7529651364574703
2025-12-12,1.2701694957539276,1.1732951634328983,1.0496186505065186,1.2052771080592095,0.6826898024935661,0.8003510994796359,0.5398395543360966,1.3659596288665339,0.19246772667307188,1.1452758001202799,1.1118578655168503,1.0083837051362656,0.4900284894635855,1.143053027125623,1.7346717611382618
2025-12-15,1.2486775524256812,1.1632321357774014,1.0521097494286702,1.1936601983996644,0.681362039961445,0.7979423009785861,0.5566206742774088,1.3714432406454171,0.21062212522860158,1.1424506893523947,1.1145326121425614,1.001012191078139,0.500047743509521,1.1531918835854809,1.7413296037879489
2025-12-16,1.2193385628719944,1.155818179171958,1.0495032251800986,1.1558800272688903,0.7400327564847304,0.8132942418599112,0.5358357838861757,1.3443469396455041,0.18287271663878785,1.12710568927509,1.0792213219453168,0.9984821960443219,0.42569686055295564,1.1978888832537837,1.7352064103786418
2025-12-17,1.202084430033645,1.1566115854548502,1.0374056713307265,1.1700190938119859,0.7554634201244704,0.83460553888906,0.5412918327007483,1.328228356080935,0.16384574035312258,1.139226878834216,1.092591154089259,1.018558381801524,0.45438729071990935,1.1958978938023739,1.7511843806119594
2025-12-18,1.2058237064218198,1.0725122175284616,0.9722472786769047,1.0699243675351846,0.782960710938945,0.8620705768073393,0.5193402901402676,1.3329154606849576,0.1619851701586746,1.1394498787029506,1.0566000148204404,1.0129350049871961,0.4500545436878708,1.2217332001578645,1.7751443174891468
2025-12-19,1.186554428099155,1.0703191140984198,0.9554151369488579,1.0326615907055339,0.7786254475677873,0.8810542962021347,0.5058584823394737,1.3173724499249138,0.17117979492496094,1.102747140016925,1.0408601436456706,1.0442433165629634,0.43512673308481503,1.2275323897653136,1.7957020143647662
2025-12-22,1.1077850035901422,1.177933069121231,1.008463096688242,1.0550772073324066,0.8169262896640997,0.9317999973086033,0.49802270958868144,1.363999706378208,0.16938507368389397,1.1328026391866879,1.0169134687910717,1.047658731538157,0.516220200452495,1.2106518164949809,1.663604337476407
2025-12-23,1.0968921120374333,1.1832093378384039,0.9851343282914775,1.0590183017655777,0.8695206354226283,0.8632371465866491,0.4994615034537068,1.3881469553252488,0.1610095832617243,1.1734303527179621,0.9647420074271947,1.0789115611466988,0.5444456853760745,1.2445738383591733,1.6404656333521845
2025-12-24,1.1004128752301403,1.0768060555012748,0.8686945413904591,0.9304751435796493,0.8943908996229025,0.8779749121011431,0.636520194380384,1.410709283407173,0.13685448358058103,1.0792335907931858,0.9266061627862927,1.0284011788945757,0.4992851394693561,1.123592381561033,1.714181596325897
2025-12-26,1.0847316557406075,1.0761018758029286,0.9049888496563123,0.9667457211095679,0.8809311240642516,0.8586944593198852,0.6552920061625181,1.3465423881407197,0.13606388423835158,1.1042825318629959,0.8851844886958598,1.008466535130343,0.516469856243555,1.1396550299994843,1.6988042617151613
2025-12-29,1.0823150663087233,1.090313138502889,0.9212685523496905,0.9483869802392487,0.8619338186836608,0.8286283975716412,0.6403538199478656,1.3119952828296766,0.14382959161915773,1.100629850125456,0.8640406161707967,1.021152601274798,0.5349451464739936,1.0579786559410003,1.6879186076816703
2025-12-30,0.92344423483739,1.1565933709497258,0.9374990983053249,0.9475649311184272,0.8134717780515001,0.872835039050903,0.6129133493234858,1.3212636456967735,0.18202696159817763,0.9976794142806802,0.8053138913322804,1.0506101935846683,0.6066202185820095,1.1508974083134624,1.6967196381649068
2025-12-31,0.9811624393414703,1.094310116378433,0.8970917865201145,0.881356200318077,0.9038214267650194,0.9120403310669857,0.6276151878164047,1.3250519194069763,0.18541911755378188,0.9663782659246951,0.7980978102911053,1.0576000113476183,0.5767202784278185,1.1922759876868518,1.6861272573718837
2026-01-01,0.9076033286252502,1.0382124868389344,0.9099154714407819,0.7818996930082164,0.889583325229129,0.9822848994080559,0.6972503458351327,1.3261446468402724,0.1768977463407,0.929996048847707,0.8250836190288038,0.9428265313529519,0.5879554283036194,1.32770459579214,1.695142066077094
2026-01-02,0.835389184376189,1.033661671732929,0.9031320090205192,0.7631708536923756,0.9329727292625964,1.1697157390225636,0.5114573775604462,1.2291255560266217,0.15907867853093105,0.9192513515126897,0.8110213885115177,0.9311962962600608,0.5505240022391726,1.3071976337037403,1.6951562767801014
2026-01-05,0.828420495027905,1.1500400006164628,0.9677798193158665,0.8204836977783515,0.9349036684659668,1.1488363087202016,0.5118449614693624,1.1581384480443238,0.11830326720961469,0.8842684275588303,0.7953962642788118,0.9345618337562107,0.5695532333474405,1.2681933577603919,1.5978497868730093
2026-01-06,0.8446749472257301,1.1249456990620539,0.9301362893438717,0.8090645460597541,0.8796428902717653,1.1403825142154511,0.5538294366177302,1.1459945823706514,0.055362332074957256,0.7928767973424712,0.7571263654539844,0.8242227983135267,0.5846949840686815,1.1871993025583136,1.6062401282755414
2026-01-07,0.8448364099895523,1.1026923062359772,0.8868603471169411,0.815969304873031,0.8718159946218683,1.1289789373231773,0.5328993814089683,1.1401088567311202,0.04721933960859081,0.7628246734253585,0.7395238597770761,0.8105482111581024,0.6121104864876965,1.2564542702631827,1.579679851180415
2026-01-08,0.8227737975282512,1.1191541829145801,1.035777748704772,0.9726476849957686,1.0248110397781989,1.1549845881967689,0.4706661852891951,1.091910701871466,0.22499564792450288,0.8005642346614353,0.8929614836305784,0.8282821818892434,0.6520627306617944,1.3082061688584254,1.5762447520390623
2026-01-09,0.8104604260883156,1.0790861586180023,1.0428196847950013,0.959623527328439,0.9350881902768573,1.21076515366292,0.4911832422938242,1.0665238432197681,0.24264221589916,0.8488417621186081,0.7994768567719708,0.904481232044376,0.723233953272133,1.2824643338255064,1.6842655497198658
2026-01-12,0.8401078211753672,1.1237718476622844,1.0449457718834196,1.017865684033626,0.9150849717658203,1.2122370341617699,0.46989475474827963,0.9382830862695476,0.18825306451744514,0.8757088887232619,0.8459227855365582,0.8857549829030927,0.7098121153750714,1.3085840336293442,1.5759525525050824
2026-01-13,0.7042607799484306,1.23018961641112,1.0121225636999505,1.0490632395620698,0.8981762156078217,1.2470071868565415,0.39878331360152647,0.6682236184967483,-0.0038247805044401423,0.9350831774824763,0.8911360898673563,0.920205763666668,0.785297620112575,1.3842163098160372,1.5531761425453916
2026-01-14,0.7340245583914425,1.3287970959447075,1.2424355978751487,1.143627982909826,0.8846412132081813,1.2040802687675347,0.32353312287098984,0.6596380532772075,-0.03619988478260254,0.9374485759668044,0.8602554764895263,0.9039499805142864,0.7197584663650289,1.3730765342109774,1.5694089646311213
2026-01-15,,,,,,,,,,,,,,,
2026-01-16,,,,,,,,,,,,,,,
2026-01-19,,,,,,,,,,,,,,,
2026-01-20,,,,,,,,,,,,,,,
2026-01-21,,,,,,,,,,,,,,,
2026-01-22,,,,,,,,,,,,,,,
2026-01-23,,,,,,,,,,,,,,,
2026-01-27,,,,,,,,,,,,,,,
2026-01-28,,,,,,,,,,,,,,,
2026-01-29,,,,,,,,,,,,,,,
2026-01-30,,,,,,,,,,,,,,,
2026-02-02,,,,,,,,,,,,,,,
2026-02-03,,,,,,,,,,,,,,,
2026-02-04,,,,,,,,,,,,,,,
2026-02-05,,,,,,,,,,,,,,,
2026-02-06,,,,,,,,,,,,,,,
2026-02-09,,,,,,,,,,,,,,,
2026-02-10,,,,,,,,,,,,,,,
2026-02-11,,,,,,,,,,,,,,,
2026-02-12,,,,,,,,,,,,,,,
2026-02-13,,,,,,,,,,,,,,,
2026-02-16,,,,,,,,,,,,,,,
2026-02-17,,,,,,,,,,,,,,,
2026-02-18,,,,,,,,,,,,,,,
2026-02-19,,,,,,,,,,,,,,,
2026-02-20,,,,,,,,,,,,,,,
2026-02-23,,,,,,,,,,,,,,,
2026-02-24,,,,,,,,,,,,,,,
2026-02-25,,,,,,,,,,,,,,,
2026-02-26,,,,,,,,,,,,,,,
2026-02-27,,,,,,,,,,,,,,,
2026-03-02,,,,,,,,,,,,,,,
2026-03-04,,,,,,,,,,,,,,,
2026-03-05,,,,,,,,,,,,,,,
2026-03-06,,,,,,,,,,,,,,,
2026-03-09,,,,,,,,,,,,,,,
2026-03-10,,,,,,,,,,,,,,,
2026-03-11,,,,,,,,,,,,,,,
2026-03-12,,,,,,,,,,,,,,,
2026-03-13,,,,,,,,,,,,,,,
2026-03-16,,,,,,,,,,,,,,,
2026-03-17,,,,,,,,,,,,,,,
2026-03-18,,,,,,,,,,,,,,,
2026-03-19,,,,,,,,,,,,,,,
2026-03-20,,,,,,,,,,,,,,,
2026-03-23,,,,,,,,,,,,,,,
2026-03-24,,,,,,,,,,,,,,,
2026-03-25,,,,,,,,,,,,,,,
2026-03-27,,,,,,,,,,,,,,,
2026-03-30,,,,,,,,,,,,,,,
2026-04-01,,,,,,,,,,,,,,,
2026-04-02,,,,,,,,,,,,,,,
2026-04-06,,,,,,,,,,,,,,,
2026-04-07,,,,,,,,,,,,,,,
2026-04-08,,,,,,,,,,,,,,,
2026-04-09,,,,,,,,,,,,,,,
2026-04-10,,,,,,,,,,,,,,,
2026-04-13,,,,,,,,,,,,,,,
2026-04-15,,,,,,,,,,,,,,,
2026-04-16,,,,,,,,,,,,,,,
2026-04-17,1.0715635010304514,0.4617802232213871,0.4712887175252264,0.4090093871847539,0.11683852415652375,0.5517951139561224,0.6225823686178654,0.5858311339914056,0.653554669192469,0.36278729473911525,0.5176050614393155,0.6086080829478536,0.5301132384562801,1.2762128299520845,1.6045299328011196
2026-04-20,1.0715202587124608,0.45012527782675854,0.4645790852661303,0.39840512976803444,0.11756689470976887,0.5550288478554439,0.6251235948888991,0.5847164167612671,0.6531364746680596,0.3659752489762668,0.5192527767407643,0.6090986968715373,0.5306619256476828,1.2774551014434474,1.6040196445456116
2026-04-21,1.0801982445615577,0.4505053721161325,0.4484361363933313,0.40566440495019673,0.10610947697811184,0.5401070720443031,0.6401311183556984,0.6482516412923269,0.6740845521507742,0.36245672079583713,0.5024294414796246,0.6084938327961879,0.531769884950167,1.2662513623585707,1.6062316111411428
2026-04-22,1.0951336711450284,0.4665035436385019,0.42580295497930404,0.4000671128946244,0.08893384341163046,0.5090653462640496,0.6306409477318861,0.6261413359506305,0.683081506364768,0.31487791563680134,0.5096904467192958,0.5813177468857172,0.5403242755021016,1.2426902082092914,1.561035082467937
2026-04-23,1.1002251901095732,0.4783246166567689,0.42667119527806574,0.42007310558425487,0.08499755299356142,0.5140714611816702,0.6260726691033797,0.6127162235658538,0.683690349925994,0.3084929867527166,0.4311076336731013,0.5637168304444987,0.531232699469232,1.2461516360742555,1.57732578424209
2026-04-24,1.080576427111741,0.5367154713545597,0.434519663126913,0.45889506835453103,0.09112592930624448,0.5094806428363017,0.632808797059798,0.5919146167491892,0.6531900304194197,0.3369569495489816,0.4109875434883562,0.5723815901789365,0.5384078847148148,1.2291705044055885,1.5789161068491033
2026-04-27,1.0916188577435217,0.5629217190823635,0.4556045772027715,0.4964342698194463,0.09428504244591066,0.5073531445261935,0.6366860886918366,0.5781238528491742,0.6372761705035185,0.3966025619458156,0.4332480252837695,0.5795914671804571,0.5359642703155877,1.2317525138951775,1.5511495888634612
2026-04-28,1.110671666092922,0.5599416481648747,0.454426488794754,0.47678033001056486,0.07353608738079476,0.5005612673070708,0.6453653267515246,0.5713306002893113,0.6365597655899946,0.3934439007903849,0.42852024183228,0.5869269385675462,0.5348301775494327,1.2193065754054746,1.5365090837947415
2026-04-29,1.1113822469779242,0.5779159006705438,0.4422537002678531,0.4994147505345844,0.011936077116950295,0.48102231845498583,0.670902267238753,0.5912779505465756,0.6598224980904979,0.42043754028017766,0.4228006950821112,0.5719994572691055,0.5600035998519566,1.2145000777066826,1.5241789432502946
2026-04-30,1.104615407063003,0.5637889427513908,0.43423820332375174,0.48746368957360986,0.00867326425293142,0.4745554256775777,0.6749885993475578,0.5964178861238122,0.6575861308403004,0.415348941342591,0.430936111427971,0.5829029428077687,0.5562129511625273,1.2098030314210497,1.5191615316049143
2026-05-01,,,,,,,,,,,,,,,
2026-05-04,,,,,,,,,,,,,,,
2026-05-05,,,,,,,,,,,,,,,
2026-05-06,,,,,,,,,,,,,,,
2026-05-07,,,,,,,,,,,,,,,
2026-05-08,,,,,,,,,,,,,,,
2026-05-11,,,,,,,,,,,,,,,
2026-05-12,,,,,,,,,,,,,,,
2026-05-13,,,,,,,,,,,,,,,
2026-05-14,,,,,,,,,,,,,,,
2026-05-15,,,,,,,,,,,,,,,
2026-05-18,,,,,,,,,,,,,,,
2026-05-19,,,,,,,,,,,,,,,
2026-05-20,,,,,,,,,,,,,,,
2026-05-21,,,,,,,,,,,,,,,
2026-05-22,,,,,,,,,,,,,,,
2026-05-25,,,,,,,,,,,,,,,
2026-05-26,,,,,,,,,,,,,,,
2026-05-27,,,,,,,,,,,,,,,
2026-05-28,,,,,,,,,,,,,,,
2026-05-29,,,,,,,,,,,,,,,
2026-06-01,,,,,,,,,,,,,,,
2026-06-02,,,,,,,,,,,,,,,
2026-06-03,,,,,,,,,,,,,,,
2026-06-04,,,,,,,,,,,,,,,
2026-06-05,,,,,,,,,,,,,,,
2026-06-08,,,,,,,,,,,,,,,
2026-06-09,,,,,,,,,,,,,,,
2026-06-10,,,,,,,,,,,,,,,
2026-06-11,,,,,,,,,,,,,,,
2026-06-12,,,,,,,,,,,,,,,
2026-06-15,,,,,,,,,,,,,,,
2026-06-16,,,,,,,,,,,,,,,
2026-06-17,,,,,,,,,,,,,,,
2026-06-18,,,,,,,,,,,,,,,
2026-06-19,,,,,,,,,,,,,,,
2026-06-22,,,,,,,,,,,,,,,
2026-06-23,,,,,,,,,,,,,,,
2026-06-24,,,,,,,,,,,,,,,
2026-06-25,,,,,,,,,,,,,,,
2026-06-26,,,,,,,,,,,,,,,
2026-06-29,,,,,,,,,,,,,,,
2026-06-30,,,,,,,,,,,,,,,
2026-07-01,,,,,,,,,,,,,,,
2026-07-02,,,,,,,,,,,,,,,
2026-07-03,,,,,,,,,,,,,,,
2026-07-06,,,,,,,,,,,,,,,
2026-07-07,,,,,,,,,,,,,,,
2026-07-08,,,,,,,,,,,,,,,
2026-07-09,,,,,,,,,,,,,,,
2026-07-10,,,,,,,,,,,,,,,
2026-07-13,,,,,,,,,,,,,,,
2026-07-14,,,,,,,,,,,,,,,
2026-07-15,,,,,,,,,,,,,,,
2026-07-16,,,,,,,,,,,,,,,
2026-07-17,,,,,,,,,,,,,,,
2026-07-20,,,,,,,,,,,,,,,
2026-07-21,,,,,,,,,,,,,,,
2026-07-22,,,,,,,,,,,,,,,
2026-07-23,,,,,,,,,,,,,,,
2026-07-24,,,,,,,,,,,,,,,
2026-07-27,,,,,,,,,,,,,,,
2026-07-28,,,,,,,,,,,,,,,
2026-07-29,,,,,,,,,,,,,,,
2026-07-30,,,,,,,,,,,,,,,
2026-07-31,,,,,,,,,,,,,,,
2026-08-03,,,,,,,,,,,,,,,
2026-08-04,,,,,,,,,,,,,,,
2026-08-05,,,,,,,,,,,,,,,
2026-08-06,,,,,,,,,,,,,,,
2026-08-07,,,,,,,,,,,,,,,
2026-08-10,,,,,,,,,,,,,,,
2026-08-11,,,,,,,,,,,,,,,
2026-08-12,,,,,,,,,,,,,,,
2026-08-13,,,,,,,,,,,,,,,
2026-08-14,,,,,,,,,,,,,,,
2026-08-17,,,,,,,,,,,,,,,
2026-08-18,,,,,,,,,,,,,,,
2026-08-19,,,,,,,,,,,,,,,
