Date,KOTAKBANK.NS,INFY.NS,WIPRO.NS,TECHM.NS,ONGC.NS,NTPC.NS,ITC.NS,NESTLEIND.NS,BRITANNIA.NS,SUNPHARMA.NS,DRREDDY.NS,APOLLOHOSP.NS,BHARTIARTL.NS,TATASTEEL.NS,DLF.NS
2015-01-02,,,,,,,,,,,,,,,
2015-01-05,,,,,,,,,,,,,,,
2015-01-06,,,,,,,,,,,,,,,
2015-01-07,,,,,,,,,,,,,,,
2015-01-08,,,,,,,,,,,,,,,
2015-01-09,,,,,,,,,,,,,,,
2015-01-12,,,,,,,,,,,,,,,
2015-01-13,,,,,,,,,,,,,,,
2015-01-14,,,,,,,,,,,,,,,
2015-01-15,,,,,,,,,,,,,,,
2015-01-16,,,,,,,,,,,,,,,
2015-01-19,,,,,,,,,,,,,,,
2015-01-20,,,,,,,,,,,,,,,
2015-01-21,,,,,,,,,,,,,,,
2015-01-22,,,,,,,,,,,,,,,
2015-01-23,,,,,,,,,,,,,,,
2015-01-27,,,,,,,,,,,,,,,
2015-01-28,,,,,,,,,,,,,,,
2015-01-29,,,,,,,,,,,,,,,
2015-01-30,,,,,,,,,,,,,,,
2015-02-02,,,,,,,,,,,,,,,
2015-02-03,,,,,,,,,,,,,,,
2015-02-04,,,,,,,,,,,,,,,
2015-02-05,,,,,,,,,,,,,,,
2015-02-06,,,,,,,,,,,,,,,
2015-02-09,,,,,,,,,,,,,,,
2015-02-10,,,,,,,,,,,,,,,
2015-02-11,,,,,,,,,,,,,,,
2015-02-12,,,,,,,,,,,,,,,
2015-02-13,,,,,,,,,,,,,,,
2015-02-16,,,,,,,,,,,,,,,
2015-02-18,,,,,,,,,,,,,,,
2015-02-19,,,,,,,,,,,,,,,
2015-02-20,,,,,,,,,,,,,,,
2015-02-23,,,,,,,,,,,,,,,
2015-02-24,,,,,,,,,,,,,,,
2015-02-25,,,,,,,,,,,,,,,
2015-02-26,,,,,,,,,,,,,,,
2015-02-27,,,,,,,,,,,,,,,
2015-03-02,,,,,,,,,,,,,,,
2015-03-03,,,,,,,,,,,,,,,
2015-03-04,,,,,,,,,,,,,,,
2015-03-05,,,,,,,,,,,,,,,
2015-03-09,,,,,,,,,,,,,,,
2015-03-10,,,,,,,,,,,,,,,
2015-03-11,,,,,,,,,,,,,,,
2015-03-12,,,,,,,,,,,,,,,
2015-03-13,,,,,,,,,,,,,,,
2015-03-16,,,,,,,,,,,,,,,
2015-03-17,,,,,,,,,,,,,,,
2015-03-18,,,,,,,,,,,,,,,
2015-03-19,,,,,,,,,,,,,,,
2015-03-20,,,,,,,,,,,,,,,
2015-03-23,,,,,,,,,,,,,,,
2015-03-24,,,,,,,,,,,,,,,
2015-03-25,,,,,,,,,,,,,,,
2015-03-26,,,,,,,,,,,,,,,
2015-03-27,,,,,,,,,,,,,,,
2015-03-30,,,,,,,,,,,,,,,
2015-03-31,0.8262802156305926,2.1352856027272282,2.3680749693043657,-0.3616553291099478,-1.48956280963351,0.6316354154060129,-1.1404661432743877,1.9509196133576125,2.931418815480844,3.1949649889707623,1.3791419333240706,2.3507773689128513,1.0963164364926279,-3.1699462744262528,1.5500698963628965
2015-04-01,1.211785354652945,1.4416098299830693,2.3380211262631185,-0.3638180064327999,-1.7340318315480008,0.5322695086346161,-0.9424794078906658,1.8394946457243504,2.6898977505049504,3.680166469281089,1.5155145263347516,2.4946957964340273,1.280610801802239,-3.0662104073596046,1.5139677843239427
2015-04-06,1.6719948498335153,1.6289061938470029,1.9722507808188965,0.1869820903421934,-1.3080759718867891,0.947431169271656,-0.6932873142989553,2.3099654416623054,2.9658562460221507,4.256494573132623,2.4042834124730654,2.6208507852249836,1.5020744432570383,-3.5077745730722305,2.173534525629419
2015-04-07,1.7431897515739063,1.868733528704559,2.2241847248766957,0.6042005648524942,-0.39248074909718594,1.7708078741836635,-0.42755953664385266,2.6955884996389647,3.247207147641862,4.367822470396848,2.878489122420823,2.9186288421124402,1.7050388112205808,-2.1590928350043352,1.9949732671146199
2015-04-08,1.3204826103964815,2.095844456388338,2.3884049652888524,1.139541566627541,-0.9539046320582358,1.4479716319839988,-0.03715058897633167,2.2900151367960695,2.5290628757879206,4.330536503551712,3.282336579155499,2.6616746971163607,2.0489607924811186,-1.8049029077895273,1.923573429607457
2015-04-09,1.1806160153721361,2.12139102106979,2.295074749009832,0.8330452758300123,-1.296769001947623,1.3346592715372776,-0.28897060453491,2.350876503619282,2.983781529288793,3.731697957947685,3.0876309263103328,2.3641625440439107,1.5175203559200139,-1.592127154361304,1.2586755882845082
2015-04-10,0.8460819160548076,1.5221641356412983,2.0671184391995543,-0.13165146619179674,-1.8229671281777617,1.6647266935444487,-0.13543992456670284,2.100753587861371,3.256044110063213,3.6426016053320485,2.8946873911665025,2.584977104346407,1.8169739622610688,-1.883556356541255,1.554011806913731
2015-04-13,0.9854516423190303,1.2009036614895632,2.1596253346031693,-0.5039491604580374,-1.5420728325117796,1.8336103203566505,-0.007991541327222124,1.8839017168480945,3.669513042190302,3.860223537851431,2.686764627742849,2.6810621062386004,2.3877956976773165,-1.687938092417949,1.550898832892595
2015-04-15,0.7120957894655939,1.2336615197129452,1.4448507356018925,-0.6678461253259896,-0.8654329846189718,1.6649866781635703,0.03153889800512084,1.1373066465181059,3.926701337064944,3.492898662984725,2.4318415714198673,2.2861565570159192,2.176109926919361,-1.792404774571394,1.5700089730351396
2015-04-16,0.4397144251787127,0.7050991913967166,1.6693292439962657,-0.9648005171251016,-0.4824059775896338,1.9402488030857854,0.26518199569298384,0.818600758438203,3.652641296749085,3.335755450392439,2.1824668849710633,2.0981018957038367,2.267438586316592,-1.3326265424186774,1.3491910143121884
2015-04-17,-0.029296166478769245,0.5144843481699586,1.0245920191250264,-1.282054085887409,-0.48153912507342617,1.9614991780066928,-0.008446689132518666,0.6626683013824866,3.4894176478546375,2.648902881686543,1.8952993164309326,1.6948014915505236,1.814029912041975,-1.2786500138740684,0.13654155634828444
2015-04-20,-0.1510079811777426,0.2331164593027813,0.8322095689692227,-1.7378921003739043,-0.9102996305532097,1.5112461184778343,-0.40044354327749054,0.0033136630806176472,2.133945093386025,2.4222076560270533,1.3466029024310584,1.0180367048186696,1.926594760688762,-1.2916189593330984,0.18516816918096862
2015-04-21,-0.2897170478936586,0.4713705709310655,0.08835705054368082,-1.4895892360441874,-1.0032740995536653,1.104271162823186,-0.35770876295247933,-0.4587775310194116,1.4173596916462001,1.1737171951900274,0.7283852273499751,0.3972008808376462,1.5832425038304114,-1.1868018230132023,-0.29328840355880553
2015-04-22,-0.25258580909454553,0.2297191549193426,-0.98578866621122,-1.7004732466182102,-1.5260676634872077,1.1194320168676057,-0.7135250415399608,-0.5082667303704185,1.2923280739045921,1.2267271724964726,1.2283945009234605,0.6377960277685546,1.4773890583815963,-1.751198599104014,-0.4758287159373012
2015-04-23,0.009891738238087684,-0.3342225647738053,-1.2233569537841669,-2.0327026221108535,-1.5531691885658985,0.7694130490234407,-0.18922002713480301,-0.4123537898468604,1.908062130432158,0.8077951253194241,0.9361255181639182,0.7966131900239293,1.0790672422245076,-0.8018540775148636,-0.3805368942708527
2015-04-24,-0.09049727012162086,-1.5311306137350238,-1.829230377426218,-2.422912958905135,-1.3850862852833807,1.115234668548069,0.08746662816708357,-0.6387266639496549,1.9355225749101161,0.49794606525369073,0.6493958448335176,0.6376957231264023,1.0292721745505446,-0.9803980746687265,-1.1479984781991792
2015-04-27,-0.41798346041867085,-1.7734828162930587,-1.6910087034015735,-2.569700021563365,-1.5589121512782875,0.8129330253215645,0.02138558788779433,-1.15013144893099,1.3033806991596548,0.20606450591450257,0.2964081788109196,-0.6908881326190435,0.38329338043768035,-1.0279122708500967,-2.3287998233833673
2015-04-28,-0.39173133681632444,-1.4224164418851892,-1.6534563712839232,-2.1123188926697276,-1.7172010211550421,0.9642984983583729,-0.6069353132240884,-1.4713527933412562,1.4697925000626766,0.3257750661863913,1.006503192113368,-1.20528049139119,0.36834717317429244,-0.78821419004171,-2.0158761897583517
2015-04-29,-0.12071981658253148,-1.4891693132168486,-1.6007143155083987,-2.228502224300836,-1.9545617322238955,1.0189545319266642,-1.005513146764829,-2.0351306488249405,1.841665121398015,0.536216088504943,0.7623038879713356,-1.8208060694573778,0.5962063749542811,-0.5956451798613026,-1.8701698051681852
2015-04-30,0.14720504971969506,-1.6662261924106108,-1.5731795053766027,-2.2898124354921183,-1.98300196127735,0.9973242330338,-1.486853475622091,-1.7763272471808782,2.1750201906500797,0.41127756003187566,-0.09240099490407142,-1.6443832008211876,0.33949732987181763,-0.9064950899498821,-1.892245354154343
2015-05-04,0.32725598324995653,-1.1339052505750218,-1.59942915620804,-2.3330911091308817,-0.5815640102649512,1.0094998237142687,-1.1261105995500487,-0.7498371595147784,2.6350031678734704,0.5257039871709439,0.8685910927504267,-0.6870843678317531,0.7509873393973415,-0.8599493316957657,-1.9605318649643362
2015-05-05,0.8794321709410041,-1.3484683482654998,-2.015991830238904,-2.5330441520519096,0.036210698885832046,0.9955509628564402,-1.0182759924182858,-0.5905305352383995,3.0489685563404305,0.5152869141846423,1.3732142798850608,-0.9778581285828436,1.042080924249492,0.038811667424412256,-2.0825444696410376
2015-05-06,0.6181543904805156,-1.5591371703385428,-2.2599473639735432,-2.699533886675508,-0.8388788301112868,0.2817020758917287,-1.4818059573181452,-0.6551690406383779,2.2063237901628034,0.16853274686267622,1.4079718865389559,-0.8179182616531924,0.753027314311397,-0.2790947902476793,-2.411791610132491
2015-05-07,0.3254786501490284,-1.5393974800185402,-2.022699281393577,-2.22181112345614,-1.468515949771554,0.1339526214822758,-1.3704135234009085,-0.48487097753311575,2.3628038180962703,-0.11170819477355547,1.021028567582383,-0.9641757054299829,0.9405634754089491,-0.5592986301894924,-2.81947867125785
2015-05-08,0.5828034125873698,-1.8605564990588812,-2.506393157831942,-2.1152401408661965,-1.258059647264366,0.3300281310134976,-1.2049443025971303,-0.18565450984290038,2.4665861096668387,0.012445575485030039,1.4441437243300654,-0.6973758724664719,1.2077849171489776,-0.2631569073227481,-2.2476281743326005
2015-05-11,0.9071111021431473,-1.8304429753678355,-2.6086684412102863,-1.8066230797508434,-0.9113423063556163,0.6083210225067421,-1.41299614944958,-0.11594988050564252,2.708903390103324,0.6002491028483992,1.6269958997594904,0.10790404882836734,1.040877089364443,0.4494309563957422,-2.116343134314538
2015-05-12,0.703946821636377,-2.3500786385256864,-2.9441108438017882,-1.9427567358119116,-1.4725517264534258,0.42184110009537945,-1.3183879839506305,-0.2659479796329708,2.6227925653746538,0.2948140995259831,1.812609076991332,0.26041738303021333,1.3159504869337815,0.384251921889756,-2.0963151818967596
2015-05-13,0.7271579087669907,-2.5065123639628992,-2.5409364042846416,-1.6382920810037274,-1.3506814524619015,0.2787807093569305,-1.2485436609137224,-0.15830556764076784,2.3550041891232736,0.572811304070561,1.7720709249615847,0.3737255846452352,1.0260343528993094,0.22461994592169277,-2.1676213035108485
2015-05-14,0.4413387761490687,-2.7451578059153263,-2.6013537055294824,-2.1688532350291925,-0.7991272596749781,0.062084964578817604,-1.4019505475476242,0.03503194447226941,2.231032395798958,0.40452035489543925,1.7753791905601093,-0.04528473547215527,1.1343480080468795,0.21122221637106733,-2.0555189192810035
2015-05-15,0.6423464172919074,-2.6966423784318567,-2.7691272484014346,-2.5247122820425933,-0.7421245118429796,-0.3842621523499265,-1.3147094592240425,0.6646651560687269,2.017896710141539,0.4489983008851884,0.9118119393459031,-0.17949281048251656,1.4321829531126613,0.12120045445501829,-2.2320331612479505
2015-05-18,0.7051604506185553,-2.28341803625525,-2.9763367024747627,-2.5474417363153026,-0.3730389519082306,-0.48305715079525147,-1.320275097784217,0.2264698353246197,1.8416216794673814,0.3792009064663825,1.3818443069598882,-0.0005946564446273433,1.517019709585913,0.0796526171293446,-2.1877355518482258
2015-05-19,1.0113198302434703,-1.8881297129196801,-2.7226873543049575,-2.4334193952818386,-0.5725375120957122,-0.5546823168086813,-1.7303324774319335,-0.1470676682635555,1.9425289368139835,0.6583815089131447,1.4059809350019543,0.01017837165948915,1.3264998213573684,0.11329797223442337,-2.0858503706888367
2015-05-20,0.9259040507455737,-1.8046948204948046,-2.5480093647369824,-1.7507716732819838,-0.402438422541752,-0.7344138621661004,-1.869927074975441,-0.39150464580353134,1.8452427232425608,0.711349923545029,1.2719681912226786,0.20700418577309257,1.7351736398288904,-0.04975904295820692,-1.8237707795188394
2015-05-21,1.0548416464164205,-2.0151177977644443,-2.326530083428977,-1.0488271407052372,-0.27976552812883376,-0.8989838182564736,-1.9105042747683636,-0.08256182738876805,1.4163965147738835,0.8856521043003818,1.185734651418203,0.13259376644766727,1.4488630485219054,-0.9380217509553536,-1.7671391205682112
2015-05-22,1.049083708251979,-1.7444366679327086,-2.2124957229403086,-0.6627432223486567,0.02071138856475783,-0.7742767945945802,-2.069774157845477,-0.33201273018065963,1.9941162819748268,1.1466196264343815,1.1898748127136074,-0.007126025441940652,1.6651051094025413,-0.9537876743314516,-1.9238569875092175
2015-05-25,0.7377372271924738,-1.8526496527116307,-2.13003373596705,-0.903473352218217,0.5088571725950712,-0.9125819523671383,-2.3049864304393313,-0.007788985771783233,2.583558014872984,1.180742455942859,1.0019448458032556,-0.4251015382308708,1.8899987211875393,-1.0396989745533958,-1.7708745097103227
2015-05-26,0.4718072175221597,-1.9879565012555112,-2.346543787996575,-1.1596141246349234,0.6280784707401892,-1.1246422967745833,-2.5896228323079766,-0.41921564865370087,2.5412869260172717,1.0876732817414538,0.9731445521765576,-0.6817607424539659,2.1062291854868684,-0.7454169959351468,-2.1261697967257756
2015-05-27,0.4726509927088076,-2.6700411013874468,-2.801994658171889,-2.1871497001887,0.9106926052334808,-0.9049291756777429,-2.5673355378987357,0.20654142359082484,2.8568359941108614,1.1111872563568115,1.5395668420613757,-0.49545892162973515,2.120721431615452,-0.6436166712074108,-1.949094857490106
2015-05-28,0.5031142011041962,-1.8019939160451708,-2.595546865489431,-2.2083143269628676,0.6613461062804896,-1.5850937550066377,-2.2968659441605443,0.2826390941219883,3.2755034629936253,1.1843880440166585,1.4030520680635246,-0.4303587656814448,1.912158271558092,-0.5754894458367716,-2.175989922904069
2015-05-29,0.7621980684651818,-1.8044643250881114,-2.2859411067751427,-2.3900784176604053,0.5235271013585927,-1.882482508509823,-2.0132498310158162,-0.50350564502897,2.51139558239178,1.1514546064719153,1.3128783709248468,-0.5298697778434122,2.2858762517362474,-0.6265760858937715,-2.744492444279823
2015-06-01,0.0198109903443497,-1.790767998507595,-2.50350182180811,-2.558349571994956,0.48453640454791835,-1.76440846286738,-0.45932438526410807,-0.635200108371981,2.4076957976643514,-0.26995044945717056,0.8347861614767953,-0.7962431258177792,2.2348981436877726,-0.6502195704936595,-2.613384957444583
2015-06-02,-0.3617203548808648,-2.1413430485953673,-3.083644539207105,-2.777800254312052,0.31515943976148497,-1.7552055074647421,-1.0197201616433764,-0.5485586515617737,1.875337194472897,-0.6307207068119882,0.4342058650220201,-1.4201141317023926,2.270336718746146,-0.9547571451621537,-2.796902767976925
2015-06-03,-0.51566678320745,-1.868356302297857,-2.8931417957272356,-2.712450640045375,-0.17870752369032553,-1.6026580645418163,-1.5370073429345021,-2.1307382355778057,1.9767828761608022,-1.530100231595279,0.304475394214228,-1.4741207485040566,2.275955873590474,-0.9888038904586532,-3.230500444465956
2015-06-04,-0.33359024331685233,-1.6124589763818375,-2.885096254065105,-2.498031356768644,-0.4144525891648569,-1.8097112317762594,-1.781068890827635,-2.497596554437804,1.9801147414100695,-2.0000922693082224,0.03741183898373902,-1.39369781269944,2.2673439370730217,-1.1233094868239202,-3.1742750798985813
2015-06-05,0.05398178655094887,-1.3416355656426115,-2.611670559041134,-2.3350736729719688,0.017725161123398923,-0.9687009537418513,-1.2785165740413205,-2.6625230512380655,2.536043323303952,-1.8152190993528416,-0.11378983520429661,-1.2218698975304265,2.4027751972461844,-0.7650373680625598,-3.2977777499188656
2015-06-08,0.19557624854466285,-1.5038200059159563,-2.497106945033111,-2.5062520718679697,0.00821628189757297,-0.9584728586707781,-1.2855900687095778,-3.3513116251112134,2.476790060328534,-1.8698628620068571,-0.014141576821203391,-1.043359424153623,1.5480002474341483,-0.9298060126242617,-2.6432444369682
2015-06-09,-0.34413191510471247,-1.4498431275643235,-2.811396399978228,-3.0473769170359604,0.0012361234253474877,-1.275980990016204,-1.4654921896869355,-2.054609701757463,2.2708120190182197,-1.9463200239825442,-0.5499958208433399,-1.285744351214376,0.7761951209958355,-0.6073317967151575,-2.565323872298762
2015-06-10,-0.2415506160371854,-1.435963019578706,-2.1727638365181687,-2.463889158241523,0.05269796843671412,-1.789576518437752,-1.8909717479731118,-1.9377642529630328,2.0619951328124237,-2.064001553605674,-0.1764461699418859,-1.0952463092308693,0.7274822257785153,-0.8579639221811033,-2.801193662739413
2015-06-11,-0.5076041049565868,-1.6881483815007916,-2.2355946554593222,-2.2972565510609226,-0.18720786271980508,-2.1011497043183094,-1.7797939898784876,-1.684431659852693,2.3029104332563946,-1.8813426536240658,-0.17035439215292844,-1.1274704212986841,0.49616229102972276,-0.9008097513026742,-3.8626976558212007
2015-06-12,0.10428449223488735,-2.27382150459566,-2.641901312297374,-2.450585830754841,-0.13786131384586647,-1.7979999747292472,-1.5571583312968482,-1.7896803940169896,2.350234260292251,-2.1451761330644183,0.15075528288362924,-1.7946914564412182,1.0557624447382163,-0.9360530430010731,-4.532775805952787
2015-06-15,-0.39214145070528555,-1.7371308275550723,-2.4697924585822237,-2.539116613500281,-0.07966665364271405,-2.067608414707586,-1.7484602431347318,-2.209861720159793,2.222323101853383,-1.9448861069818524,-0.4533179848667943,-1.945790336293826,1.083669215069974,-1.2023757373203132,-4.515945761992857
2015-06-16,-0.43259250391006593,-1.4926948830799232,-2.2213801478878095,-2.3662170085938996,0.13448706697279383,-1.4142776592962845,-1.5576547797842382,-2.5397769216251267,2.1413937289093496,-1.9411224854515483,-0.5719232790969113,-1.8105705577731699,1.2630880407056675,-1.2764080189657032,-4.507521805910533
2015-06-17,-0.18717361352631315,-1.5625540529197754,-2.126091381996457,-2.2183801497705207,0.09008962198049504,-1.7027329721482114,-1.2667311399517285,-2.366489181486775,2.61298585789325,-1.9266886946882225,-0.2509635355253764,-1.898804608723183,1.5301117148274372,-0.9965782429356239,-4.392977209528407
2015-06-18,-0.19177982629169235,-1.6699475893694102,-2.3137900374511076,-2.234625938268992,0.3820648970966178,-0.9357566660344391,-0.9270982433017453,-1.697208341496981,2.7010415274330946,-1.584691144654561,-0.11126005748268793,-1.6513503824404603,1.7252926203286187,-0.7764183472794156,-4.303670581992577
2015-06-19,0.07391982740298848,-1.6035732637740439,-1.9828244638058738,-1.852547217387659,0.5047695019209555,-1.6007736262484933,-0.7438250349690695,-1.1298260355511318,2.9588807420732044,-1.67671536263665,-0.2297572771338458,-0.6359788496881204,1.8511744877821752,-0.8264588130451286,-4.3071621997666245
2015-06-22,0.33444089577741604,-0.9129593984105329,-2.200301698555938,-1.7480446893959667,0.3603457018935747,-1.7933695052637748,-0.39013691630246095,-0.9366841798834429,3.023050276312071,-1.673042133057233,-0.28164622040939064,-0.23746740154001303,1.1773364304921963,-0.44599829745505454,-3.203506862863
2015-06-23,0.7117629150625303,-1.3346238927864993,-2.504003676516995,-1.6502090688595386,0.5252540392995112,-0.9151037606029833,-0.17217803246130253,-1.2453450975229252,2.7655668054017104,-1.811972453170616,-0.1935341285684715,-0.9840788710728717,1.3200285199243846,-0.20757758104033347,-3.2763772086749907
2015-06-24,0.9738412329117879,-0.9107868720355448,-1.6713967991298713,-1.7240906048481601,0.8123459849431913,-0.828159751766429,0.00436618132851463,-1.1684628139880116,2.4092903734331084,-1.4287061800046859,0.06954166605017344,-0.6329112233535851,0.9879451511824786,-0.252124534036472,-3.2035428330085125
2015-06-25,1.2658869290889452,-1.472863660987167,-1.5647966918414762,-1.928151035456526,0.4837045311978191,-1.1971305864944275,0.19360311621251264,-1.4076024156490632,2.626847030889894,-1.329077680049903,0.4606737210600447,-0.23498264569947847,1.9990775112758843,-0.3055663026655578,-2.5544133548764663
2015-06-26,0.8623321744937685,-1.411737456610117,-1.6854137557303983,-1.7886676484226487,0.08420612054402622,-1.162276182134213,-0.6072713534544169,-1.3854927190053523,2.7805119699225633,-1.312363058123178,0.6219841541476154,-0.058552230295677826,1.2037089173606617,-0.746950560690631,-2.724598959819948
2015-06-29,0.727255074198222,-1.5882298813180653,-2.01665249091858,-2.4698958318031736,0.27243108358184254,-0.9404355464611571,-0.4007787869141252,-1.1825948574411218,2.6127184185649375,-1.6422600953377617,0.277486514659416,-0.505802439957329,0.9056015708616298,-0.6334247040488455,-2.886355792397048
2015-06-30,0.4106435213869215,-1.3587090264590844,-2.303126048163668,-2.6360343762934524,0.29076941498561776,-1.1856670683172938,-0.4643653169814839,-0.6381093923408094,2.754747470850947,-1.9625133200375793,0.24464107678346897,-0.39240713004446526,0.7910110119553321,-0.5551550611246678,-2.99584834653162
2015-07-01,0.2624403936319016,-1.1515619330743223,-1.8117504660782353,-2.6285761868102613,0.021593736649545437,-1.7035011202563284,-1.0339222494140976,-1.2651037040808697,2.438056569407825,-3.1186666208263154,-0.3929957304135917,-0.4360497516399833,1.0047572582386186,-0.2577831884900567,-3.5808677191935154
2015-07-02,0.6441738204580219,-1.165631070316688,-1.5591240612330153,-2.932465676622832,-0.20912657130942447,-2.41211717267999,-0.9273851597998821,-1.1513253517263453,2.2980468276127106,-2.981962742499927,-0.5542590215452569,-0.45321456927249304,1.1564902697245805,-0.984497028428209,-3.319858061789272
2015-07-03,0.7382841516574468,-1.478266778383496,-1.7739200985915389,-3.4489142391212413,-0.00047846154708905544,-2.202045592027158,-1.2116048616557442,-1.1187689714121472,2.395171368785765,-2.9670577726982703,-0.7001260688774263,-0.4528123738776317,0.7128514237030185,-1.2128248301263178,-3.387859113291827
2015-07-06,0.28677676521299034,-1.721803790881462,-1.781868988590928,-3.570787615859211,0.0777392808527162,-2.4904193211860575,-1.0924893131503624,-1.273543209094523,2.3626389458161774,-2.523210924948088,0.013383918915039438,-0.37208016229678875,1.1120661687058089,-1.7088519952840386,-3.0592605727608677
2015-07-07,0.18256017012083675,-1.9315054673043652,-1.6798518923470143,-3.2476827214309374,-0.044240683102146926,-2.7246162530113693,-1.126295178322896,-1.3289426440359802,2.3699436061567876,-2.502566237625827,-0.1412228628462688,-0.5462435296513755,0.8828321037902401,-1.6208915416185137,-2.8394039507357296
2015-07-08,-0.17976974373898588,-2.3480222840995317,-1.8949678521795208,-3.342725628817526,-0.21681526514602212,-3.1536496691953357,-1.6414263521230785,-1.475587036253053,2.237596228849938,-3.0468157694143847,-0.21931800469364873,-0.4876620899336317,0.3019815547329,-2.264988999715882,-2.961417940605543
2015-07-09,-0.20232807718170845,-2.485557029487711,-1.6943838793688708,-3.176665082008469,-0.619776049587561,-3.084260262380452,-1.96748378788864,-1.3733476970928364,2.20289793698807,-2.719037312791729,0.020722714670610085,-0.3142885075387889,0.8669117211618702,-2.1234069916009126,-2.704594420263317
2015-07-10,0.1517559770250112,-2.3486953425338775,-1.4448537080462163,-3.1231216802221105,-1.2828794823071652,-3.517984319034763,-1.7674823866311598,-1.4246856954759626,2.3350159056526256,-1.9905854218303374,0.5402266452777251,-0.19477349903072477,0.17706847261287773,-2.1072284837613213,-2.6820887064674137
2015-07-13,0.6167074402492133,-1.9769294595132758,-0.6840667818329057,-2.857972891852833,-1.5260334695012048,-3.182992706465423,-1.5635568760357832,-1.4005986011350382,2.510056583275273,-1.3111308597022142,0.7346082102692955,0.35244172798752604,0.8363400735819392,-2.276773793814556,-2.406439890483104
2015-07-14,0.6990907011212706,-1.2151131830309394,-0.1791578472014392,-2.694523572811063,-1.2524930865518542,-2.795850892299479,-1.2131889811895447,-1.3357103610858623,3.2331383320074822,-1.3303137204679487,1.209523311300416,0.7790943542019259,0.9335533180760308,-2.362597069030674,-2.43313956693529
2015-07-15,0.9384116198700728,-1.0679373709326478,0.11177672588289757,-2.7149076698555574,-1.122072035424679,-2.4361206277288825,-1.111022436258711,-1.2152049798048068,3.9377851624987947,-0.17516817795355685,1.9977522816484068,1.4370709676444327,1.1298657616324574,-2.54331207000592,-1.7197523037804718
2015-07-16,1.3988698118945018,-0.9404477516082784,1.1685751542547278,-2.3122503556106184,-0.777334228289591,-2.374524366727345,-0.9471864090239228,-1.0917122812971405,3.9985678266141607,-0.22959069355373085,1.7235609262367255,1.1320229088603615,1.1507256322143689,-2.643399318031908,-1.6185107407025143
2015-07-17,1.070389550383034,-0.5925286236387937,1.3140935248063277,-1.8548338766571806,-0.5348252990834219,-1.8618984474534683,-0.6143508096212237,-1.0555217300202473,3.7381919944158275,0.2346937362378913,2.0112002401301816,0.7279652609023665,1.1790966037789128,-3.3295856847912013,-1.7410874580060909
2015-07-20,1.2409186213884291,0.47043853035918215,2.002919963211454,-1.4560290979300157,-0.9911812668663739,-1.880477216452589,-1.0494604694760783,-0.9820222838559417,3.8277206162053523,0.15956454333474251,2.5239047762690623,0.6697819474309883,1.348170471115564,-3.3939396676616513,-1.8324840523688848
2015-07-21,1.2620772593424097,1.8892914006812886,1.8975573809414672,-1.2660118891633012,-1.1472831137426995,-1.693940297732642,-1.2780455923341585,-0.9838454351166033,4.295340756220104,-1.1483276715730237,2.746346557314324,2.022772961852565,2.2507226310667803,-3.6955583588220717,-1.5067489149219881
2015-07-22,1.3655090935392964,1.9390040640705097,2.2200236565811404,-1.6611225622675814,-0.889980461122302,-1.8401479203451099,-0.834222207308809,-1.0959548271258355,4.0642596913441835,-0.7622053518743165,2.566917139806095,2.3717569736905846,1.6446099820328592,-3.4696713283152008,-1.9206777327633393
2015-07-23,1.3302817731968672,1.8726468377614829,2.0414711715624505,-1.8981876229161672,-0.8825225735667729,-1.7583146224888107,-0.28269213859050635,-0.5842757117896353,3.7254617930529497,-0.9948995729168006,3.059532515149194,2.530344810027766,2.017537363508068,-3.5417624381324018,-2.3742371442084234
2015-07-24,1.3841533764057978,1.8750373235250235,1.3011308421537784,-1.7287403745316647,-0.8290703838937917,-1.6394133530587112,0.027939762341227633,-0.6405750970350984,3.6646660279076095,-0.8909279704998311,3.5476119058644255,2.9110793412006113,2.3598860332950897,-3.458007378155379,-3.0703620834832623
2015-07-27,1.1159290173370526,1.2497589971997367,1.0392044071345412,-1.3861991582760127,-2.818480685100722,-2.427157207328416,-0.6516622199287473,-0.6091227372061339,3.6163669094880464,-1.1265649749616768,2.792172649242922,2.0331686223262633,1.1654762729113055,-4.0197367004157885,-3.4608400998393725
2015-07-28,0.5388007790875674,1.43236204493501,0.7410293621374049,-1.272465440911265,-3.8031393585968747,-1.725741890323148,-0.4414059474143826,-0.7305498435885123,3.3521992214096548,-1.279868630290773,2.100528530853415,1.7045170749683325,1.0901382364190007,-5.045538741839245,-4.0490990469224295
2015-07-29,1.4030592317562105,2.0077669982607267,1.4705753012209106,-1.213615371354107,-3.2807356329401913,-1.260571573041571,-0.4204820796809878,-0.789318503987644,4.0409921292402755,-0.9537221720232164,2.2047752965579375,1.9891189341782274,1.2558028990874894,-4.599422029147783,-2.615544349833529
2015-07-30,1.8071431212921663,1.6527354949339335,1.170734270046879,-1.3321135391749115,-2.82983971941646,-0.9110990763822922,0.10642639358755532,-0.43313924974876394,4.490529668181276,-1.0366516175485974,3.3618514662476726,2.166494171014159,1.0825700134237057,-4.716377270535147,-1.4031191647971286
2015-07-31,0.9322403916711198,1.6449954038004684,1.3444167842623083,-1.3269265974347455,-2.4656275959982015,-0.9603985738274546,0.38014078786352146,-0.43426181806089853,5.065352414584998,-1.0697013820303778,3.5799428889332825,2.2897455628189287,0.977256685298192,-4.763978487323779,-1.2010732528590398
2015-08-03,0.6701861318658524,1.4304879724735227,1.3277072780851304,-1.640283992033977,-2.615314112705047,-1.4356324042820272,0.7762020252647241,-0.4989202513658627,4.586577056456517,-1.2264965556941931,3.7950920861698556,1.8075726840509665,1.0558237992388517,-5.213536497030964,-0.9680429844256189
2015-08-04,0.9649765051039362,1.4796533146329138,1.236965121035132,-1.0031617554926047,-2.581767361343459,-0.9525918088059099,0.8093796277127655,-0.30843437262875795,4.8278831817418615,-1.0893735803413345,3.4171385876627216,1.8422441543279462,1.0248445714223164,-4.050816311897648,-0.6583293559014547
2015-08-05,0.690759903955473,1.763026492664602,1.4317952529778328,-0.8378919068068116,-2.400657311749468,-0.18207114305223926,0.7134713664760388,0.44620642954427553,4.667977352348477,-0.9931604831472378,3.4161733952619855,1.9526693127332964,1.6107192193443753,-3.921845149223548,-0.009151678311127927
2015-08-06,1.2670136913109715,1.9288556050516539,1.5120199958722367,-1.125831608865663,-2.65868915773806,-0.4300944476400028,0.5773704636078458,-0.254493191602856,4.757771807173112,-0.8542635814335547,3.5767704698435376,2.367836101522421,1.3534972340243112,-4.327443367979677,-0.13067060776030617
2015-08-07,0.9861807163162102,1.8523090856911697,1.3626362028535177,-1.1505851967481084,-1.8818539814969675,-0.2947390930815686,0.38018993509507953,-0.4070920391552998,4.9775571847718645,-0.7981161789326973,3.6685993928084404,2.4155971261691005,0.9538793796300395,-4.170393683590501,0.26778114114197626
2015-08-10,0.7848533675288982,1.5197320282107125,0.9797658757779184,-1.1359493375409657,-2.449946947219735,-0.7186235230482776,-0.18975468805107903,-0.6933352499517833,5.1830116656726535,-1.0365472989921896,3.1697473467547086,2.2298454863199373,0.6619643992942533,-4.224342790641366,0.6308366682279134
2015-08-11,0.5464355518250708,1.6019832279728106,0.7917623081115024,-1.056396789480808,-2.525445881130667,-0.8042260897682149,-0.21374984899860147,-0.7667908597790328,5.211620784231019,-1.0253127161857427,2.9333369508816345,1.9912699903755033,0.4115453036757211,-4.922150603490673,0.22839221160932113
2015-08-12,-0.03187774989678395,1.8336547119516133,0.789340509066365,-1.0961646981042568,-2.4145982757613145,-1.255617149859879,-0.37261142134606084,-0.7996332218105437,5.166042149161601,-0.8192784556746716,3.291923701257647,0.8406677945168475,0.04275787187429905,-4.530665749521873,0.3004851074936848
2015-08-13,-0.07647984703802634,1.980469735779379,0.5670984486053665,-1.4594367316901073,-2.602166345288952,-1.1000097314636257,-0.14414553661619958,-0.6577342552087985,5.627332786282428,-0.8350365819810828,3.310386651410068,0.65763766131064,-0.27575326674158257,-4.559432130325531,-0.4984338423813049
2015-08-14,0.7097099925385815,1.889630941215916,0.8211736968221163,-1.5763040583885815,-2.835477392198887,-0.8442101057930448,-0.13772310435908044,-0.7916092512637783,4.855316507986293,-0.8523902201339572,3.036150167622069,0.6882648645566527,0.22563525008458382,-4.246468980795113,0.9310660296745247
2015-08-17,0.9104273836326016,2.0087582009111125,0.7552157098512537,-1.3566944171094586,-3.5801315434082093,-0.9318873178490721,0.5177430306405276,-0.9070021202591873,4.228431889707455,-0.7442981716818613,2.985787675596552,1.3119870378748406,-0.17898828414472853,-3.280559065659532,0.8295519296310734
2015-08-18,0.46764373088169076,2.3188520336207805,0.763818308422266,-1.0190217185707606,-3.453925427821472,-0.7899162307716975,0.5656303344608703,-0.6901573692724996,4.279771375661351,-0.8470170965144805,3.243882796263374,1.5383230542336437,-0.3960008269615392,-2.981098720366615,1.0203247470001884
2015-08-19,0.7339650349841086,2.729095409592956,1.3777382121930137,0.6260699598978812,-4.121553161572443,-1.3025779714051746,0.4631954136084727,-1.156849369648976,3.8322154346291977,-0.2439456007192925,3.218256510725245,1.9627668586868163,-0.8609902826969895,-2.933850115913912,0.8000789142125584
2015-08-20,0.4551531498619549,1.8968560940028185,1.0473359541472864,0.7002086319495945,-4.206370866754275,-1.378217655751757,0.949646828309239,-1.068673972537524,3.081350474910192,0.04869907199583812,3.8287028598533834,1.5598757697237275,-0.7438588464327893,-3.1711275205726346,0.42600443815013767
2015-08-21,-0.14292222153605974,2.0264556753554848,0.7955060296428238,0.5563755354705108,-4.312450025797827,-2.120903115194162,0.7085374674760426,-0.7670826702155658,3.7972952297826517,-0.05126105319384898,3.536920171628368,1.2537769836437405,-2.3176495672109034,-3.5466108500812186,0.17405946710562542
2015-08-24,-0.9399925533648726,1.1487519231308254,-0.23492142697623591,-0.36700396693491566,-4.409837627807176,-3.240617565943983,-0.17555994894956373,-0.7382853910214641,2.411276768026375,0.37047813761981707,2.4277581280910545,0.5269715605830118,-2.7012187598759696,-4.1450540477468145,-0.7786982381308534
2015-08-25,-0.7769100820598935,1.322524781105222,0.1022829421755373,-0.22392993497719435,-4.064264767047732,-2.426417167273239,0.585973386065633,-0.726777094021487,2.6471927131418393,0.5642634195848518,3.0141635984964337,1.0306287188642358,-2.7605428997469357,-3.492048150980947,0.4008631436929355
2015-08-26,-0.9110075911292446,0.9962000002573952,0.4915215492360706,-0.6836262415045387,-3.9462441891111424,-2.376575879442232,0.9631788445607281,-0.01577028745611789,2.113488207636515,0.5795500576720866,3.061860147529563,0.6681906093385082,-3.244594554181323,-3.2197490715106363,0.4516042364408306
2015-08-27,-0.5503942499020446,1.1591167720719864,0.29042084973880666,-0.6005481322192098,-3.3128726140174383,-2.2961076559611517,1.6231049322309992,0.28550868050666844,2.043205016233719,1.0434362585576897,3.357405154695744,1.1422973957373725,-2.639655921236801,-2.4111777761578965,0.6246021446244661
2015-08-28,-0.5243417586951388,1.5668850774724643,0.5575274362298228,-0.5944092390491854,-2.6902196832911804,-2.348900908768607,1.5288204532751417,0.35634123821058894,1.583116546604515,0.6681417765977262,3.587413855796775,1.76280160642509,-1.8060296565073992,-2.397217698951205,0.841615526422092
2015-08-31,-0.3903885494425328,1.4480993557259367,0.8138166360846213,-0.5578196475538715,-2.827030986812065,-2.1774913221381658,1.4104621445288887,0.965658941022787,1.7389684003538257,1.0362697901764448,4.034431986920907,1.5735964019946442,-1.9450214774356307,-2.28615550950114,0.4996385000736485
2015-09-01,-0.9326139667873565,1.4360959290993953,0.9393938223270063,-0.3898276176521327,-2.8862148382392383,-2.4186875506597123,1.0276259493926945,0.24569853390657645,1.970752957937269,1.3131413762493016,4.320532406231266,1.7310085117738343,-2.1930113891505894,-2.7156629069525295,0.20216338370096798
2015-09-02,-1.0804919865049551,1.3469351803658836,0.07584381417658366,-0.16118140228547434,-3.453681645933815,-3.012061191351055,1.2665268505443013,-0.1079051176125257,2.268745118884514,1.019875334609608,3.884227625526257,1.3712067742327545,-2.5624281304896592,-2.6066804807712334,0.34179087034397787
2015-09-03,-0.12798062242331226,1.5269075826454825,0.9823443401236175,-0.08459822697243438,-3.0528846146992485,-2.147127334832013,1.5291788041934866,-0.10081878044499515,2.359313446630261,1.003886247540497,4.241364096837864,1.3629163462956377,-2.247469422122907,-1.9017710773920509,1.0466748000986057
2015-09-04,-0.89725125655515,1.370890230643907,0.8494307229753001,-0.20635498442533134,-3.209096492560336,-2.5372064263404064,1.3178978328247513,-0.0263681338403382,2.2412692908137557,0.7533025592969328,3.403946255181474,1.7328958306157924,-2.2632435248013176,-2.2563877545966906,0.8925310126447159
2015-09-07,-0.8051152361701468,0.977784001505161,0.679981589452867,-0.05679732146492805,-3.307041229143083,-2.716474725925848,1.0316771666274647,0.2595602913696366,1.649729997120668,0.20109772957330452,2.8960084612781385,1.0411769934975688,-2.34210542725515,-2.3630369106324816,0.6788037772289511
2015-09-08,-0.3425262086180446,0.8698123027166675,1.037335215969121,-0.01617928515877991,-3.101575907508044,-2.654258357801,0.9698246937480737,0.416727044492951,1.4315434671033735,0.270250643032038,3.191551653156668,1.4885342214566246,-2.3375319115969617,-1.6840849321494467,1.0301562411126772
2015-09-09,-0.09582422559720144,1.2433263328439634,0.7722262298288748,-0.05294716868932678,-3.1384812820305545,-1.491761546258833,0.9255650202633818,0.47848667565433145,0.8811423178952007,0.15733445976327431,3.1593726614016755,1.8987228813629877,-2.3357908217596948,-1.575020461620563,1.0902764892335735
2015-09-10,-0.2185368043009679,1.075262234897213,0.21085988991218294,0.14054206701880814,-3.6209059981012643,-1.6450271808469878,0.8118242355020874,-0.011979083152239067,1.2359703724167623,0.018864221581481978,2.72905873741861,2.35793811546933,-2.652961746966881,-1.5115651057222081,1.2281549308665787
2015-09-11,-0.5142836522621342,1.2693322413031711,0.2585587522535995,-0.13668791110937248,-3.81858773914859,-1.5348920719106676,0.6446483009589735,-0.46325869134316416,1.5626362853207392,0.21647448215648607,2.8493888296102194,1.3845960846055174,-3.0204666311554416,-1.7948730398179749,1.2849146731698513
2015-09-14,-0.5064375229351405,1.036630905835899,0.6636313123805666,-0.28950880508603205,-3.7144820938067995,-0.8074637607169699,0.3070413804880107,-0.3718354015405141,1.3382277203059856,0.21705944878184555,2.776762739532848,0.903382697687803,-2.4637241762377013,-1.6131632866796,0.9637404714476314
2015-09-15,-0.8484952848531906,1.3237801960064841,0.7307937687728773,0.025486774960544543,-3.7565242840743887,-0.9350321473322488,0.25915157972573766,-0.08891108093167106,2.003173371796276,0.32196807105471764,2.5074727265877437,1.1368585944358902,-2.816806453564296,-2.0947071830537527,0.6748468422193422
2015-09-16,-0.8600961211923196,1.4177879842347185,0.7653385997679992,0.28928059489847874,-3.646309868056968,-0.5841442600648221,0.6174904293700084,0.35818989580082317,1.9353240673099805,0.4022529538398224,2.6019953084275262,0.7393424439417313,-2.2308665613451013,-1.8076579945824585,0.8657277180240269
2015-09-18,-0.7325980180845398,1.50792413204823,1.4876846526405663,1.0445169814300466,-2.9219837318114608,-0.5764674633808783,0.4479153552988562,1.067264379477262,1.8589270548971637,0.6637327127598615,2.365802573574129,0.8935424750177331,-2.3991477219613593,-1.8429880377672367,0.8121277742364709
2015-09-21,-0.32539589454302587,1.3299330618860223,1.3026647161120488,1.372802247742044,-2.944234590699918,-0.8030276990103745,0.4926503764361708,0.6492787973691672,1.5739860584561276,0.5919170622639154,1.9755705438027318,0.7449818324020798,-2.3000681124808984,-1.7933035496171108,0.7967875407989635
2015-09-22,-0.6498560517738046,1.5554509482612695,1.6002325501816406,2.340712130690606,-3.0007430387768768,-1.4808825618270882,0.24248488879113123,0.32317093910718286,1.2995627428572865,0.8094963803128846,1.9039755805485516,1.116134919369287,-2.486683364192538,-1.9512323478412041,0.796683894945126
2015-09-23,-0.4879926208258457,1.7281924173095515,1.6303115224064588,2.470028846413667,-2.913316322061186,-1.3397034129326895,0.16514739502740824,-0.17323683665450315,0.884255484571321,0.47102988054351996,1.759663263964106,0.7466422194964719,-2.964615671191787,-2.1658713720947462,0.9033060134953664
2015-09-24,-0.7816355685229701,1.8253464354221858,1.776955444585706,2.5037423878122644,-3.4748729156732017,-1.319481684827506,0.637570964786165,0.3005323316745529,1.0792323695397572,0.432950154255735,1.8358507382298146,0.9678756777086471,-3.3398019507011294,-2.4434979000764643,0.8560494186066743
2015-09-28,-1.2943831536025339,1.535115225702153,1.3942561356491467,2.8708896034950757,-3.4546874515228057,-1.3760404532904928,0.35742381397635076,0.07814450486225305,1.1646113361781103,0.09949506830860133,2.6066323108659564,1.0215843329469805,-3.925064390835721,-2.590156857618688,1.005689972442472
2015-09-29,-1.0202336473235434,1.6815302298880863,1.4520778245489994,3.048034719343196,-3.352911066468211,-1.45127458193972,0.3919618376030606,0.16844748995691639,1.2820188625867865,-0.04881276961698905,2.032806441050585,1.5463947190889151,-4.213646245095973,-2.7914703237374825,1.2406405688582995
2015-09-30,-1.2255192121206306,2.163044771202369,1.6923526815001484,2.9086862217103873,-3.152692713281328,-1.0928971479359537,0.6986772096840143,0.7310646682437246,1.7096001753505952,0.09855794130827802,1.8432485450780227,1.5757148161764745,-3.2241540950486383,-2.210826583198552,1.274488617921455
2015-10-01,-1.2071314535540156,2.310744271796288,1.6341659671097226,2.8490001311136908,-2.8694222742588904,-0.787606387532897,0.7564760909586282,0.9470983372396631,1.8882646806152132,0.28361993495559523,1.9866445937857866,1.5599366173876352,-3.1128105681455884,-2.2025531026216187,1.0820715199640052
2015-10-05,-0.8528125421552534,2.712407636098594,1.6808215910712248,3.0535635765716824,-2.342014447068685,-0.1792440337925641,1.0601086293806061,1.3047382451902336,2.2499492649709794,0.5203456143511791,1.8745896767852763,1.7508715328284306,-2.7490927072879363,-1.3044206226754596,1.1926584479907407
2015-10-06,-0.7652834953562476,2.6746533116788846,1.9023853538812068,2.795036262425451,-1.8460422360981985,-0.19210008442284032,1.8372265444916611,1.258394281369492,2.26616212169386,0.6398020902605004,2.047636517392229,1.825884238364423,-2.7620739257004483,-1.1426363998478188,1.2254890529776532
2015-10-07,-0.7485433382942515,2.4376609324448517,1.4833992028266731,2.8439999899431645,-1.1792700383587447,0.1423176406235437,2.091741529703394,1.0440232156259555,2.104911463313253,0.4895424722726449,1.7261744494339564,1.6055165614932339,-2.586649881945105,-0.8223458980831759,1.447489470372918
2015-10-08,-0.982593084671589,2.2687466196803157,1.1963348656115977,2.7019852413923267,-1.0647587422267712,-0.36926548556797145,1.3995993924256167,1.1338755677618468,2.2052819039064815,0.21993997155425998,1.7958834500970149,1.2262957711538867,-2.7902430193222574,-0.7886564678946806,1.4228044989786215
2015-10-09,-0.7893416116686199,2.358549078404368,1.100852891723348,2.6214536940250293,-0.7760555570490233,-0.36926548556797145,1.7399016536786107,1.2534680517869838,2.080595285979962,0.07327364411082138,1.8479681484753825,1.178107032106719,-2.4702344616697167,-0.36391503832642896,1.5175663150605478
2015-10-12,-0.7685563960540698,1.7043324736052907,0.5090506806115905,2.5707222004490315,-0.841503692590746,-0.24229850593359709,1.5095421765197667,0.8293055383163389,1.819224351981692,-0.19684293924524043,1.4500300658905247,1.0515577726187415,-2.4129094954270003,-0.35117871825664054,1.2681318446538015
2015-10-13,-1.4515727317122011,1.3908404970212551,0.6199882514680637,2.2011032293732504,-1.219428262807807,-0.3764865102424155,1.4632622045803716,0.4423880102800677,1.512362914943036,-0.43910927318384024,1.3992019618620115,0.9693796796141995,-2.6277536201223834,-0.5379718048485741,1.3242240136902688
2015-10-14,-1.3738980895661699,1.2256668331097966,0.7550758789213153,1.5587251129525563,-1.2171174483584646,-0.6252739495785427,1.2396400301987367,0.4528395974550739,1.6217293943392967,-0.4826249929445971,1.255338067625534,0.9650509981841702,-2.6330721055790427,-0.5218118514958362,1.274110749698968
2015-10-15,-1.4249834777212387,1.229965116694303,0.37283454744345695,1.5246401731555097,-0.9661677515785881,-0.7287800814213213,1.5901766229352146,0.4612050558644481,1.5927141339796744,-0.43732592537451925,1.1028066645297279,1.0553560226335739,-2.542200589313955,-0.2957646598103199,1.583304331699197
2015-10-16,-1.0266732815727215,0.039201435427462995,0.13347723942655668,1.3014589309977755,-0.44123603106380505,-0.5261173334177771,1.9793693284929623,1.1936983706625803,1.8545666050861238,1.6553524274160738,1.5968728833994414,1.0939245658017591,-3.2354193215696685,-0.12742399194452914,1.4272041459767464
2015-10-19,-1.1975790892613731,0.3920658538642955,-0.08364074105366366,1.1681018345280687,-0.8174808642593144,-0.6663138924642772,2.0242676089681124,1.2417158716538967,2.231386693657196,1.4060027983762633,1.8620880521477177,0.7534340459271599,-2.3671585685999434,-0.4236205694558654,1.5841491462299773
2015-10-20,-1.1344903101139476,0.6428360340688634,-0.3816110288595836,1.4545388360526268,-0.9680538134875456,-0.6758268757434324,1.8700767124987647,1.1766471730200236,2.2484989986442065,1.455437950541737,1.5383074178907497,0.4996034035158597,-2.2409146761527796,-0.5832212927976062,1.5078675701010742
2015-10-21,-1.1637962770520487,0.9426304352313374,0.4620519565172546,0.9191448617022656,-0.9188835009490698,-0.43341455380658334,1.8958772823704353,1.0810356472421503,1.9809106929907665,1.1322362232642413,1.0472889794242346,0.25423050181442125,-1.8698894420955643,-0.33435151075943054,1.625375445161463
2015-10-23,-0.808431578813158,1.4040306636609372,0.3083199192709824,0.7028948836954187,-0.34753048195600805,0.20286217429891992,2.4930081593613256,0.295065703497442,1.5602421424384931,1.2952278707286,1.2916909297820365,0.644094717803066,-1.833174898345875,0.12575147044866716,1.778639815006549
2015-10-26,-1.1549745005384537,1.467417774871424,0.5074744416358168,0.6606004888276629,-0.3181953572172086,-0.05868611448775846,2.4263095702515396,0.42134068609542635,1.16787217736679,1.437081389154197,1.744014713083986,1.042839985128152,-1.8355320346071051,0.2860807513552568,2.0623403042865665
2015-10-27,-1.1209682264474985,1.130311907271007,0.4365540391259345,0.5028407501825771,-0.6587523457476477,0.07244902981629034,2.859398546791136,0.5942874932325382,1.1202782955390602,1.58736699617887,1.8130925742356812,0.7296906532321996,-2.092013621436839,0.13144138693505972,1.653489864250404
2015-10-28,-0.7231082918855253,1.4001609278524312,0.6161143982161542,0.8152268310530688,-0.5369305663805732,-0.2817532958095904,2.251579152316816,0.1581388107041348,0.7219096150946892,1.7716824859492055,0.8863544757609204,0.31569728267269337,-1.8349763488398325,0.24285452069105448,1.1149036897104423
2015-10-29,-0.47875781655100924,1.193767108856041,0.2645893184961594,0.6303177767348936,-0.6460219778788716,-0.3564273556482028,1.4417212240052266,-0.004719192736984738,0.30992027320378485,1.2022922421968822,0.6736803527241146,-0.2151485681912077,-2.0062471484430118,0.2957283683043621,0.6984252708804803
2015-10-30,0.10720204192244087,1.039090110813517,0.19279766767247616,0.5630282757106456,-0.8426295654946763,0.13983813048436095,0.2807508324510671,-0.19552607412407277,0.5735427267714681,1.2274049490269683,0.6325724125770746,-0.44946218879544514,-2.241650992162577,0.23185084667912498,0.49782361401575387
2015-11-02,0.07243231301212597,1.2990718028498562,0.6032097481884896,0.5108125831527499,-0.550545517908666,0.1206975009045532,0.5007477013375193,-0.01783644180211257,0.1938755198696197,0.8096864413916148,0.6252910063757612,-0.07970095307503643,-2.019893398012547,-0.2683312691634323,0.6212742817724194
2015-11-03,-0.013642914711995337,1.090979719672905,0.07557886942866239,0.3045915681643282,-0.554460640871221,0.25686574473477347,0.2779338092331642,-1.4302928934543215,0.24004484850960708,0.6556588521445338,0.6529110279086204,-0.06575170454419423,-2.265771341710564,-0.5538696955875017,0.3565520614574352
2015-11-04,-0.5021776890727125,0.9637133267896429,0.15854370158623624,0.3861818153453504,-0.5326007116221159,0.27509341733744197,0.6211571547104393,-0.5455086679046196,0.3331880170071436,0.3130842450941288,0.33680913461816375,-0.43527686671028665,-2.2320731297783003,-0.5254322380268902,0.44346754336987637
2015-11-05,-0.8904976410148284,0.6519603325505039,0.16857898419319342,0.13869456881374612,-1.0838350292110366,0.5588766990654152,0.7956171666058635,-0.9604241842936233,0.03443126663980651,-0.4198478984921606,0.09968337881075527,-0.6887276504616023,-2.473521071999055,-0.8748122823427904,0.018452217685058253
2015-11-06,-0.8131457741158261,0.9934104126901795,0.3262355440597906,0.21185076034248115,-0.7587928351107077,0.7607968218399616,1.0203376978421512,-0.5256980010634619,-0.7113167534065692,-0.4500954364878432,-1.448274706636383,-0.750468389282536,-2.3159881512831584,-1.0201403427893596,0.015986445620017116
2015-11-09,-0.6930676252168148,0.6258771120358391,-0.08268317127779931,-0.08156896132206722,-0.6560963923996648,0.6220269278380554,1.3385201459282197,-0.49367763969693745,-1.3415949483826362,-1.1973924614081426,-1.7079531165961768,-0.7988148658126049,-2.298576680205195,-0.5425692070195958,-0.0278373400348557
2015-11-10,-0.6150725912210565,-0.28443810307235134,-0.6124234337634066,-0.7579126288793981,-0.9754142600802187,0.6827908031175133,1.1882705958944024,-0.37222719125904163,-1.3861552154227739,-2.0152560795096615,-2.2789020514718397,-0.7207328658862472,-2.2432566129050766,-0.7592210047487159,-0.27241935678593854
2015-11-13,-0.23559423061500048,-0.5142235603364744,-0.5542636656517294,-0.730652057252875,-1.328797854274512,0.6487657040619532,0.8356558208166182,-0.7367380924940449,-2.054949262645194,-2.0600730033221253,-2.130642327292013,-0.7143524411728369,-1.7812154664955655,-0.11681152931321379,0.2451140428441366
2015-11-16,-0.568795014409234,-0.6827547003032952,-0.6209251410051719,-0.9500789870874279,-1.295701491127382,0.5088152990454823,1.1564272639736015,-0.7411384465322028,-2.1325209132741465,-2.4047364832180556,-1.6706181435524425,-0.5447325399284555,-2.108300484002766,0.03072654505074164,-0.9154265228360063
2015-11-17,-0.6451952336354848,-0.8491127467138737,-0.5597067725541788,-0.6431944651758843,-0.9470301639060806,0.758645378643749,1.7077713542332986,-0.044785338581888455,-1.7702716925283055,-2.2473533342425376,-1.683741330516216,-0.3306435009903613,-1.9923281181942174,-0.1392836545548489,-0.6364369411594129
2015-11-18,-0.46446670530854084,-1.7014672208055637,-0.4572874430818429,-1.1274421080692845,-0.8944168827707171,0.9183640049090903,1.7571637814695102,-0.14084249185659742,-1.9563220230704301,-2.0092099439068325,-1.9116538376839822,-0.301414657356289,-1.8533782955762472,-0.6118787466410383,-0.8498336605082636
2015-11-19,-0.41769273735330026,-1.4107955076517225,-0.8486539814832991,-0.5407519289335198,-0.7782252385137334,1.1497110812144524,1.8431759626437276,0.6402833186350755,-1.3977898799870314,-2.9023534897254053,-2.2455968343989947,-0.37057881594451975,-1.499756959648904,-0.42982309773362026,-0.9708371400815891
2015-11-20,-0.13734310091669677,-0.8595152683579146,-0.12677173033802575,-0.4910809427999738,-0.5354798603566497,1.174300507924593,0.8766053541306174,0.24570915816593145,-1.0079802681912238,-3.3351430271729745,-2.172460446320402,0.09904108304933375,-1.3333495078104725,-0.1262835364072116,-0.7081887885868826
2015-11-23,0.0791392112124617,-1.0513670031577818,-0.0884282832876223,-0.4875618965632722,-0.6486359227007036,1.3460418513140369,0.4470146371311173,0.2630250779004527,-0.8380720766441849,-3.518266142844663,-1.8865684239489267,0.6169737121741969,-1.0642843318971753,-0.17638748856743935,-0.33113055601304964
2015-11-24,0.8007020921138104,-0.5014499981810864,0.8759434270332007,0.5602967016137506,0.7168356301018147,2.2203598751694145,0.9417686696044728,0.174832254857898,-0.1788685767537662,-3.1879963548990222,-1.524825091760399,0.9304740572872502,-0.16367901249578254,1.010202021695371,1.0320613704504025
2015-11-26,1.148946902537446,-0.22914804663108002,1.2203373728432714,0.1740246057610448,0.6634343077937533,1.9734727790832967,1.2930945804486766,-0.3020669928283907,-0.2580863489564781,-2.4422813573118454,-2.3458294577556096,0.7577670416084503,-0.1390722692643706,0.8341889732194392,0.3462337994874141
2015-11-27,1.7190016674329573,0.30322460346064145,0.8572390335356135,1.0246695160642907,1.040533220669733,1.858710294746511,1.4918686335819904,-0.23577081815371168,0.3855454351268275,-2.1038874098380314,-2.251677097546428,0.9770413962167773,0.26882158561363617,0.8745299566092847,0.5026358563537314
2015-11-30,1.0786355771555338,0.35284100649294703,0.8408180977302104,0.5862562841811901,0.6527136529587179,1.7429947000535784,1.1738477732170816,-0.4817244550271085,0.009564776064401896,-2.843485274489748,-2.3858850540762493,0.41182816573720465,-0.4599003642224803,0.3235981579596138,0.32701388234595735
2015-12-01,1.0650725274821555,-0.20970903255403922,0.8170071050390877,0.9818733615440693,-0.05055102534958553,1.646776787110292,1.110072084139661,-0.5659632711007805,0.1185159375708439,-2.6137408552713404,-2.1750165357390703,0.12078103134193377,-1.7276327191392997,0.5665497307258927,0.43629344606882464
2015-12-02,0.7855020815734892,-0.24201903887288126,0.32676437233483213,0.9557687456889524,0.22458292531762158,1.715371526017959,1.364756741195336,-0.19196085693973597,0.29286771975486015,-2.784137123397389,-2.3455384065451903,0.5490512323100162,-1.3771020871085335,0.9615192335194996,0.711742876814355
2015-12-03,1.701338362431731,-0.2064145213473998,0.4295740157473866,1.1349929775495837,0.16274932025691013,1.9126707921726032,1.6184741820176267,-0.4112964265145203,0.18970178425200568,-2.9319184750117,-2.31127801039685,0.6701004173975443,-1.1559508671118457,1.219514325862722,1.291252779320977
2015-12-04,1.5785640465759128,-0.5027972044883787,0.7158931677241901,0.119567238012998,0.5812347751381491,2.056399174403252,0.9635304960593998,-0.1191383488576976,-0.1277254179476691,-2.086535979556994,-2.2863050474456243,0.6936004911135201,-0.9626500325550175,1.0833585857308596,0.8278870724639841
2015-12-07,1.2840470637736672,-0.5455584321207481,0.4604490456248676,0.25719115236846857,0.09402213383096612,1.684192540625683,-0.17069220225882972,-0.33701467115611355,-0.5527407836011896,-1.5656628466867566,-2.3523188189511055,0.614453956929974,-1.1967954704794337,0.7829036199723176,-0.1477181542099003
2015-12-08,1.9917484015538833,-0.1944391358173508,0.6405426286785978,0.1588534751711841,-0.21472914002666263,2.1154282843067036,0.024608255890311997,-0.4287829887394476,-0.467795053018507,-1.2826455438469564,-2.3489054901414366,0.512444545089682,-1.4719805205724867,0.9021376100433123,-0.3587573867937496
2015-12-09,2.0169984179185265,-0.21710058038954141,0.6644161159899692,-0.27316064472057616,-0.18780790573238862,2.41111919135988,0.3276927340737692,-0.6541101448813684,-0.43270633820698345,-1.160761164098064,-2.3154015356418856,1.2623540408083156,-1.6790306698073554,0.6977824873352844,-0.0043592884915215685
2015-12-10,1.7359191725660457,0.095427109123808,0.14862170978283926,0.1639038032098589,-0.25666782343150124,2.5031721346751103,0.5368482561282082,-0.31490954367150575,0.2587623693709214,-1.343339405905218,-2.3911885785791704,1.0201842892076127,-1.612617189513599,0.3896969500158773,-0.6351831217494193
2015-12-11,1.0476164540559076,-0.2967737731465559,0.297475404327654,0.23403185482624975,-0.5834041793791139,1.7252671058935907,0.45263410529378917,-0.08026163224314439,-0.41122966392173244,-1.2331637096081143,-2.6318049069888905,0.4501070237650813,-2.119050209727441,0.26007282819929084,-1.1491808703003605
2015-12-14,1.2034513659506965,0.10422547603881711,0.7727616081591043,0.45067612061682055,-0.4951060026929059,1.9892437806701972,0.4608071535940692,-0.22575560331643002,-0.06313924233556287,-1.0381936438589003,-2.341601130941838,0.007105422527608793,-2.1123137870872837,0.40389943683315827,-1.3898101884883836
2015-12-15,1.6459858804308496,0.07016274125220652,0.07051952057028676,-0.0517509433102193,-0.2824151563314787,1.7884682474711628,0.5753207240749639,-0.3420135081339313,-0.2657524291237132,-1.0505709301855568,-2.4922862671404893,0.372144603645323,-1.8562660927196277,0.6950104144325429,-1.3400645430650215
2015-12-16,1.4584922789086703,0.2172908663611546,-0.719087316694221,0.03730760554842406,0.21846974740719036,1.2300237537515886,0.4051991971072877,-0.5450686916086442,-0.8169800077806408,-1.0450739371194493,-2.528296702402933,0.24710999166963282,-1.4658931847102064,0.3209242620488869,-0.9471626761016334
2015-12-17,1.8538605715392213,0.3979867671826683,-0.6372796710553679,-0.24759387701407778,0.1282706245220638,1.3622616179202582,0.3016488010555157,-0.26571564660302976,-0.7089554330298823,-0.8703178996456981,-2.3793394102598153,0.7824553861299698,-1.2223110075922068,1.4491153288913625,-0.42690986203492287
2015-12-18,1.8047061388162977,-0.004082960886230942,-1.2032339616695074,-0.5797416407507126,-0.044529413615653324,1.2576308893750427,-0.1020906545733117,-1.102414982266632,-0.5046953128688422,-1.4197070682823052,-2.54574893921971,1.3954411273838139,-1.8057855690227933,1.2995981783804766,-0.6090795901902225
2015-12-21,1.4574208098593826,0.2616485402911843,-1.730391546477199,-1.2460448985946126,-0.1224901022834527,1.494734116491217,0.5350164996776413,-1.5381640335695812,-0.15012237033853942,-2.2659116786083136,-2.418243418560626,1.0493040527094655,-1.5932384182005612,1.5296235234388211,-0.7045916734179524
2015-12-22,1.018204667982244,-0.03377071644162404,-1.7609599986933027,-1.534496059919512,-0.10160853329042022,1.5852665055502309,0.4206881152191079,-1.185857926453605,-0.27419387516882054,-2.0072667186060205,-2.3328315717305332,1.124186185546993,-1.2707268982732363,1.5646520007937788,-1.07398130398213
2015-12-23,1.8860845200379832,0.1798184210599873,-1.904863715496469,-1.2830145685798806,0.4663320067855225,3.0367531916707162,0.5778385169418776,-0.9498692977036131,0.1075337838690204,-1.501913304564137,-2.1920818639239035,0.7740734130775768,-0.4160167387320938,2.1687985068894053,-0.5608059614140762
2015-12-24,1.3922828065160626,-0.014039370474003323,-1.618085609982077,-1.2657400090353148,0.24164699705493817,3.012676097361071,0.4932192302126447,-1.1717125514604414,0.26693128727433285,-1.4385907671762854,-2.2488819976889083,0.9069526836947823,0.15423086307181244,2.0784599029019772,-0.9316914048257967
2015-12-28,1.7175101876780228,-0.24485204513506148,-2.0863453325399846,-1.610332608939839,1.1871381465450626,3.4179665769732837,0.30782260785524723,-1.0579129634196986,0.2149293659739521,-1.0092404980944987,-1.9614850959475578,0.5135788150618297,0.07128896465683113,1.9693117810308813,-0.8065272761604686
2015-12-29,2.1358296654500957,0.2642377761795131,-1.4772749157939913,-1.8215215684962118,1.3162667825444017,3.7419171317447524,0.4001072310529414,-0.9700597538716369,0.4319867816655707,-0.5806173043022749,-2.6267674679320336,0.7867425256159376,0.4983319798700135,2.342730306929629,-1.1915535584325767
2015-12-30,1.9035114783575617,-0.26491914396473676,-1.5528112979389856,-1.4782339677463872,1.2425409502000526,3.709673614881415,0.42445883035324605,-0.854233450735905,0.15949151886889143,-0.40675589341895896,-2.323701225246443,0.3764785050178068,0.6416883972577254,2.9613947598104398,-1.6379082145286898
2015-12-31,2.324092428317953,-0.5909541078372852,-2.018097003213132,-1.190609944858362,1.1685934196848606,3.5218785814423437,0.08991651277759165,-1.49827074040886,-0.5005768511014764,-0.5628095150221749,-2.5675434284727183,0.4122776800740495,0.24918505349712528,2.4934944819588796,-1.6618671550643382
2016-01-01,2.7884806365028316,-0.7627784103411822,-2.3130446692759654,-1.457668650512553,1.0278000839597807,3.286237721437596,0.07825132689281096,-1.8028176439112338,-0.6091582198747784,-1.0004727693279305,-2.7439719235040996,0.3140448589670171,0.17344515424285412,2.4007247963080034,-0.8601192477113387
2016-01-04,1.6769831852124253,-1.2883881990416275,-2.2687800078837235,-1.8509892241176684,0.25758226609570556,2.5440857963996772,-0.06861332603845348,-2.3207227801348145,-1.1993064334674868,-1.371645395650382,-2.7843234814563345,-0.2234686638155667,-0.8229796355746953,1.7823941066103344,-1.1075071604808835
2016-01-05,1.6637313615755664,-0.9869677235454867,-2.2641142206622025,-1.4542064982387741,0.07301721702227741,2.7444895047014906,-0.7347083013495822,-2.3950780908131857,-1.4578933778915493,-1.5355050127032996,-2.9018640172847054,-0.23751473406447304,-1.114104515013267,2.305818158114534,-1.2081649144433573
2016-01-06,1.3944163487952332,-0.7474437911356518,-1.8725329751220223,-1.3847526379842057,-0.8638099029610603,2.3001279529081136,-1.3948124027369633,-1.7813835834408878,-1.1540492957599462,-1.9360976434141397,-2.8639817180808658,-0.17002716125385753,-0.8938132864392055,1.6361225287322816,-1.7821278139716545
2016-01-07,1.2485314886727052,-1.0276622067290222,-2.2173951617495993,-1.7541952515135768,-1.4949199182858715,1.9904448461840263,-1.3091622279463788,-2.1272609559504687,-1.6174991706696338,-1.9219041081317336,-3.104909236789943,-0.4802767033791894,-0.8330394619938852,0.5900490791838738,-2.3976144369002075
2016-01-08,1.1695533907254414,-1.4114611703956776,-1.9776793313661036,-1.23744763770143,-1.6221293329379252,2.2367020196057776,-1.3048591243396437,-2.303219351011524,-1.6478473093267751,-1.5947554863849485,-3.119787686528134,-0.4611540694061268,-1.0605754931000488,0.29754905970408163,-1.9221212439041873
2016-01-11,1.2562007126337404,-0.8992425815199839,-2.346800964147297,-1.7681794629277565,-1.8935629519722603,2.3241766968734185,-1.0579363246683824,-2.3584204770698913,-1.276522244484745,-1.5860879072643232,-3.2031732421039645,-0.961564466996794,-1.2913342271955,0.22416319202642765,-1.6699967735076129
2016-01-12,1.1790356261461075,-0.6130682753525892,-1.7108130439379379,-1.7080657142317999,-1.6716342494430378,2.7431240697832684,-1.260733540078878,-2.1657345369244214,-0.886577428264601,-1.3252183253916288,-3.332256353643953,-0.9215570153574243,-1.3890840935902398,0.22278377553988535,-1.9266873960193946
2016-01-13,1.1948465829868322,0.0388294971354243,-1.715806988323787,-1.4201907700389755,-1.6074590744442463,2.885241938186437,-1.2324901078786645,-2.1291222132617795,-1.4546000683117948,-1.2081077706912227,-3.3667914193622237,-0.7493736612222509,-1.7663085933193452,0.11149485294772427,-1.6593271805599012
2016-01-14,1.024968346852693,0.8280775110495365,-1.5141494757903424,-0.9620293529691453,-1.937101664541835,2.8731189692915997,-1.412202358006318,-1.68477860767208,-1.4849145952562972,-1.3556602381667777,-3.3059333671899305,-0.617945895429843,-2.0101354163526004,-0.5396439402951229,-2.0938395280104785
2016-01-15,0.5919540451848829,0.8136647261198492,-1.615910082360772,-0.7413712832422541,-2.432476577749503,1.4631629160538726,-1.5520550186515605,-3.2807663628413697,-2.027740019816425,-1.475362555705367,-3.3901446826267936,-0.7435561563658668,-2.074375896431096,-0.8416199967352453,-2.176326850463194
2016-01-18,0.3750707773869956,0.42711017182276734,-1.4275426601434646,-0.7122333990795771,-2.428920881490366,1.1313655316409315,-1.5751047862024146,-3.5747260365000764,-2.949311059609138,-1.7626291171125692,-3.7835801101356052,-0.7493920793520822,-3.2267982792890555,-0.3550718191806134,-2.8209737615823447
2016-01-19,0.5447263977892671,0.3288653748118209,-1.4137081098920181,-1.104646287354683,-1.8823340115724878,1.1130816276137299,-1.5374282367276582,-3.7615799888522026,-3.1221097693493913,-1.5489986533178954,-3.566825903425538,0.11282274632118089,-2.4377744655096216,0.06621880641838142,-2.7775083851335287
2016-01-20,0.2859112227965904,-0.14361715340048428,-1.7003983472706323,-1.0180133959563722,-2.2094263397365803,0.42446916669513146,-1.780890430512116,-3.2852530209967563,-3.356096583705665,-1.4145864009571187,-3.416755049703441,-0.1209526663736297,-3.0091728475526542,-0.36436113727700714,-2.9264144190406935
2016-01-21,-0.02804022210907724,-0.07430950181987149,-0.7820863438838866,-1.0274803238186245,-2.843631184748914,0.16117927019022557,-2.4243290982392947,-3.107397232128043,-3.494699215747471,-1.6633971363763158,-3.791707407223097,-0.2761739391602933,-2.5389334027693895,-0.26749468784203095,-3.082837933589878
2016-01-22,0.7067158499557016,-0.12020222317285192,-0.8832009786174249,-0.8593065565860786,-2.027543234584487,0.7971943803466164,-2.2082868229515933,-2.9908040248278835,-3.3060123259333642,-1.4323063729485763,-3.2878674827014542,-0.05229753550843576,-2.731545828526196,0.12301975350354102,-2.6684202482350505
2016-01-25,0.6911325786214533,-0.05779274582020324,-1.0939942116860275,-0.7213007003899417,-1.3493426137543996,0.798200964001716,-2.149964718074468,-3.073758119917245,-3.29107437696287,-1.4243120906746674,-3.1659066610263107,0.5873165675460029,-2.8247029116332185,0.5682734630412206,-2.626088049246369
2016-01-27,0.19711563997874984,-0.10197258328011409,-0.943357147041883,-1.488019506278811,-1.6729604737841506,1.8769670566277596,-1.9155797266369161,-2.905104399291632,-2.988973645142903,-1.0824690377528234,-2.772480906444608,0.6655495539552075,-3.1239896539479477,0.6262893754634604,-2.178852678457369
2016-01-28,0.08671625954441367,-0.1148706855140674,-1.043061471046764,-1.5767329121661982,-1.5144188834036947,2.1421904140073904,-1.3801646021581497,-2.8242079648691303,-2.8333376403949355,-0.5423046760056383,-2.916289212822584,1.1494703096803995,-3.3205261428427217,0.47112839619124564,-2.0439799975387443
2016-01-29,-0.007278375361616916,0.5514239174767185,-0.1455750273648697,-1.2154110206034723,-0.8499469310483319,1.3465699487771141,-0.6290805695323418,-2.386800183597167,-2.946756349421537,-0.07938515267569578,-2.7258941541160184,1.820899883752339,-3.1242974093446665,0.3300823584836257,-1.5578778524839483
2016-02-01,0.14056832191588042,0.734713986989737,-0.0017710419220425093,-2.0148601384006803,-0.95194172911315,1.0785346946724592,-0.5140529462092179,-2.9519392111608265,-1.9087644828388977,0.2633696501652358,-2.922573384518136,1.7580246547534633,-2.7119912443036274,0.6400576353476836,-1.7038778876302736
2016-02-02,-0.059103122029090106,0.557500049109438,-0.00227845501889211,-2.703982015162362,-1.6409558251045335,-0.07552626073143758,-0.4226220638714859,-2.7195237732626447,-1.9063189325049201,-0.326520601028309,-3.018039071829077,1.0085946704408872,-2.233376134376327,0.037124885408624686,-2.128685396300786
2016-02-03,-0.09938520045609772,0.4274530542439083,-0.37329006228160827,-2.394017414074914,-1.9384527984244082,-0.6279576986729204,-0.5854233648513546,-3.037993872779215,-1.7160718346866373,-0.0990648930154326,-3.112359195634761,1.285270549250523,-2.304133733223996,-0.2600632196485597,-2.3161200473107506
2016-02-04,0.8699243208780189,0.9439269134434297,-0.1773052224257758,-2.2478239699232323,-1.3666961723616273,-1.0618697446984178,-0.6671225714605712,-2.403602907409964,-1.540730099727741,0.4700212468457518,-2.956984181753384,0.898113789932971,-1.5994770265195912,0.23586586308475976,-1.7449574340180127
2016-02-05,1.128451687051388,0.6484044682921742,-0.23019772001629082,-1.9639569004074713,-1.4137133599842824,-0.9476312513489745,-0.5804535136293405,-2.6565640329430646,-1.273260475477687,1.00800580507141,-1.6608554118204757,1.183591614253443,-1.5662999963252575,0.7963037742587081,-1.8234835673378529
2016-02-08,0.47573680936827445,0.35837438709607167,-0.3783562773002514,-2.0923412348153474,-1.6405279629447442,-0.9130145384169461,-1.2864669559681614,-2.495176132165912,-0.9036156827521854,1.51708304034736,-1.4102421529818114,1.381238991143139,-1.1536537079248408,0.7189125548197128,-1.440054055021648
2016-02-09,0.9794853133013507,0.18348293318455347,-0.5835019788066796,-2.5135453581873377,-0.952794376163746,-0.32781143724456285,-1.1396217504568826,-2.3316513327100794,-1.2376054361287085,2.324232344995151,-1.2812912387836386,1.776004489825308,-0.9050202061165622,0.9653039085933187,-1.0876707998744022
2016-02-10,0.03586532486379871,0.24107002782634315,-0.612955409797865,-2.634540251998847,-0.8060154885566879,-0.3973907903316708,-0.985030757541157,-2.62493337350365,-0.9737172267771013,2.1900687469026128,-1.8038447961464779,2.161465224530753,-1.074560977337685,0.7708664880315832,-1.7060737560048478
2016-02-11,-1.2293422967526237,0.10691335205950117,-1.2905336882709788,-2.799687612708889,-1.4757641974475888,-0.8914231385818846,-1.9781003649278621,-2.759880855547363,-1.1169711795860269,1.7666394675481278,-2.296325483616258,1.6038070903761243,-1.3114246654310568,-0.045556774898500636,-2.4071520712837495
2016-02-12,-1.3683251228073656,0.4748042650918889,-1.3881169837743406,-3.1475639650317397,-2.151683596759355,-0.6119053873826696,-2.526293718575293,-3.675339055101279,-1.6439483142299243,1.7729361462761386,-2.22508753122851,1.000162182897414,-0.3403938363012017,-0.5102506149264459,-2.528211180822801
2016-02-15,-1.1636588533596381,1.2705736972461812,-0.9223294022474761,-2.9279105689944718,-1.5550537401638977,-0.5998649406543487,-2.2366948549821517,-3.659741742204749,-0.9346274384577389,1.8120566950523205,-1.9120099263238302,1.5639108752294204,-0.5820182529759867,0.9734263891081552,-1.1462324353454778
2016-02-16,-1.5563014574643723,0.6271617200278518,-0.9862260491689382,-3.9561541347395988,-1.7061096364167982,-0.3623792568715265,-2.8753643786413483,-4.688614718365626,-1.665688234048818,1.635073200653987,-1.6199857573877863,1.2019007902539847,-1.0231528113305948,0.8063509455239202,-1.2506806156171622
2016-02-17,-1.4132569322428294,0.8419319094708664,-1.5687879900686765,-3.648123160736743,-1.7377575204951339,-0.35559755652967284,-2.2583366614037446,-4.300080952121482,-1.626803897893046,2.3824363068348933,-1.4033393800417482,1.050154988956879,-0.8911171473999614,0.971863539073263,-0.9012315396984231
2016-02-18,-1.1588734430564605,1.1969726026139829,-0.8835704806241447,-3.8020141569409924,-1.0406713889136947,-0.2987510005676439,-1.5747533158912117,-3.499979961453034,-1.050521770901326,2.7792339262679926,-0.9662968254143385,0.9500603654985691,-0.7041225788082349,1.1628579343165844,-1.1372879708678387
2016-02-19,-1.114232068772348,1.4625297584775743,-0.37779324856861196,-3.2105216612265397,-0.9792801808684432,0.17795359329451335,-1.5568639987913655,-3.100857588673256,-1.0124909325126306,2.9029629855712478,-1.0619434096815605,1.155430153121095,-0.583419562059445,1.2448814617843775,-1.327332897557782
2016-02-22,-1.0580325444878784,1.2751693708523182,-0.7998345831459569,-3.281187631640316,-0.8986557603803126,-0.32790164619209455,-2.198704253478586,-2.6590908420748547,-0.38704781439954034,2.690278519938339,0.1804095298046554,1.0481968204660919,-0.4648681147651312,1.181074850252282,-1.7765057398262758
2016-02-23,-1.8538255940861303,1.0145049799715018,-0.9346597680209762,-3.5657024351762203,-0.915405711839399,-0.660266912107628,-2.6015247528414713,-2.7318774214648056,-0.510064147517225,2.42128061842205,0.06574211256300361,1.2016070497433193,-0.8197360123425098,1.0056666707511093,-2.1587419307938363
2016-02-24,-1.815461683617493,0.70238831259991,-1.1803679422794902,-3.7785225419800432,-1.129119141482263,-1.0226336205186979,-3.024434898798333,-2.4054348715092355,-0.7238581580601539,2.341059544531997,-0.28350192527388735,1.2920663237902843,-0.3507317924238126,0.898802876273598,-2.3078006096038894
2016-02-25,-2.0326625184785088,0.6104119957658656,-1.7147307302358652,-4.325470527767143,-0.8042114660118017,-1.229845037327928,-3.1129823239851953,-2.700575705406432,-1.3367480034297883,2.6554396980538093,-0.8340187783877059,1.1916964536323054,0.11956956114981464,0.6066896790903162,-2.603998491169543
2016-02-26,-1.571064372016377,1.0777176421883963,-1.6938745119442136,-4.191187207979104,-0.8246514727115267,-0.9065018392174766,-2.960804388284408,-2.789681494143547,-1.1331054002103673,2.550655885015711,-1.0188648707142398,0.6922408643516902,-0.11376340738436758,0.39865974546025507,-2.1175441848178704
2016-02-29,-1.0064288185779235,0.5323275950948871,-1.9022203606921468,-4.3731687798501016,-1.486676013400918,-1.1706862111595697,-2.3845625852981627,-3.051919124627135,-0.753622131709597,2.3353710959896743,-0.6954674394746592,1.1775645803742083,-0.07170778864207589,0.5483925853775342,-2.0850721523675357
2016-03-01,-0.5441858438151213,1.2502408815579458,-1.0412966447370477,-3.291906167938405,-1.5110883906674688,-0.4739356179621519,-0.2584340822571595,-2.9284710703016428,-0.3162175978762125,2.0874469428684885,-0.6276845131441872,1.4667964185228115,0.10162986386288586,0.8056319473403557,-1.045367536616795
2016-03-02,-0.24724910195074387,1.6925586583427963,-1.1386226617396855,-2.470630251894483,-1.1795174338754726,-0.021424972605003992,0.4107430362999955,-2.954324094958874,0.05049668056430178,1.4284322917382626,-0.6024132307729227,1.3874719934033548,0.43328187926961254,1.019069251803131,-0.25617219235315414
2016-03-03,-0.2720025997932407,1.8956794622772428,-0.6630563721048987,-1.9100188818928636,-0.7071157665101118,-0.04769395428003347,0.2940309850177239,-2.053943745576698,-0.03666847624971039,1.8435932958331804,0.6905628051873631,0.9400165992172359,0.8695618970896978,1.8635998963285751,0.028772836581655983
2016-03-04,0.056290118616591986,2.1756761060082375,-0.8382546906601871,-2.129876491603395,-0.5880050220913277,-0.09409286066158036,0.042699776431483476,-1.5586194587376465,0.4383972188066471,1.8289818156787268,1.267756329754373,0.6244288408613694,1.0274149380832027,2.198851048927718,0.12228116885191274
2016-03-08,-0.5326307232927222,1.796742022691948,-0.6428298784887558,-2.56177182076938,-0.6570843690943406,-0.2475220887545704,0.09768634749600136,-1.4583441537290964,-0.10442838700164522,1.902309861787263,1.1258902915706968,0.2931900136723474,1.0433163845573283,2.0784773912878647,-0.017585347471152833
2016-03-09,-0.059622379957691235,1.9128384699091865,-0.8062394195555987,-1.939059986114382,-0.2807905356738032,-0.3062523145590216,0.0932363594673071,-2.4583556015620522,0.4417011714117282,1.9211845723300902,1.2488273943249417,0.27946543679728786,1.3453695978497857,1.9160683220623367,0.2302368028958865
2016-03-10,-0.3432606094023403,1.1515247883291813,-0.9439807670835326,-2.0650060886672024,-0.16665303034008513,-0.29007057824171245,-0.03514749697141999,-2.4840747701905883,0.17144546387790624,1.796077067078123,0.9105635954584212,0.1918026397277763,1.6025497588625714,1.8155713919690357,0.21292302163289117
2016-03-11,-0.9373599378797791,1.0435032365072612,-0.5051894213877313,-1.7544571081485918,-0.4082460395637814,-0.22754265136171703,0.07103989215704552,-2.4021145562196926,-0.20775231953218554,1.7542503334048554,1.09607721752531,0.37236146707315354,1.4938501434031912,1.7625338038065175,0.16335714688442013
2016-03-14,-1.2736025635771857,0.762786886373431,-0.27389808414371986,-1.427738695310245,-0.6793787142992852,-0.29928173093531785,0.39604395937801923,-2.5916809330628463,0.18246370211716365,1.4734953230021968,1.1448452369069093,0.44947563507103183,1.129518775349136,1.8241125292273075,-0.22641068561175587
2016-03-15,-1.4149340598343267,0.5114525875934557,-0.6257973313846497,-1.9150119198200726,-0.6372027871469843,-0.5109429961931421,-0.028123449352855486,-2.99164553023064,-0.7172143823964604,0.8409877219693598,0.6508559912354558,-0.5250943811579359,1.1280962405066677,1.5403937107971282,-0.35744638501934284
2016-03-16,-1.085481596819361,1.104613375323087,-0.33374956594871724,-1.5514730321872436,-0.5731438846015771,-0.5142805275791951,0.35946321515582086,-2.5774016879794805,-0.8231463309629992,0.9323576893828556,0.9348663971164077,-0.6732346648388092,1.0863189277082392,1.5614809573349158,-0.24189031965193458
2016-03-17,-1.1656654912831537,0.9446439665326453,-0.3683911907170385,-0.8134242064601828,-0.6213409974303672,-0.6414227773787696,0.017926541856666256,-2.173311759287418,-1.2536944621822808,1.5012781709997276,0.6566004984706236,-0.48050248503870224,1.099760702389286,1.3685944679269457,-0.43864134513338143
2016-03-18,-0.8023018898117442,1.6428014910515278,0.13011821621641495,-0.588583347720517,-0.5090226270207137,-0.636959573543077,0.33963822505574975,-1.9841704754981249,-1.1839943109846,1.1128617838241792,0.8847170951328818,-0.34408707173110575,1.150601191658157,1.5754088256007077,-0.11461208202414487
2016-03-21,-0.7824697239138734,1.4237536251731042,0.2960713159060205,-0.6143959252394491,-0.6392143394037506,-0.8674342405900352,0.5712595607525388,-1.9759302945550956,-0.7720070559868641,0.9823260810708301,0.8275162266257058,-0.11553669584785745,1.1341432871333945,1.392364111135682,-0.16610331737350834
2016-03-22,-0.6917847028055304,1.4228611008779022,0.12535360099769585,-0.7488703032701884,-0.5903564511207097,-0.7790164686597314,0.12194177523053282,-1.8485628851843847,-0.754964983670633,1.1167912032824192,0.3625489299742745,-0.23432735245948355,0.7159568840159868,1.5950000880896167,0.3174628044963695
2016-03-23,-0.9975496856513739,1.531952670413973,0.07539628163910234,-0.9191892874792054,-0.9586480958294034,-1.3541802571115693,0.062234099671403774,-1.985321959376263,-0.8686821860642377,0.7680348264405689,-0.1553422706387972,-0.2640945185645982,1.3805982757829278,2.104754536516541,0.3079385420620259
2016-03-28,-0.7168272101053146,1.4943823662416211,-0.006973160599637537,-1.0696836160313279,-0.9708916939874023,-1.23582805317034,0.04265233438599509,-1.6781426386814244,-1.8131164599773062,0.10663724841289138,-0.12307379114263242,-0.5926424042591003,0.8114740287963168,1.5405274670601976,-0.0480364455245925
2016-03-29,-0.7384216615941073,1.6696592679654478,0.10215167628565532,-1.438244450054811,-1.061405932887653,-1.4503354894881157,-0.13495872681824594,-1.7477037715644403,-2.0429367832159797,-0.13554839741992086,-0.6093578225784766,-0.9724597188973656,1.1271191078489018,1.5593229252499743,-0.041051795260555544
2016-03-30,-0.6880375805901081,1.5167075761135982,0.36607012395817695,-1.1894052462640303,-0.8525303712431327,-1.2737072566420606,0.12843024576165518,-1.1094236152595933,-1.636975804708886,-0.00019570024472696725,-0.22711888281812243,-1.1676037154206467,0.754347104750776,2.0081216281911236,0.36189256101858464
2016-03-31,-0.9240692218345037,1.6783452923614492,0.5813753168968961,-1.0861155831234006,-1.0652018713833709,-1.2230465351806763,0.17852459474234264,0.030940265415354412,-1.450957155720217,0.22328688772325483,-0.14416360073098336,-1.0309157909326454,0.6101691113704318,1.9668063785842012,0.023707126313191388
2016-04-01,-0.47355936900468387,1.9195584319916459,0.4560646287874389,-1.3154561489607344,-1.128523156814467,-0.9941562188258263,0.5972599129294494,0.017533704322839027,-1.4235066379911352,0.4275837867907084,-0.160392348537068,-0.7356946019211111,0.5479001037983384,1.9330997596153434,0.5619347927676205
2016-04-04,-0.35093423431591125,2.441882782706606,0.6372382519197441,-1.237706188005325,-1.3757048065771205,-0.7745717438823168,0.3899280797928688,0.18238965075729308,-1.5036327019979396,0.4017662498616753,-0.08527939260180606,-0.8527683176912892,1.2853238411287136,1.511650957430132,0.4406117539089893
2016-04-05,-0.681031999910558,2.180776454722434,0.43371934180802263,-1.5507128730359474,-1.2837716563797723,-1.1128886543925476,0.6312968322086162,0.17650008571935058,-1.7893610056343174,0.3033859667815562,-0.034248622075066376,-0.8045673726690724,0.5090364938568556,1.4689389677764049,0.3423720881251422
2016-04-06,-0.43125180421582743,2.2111448376994707,0.6028351882777998,-1.4640609682869523,-0.7893005323208502,-0.8546276323848774,0.8534053188713847,0.3823318279162817,-1.1234846691949547,0.6043324700158876,0.2013654832844989,-0.26228560029490605,0.6737159454383522,2.5242151630160174,0.8945609021666444
2016-04-07,-0.6436512131383508,1.7648335033495837,0.13898607215383016,-2.031964513086885,-0.8745405989608033,-0.9860814617081508,0.39791249906176657,0.8867306104735236,-0.9378154374614318,0.4564574145134743,0.2664315966416862,-0.2854971880744177,0.46728775336408035,2.2728405739255293,0.4976293792859875
2016-04-08,-0.7087768089589463,1.6620164064737386,0.7864532520282941,-1.2959056894896737,-0.7424588828392821,-0.6337667231481735,0.36836833236567734,1.687558513615357,-1.106094168374611,0.6746819117756374,0.626556749715715,0.30853176111338415,0.7302621989764018,2.2967832194030944,0.7887896787205306
2016-04-11,-0.36167013412022697,1.978327330907896,0.9446257430912084,-0.8709155051629929,-0.467265103600738,-0.664495322509685,0.6607421163269628,1.4541922869123152,-1.3599773530291166,0.6647340264529679,0.6207533410013152,0.12149153391526368,1.5233265021335536,2.7311726396815983,1.07659959036917
2016-04-12,-0.14927964611216055,1.5060884632938873,1.1832443945695228,-0.9377559077782267,-0.3598767348224597,-0.4914104523432233,0.43089185567344285,1.945518823690746,-0.9174080667953685,0.6223668098392052,0.9909994524582826,0.044318758953392996,1.9203245271321139,2.5217448001619585,0.9816069484475324
2016-04-13,0.3213051097878256,0.6998978576037385,1.7503186082039932,-0.9933277584821419,-0.25900699197613136,-0.23673088893758368,0.7269395446706383,1.5361062945206625,-0.5678338088665691,0.8710162905820704,0.9542512681274553,-0.08399040704778281,1.9597207360218827,3.0232931598047825,1.4003972392157602
2016-04-18,0.31203398814029565,1.402953180220425,1.9645921381012794,-1.0141068278871543,-0.3671259315227697,0.6265271183963881,1.0348050839421268,1.6405610448741983,0.10079759413744312,1.0393069635719454,0.826342395889767,0.17921618597589845,2.388928245403613,3.465292214484993,2.035577709109292
2016-04-20,0.5957239221734,1.5733426276912938,2.2153691601971097,-0.7392953398590406,0.0009373064069192501,0.9876597290519248,0.9753170032166623,1.8919776985968864,0.560384294427465,0.9172125341195418,1.181303130370028,0.5762023280082468,2.5714173086735235,3.6951760895892525,2.2608106945377733
2016-04-21,0.5541957092450305,1.2488067310578965,0.7869387702525897,-0.8089195058585067,-0.020990744889175017,0.9176724908581156,0.8069148136473029,1.7109941694338884,0.4316008413340144,0.8311973697352649,1.0938475169059043,-0.12855985901894135,2.173853523784725,3.547439176837014,2.1991185801268975
2016-04-22,0.44999691911815065,1.3120577464621412,0.7431476460157131,-0.5692758403069383,0.3753933166429851,1.4650150713984105,0.8575132547281255,1.5474227051811587,0.9063644354568308,0.632429787359271,1.3515146578804413,0.19318462848060552,2.030225862461214,3.764770937170007,2.4846882326657957
2016-04-25,0.594843787641732,1.160301528862302,0.3276463675478067,-0.791748417486991,0.4939389494783944,1.053665588478175,0.7666669590599252,1.4635762940805217,1.2257564530038139,0.7930178396008438,1.8260263610385972,-0.25898428866329387,2.271049516548228,3.4736676993569744,2.378516413138809
2016-04-26,0.5412479690795436,1.3708336615024774,0.4091470442447467,-0.8756313821374159,0.12641789642576182,0.5327182067437186,0.9249448557848782,1.2591419258655574,1.3539280964722495,0.5986657838836476,1.2788473661613067,-0.6263942496711584,2.9188891330652282,3.349195091106053,2.3945704162649273
2016-04-27,0.848530188826366,1.4500344771130025,0.515033681784437,-0.7781299379725015,0.33877182236554565,0.6026957819620902,1.1370459473924985,1.3722093465033551,1.5569855331559685,0.2621997977126258,1.2241524885794695,-0.9354735075610371,3.413747132976865,3.0751723234561443,2.424367916623933
2016-04-28,0.7479198572956619,1.0377500502108297,0.14251233039872294,-0.46386127173294917,0.15292202445498157,-0.34600855446274736,0.5586704485145443,1.3549192602718607,1.1014474278706876,-0.2079346235828248,0.6677317920233681,-0.6778894627321451,3.384382891868392,2.747669465663654,2.3892563712006947
2016-04-29,1.3613353231962249,1.1440002325600005,0.3402889795909402,-0.21799859583234943,0.0975575312219127,-0.16999660427205016,0.41296838671572633,0.867306733344491,1.1783459164698153,-0.2702084658583076,0.5094395423741245,-0.8819275092527695,3.3290607413026923,2.9502055592667102,2.706659011233346
2016-05-02,0.9264347815636576,0.6029831045322697,-0.3159747734178983,-0.4943473149507361,-0.19830070262575206,-0.06903759820500525,0.1951955034624355,0.8919894214121196,1.0496852997500115,-1.0093998724667894,-0.3059541068053031,-1.740035974437676,3.1496302783146515,3.005633601326797,2.5135677467184565
2016-05-03,0.5838863538518239,0.19274225771977302,-0.623404803316063,-0.6653362317270106,-0.2644131089779377,-0.054647412870418355,-0.19113876929210719,0.5375102310948094,0.39012101818016093,-1.2512144849157776,-0.3021749345184447,-2.1963451210011975,3.2178010662611807,3.067711781556418,2.388121672679419
2016-05-04,0.9541982879784325,0.30613238362890527,-0.7162007327378077,-0.06776541602322411,-0.08511851920101375,0.851587817780309,-0.30877157837647373,0.37316441652599436,0.27056677948368524,-0.4948551302476389,-0.4203378194079858,-1.4097687031532757,2.6689305371517436,3.238507312655285,2.2429547662878333
2016-05-05,1.16235856818618,0.5861929919135836,-0.3369417291808342,0.35480624513022374,0.09024696372568063,1.629225225669106,-0.013099220192951205,0.5116866603425221,0.0946481915120284,-0.36134275346039313,-0.24786521283417884,-2.1853895753802566,2.4832863546544552,3.6409020004765034,2.4698830965419414
2016-05-06,0.7611600249160209,0.15642733281131907,-0.7119441241584348,0.25541434992019224,-0.39770778714219696,2.032315666335454,-0.005149289636948574,0.48730066073412825,-0.08541041987599864,-0.49680414460400113,-0.5590648915188366,-1.0355787526144367,2.4632808453037898,3.4939896837884046,2.437244756224505
2016-05-09,0.639827251714694,0.44820221570344215,-0.4595165578537687,0.2513858951930688,-0.21964404468923945,2.303571668533696,0.19291315919379157,0.3835274567831173,-0.13941508354338267,-0.9309717457533913,-1.2092231622420726,-1.4717158469872444,2.6091045040970426,3.198024214806493,2.486532985684255
2016-05-10,1.3289858195798516,0.9435704327084987,-0.08059276266525152,0.4925417212808492,-0.11291731650914578,2.2060680070670546,0.4886737756375187,0.43904691390672906,-0.05818898431223223,-0.5801449772835382,-0.5687147091837972,-1.9024627561800014,2.519853334741717,3.1703872869281233,2.443706503958309
2016-05-11,1.4285832026901781,1.4423323011746347,0.1706031486357871,0.9282774584374256,-0.4842937679466923,1.9902743315712035,0.38495290109427815,0.6479938035057147,0.49466223356655353,-1.101414727051448,-0.3286447201702483,-1.3747620487473426,2.047917041412962,3.1647624316128113,2.3819100397401085
2016-05-12,1.5694049686124778,1.5371245121755532,0.4806468386886786,1.396488641778469,-0.17812881801951017,2.130542158579674,0.5333057666062108,1.3088947212558124,1.3303934930359231,-0.9740347920870406,0.5729333030454291,-1.5016662225733426,2.2101893822581933,3.178863976659995,2.9329684906088596
2016-05-13,2.3530987299358332,1.9855572777901853,0.8775020183109539,1.642905290513116,0.2540954099015451,2.6513262536238535,1.0375236151031393,2.3730493120913496,2.0069241996240144,-0.6610994813613367,0.30048178403631326,-1.1851395401247615,2.03584257861118,3.4455706792072665,3.538766897792029
2016-05-16,2.832841301212292,1.999256820599425,0.91210452784436,1.9140995826020435,0.8137639866247107,2.1687028975137705,1.357472245575567,3.2196988254527894,2.312209862227367,-0.9792537552398674,0.9025194769742383,-0.6468456463756426,1.3621555845922106,3.8770559689771256,3.6817375906110117
2016-05-17,2.4637563900185593,1.8819069794021575,0.6040960259717253,1.808989910574995,0.8255337289297202,1.6546883473899547,1.2485635742725458,3.0556474664137294,2.1678201245751665,-0.9939229599148015,0.9172358629653213,-1.3152498308701854,1.5309020771987416,3.265462552570259,3.0862699656122006
2016-05-18,2.6246570212527183,2.0227828943242585,0.5548112807718548,2.102363443721824,1.0860333957470336,1.176542416884446,1.7113037927943753,3.1045962534344063,2.239373959064241,-0.6358441715096675,0.9701931755284812,-0.7606721160822352,1.7023193978562081,3.4179917328734097,3.7419305740613655
2016-05-19,2.395559866425117,1.6909033789851524,0.6557338241474586,1.8609981678239091,0.8065781797349098,1.0510085300241783,1.1964187861591526,2.7667393431952982,2.210181740722487,-1.4051131082190893,0.45956135969547407,-1.2101240061747092,1.2348979053487374,3.0520480940435086,3.2333190830838823
2016-05-20,1.9966587242570348,1.2637815090632138,0.1849673310838623,1.6096892101191251,0.4560830189087397,1.3022680790413872,1.1751060532145652,2.2703270565851166,1.217147910067903,-1.7993198633845184,-0.2297324230858254,-1.2000180209366644,1.0404900981781886,2.9399396888223754,3.330230537417685
2016-05-23,2.160181120886637,1.0082007015995396,-0.14430641005128303,1.277486137187059,0.028687611038627395,0.8643615750219455,1.7818823160198176,2.103505892366941,-0.07296552649790823,-1.825972485922029,-0.022459354422577228,-0.7453207282007892,0.9898471706035573,2.491377489154047,3.0839134296074935
2016-05-24,1.7677920433078216,1.0136679876776686,-0.0638077344097525,1.7007310101523079,-0.2618081085735317,1.5744387968845004,2.0292397818275667,2.0095419398709673,-0.6248358478882841,-2.6022948929302587,-0.3052730984809688,-0.7099215295530741,0.8279966875877041,2.546264357705751,2.900677158020735
2016-05-25,2.7300875103058924,1.3402707120597628,0.32302644486672405,2.684674827710342,-0.05567363785515896,2.4206386349613624,2.576549156081601,2.5651920611559773,-0.1055240544482928,-1.9721351608629603,-0.02541323406586281,-1.1055299579330984,1.4500658990934527,2.843675150581715,3.535069606655617
2016-05-26,3.2814902696447534,1.6505329676067884,0.4922418284167552,3.1749610932602597,0.611099881578696,3.2674386473650183,3.0916339992242343,2.5366607567035047,0.10311776262316738,-1.7697965664369328,0.5384325710183863,-1.0395602695533097,1.381533883418321,3.133673467103039,3.8651485600783926
2016-05-27,4.029348715202219,2.060774400686187,0.5110850527908273,3.2002445991181743,0.014539519801160177,3.137197256063472,3.0383976245464384,2.772879660967837,0.3233770967039469,-0.945887870743729,0.7720115746309585,-1.086592785548062,1.3783567688413192,3.266514669503158,4.112746974890713
2016-05-30,3.7662903805442247,2.1562379351485705,0.7891824056432082,3.324148957272777,0.0538976766046234,3.1277439403335996,3.045076644398427,3.144995520628907,0.322965540534557,-1.1450670454321172,1.0470862153289255,-0.23317690042682226,1.782427248190433,2.985756771680207,3.58269915579082
2016-05-31,3.474519342017208,2.537866463046829,1.0029113326168184,3.3159920787319055,1.5826322764694705,3.424241647555276,2.637389651500823,2.907353150440441,-0.11442601192263036,-1.667564995056699,0.8902773842630037,-0.9785362062468405,1.705435094561647,3.309101283626981,3.6383818811009476
2016-06-01,3.2006898130420973,2.1126284952418803,0.7841299252982586,2.891655903832972,1.816428890435928,3.171549392162348,2.14348202189183,3.3026401136165475,-0.2493433708056193,-2.12815263841909,0.9534277449053193,-0.7940943335750328,1.9169466442829084,2.9263472773367973,3.2374254192358936
2016-06-02,2.755392680756767,1.7177143014199268,0.1414961466165688,2.485494357706245,1.6943563020762307,2.7170827551787355,2.2914968997305367,3.0335184106490236,-0.17665629380073028,-2.0017049982288624,0.9723996517095098,-0.9460918693672639,1.7909821287400325,2.7978292877898547,2.607958799646438
2016-06-03,3.2182869603731734,1.5902987503207473,0.045754648224733234,2.4442149383169585,1.421583662069208,3.104217524703667,2.1720832920715676,2.7138003304947746,-0.25635799249884667,-2.6098641203763813,-0.045604622165029335,-0.6158566072909395,1.1640895641961166,2.088735311269379,2.605699609978602
2016-06-06,2.876846070353553,1.5666783377074298,0.046802909589935424,2.4565881082785728,1.0379168149131714,3.0912897110284825,2.3996156972103515,2.8775921521225007,-0.26931519708823715,-2.6290908656359755,-0.4711139937026064,-0.5456025553609003,0.9547642412218906,2.0037320742773117,2.5029825719562333
2016-06-07,3.6097839568419134,1.5427094086871125,0.056119851005046247,2.4456565109508297,1.1133280820540603,3.044644917788371,2.4541448923094906,2.728319703278834,0.02321572685740737,-2.3010167989182753,-0.2565203634585189,-0.5781099616386487,0.8757170129689749,2.034270219753704,2.826464659152048
2016-06-08,2.9449780456024,1.0160371663166667,0.33579514580975783,2.0316033178018893,1.0530090057572905,3.1699007308659826,2.473785546507697,3.0999714024927854,-0.20012758049287377,-2.363700735374294,-0.36375006304760327,-0.24797358711996587,0.8849138709721263,1.8563026840944294,2.8838491720470483
2016-06-09,2.9295524814694156,0.9995602534151282,0.4233669482252257,1.945060488997334,1.3879107645964885,3.4678308094876718,2.2537078053398485,3.0773950412719495,-0.2316592338849915,-2.3367887285019044,-0.5459053723347259,-0.00675331250661133,0.7578123334982797,1.824098880967631,2.986322837235623
2016-06-10,3.3105481293088297,0.9150614046320881,0.3322521074065496,2.266891443007998,1.2412863107758862,3.591631860630077,1.8584762326716642,3.3366539675930844,-0.3036332427330772,-2.426863318686924,-0.7308855726889452,-0.5625451021381609,0.712242689985671,1.6557465677962022,2.7673200554118202
2016-06-13,3.6649737674700607,0.9486830697578646,0.1241046775783213,1.851491641243456,0.5838359011852791,3.0348829497557737,1.6483485397593405,3.4935273789715953,-0.6030126153204179,-2.2000564342698943,-0.7267316234200023,-0.9334290093501801,0.21631795037253468,1.142409076405835,2.5576120763489887
2016-06-14,3.4616218336985187,0.9667436366127248,0.45964678075440657,2.1371623607828685,0.6174398800386789,2.983163086608385,2.2500586345133313,3.7391560932965096,-0.26590843551795484,-1.7001382384688766,-0.11086216057704912,-0.19293956805454826,0.13917362887385215,1.0663204802260895,2.7017226857899965
2016-06-15,3.4541650953206866,0.9116378638425605,0.4116497114615225,2.1659287802521208,0.700903126012398,3.4976746038127198,2.252171155611474,3.63843027525264,-0.0572555459737303,-1.604978629822242,-0.3030226246868324,-0.31631140959512205,0.6828831787712658,1.2820817581944755,2.621931521490515
2016-06-16,3.107701718439406,0.7037875603331446,0.4836280133987342,1.4146794540752001,0.07421701862560821,3.2904016434035896,1.958287430314268,3.4215791348471174,0.08712163460877222,-1.3756335075890411,-0.3654718822181793,-0.8291862340557,0.3798412884193677,1.4299476821524812,2.622435263407296
2016-06-17,2.7856538430489826,0.10560036530053057,0.13686085354298608,1.3104523382406452,-0.19553288765723975,3.2653783750033627,2.114237477716972,3.1430830275068167,-0.10425429768428436,-1.3985395890041725,-0.9262983983589751,-1.1854235593174125,0.6396043050086061,1.0190958027184076,2.6687290400839565
2016-06-20,2.6601693951761596,0.537040674744384,0.12961812587863258,1.6067297006775938,-0.10554961135233355,3.54440790710819,1.7312032470347731,3.195466440822557,-0.4667612013751858,-1.9260898639483182,-0.6412217221514308,-1.177383592121439,0.5607769787078772,1.323361669377325,2.7912982719309065
2016-06-21,2.4287631840316006,0.573339937201761,0.3922707934262319,1.530437018367037,0.23474605730244247,3.0470673966493367,2.1914069290335036,3.0989675053948127,-0.8637189765928244,-2.1789782210833883,0.04445718735106637,-1.0049093100398487,0.5808254215418133,1.0260387375565223,2.2762757204812596
2016-06-22,2.419940589669699,0.19709852556306404,0.3650998627891382,1.5982596763972095,0.4168954588217829,3.2716729530583866,1.9573453159892547,3.0140346177353683,-0.44924359318326645,-2.1226413485490427,0.47139149010065756,-1.0465613138359473,0.33498672134647983,0.7108854820694319,2.396178482759557
2016-06-23,2.3496490836079342,0.42765382458358037,0.37006683912323357,1.7181437083479647,0.4807187621723611,2.5762376208408564,2.286756210127742,2.6490907889361965,0.14165751296271772,-1.1634653222502904,0.9546808234203236,-0.872384257411863,0.7288649720832104,1.4812495148219733,3.0373558343536384
2016-06-24,1.8892382712511884,0.28271994368289033,0.178996958471502,1.23260475627439,-0.09125181229397385,2.861104009280164,2.118463597540867,2.8257905665898724,0.42533212524503156,-0.7967503196095359,1.5140085341465759,-0.33156404382280996,0.20348010813276557,0.5026652395917416,2.5947015491529792
2016-06-27,1.6910584298283016,-0.28171330240544495,-0.3753236927198604,1.0209280204671936,-0.474986638888062,2.5374124320379843,1.9904667366630786,2.392693353116884,0.39205120217100015,-0.7327061020719301,1.584018318911686,-0.15246865725761846,0.05011845341887807,-0.3479141931465277,2.0260945661855527
2016-06-28,1.8957665444216765,-0.5770812274689144,-0.6490754867160965,0.8638447813758519,-0.09232295370128323,2.5381854372437407,2.3278158762517793,1.9083204368737499,0.4778955357963526,-1.1132142801416092,1.6158365479877659,-0.03601627111789084,0.39365944359152566,-0.13997042633602805,1.9302615592218073
2016-06-29,2.1659505752618147,-0.1096870219118247,-0.1438968055725436,1.3205499250969661,0.5977021513136832,2.8115214787810054,1.8858789765888018,2.1147258590087348,0.6432691090133914,-0.8852820449703351,2.0294277395274785,-0.36871318036596856,0.9957968312108314,0.014242653133912583,2.103117378251799
2016-06-30,2.222001247430582,-0.8052517643158832,-0.16585635318635172,1.1296159596086026,0.8420219767385856,3.0701968125680303,2.2493566918174284,2.1061677038230266,0.6870810738893981,-1.0471313593157348,2.3764055301424345,-0.4484650843187624,0.8794231072657289,0.23313404920503708,2.7410114553495455
2016-07-01,2.582956776850842,-0.42582210258758413,0.10772780025672751,1.5309984724366472,1.5934701329631913,3.8310414923617233,2.8598765358867735,2.008246472954489,1.04472231511932,-0.7399118902101709,2.9465435990650133,-0.13905341129165866,1.814829307593649,0.7627318283426995,3.4668209784121258
2016-07-04,2.3207612802613498,0.05975050719609738,0.22949545475869593,2.0258393115735096,1.9985602870262804,3.831452739917754,2.3496384224481552,2.0862193868371155,0.8591971547377194,-0.7615273113809664,2.6389395425612285,0.02935148183349735,1.8359243529308003,0.2680347046016675,3.8083866336992105
2016-07-05,2.3992824253812244,0.23050159796375022,0.5585897053080325,2.2020782629255113,1.7833070835364875,3.3306590902606024,2.6006123626051965,1.7177357477242072,0.8681788458741405,-0.7226345508867423,2.518112858867204,-0.020414078918542643,1.6609307128033264,0.5452638567745688,3.7316990005998614
2016-07-07,2.4607912671795518,0.1883830266906092,0.4545199967443255,1.5574722056301082,1.6072145034415612,2.8251740409144412,2.7256681334946906,1.4607510512537092,0.8035017721099047,-0.6376238463094436,2.8572985139573923,-0.07827817085936926,1.3988677334470547,0.006908826148630804,3.2058088976580548
2016-07-08,2.2110430592123187,-0.0967387456533356,-0.035971114186651824,1.1148090376516209,1.2622218431659968,2.5559636327937363,2.3769725911214077,1.4978224787716115,0.9504487623054517,-0.7774646396198561,3.105920562888923,0.35061703524733634,0.43589959898894987,-0.3110649005128443,2.959948589204464
2016-07-11,2.4506186099594416,0.2124984415676146,0.11879495519608857,1.4261784027373008,1.1082621165409619,2.8358574081760146,2.8320136400675913,1.0349680923175582,0.963812275555428,-0.6464949776661959,3.1153518120236865,0.28681210382202676,0.563066740127949,0.2642682239051516,3.3305566807762674
2016-07-12,2.1279967135709703,0.3933309379370431,-0.35257479399948294,1.1850292248736525,1.159342672909689,2.700777055747714,2.3972662528762694,0.969224992775863,0.655057925339173,-0.9885231769048796,2.848374427521073,0.5341188591232969,0.6607499027635808,0.5064085273372001,3.307153487607214
2016-07-13,2.712102995252047,-0.48136484705905613,-0.3690780631519185,1.0087990375933584,2.0191000852159617,2.3345378192466595,2.117876519450427,1.273031260742062,0.2280208392846564,-1.1939351380055867,2.9995455453669555,0.5166274453766632,0.3188249098019014,0.9152364974183066,2.7278700866954253
2016-07-14,2.7472120108801397,-0.8932101696742862,-0.9433794404374433,1.1224781009736065,1.5952807516422207,2.2298295824377288,2.215265441538766,1.4959490512697862,0.21466216961401172,-1.2243215252634931,2.715555329765911,-0.10722948864474494,0.5831249607386391,0.2327479765996122,2.7729939053380157
2016-07-15,2.527702760966654,-1.8552082921602362,-0.08971575346735347,0.935288274711165,1.3521155180549775,1.9453132952738517,2.5158163969411533,1.829603114220745,0.3174269872128384,-1.2764322643724237,2.6101835029750124,0.1525400625975615,1.0435776226599796,0.7796944272202375,2.891473296384606
2016-07-18,3.015318862271794,-1.5135081594590267,-0.17133994860551277,0.9023182932875748,0.3095085947440487,1.5655232678325346,2.741022235787809,1.7884155011239498,0.09976755730733265,-0.8620377627184735,2.545504817035101,0.15521347603080488,0.533415222393669,0.572558707318142,2.747221450376217
2016-07-19,2.9101913661038736,-1.4996711117786745,-0.035683748141146596,1.1692210621462638,0.7304522437456776,2.1039937255215078,3.0221974202409796,2.0865344022810572,-0.18035225980396272,-0.48418913042334966,2.8012514790413423,0.34274297060515435,0.3586271942027558,0.9352877850914362,2.821179413149638
2016-07-20,2.5050997009617393,-1.7877813656703994,-0.6376175834464398,1.0021621047132583,0.7831931409350449,2.259037531640458,2.7986169045485627,2.3013480393424324,-0.014202529660427914,-0.26252132082249735,3.17730152817641,0.21427248622967637,0.26213127686328774,0.5009183010415975,2.8438941783055602
2016-07-21,1.4897830792599782,-1.9466931298566519,-0.7534964638200131,0.8904248957429716,0.19141014391945982,1.8795376915797972,2.533001427661829,2.5557655257456924,-0.1159042466917261,-0.3206154871906927,2.784886940357212,0.34358144473262126,-0.07912940495484289,0.3588051801832062,2.6802046883897237
2016-07-22,1.8273797791332766,-1.6781162182365625,-0.6378476811628306,0.8526565662704004,0.525778472707149,2.6163064012257657,3.141565739481618,2.9031660860439885,0.2744845230982891,-0.2296762452843242,3.0000864234516715,0.41501038616518104,-0.08556216305450555,0.7838500458909774,2.748425280547527
2016-07-25,1.507021368714713,-1.528474651942951,-0.4385772069534938,0.7758866740096957,0.789216325434863,2.4466492693832715,3.162226502455729,3.5790625917411387,0.0703718216858574,-0.04212787976652408,2.275552802327852,0.6968174465796627,0.4849689508704041,0.6006048328436595,2.7758133972816963
2016-07-26,1.0914436562249754,-1.308250092110898,0.006197348057341508,0.8768847430423657,0.5882994306099677,2.6279390428868394,3.3913131307352224,3.582891306525404,-0.051096571812372094,-0.17548328325075369,1.798360044712407,0.8089982385036516,0.6488922152633962,0.8865202083991375,2.6398535245286237
2016-07-27,1.500738554727805,-1.0495730919465824,0.38821510686577076,1.2396637720579602,0.6863677827101797,3.0548246780723476,3.3599606327324687,3.9170905968137597,-0.05020726706451479,0.32945655405450064,0.3274866253780978,1.0289760048941838,0.3105233370810223,0.6568222124124784,2.7324878275031232
2016-07-28,1.2349098841001347,-1.3317493039082795,0.8097906017254152,1.0455069146286478,0.8952106692319137,2.7026368044549063,3.9779331869237384,4.392476610196115,0.3940258369308621,0.5732303054045318,0.3521477843497831,0.7098939210017936,0.588265375451778,1.260655258404828,3.5790774189712855
2016-07-29,1.7022653073240406,-1.4404374145591234,0.22070955566676004,0.7477317940414897,0.8185665260099199,2.546214568942527,3.581642099760038,4.277167013249455,0.8289312174644803,0.5333393602043988,0.2639988191242225,0.979274798081208,0.47073033660626457,1.330256691190438,3.1963126164011326
2016-08-01,1.5878688134895744,-1.1042419454827523,1.310034962776234,1.0096406033834537,0.8789583043670162,2.6311058839786092,3.439731682889182,3.437293982046827,0.5830306005003477,0.7841846557624659,0.7332179271471454,0.7029954856162127,0.3464120076139595,1.7666464024640252,3.10392370128687
2016-08-02,1.464919162050856,-1.3883095519387916,0.6321409465146934,1.1028019519300494,0.8108904792290537,2.2245489056605643,3.624118363920734,3.4568477372221733,0.5940176578282349,0.6218238512089362,0.8373370810336122,0.46950691042845594,-0.27238404107369496,1.6812786795480783,2.6115136011461124
2016-08-03,1.0881391264622802,-1.5741534289485988,0.5705225694698304,0.9114731018937372,0.9219342230909714,2.3708267232572435,3.062487968468661,3.2891601061384734,0.2957248940192669,0.9105332120451891,0.3018104834094873,0.699867815965296,-0.3154406798851427,1.5675117444510234,2.367918624058806
2016-08-04,0.8388391979359611,-1.622907610476951,0.6235297568306759,1.2782570746590944,1.2035145011300556,2.4415510047988063,3.3356781341939366,3.1422559776407137,0.4165417888028452,1.2207011015182985,0.6527990706923331,0.6771975967032066,0.4573715601815265,1.9949078497721338,3.016101597465444
2016-08-05,1.4620754309215969,-1.802739495867519,0.36063077957983847,0.9094993834948735,1.5258773951668294,2.7290388554308724,3.354925700893403,2.969884510007702,-0.0211535714825506,0.926818457839803,0.3998402273806002,0.7005465366875793,0.2120855540238704,2.2127372224371977,3.0099230347550523
2016-08-08,2.0033311456534433,-1.585745917222384,0.5748664244987418,1.2006476868878615,1.734527329039008,2.5811145565243527,3.1117077146887273,2.2382252278385253,1.0582056787929737,0.9226359518202876,0.7662394279900107,1.263383176848908,-0.0210669463947025,2.469348495473212,3.7399346502481996
2016-08-09,1.502387531764263,-1.6223422937784242,0.6304253678843533,0.9533663737586947,2.0148727120175267,2.71585964095689,2.511049261626883,1.9077662638093602,1.0420170127444992,0.7894793559276186,0.39436649085609327,0.9349437309773944,-0.051103230177067714,2.1816089866677544,3.6439805695352954
2016-08-10,1.707382782484165,-1.628346403861832,0.2446706104916909,0.89156543207381,1.4949955618514073,2.967344099059636,2.3760267427116255,1.975141121033818,0.6519563907420198,0.4971835854296013,0.15276560251344332,0.7059239546733095,-0.08633347785168308,1.9762526883905134,3.639214863749248
2016-08-11,1.8067838444161322,-1.6449640991035697,0.28961295167928036,0.947810693726491,1.3651041707400693,3.314057929234933,2.5827210952723476,1.9541590984597568,1.2930725474448055,0.3970888211487692,0.16933945358612543,0.47157311775398814,-0.03053275435213964,1.8376569825010869,2.937295901881618
2016-08-12,1.8474126427061859,-1.8116561828833126,0.16422542800983148,0.7684446805557628,1.8547179564492204,3.561923662422031,3.1913794386559293,2.426923669739233,1.3711678760357962,0.2935157625070335,0.16934569030819108,1.4616252366410079,0.33115669594368413,2.1536964443214357,3.3469441417019867
2016-08-16,2.251952352002094,-1.9200338363596494,-0.1963403910215561,0.7035132690664835,1.7377019539286218,3.442812393923481,2.9949335389954777,2.2734768300348422,1.601945257530119,-0.06090035953333437,0.11359928526491132,1.2923800050211156,0.2157583420156496,2.4400892492465758,3.6693142503697564
2016-08-17,1.9990617853590433,-2.0148742330211373,-0.43411807222466975,0.43197722086075135,2.339289588970206,3.670557667708612,2.241397361163053,2.2416145709370894,3.3656818810958398,0.13266606144114537,0.12150746360738687,0.8824735171142937,0.1830848926702738,3.2109499721081622,3.8656352494210937
2016-08-18,2.624126422254172,-2.1680456959722627,-0.45969123182273247,0.16037063412870103,2.7016493455077493,3.807266117155822,2.0632740722028173,2.1359767539119114,3.501858733788198,0.48009223798115147,0.2430528529645572,0.668598838353508,0.554734342308602,2.890741463692864,4.11733199740514
2016-08-19,2.0555211877927184,-2.5310276842607853,-1.1025457806407606,-1.6713254611763664,2.4547325077880022,3.3922221831483075,1.5890884228984143,1.8227119613667955,3.1508783007647647,0.08514644414642747,0.04982125892132754,0.88293301052222,0.18127239933953906,2.792805590444577,3.9015983978648436
2016-08-22,1.3887828281631576,-3.0457520050661895,-1.2663218991087426,-2.5859482777525504,1.8650548624549304,3.0472671622503684,1.498893455589405,1.9908594470250696,3.274449471677547,-0.08000032494302693,-0.11066638896583114,0.5125795706672438,0.07256521292981269,2.6341069520358578,3.211781539428558
2016-08-23,1.1834365619168858,-2.768479371465427,-1.0813876505141513,-2.3733452985325703,2.0536747691847075,2.535275932813788,1.4606471221754327,1.9648673555057072,3.3864639336396367,-1.4202384839448825,-0.2389825267465346,0.18745813143262285,0.3054301461716461,2.370442096025577,2.9867183361835736
2016-08-24,1.1417276982873794,-2.748609346838184,-1.3051706201072908,-2.6558087212784165,2.1982858289226392,2.3731176346030383,1.0697497151951785,1.6097519088418137,3.531329599811456,-0.9358276473291244,-0.33835685466267174,-0.5357125082551677,0.04373640787673314,2.491911597357358,3.3427024965121794
2016-08-25,1.1307483588150233,-2.820989837901888,-1.7449863076159882,-2.897790367180916,2.1860793539303636,2.0843807967550996,1.60066139854135,2.4023826795178773,3.912800874775224,0.15512236406693358,-0.34655228743908495,-0.12256730904945395,-0.052902360467595645,1.800548144231087,2.8251740929687728
2016-08-26,1.1694185642494133,-3.20445279600587,-2.732746952191266,-2.7925178030761977,2.2378147672738042,1.80131634800469,1.1137825189387678,1.6258567014663716,3.4917019811753556,0.10883033531656577,-0.3908504202849008,-0.9435617583915801,-0.7068767961438511,1.7863118411841794,2.3954760065381215
2016-08-29,1.1578361085172377,-3.207408848561152,-2.6932244567868504,-3.4739157188062753,1.9861461242497342,1.9490858396386654,1.2242980733637134,1.6814212717088335,3.162670444003889,0.48426582082604236,-0.31210686377651925,-0.9299226544016637,-0.9070742595410677,1.624974308992162,2.232220215906271
2016-08-30,0.6273074858185879,-2.9528954047420197,-2.1130490069363574,-2.9265427538946756,2.3606857163454738,1.873729507386128,1.7837615720734301,1.4475212620581581,3.537266374610904,1.2547655129681445,-0.06737815290803435,-0.3483089322541603,-1.0454773913650564,1.8391958109304827,2.674870467960405
2016-08-31,1.3382935943546694,-3.024355244570107,-1.7796358516908066,-2.252409989019515,2.2858335857573375,1.6217724553041197,1.8913359997900576,0.29109027724779046,3.555697873202402,1.7327407260514545,-0.033151773296523336,0.011249646550362948,-0.6426691201919349,1.5931373246344362,2.0048697800361794
2016-09-01,1.2450508269497373,-2.874016868903088,-2.3207931226947838,-2.1149073525292352,2.1394739974577726,1.3895383199423994,1.5990109235163383,0.2648807889673331,3.190974853578154,1.102834751796952,-0.019361636932768496,0.2114841443547309,-1.5205661064703189,1.570487200944018,1.2616198080744823
2016-09-02,1.7479603011582494,-2.7237312765221566,-2.5520701231612732,-1.968553139393113,2.075932196004961,1.5762676115742638,1.7361707671525675,-0.011565673304674845,3.0671990731390135,1.497914422768796,0.16899711872590442,0.3227108684886774,-1.2647554456176135,1.5980238891806853,1.240006804722051
2016-09-06,2.097674935620243,-2.028814333409433,-2.59390280745554,-1.5458466392334373,1.7013204307738934,1.6188535543835938,2.251264956161651,0.5869428727414189,3.5042097631336997,1.3558505292570004,0.5068952997661356,0.3666900821848584,-1.085727405278052,1.9365404471424552,1.3247113676367748
2016-09-07,1.7160572111604953,-1.7981749811915613,-2.672031706804768,-1.9819048503821712,2.318853617844328,1.2823479578004278,2.4763286116062937,-0.1471394659424583,3.8276117991044583,1.2910690480108369,0.5552459485353171,0.46607425370030264,-1.140367413798649,2.374480004526386,1.6055884937922806
2016-09-08,1.9714299782850593,-2.0584552960861573,-2.8366411315766653,-2.322826773546164,2.8610823859846715,1.6804114426469525,2.6827435086063973,-0.22861028460960298,4.077491476773021,1.881213368432364,0.6685526360087398,0.9479448030307391,-0.5925097094465274,3.2502174399559656,2.2913816407572423
2016-09-09,2.0665476875770095,-2.0096308881822904,-2.5629691229503915,-2.3254371082576837,3.386116346236979,1.6287478517947918,1.918581121131322,-0.13922831817554157,3.9806803832599047,1.363959418859937,0.64939576324601,0.6007039481095384,-0.7065950739650015,2.879421129726764,2.2025620536899524
2016-09-12,1.5185530062653518,-1.910950254559445,-2.748797957353275,-2.3732181976388715,3.019791843142003,0.1548021234626178,1.093723711551983,-0.07530115043643763,3.8436074813874344,1.1263169943438553,0.454825670162151,-0.08319802827493276,-1.3095463823369113,1.891467239666715,1.152351458105092
2016-09-14,1.6618127272398735,-1.986782785772988,-2.9813981452978062,-1.9871665178991245,2.985278319941799,0.8001139537276138,1.324478759820789,-0.36433053768420554,4.214704106948677,0.8359790186561181,0.713122522558541,-0.15144184669008054,-1.0001332378285488,1.9016143352380293,1.2284535926182198
2016-09-15,1.847698927783337,-1.9500724168466204,-3.0550407822913463,-2.226749678962159,3.085014182266118,0.45132246188269715,1.362381498551773,-0.4224599558319441,4.48578645883703,1.3593360463455348,0.8398928104132529,-0.20703274051653625,-1.353974988594577,1.8389934766779896,0.9565837195845417
2016-09-16,1.7607988532070127,-2.102521252508096,-3.23451041388378,-2.4798081632758797,2.9729989427152286,0.14301033646961928,1.780325455854359,-0.33809170450954473,4.317216129841123,1.3880562665349845,0.6451858036508411,0.18587428996029537,-1.6573442991458383,1.2134197436397536,0.7776231891553876
2016-09-19,1.818254450741992,-2.047750135879442,-3.384149987111821,-2.1121986182834247,2.9461225722619315,0.7346308879983166,1.6412854246499353,-0.5342283648500129,4.386963529186007,1.4592239370996016,0.7122239488866597,-0.0328650796507376,-1.5329707660153848,1.3847907526228427,1.22390284278262
2016-09-20,1.747132631451412,-2.127397125425682,-3.422539198533753,-2.20968937435525,3.108062095202604,0.415856834080117,1.7091236430179186,-0.3692774837662763,4.12438534290879,1.2408151430273469,0.464980233371432,-0.06917264020813912,-1.7988703832453339,1.5708616831875846,0.7251903318450615
2016-09-21,1.370465084125628,-2.2152852561472587,-3.3015200680506758,-2.20273620476851,2.927762000195044,0.9497595772348205,1.160492371175067,-0.2695736265545692,3.998913825043626,0.8850331026429029,0.14937899798378226,0.24308378848091633,-1.7418755538352817,1.6515433911504562,0.9294943466810781
2016-09-22,2.038347847223465,-1.9348537795224239,-3.088321454351713,-1.7287056762781605,4.148898597352296,1.2963368254336531,1.6340731842729252,-0.016596926703554254,3.9684576147500747,1.0421573731858447,0.21380512327249163,0.6938752646718533,-1.12140903622255,2.8593303244676584,1.6729524415302777
2016-09-23,1.8927518812633124,-1.8106760859528241,-2.8892343786053676,-1.6348491658475026,4.157113484881892,1.2840005736598146,1.23334427284133,0.28809276561678265,3.797408103746164,0.3048295896498131,-0.05521987992407774,0.7028298611320656,-0.9219102074675753,2.758230797900835,1.7153379314526855
2016-09-26,1.4967268748695874,-1.8162425073341382,-2.709719591949055,-1.7381989342081299,3.0779285129701015,0.8248607497759953,0.2953163249878016,0.16869837413721658,3.460512591826218,0.15087698047639989,-0.09325982636383692,0.3914189675819086,-1.5020225687622406,2.635102628711087,1.616378120707074
2016-09-27,1.0980805187526284,-2.0351314348510714,-3.079226436457712,-1.9692587317888843,2.687289950886718,0.32920897802619786,0.2373770818625098,0.27848388561852355,3.3988626889136793,0.11536218172716121,-0.1403230925762275,0.7880461429191172,-1.7212488303077538,2.484369494630776,0.9211103590871492
2016-09-28,0.7008681503364914,-1.9595698561972656,-3.2640759066141887,-2.3301476028768753,2.825190315177136,-0.13944008122636542,0.21262148871707107,0.002940476494597654,3.342818528826372,0.17015828195756175,-0.5788082228680003,0.8116808862532768,-1.8639483647045505,2.5554600351887498,0.6352413371199324
2016-09-29,0.7173070023991994,-2.1436284029941133,-3.7597907441957754,-3.110573071090163,2.1674046867136534,-0.6041206410824164,-0.44705875338253226,-0.37823728130497447,2.4851908169352988,-0.6423371182767215,-1.3417063697639662,0.19513313013861777,-2.210585702811354,1.8992206190194667,-0.5658317500397523
2016-09-30,1.1775477820339035,-2.204636718967846,-3.4939930543307876,-3.7956562323152743,2.09715129205061,-0.6911096807465692,-0.21068182090433554,-0.17167669531115262,2.636935620274924,-0.6520801632947298,-1.2683491902501354,-0.39271779666643236,-2.5254499050645713,1.9599598998330752,-0.6259108412989428
2016-10-03,1.6313108271847827,-2.045555540672802,-3.6403784176614464,-3.5988603953885123,2.4293752379208535,0.06250779914101286,-0.011212313686771991,0.4092795673868791,3.094081824130988,-0.3414864676970619,-1.0716569478979023,0.06243898661088029,-1.9764016469968704,2.1398207864637864,-0.02761400244847947
2016-10-04,1.5658390356379737,-1.5904567812491415,-3.282793499378128,-2.754802731281437,3.3970960962704004,0.23574199416559502,-0.4105477774675611,0.6523054196955227,3.1954250384240073,-0.24198318233783245,-1.4681342227378384,0.09692177387470599,-1.5899291148172243,3.1314473251345496,0.10756640039314302
2016-10-05,1.3351804462951684,-1.731388780928551,-3.480300600854018,-2.8482511803992976,3.1751443563466077,0.1476745038440339,-0.3997574232274742,1.2440036073587148,3.1537045113876365,-0.35283338679308385,-1.7489732187362226,-0.3085395877623974,-1.3614825114304197,3.088856655833711,0.4833165421600029
2016-10-06,0.8322631901520408,-2.233129723735126,-3.964939578616687,-3.3096864395183654,3.2014189778660853,-0.7845881519362137,-0.9388086490123237,0.8572898949720291,2.9288183093015947,-0.8385190173279948,-2.263380871654569,-0.25992430705894526,-1.5556059590100428,2.7393715582995894,0.03065920976478532
2016-10-07,0.7187732289950707,-2.49661513903558,-4.106825142298499,-3.310028702804152,2.8895881163313692,-0.9500685674446921,-0.7324954556695565,1.0610716817109753,2.5751929855474036,-0.7313092960923303,-2.250698051723199,-0.8173186374098085,-1.8529879590420653,2.7061332068189654,-0.09064884878511816
2016-10-10,0.26845697399607116,-2.4442337389824464,-4.251144765637538,-3.1708624671142043,2.474485389471829,-1.0819422475970988,-0.5175844415714316,0.296354762127921,2.4834938019804516,-0.4954280957395454,-2.207972898336915,-0.6068819114113871,-2.0430149793155685,2.5547832408276454,0.022903637237105864
2016-10-13,-0.17782700878137797,-1.7833954606875535,-4.046370831163136,-3.7525395197513993,3.073440304127049,-1.456578244030636,-0.7595832454504946,0.06241783924039038,2.2974222191850315,-0.6519354295200416,-2.2122193282512037,-0.2734592144539471,-2.600277483709292,2.3394358047846207,-0.3286916983368103
2016-10-14,0.39575376404143936,-0.9661547378643182,-3.7039194994211395,-3.439711751913235,3.3356509235607854,-1.13544613643232,-0.6866533582319487,0.8034717353426489,2.5207696657202057,-0.5395723384748801,-2.3265578503817825,-0.6941975158053341,-3.3041454709445484,1.8342304109291045,-0.19715728885754497
2016-10-17,-0.16233251520962952,-1.2987073435952157,-3.736164458821881,-4.004884128795216,4.694715521368461,-0.7085743668371179,-0.6281676551821301,0.5207325113151458,2.4368662411342035,-1.0131994329442267,-2.3371916293697876,-0.09144567932576868,-2.968780531947192,2.071667694709014,-0.25444267412470867
2016-10-18,0.05572626811107986,-0.9949138890763392,-2.9394610370341208,-2.8906988077841427,4.359548294128026,-0.7176482649557396,-0.16140989479036585,0.7557592134979005,2.553357204982167,-0.8933219380857609,-2.3319021833363727,0.6504235822508382,-2.7084246886498566,2.325733247069985,0.1930093543486103
2016-10-19,-0.17955148830036768,-0.8462999411230465,-1.8456265668709815,-2.813174803917177,4.269503137148986,-0.7229258745702604,-0.784849484962282,0.4580368439639004,2.530567267864325,-1.1077875977667682,-2.6676874316793433,0.578317804813296,-2.649115637729872,2.4284433136754426,-0.23100819621244126
2016-10-20,0.4814903462343779,-0.8931856944211137,-1.9665313476467585,-2.8064237181044307,4.564177534734915,-0.43476806410414437,-0.8215576128115408,0.07825984003347955,2.488141948924619,-1.157549157437249,-2.3587603238560195,0.4137349264638384,-2.7495788566242356,2.7603432732193474,0.18430937015582324
2016-10-21,0.806872927722382,-0.42862781024192204,-1.6075047402847153,-2.313062562059195,4.465287624905393,-0.5856994954374453,-0.6937210488448551,-0.4278613246249556,2.3058607590786613,-0.9045454219087755,-2.098508464758015,0.6357175072658866,-2.6890408398632397,2.5974006065512065,0.08657917654955091
2016-10-24,0.8514609182660482,-0.8688585179752168,-2.414156178047133,-2.662698108078232,4.669723939479263,-0.45380775744727647,-0.747492321841545,-0.6017937592118456,2.296389648411951,-1.4099634407150305,-1.7616738915533723,-0.3137227935819146,-3.089718347391832,2.6298537985043864,-0.3142754927702631
2016-10-25,1.290752274187907,-1.2682115417545792,-2.668269495925981,-2.214223495885877,4.6361907543281475,-0.4443055668125128,-0.9598139533651164,-0.8660568350334463,2.378386771783071,-1.2592434980093097,-0.4584537659887466,-0.3875956343560708,-2.67276166963131,2.0918154620988703,-0.2089214698339127
2016-10-26,1.9088030935683615,-1.2652356254526997,-3.1896475974682716,-2.703044416816957,4.813743644529484,-0.5810459833944985,-0.6217696207086367,-0.547868179264674,2.3033477645069595,-1.7591015626565984,2.423966247676864,-0.29562752080807064,-2.4473437932474607,1.668593830107185,-0.2925151023418095
2016-10-27,1.8768220948326304,-1.338993285739358,-3.7799201800956883,-2.81696768173534,5.029726302297281,-0.5453990713645758,-0.8376999514246262,-0.6777968059823455,1.8154473753510927,-2.0245160950492957,3.181035383736614,-0.13313779262081096,-2.110434975724916,1.8215726333336304,-0.6103593875079709
2016-10-28,1.8414855100455148,-1.3983219489613568,-3.4538345675086566,-1.7523377227425165,4.858716605298432,-0.4440177654339487,-0.6879240674490276,-0.41105636988415534,1.8152379240605385,-2.2476722921664885,3.7166827143175074,-0.20385987394517588,-1.9218289725844142,1.8933292381204816,-0.4496115869205961
2016-11-01,1.7455658814387722,-1.849936857176415,-4.17948716786705,-1.9088614008378524,5.111235413634367,-0.21917389309787713,-0.8008100878508844,-0.3097858373041932,2.1535956045923514,-2.668551759525121,3.0148891882777886,-0.4017725842374809,-2.08799815237567,1.9219576548553965,-0.5223262884904808
2016-11-02,1.4763307311324123,-2.0125995530297875,-4.0225861364591395,-2.3890493562628197,3.9553724954079024,-0.027562848928592124,-2.058616581236171,-0.07850719715601057,2.0391532187108257,-2.9782105581501965,2.4212770100862473,-0.7360045315353996,-2.1951058307564524,1.8914215288621177,-0.6187546669070009
2016-11-03,1.6698468005787672,-2.353188183988491,-4.362847281934032,-2.3821443988020534,3.784185320508787,-0.22332047093994065,-1.1135071994038828,-0.03506123190852866,2.2970084997418048,-3.5691254072109375,2.8110787216296598,-0.757011081847716,-2.2802653120183125,1.692967582327728,-0.52062847976671
2016-11-04,1.4586645510269387,-1.9806967098456376,-4.086509067552619,-2.4065258210938336,3.8186968899004046,-0.35444029159878226,-0.17248123625427597,-0.3059849819713879,2.0614057765449454,-4.353042165650928,0.9186191309475967,-0.929497491842949,-2.7892482704655475,1.1627271764056033,-1.2760943960346511
2016-11-07,0.9784037425924236,-1.721552978180897,-4.166364763165014,-1.5955639841566143,3.2892479261183487,-0.4448467111008183,0.42244356723134274,-0.9836866229488462,2.0452730056591983,-4.1195947381551346,0.7804343028090652,-1.0585628980233357,-2.747274925332129,1.1925937299870408,-1.0705514445191116
2016-11-08,1.3798449256141598,-1.855917425815989,-4.151343944295478,-1.531519060997173,3.4736737144649923,-0.37397985965729497,0.5669520858500057,-1.0500312643567777,0.5793352905065631,-4.350169991115532,0.6727214591102902,-1.7554498756763404,-2.290944940930744,1.1383621849894998,-1.180558416249096
2016-11-09,1.9208984861653917,-2.459032223102795,-4.479472216064774,-2.081271050837315,3.2330787745058234,-0.38015025999517105,0.14297182878190032,-1.3410266403124689,0.0974273039196489,-3.4028592892731826,1.5640551254211035,-1.4257293478532878,-2.401225490559282,0.9740184892563881,-2.308216241265557
2016-11-10,1.9509270289052405,-2.830803577882034,-4.268448579310035,-1.6333782817899127,3.55195288352808,-0.06204498000539003,0.46958091714235567,-1.113000666374268,0.6570496740370633,-3.050321548276375,1.7934366098365826,-1.0060464164000553,-1.7653392776924526,2.0626377558846754,-1.801339032184342
2016-11-11,1.7209336473008168,-3.100915875691575,-4.413589575351404,-2.122293672437537,3.2324759683785698,-0.6371795739804499,-0.5793595969899933,-1.5740020566469568,-0.7207653799921933,-2.2781023257681268,1.5912016394374582,-1.5680524082267928,-2.1924386045120063,1.8308981284153274,-2.057558881238002
2016-11-15,0.8955910013444888,-2.769702768795926,-4.109647264729085,-1.87286030927747,3.208272400162135,-0.9469691393323484,-1.1867626611284232,-2.388849961430109,-1.6833498574299555,-2.25715336030924,1.8868134702964674,-2.847352484675916,-2.1931332019729575,0.6911185616333108,-2.2141327771709016
2016-11-16,0.023506163463002272,-2.0864571083119765,-3.970521656274133,-1.1047354665343077,2.8997720098820263,-1.0424668961672974,-1.7434280121920467,-2.028380787848412,-1.267672762217418,-2.254055975544213,1.296386363707492,-3.0414787232686176,-1.5277112544952356,0.5630872868909895,-2.6698860710657843
2016-11-17,0.4051832404730711,-1.9781275213750287,-3.9590037691246462,-0.9165966436107627,2.780995252023465,-0.8533203512165138,-1.5927833369630477,-1.9118893312883183,-1.8773069915800062,-2.2566921120144188,1.2881676377493554,-3.0947124135558806,-2.248258876822199,0.22055169846829026,-2.4399316326711373
2016-11-18,-0.07018495235551929,-1.99719909682785,-3.910480155563751,-0.6416935641176471,2.663466978459708,-0.5387957983854075,-1.7592042554714564,-2.133007994641331,-2.0122629200866267,-1.8385538717054473,1.1982315818557308,-2.4843101541640844,-2.2385008850370554,0.14044702407376433,-2.2149838698355824
2016-11-21,-0.3939242028872283,-2.155582834465545,-3.4423486625650774,-0.6976367642648996,2.7017257557776544,-0.9753863968909803,-1.9515395428339044,-2.25562743139201,-2.1598144832409263,-1.7128351706721765,0.8288216781382364,-2.94071042928119,-2.371828761406713,-0.357633872149199,-2.6428749186921308
2016-11-22,-0.008321240017648543,-1.9560544460342375,-2.7596745491173587,-0.2768447182284161,2.965933141113471,-0.7496355020825047,-2.034628978602602,-2.3350993911659836,-2.1855856118061467,-1.473848423227915,0.7400619001341288,-2.2430474203118007,-2.0668965020117755,-0.06971928653917055,-2.327092839999352
2016-11-23,-0.2774605086294017,-2.412078441976997,-3.0157664044344465,-0.26919881229885717,3.1457315095072755,0.3995388020191717,-1.961636925927077,-2.3360135760616654,-1.7868629322146588,-1.0715010905981095,0.8013457022438022,-1.8633403836910363,-2.4042632823160606,0.3998600064385528,-1.8759690026497537
2016-11-24,-0.910469134727186,-2.5816109890071504,-2.924254138412017,-0.12734012510046377,2.8151206099902932,-0.15632543383613762,-1.9714183955795486,-1.6612855302177985,-2.280788783769256,-1.5883343435777588,0.5290128080375136,-1.3073722115389017,-2.252660801877839,0.6760661918743044,-2.1523544439014652
2016-11-25,-0.7127417797360522,-0.8499770197132921,-1.599150633069111,0.9874279617874936,3.0601151756625136,0.6061104528356878,-1.738906062901288,-1.590116350193147,-2.3239258797837237,-0.7787070556054012,0.7803437288775923,-1.6197410127891663,-2.0493660278553327,1.1451455835260183,-2.090351139064764
2016-11-28,-0.7715654435007829,-0.5019019799018262,-1.248076106790539,0.9910688599164685,3.353610602770007,0.9745465179603221,-1.3484682480720913,-1.2237154297298014,-2.1583732656803223,-0.586316465058497,0.8617559302903145,-1.1377095447128194,-0.9320734637938961,1.1698167546250589,-1.9592551871073338
2016-11-29,-0.9237760518960395,-0.6987416398156551,-0.5491515170519493,1.155868765647378,3.4772445732615855,0.6631169057621409,-1.4746642965545598,-1.0362549716883611,-1.822711369276134,-0.826194060685673,0.8784820969644674,-1.1576287041271005,-0.6010942896020021,1.1119300450151501,-1.7972720614241782
2016-11-30,-0.7570955394909563,-1.0001168948522738,-1.0721839210195212,0.8013153740483664,3.4229461810850097,0.45080209199870824,-1.6988904996185454,-0.8814754257151372,-1.8512472669256332,-1.0550990654370171,0.7091660816681324,-1.5010483914391806,-0.1743809076218972,1.1530843272860205,-1.9616615514609403
2016-12-01,-1.6756139066131825,-0.9099879209046207,-1.0232455283874125,0.33113779593835146,3.7550061175871265,0.5855766207736215,-1.821586824957255,-0.5075900334584909,-2.0821181197130145,-0.833592553383221,0.9380575052285639,-1.438203394237578,-0.44558500595868894,1.2287605539387767,-1.8332236046277903
2016-12-02,-2.32185979223808,-1.1707916213337841,-1.048409076647054,0.27267289024361674,3.681456419807034,0.6127629621048597,-2.242136308746378,-0.5536719026936797,-1.9957509054165334,-0.7563607317064983,0.573998566537447,-1.6183994092206664,0.5208002852735064,1.0272565025824696,-1.720999210134711
2016-12-05,-2.204474009823674,-1.119933050629842,-1.2138142273664732,-0.12671043371325943,3.7539981556319866,0.5639427477348469,-2.0332925924933742,-0.43344822166304703,-1.242942070505353,-1.1228630304660816,0.3669580676722298,-1.8002834399342433,0.516027622043322,1.2109612143951736,-1.5361370142142416
2016-12-06,-2.1979206805464333,-1.2870968042218618,-1.1227740299555686,-0.27572655901336635,3.9426797946556063,0.26005921856582787,-2.185363682779573,-0.668703863825515,-2.0609720259142135,-1.2620207214688919,0.4615423694747767,-1.9040040772029505,0.488917235731662,1.030087524547096,-1.4124385003409736
2016-12-07,-1.8501986456190407,-1.480985461257301,-1.2836171057559025,-0.3306701470789415,3.4788214352060645,0.5113230540339547,-2.4171672382610767,-0.36132318131720276,-2.2645027538406377,-1.889964243499369,0.3645635306821102,-1.5295411055372075,0.5221268357604074,0.7584319655383909,-1.698574739882716
2016-12-08,-1.849930732838849,-0.7561446578091384,-0.6585336084996454,0.28881598695623306,3.6912242522342176,0.47350018187067033,-2.0337233620193116,-0.1492599389183537,-1.9416602327924828,-2.2148682523729533,0.245275632948106,-1.4248950134048455,0.5194671345165223,0.8850135178661087,-1.8538850957388824
2016-12-09,-1.9228697630924008,-0.6149574069527669,-1.0191398765175421,0.5451010503785461,3.4153023913317777,0.683345953411757,-1.4203349309996887,-0.2502903112494709,-1.934003811248241,-2.098491056033819,0.08285375683404719,-1.295466423009235,0.6118746158692232,1.0826649482211064,-1.8003719567845762
2016-12-12,-2.180344829282293,-1.243024591319572,-1.2298006530632362,0.31237897949229837,3.9453011767767014,1.565479736544771,-1.3103760968513556,-0.15324513436391635,-2.051002915583943,-1.8597995396651301,0.1761840272921864,-0.8667052364199028,0.6774020827263797,1.5323307039973235,-1.4037046421521617
2016-12-13,-1.9629333984737511,-0.7997313080620801,-0.5822510974220079,0.6578708540088036,4.18874407777444,1.1647267031972786,-1.0235332476147851,0.12235872055586437,-2.853473399700558,-1.5763198601149477,0.16897006360054984,-0.5246703666163122,0.6285861981652017,1.4375013606116858,-1.4313741054385087
2016-12-14,-2.1253065508337396,-0.5320168748116199,-0.47764324830852145,0.5496999055777013,3.7347359802325357,1.3076711190064623,-1.494156940604621,-0.018041630039206145,-2.798128773359325,-1.805149330390423,0.1648662395758542,-0.34357469464048584,0.12518687130352463,1.5719296157630607,-1.4119792884092957
2016-12-15,-2.1609500619312074,-1.050379084417447,-0.5314050777364241,0.498520764375675,3.837681543807887,0.9496454323614388,-2.06684924326163,-0.4702302596069135,-2.672841238755716,-2.2466654988546124,-0.11479474347044927,-1.0164021061615813,-0.12142972705863861,1.8401107269793917,-1.484497414515242
2016-12-16,-2.2240451571368847,-0.7957890201914695,-0.679727356207501,0.45260708637077324,3.1608967604579763,0.6796982524405549,-2.209249623336475,-0.455110198223917,-2.5309173948890913,-2.2768658040085024,-0.15254199842822624,-0.8534700953502152,-0.5425586632095831,1.621023055847072,-1.825225815920864
2016-12-19,-1.9544972705219505,-0.5949932563169656,-0.7284727446063045,0.47256851517766996,2.9213109623455242,0.8815799326813711,-2.0321645163597677,-0.6966548987375002,-2.5006787097416003,-2.49538641949039,-0.3689755218932,-1.0604753241111218,-0.5431482411006998,1.4108908357870058,-1.6298610846719783
2016-12-20,-1.8779692074825227,-0.5501173792745515,-0.7087482326141125,0.5991515519106556,2.950394858175035,1.030304147066224,-1.5778705934276693,-0.9351814461163271,-2.591726491697371,-2.584927315902345,-0.46698741845570174,-1.4203806391625426,-0.82018582998136,1.110568690009949,-1.5784645109231699
2016-12-21,-2.026910581917416,-0.8220027613033364,-0.809285137379655,0.7236189569094358,2.835882385918355,0.8847103349650067,-1.9522700945313456,-1.5328678872217294,-2.7411328092762064,-2.9809148504482272,-0.5009875400654642,-1.7873110079722467,-1.1196540107633886,0.9295866573480605,-1.5697335043484417
2016-12-22,-2.2450009926664363,-0.8503385681561701,-0.7743158525943066,0.7138204533710943,2.164300837341614,0.5285939127523782,-1.7340053777359268,-1.879103158896614,-3.045543810976498,-2.9822494838482174,-0.8197015230127095,-2.004764894398393,-1.5642080172433284,0.7481539453309175,-1.8026930650881177
2016-12-23,-2.0710745544898086,-0.6421399260912343,-0.8724401968825376,0.6856629349562348,2.815257203394693,1.1950714837267542,-1.5983386796799246,-1.794505195817705,-2.8985933603261804,-2.429432846862116,-0.9932507763471099,-2.2550612540290507,-1.0926166121390768,0.775638027763538,-1.7598528576342582
2016-12-26,-2.00321897544447,-0.8361766685802038,-1.2323020204538604,0.6169878322879951,2.5770587438981387,1.0553232096340237,-1.4234312887197471,-1.64693861603478,-3.104032403419452,-2.733293310437728,-1.0168277174658347,-2.641757145869417,-0.8059985712584723,0.5341253131533492,-2.24525753735541
2016-12-27,-1.9106450433823403,-0.47571431874826037,-0.7480382669819916,0.9758041062725579,2.434728801551068,1.0464164179685296,-0.7558872862767765,-1.4336113346651718,-2.857492900662576,-2.4262546046867395,-0.7795786538100967,-2.4395828399772728,-0.9737742171537803,0.5208680588861906,-2.1512493256297547
2016-12-28,-1.628808333939457,-0.29651699477473104,-0.04182276259776308,1.5885661588309603,2.5012088194325144,1.5281208887775386,-0.5739504885326647,-1.1184797497995562,-2.296203060206906,-1.9946965032559734,-0.24319261461826613,-2.007981034440652,-0.693651582978361,0.7389367121519183,-1.5917008666037997
2016-12-29,-1.745301435720244,-0.5567710572514251,-0.21966456885241384,2.0785806168782295,2.262259916019172,2.045416018478223,-0.2472793286820619,-1.1100397001071391,-2.469304440690485,-2.2541346199927412,-0.10884025016388407,-1.70004663830623,-0.4245980825685895,0.6903986469488143,-1.7246818975880087
2016-12-30,-1.8764058227698162,-0.22000140001012422,-0.11970304060388347,2.2227731293517423,2.0181065787690238,1.865802601704242,0.08279620238283203,-1.5062342889800242,-3.229111454916225,-2.170894162533936,-0.4403484055499171,-1.793428381419929,-0.5240928889438238,0.42321923937693173,-2.020963855281233
2017-01-02,-2.1264629545710605,-0.6220827392775133,-0.39024455504007455,1.9465377524870149,1.365225827372319,1.6638715944374223,0.10958309888105962,-1.8275549364675763,-3.175068906860197,-2.2139431270451198,-0.24227190243759722,-1.8360499938182304,-0.5099324301914582,0.6035387610355785,-1.519321488370741
2017-01-03,-1.9684656369567104,-0.6201866135878434,-0.4998365356500946,2.161746666713052,1.8991458917469128,1.7151257683486496,0.3384552911543378,-1.9321505170568758,-3.1862994154131195,-2.090847754204795,-0.16562822304460273,-1.4771847746677076,-0.7206581832640643,0.526823985381039,-1.7705079620322675
2017-01-04,-2.4287288532315734,-0.2731515953404676,-0.016043847908420204,2.5627846541561685,1.943288206636125,2.154391025104304,0.6697303314521145,-2.1688825217452083,-3.343602789385315,-1.956471688406089,0.19847260893649685,-1.2241269694469532,-0.2612529540704448,0.6046113497671071,-1.1894771070179382
2017-01-05,-2.310884833485914,-0.01445871856313754,0.25162119914170095,2.2109339991842116,2.4839308067598043,2.265252036841332,0.649924975614338,-2.081710050498469,-2.8876864701289673,-1.8005916190676687,0.5796652141792028,-1.1796087279801266,0.2148570121557032,0.5190409017352812,-1.1606061446750044
2017-01-06,-1.6335344761217063,-0.8417441310583015,-0.21842736057624965,1.5743604877881552,2.7615251957240137,2.380514691625798,0.30151339857546966,-1.818301271474518,-2.6354219889064847,-1.9281847920825363,0.5681983238378004,-1.6018845140748346,0.31860771994398646,0.22278149750620527,-1.0784899287942018
2017-01-09,-1.6438009179754827,-1.3523247518460635,-0.18137198278410996,1.666103009870373,1.942521049950339,2.5474006678048915,0.5861768736123651,-1.6444108095758614,-2.359285030712457,-1.8434392380970954,0.17827719143788573,-1.7020516165696427,0.6824292598895194,0.401379707179837,-0.8016556349425991
2017-01-10,-1.8083881111246713,-0.8786667027567704,0.16424665538074512,1.7674048009934737,1.7132175566723402,2.4120654223321183,0.7221147875664283,-2.9004106407255064,-2.4943503646297804,-1.810218468044143,0.181668282537575,-1.4160456784039446,0.8527389607954097,0.683688441444568,-0.994883083492206
2017-01-11,-1.0056844572159567,-0.8129538120870142,0.27833704863835745,2.1496773631406745,1.5474631566028991,2.3484086834854043,0.5846202178200943,-2.5483171621450533,-1.6306301313950569,-1.4162862264720157,0.19778289338413876,-1.6444458522483352,1.1895329634581153,1.1012058924567494,-0.84450194963711
2017-01-12,-1.2288568255659735,-0.4617837520395744,0.11597664068866081,1.861649611503301,1.849020324222421,3.014724499845342,0.04163840853281269,-3.151641553707958,-1.6225346270249705,-1.656758804911666,-0.08126788193278205,-1.9133779972480247,0.8785518452485112,0.7392100219829943,-1.0750793992848693
2017-01-13,-1.1573346640732367,-0.9832187971705114,-0.3793183228131934,2.0701558951784813,1.872291925859457,2.5736369505265086,0.8079554450339398,-2.7501146727896932,-1.9636589598217398,-1.6061379246474021,-0.3524501474656916,-1.9989470940782283,0.785810275300118,0.685052839713924,-1.0841104442700906
2017-01-16,-1.0153250214610252,-1.272509275199502,-0.39277980852262945,2.0278609680326074,1.4144472466468354,2.541824978577026,0.7587411383012133,-2.97242093959572,-1.785494678792243,-1.7064514272528992,-0.39421902734987263,-2.0092712425247443,0.6006303469590906,0.8988881326443592,-0.9079508727276812
2017-01-17,-1.4113109140771989,-1.5310041887046733,-0.6742153102071278,1.7364216376356074,1.1771884546008982,2.9293834660673848,0.907049872692936,-3.011498905312604,-1.4786783643462542,-1.6186506415380164,-0.6360329242089201,-2.3301958745876536,0.5633324058701896,0.835386394005319,-0.9134986391793879
2017-01-18,-1.4213353914880669,-1.4187653335958423,0.03762958260007997,1.8108852387572378,0.7207716628314291,2.3978398282536455,0.7545346969185405,-2.8792755294036625,-0.9980193974903969,-1.6034259983932795,-0.6649685238615802,-1.7552126085087747,0.4932414619838092,1.1728452260129822,-0.8569563078803935
2017-01-19,-1.481380563188695,-1.076848059754305,-0.03141600430052302,1.5891468648589622,1.2282212383090134,2.4608420684663215,1.143189152923433,-2.7293359586087305,-0.8460398267510697,-1.7328511235722615,-1.3833263298040224,-1.6454615395840189,0.39359527298405844,1.4202819330805532,-0.7787809760737486
2017-01-20,-2.4145759154446362,-1.2080413839532613,0.4108254521509498,1.5709131416250781,0.7919446283299317,2.0726817152272314,1.2226487642562534,-2.873278601086031,-0.8552681683070091,-1.6254375664698597,-1.5825100470020521,-2.063394604323735,0.2710347873069196,1.5746020088126185,-0.8880965740415605
2017-01-23,-1.9676031309014943,-0.9205246057104646,1.0491277911995311,1.9203035892120244,0.9873937491428327,2.0024326143529767,1.1989472380321098,-3.179412330982923,-0.506492683700798,-1.926058421121078,-2.241057959161052,-2.170319200268,-0.03771444201318994,1.7781248746647957,-0.591685634584523
2017-01-24,-2.001471517987714,-0.9498138336557626,1.118541003803808,1.2733773019368844,1.4046761440637896,2.1997227918849456,1.2115324117829436,-3.2120287970894736,-0.7443090716744388,-1.7037658934089739,-2.127426854984641,-1.8984698065225099,0.01412321794237659,1.6217164718742774,-0.6531861830647182
2017-01-25,-0.10814989579187409,-0.9763033810913613,0.7680657110044413,1.207685561769979,1.5524033273394584,1.8124312445695123,1.7650515373642832,-2.6948257781222655,-0.914301829824863,-1.651298293854883,-1.7870823440312305,-1.1902288581964573,-0.171609692273751,1.436158164830128,-0.28787977433075457
2017-01-27,-0.2953543335631916,-0.6929888546479345,0.4864389513630202,1.3875935884288713,2.478894528734214,2.1742539475360783,1.411775502078363,-2.765920597869985,-0.9440922912984072,-1.2305775590649644,-1.4574628678811574,-0.6714320277401252,0.8149192308027432,1.5455558172186405,-0.15971791579787095
2017-01-30,-0.5445019591282569,-0.25877688729386134,1.0832566498624039,1.5938701389807002,2.6312247790479675,2.4016968295909513,1.136212914158917,-2.688872976596929,-0.697650921082948,-0.9606031775517239,-1.3236199217212115,-0.33678805612317636,1.6814533194044023,1.6489520646393152,-0.008829191759833302
2017-01-31,-0.4417107867258404,-0.7616833131417847,0.3830105060100557,0.8634661269263033,2.556387801996263,2.009064426873764,0.7112038141504539,-2.661043051827106,-0.7820387872496465,-0.3038059516788133,-0.3272673468671582,-0.5243995893426996,1.8840021187187563,1.6776478078161021,0.08072202217780472
2017-02-01,-0.4244103753069748,-1.1446056249583878,0.4121476611994747,0.2998016972558162,2.4842737880263024,1.701183362945772,0.9250695154595706,-1.8576698999920556,-0.21157765200797526,-0.5136411859555666,-0.6387087502107587,-0.40122568427788047,1.8077263882056616,1.690983577085792,0.29839302099491677
2017-02-02,-0.7896104699784032,-0.8160382040137626,0.4058763697748411,0.3633324573042105,2.3043849589107652,1.9575103633100892,1.2420298884028846,-1.4991482206853668,0.10197352676832375,0.2792226269931073,-0.041072423835192114,-0.4466252917337633,2.14198717027593,1.8501590295439774,0.22542135138063207
2017-02-03,-1.1307282106552816,-0.35158665298498487,0.7937699155947222,1.6247969145915897,2.369810230124247,1.9048443804399948,1.6746628289153036,-0.9139731560022283,0.6990844325625761,-0.17182730399277302,-0.9129671758966572,-0.22301206550133698,2.3461743632506353,2.015670711001555,1.8957437355490159
2017-02-06,-1.0382865801684613,0.015394257504286085,1.0849475240934194,1.2775831649917135,1.7345284383688195,1.9835731940307328,1.7053431649285677,-0.2195329548847118,0.5540856986471349,0.33580504409874506,-1.2200896707772901,-0.29391579859516515,2.0809089089536914,1.158918433589061,1.5389885681080728
2017-02-07,-0.8070289616016584,0.5493317503030037,1.0931092736913997,1.5309530893579657,1.5418749005945391,2.2855915098923165,2.3320010639766755,-0.26800842396886543,0.9933865470649563,-0.2577931827717419,-1.2968097239697371,0.032817089927742786,2.3552429281933134,1.4584786488621668,2.2127108069711836
2017-02-08,-0.3947720521080008,0.3818983595565275,0.8915506564056122,1.5952759698940207,1.4990044899119894,2.355350503565533,2.6143941917213787,1.0499190719453162,2.1318310337851822,-0.3012577078141057,-2.0647905180353345,0.7675439059821912,2.2585838192216356,2.7484532513456643,2.504063167734982
2017-02-09,0.08884874571268854,0.21064783967647724,1.3348105727490642,1.4976372174260995,1.5862457569603876,1.964921412578862,3.372971665152533,1.0324054338988893,1.685696266169998,-0.12720618934842878,-1.3863189920717134,1.0836525859547823,2.076099195342562,2.3886078077472894,3.275911521683666
2017-02-10,0.17337554779270484,0.913310599261899,1.9352839448945145,1.982889476419084,1.6018657882325076,1.9917129302317824,3.0153265887083527,0.9919345113387742,2.2135054865833337,-0.17856032132485541,-1.7116021373578396,0.9263485750502072,2.8634637504073415,2.632361248309142,2.946455272090178
2017-02-13,0.4328591108357005,1.4473311551870929,2.2782531817075475,1.860067392230572,1.309381170839358,1.5231805781805015,3.1355679468799544,1.3889213861669003,2.680238812821455,-0.636258266554282,-1.844153981566824,0.4122203518370346,2.582087209888066,3.0767305209953957,2.5923789849162473
2017-02-14,0.7668978188311582,1.71679815666199,2.1406310190509275,1.9430735531122398,1.5863157372411623,1.8526726750060394,3.476289223276389,1.4173971076399585,2.3973054786373478,-0.7937022636084589,-1.5040736083978468,1.5944871106227398,3.204393785129911,3.7211875028896664,3.461927446844993
2017-02-15,0.4596623710125928,1.5257802998107795,1.5734378113391116,1.4603944854150375,1.3720537923025624,2.0325393329746237,3.4945694686990993,1.222238721347203,2.098701934971744,-1.3412004605446708,-1.6487729907433704,0.9119764049843485,2.837663575516998,3.013882249774721,2.2869339584338517
2017-02-16,0.7334416173021948,1.9327770290196584,1.978769664690214,1.7234287623884765,1.1370952724989563,1.5780409464496754,3.090437220562985,1.2797096618734065,1.9210941318697887,-0.9312791827275602,-1.6010984342844352,1.0715523139576348,3.0339588559332262,2.8292902340194184,2.0956262294701737
2017-02-17,1.4681551809753286,1.4900284678318354,1.5584897165442493,1.5175786116645786,1.3691716683642488,1.8782604693565543,3.2836839462176797,0.6298375654773422,2.227660416648328,0.00972826412810383,-1.5576249616028752,0.6992745266499952,3.093073189313007,2.5708808786907626,2.5968010474650463
2017-02-20,1.229182780160843,0.8048353574612992,0.8411483953237151,0.5489993242842152,1.448410450407736,1.608598163967371,2.7686378975328294,0.6583029016816128,2.148552842121748,-0.569746495847901,-2.1904302773345803,1.2815425752627103,3.3872921329375023,2.7146642484775114,2.9317199031679277
2017-02-21,1.3022382501222667,0.8264463282669037,1.1075761384199059,0.7344183100726601,1.0922720219161617,1.3608195326092998,2.216797461128288,0.50509206914925,1.962640099139025,-0.7254475572078486,-2.2692050771662635,0.8477476995135756,2.133235416591865,2.912985650736564,2.8116466506520283
2017-02-22,1.3778795519485008,0.4728241176626221,0.7595194545724475,0.9239471382180534,0.96276395253562,0.8186742940155767,2.4544239804394614,0.5911488843020717,1.716762630221718,-0.6141030466495483,-2.3154322206879363,1.6213296494788012,1.7733700245792794,2.602074644055834,2.6851425895280587
2017-02-23,1.4735450743358438,0.7908592541586883,1.3709108439580833,0.7372526274878595,0.7104199237796596,0.6647601642016723,2.4893860345720022,0.523099150655567,1.4435336698616918,-0.5907935644996307,-2.524918185281744,2.1153801834218116,2.002766246006556,2.444906889590035,2.866842665914895
2017-02-27,1.4950861428191924,0.8618566788869656,1.3950520518032359,0.9671998565047948,0.3321912095928404,0.798977279762233,2.3394580391058226,0.37345828265824776,1.8765488525951406,-0.837051631917365,-3.167096577190656,1.428851146737701,1.8367020366965212,2.486705256736141,2.969911673063346
2017-02-28,2.1808521476178906,1.1041967165542017,1.8454618551760122,1.0120919796484646,0.27160419016103693,0.5448467201789791,2.602180261039457,0.2411303894165319,1.8699965812150987,-0.71476174296597,-2.8248928778414895,1.7082163619084467,2.1869631480117504,2.6732263837654,3.4785887688096673
2017-03-01,2.4877868993082117,1.4177108273552053,2.0717727769775856,1.4381967366582624,0.0015412254680545264,0.10967923992644812,2.691478004589397,0.23336766160620087,0.9190559858212671,-0.2314109094146359,-1.923714752589841,2.025336176281201,1.7263785213686182,2.8860732269058924,3.345706944743222
2017-03-02,2.172503437296643,1.2771443260927813,2.095047369916221,1.332808598432694,-0.37192199600846165,-0.4117136613969471,2.611019208670416,-0.13482000819815568,0.8988016861321083,-0.46671365743464927,-2.5607806319427264,1.6587127192847197,1.3695257952502848,2.5419019585895675,2.0929955476247377
2017-03-03,1.9955978606301479,1.4352075569825733,2.5925600225799896,1.8514284517690016,-0.21351780819229962,-0.3999716525930751,2.6307434935305536,-0.23364007332996117,0.8444574751874107,0.646921463140082,-2.4624412860809124,0.3996035581902731,1.3720915125962851,2.8033247684333293,2.683909784954854
2017-03-06,1.8628395610844628,1.1190642795304933,2.173502874309346,1.4242150965125246,-0.5959868177924004,-0.1244342990526074,2.3762000378338017,-0.08765498250532033,0.44114244726955026,0.29958425411550565,-2.805322864409977,0.48543963530142425,1.3991899486203372,2.1594257464607076,2.6819318561564223
2017-03-07,1.9071040835693176,0.7270058850137112,2.3854264798516023,1.1372106119187129,-0.5527416990011585,-0.3451499292065336,2.172599561067727,-0.0514090877205787,0.3422919570416174,0.28537793365804714,-2.6738179751537823,0.5990058600251672,1.4029648946535505,1.8276491565650301,2.4985156053396405
2017-03-08,2.555754657373521,0.7348490942043847,2.695116691122408,0.931713805623533,-1.2745514924326855,-0.5318552429242134,2.4981739016406443,0.2123719029020369,0.9101316072167043,0.22411111577636658,-2.440696257492963,0.42844431346683953,1.5197149031894075,1.742662853633682,2.4624917755106335
2017-03-09,2.538702111904746,0.5439267322616249,1.4370036204965688,0.27758624406616494,-1.6672335990769436,-0.32548249548270236,2.3011273253551425,-0.37970711035972704,1.168937083712738,0.15023318334679553,-3.3225885033152744,-0.04068007710396906,1.45939465396881,1.7577163108205427,2.5506306629004345
2017-03-10,2.71378281621617,0.5548499734288231,1.430626405629909,0.08550250805564384,-0.9924081310803735,-0.32540671430464035,2.403846868122592,-0.3275580395212962,1.4595349014671448,0.2362572971736655,-3.097784991668363,-0.31328646895769163,2.021732629202805,1.8255731816403442,2.4876091806410994
2017-03-14,2.97372103099881,0.9693346369957301,2.11627060739057,0.20576302263472665,-1.2925168374440235,0.3226774398424228,2.9620188678193275,-0.1475021276119948,2.00207203395443,1.4937126910800853,-2.6174637156688076,0.01804926564803954,2.0632303073407674,1.9200004834471565,2.766565939404752
2017-03-15,3.3319699621380074,0.23861267325437446,1.8939134943507516,0.20949777802884137,-0.9433692301959304,0.23832042443910703,3.3590668187926256,0.041020810904421307,2.3055993721518635,1.5048759953912314,-2.6309417300234474,0.08246415642727208,2.606574001435392,2.317057836553354,2.830045867868605
2017-03-16,3.48450213702164,0.5815040206448687,2.1747042739342546,0.4041311072711441,-0.7736727251967418,0.5365413744443394,3.3213717324875387,0.5771974130688494,2.5074756325963152,2.0248335322901068,-2.2735433398200406,0.5479521620164126,2.7558302116942794,2.9777316694811264,3.0169558620389645
2017-03-17,3.442861544859469,0.6531642878083647,2.1914670556872697,0.3930263935192531,-0.8111923208594143,0.17917237819207385,3.6889246441472485,1.3693272357456994,2.9004877137047345,2.0633790350939125,-2.2392940021889918,0.6381290128320571,2.204322032216528,3.32545131676303,2.798472263688964
2017-03-20,3.5491438280231447,0.49536281474903054,2.060271910635562,0.39251385419615936,-0.9013123643579899,0.14298044176083063,4.069989203012448,1.9972885674680865,3.146878112825682,2.4317188254624216,-2.1856351576652076,0.5749350374142796,2.3583277195902164,3.1117825591526804,2.4485119371257285
2017-03-21,3.8780021604580726,1.059596948302862,2.1621179326367943,0.22862579344606482,0.2552699624211215,0.5749159004805635,4.303180695597103,2.5433731616047357,3.7791336523578467,2.3687572391539797,-2.6788133564466454,0.6319563325751913,2.9507567468919107,3.651877948010424,2.699587843709873
2017-03-22,3.9852781331492686,0.882387877306804,2.433755912608085,0.42915689457466655,0.30518310213541566,0.35690194784882134,3.9187681817217284,2.411426195271106,3.824366258662585,2.0921755213148523,-2.535511527012227,0.8200827633941647,2.1728799541972466,3.420113956938833,2.637295791212542
2017-03-23,4.146039749268824,1.2406560106669398,3.0108141190556963,0.810276774431606,0.9731013329430569,0.8721311253690402,3.73889838127829,2.244436408219106,3.807674078743669,2.5017215474218,-2.439116193351847,1.0061100996425734,2.158059126989537,4.146903869853709,3.7542047031799255
2017-03-24,4.357609270797613,0.7445371341994734,2.73376717206603,0.3394076803536335,0.5772792344560518,0.8440819936812171,3.417963174899326,2.130733939277881,3.666721642187368,2.261137329119059,-2.8389776966396396,0.679419203030289,2.0732387211294636,3.660697797203035,3.5862758708538798
2017-03-27,4.112042800109966,0.7036730463920045,1.9861323271648286,-0.08111679561123447,0.23383411060723577,0.6698811180384544,3.349492025138359,2.4494222536531995,3.6046933435296102,1.9188397631449565,-3.0718899429515494,0.271997436999936,1.9955471886085396,3.1841933219465144,3.604584630705206
2017-03-28,3.7841333420186336,0.9508899659519834,2.001445355219176,-0.8743059062195128,-0.24630881859405246,0.5344185420978431,3.230728397088287,2.286932459156341,3.5200711547776846,2.286679933011232,-3.0010967001660025,0.09021706829817687,1.9144481142084868,3.1523879941199286,3.445264760080005
2017-03-29,3.568226107908538,0.5254030199891985,2.1139935611527636,-1.0048971626813792,-0.20773323316452136,0.30219572383503185,3.0204671932757035,2.0262657004677376,3.8158033161859546,1.6131035459156309,-2.9937292923912517,-0.3091743372873521,1.9612470467004404,3.3257909740896268,3.3353122862550584
2017-03-30,3.8887338011051487,0.5931674844483309,2.452808054452973,-0.8594288794240361,-0.7117780248065729,0.2045787423902084,3.0460276937565722,2.682010027152534,3.8412673993214455,1.4896831081280604,-3.321355370145336,-0.3825442741807485,1.9734385805383312,2.594880124958052,2.803440875353861
2017-03-31,4.141634267227059,0.6780037460567767,2.7085731240281037,-1.064743519040652,-0.5971351183957209,0.444921821873411,2.696857305475367,2.7385919145662667,3.8056666800662065,1.462027246088505,-3.080606627364529,-0.4818737066801455,2.274712466080596,2.8974683644178607,2.7211025621813785
2017-04-03,4.840388541859568,0.32526487642760693,1.813287040319755,-1.6282333985275674,-0.7880042654076812,0.36515473438639123,2.6243440669887823,3.008697345308684,4.109692710787122,1.5326309194339482,-2.127572516927534,-0.5957117734610793,1.4456466605388454,2.9152668338364602,2.0412413951836657
2017-04-05,5.031554936502664,0.09834908599046001,1.7413498585070246,-1.4505211892390713,-1.4005866592804277,0.5434695030893464,2.346927202658426,3.0606111724746143,3.8792661087096088,1.3301854944920726,-2.451424538834042,-0.5926301143912363,1.2289120431083587,2.68981079488223,2.1614154955332228
2017-04-06,4.725228914626465,0.67498947438907,2.5950569125175305,-0.826738350028847,-1.615779359461132,0.7746380674742857,2.3257701976037013,2.9765788594433507,3.5133292634069404,1.3071659072902488,-2.758494503599333,-0.6567676472485953,1.170425911187245,2.9301125868967124,2.6196382974347965
2017-04-07,4.326891207280219,0.3351452324502563,2.3284905843411843,-1.1313552356225145,-1.2378845025391307,0.9339783545356902,1.9992678173944936,3.079051518230579,3.49103473518573,0.991509877118727,-2.617117616519835,-0.30791231562049587,1.3901312047124028,2.5467036283173465,2.4549376837486725
2017-04-10,4.328354634127538,-0.24393002090779903,1.6671791780724432,-1.1397447981834137,-1.2926300345984991,0.8566253864442805,1.8382178670643354,3.139092115446783,3.9971903542158485,0.868073060144565,-2.682221894275227,-0.20612833451155121,1.3310299839104307,2.280085475670749,2.759853941052389
2017-04-11,4.036164093013814,0.06728516661528307,1.9624883940683557,-1.0689708050446318,-0.9778000365797476,0.6507434740764012,2.433311216640009,2.786076703833904,3.3145054420254523,0.6870379081403215,-2.7441148443448915,-0.135430141520473,1.4012853553403357,1.503842297724668,2.9623566611491134
2017-04-12,4.007888549091827,-0.5445723237683722,1.0955696271673416,-1.6721376271730168,-1.4080101320679037,-0.6154688293752202,2.6510537270018726,2.9077104702731718,3.972306555652297,1.0866547419561148,-2.4030931556608324,-0.3712828275381013,1.4745267964036315,1.1556378812283477,2.9827666288108072
2017-04-13,4.016448186248255,-0.8030627595858192,0.7424436986978511,-2.2915775143629147,-1.920057233348958,-0.34705738777843903,2.1268942387320466,2.351915491750071,3.6548081833612662,1.1040574725304917,-2.251417165319854,-0.05837209310387011,1.0552334466801812,0.7181502742570389,3.0733199061443117
2017-04-17,4.101771759598424,-0.5452527750468066,0.5784949601313438,-2.5603591096072993,-1.7916753679830864,-0.9132724329727455,2.1870761168848603,1.8496388156861931,3.304416447749148,0.9593712893909816,-2.1299354181790773,0.094295522851857,1.1787392451491894,0.2657475206061251,3.265485032525916
2017-04-18,4.1119538661141615,-0.5882759445106728,0.7869491995658416,-2.6772071955455465,-1.64937481461961,-1.228370249038879,1.964236013200039,1.8983336674729374,2.8218371847861867,0.5086662208217557,-2.30159663504787,0.09185249328397135,1.07040111978444,-0.016217813472700113,2.5492186947105258
2017-04-19,3.8084585363184806,-0.5671338395108563,0.9689219164975222,-2.7563503756491334,-2.3343813651697705,-0.503081749381633,2.0228899250337133,1.641296611598872,2.7027109019137505,0.45821713499917344,-2.2734421050890576,-0.23528007992658648,1.3492973400593749,-0.48171039574470237,2.793688081625502
2017-04-20,4.187031203094234,-0.5440849245914252,1.2544502243253983,-2.3637237598765535,-2.9334044363072396,-0.8052456670962019,1.845922787911251,1.8304141549677324,2.1462289271760953,0.4390708589687155,-2.182708528652974,-0.18847405047099353,1.320612438176743,-0.3110181867892652,2.91931725590594
2017-04-21,4.116815514442507,-0.42794910462150115,0.8663874240062621,-1.5832320875264076,-2.278892437725014,0.030153860941922253,1.3991448145993928,1.9359765488562917,2.3812215025589953,0.08035624211620757,-2.252883812473863,0.31344108607270904,1.1599598482049371,-0.004407884069501201,3.7837119636337406
2017-04-24,4.17845773021571,-0.45067701833439666,0.7872241550002915,-1.5545757039528871,-2.512623620856611,0.051694549494372424,1.2664877191606358,1.559432226740952,2.3483587123172525,0.35908335330961155,-2.075819297197175,0.32825223722312796,1.2853220545341801,-0.27318846152804865,3.934523024605847
2017-04-25,3.960470996618187,-0.24132638793291655,0.8339452944974258,-1.155812256441645,-2.7911405502825137,-0.3992561964685409,1.5358295563031577,1.5576677077916825,2.4953996014968545,0.15655655673343688,-2.1739377508325664,0.011186771880202574,1.8222866714133188,-0.21613925902457046,4.081253783540704
2017-04-26,3.5041718486297757,-0.3737110764045912,1.0772307040835554,-1.4222852507576782,-3.6489876298023867,-0.266884223162325,1.7146170851428717,1.8892600467412828,3.051399493536338,0.30266880067957935,-2.5819814804843952,0.0492061524107718,2.237869589872285,-0.43368038099882344,3.2944083829201105
2017-04-27,4.348400932123568,-0.2514057101819548,1.8008632218872376,-1.5656483453644352,-3.7569085052593016,-1.2337168728503016,1.9911620710614766,2.8415578096924694,3.337581782313117,0.039365688668489614,-2.6751758437743685,0.30060340706461186,1.717553514917933,-0.7080128446984137,3.5560040065130307
2017-04-28,4.187416948591483,-0.5367032588446985,1.6951543975945382,-2.0591369830513817,-1.7098356141863293,-0.972031255401707,1.5456418460892114,2.8840056012879627,3.436513341611715,0.057614294824752624,-2.8135194243774904,0.026447577486135115,0.630898608613759,-0.3339324632395009,3.2336171916083587
2017-05-02,4.6360348893752565,-0.027844336126779178,2.204461038570319,-1.3630123867268968,-0.8959308793855306,-0.8840664641095871,1.4866499687140893,3.137859264989224,3.1757695797399457,0.1600438885885718,-2.94851654347998,0.09178722060107974,0.08355743648889685,-0.5211382348105174,3.566005093762806
2017-05-03,4.502683681319664,0.4852493958644886,2.4050937699987207,-1.1820717035528774,-0.7820872862477108,-0.7066237303891725,0.6270768989896675,2.921036435916345,2.616911285575483,0.21191454295234075,-2.7304535306144757,-0.05720168442012278,0.18009511019284544,-1.1055109189764054,3.1028034936361863
2017-05-04,4.35660498623888,0.1391533992007393,2.4886566073660585,-1.746454263448578,-1.1369710611870163,-0.8451071938723665,0.5765115932059449,2.7019859801039194,2.727950083059632,-0.13358528835615538,-3.4660329554804528,0.30659239631611707,-0.27578140726906003,-1.1261299980969475,3.0398004089880493
2017-05-05,4.650254647748466,-0.00030272148798020165,2.3355888236601388,-3.1057354236375314,-1.7268326275225367,-1.1423147498379675,0.3880604989870294,2.3463328118187756,2.2329448906712184,-0.31961249697957295,-3.8740921833755206,0.12023931149093792,-0.36903641600973,-1.3014350090953544,2.8566110975195254
2017-05-08,4.5679822994501675,0.3235133749102404,2.3041427122396914,-2.494582055451985,-1.2204935073633454,-1.2308272678542995,-0.15061063894754845,1.6010934587904835,1.9516610820966214,-0.9078000669160513,-3.6029206397292977,0.11389166078076131,-0.09105873964453175,-1.3870283049564258,3.2361367384535304
2017-05-09,4.331162080548096,0.19666908541332,2.7708323978459926,-1.9542107740739123,-0.8099637531384802,-1.0700819374021824,-0.26942618525063905,2.428489631963762,2.744221392501836,-0.675551624168894,-3.5501331371077396,0.4264368145196085,-0.29498662027547057,-1.3039439249142768,3.4664371399555356
2017-05-10,5.0171289078041506,0.2567897281166242,2.1271281109995632,-1.9113114394577906,-0.7061290925960673,-0.8090878425120506,0.052778862273077716,2.8021633901818293,3.3189474205623735,-0.41220726796212986,-3.0378484659196356,1.0750081068571005,0.9775569182626699,-1.0755129520984876,3.340712474365082
2017-05-11,5.1860736108131285,0.05988017283711326,2.084513333734298,-2.2021116770205245,-1.0377275317125427,-0.617688776073299,0.043223154580901056,2.540365208819389,3.353752684331489,-0.07635302460499095,-3.1686426269195276,1.2241757679869698,0.5768482018607977,-0.5671771309854022,3.3234895611844375
2017-05-12,5.295363555472898,0.01423501881890184,2.0318984090812955,-2.5840387122501323,-0.968893830379032,-1.0899316320391645,0.21883244584452052,2.484063528210347,3.2287825688810377,0.11769476356172012,-2.9723287855053444,1.2833030325287584,0.4459783372944297,-1.0469963329526508,3.6106513820639936
2017-05-15,5.310993290767933,-0.6023853011994557,1.7278648774281864,-2.5549726077419406,-0.5674522808276347,-1.2513168756883182,0.6121565365916,1.5368144718262922,3.2304540249114155,0.10958561297550284,-1.9539559639559345,1.3798735027938624,0.3871170648697254,-0.43281787364271906,3.7243530192144614
2017-05-16,4.954536559777185,-0.5977168796121541,2.019417167090114,-2.734060345833721,-1.1897833509505713,-1.0182948736826993,0.9547386855035828,1.087989227480025,3.7096359150635907,0.19925404043944078,-1.4007163311977422,1.00829082716369,0.352681932473809,-0.4087908750959658,3.8413045212995285
2017-05-17,4.906775530295573,-0.5223785476829059,1.8808259489373482,-2.9027565955859864,-1.1824928643044033,-1.2688998196442334,0.6608674154863954,1.4303498774305776,3.298437343901848,0.9389963528088533,-1.1101867171120208,0.8097096362752413,0.5629443815908516,1.1110484029248007,5.017986883985462
2017-05-18,4.397647482260855,-1.0163835228493576,2.181538834405542,-3.7355539341567128,-1.5005269900744729,-1.587736881953914,0.8878488214453523,1.199947341067177,2.1782108429944778,0.24696184388046108,-1.5795652322393199,-0.010601878962402497,0.3404875733641287,0.612789307324828,4.280001196344834
2017-05-19,4.106170928384277,-0.8496553731607814,2.1974312712798025,-3.9773265286651673,-1.6411551437761265,-1.3281339756481614,1.3000548617944807,1.2273715664692237,2.2275060446051924,-0.6683754570140509,-1.6692208487637354,-0.03592018769496445,0.26756716373156125,0.7540909109503378,4.1683563711814315
2017-05-22,4.192588479945552,-0.9979213377048081,2.2483151201324465,-4.017262875734683,-2.0866597881519104,-1.7334199674757147,2.2607461537922164,1.278760246104967,2.452704788593707,-1.2325617990435072,-1.901665890755465,-0.12513951780733432,0.026642418353485277,0.12503935487783369,3.76289428675498
2017-05-23,4.136408535981248,-1.1666851543223509,2.4652803922422253,-4.2362590488716405,-2.4942511720400518,-1.9974505595251515,2.2523704275159937,0.9303288773094688,2.3243402661601027,-1.7730946456698151,-2.0765122255802804,-0.5966414878163673,0.5099749407671346,0.1280743520526719,3.3054966178442933
2017-05-24,4.083995091578943,-0.735642562138373,2.467089017292612,-4.157747703193916,-2.539887979724191,-1.4138277153487322,2.2199272024062275,0.6610631807082029,1.9277933242106726,-2.0148881969625645,-2.5467574888184927,-1.419725177873852,0.4411114734767457,0.12351915868834779,2.874197423481444
2017-05-25,4.1234885000548545,-0.47040870804887736,2.4234716010965816,-3.410216837045113,-2.5270843045490894,-1.2619220442994672,2.095500887654185,0.6190677862828092,1.910662555179213,-2.509506158924842,-2.973846911547572,-1.574195620522077,0.31801938491697973,0.1134043846417897,2.9184016444147285
2017-05-26,4.731552863055508,-0.2678740809873267,2.3621421331808516,-3.0824992572523944,-2.16371859614499,-1.3005612972677794,2.5878894127117196,1.2388374044139878,1.047949080559654,-3.1042365354057817,-2.889661510902348,-0.9903320830394062,0.9007212438321898,0.9822245145928521,3.036381435145139
2017-05-29,4.772409668650063,-0.496063025193766,2.202083288073383,-3.589932889128284,-2.0353664122649806,-0.8840390058644684,3.0568496222000348,1.4410244016624554,1.2524866416202527,-3.7713578296020103,-2.7549375045755253,-1.1792276213386776,0.4720563469563101,0.8189612940306901,1.6490711776375853
2017-05-30,4.078678001122837,-0.5269593573388527,2.2829649757097292,-3.227389836523568,-1.6746762387018397,0.27622887408339225,2.4728430375645862,1.3994973537369497,1.6181292517835268,-3.977426632521886,-2.8227383221311366,-1.627630553845204,0.474331926297584,0.4569294940856158,1.6938998028228274
2017-05-31,4.495359464923841,-0.8880402696779525,2.1739966103861152,-3.1689479376387517,-1.742211408300001,0.7317288292415564,2.733757359964366,1.7329472716289596,2.6423430957083376,-3.825114448452246,-2.179938074635366,-1.4991606652793108,0.7785271890669169,0.42144508105644124,2.5945743062751006
2017-06-01,4.6476595575128,-0.8495253093723808,2.2402859890082625,-2.9781931991349677,-2.120981979189176,0.7758208902740449,3.0679727424690855,1.6289371026726616,3.1305327250059896,-3.883887026249982,-2.191304614302828,0.2139970195299662,0.6047383464601329,0.20609833485858692,2.217626086509342
2017-06-02,4.4403726817244955,-0.948423080714198,2.7389961677026573,-2.812047862495733,-2.2073982675763464,0.7168553190901321,3.1551079912914,1.4887614743124802,3.119789785473803,-3.59182517322344,-1.8759480757545433,0.3169122728010205,0.640061375740885,0.13045652458074786,2.05945022364371
2017-06-05,4.561683656761699,-0.8960457921083623,2.7488845889839846,-2.700452350976614,-2.2907729723904504,0.872022660364865,3.3037729505524505,1.5394143814142858,3.578007897270717,-3.5795337640727203,-1.9624992469977665,0.27411205546508827,0.6211759206138967,0.4082352113376044,2.1575614828895913
2017-06-06,4.301566907246266,-0.18235229708143325,2.950709476038608,-2.285231465601808,-2.4037795158028703,0.23562638496846552,2.9404913372634955,1.3232413451758471,3.3175067267800475,-3.805960649988502,-1.8309795933963913,0.9894811450278397,0.49109770748926007,0.6551649355392152,2.2450626090312342
2017-06-07,4.347338770067644,-0.6360844083180298,2.9990165190705054,-2.471913905869304,-1.9900033231258507,0.024003558916670213,2.953448767574257,1.815079547585342,3.4538045631634042,-3.6898208497216953,-1.1136604344431762,1.4015455746567282,0.6761059200724148,0.7582414099078434,2.2111469901334306
2017-06-08,4.494172175640015,-0.9548339079864395,2.719303846599437,-2.2270556736077705,-2.4099933824302253,0.19942754742539884,3.0140900887916784,2.062115648750601,3.164903262304677,-3.1061175840522752,-0.43194723915386485,2.024561276475985,0.24944540174639152,1.030087850799631,2.319295917396514
2017-06-09,4.440047969969941,-1.397156562452096,1.7155356768451333,-2.670752632764624,-2.6108701873222464,-0.17891392609103093,2.4909025649110603,2.162318788840278,3.0284959746877385,-3.812642182598981,-0.6556040484680623,2.4772630528553203,0.4211688009533701,1.1066092969355048,2.4610336957414423
2017-06-12,3.9335442904361373,-0.6063985472695844,1.5328400328674778,-2.264736358273392,-2.5672795848316374,-0.016615106885416082,2.3414945404604013,2.191906087725986,2.660155558432123,-3.5409299880990903,-0.6360496899292365,2.098836352250861,0.2150242261440067,0.9592436216924809,2.4202097296353138
2017-06-13,3.643489976770185,-1.1062903075835764,0.881420689476064,-2.43026931078664,-2.619156215034748,-0.09763999860134656,2.3705473108046555,2.1286679821578796,2.448302323304993,-3.5151418926776596,-0.7427523432269938,1.691230392864297,0.23984153540571784,0.39461683390309826,2.295922191175827
2017-06-14,3.562959868585583,-1.336800198318032,0.4493300247664636,-2.4045717555639277,-2.3706526157315673,0.08665145520867892,1.4281772522573504,1.8566595370196777,2.2392288451560614,-3.3909493479849893,-0.3377301163899106,1.8204481254483182,0.9995245669704341,0.15538763582631632,2.5446100826704057
2017-06-15,3.2087800780096463,-1.1099268458706018,1.173522451038333,-2.4403184842292953,-2.751613518641079,-0.26452015578785476,1.5008573612329608,1.6050067973189202,1.9223306383149472,-3.2548437163053165,-0.11167554306768222,1.4943596335327165,0.8682193036768729,0.3101142206434817,2.766146840060396
2017-06-16,3.506951782341206,-1.6264594275521396,0.6130695710716169,-2.4186487682426088,-3.1762052392422766,-0.14181079130697466,1.4263315983098472,1.7060569401259345,1.6972016285563134,-3.421667548224337,0.5396897661014417,1.5951425823744223,0.8233899678212855,0.30029164033381095,2.800459690815415
2017-06-19,3.5537737472575976,-1.7510736660421398,0.46814924023776355,-2.4047579442659406,-3.147866765461197,0.11610244291376323,2.159378606133403,1.6087109837821256,1.6406111859845651,-3.595877210849136,0.3093248279996476,1.3820503738280598,1.5701832275466068,1.0149041285570002,2.9518173422884186
2017-06-20,3.254746989312425,-1.6936679283070635,0.024867771759268097,-2.428259785459638,-2.811151704588645,-0.7436886068880921,2.1770297880981873,1.4832338181650133,1.7816408921323312,-3.6566155239407325,0.4322383281395014,1.3856179443620535,1.5109755988241746,0.8825966869812037,2.962972450524166
2017-06-21,3.1737368582740686,-1.5143461053534493,0.02751446116631855,-2.332389318832138,-3.0852739243766614,-0.6407701489160388,1.9911145501387006,1.6309813986889923,2.197241735445329,-3.5568709003344745,0.5320526872840518,1.6120935066428743,1.4421169025167981,0.8203858081191296,2.9825038237538886
2017-06-22,3.6007786841671914,-1.534071120633206,0.3669468175754848,-2.319517441581072,-3.242900569833023,-0.5861955862872278,2.0814737348233714,1.3249818874614143,2.001447347664605,-3.034358895015333,0.13459356414060913,2.0580059218859517,1.4836159581371573,1.2572878770914946,2.9672624509234873
2017-06-23,3.6253824798565155,-1.5986020791553015,0.36725886402275554,-2.1867567434915034,-3.3125509191461893,-0.9934784613186054,2.1331930224573425,0.6943700646009406,1.8409880179718638,-3.0524340471869804,0.15103700072445234,2.0489173940029435,1.3786242222263787,0.9244204725442572,2.6659047604554846
2017-06-27,3.366272561245931,-1.876928491682242,0.12754114786514884,-2.2839899641547645,-3.04889061924097,-0.8451661618197034,2.047446285636356,0.5874806069984571,1.5410958580476337,-2.8516322270676167,0.24773770139832044,2.1604918828894073,1.4161442427684063,0.9027437863565061,2.4262303388788706
2017-06-28,3.079126899724154,-1.801274216788048,0.12726326034480226,-1.9053328465502528,-2.968904960531106,-0.43962099914654346,1.844160085637924,0.37174279076200584,1.4563432454079652,-2.8053781204991983,0.3858275841549128,2.0370085558363926,1.3694763020837124,1.3753366932687552,2.5649395297856343
2017-06-29,2.1321714403691714,-1.6006913571901455,0.21904338111404903,-1.9581477056247794,-3.1338746361094345,-1.0522772997656054,2.170509122874274,0.4516149391793362,1.5889075242820294,-3.0214488313051224,0.2457982443025086,1.920600502010086,1.6630220927671333,1.5928809670847077,2.76831469734962
2017-06-30,2.2127026339052662,-1.201607249413271,0.529780506886766,-2.0104819113252144,-3.3011575739464583,-0.8041113833845399,2.6313218635126496,0.7684637981373809,1.759271982757779,-2.5786727716694444,-0.3101020547582287,1.727268221786167,1.9907197817025089,1.7695417959348465,2.71037723659198
2017-07-03,1.6662972930278863,-0.544075859222938,0.4795885259380041,-1.8665810708576698,-3.0897580244839142,-1.4320203935584295,3.4241635003688646,0.6033149392068098,1.9264616875776222,-2.6308717741300733,-0.3444179865920065,2.0676095943573096,1.9615530201124578,1.6846839933810507,2.693060640412152
2017-07-04,1.7906668553086462,-0.39006266379014126,0.32996664215638244,-1.9828582253654794,-3.13456179384091,-1.402730431915519,3.4624562441030853,0.9970910235128458,2.265150843684595,-2.5510740740678086,-0.6082839515234645,2.1867608675803893,1.973877346725879,1.3757299893597055,2.358641567333859
2017-07-05,2.5188630481679257,-0.25756759492101877,0.2575830135161055,-1.8967050812287265,-2.589492528336979,-1.3311812442463768,3.2321726194087925,1.186258178997299,2.1840157530453754,-2.2419630297145616,0.12896243807068639,1.9484665149942246,1.6780623015243175,1.6881295311492979,2.616620978895081
2017-07-06,2.3465957891634677,0.28258726738241224,0.6085472868975427,-1.9214189052922832,-2.7275222173661042,-1.2613337354093228,3.433903321858623,1.1877803701925227,1.8487027652998642,-2.3925921896593456,0.3474448232563143,1.4716454424063954,1.853722535819181,1.7459254282705026,2.6415391521110787
2017-07-07,2.4111859822391173,-0.31818806988377796,0.3331523928468506,-1.8540167309191398,-3.1336655472194392,-1.1362754250220775,2.9036822915676463,1.2724189052113273,1.7138769047071374,-2.362134748760125,0.6878738075333398,1.1701851255785998,1.8382546040277161,1.932406469936337,2.537758833032769
2017-07-10,2.548914704082363,0.1592176823915215,1.6314138857191434,-1.500657772219536,-2.6151398496168765,-0.6767259784877447,2.865169624542464,1.195447647940803,1.5815805660183495,-2.248258631011785,0.7138415847955991,1.351906500330637,2.498019251447801,2.4314489077557595,2.5444313432702224
2017-07-11,2.278368380169365,1.5319324441906623,1.4276702407179287,-1.2444364407452164,-2.6678218645766347,-0.11611790164351056,2.882892708274733,1.3975993690428996,1.754490248585009,-2.434219159450239,0.48068133876534264,1.0627774651619728,2.6009615641016945,2.856898740415517,2.3485559475829665
2017-07-12,2.0123679590952017,1.629086899088768,1.6203161934382764,-0.9397549966876991,-2.1447532454112355,0.8562255025472834,2.8118605322334678,2.0443387323355315,1.894992650349502,-2.1951112107373216,0.319083272080028,1.0156576854580988,2.6186632748328185,2.956071386276131,1.7614270421609663
2017-07-13,2.3380910602387797,1.8007473784418215,1.5655557653283827,-0.7812625642386214,-2.34366036301633,0.44101597923038427,3.202767603033536,1.8198052407451022,2.133664345499544,-1.8143451363681657,0.600270001486173,1.4738009552412499,3.0205053587090056,3.573588995656955,2.2771328696114685
2017-07-14,2.888746024661068,1.7663236546998775,1.011829754536609,-0.650643334433997,-2.2956054939349486,0.46521096558372865,3.148387327580717,2.057993104300001,1.7387761501150532,-1.7048160189777546,0.8326033355133563,1.7750672739747209,3.117271969994262,3.378005983826098,2.081234718786702
2017-07-17,2.5987835802117814,1.841558292452545,1.4767683603899433,-0.7506611027254805,-2.0004537596822414,0.862496025911873,2.492314677909932,2.1297413458269383,1.9503891584988846,-1.5896558454067726,0.8998240706080678,1.4042552323008897,3.043280371543722,3.2951088138111513,2.051497875268603
2017-07-18,2.810195701740204,1.973372525706382,2.0343382555569787,-0.9966323614590104,-1.9209843017344128,0.13224609181001296,0.7537695650569313,1.9875766745433778,2.2069039118840084,-1.1273680231743197,1.0824665197832353,1.4056331241702535,3.034540496840079,3.520399349704441,1.1721735391304857
2017-07-19,2.811424705351121,1.757775796846732,2.1832154142647693,-0.8596962853662655,-1.8931031702458683,0.2828282418766961,0.9125373847062191,2.5248839699009378,2.4544889868066404,-0.9434888956364031,1.441523323574224,1.5274755585928932,3.378837043280126,3.7298914517101798,0.8744287465632598
2017-07-20,2.326521263293211,1.425153855627883,1.90497628684009,-1.3117553466085354,-1.5479730418668194,0.07484205474924535,0.6699696120815556,2.1457782875764964,1.8962599559787554,-1.0888654882574584,1.0203453249014394,1.16976223735644,2.9400591098092845,3.4794230174736334,0.6979148705078211
2017-07-21,2.6967623268450582,2.0875094221003963,2.8678624028490063,-0.8808560204901171,-1.5712969282787288,-0.05834573630829678,0.2915196466394446,1.575498364126695,1.7063754356772856,-1.2254149335544577,1.3890395500393848,0.9271496534110601,2.4097844433937357,3.3924656501721198,0.7134107630936968
2017-07-24,2.117975268409888,2.0589622617701697,2.9983960983552236,-0.6676960658912849,-1.5915882489340099,0.06607867073124352,0.6426050474323577,0.7607107169594425,1.6706658856545256,-1.2244103192184734,0.9890471059637214,0.8557991237186718,2.7059047484904504,3.556752193135465,0.4384042804724997
2017-07-25,2.4463086572865307,2.3089344085127577,2.9349970558851113,-0.6816126254754731,-2.556261338914789,-0.026711325158861612,0.8776455608511221,0.7141500447353504,1.3978207914268794,-1.4335742194243601,0.9380410424136023,1.0981867679478239,3.0909355724651824,3.563772217739105,0.6959734206119196
2017-07-26,1.9953701793794931,2.220012787439556,2.898259796173083,-0.7787788589533118,-3.2760085832490464,0.7914768609238158,0.9142535807793946,0.5115177481022642,1.720960589123753,-0.9373737483529816,1.1740925712301424,1.1575474516379425,3.4478124007517468,4.037784153494569,0.5618885212602781
2017-07-27,2.3125455262954158,1.328257454218637,2.863867952955872,-0.9397229194790845,-3.275045795442482,0.6310918358841116,0.7982156505480338,0.5643319049549131,1.8214162857029748,-1.0175467160512528,0.426574794441789,1.325434674663836,3.055303440361563,4.066668047588755,0.5177492529544923
2017-07-28,3.030006878961668,1.7940687639305288,2.6983147504562326,-0.7720925916031092,-2.7754020721812274,0.28505724681860545,0.7574624459528422,0.410959455221999,2.0318824065559506,-1.5038500933080068,-0.6644279063016838,0.5929031388865004,2.9603333663347646,3.7127342817001594,0.4811625281923485
2017-07-31,3.1670488492730624,2.234277950288916,2.6838618034681336,-0.4235721722544883,-1.5918362661858316,0.8592586627492202,0.6767211920600494,0.3934408792442306,2.5444916577769474,-1.8701995829591738,-1.1516279315007838,-0.006725694121756719,3.225653417811904,4.432746790480627,0.6576726727991634
2017-08-01,3.0177483006288637,1.7950045467787479,2.9277964864632655,-0.11327443029623849,-2.0867492927681384,0.8716960172420811,0.9414681535561931,0.2080751502812425,2.3766783402151543,-1.9593526995998696,-0.8029616047250866,0.11584467962273394,2.873246020302624,4.63941946809168,-0.05899852847941294
2017-08-02,2.911706898485898,1.4836072542172363,2.6453679338994496,-0.2801107207852038,-2.340435011540325,1.6631342609180004,0.9080715688231593,0.3181440973684275,1.8211156243260995,-2.2432209980688853,-1.0161745964183297,0.07501150640380932,3.1349731041407027,4.487707410910249,-0.24608727829361146
2017-08-03,1.9791245335554541,1.3395899452619506,2.6922799362160457,-0.2434991413642366,-2.5255462775473414,1.6197365320747843,0.655301112114146,-0.49820113511831654,1.2273364492093246,-2.4640045030871702,-1.4860978879984987,-0.510595263419115,2.7003028026874345,4.0377552334980145,-0.42497153777478086
2017-08-04,1.7247305144889513,1.3235560966190247,2.5394132367333633,-0.3152701812652585,-1.9995063802971451,2.5141441493737715,0.5245138845418568,-0.3581840291957573,1.4987134026543936,-2.7871786856453613,-1.926866130763828,-0.9345762111457558,2.9475658625885215,4.282219488064158,-0.6772799501576535
2017-08-07,1.3016918937708124,0.5193431895743246,2.349546482408327,-0.6232230154740105,-2.217327052555372,2.2976028546439453,0.5565234948682324,-0.043307359816967345,2.338030798465694,-2.940748359497665,-2.0594763068302364,-0.5812782551274085,2.8208948188539873,4.903158721981196,-0.9307360341318321
2017-08-08,0.5011651921468943,0.7159132358248796,2.3543435763818183,-0.8842714448733955,-2.6912330138244727,1.6739513248747404,0.21743131032479157,0.6741802798246628,1.9510187084142578,-3.0513356360802835,-3.2922741891772103,-0.8118362783824343,2.892437464209312,4.783285148130696,-1.781992399015977
2017-08-09,1.0377227138453846,0.7613423334737452,2.000986475515533,-1.0573772395996073,-2.2709716612573465,1.9588391351996117,-0.04668876536915177,1.6250087188869031,1.819739021949685,-3.503652923511163,-3.8975537982059425,-1.342386655579912,2.3225105597020566,4.437061170827438,-1.8829379989760595
2017-08-10,1.4309122627876087,1.0768394412718494,2.2788737522579874,-0.35657995668853854,-2.440069868818763,1.9786710122053455,0.03190241012904929,0.7678213803880068,2.630809340433054,-3.77661410255595,-4.48016583007873,-1.0170229122146237,2.245058473258451,3.8705572098940006,-2.7276158091972476
2017-08-11,1.5598746445643459,1.0171539878637486,1.909860342533466,-0.14149165107493897,-2.522215124926468,1.5888878375558164,0.11279597941218997,0.40231719219365975,3.3902624827665524,-4.086693996198331,-3.604168637770135,-0.4192261460210357,2.4721815019901507,3.934695468223495,-2.8861010791851713
2017-08-14,1.4396510113715608,0.963097570057394,2.0415678638050907,0.027344179323001747,-2.1304846450447013,1.7651166750227927,-0.22384438727728115,0.7086766643685407,3.5115826577832365,-3.3654375150688502,-3.553141088782883,-1.1198724426899567,2.032915919363066,4.342952919399318,-0.8077189083329869
2017-08-16,1.7926247430817637,0.7404690270990089,2.0820783064643433,0.6925495151343901,-1.9125080260805636,1.6720902195649545,-0.5951717705496758,0.5452399546397744,3.7631904587713594,-2.7859794563138833,-3.300292673083814,-1.633416170259411,2.0029349673736765,4.648548359868817,-0.7497316655918836
2017-08-17,1.4798912568396445,1.6728356496109025,1.7971245953079864,0.7214083870148911,-1.6763797080839553,2.515447054204622,-0.4325963048573037,0.4673200685648202,3.7445750715897366,-2.3309385143235613,-3.108254954636428,-2.005818459812445,2.4270090641932542,4.341603918405929,-0.2471097411107203
2017-08-18,1.4480917662230048,-0.11812823739390599,1.8311612496934422,0.8090807120709749,-1.5223393659475242,2.1460099546565266,-0.3468060477911804,0.7579727744343924,4.194334448739027,-2.5151774176774433,-2.996666507873912,-2.294926274716897,2.851880098715586,4.630120491683058,-0.04893658108350901
2017-08-21,0.470699083659097,-1.2682342155118547,1.4265795954458615,0.6143880451590654,-2.020568086956557,1.989908273097901,-0.3627424618393495,0.7328892318232666,4.176568152554137,-2.5211743906539916,-2.8985127080235644,-2.376964942418588,2.6308663351249053,4.460247252194584,-0.3793763129847237
2017-08-22,0.25835861172064184,-1.416562035589297,1.5009442987440926,0.7578133331596673,-1.8936388870546168,1.4924988973871183,-0.6660017652283934,-0.09462636632224301,4.903397469192797,-1.8682937149344374,-2.392636377159662,-1.613002143937352,2.6161085101500836,3.839243346814357,-0.5655668332909659
2017-08-23,0.4231400472161928,-0.9863899391947915,1.6440102151856189,2.76239326535357,-1.860802032797059,1.7080943687702381,-0.9432083564104511,0.07773838900646762,5.130486008191571,-0.8042560352442225,-2.108440597473895,-1.6434934900330684,3.048718785703433,4.365141274231367,0.7080296486540401
2017-08-24,0.38464186971179787,-0.8359369474262515,1.54977997492917,2.2778408635236116,-2.2696040843176464,1.0279331269208003,-0.8273074395735773,0.14688488229481286,4.869459097171037,-0.5356306924321267,-2.0251154915428065,-1.7112619569422582,3.23647759772619,4.344680740129202,0.5549288312245276
2017-08-28,0.37914317051519447,-0.1417403532300382,1.6569917369931089,2.2012187977726314,-1.9243688441266125,1.616571352605991,-0.7984405240701123,1.4932619631519346,4.2127426770851795,-0.07562280263238151,-2.5056945877760173,-1.6074222937373464,3.257397041202594,4.54626340710852,0.2638815052107289
2017-08-29,0.14217209790847501,-0.46046560399145986,1.4668304019974507,2.0350609159178434,-1.9916883081020424,0.9828531128182152,-0.9815834267769746,1.3152467540126207,3.708790845711397,-0.5418172566755741,-2.5482140755946823,-2.542298200888431,3.208125366385616,4.689824927790975,0.46406024994184125
2017-08-30,0.26547030290556595,-0.44517495685519803,1.1461529487709545,1.6794836878557795,-1.8332232813467673,0.7124121498388387,-1.1001212934957019,1.4142329127254778,4.155844279882118,-0.6722541542117196,-2.750318295280941,-2.4257727023750886,2.9377433040987455,5.147115851103511,0.5803140223517435
2017-08-31,0.34664102418638765,-0.4660597455579854,1.4889036390802504,1.6405027071053282,-2.2382987483671304,0.8003985901234073,-1.2122808568764603,1.4686473456563962,3.785279211210593,-0.7045529430356952,-2.7698733115968315,-2.6811952255422242,2.9216137044811856,5.154910957788753,0.6141850136323588
2017-09-01,0.8090383727218898,-0.6869468065892549,1.1539670068064496,1.1770041244348528,-1.34421413335963,1.3038584464867844,-0.9210944980629797,1.241344781019149,3.9763259502490285,-0.3407146474274671,-1.2894575717362324,-3.1440017606869026,2.8530532343425583,5.520684014546082,0.9765553731399854
2017-09-04,0.3501874271711565,-0.7260965458227078,1.6077685630612677,1.260882003118117,-1.167993620887559,1.3346312622113041,-0.9886220786290426,0.7659196715530657,3.7152396051353276,-0.12999022580772696,-1.3633151955721623,-2.758723621880224,2.3345846874040617,5.345277387578168,0.8632899051195707
2017-09-05,0.35019271529569546,-0.6328978715630696,1.7298609901377904,1.840295492059212,-0.8608381375271861,1.4750836368417963,-0.9743194576314188,1.3006920040557899,3.964780544774147,-0.8315678668823011,-1.7523774908017884,-3.183695934568166,2.095124847268077,5.2272117044502115,0.9425455280113688
2017-09-06,0.38782015068802717,-0.6166696473996387,2.067873557585868,2.2412619925962374,-0.7625616315562044,1.5321984882572826,-1.0561716449550567,1.0846564566561676,3.6769215788679515,-1.1809061060831294,-1.7831940412947864,-3.6846852244204094,1.8884947722150676,4.986287922576513,0.5775872295764382
2017-09-07,0.5449347877985763,-0.8362457834107324,2.6168723214902996,1.8567372976118943,-0.6772700094287353,1.7674224153149647,-1.2162298146530979,1.547644703204012,4.11701515497558,-1.2073987205018313,-1.6378756609852396,-3.2978681778369765,1.765440287777593,4.929045082633707,0.6342375273165383
2017-09-08,0.9713672883234962,-0.9221880234154675,3.079062375176296,2.253986012460221,-0.8091033485882857,1.2512537867760902,-1.1628496884325112,1.648174743135819,4.273567681704456,-1.5680387141885244,-1.922606736955803,-3.3157582189365886,2.1546478561332103,4.996863322145821,0.5423799763198207
2017-09-11,1.1126405306251141,-1.0186116391981406,3.3780515856894717,2.5121528120085426,-0.7023303945690493,1.5582399039327723,-0.9032876158043718,1.919023163376897,4.420729937137552,-1.735178801546045,-2.1330420572343143,-3.2356813734500083,2.0094824885623463,5.454653022460847,0.457541992130081
2017-09-12,1.6336152810523183,-0.8442808628224284,2.8120467025744347,2.6596708485133913,-0.5150191329680812,1.6450103551436943,-0.8062583508250886,2.1566972613559745,4.95719801428869,-1.3595455210888214,-2.239143721915837,-2.9431136156682696,2.125087729120412,5.872059222407557,0.428948587791413
2017-09-13,1.0915479603236187,-0.6827119128039831,3.1740663977984838,2.8039881470229577,-0.6738535013010376,1.3055418637635356,-1.2571891110720659,1.5028715574522502,5.0030792637123325,-0.4658040444543238,-1.8724034280476645,-3.136070493968785,1.973386919535146,5.795669414725661,0.19926727957754153
2017-09-14,0.6235894844775156,-0.4002117054789135,2.148304345439082,2.8721264109516773,-0.7540535846474078,1.2307216001831567,-1.3981803738925411,1.5524314059210815,4.906297414888769,0.16447141045278169,-1.577110536164511,-2.93849398416105,1.703835593234038,5.2943989302844265,0.2689520023994823
2017-09-15,0.6777782371397272,-0.3583889672386679,2.3216914076256576,2.7703382495781113,-0.15750028359062257,1.3255080754779038,-1.4310076265161313,1.9682704665522617,5.069654756140747,0.18074734215967014,-1.8599618031164737,-3.005361926735237,1.6086767292189132,5.227955242436174,0.10564477599372102
2017-09-18,0.7501288555793156,-0.3428557230762897,2.42488161694194,2.980134164972138,0.1527825138403087,1.2984156488318577,-1.5407216937427568,1.6260375040604667,4.8027846800354865,0.08887478966680902,-1.7440675121573221,-3.136111954496501,1.603643961332705,5.230042635385427,0.09426591341087125
2017-09-19,1.0184877277516389,-0.25012649148890825,2.4869298580134203,3.305705477575128,0.7749381659458106,1.5129087882541403,-1.59481012418867,1.4748246666004503,4.921200621707363,-0.2833441605514423,-1.5399197083569387,-3.4247002665136304,1.5710613478274784,5.440144784094575,0.10144939986972687
2017-09-20,1.07267448634746,-0.2881086111023585,2.5239685035021195,3.718307381977555,1.2974274228135956,1.5093048899005028,-1.4139153081983802,1.7743067485281618,4.732846716741674,-0.6417819128751696,-1.18885709210268,-3.1325261818186423,1.6678203606556574,6.089999787295817,0.2213227932002044
2017-09-21,1.5092041474629805,-0.10319653375709308,2.5467281678853224,4.150614975864212,0.9418084327992226,1.548419875006269,-1.552194860541005,1.7325321142452843,4.59102636788995,-0.30079528286689594,-0.38268004654889465,-3.2167046063502167,1.5604004661697475,5.933161224953956,0.2121302587200998
2017-09-22,1.388195136278469,-0.2362258358053687,2.573574602679456,3.5935175158256114,1.0024319660351124,1.0862580658025824,-1.4520595910834422,1.6532863426674025,4.25466340097375,-0.4654146912602671,-0.4945216701433588,-3.5591323169721694,1.0453963989224933,4.254494250836237,-0.44696018192351983
2017-09-25,1.4710217786190731,-0.36166308289276894,2.3329910953764363,3.463958833742499,1.0783937784286008,1.2354453587714318,-1.8409621837241303,1.2990217404483042,4.312870513560688,-0.46186659024972987,-0.6588610887333408,-3.970937594452305,0.5131227184224434,3.413729159471266,-0.908143956170906
2017-09-26,1.1235005612077158,-0.2791274570771193,2.293066263610742,3.6492076005661978,1.8346810439044543,1.2787508549776732,-2.35518605793654,1.0666500815409228,4.236860095940805,-0.8632464445597494,-1.0000690664698395,-3.88201318843234,0.5329645189911871,3.444337534170493,-0.639180397970971
2017-09-27,0.9204024366623356,-0.6107482590148352,2.0705888629104567,3.804418374773117,1.4853136042227326,1.3229604116311935,-3.481180962780973,1.1939459245820998,3.9811466529682447,-1.0831237139558334,-1.2430715882317873,-4.0881479864583605,0.3480213588036917,3.166373478387332,-1.2066554501017972
2017-09-28,1.2704793505159768,-0.8172692402077881,1.8781350808139545,4.204769446722662,1.5386456877960375,1.287776011737269,-3.1200224271052805,0.983618058121085,3.917026094262187,-0.9803813988672637,-0.7099738796861025,-4.182746502448474,0.29240748289288293,3.2751387617950667,-1.1476246846824791
2017-09-29,1.1682305195616305,-0.5992795882042838,1.6435536032986018,4.382657866884472,1.1401102789891322,1.3319264989946404,-3.0512692189184847,1.022985582647614,4.05391561069774,-0.8408637156810369,-1.061480117202813,-3.9552277733507353,0.7972270085844239,3.275195305145712,-1.122211034621311
2017-10-03,1.3189590123902197,-0.4874937193366215,1.8192283810774001,4.654825878430389,1.2394311123602975,1.5545290197735955,-3.148294277806983,1.245330126729041,4.042475064106182,-0.7448675392676806,-1.043272465344092,-2.64807577962317,0.31989968639188493,3.3368048518282114,-1.1207522781213606
2017-10-04,1.6582397541062672,-0.38073341201672456,1.8096821553293028,4.543415860742388,1.6656956107300303,1.3961192825880568,-2.7015608960435724,1.4454061706325676,4.374544817320988,-0.44457435661096,-0.9576692520567136,-2.5693297274494356,-0.2656441617164211,3.3299796806610993,-1.2026887165462676
2017-10-05,1.654336551727941,-0.653944317967197,1.1941266999832405,3.557825011622643,1.2355947205960078,1.6030707074154489,-2.7654841387665896,1.4428418622335164,4.342196823346393,-0.870360256658918,-1.0284194768026347,-2.040029032178629,-1.3443010493088436,3.2062266819527507,-1.0145952159123675
2017-10-06,2.051666804666058,-0.6566324859263925,1.7963284762877487,3.733955213925206,1.8006531912444828,1.7355506690468885,-2.6087336489139674,1.7672424444117079,4.480464337568039,-0.47689326213470185,-0.9577263930666541,-2.098609082490012,-0.5741503449562304,3.8311577399838446,-0.8368264561915251
2017-10-09,2.3214738573553975,-0.5569952863326886,1.7648936563268218,3.877601933025963,1.1177262641685612,1.5270184187799671,-2.4538488273415444,1.4786938846694375,4.327421384781302,-0.42044587078950285,-0.8128350467302144,-2.212640696243752,-0.8491243183505348,3.897567332915191,-0.8294917277361488
2017-10-10,2.315379520804697,-0.44895794620101204,1.7598939810758634,3.903278088019124,1.598699581232227,1.6070392004640681,-2.994394853049446,1.5684658761001493,4.1800769801573265,-0.6615299608282723,-0.8173503095263316,-1.8711263912401643,-0.9158605860406189,3.598453399486767,-0.8593441756951833
2017-10-11,1.6757047952874675,-0.4484158243816413,2.3500087922850423,3.958086951884705,1.523110474681537,1.1744880976738805,-2.971835549941739,1.4965457175959425,4.403651093142623,-0.7560535103051294,-1.0091162614796474,-2.068010166401069,-0.05548712024277258,3.5520386140198545,-0.9908081452875329
2017-10-12,1.9125941305432508,-0.6724967217787493,2.061041027093857,4.076837487632213,1.3787268025282222,1.2299695221509825,-2.474332440552245,1.547425605711651,5.088261644847245,-0.42226152149327073,-1.029822921254013,-1.9420238481924224,-0.2791737662074167,3.7159480151968904,-0.9868727390223283
2017-10-13,2.4575044840404954,-0.6522778218787786,1.7854100797105628,4.181392959204665,1.1698166792992977,1.2516490824590607,-1.4546110260401286,1.5252616643130936,5.013443889549923,-0.669305475325959,-1.2151379637357824,-2.025887559754475,0.966326666862742,3.9879706526597776,-0.8197961036238084
2017-10-16,2.0899799429516155,-0.43740826693158424,1.5405296756377653,3.839826908740803,1.2856076875668774,1.1808715615543288,-1.95125302824411,1.1105388049226281,4.404919000957083,-0.5966536951258834,-1.2089638903281024,-1.9689038492166688,1.2233308747396865,3.8714144853807766,-0.9000869045788451
2017-10-17,2.3771458080044243,-0.4160276298380581,1.6332026210547363,4.097338571276441,0.8445115090439178,1.504216472335704,-1.8179144232425275,1.5552249166670675,4.850560421668463,-0.47223055085393684,-1.2147774698429525,-1.9304332292001776,1.6587616233605647,3.9363891015164127,-0.6649206422472169
2017-10-18,2.306087317698869,-0.6618327824471514,0.8613704673255445,3.216035423839251,1.3993727600843007,1.8014685714641276,-1.4757217553082076,1.3744970118249586,4.918019147326399,-0.49901210474374674,-1.2431383585874203,-2.5113364428023677,1.84683346091085,3.9898553190103314,-0.4259094093905446
2017-10-19,2.026821002698044,-0.7732197216361412,0.1235562329976793,3.021570069584172,1.247380564700117,1.5512205717196088,-1.925938926414563,1.2103596033304458,4.5890554206396486,-0.4908287916321204,-1.0637583396882946,-2.927605733155514,1.9006053241289227,4.040844010839801,-0.494148583769228
2017-10-23,1.763422074327892,-0.6279855974423032,0.7361548360293918,3.632275103677292,1.2001098388933402,1.7631143300128347,-1.999798384866125,1.257773639964367,4.597276944732253,-0.28771777926172193,-1.076584009528189,-2.887776776466626,2.2466392443541987,4.056774509291227,-0.3031587901972956
2017-10-24,1.8875911224940694,-0.8198212635467325,0.7454713436240141,3.334804139127912,1.572653240415881,1.9422544488993232,-2.2016697784379833,1.4183801754218388,4.428460897280509,-0.7034871532552606,-1.144187623185168,-2.9453020500034146,2.428648731262896,3.8934871236916524,-0.39568327410986764
2017-10-25,0.3514485084579223,-0.3716396605502278,0.8960189036145945,3.9261400775212967,1.8015953976235377,2.215586684235682,-1.5993421024215018,1.1378043589152356,4.372049226254362,-0.7991086266974661,-0.8965885114770866,-3.3227277560443125,3.1549331186538083,3.993284951962519,-0.24803657659234563
2017-10-26,0.2262809332613496,-0.5780183765037341,1.2408321140727574,4.051064347796157,1.642541362706385,2.518727068387236,-1.9476639143957424,1.1695084100977606,3.858267532949656,-0.2080679745960856,-0.3335797759267001,-3.2158357939238957,3.1232999579486163,4.550732838922242,-0.052950263034500254
2017-10-27,0.24776437866405487,-0.7938412026899483,0.8149302155309035,3.8163296617355553,1.7767519082299807,2.1946433277724715,-1.3701609428196737,1.2790467486786232,3.730124314943213,0.6573020168661032,0.2435464076407727,-2.9843686931226183,2.0872307739436367,4.121532188062112,-0.039897172605151555
2017-10-30,0.37206243303617315,-0.7485005213503799,-0.05585107822968354,3.578973162190569,2.2747012756232907,2.150534470969119,-1.9797410364876127,1.6037255818812213,4.3333878639964105,0.678449125756666,0.22150146964840908,-3.0211527751922667,2.346973827127911,3.7562251353977394,0.10348683460653374
2017-10-31,0.3841327788396966,-0.7179746480255489,0.10238303122862348,3.4515158617603254,2.928398779792746,1.3708882976231929,-1.7234346161092913,1.5873132868010806,3.9848801574262214,0.9111875658799281,0.410292378782663,-3.0370954269064527,2.499140355502596,3.471534530326123,0.6603377823838189
2017-11-01,0.6678121249181919,-0.5037150179337145,0.4822434401161481,3.4623462406229524,2.8831717590978436,1.2400476871692803,-0.9653115148248497,1.7358700895978871,4.1757510867873755,1.0003152284736214,0.3283893499435809,-2.9868999323299983,2.9773180015258927,3.8775259143941248,1.0407016704422083
2017-11-02,0.5752841301755638,-0.5637864424532106,0.42779993634845526,2.416004738331696,2.4728139843608026,0.6778805509514534,-1.276044200554627,1.7406902971309337,3.7521675153432614,1.5423634051003818,0.983237896589198,-2.885980278041925,3.1641582218937616,3.4469133689753213,1.0295174078605842
2017-11-03,0.45885125601468185,-0.28245824379594625,0.6966627637129271,2.35721524934883,3.072126910461713,1.1989024081487643,-1.220801421807812,1.9465212851629998,3.100325933146281,1.288711691847432,1.1781640906273867,-3.1729658068239224,3.2232249338562835,2.9751177936723225,1.1818334290013004
2017-11-06,0.5540496295898973,-0.1855965641258389,1.1754636217112446,2.6246837419037705,3.814145573087614,1.2892570490265647,-0.7883828519141828,2.541616889899107,3.2495519047035097,1.1884031712828456,1.6638612517577032,-3.1277299814920374,3.004637625144024,2.508905616651405,1.8091006358580377
2017-11-07,0.5288307935865839,0.14376010166985076,1.4587384595895776,3.172143656126873,3.0725913224524426,0.9077828472269879,-0.6305897911712376,2.6455610650089922,3.3672161463318244,1.5677218008852294,1.8657814299461222,-2.9228402777566234,2.596733247686397,2.492902602569881,1.528133033010384
2017-11-08,0.39972065357725284,-0.07635055925895065,1.325777901178302,3.328065911474603,3.180624941959865,0.787665911094355,-0.6443352319393199,3.2219745152070605,3.066251827071001,2.188888773088327,2.388341186326949,-3.0479694616628357,2.115955529732834,2.5124291906331018,2.4491520417704997
2017-11-09,0.37139100264393093,-0.13666641136789293,1.1975814869627794,3.392957265727265,3.3880086034234025,1.4569661050713782,-0.9803985886639024,3.4717512097074716,3.6230897073503527,2.419550160435622,2.135593816367518,-2.9794483371852296,2.3563353436981314,2.9990471493725144,2.8974999310977227
2017-11-10,0.32526075840765295,0.06448787079618369,1.3199878614967466,3.445477760571057,3.3126297745868714,0.9385653423382349,-0.7980642783745514,3.1437556194144545,3.7768133193916156,1.7260775069439693,2.0739508636917883,-2.5890947346831865,2.5103684840143243,2.341746803314952,1.7991699522677216
2017-11-13,-0.02185990882562712,0.006144247486461095,0.8315779857733743,2.8442188936193475,2.6466731479771095,1.1918196083200814,-1.952330005206887,2.8854349665472427,3.2527753081195137,1.4770941680066247,2.0351351885471605,-2.2595554033178673,2.405248477256107,1.8005841839673637,1.5339632040503097
2017-11-14,0.3141789486920284,-0.7365598638226974,0.9665866279178636,2.579694794168863,2.47408268819336,0.41541125809876106,-2.2020098190006294,2.753014819104721,2.9991772926449634,1.2385553388301656,1.8728004911202232,-1.747787753602479,2.1843473726773617,1.8239803033192121,1.475209745362395
2017-11-15,0.6831693460327526,1.0276175070033653,0.8140666624585117,2.690483714213446,2.0069934187439107,0.49023386264617264,-2.692643744967506,2.9447016464246447,2.7771186443924005,1.183014770685916,2.0024066922483303,-1.0279549809937436,1.7885369487263985,1.5946118362974162,1.4470573208031436
2017-11-16,1.113223908959489,3.279569188921831,0.9477543360996888,2.715734969692281,2.5623601068999324,0.9666953815935141,-2.4696065778124394,2.8376520589503302,2.8395946199385413,1.5713023717712666,2.4640699463664912,-0.29265321743737466,1.909676138714543,1.9466223472936384,1.9007124779711073
2017-11-17,1.2034930628210654,2.747916640572216,0.5077666357024986,1.7903314147043328,2.1912371196437754,1.7522360273447064,-2.2718080021365092,2.9987623615930894,3.1054458306314103,1.5139283976066484,2.094064002480485,-0.5431191466225044,1.9130321231640088,2.3694983662119897,2.855436401737761
2017-11-20,1.3454742749186928,2.078839369931051,0.46041969566070495,1.8855801527324083,2.3735221790105947,1.77509768059738,-2.1151369102224034,3.079080849126203,2.9105210924660527,1.5515087343945115,1.5490194260416048,-0.3592337014703552,1.6471502232323938,1.9930873234553181,2.5014082205194765
2017-11-21,1.298407366084868,1.7633844354680352,0.482932471579486,2.505237116320443,2.4791050282711766,2.266580784456332,-2.3265367196809876,3.138579815411495,3.3835352982104574,1.6730653553672228,1.7886831026665952,0.6002221613982341,1.849562848337996,2.0989314427353514,2.1710887760975597
2017-11-22,1.1409248142803146,1.0939540206764364,0.3951293610932273,2.0839930975348415,2.400873819204924,1.5806742859124823,-2.1696678427508433,1.8687734523344888,3.3088270918588742,1.3339418508404974,1.848055909443806,1.05106840060399,1.7182474320758971,2.186150986061597,2.4903559695211572
2017-11-23,1.314326866732667,2.044004233528969,0.32562800302464867,2.160596451047899,2.8180373179391176,2.2086567523935736,-1.9804207839875432,2.2005674418164833,3.4470141964046017,1.8938203740316348,1.6006312650446166,1.1491521156141398,1.8237113985524804,2.405990462081938,2.54113581803027
2017-11-24,1.3316024812359906,2.465688677325532,0.2123706280084638,2.5512521692528467,2.634529687161501,2.266240972308674,-1.8739164512999422,1.6046091612447408,2.853124358623938,1.9412395793361545,1.5607909792137338,0.998965255103133,1.8103846561226928,2.0507362190994756,2.7223469883171942
2017-11-27,1.3545711773791569,2.5207609411988523,-0.3126955215262526,2.6095508576008,3.052214210126973,2.7945201755769222,-2.037540872391369,1.2973149818080572,3.184369910000879,2.080733177303488,1.6663636237230668,0.9561147567556212,1.8716564072187256,1.9050329869293636,2.822316599526601
2017-11-28,0.8773312712659381,2.020440321929296,-0.06994647862223206,2.8381359308550644,2.490603447864964,2.3388066241622902,-2.371325576508832,1.6904321816105978,3.09592017918729,1.725752491877973,0.6034001267953301,0.4926185108322291,1.8715730379920528,1.5800669897559019,2.307559573999809
2017-11-29,1.123993912789642,2.5705968896155027,0.19902412351623777,3.0488881210424834,2.4155414695306043,2.2310690049409136,-2.2201859967831417,2.335684648691972,3.336747956686651,1.4478590945606458,0.660554312688416,0.1291212963373755,2.1265138627302176,1.8643970750473216,2.4964182841520577
2017-11-30,0.34843951319515265,2.348104303443669,-0.3844386593398405,2.3670155404972926,2.1461130800755313,1.9472221581934794,-2.3842586427138714,2.2755110059540407,3.13207685065513,1.5158480127159881,0.6154613701552627,0.2649323833406707,2.4339060008193325,1.2719139840589064,2.488691927252808
2017-12-01,0.2870055621593929,2.0434653117517394,-0.59652409635421,1.863249574544833,2.1041878308030033,1.9045992667248088,-1.922264007044084,2.595657198577725,3.1588369479671496,1.6748538011574647,0.37894123407938657,0.9248581465668807,2.2444705388250625,0.8773230626358905,2.0365511280840853
2017-12-04,0.19311006283005408,2.5822572204576675,-0.7001332050618044,1.8047936761577115,2.274401735495625,1.4488276506833933,-1.4739637384422888,2.121134246484578,2.8350581672442505,1.3566436932182904,0.2543960021638532,0.8567907847551879,2.4013710328204168,1.0643583817029743,2.1677485829024237
2017-12-05,-0.060837627408996994,2.8888920026513656,-1.3596982635480155,1.364823283059433,2.0121729235770287,1.3586742818454047,-1.8049638917872877,1.8265812710394915,2.673650715256969,1.6993760949311756,0.4477751814188563,1.1636222575120574,2.375395213802278,0.6630446416042401,2.2844475751289193
2017-12-06,-0.04323391059274426,3.1868352659921673,-1.4965335641835886,1.2172408235039174,1.6548939100132225,0.7850736891519908,-2.1606024011929947,1.5601406039848087,2.6134264238418914,1.4824783937165886,0.40838304741585785,0.9626785370147263,2.2159974228489476,0.2499310695161834,2.285820374384046
2017-12-07,-0.32326787660439227,3.2599208103679325,-1.3670102086306448,1.9243624389526777,1.836357888280167,1.379953139555067,-2.4107921081590424,1.589024645517378,3.1663278280661507,1.0088189068205364,0.3423042894697041,1.219000826087769,2.7268352581272017,0.24854903702307543,2.4018885347745433
2017-12-08,-0.13328350622673618,3.31677011470128,-1.0328361140540192,1.9081504597908374,2.233347536237433,1.5877195978183323,-0.8013162777854534,2.5604041241019524,2.602777471457782,0.7651923971167772,-0.06829363146339655,1.8413200534786165,3.0314007935600165,0.585667171687671,2.6036923245933457
2017-12-11,0.11691019008020213,3.1811388938827316,0.6466709696671129,2.022401868400022,2.286401711044219,1.35634443429898,-0.44821266966410067,2.524688292546501,2.6088163558349797,0.37996648955082823,-0.25492982802044556,1.9421608879392593,3.2579606897337676,0.6817265249176097,2.604170004102107
2017-12-12,-0.0001755467822881877,2.9338735040206623,0.27208612215073935,1.9415623846601313,2.032963357139407,1.2094772886905811,-0.6305582369544613,2.333838401695492,2.4839545879599165,0.13795615841471862,0.4313720336988448,1.9752316144112085,3.145627276240258,0.3984900350772614,2.449651962036486
2017-12-13,0.053821894287999765,2.740491607794079,-0.1298023623967332,1.9858879385418324,2.250124146077279,1.1421153638175598,-0.6591501665237112,2.59857946638365,2.1114270283879635,0.014896696063732322,0.2601027497023235,1.8944982668959451,2.986138676808957,0.3241817661006271,2.0187001181068025
2017-12-14,-0.10377715081651998,2.86800317429358,0.011314574702281845,2.192916022019009,2.2207319366451674,1.1669612652832966,-0.2346136626622258,2.509032246455987,1.600348025179155,0.09542361693109279,0.5749444181946046,2.2355205948198016,3.0985883514710917,0.35904108764452153,2.0749064335959844
2017-12-15,0.24140892753099397,3.071731840834669,-0.13886120463702703,1.7290984290402192,1.918639832802872,1.3504287580677006,-0.5384440844975996,2.6202428580232757,1.7342296410284679,0.5176610685845512,0.48962498788922443,1.9802663697523275,2.993114218087002,0.2971389979889471,2.3146253704776742
2017-12-18,-0.027287464466743676,3.0011554060287184,0.4346201521803976,1.1767158309479746,2.0265753042924985,1.3349503367714184,-0.48936664231368676,3.1401899405452216,1.830526618854783,0.4312382555680271,-0.5091298429707793,1.6987628068342093,3.0706510408717147,0.5616940165854312,2.598638559140508
2017-12-19,0.08530116585559898,2.998991552257377,-0.11051301128674217,1.2763978645777072,2.3691248236798144,1.9285440356186583,-0.2946965444621727,2.9251630023907933,2.3817007779640367,0.5377615337299491,-0.28382034777813125,2.1608740515943734,3.404621449834057,1.7022006368791915,3.6146070506938637
2017-12-20,0.38368696888444365,3.337698156266343,0.4931761826165367,1.4189320165367019,2.571412777034429,1.6828010677266865,0.18218955247327925,3.1903442334575907,2.2764307542406885,0.7731495642834264,-0.31109877536466524,2.5949940323991965,3.40235609119031,1.9581567922569412,4.642973618309049
2017-12-21,0.4588964873978927,3.221851834719064,0.7567586059191629,1.5040000642377056,2.0059529612657334,1.789922310081996,0.139317758338524,3.4435777474612586,2.004366504708467,0.7505994628331578,-0.0173686370328302,2.8284777878184797,3.3683599238838124,1.8648744524094398,4.3711437834871765
2017-12-22,0.7779368253232363,3.7425252140960397,1.2692230961983013,1.5024787905571049,2.5693915462064103,2.027669487704646,0.5303691645940973,3.1943399049544654,2.191933236575011,1.2513745035825747,0.32845125428550825,2.69586633079541,3.498566328000423,1.9182139794563349,5.422957083375447
2017-12-26,0.3430343875385535,3.7587024540810114,1.6128048958251926,1.3558308076647243,2.4634370702275192,1.7151084122203675,0.33446329984329193,2.8322343275891044,2.004813315233505,1.40475739373504,-0.0018423074402784626,2.9483047770186466,3.879797733404804,2.1829586507586813,5.61522550007928
2017-12-27,0.3622138591835488,3.6250171092209764,2.5331280347398097,1.52147218536074,2.423738136237933,1.4060768838021085,0.4631116832593359,2.1807873330030216,1.9340025338413451,2.0657085876510477,0.6622951786768786,3.0132427747882766,3.5050130146976577,2.1461517940178396,5.134099035545845
2017-12-28,0.048650748478432385,3.50674783534268,2.407009111025009,1.171110044791904,2.49036654272646,1.1032099688150134,0.12347108167428557,1.810994288919457,1.6213715801132427,1.877378657569532,0.8295618259957095,2.8024663552404387,3.5777669472521367,2.231886294702869,5.388998836910895
2017-12-29,-0.36468265773701736,3.807622364547524,2.8946256668438957,1.316752577067627,2.535864971089225,1.2578860328124717,-0.3535889334158306,2.1816302624961925,1.8014311844987414,1.5482242429956832,0.31501089168548646,2.4393111962599248,3.7760837808616015,2.1796481042308926,5.214000467965004
2018-01-01,-0.6817259059040458,3.504766789068519,3.002174954068675,1.7786262787740579,2.3578021405011813,0.8074185767556633,-0.23319191863321556,2.4468587805319353,1.824347629367555,1.7384670807875424,0.22643988032235787,1.9590248376460795,3.7227029903523197,1.8260635086933494,4.7951265787208674
2018-01-02,-0.760634046390546,3.031605691276916,2.914456129968243,1.8924450693865413,2.468383663728742,0.4696075122246625,-0.48844864652206754,2.1160167980326436,1.4433091629497647,1.2600755650405426,0.3676273759109899,2.093631293396058,3.3377705677592773,1.2370211689045554,4.623298427830101
2018-01-03,-1.082482432621484,2.7289749137782287,2.0207700781933116,1.845095027774947,2.485384184027895,0.37691871382648484,-0.6402444842128534,2.3468274348173934,1.6360783099447458,1.1457009640384963,-0.41300536210568933,2.0439101826528083,3.4713306005102194,1.2239183474732425,4.7159213453169775
2018-01-04,-1.209017170611847,2.314861619642829,2.137585733356121,1.8377383922265187,2.9641214820479402,0.30229101907176464,-0.4139458660174008,2.409032340645448,1.3651746914292795,1.563288755311339,0.11465504878561494,1.2524869328160917,3.4157084952109695,2.049749986892322,4.75068365333936
2018-01-05,-0.8816943804122969,2.3581304862881862,1.6611742455617236,1.8894915290867977,2.9962786508171413,0.44448472899473845,-0.1873270430575118,2.3592814157753783,1.3161817243536629,1.532832237751077,0.833171833612402,1.9454338807050988,3.2928145633900225,2.5871376872630614,4.987793683993444
2018-01-08,-1.1423410429270267,2.9115247661074077,1.5560490473027133,1.9660523137433474,2.8507649493384766,0.21428169810083145,-0.06958948068853746,2.3137778514997023,0.803397565601346,1.4882991174822675,0.8000463973692337,1.7527396682099399,2.8305608613377293,2.270906653228237,4.83884502228476
2018-01-09,-1.701547048251729,2.9574086776381963,2.13130552637943,1.8368396382531613,2.8213262862564297,0.20131139067744883,0.5348714516634768,1.7858871226470463,0.37720067615060054,1.4939893693133233,0.854455056129146,1.5956009109723066,2.046434524057178,1.8600531412068848,5.1848490506528195
2018-01-10,-1.8903190418081437,2.97511075855373,2.8163402829904225,2.130323767479733,2.676379188286317,-0.11539361638746864,0.2660806680797773,2.2716685121284432,0.7346376796581708,1.111751694652537,0.2780444290256282,1.4985389374469362,1.4491266835649024,1.7543842528541822,5.161579589262709
2018-01-11,-1.3758046392086773,3.625567019420633,2.43069635548919,2.403403143257357,2.761631241159752,-0.2369409157130471,0.3307055972287805,2.0444823152591614,0.5968208605450276,1.204164328918515,0.4350830575623786,1.6926142425780164,1.3279811966087665,1.7758080063978854,4.883818282440284
2018-01-12,-1.669525016853853,3.847293258018143,1.900182787181592,2.916074556029666,2.6978786853556085,-0.6670012664497241,-0.20314150759564653,2.275063065188905,0.19875705164815144,1.2844936809420575,0.5631303353373753,1.6684924010174675,1.3097309879356873,1.8456037518249113,4.818749173172891
2018-01-15,-0.8712814275702853,3.840359389397873,1.828801910694636,2.7091323033216614,2.561459276966772,-0.2078006032520391,-0.1286284646853716,2.276940359007887,0.5357716423239458,1.225691684110325,0.540069499719812,1.984875292114413,0.9068513700155562,2.3116411699106947,5.019458645858477
2018-01-16,-0.621751241241999,4.1223325600061385,2.336367502711492,2.9020541369512896,2.646077501835975,-0.43253429668295346,-0.4471479024293974,2.3389839588729044,0.19811245826931873,1.1306162234065114,0.8456496606955987,1.4035672129067234,0.1664707101051972,1.594669042070458,4.240326260265517
2018-01-17,-0.8773953730099778,4.905180829565446,1.9276283321089942,3.1272559880576987,2.1428479096979065,-0.9917332287377001,-0.009708043013321356,2.2015775609927166,0.6821964957726264,1.4500103822040429,1.022088169044887,1.1577255951998162,0.1168688948209871,1.6045703373286737,4.516119053069205
2018-01-18,1.2161455023089578,4.724374834821443,1.769753365052506,2.6735915085022297,1.92210605382193,-1.5407246158248218,0.45474874704039375,2.4824199094793067,0.03634087920314737,1.5993433798360612,0.9171829666471384,1.403923424826849,-0.3350993260444176,1.0188869171873305,3.6250028339185896
2018-01-19,1.3676505078048176,4.280083386172904,1.7641648332127882,2.4008482721945232,1.8408023650426444,-1.639456685794777,0.6325837575468432,2.2916526897801797,0.4646391378838238,1.2827009477979898,1.1447336916931472,1.913272875188604,-0.15811559226377847,0.7421831760383772,3.568349642278291
2018-01-22,1.449584212770672,4.4239050386185985,1.6540786634739528,2.8327348127949614,1.8241538761756642,-1.3343716532922234,0.4677488936679377,2.134660663019498,0.6030593877375278,0.858949708889869,0.8336948635435215,2.2442907255854125,0.3001707209985099,0.78694731773007,3.5062984117824363
2018-01-23,1.4933953624253313,4.8720562414326665,1.498457580348041,2.988534974287045,2.081948759495659,-1.3838965137075918,1.1171701552949864,1.6708816917210805,0.045271554616842374,0.8548804788171156,0.6909599409508305,1.8279217766138558,0.13693384302075676,1.6636760789588294,3.638344429096546
2018-01-24,1.7558196293798498,5.2736449110334656,1.3650796510548235,3.438844117906909,1.9822685287010524,-0.990303065712575,1.4659008831826397,1.5678117713255284,0.48788983834801086,1.0504739728071073,1.025669553238728,1.1800451123137967,-0.7643036642291984,1.608091451203082,3.035705897986652
2018-01-25,2.1168891531741227,4.936782562045767,1.2726386405666525,3.1245660408807807,1.8007717875389369,-1.214716380347448,1.0911266786841305,0.8585298708002945,-0.2660184372770091,0.9886557743570757,1.226632687012556,1.5567456504966386,-2.239287398377407,1.6850983041691072,2.4073727602444372
2018-01-29,2.813953028577793,5.175518575009177,1.2425849647079423,4.127710058723949,1.794247642348801,-1.2770820254171265,0.974293762049888,1.12761157580225,0.2537807300964353,0.8002028093900846,-0.2295760849176346,1.63974011967492,-2.682535669117726,2.0361126467976622,2.473329763969135
2018-01-30,2.050989378168272,4.830614076533333,0.9139365443136204,4.24729499194598,1.2191736774755166,-1.6478124358532027,0.9574843147313885,0.3580269217216709,0.3222357613547206,1.2666301212382385,-0.6141116290308506,1.816846869703202,-2.540503053256933,1.780672344411556,2.156549221734366
2018-01-31,2.6931442700868806,4.338888607325687,0.4780363237357218,4.598905933702229,0.4845150727519302,-1.288769941690558,0.6616073494005639,-0.31932685311623515,0.29164179992566763,1.2293681982602829,-0.958360921609506,2.273753942619551,-2.354774801827874,0.9022691178972767,1.8730300128661173
2018-02-01,2.8754296220862154,3.776673207874925,0.07412297141622981,4.24762636407931,0.21770329777162237,-1.3472812784324069,0.9542840054373347,-1.3506635945561345,0.5329254163159319,0.8899692976218705,-1.2977263234234906,2.9952172346875416,-1.979658348859335,1.0380665335833779,2.0407327246481564
2018-02-02,1.8847157273821844,3.8252387310658533,0.055071156924531434,3.9701545164638863,0.1351566094019048,-1.5972733922384057,0.9496988433421397,-2.5443256596251125,0.44346017447381786,0.5129530976340471,-1.335733875372631,2.309606289486427,-1.9750870557326854,0.37358287476668695,0.6534279292307776
2018-02-05,1.431372569860191,3.6781049516070166,-0.06898829355524398,4.196131281510975,0.04721196219862329,-1.6897069545957775,1.785657860287682,-2.437283485972167,-0.5904403406626532,0.7988154953770769,-1.5383311904954282,1.8623376989771412,-1.5815467401275778,-0.02304999994897276,0.9746508441534062
2018-02-06,1.0235648726234545,2.8570446709934,-0.3380883359676431,3.4252120174320315,-0.3768636000317496,-1.6240008361570617,1.1103703161338034,-2.8076830947225253,-1.590290607653434,0.817912988873113,-1.5445723159348144,1.9342190836492144,-1.5922716284566023,0.01478111177707253,1.0413009293356859
2018-02-07,1.0494137164723343,3.108688912920857,-0.42282998626070734,3.355463730159688,0.650839589105189,-1.1919102691304728,1.5681613945463262,-2.615783216308599,-1.530375235734955,0.6169733216140573,-1.4065779206860274,1.8833456585113189,-1.7095701914162544,0.21088135704734157,1.3260131866901372
2018-02-08,1.277295626933582,3.554465771918671,-0.3871472776470882,3.562056332045345,0.7407925939191038,-1.462464776343987,1.6415925698881049,-2.423806152864493,-0.6957474745693275,1.617006484873179,-0.7510285251447579,2.0249883404591444,-1.7277406479606414,0.5812583964733887,1.3226929443547952
2018-02-09,0.5486612882028736,2.988750464416352,-0.5676390045521627,2.9196982917910117,1.0597148549457125,-1.1484444433481522,1.7109988054698049,-2.8425794748770814,-0.4457205204026828,2.25508188129231,-0.5993347621391212,1.7530486548632012,-1.6564809261965114,1.0968953221927533,1.4373253798122292
2018-02-12,0.6534618277632325,2.283231096158972,-0.378363949571506,2.6812470914554085,1.2307281323554038,-1.2266729885063712,1.412382153515476,-1.7038568811277768,0.2594174322569505,2.301452456644844,-0.6780363343042446,1.7688318464786297,-1.6840673717359862,1.4852417579704948,1.3931457742512976
2018-02-14,0.5151396891627634,2.5861682806517057,0.06521259161454349,3.7115053605740123,0.8810659172558141,-1.6803742766025531,0.8484147795952675,-1.3595504424209848,0.15885568815840898,1.6753266480364035,-0.746292407341248,1.800416382987838,-1.434647620412173,1.046683680167435,0.5376508009470348
2018-02-15,0.1252295568415629,3.1111818001921594,0.055518620072842445,3.8339149136401134,0.8845268956442973,-2.1078599605514947,0.8794012296780178,-0.24835310844630032,0.059049237158026804,1.698022949226632,-0.36873711152933375,1.9173170196927865,-1.585606098682986,0.8561105623598738,0.35682254679242753
2018-02-16,0.5439836177326257,3.2250938985990256,-0.016884357806610108,2.7029540447897507,0.6730866282002967,-2.5839246932833664,1.0527531716762448,-0.278118778874017,-0.068346774715694,1.1440584138443448,-1.0968226178456488,0.5546066470222166,-2.1640219755970307,0.40723480238704984,0.34830864774278775
2018-02-19,0.7573233939504276,3.2912097110521397,-0.10185175895366247,2.7489494283336087,0.4898583230100456,-2.410609863826985,0.6258885435799169,-0.12799524500501172,-0.10155340021467876,0.8456401930105478,-1.2928052651448025,0.5692435327739771,-2.2204455544272252,-0.46762069494638425,0.36547363126761145
2018-02-20,0.6191543049371852,2.9422686268222114,0.039871583443672975,2.583772745327109,0.6056783048912199,-1.9778451950250617,0.5492938445708291,0.08547264004416276,-0.13118664358917054,0.5358345576560212,-0.8643629680464417,0.8261150738992282,-2.0219869357383993,-0.44678962536936734,0.30257890471518695
2018-02-21,0.6364896104442394,2.7813550564782554,0.1401951045978289,2.915044145518702,0.945674521980027,-2.250493420537856,0.7434363341070592,0.48766051970466284,0.22228601432147493,-0.45454456169244184,-0.7724419652447528,0.8903927394797677,-1.9838456318822042,-0.585150127853591,-0.20483369436076257
2018-02-22,0.868811724277871,3.264031405520423,0.036902852002437654,2.956382147489301,0.307829561400818,-3.7834726006510686,0.7827465536449013,0.3410739672638077,0.36161450703844483,-0.09491818580396282,-1.0664632236025957,1.403780020644041,-2.1270325873136713,-0.5428247546539074,-0.5082991684797495
2018-02-23,1.1906730416991298,3.511123588977495,0.18091908040684662,3.325823509455247,0.8847537397392532,-2.6895524715293706,1.1580187260453225,0.4538438573091011,0.8282921295463287,0.7688110879904704,-0.7127030608663006,1.5189513430961576,-1.6495248451701032,0.2971282940605967,-0.06698904816257682
2018-02-26,1.7345409319574492,3.1912533283948945,-0.2670352681127477,3.187685883390885,0.8242122905827702,-2.669862119602117,0.8408488309405673,0.5459526937423488,0.7676642809595056,0.36495772590621006,-0.4283434355029493,1.5975419120105114,-1.8258734859377777,0.24379872743190578,0.12011205063230375
2018-02-27,2.123795026959386,3.551945621452549,0.16073392154294677,3.3811603209697054,0.8267100163795463,-2.0085107243506806,1.0122376886985351,0.48486581144351937,0.693799952361218,0.2755228165969242,-0.18210481614779622,1.16116387626676,-1.6049256192371713,0.3621068291252804,-0.3550712040616334
2018-02-28,1.95992311789519,4.3731022228356204,0.38993166592190875,4.070615231374678,0.9016136514775264,-2.3905650541642327,0.970391760134337,0.38768015466638084,0.9147913604814274,0.3861517231034425,0.15925946776727742,0.767130432203668,-1.3565152518927246,0.6135281155696473,0.19922965847123725
2018-03-01,2.2415324709683064,3.6579197892409336,0.3349374494665739,4.054070422922633,0.8467276246549723,-2.268461632307485,0.8860851137768371,0.6255765792078926,0.8879178838220267,0.5135548085276009,0.061920991052077635,0.45967282416753213,-1.3851842657981077,0.5485066967425846,-0.05750684165542119
2018-03-05,2.2872587492781267,3.582247856840596,0.6710852495396574,4.726549578610954,0.7718716281504528,-1.7772314346898945,0.661619442213212,0.2545559405885224,0.713121574659144,0.7585414192094098,-0.0594799975731076,0.1799045239358739,-1.7528464798833943,0.40208009088742647,-0.1946450364889273
2018-03-06,1.8886953079631694,3.359703953038945,0.46742626865795284,4.112695611196978,1.0011703212418304,-1.5412901163467942,0.5296970225054445,0.12550385096159586,0.38062707793653744,0.6517632228885404,-0.02697514506498769,0.230274475504227,-1.7920051328764912,0.6368999448747419,-0.5680830687338818
2018-03-07,1.8998245989601197,3.011476058041066,0.4486516808363466,3.3207411949826557,0.5317829667881417,-2.47460630202715,0.668112474067634,-0.15627152286302412,-0.20892347191550345,0.5128777825018733,-0.18661842538072845,-0.06640554028234529,-3.2674281688473643,-0.002092676929679609,-1.0094545663727856
2018-03-08,1.6771318811356297,3.1909960642235053,0.3239584199742951,3.3101604188380906,0.1160093022775253,-2.1106623889944216,-0.23060751770580437,-0.45845183633541065,0.05419891061229434,-0.008809608807384482,-0.15532204931257798,-0.15200708129609994,-3.6820732400553244,-0.4309650364520885,-0.8286256681528003
2018-03-09,1.6916447017901395,3.2406113022664633,-0.12723548591012743,3.4528495641514487,0.21691229778244717,-1.9478488952448465,-0.5813242396003866,-0.5733973296393853,-0.04067610880101878,-0.3816986895047121,-0.30167232373548997,-0.2978746999439282,-3.8921123988969337,-1.027118029781786,-1.2311279952140681
2018-03-12,2.2321698646339505,3.490433744534856,0.3618534688281324,3.4442183961281265,0.17408014428800564,-0.20830547192108034,0.8184050868617984,-0.8769716811525808,0.1214803440032266,-0.03303520938895314,-0.6206776002284873,-0.515943483396298,-2.7586163620224378,-0.5076916005462817,-0.6236692685562106
2018-03-13,1.5578875064151418,3.610891592946917,0.7785622266656966,3.3577818534054305,0.3012498614851075,-0.4989246233721074,0.9905848937687332,-0.6262566631145354,0.35304361137354545,0.31920728787770986,-0.40987244942756035,-0.817487843473996,-2.4245637282301136,-0.22455107906229668,-0.2176183137288488
2018-03-14,1.3049004649763771,3.361723245253327,0.5096100567966511,3.4786573167137744,-0.00883421080234691,-0.6423653981734105,0.4205818582143499,-0.6121462908450803,0.7374361358371645,0.3021086740642807,-0.759786616614638,-1.1446389277807651,-2.6255149670187703,-0.47964418677352755,-0.1533163845171355
2018-03-15,1.26753043369365,3.1950889953889936,0.40915739538077106,3.7814583426256405,0.08397135172002974,-0.6334926400483908,0.17155178413519737,-0.30253776690289275,0.9098186605622176,0.12034672998439833,-1.1860073384970833,-0.981843801701648,-2.633280154054422,-0.8210935366521699,-0.12640991473779234
2018-03-16,0.8779303375314171,3.125516063192744,0.16612251528088026,4.101441779859808,-0.2049059898496385,-1.3715064333377236,-0.14314658273173866,-0.6225037971564283,0.8929179646272674,-0.4723421534752909,-1.6310011035907532,-0.9955853016417673,-2.999934955727789,-1.2367600021059402,-0.07627850247048568
2018-03-19,0.6717969845642939,2.8791121842812326,-0.07198094532554217,3.2623351946628625,-0.4250319062328735,-1.3686685667267706,-0.35085031313630777,-0.6262493312197334,0.3819097457033739,-0.550296842405303,-1.8220346942033603,-1.1969925380140747,-3.7742508414252796,-1.810217808504767,-0.7672694736540466
2018-03-20,0.781106362451366,2.9428151895569297,-0.013222049977339856,3.799122103405485,-0.9260774480251251,-1.2427091606135643,-0.26522449971417955,-0.21191239372062898,0.4856359056881163,-0.26730792126539377,-1.25442082677585,-1.34460380971394,-3.5572650895776996,-1.2771110624718205,-1.2809367853704565
2018-03-21,0.9461166609551414,2.8707102191338945,0.013024602814504637,3.676327556550798,-0.7879875489702207,-0.8506940114411685,-0.2568233701126627,-0.04538789746856887,0.5968971632300718,-0.39075139326307984,-1.3374218172428896,-1.7417493026063255,-2.6881791915840885,-1.6973409987457668,-1.1639595561301386
2018-03-22,0.9969022127800412,2.428966774989262,-0.649618847865494,3.417021545415217,-0.95977298145472,-0.718722447086185,-0.3266221015108357,-0.0349916017902173,0.5449966877935208,-0.35977264079527976,-1.4485517962304737,-1.6624240226051168,-2.8877368140288446,-1.6683051289383863,-1.395850009411447
2018-03-23,0.5665865196176435,2.6213514320366067,-0.9665765747271142,3.519315864663836,-1.1223242193696725,-0.672585404526398,-0.6167485890321976,-0.01286849757704995,0.5575237074360498,-0.7446332216544338,-1.8982667405491558,-1.844642571648773,-3.402657086930217,-2.1340647933032875,-2.2776815245219972
2018-03-26,0.6244841672859953,2.407590232364823,-1.795850396297173,3.1842185051197864,-0.8869770021683521,-0.5738665815945075,-0.26017966142618,0.35179454728665477,0.7012947919305097,-1.653153121418042,-1.9274747294838088,-2.125331860727814,-2.883760226398267,-1.8207899652284552,-1.6811203403302886
2018-03-27,1.037465882019889,2.4050983594512356,-1.875274417172288,3.4054639616486764,-0.8563320947237918,-0.22081763944693553,-0.16435467690755323,1.123971974591873,1.5567913421882325,-1.42316813593934,-2.1461052939576604,-2.158535801093747,-3.046009614174904,-1.8617011415627098,-2.604103261875498
2018-03-28,0.8802052585488247,1.789929520913217,-1.7584095063553213,3.559198417666045,-1.212005153538441,-0.5256759949424304,-0.5761909842487709,0.9917702059250229,1.3716300693257582,-1.7424066055791345,-2.2045866627523596,-1.4074339881625346,-3.3969893441540964,-2.1481974716021845,-2.7142129598207196
2018-04-02,1.9006759638254054,2.062024397253545,-1.3160571868314486,3.625488862610022,-0.7717656374823323,-0.365221105299144,-0.25314327632921113,1.2812187732441465,1.7976222520116738,-1.4454358391958844,-1.7128402304768306,-0.962823902434604,-3.4692038251166903,-1.8241480605477822,-2.610707591419372
2018-04-03,1.9555917958633857,2.2012031791470013,-1.7483649968538095,2.6726498774719367,-1.4035689589970202,-0.8414506601397309,-0.10059664211474102,1.3701234573649075,2.2084813218362105,-1.3457237036544396,-1.7979307374869862,-0.8806856268772305,-2.9510054487201516,-1.9244802307758773,-2.3424715122654742
2018-04-04,1.5363089475031335,2.0595020063016207,-1.4567709862136626,2.290072226990142,-1.3188399738651286,-0.9806170555449133,-0.12613820331683778,1.3980099763961065,1.712511361520868,-1.468603179001928,-1.617705654168234,-1.0381878494487162,-3.2106473087477045,-2.368529092463296,-2.817610080929282
2018-04-05,2.1209115334261868,2.5627193496669123,-1.2569731800974069,2.4468090748022373,-1.7021079050314782,-0.6320564229057352,-0.06980849704908629,1.457759707354231,2.194008797733422,-1.6224022136482965,-2.0074149806037167,-0.6708152246329412,-3.3781527054783465,-2.353069094617111,-2.265571340103336
2018-04-06,2.087659877865156,2.2305090550083535,-1.2781500618393735,2.3896397448050735,-1.6603104003193947,-0.6153331197839772,-0.08183475564975108,1.3944808320597986,2.544014600030297,-1.4321276441458313,-2.375617184058115,-1.1612470317925492,-4.175777116882263,-2.3799157253916823,-2.4835201187162506
2018-04-09,2.017183154189374,1.5035054339830078,-1.3006599457345067,2.043041480166077,-1.4216166358467839,-0.607382339399234,0.11015638584376974,1.2606780148933303,2.2445761379180618,-1.7898334406627423,-2.4255721819808387,-1.1742505687177054,-3.879225406008774,-2.3713316542475233,-2.397503571687721
2018-04-10,1.8756022320810761,1.4409950535261606,-1.595354701440138,2.3559353566745425,-1.2058364149290848,-0.6540228452696865,-0.2285458322648258,2.03612053317377,2.384700985099777,-1.7441919728431658,-2.3733032927062574,-0.7787097547338447,-3.500564099534998,-2.0880163934148954,-2.4496786162427484
2018-04-11,2.209953019304406,1.4274429342268964,-2.2063677598004605,2.2996800824173227,-1.0935499064983212,-0.27755865257952006,-0.26320413733146486,1.7909919845680689,2.232636191449007,-1.3453965822714031,-2.2552629302226728,-0.5063481168880761,-3.4191675746881387,-1.9754559738189883,-2.3921737158109972
2018-04-12,2.0815871964676065,1.6133944047323525,-1.8443104595668551,2.448021696739076,-1.1313020653630932,-0.0733507067695623,-0.5613434447991442,2.0935058458600238,2.134187666386485,-1.5470427763036882,-2.5461603854196277,-0.8672777853791296,-3.84879855057468,-2.121562507537799,-2.678101693467331
2018-04-13,2.2304694729403147,1.7104697829405484,-1.2280615497849354,2.8236270978888154,-1.3181675887773505,0.2680663064745504,-0.4793804862315313,2.4730666513862545,2.3972493720671664,-1.5211061979931668,-2.4508248968142508,-0.7023028632704588,-3.796268474305926,-2.1928495892039135,-2.5191533463801017
2018-04-16,2.28572017438877,0.9793981339765322,-1.2693322470670292,2.9506442229882874,-1.0690601506522732,0.6311815766986602,-0.16626126562676452,2.717253150505192,2.739255536275479,-1.1990875924219624,-2.243055365772976,-0.7429101155223804,-3.7090419871123514,-2.4491243786720296,-2.1993077973797273
2018-04-17,2.2612110211429126,0.1462570409028456,-2.826072704867707,2.6249803167805186,-1.190803055299315,0.9569786639532704,0.5912699307063175,3.18900210784269,3.0870223353971924,-1.40535263090068,-2.490661743191273,-0.5320772619081521,-3.302083834406001,-2.115350351741676,-1.7033261942930715
2018-04-18,2.1946876841389007,-0.3631477468983246,-1.864010931704674,2.4383771651769837,-0.930014398460088,1.0291555329498583,0.8402075360038926,3.1295533006158607,2.8514171417364462,-1.550051823010236,-2.6883023179066896,-0.38750005582111796,-3.2957056949404153,-2.1332841160490146,-2.1643537409815967
2018-04-19,1.877730642534053,-0.24904329220633561,-1.856514370414779,2.6640300507336128,-0.606739124434392,1.1861650305443538,0.41504806491386975,3.55153167764292,3.73774607899889,-1.4666267980180585,-2.194681703457474,0.23223057112021742,-2.713914375042552,-1.4063696738602196,-1.513669820387649
2018-04-20,1.627714266994166,0.6774389071006317,-1.6829224774026421,3.2079117920226152,-0.7212862206901093,0.6753215337064106,0.22616067271964202,3.7560880883372123,3.1025479011489967,-1.4625963924017897,-2.512332297976433,0.11502099507258294,-2.5522853223523096,-1.6973268938606756,-1.7120377645964546
2018-04-23,1.6481369475441416,0.7165884441823139,-1.3296919048737073,2.888910502189613,-1.5567086624414224,0.6233027285436025,0.24303652104295798,3.0683116357457036,2.944488498869458,-1.3155262274491135,-2.4428310049814472,-0.2164598811712833,-2.340298584654418,-1.677853788861611,-1.7175197413535939
2018-04-24,1.5778728351482068,-0.25019110211013085,-1.5697728435785616,2.0989615262618906,-2.1009682771359106,0.4860155538443526,0.04062058778882833,3.0549810745119172,2.7270045191997627,-1.2974469427744175,-2.4923423615594684,-0.2560784661687577,-2.262520079463013,-2.304718028712377,-1.9444392091551872
2018-04-25,1.5288362557063186,-0.2938421421800537,-1.4806473185928941,1.8594019011094112,-2.7803507892911923,0.1863577040265903,-0.5241970970549664,2.8574343883773907,3.1333058323546084,-1.5582443701764908,-3.0128968580769575,-0.0833267205346609,-1.0196739534687613,-2.2676503045058802,-1.739410387803664
2018-04-26,1.5943124424554598,0.12773562931672094,-1.7137559368773205,2.0557416623202376,-2.416272583885097,0.4759018672791954,-0.1547365680262572,3.681474421121673,3.7102963736413765,-1.4488821459082184,-3.0029457041780763,-0.467229860859198,-1.156249078993827,-2.532444709458452,-1.4900397108729413
2018-04-27,1.284348636464585,0.14725134874272064,-1.9824034649359157,1.4931620765433748,-2.1346544146289976,0.4289304403278761,0.4036349902526494,3.619857775987267,3.7430579696134565,-1.3277971822682109,-2.0694815334706007,-0.5734428519804278,-0.8146200585806579,-2.507719625910645,-1.3287931943890596
2018-04-30,2.1044871461097556,0.5623884683126251,-1.5879713974604055,1.535300415009793,-2.1174233494786456,0.7130584283879107,0.611572477328912,4.336530882265435,3.891867373444795,-1.3102506767672264,-1.5801829550395523,-0.3716574107474698,-0.8791519725069076,-2.29669421928808,-1.2813598279593346
2018-05-02,2.354809620434896,0.8587905789108096,-1.6953363756146305,1.1724913619528567,-2.0447136057372473,0.48600717789568665,1.397161612395936,3.83404368221024,3.5454950723085097,-1.3647844397112288,-0.884000345171007,-0.7446306652167645,-0.892917788542689,-2.1922912176418152,-1.4697353069349564
2018-05-03,1.8064037458998303,0.7195404512603288,-1.7266425475257394,1.0140193779234974,-1.2001640482238696,1.129717239273322,0.8918878408041214,4.075631311439176,2.8347762050371683,-0.2753426212247127,-0.2619053998262908,-1.5286731785290752,-0.9841491546955693,-1.8228340624740997,-1.3593871642545374
2018-05-04,2.4596863408560115,0.5906285845979595,-1.8192748791126887,1.0277011082947125,-1.0655783229626388,1.211545319072526,0.23689050805894057,4.68058997139308,3.104979834605781,-0.6252059546453408,-0.07208788150555369,-0.5011482042236947,-0.7532959896464284,-1.5103166984825467,-0.5212971418960819
2018-05-07,3.104949979126713,0.8286840809133694,-1.3667909228726358,0.7282257471136334,-0.1953810066923827,1.0205082068303295,0.3279261816008836,4.640263451255077,4.149536886807822,-0.8744177515543102,-0.36873888010725103,-0.43549896807922694,-1.3704265706063634,-1.0666695016679983,-0.536894175865108
2018-05-08,3.6995573742924615,1.075306912816586,-1.2582839578013576,1.1370061109005418,0.08589523962554947,1.2656054327270903,0.8360837829086496,5.094994040945922,4.603310541903463,-0.8024990758084761,-0.10959461274882856,-0.6861257384472008,-1.2223320532837099,-1.0765345644217081,0.054660064122828984
2018-05-09,3.7956755393633523,1.1363691255716242,-1.1106214031824189,1.2322556020173,-0.492284922690553,0.7546568263256291,0.6694985026521301,5.130234721417486,4.263557155733367,-0.8798953952941085,-0.3739984890947887,-0.9064005442683765,-0.8773906209335123,-0.8947696199621643,0.003724072100372589
2018-05-10,3.463680102970097,0.6751064594224041,-1.1254148931769983,1.3083120797127492,0.3088482649277681,0.7411772684799544,0.5821441563224544,4.8275203642127105,3.828858813807513,-2.0689036707847936,-1.8073252564705824,-1.1577574445300476,-0.4894463256410842,-1.2378744088110245,-0.6933024441043454
2018-05-11,4.209041111734659,1.3423642059902414,-0.6862788653924751,1.666816513772861,0.37742645359833477,0.6614947317027072,1.0867591724984873,5.351993670124225,4.115516801532169,-2.600747296799155,-1.9309708852938539,-0.7784969160789598,-1.0643190590626872,-1.220100213609986,-0.6363531421548972
2018-05-14,4.075060842478638,1.599813529389034,-0.9649457262495225,1.7971994658776718,-0.07016108150385847,0.9678337427382294,1.304298534678947,5.090044673909543,3.5322583938319414,-2.706297141993078,-1.7271256094524798,-1.3893608116452467,-1.2475473106617536,-1.679468310500199,-1.3576349187066257
2018-05-15,4.272810236795134,1.7801289829340354,-1.3536332801918558,1.4206371394000352,0.7673293055546269,1.0323926704706718,1.354771681525747,4.8078479854150595,3.5335782255473536,-2.549439095644652,-1.630088676584647,-1.6505503274848101,-1.6519126918776097,-1.2733486530877283,-1.3975813363047973
2018-05-16,4.237338052553757,1.4134565300003892,-1.0333519857857256,1.5989951363727717,0.11566857423384637,0.9859626245316095,1.5256429944417482,4.495337824985704,3.935663604177689,-2.4812675741750354,-1.9008453710702349,-1.998601302248426,-1.701054321814149,-1.2387630906332707,-1.2396977574190384
2018-05-17,3.893878422449344,1.055200560969646,-0.6918892813810598,2.2204104991451534,0.574389469413764,0.6555093932088432,1.0861107483261294,4.616712498956389,3.449108243537019,-2.221679537296211,-2.2494436871275787,-1.5053132249723038,-1.689708033794721,-1.2634161494118565,-0.9734084863827367
2018-05-18,4.106376612017441,0.9947828927628777,-1.1918061048346482,2.8758854083295193,0.3364659149261843,0.5776947828391022,1.534107920798014,4.8175309464840215,4.180056719871937,-2.2979403765968724,-1.6799524160526833,-2.1713197202175416,-1.7443701015580393,-0.9710431681513152,-1.3201133376431067
2018-05-21,4.008412735124011,0.8398892130694506,-1.5356924357982287,2.6624068577229916,0.21758641259442507,0.12233853833005376,1.6090675262364638,4.193640570031077,3.7777622944355516,-2.748209644782545,-2.520165921916043,-2.772576058590064,-1.9270713171398237,-1.3050580582198388,-1.6479786844013233
2018-05-22,3.593979863504555,0.8969750686773104,-1.574445027787721,2.2273145971985566,-0.22797171069975708,0.46925829693644466,0.9342874451949658,4.389510979343783,3.92190518261967,-1.824151481394437,-1.134117803366648,-3.149017139008721,-1.9063241647134028,-1.119738749145408,-1.0939717991692628
2018-05-23,3.176380785228389,0.5157580237601934,-1.6987234817446961,2.2758671254209353,-0.8324903027173531,0.8578002313595824,0.5974954550124875,4.548285890705495,3.9490951739436126,-2.2958080048850733,-1.2516534626484073,-3.7519556881073393,-1.9781551168684441,-1.719544861620981,-1.1892128872508922
2018-05-24,3.3139044084186615,1.167059078378683,-1.7830311145492106,2.1393788023439013,-1.9793256228838365,0.29300618857231625,0.5517577198349662,4.499372406720269,3.531285432455612,-2.8389836981455687,-1.451944070814505,-3.532207957124211,-1.6548650195010663,-2.4304358286170062,-1.4704141861585294
2018-05-25,3.219633932569637,1.5829899407110468,-1.571848931839276,2.1791010431442186,-1.0683099361185713,0.40602137033759284,0.971981322182259,4.52630477651566,3.9068693612927996,-2.4005517412789583,-1.713921111129221,-3.069491372994925,-1.3898029978357571,-1.9716756556986585,-1.21464818604212
2018-05-28,3.4834363848471295,1.1603561181918765,-1.6659360857811707,1.5764379144851859,-0.8888506755342104,0.3756884098137364,1.2125094692443108,4.0830019920088985,4.0377287954081496,-0.9587658419376746,-1.8227378465326025,-2.791929631098147,-1.699337314889986,-1.6408713121414809,-0.6404795737613003
2018-05-29,3.3110854473356124,0.8324734858831446,-1.7501782720795245,1.582219643746596,-0.8754568425716831,0.4533686687323333,1.2241145098129989,3.76071451253916,3.6680349320534695,-0.7434248792139174,-1.949091357406194,-2.5376623497942266,-1.4895746746856322,-1.6651860438136694,-0.9685343248056699
2018-05-30,3.4860707027153537,0.9549282241859178,-1.87197268039139,1.7907789198040398,-1.1562299758503798,0.4007289704969187,1.1383149992746928,3.6033102515541,3.881330542909529,-0.8722156187504189,-2.063586386266247,-2.5495532045565494,-1.581525752737813,-1.6738672802360113,-0.7002443120237986
2018-05-31,3.8025310668899857,1.3523123749764574,-1.7084526104941153,1.8536685475135857,-0.3911744138783441,0.6520594747004458,1.4376060612503387,4.18900734170442,4.5502016524061055,-1.5626140882524442,-1.9169675783642743,-2.8328933617587535,-1.4672276568035878,-1.3988915374698803,-0.5006981705737575
2018-06-01,3.8908728741647196,1.2500494224442553,-1.5635614606691666,1.9469185192698384,-0.8122616002384379,0.22640287842980164,1.6295869738423594,4.628129251842648,4.440816281826108,-1.0733553131023919,-1.8389616092359498,-3.065089009551582,-0.852100682185805,-1.7681385713827957,-0.32643741866605175
2018-06-04,3.6083581367821824,1.6600582014584209,-1.4972240652904385,2.0873629309238257,-0.6690936354974583,-0.08931247805394175,1.2667895102387896,4.423382229585668,3.9585281620308796,-1.059343518351971,-1.115170606247751,-2.7221837729628144,-0.8994844613924637,-1.435466767640705,-0.7148958635802056
2018-06-05,3.672658867002212,1.1479536283881937,-1.7977781165960733,2.1918754187006555,-0.5339036853770773,-0.42025084126486767,1.2403935843417493,3.7684692696481097,4.339745805388135,-0.9472628948375197,-1.3298173586543156,-2.880294717404981,-1.112374558432995,-1.093829717822713,-0.8601460874720578
2018-06-06,3.8278155548838653,1.2897031702191089,-1.501519635052934,1.721271509190079,-0.5991700091854519,-0.14774740556566887,1.4352431311784386,4.240217443356056,4.620883145143585,-0.2825888290002395,-1.251313185911393,-2.8616269223379227,-0.5614245842938876,-0.3960958599800164,-0.4153789085274859
2018-06-07,3.452955555169212,1.1647120568882552,-1.4857061061092123,1.913640906083968,-0.7455214152641776,-1.1235414827989958,0.6446516050687999,4.3820555748782795,4.87798745601964,-0.462746356432931,-1.3613447326447952,-1.9083096268983348,-1.2241467535124617,-0.24465200380234517,-0.6397496973300723
2018-06-08,3.9164704199276694,1.3127305590812044,-1.9040570562344616,2.024923155084172,-0.8328439152499421,-1.039486575712412,0.4182680499139199,4.377538492800365,4.502086222722669,0.2845872749497828,-0.732936930099201,-0.8028034960576529,-1.4624564105627826,-0.3944600032411085,-0.5954391032086432
2018-06-11,4.034046140223584,1.3985256028471174,-1.7193636193613586,1.7498305835674122,-0.5964714727935796,-1.0374078637681412,0.6633656501301713,4.557387266400742,4.731493513865409,0.5185920467995659,-0.5783415257949915,-0.9725002004672378,-0.9309994621285439,-0.4726433573113852,-0.8569463263782211
2018-06-12,4.051185696231201,1.3099336880354961,-1.552655966841257,1.81494520129895,-0.7550850422987208,-1.1303240354993627,0.9813149635214088,4.24068670602333,4.6683419895257385,0.7029283652679491,0.19414673141282018,-1.2585999117411126,-1.1298981842685165,-0.47878321443850297,-0.9528639915167377
2018-06-13,4.586073406506422,1.730756409375299,-1.5376887086225322,1.8449307732130467,-0.5991152779699553,-0.6202046702038934,1.251745536541043,4.304062213583515,4.9615588678168585,1.1418901001650346,0.8810875992756007,-1.0743263733203459,-1.1841691356722146,-0.5083506217889869,-1.006962642494422
2018-06-14,4.969081173988198,2.122098782302829,-1.297741410696818,2.1718300798302845,-0.7217066885397159,-1.237395531111448,1.326715540839458,4.225461762384154,5.156307840849541,1.5378435251208231,1.1142879980377416,-0.9600507701635188,-0.6443407899702596,0.04670174047521548,-0.3023101354819173
2018-06-15,5.1674216284515,2.387443039979257,-1.5873259847094154,1.8387369009129297,-0.7637908523262934,-1.4972514804896169,1.0589336843220678,3.8584182759692576,5.508513025105615,1.5297504308350032,1.339296309850543,0.057534620444489065,-0.6069350474285535,-0.43399835774558915,-0.7456801076718956
2018-06-18,4.565500609013569,2.118557335988112,-1.7678427219807835,2.1066285273277443,-0.9997498564863201,-2.0178977361175723,1.0777844333499538,3.5864413000734814,5.173335799663027,1.6052368304432063,1.64846125088356,0.4533537056660305,-1.5212909645498078,-0.3726697875115171,-0.8050439904319049
2018-06-19,4.31322107331647,1.8005946571062543,-1.6882739495522132,1.9316643681739227,-1.3301289632085087,-2.249195953813889,1.2860259024435792,3.614339211079219,4.693526933527328,1.2988621526680284,1.920926611964867,0.60861655561783,-1.4238876711880497,-0.42310192138384006,-0.8907949610562176
2018-06-20,4.937367624440328,1.7242281933840145,-1.5480396851457605,1.70679674139891,-1.3977939545753895,-1.9597143871622382,1.2928198080002358,3.904854459155023,4.759037619778467,1.5262461715614575,2.022383697030336,0.6368048490441596,-1.3009061733319383,0.08627399673499127,0.07794015198938946
2018-06-21,4.737017097072375,1.983476701667795,-0.9961490542370043,1.6605744032773482,-1.8628145700432712,-2.2058512140435793,0.8193736677847508,4.033891389933173,4.536299719644012,1.301599744209689,1.4882005516483685,0.3930984802146121,-1.7380668229421687,-0.38829283066589015,-0.4836038321125961
2018-06-22,4.657215434820311,2.0237962920854704,-1.0293004258481573,1.7583068087648224,-1.9499007069293333,-2.027117430374251,1.1248032623169921,3.594459076273175,4.127709585804203,1.6922742730775244,1.6164546373672866,0.07005970582847998,-1.2370548077691514,-0.4839514921224388,-0.27290244646801814
2018-06-25,4.802259410527206,2.7683480131138296,-1.6351049057630913,1.4757938948043192,-2.0773083892574054,-2.21944155224489,1.2158642611954154,3.4500751647935575,4.16932939048351,1.819499258105653,1.4758315470986119,-0.2223537396345424,-0.7790994481189972,-0.14088265507685643,-0.17686635316415944
2018-06-26,4.300340145841336,2.759499796850036,-2.3416421798995777,1.2443825715487418,-2.107582685719553,-2.165066611574321,1.1620042223843412,3.539028097981511,3.953444194870441,1.5627618243992043,1.0040282351177063,-0.7333327937488345,-0.41120678364328944,-0.5408167261318939,-0.2229152984498559
2018-06-27,4.06292769136864,2.5815861478105426,-2.087595265421973,2.4489827542404683,-2.0971724941808723,-2.285483157138265,0.9476087766241831,3.3046363636396063,4.1291058365739355,1.592847793490324,1.212744518365742,-0.7304229277351387,-0.8480435846485131,-0.713581187669321,-0.6463303156830125
2018-06-28,4.977845498142388,3.1531545907892355,-1.830224438308649,1.4086708395208598,-2.1858800755211423,-1.4519300563877562,0.7290371526075059,2.8355721128205316,4.71552412536945,1.574953233210708,1.4544821115552733,-0.5044927655276935,-0.5042836236369489,-0.1458611320885321,-0.7966577525605971
2018-06-29,4.535151702403813,3.046138547281492,-1.815312157433626,0.9768280861030283,-1.7748609280755792,-1.2746288725106458,1.1201296178164246,2.833453634311026,4.808982821123687,1.3875091625691955,0.9356901248646818,-0.2596075747174192,-0.30629672481171416,-0.15017757991271577,-1.0791009631161625
2018-07-02,4.412329616307132,3.8044434194717343,-1.7218008204272186,0.994609490832715,-2.015823767486883,-2.0765699595485723,0.7329656248445441,2.8310336727386027,4.47677796651269,1.257252988620764,0.8794330253225744,0.027975055090911145,-0.49533478197007397,-0.4833102897784773,-1.2759604104146183
2018-07-03,4.690688533528365,4.38100341931081,-1.6969615773624571,1.146611834601659,-1.907169360937113,-1.881984952592686,0.5160357784110311,2.7937587046656924,4.485852166899719,1.5034358171387403,1.1037318221569639,0.19566882897486074,-0.21864965180161394,-0.324137585634986,-1.2706961861021637
2018-07-04,5.014183074898721,4.203793416394301,-1.7654604468242734,0.7572236573698843,-2.2569586646215027,-2.004469779654321,0.3446435941224745,2.7028421690129147,4.926052042073565,1.6750596809743243,1.4171315729726397,0.11242779483371745,-0.5469956103904964,-0.5760472789567875,-1.816874516327592
2018-07-05,4.756010684136632,2.862516905887769,-1.5613046298982083,0.43776678442689965,-2.4054336434148635,-2.123367047441332,1.1314399754870268,2.9071169468224247,4.951111617864557,1.1351775852384334,1.379829905898644,-0.5406395479347436,-0.6920833156025389,-0.9086422715859712,-2.154530393626222
2018-07-06,4.688759950253817,2.3591320412181673,-1.7517397497629488,-0.24223125170505272,-2.468814790687568,-2.5283785781056003,1.4244407401409036,2.58693968413137,4.832530479583908,1.0759141951034235,1.472654588344464,-0.5373303874299264,-0.5500382375146295,-0.6879138790392192,-1.4050994980107188
2018-07-09,4.608429536082544,2.4219484690135578,-2.193243204827661,-0.4545441616039793,-2.3150185812708157,-2.558536074748011,1.6703363746624238,2.410447287587815,4.883065435772461,1.353405213889404,1.62799442077786,-0.8112621904938777,-0.46945250468837585,-0.5345651382211303,-1.4476264721416436
2018-07-10,3.9590601793176714,3.2092128693160826,-1.3823615145435184,-0.240593851189999,-2.165189512201923,-2.583506964721714,1.5784674990688237,2.466792340139552,4.523121520778633,1.114931427893704,1.4986176154629571,-0.8376422329573453,-0.19445251209797362,-0.14901553988136085,-1.1778386933636011
2018-07-11,4.391644600027972,3.616884371179398,-0.894023884069669,-0.1522027881468808,-2.085419916497693,-3.1661316111241957,1.2121155078163088,2.311056097687115,4.251515454758472,1.2126775826183906,1.3554420925687987,-0.83892055598912,-0.6242294799563487,-0.5590105381763617,-1.490806350412365
2018-07-12,4.725478498195565,3.158277540401836,-0.9121027859555526,-0.05342561682988674,-2.117476184687341,-3.1714483397922093,0.7123016585196773,2.090234333943335,4.338060653817709,1.2908360613411238,1.6910634810915188,-0.7337085907839563,-0.7012453160262646,-0.6992823113980159,-1.405918049898823
2018-07-13,4.971525677867054,3.346065593137701,-0.7863852176207864,-0.3832046589063905,-2.7332126511755868,-3.203227926931319,-0.04068632034458622,1.9729280668436662,4.429693282169406,1.2572864174113976,1.2551641079935405,-1.6220224463113302,-1.2670534175145716,-1.105716883098975,-1.7206148988257919
2018-07-16,5.073281863085861,2.987583571915795,-1.0483714637040045,-0.8260671817824154,-2.626838886961756,-2.4031225010442427,0.15560561625293806,2.040316293784957,5.053786877175737,0.7930831562688202,0.12819812479960024,-2.1656053264436963,-1.9538191072690803,-1.5870978175096906,-2.038681320592947
2018-07-17,4.600424917296785,2.760581669950809,-0.9329494019753037,-1.0941235838659602,-2.242826218817962,-2.351829511431032,0.06608082552396022,3.059613062528627,4.589453495875999,0.8957161258356322,-0.10281698270132726,-1.6087422888894707,-2.1789444436496272,-1.255196242754803,-1.9758778727299378
2018-07-18,4.631770088248641,3.3686237334161278,-0.09360472447789106,-0.7053651742048521,-1.9163503574967944,-2.2645602831588323,-0.08512840959044464,3.021574875234426,4.398973453848371,0.8454653719600455,-0.17942759556787413,-1.4416781523869107,-2.536328075764147,-1.6571020847613567,-2.773243443575928
2018-07-19,3.315993642009859,3.16812221950396,-0.02621474576074102,-0.8863347724194091,-1.5048270255511862,-2.23764663054438,0.4672183023088764,3.019339225030413,4.114204879584739,0.8257990948031,-0.21005609177546863,-1.435251173839016,-2.7065807168264713,-1.5676131077918818,-3.0282764399647917
2018-07-20,2.7396616686933175,3.3177175470551314,0.22754199941303438,-0.5674321175722006,-1.971497821718683,-2.0916865832987916,0.18763790000210234,2.6109713919198914,4.065791610330467,1.1497968411559578,0.14145037103652533,-1.605958363472998,-2.350638331124709,-1.2924762375304837,-3.000321277376377
2018-07-23,2.744999993884378,3.2874041240693854,0.11195276608069941,-0.3736079570462232,-2.0984817268885148,-1.556412664249927,0.8663763352339148,2.6516814678732206,3.9957006935335357,0.9433573887718202,-0.03161342516032703,-1.2242689007536536,-1.6824967078905615,-1.1981193944694384,-2.563335078044327
2018-07-24,1.892838834119694,3.3460481853872674,-0.41841973732896737,-0.5407958269358166,-2.0186052870229534,-1.8370921248177485,0.8240900463353873,1.8937118252107794,3.8915272931639917,0.8739251118013672,0.10406911011791731,-1.615893379912237,-1.794541585086427,-1.0520565704411118,-1.6861559196830853
2018-07-25,1.1968957618511489,3.4857782315805244,0.01106480039830468,-0.5974045932798434,-1.782557253023205,-2.3180072366361375,0.4362900370181524,2.2221195125151345,4.283340112099047,1.0677437398996947,0.11717541654133298,-1.492209362466907,-1.929448052218742,-0.4531434555503473,-1.657775947426806
2018-07-26,1.623689529036209,3.596282957132454,0.08071461551477245,-0.013881885311654187,-1.5102834785909918,-2.5030638341110323,0.6863292449082474,2.6180182222436583,4.831360680111726,0.5818110002097913,0.34377624069995816,-1.4058017451209714,-1.5676848168207416,-0.7150378437735404,-1.1011816150103044
2018-07-27,1.6228509056457805,3.780673922846849,0.4934725158163559,0.07298732563898339,-1.5547842243567478,-1.909106789081914,2.2105340136707703,2.513262640514356,4.434893688010797,1.0135210375281005,0.1557791907109385,-1.8438549649261202,-1.0240026132512892,-0.2631699159786908,-0.9651878906805826
2018-07-30,1.2802081659991538,3.2264736046688807,-0.05988202132470729,0.4300391172515426,-1.6041761416569686,-1.730107845796111,1.7720501215811342,2.222080387477328,3.834249980458617,1.224570747020085,0.26908190132851145,-1.6559331564443305,-0.34709988914547113,-0.5339307124266767,-1.2990397893821926
2018-07-31,1.3766569642999844,3.7730372900446643,0.4100212894421729,1.059018502370932,-1.3838628852967254,-1.9779665450436428,1.508650658722822,2.764002721852169,4.510095865522245,1.3925106661386784,0.5646556932486507,-1.2689817881398424,-0.18954480205070953,-0.30855029885200774,-1.2002236531947292
2018-08-01,1.3040903710067424,3.5006547955160827,0.7229001924784029,1.049881683644522,-1.2213958048124138,-1.7918411402482655,1.7835342877557678,3.193571243069993,4.5080575615753125,1.6377518258682255,0.8685696755577601,-0.9693139865228155,-0.43367506031266645,-0.6024160742377518,-1.3113825162789552
2018-08-02,0.7203053327794666,3.543767310296923,0.8579859570114321,0.5828531206144435,-1.7913059801282722,-1.564189104071248,1.7763338141958183,3.3633389537571916,4.446592771626439,1.9671739713862786,1.5610471685011238,-0.6238384551821984,-1.0536078454960425,-0.4560621466886699,-1.249040166852613
2018-08-03,0.8728677530449431,3.4867363259773962,0.5628851399610751,0.3866283547849963,-1.690895386253153,-1.2943466294565424,1.8352223968328776,1.6988318744129292,3.8204041875440518,2.793101141864948,1.8130382100483973,-0.7503408292351844,-0.21241641060169872,-0.7274119820197578,-1.2140104801404388
2018-08-06,0.30326747905505014,3.2894578675263646,0.5053445650289735,0.46290505773387386,-1.4296364570255657,-1.8355904733843906,1.6135588832070393,1.955206094808432,3.601666077744093,2.5288422056165007,1.4215164639551077,-0.36241985155102374,0.33204099802811426,-0.8170939542043091,-0.7970072645499546
2018-08-07,0.09890121805013197,3.307843729732128,0.6642663831907636,0.2105240936840233,-1.7325089164019376,-1.346415198160784,1.7798643780773027,1.9728664699895753,3.079135160433195,2.5245006472926117,1.5937253128100684,-0.7619683368111713,0.23654179591334568,-0.6811873747446991,-0.7772871640957314
2018-08-08,0.22551560780774932,3.3089423111545706,0.42602106443455395,0.062120826203617585,-1.0215117482979559,-1.4132650813251382,1.504114559697012,2.1402695641803255,3.0837536681871422,2.5366996460492683,1.6094275942151324,-0.5580153293603852,0.602304248086714,-0.49789540239225877,-0.7922141080653198
2018-08-09,0.2202243114854483,3.6775466742264826,0.11360441345729119,-0.17036699734462524,-1.526051227910996,-0.7258609993693053,2.1463491409947997,2.1856652786481505,3.5149566590184884,2.2804992139223454,1.6667296060453893,-0.5225194821640058,0.2210837706616593,-0.10707952350903445,-0.06414317653362704
2018-08-10,-0.062140946494888084,3.75357219068786,1.0908525676253684,-0.544576944589281,-1.220407289621177,-0.8121571590281375,2.064247426485281,1.9101677637973244,3.119037976439613,2.2896755259989026,1.518825457646976,-0.7583428229629765,0.55120392886943,0.07814003914773998,0.14701552817693533
2018-08-13,0.29440288699128453,4.124644274151039,1.840851946312005,-0.07337724265129796,-1.5536896111613179,-0.7416234707407554,2.1373083549904446,2.582813854023298,3.7886125275630995,3.1823590883097044,2.23003056145999,1.016998226118494,0.6143393348995645,0.21062669123468528,0.22174335951119187
2018-08-14,0.6681106246850332,3.8883060252834927,2.1313168416811905,0.18114695734264266,-1.4905263698856075,-0.9848387356768425,2.5519935567657446,2.3263541452418526,3.57667331912487,3.5267284066715847,1.8075607499440647,1.6878042713752388,0.4303972240591641,0.4334778275944239,0.42392967418847793
2018-08-16,-0.06978727193286959,4.335476995043166,1.6770844903899464,-0.1346727037907641,-0.9232921417227667,-0.9395933249612197,2.9806172884989834,2.31329878740593,3.298663349445911,3.8610687593313306,2.544526549110098,1.8091102755339485,0.8012543922107077,1.0507599128792315,0.7692178544004253
2018-08-17,-0.107118946942726,3.8771863834565448,1.643284076251225,-0.012750112407532101,-0.36877875185395415,-0.8254969303862286,3.2493622455611657,2.2942594513153396,3.7089299031190945,3.678840107940838,2.485569295760666,2.1532254522276237,0.219745385594079,1.1391162559240264,0.9148599429952942
2018-08-20,-0.2622083424864387,2.909711471310176,2.051920259610999,0.1632309010288449,-0.5898361428901787,-0.7833511732502253,3.011964873381621,2.109960747211729,3.74188456753676,3.641570811183237,2.6038055445022956,1.9947032920757926,-0.001903833986347788,1.0996221516298437,0.8169080278795957
2018-08-21,-0.481454519794874,3.152862943252659,2.521371337847636,1.176245647526168,-0.44397980129130454,-0.7836336937066987,2.765919031669927,2.336618749324752,3.953506139254851,3.2162675742415474,2.593825969197816,1.921690444587559,-0.021976479894113537,0.5144855993659364,0.2491151721352222
2018-08-23,-0.5349553274340102,3.299195148967458,2.625395778746137,1.451802538371677,-0.25900727139646734,-0.10047310017377338,2.8034758250243,3.335989039848063,4.274769824049045,3.307317660865839,2.933808980756063,1.4503595785356682,-0.10890011385385967,0.3061582318190953,0.5348836782503794
2018-08-24,-0.7510772403778762,3.080178884341636,3.07258512734091,1.0967095961261997,0.1925537481905531,-0.02561912016556667,2.867278718930222,3.012789838243495,3.7955601136772956,3.2258964280113624,2.9739499797886593,1.9909318850354074,-0.02085984683290875,0.33812866983683654,0.45107672402859467
2018-08-27,-0.9448296078824154,3.223365294341266,3.270606425071592,0.9755452769560825,-0.07366798922134907,-0.07462113303878505,3.0815474909227607,2.7661460935786,3.4637969169212157,3.48318970243079,3.122885595904937,2.372833757635541,0.443185676670805,0.514116604675275,0.3814578318516006
2018-08-28,-0.4789499338737948,3.5388500545358403,3.389984003796329,1.1738150404205443,0.26019523616109075,0.5985792798424179,3.09743534789011,2.382830649364493,4.1801796222212015,3.3627799214896217,2.9363198052494894,2.4196332596214103,-0.017074590126704273,1.066732521480001,0.5178430306797888
2018-08-29,-0.17222414628507832,3.047718025883409,3.541139669053822,1.2007374158468165,0.7373314283751062,0.6123152273091381,3.262418394397249,2.487357110012438,3.915578239144515,3.5339366415352713,2.4541020613667834,2.441460376137763,0.33691638782796435,1.024642222323401,1.1478626771043152
2018-08-30,-0.3735344408810942,3.4659587986746523,4.391352692808888,1.0887615759433504,0.7733481804171499,1.1468343787083408,3.7782218126057137,3.0432401195797216,3.547628256279359,4.028530580299479,2.65276597791761,2.44519610226945,0.9609528821272061,1.18864188955781,1.3019800608713539
2018-08-31,-0.4024653755856689,3.5272550980149395,4.229230263951321,1.874576243432052,1.1335415829832525,1.2088989410730182,3.5650820245263906,3.075966994728758,3.4601805640781627,3.8941228252558906,3.146894645205447,2.4689052246648258,0.39675436923707164,0.8463757368310892,1.2356181663237935
2018-09-03,-0.6287599040723396,3.204727321738424,4.26533603060028,1.2874905630742919,0.5983725657202887,0.9616981864144669,3.003072219171807,2.5067169479160225,2.307172806312185,3.994237148926637,3.527539910168313,2.0162457272270586,0.3868621653458037,0.36230879359820534,0.674407156772442
2018-09-04,-0.9714962280003018,3.530803362920091,4.70480010176646,1.506435450371377,0.1814474961958046,0.9236947966188657,3.006142693593776,1.60949272726906,1.7010040805911124,3.3515097419456414,2.7885739769024203,1.6379196797661573,0.26699369190499833,0.22568110920778606,0.00027000531933112933
2018-09-05,-1.3936721238965522,3.2872041403457932,5.045621201418519,1.4096868937002824,0.15562426209548705,0.8676683226838969,2.9481179185768216,0.8563376057209161,1.1359160582692167,3.334611209184352,2.7866646399486235,1.4388081462617288,-0.4362644197183427,0.5234548304106704,0.19406644795892233
2018-09-06,-1.059117169329169,3.2733225717185315,5.03690663395567,1.6635006259392433,0.4389161238530172,1.3114352301345242,2.9093482463860045,0.9092811028895854,1.0408778881762728,3.485054387328095,2.257668876426387,1.4502512779812362,-0.10786842006157361,0.857319337458336,0.16872559568448658
2018-09-07,-1.2675404527576217,3.186872675973437,5.079988272504164,1.5234944426851562,0.3147092041625758,1.5223457125980513,3.0823959591214067,1.0630632297316278,0.9136597998090104,2.9998310166696336,2.2115206314492135,1.8561656844687335,0.7696474115480166,1.556455567236496,0.3668445151143516
2018-09-10,-1.7406415317981971,3.2080231411730007,5.406492332092017,1.7205542986665538,0.13137932627029691,1.725361444627896,2.8457342750318886,1.017049350580739,0.4954613653913365,2.0069365671857606,1.7845839534609766,1.6595764052237785,0.6912470426035113,1.3882923927672526,0.13577424667880225
2018-09-11,-2.146740233727435,2.782633907280335,5.251235670595905,1.1986123986089599,0.3687868830132764,2.1186613513161374,2.3408923753730266,0.6181478286947051,-0.4868450275927432,1.5414719581233198,1.1748394735385557,0.8927441602357582,0.25391192050318107,0.9762401418661102,0.15156921327387832
2018-09-12,-1.3116923332134036,3.2381425594057403,5.727160831813294,0.999375566827952,0.537226466775658,2.026197895069345,2.8448903237992265,1.2274404138806794,-0.0170639848480797,1.971103916938909,1.0098197646296956,0.7210455956754583,0.4617307485048397,1.4367776328712984,0.39009960748339456
2018-09-14,-0.9581755342813592,3.4447842808256794,6.585986621737597,1.649006608818694,0.9297243515738098,2.6431807316563725,2.7623155374668276,1.2017886407567728,0.6402568673260363,2.5460721924160907,1.2255839108361222,0.7583807763949914,0.7103652512991825,1.7156005839113209,0.9303169748039775
2018-09-17,-1.4854996880529892,3.1820993135958644,6.7338537664862095,1.8761842733454772,1.0685056500787289,2.1931367550608623,2.586543431783813,0.8164691899933865,0.2691798968457419,2.048275681131199,1.2953289563375372,0.8940946950580236,0.6246331741211926,1.5583150808201867,0.8581390625061426
2018-09-18,-1.5702077686173506,2.9211866090842413,7.103786607063049,1.7435137439775341,1.646700557113674,2.118046535286543,2.883681561336904,0.7305386494326227,0.5295680168558303,2.218248891787029,1.66023669100334,1.136889143288782,0.4293120402748559,1.61054453297254,0.4428839259281698
2018-09-19,-1.4811989500386455,2.9184020116447535,7.172540400408986,1.887810281055922,2.081159503610456,1.8072092103234818,2.361950348090149,0.5613220236411937,0.1829029615119616,1.8518923482607295,1.6640483294381647,0.708619249169396,0.06424310321528999,1.690280976636961,0.2755197723951239
2018-09-21,-2.2476996952086314,2.1176939711874776,7.4943669282648795,1.1958275808509236,2.752212698624678,2.0606449327405163,2.8023907494275004,-0.028626050261784778,-0.4260279589109888,1.663269737944561,1.6672517652447527,0.368123672632698,0.09690061058373839,1.8491554409957143,0.3980811157931607
2018-09-24,-2.7328432778112535,2.3643036433292965,7.1892654808012155,1.577515249127292,2.591777523861582,1.8982337391093793,2.2446688368094634,-0.41828419466285094,-1.2388608777949017,1.381403570076638,1.787828198092336,0.20107927464402095,-0.6669047671244743,1.6794709146657425,-0.2592564480350065
2018-09-25,-1.9708725224896522,2.6947178959830334,6.8623913675254675,1.2435808574298772,3.010472316212091,2.382736608986546,2.5810553526896096,-0.2515277142589424,-0.7568276862606722,1.643456115933755,1.9136545017667554,0.4891703318355458,-0.33259363066906417,1.6854952282604396,-0.4507432894853688
2018-09-26,-2.4077786957062255,2.1754126818582002,5.526818317643937,2.2315786974056264,3.191629389758826,1.7904812275386626,2.1947328489002524,0.11039819723050559,-1.1559923494421809,1.8598586411438585,1.8490892029734403,0.539040558375864,-0.38712587276768934,1.7278586479433646,0.13229488368183082
2018-09-27,-2.844312207209743,2.1064477276925104,5.13870765829604,2.3843545011175378,2.13854318057049,1.4207830320555077,1.8466534489692379,-0.16027813043487588,-1.3539138244755407,1.7468874150318476,1.899093328201125,0.43397749285466086,-0.7071030058085674,1.3634404849372856,-0.5762367105820563
2018-09-28,-2.789359435746799,1.8691964602115687,5.584001984074182,2.333345522825,2.653704936577098,2.2369514118868175,2.3300723161844172,0.0799044111440178,-1.0025875201396353,1.5853328335659782,1.8161276072945625,0.05124552658861291,-0.886347030904581,0.8418397252828199,-0.8280653761885163
2018-10-01,-3.3124484805134844,2.0087739795206634,5.834964356429692,2.5129171075701033,2.58877145664742,2.3699028729750173,2.1307138540480115,-0.0769238853409695,-0.8957304372045345,1.583014707017445,1.5189958285761185,0.2557436001428616,-1.4236875103303752,0.7623302953521977,-1.1219763663181095
2018-10-03,-3.83857884826765,1.6162998780904334,5.578505440938206,2.467443209011871,3.0455501546272212,2.377222381387363,2.0842853190800366,-0.5633573549746661,-1.4380321001207788,1.1341748129103981,1.1860407304618852,0.15934451988866855,-1.6227043088655437,0.5729072332943246,-1.2951613162984323
2018-10-04,-4.177895536252135,2.036952290046523,5.213090192415876,1.970177158434156,1.8788270166440417,2.415161385967002,1.0477907697722297,-0.6898086704974995,-1.7842550433403832,0.9299105065821653,0.662440990200389,0.24337775603943548,-1.8026668886239408,0.8078781113369682,-0.8968955753127899
2018-10-05,-4.596928604181033,2.4642361209279193,5.326674477416003,2.13782271190369,-0.2994253214608828,2.141827171609116,0.359084591402429,-0.5655430475650735,-2.2660474353947033,1.1204895446947214,0.9347202523847884,0.6272727962943843,-2.190802176228738,0.48941603434374004,-1.6324587128211598
2018-10-08,-3.5453833647538495,1.9548736104684834,4.316110695831282,1.5228726982560927,-0.2334406088648289,2.0609511840551527,0.047504877220923135,-0.5609943610090821,-2.150599926776346,1.009662877109844,0.33001111777560527,1.0096580004090319,-2.326511445644923,0.2625360783156548,-1.5081702633592442
2018-10-09,-3.3300141097153033,2.005492013101633,4.188677895385007,1.4004270310239366,-0.4903647529724019,1.4675194944764447,-0.4038439401627282,-0.5446759122947069,-2.264924655011714,1.248733195862128,0.9314340239379696,1.0756724741463315,-2.792988325117119,0.25281781511665885,-1.7593982332968756
2018-10-10,-3.0197130230223714,1.2298728773933596,3.539711868497082,1.3865425541351106,-0.3594389836586364,1.9715773146107656,-0.22483569362688977,-0.7783534155660597,-1.5172172814037606,1.1719061749016266,1.1807967414870955,1.374103753910037,-2.307525373138223,0.7773486469051304,-1.0396784539218924
2018-10-11,-3.3394685085110893,0.8312360503111178,2.7931866693587537,1.4556435174528188,-0.10728190393089959,1.6255730825298063,-0.6116309648618478,-0.7433661830854953,-1.9966103917181448,0.7079180330499558,0.7793522313310474,1.3438382499385557,-2.682590041511647,0.1755204827528828,-1.4064322239487728
2018-10-12,-2.6011663468797708,0.6619975626689161,2.908907194415887,1.5707188095736708,0.5125464563392245,1.919683205340214,0.41152875988989984,-0.4243740293823086,-1.588028570704825,0.9075384294167012,0.9303881827902433,1.6985001296089715,-2.355027328892733,0.5462260371867351,-1.1038384193954753
2018-10-15,-2.602604006272499,0.9586793704777403,2.981561471336355,1.2473316326867578,0.712074876417962,1.6311512589119643,0.7533269067495596,-0.5640235845193915,-1.947095523725279,1.811807372911984,2.896548073318853,2.080749603923409,-1.9458934727597703,1.3460099800649867,-0.7495469156763425
2018-10-16,-2.4497162599509164,0.9339263767500411,2.843902591143614,1.9325519294148308,0.8962902471661195,1.5790405233448623,0.8652674052295144,-0.8794299697281354,-1.6310328489917434,1.5158013683114582,3.136805801025896,1.5017797934522523,-1.6481112181668207,1.1005001875933345,-0.7666676101416812
2018-10-17,-2.4244219285061646,1.2555107350313424,3.0488085172167168,1.9787165589216722,0.40807827122357315,1.442975719686781,1.1510289491223464,-0.7434132584529491,-1.8798658245456987,1.258168043268558,3.0866498506543274,1.7104523647964023,-1.6701150608274813,1.42379278936861,-1.0204403352137799
2018-10-19,-1.6242758935791404,0.7609261692651341,2.9660834969790644,1.4324716632266403,0.21052633769525772,1.3430947859623066,1.0428109189176868,-0.7693735144459677,-1.8330884700699122,1.7511717253718744,3.286968715869527,1.859422359907653,-2.051275229927718,1.5843216805659879,-0.4875803701353601
2018-10-22,-1.872201937261989,0.27065044545909095,3.151138413799392,0.7992553728527954,0.16329271846504748,1.6104658856129435,0.9493724915471005,-0.8029885674817161,-1.753881742200719,1.3164653972744116,2.943161364560771,2.23488532853065,-2.1340346489733353,1.2081808268864414,-0.5298838073433044
2018-10-23,-1.7761726159894666,-0.3852501291468048,2.541800658755248,0.8590035946242969,0.21810330945775666,1.307049472447334,0.231524418766741,-1.2541346028470688,-2.1922667691595,0.5233334126235553,2.7405007366323337,2.081320886046231,-2.715033526187552,0.8809080201985121,-0.8340716535611192
2018-10-24,-1.4788547830236396,-0.8484002386964886,2.8320057284955724,0.9914233036316129,0.3296305363833214,1.1410738188925895,0.2453440507806177,-0.8494206552739855,-2.578232145061872,0.3821184993637415,2.281421682823698,2.0828131292404364,-1.0484295074619612,0.7226476572057857,-1.2069216016917392
2018-10-25,-1.396326630959519,-0.7716649328087655,3.232437016876245,0.8745768309801427,0.053876140068694185,2.121810359245268,0.20491398297175908,-0.7695005613015109,-2.6643271548651666,0.21092208063181414,1.9537835048861905,1.9198772451125563,-1.5249993272099656,0.39768255857229384,-1.0626495173907602
2018-10-26,-1.676028778518461,-1.0197764069214144,3.6627489644664872,0.6010177623767523,-0.4037310546246568,1.305832617543734,-0.23421918950707762,-0.8457513012646778,-2.6468595785040376,0.16517423289301164,1.7614783653875108,1.6886116564644826,-1.601218324292959,0.5700217932041421,-1.4295318171882632
2018-10-29,-1.9221895934779756,-0.7240254790924194,3.8967579576899167,0.5499832553236168,-0.11639959455729529,1.0180848649048355,-1.052665357809236,-0.6313297853268028,-2.320521327230525,0.5733878992933965,2.680795928209533,2.2095884180442282,-1.9454793945908153,0.7132553003501719,-0.8491463395477696
2018-10-30,-2.035155932889004,-0.08130121160676172,3.8688491024425926,0.7472389302472606,-0.42133667444087675,0.9425969813482538,-1.2418065123831763,-0.37253435495166004,-2.056511599082017,0.18595795221897618,3.0738910973953097,2.429206601970103,-2.623226396066771,0.42924081833980277,-0.9060215478690925
2018-10-31,-2.1137818618406823,0.3879845112952925,3.858444980196429,1.2345546591153416,-0.5012279401586175,1.140954211407178,-0.9728754697635571,-0.31784242660063605,-2.006104415209802,0.45754899600324783,2.4476755463557196,1.9980292196753975,-2.8591344121852478,-0.061701592956669715,-1.0823274094546635
2018-11-01,-2.304628928645289,0.06871717217765094,3.6786710352791676,0.8390283268796287,-0.527260226740229,0.6628609946054609,-1.386176793976149,-0.9566522677937318,-2.045006006354623,0.14231085371045,1.7233773713387144,2.2383486800985177,-2.650533166259539,0.17512505752846327,-0.6159236342778386
2018-11-02,-1.6314010000641348,-0.02751161630593262,2.6637104218141436,0.5482390863126113,-0.2722306953889606,0.8003755314136681,-0.8499290537425341,-0.49730067369726155,-1.9243574624805833,0.018021691094454007,1.2279785274615072,2.0017692771700277,-2.061930051068447,0.6152081493583684,-0.47912244283610045
2018-11-05,-2.045421436873829,-0.05856669095385462,3.05985711494904,0.7470723930648691,-0.45012073189800417,-0.008877292097593713,-1.3653609680040486,0.18483856621589012,-1.467987058913551,-0.10447655592406076,0.9219632665944313,1.9921388241262985,-1.9696120333106428,0.6884663225857347,-0.3766229708738711
2018-11-06,-1.8141599675417268,-0.01022858696128354,3.1782629573163397,0.6419559234413234,-0.5280391060442814,0.04183603096908322,-1.3850574869619403,-0.3291365700997071,-1.3047261500726635,0.27150650701575696,1.3519027556762653,1.561884281482176,-2.257019696934566,0.6782439640357961,-0.4266681078607839
2018-11-07,-1.7010960961123243,0.11321028193324663,3.1771064477329003,0.8331969007960379,-0.3647000602486774,-0.15340870074695773,-1.1624887870059484,-0.250798455674352,-1.0260191573127189,0.47599205351566054,1.2242322165625392,1.7373820668203928,-2.106156441916718,0.3197250212708754,-0.3221330601867677
2018-11-09,-1.7390110831399619,-0.18279580111593516,3.0723762628567037,1.0814155248763635,-0.7112430530691158,-0.12709102589940266,-1.3264279365388745,-0.5506446946051761,-1.2073247362019057,0.6994020182787687,1.0117617415916225,1.8342673534159715,-2.426640035793792,0.03312034107019972,-0.3282984390783747
2018-11-12,-1.3635602315901625,-0.26492299789993257,2.963297199343698,1.4922040355616388,-0.5227155565817844,-0.7113591399723759,-1.6285509526877617,-0.8425047990469802,-1.2591832713559858,0.5877834598941954,1.1390541734570698,1.8139285023292901,-2.0989060449716095,0.08584485990152918,-0.9682092167568506
2018-11-13,-1.2998894731642556,-0.29065891686165896,3.114733542848233,1.5520403334883166,-0.5143136833636166,0.03045877856831224,-1.5654552340428947,-0.590217635509394,-1.1352214244995655,0.37478273509658483,1.3944433342578284,2.075273839396471,-2.1331649434966393,0.4412966762195694,-0.8083108399031621
2018-11-14,-1.736302742969834,-0.8187583477771646,2.815931091790752,0.8494411307858817,-0.02275609277151048,0.3157772470069399,-1.65859135592705,-0.45579549297308997,-1.4478239272349398,-0.6758820255027668,1.297990371894392,1.2789507825789068,-1.9969317089486047,0.6241529758515164,-1.101092324774077
2018-11-15,-1.3585730587174958,-0.7406477044762149,2.5197859431527645,0.8650355544854947,-0.1715074971044958,-0.020132583475954247,-1.8965915514289808,-0.36908725091469535,-1.3909318154977357,-1.647353848088073,1.1574892268694823,1.4663848165572015,-1.7852626756909307,0.39375858611010933,-1.1035765474395216
2018-11-16,-0.7849458276482444,-1.0957716656772756,3.14036837684392,1.1365992285888422,-0.2213470943139159,-0.2082899922724186,-1.7343422994595694,-0.06983974445158271,-1.128198795620028,-1.925542772197497,0.8293469590780274,1.1091034673854694,-0.8085087554104302,0.30858343640726676,-1.2811351114521863
2018-11-19,-0.9152329988239167,-1.0845461887942967,3.448694963137661,0.89699482447333,-0.2517768874441569,-0.2853676122475517,-1.5649194302320073,-0.5241018273185394,-1.3433338163969932,-1.7071515189502817,1.0352729666266047,0.5703497956449363,-0.6700319185260248,0.20627595106107513,-1.255428489313619
2018-11-20,-1.1171181483686177,-0.8572325961426601,2.3159665447004882,0.5309262305933802,-0.711459340059104,-0.8568747860072523,-1.5795458931202135,-0.5987130395840652,-1.9174758419057998,-1.8992002003288593,0.49065519377645095,0.15224611783936529,-0.7887011887966343,-0.6824166368186834,-1.3381182535753111
2018-11-21,-0.9022145680620552,-1.3414803272142126,1.6264940945355837,-0.11652262286239837,-0.895340478067768,-1.3444509407967689,-1.6829684103416502,-0.6771342466120611,-1.8024046198621657,-1.9040075823195524,1.0763827227058922,0.5297761707314745,-0.7058876031986994,-0.584065432699722,-0.7251536913272456
2018-11-22,-0.7983239967920484,-1.4498052675612734,1.1459928396234207,-0.3897765320462773,-0.9660386365712285,-2.0976094747904845,-1.7094344852354215,-1.5417265565345846,-1.8867655516992021,-2.1397209576700704,0.8548836451478178,0.8797153163304224,-0.8910983332717306,-0.6267926640737107,-1.1063403889028531
2018-11-26,-0.8800729593648912,-1.2353757368474008,1.5813985438148888,-0.20365227587135265,-1.5056707576503647,-2.273134791673635,-1.287949714070689,-1.0920971763764655,-1.6301909810162065,-2.2815888560002873,0.699476446890887,0.728932268650966,-0.662539733386297,-0.9412963645732697,-1.1277459707141124
2018-11-27,-1.0901328505905705,-1.215915513353927,1.0158714375486344,-0.5207862444107852,-1.618981840443629,-2.368765823776341,-1.50585063187347,-0.9604647667090034,-1.6325919174731702,-2.4906675630206037,0.8589832641928193,0.5772303599756236,-1.1244517197900408,-1.2837276582671804,-1.124770745036981
2018-11-28,-1.376694481469389,-0.6433110196398927,0.9349568689203022,-0.43668691109352237,-1.7582067734332087,-2.9828748011083666,-1.5668139681878475,-0.6920697620859183,-1.8984628637670478,-2.659880639438638,0.924163882423109,0.8006209955015389,-1.4555176443893263,-1.4622447681814377,-1.209713019053823
2018-11-29,-0.703771735282947,-0.6124809321763619,1.1107413746421944,-0.5733743969402774,-2.0596304879080454,-2.890286761632927,-1.2894907771409836,-0.7824469056909489,-1.4005984800741813,-2.70011138120665,1.4403388057873967,0.7326884070315681,-1.3101670835122405,-1.2927808105272989,-1.206087573554667
2018-11-30,-0.3432726772077408,-0.535607184783341,1.4611411950090045,-0.22510034478871901,-2.108406607846767,-3.7504766967784477,-1.8048631951991378,-0.5440776438856483,-0.602077259718619,-2.8897141738856384,1.7393900337606891,0.9210491693347258,-1.6412368433754219,-1.7392819740564849,-1.3983136413698185
2018-12-03,-0.532949059570702,-0.7280649137823435,1.5134335571342168,-0.6611937804336251,-2.09685316042069,-3.077740947402207,-1.9712145404377317,-0.9688832065656284,-1.0196489804376365,-3.755622182749918,0.9860425614561066,1.2620553092145286,-1.4597750925394897,-1.335497450572551,-1.2815924520831203
2018-12-04,-0.346568712372108,-0.33988422653001854,1.4685052059308237,-0.178241174435444,-1.6640849815166576,-3.078990343083333,-1.7040694234258704,-0.8055088250352184,-0.6853356259945567,-4.095857263685631,0.6786846302683301,0.893890597935662,-1.4946011043599,-1.3386529268089364,-1.2746624921652943
2018-12-05,-0.3770712355554183,-0.8273251671930345,1.2870769154219777,-0.4161063417696729,-1.6652815275589354,-3.1981552793935135,-1.8798877403398178,-0.3821728732543652,-0.2190789299801362,-4.585382885423127,0.7729203328182612,0.7187410799533274,-1.5297718726995768,-1.6387406792285553,-0.7494091902630831
2018-12-06,-0.5167951373522336,-0.9519804016187086,0.76940181537093,-0.9219477826444458,-1.8671932075295359,-3.355538154690493,-2.0566020090377073,0.005974348184654517,-0.3494881763922995,-4.524620260233512,0.5131104892615359,0.7532617321163059,-1.631640622390599,-1.8553910479215898,-1.176369983543046
2018-12-07,0.3464055028086951,-0.5865150826616836,0.7309283301194184,-1.0944932619371228,-1.9690211998730436,-4.142671870482907,-2.023086564080706,0.23520923293408533,-0.28068065965537614,-5.000778550219563,0.7507671595858803,1.1287953267426358,-1.6397098765805798,-2.016114596633955,-1.0125216792995464
2018-12-10,-0.2526245612169655,-0.9697428094371405,0.22240010916543182,-1.1567628318377394,-1.9841951633126365,-4.46878691657719,-2.2184700510501227,0.0518944192396112,-0.4759843345555765,-5.086551350124286,0.4343837423113665,0.4014570854469641,-2.4138866515410085,-2.661158661740154,-1.4174383585250012
2018-12-11,0.13696551199021564,-0.8202545164082942,0.27662739400858816,-0.9417289929239481,-1.7228148239917918,-4.21816074966096,-1.7262768425459014,0.5961660502877415,-0.09142328893972856,-3.8945567071199982,0.8845448992493335,0.7257341263125058,-2.5350585393672915,-2.599168646060246,-1.0508481686334048
2018-12-12,0.4659276358300515,-0.8030822843692603,0.42954447114494354,-0.49087801790842633,-1.3942851328964387,-3.6455163361997274,-1.1616570276357583,1.4452756783353966,0.5564219822929235,-3.5251850246454928,0.46176183073571386,1.2975507685447953,-1.7270874452619545,-1.5718033854384077,-0.48300383738629016
2018-12-13,0.4894662546530225,-0.5614948352116956,0.6026007720491025,-0.31136171590842454,-1.3207325563313128,-3.6234295603993116,-1.8475021320124774,1.2041097652553738,0.7700403771004661,-4.106490808138625,0.4881033651082037,1.3453863527012326,-1.752519763377691,-2.10156553047643,-0.6690403032535189
2018-12-14,0.3294393800129915,-0.228063880821771,0.2691515124512427,-0.5955730768325436,-1.3127379850159746,-3.9794168764429667,-1.8383362177422982,1.2179690503183482,0.5111249218628341,-4.430708291302332,0.21533094793738658,1.4617729076424486,-1.3833578367335926,-2.2935576795587584,-0.9373339488540839
2018-12-17,0.10973050155261452,-0.3084674434514811,0.5853886429187615,-0.5804445459184965,-1.1665224100701848,-3.2400508852135714,-1.263598918022986,1.7588223451121656,0.8508729201071331,-4.176063157012157,0.3779318488690722,1.1346199308885918,-1.46109245200756,-2.0252252419278634,-1.1052219139447443
2018-12-18,0.3818900035810408,-0.5235199461180975,0.24951031563336887,-0.5597333848949427,-1.3415522656584893,-2.713057762045716,-1.4487797635727895,1.5300432515687055,0.7703877326255095,-3.7507337855713074,0.42485399875004776,1.2115442977079893,-1.18871762296926,-1.8665126752276155,-0.751985991224286
2018-12-19,0.17095354958726805,-0.7657799993135507,0.5010010337043548,-0.7959064282408727,-1.5697038890835397,-2.3282417350681293,-0.8789523446504699,1.816347082074165,1.2952527515527092,-4.0759830248180835,0.20036597233977674,1.9422558606006126,-0.9552155955751237,-2.0527767116103686,-0.09645035211310736
2018-12-20,0.7110588858544972,-0.4552675758458313,0.04668917052230992,-0.34304777945361187,-1.7495806641096143,-2.289581043002237,-1.197078278204476,2.7124145116910423,1.463657221072033,-3.728083133010953,0.5073195703665918,2.472900546638644,-1.1375628583928679,-2.2450213730873037,-0.09771766946686566
2018-12-21,0.943409732651524,-1.113558076589847,-0.3398734712830726,-0.7726702247598932,-1.7679064121564065,-2.0696849776173805,-1.2154645978570056,2.4859780623291443,1.7422977035489697,-3.648347452262253,0.42335264355119245,2.6697212762824756,-1.0420370091516036,-1.976858919975642,0.34992333769998807
2018-12-24,0.709320077533794,-1.206876831210687,0.06761130297993113,-0.8551567651713832,-1.9081145616528707,-2.8101332478563394,-1.4661349231592486,2.276138508161939,1.2203247014178336,-4.0029608339091665,0.11121147878190996,2.512164807273577,-1.1190581291499864,-1.995760507416085,0.289402780245691
2018-12-26,0.9413458895858652,-1.1565397510743227,0.46025225899561184,-0.7733700486206173,-1.9028191257794402,-2.6832311033103418,-0.9665894870899505,1.9558638080513056,1.4162663258584873,-4.223953006421312,0.26791902010448276,2.494135381604732,-0.7895346475118188,-2.194565529464972,0.04972105964648519
2018-12-27,1.148636867156937,-1.013518884609135,0.5345591219170671,-0.4517410027668765,-1.4174392815224086,-2.2843396170938144,-0.6933775011823254,2.5107340963270146,1.2997511707559524,-4.15080188439543,0.38949564269053855,2.0091536196305424,-0.7828302380136357,-2.437366291610078,0.431650211220123
2018-12-28,1.168121058883159,-1.1087621323546355,0.41736459884109495,-0.3549713503166584,-1.444933573260691,-1.946036779538164,-0.8823114553088404,2.733805210012195,1.0945143359327871,-3.6010156964476585,0.6022480805875307,2.3151879271819316,-0.3313035150446047,-1.6612392479294777,0.9943559792526775
2018-12-31,1.5238863044896984,-1.3889547742295714,0.16753197148121457,-0.4297054316778493,-1.5920238346882276,-2.398257091157577,-0.8812565579063196,2.612625630530671,1.1251818995575553,-3.671354361590723,0.6850789219336675,2.2299912731234848,-0.12725738737905132,-1.4682463697471617,1.189500827303907
2019-01-01,1.734063150883441,-0.9436294712891865,0.09568649213497732,-0.3478843730661074,-1.8321031622893038,-2.1991482136805636,-0.6934586973371223,3.0632157033226575,1.3526336919957156,-3.38507887144128,0.7348065406351707,2.2254746842671445,0.3233609245334823,-1.5235821539597159,1.5129473894288026
2019-01-02,1.9156249365565896,-0.4706458959930824,0.13064964968187284,0.026266727764968998,-1.4628553767041148,-2.348655896988495,-0.33084453874423175,3.088158434383773,1.7558526668670003,-2.8993618376346477,1.3449588568573516,2.4536081231397384,0.3678639083127646,-2.1203561632937595,0.9794217608118763
2019-01-03,2.134509098461163,-0.8226834585658869,0.1447474181199689,-0.2435825464416449,-0.3682103751600193,-2.3649601988022484,0.27334618125886334,3.210755462706717,2.436454734636725,-2.971172411055865,1.1062719096580276,2.4143174850264932,0.7576973997732147,-2.126863382468685,1.4641371823370697
2019-01-04,1.7222635365058352,-0.7967339603584941,0.470050297174977,-0.08671526084144938,-0.29685016626578914,-2.0835180341709343,0.673581746411317,2.624452116178965,2.092387420600547,-3.1402282657567833,1.5289831921487433,2.386805513025113,1.1343620728803632,-1.741309557921353,1.449876486315526
2019-01-07,1.6602331274054223,-0.6306146216196382,0.2583121249718026,0.009105776765546528,0.2594039821596776,-1.4808051947658416,1.0949526919593708,2.329095470683077,2.3030724665057187,-3.3108905603750394,0.7166801705824649,2.0895226321157225,1.4169058358542443,-2.1439437588790695,1.575383998346611
2019-01-08,1.1497854686177644,-0.3313129902164952,0.6037020482327997,-0.005598137568426389,0.009832039208445336,-2.0187170275148407,1.1604424874166344,2.6073988519951232,1.4655135073891674,-2.724168787081575,0.6128143610846618,1.4895422310023554,1.3447904663159533,-2.2619368687156736,1.1367740168097769
2019-01-09,1.5107889813981794,0.35975703496344075,0.9158857177542719,0.132736097295454,-0.6916348451695684,-1.9341321494340975,1.9830518648547668,3.1816528150572214,1.9390767263822204,-2.455533056015296,0.9252695639710512,1.679545829121638,1.8393416706681358,-2.0045033718668095,1.7810209637040668
2019-01-10,0.7426191306569633,0.31924606468472483,0.5957306021204265,0.17765042518669136,-1.4157561600681126,-1.8484265307431982,1.2311435016824561,2.94784426645946,1.3869737619175555,-2.616902227897539,0.9585299913625824,1.7325851803639258,1.7634466030166644,-2.6454255992329925,1.6143251088858677
2019-01-11,0.7448329871072178,-0.03361715090528795,0.5573704312067713,0.24752072765687577,-1.5536562971998125,-1.9147947583724914,1.1022240575865154,2.7949039768411943,1.7206245339490518,-2.792766062688405,0.26140732870610833,1.7913614433540004,1.6626928012010058,-2.668075475522136,1.5932863354916078
2019-01-14,0.5571270271588382,0.4408049349721669,-0.16274581027617405,-0.5358850482991354,-2.351473918234244,-2.1288631448866435,1.0081570963400093,2.5868736835286805,1.7264639650297116,-2.6840615084276007,0.17201769861127145,2.3439741189065306,1.4616003675727247,-2.85457969760244,1.4644055542583854
2019-01-15,0.5725331416318999,0.7276913589767,0.4304731703097105,-0.07663799649396769,-1.79433008663002,-1.9767108677723622,0.8828011587968231,2.6890621976392826,2.700556415623583,-2.4970427044981296,0.30845902511920814,2.2455735139954514,1.8290901058026827,-2.2796125616097727,2.7196179170524903
2019-01-16,0.1943017630193949,1.407272993002595,0.7056076608757746,0.32723903145788596,-1.4732181754205795,-1.7398188431293893,0.45105859374429597,2.527139467102265,2.5752626495807243,-2.778430764819915,0.500645598216771,2.438112451067729,1.7567303641603706,-2.3049300773566754,2.0259557403637474
2019-01-17,0.792816840465087,1.4161787431760322,0.6990429050402442,0.6943379471066591,-1.1753727469437847,-2.370511344556109,0.5188507398144007,2.6318523864282333,2.696813206626964,-3.216998002766143,0.7003544408928695,2.3662743212651867,1.7537593848402044,-2.080114815053872,2.1199944666224426
2019-01-18,0.8936263286016028,1.913405569647899,1.7226419329217946,0.9178796038386854,-0.8929216601469437,-2.4681734929668466,0.5226302966053903,3.3692512148643923,2.8313257631888256,-3.382404162030761,0.8437301460106064,2.369668534399746,1.0829840005222056,-2.1880187423439375,1.8483340571439164
2019-01-21,1.1531605710563466,2.3815464382328986,1.379671688987646,1.0189747836813325,-1.411396232185904,-2.3690541871975834,0.2605092293582523,3.075208027028303,3.194544497110331,-3.098319199223861,1.0990728766874738,2.1606366091800524,0.1300642999413577,-2.2872837358008207,1.4597628190156897
2019-01-22,1.3029410445617413,2.2505364791681126,1.30943531823397,1.3469679284648808,-1.193637876722228,-2.3612398336695066,0.2645833619988187,3.037485744226993,3.4311975286724756,-2.3516280745948244,1.5955101745582336,2.030492659212227,0.6209445174581915,-2.605012189501277,1.7310411886531962
2019-01-23,1.4661952734720898,2.3415249031899124,1.416887789777869,1.4252587266474892,-0.9315904745751172,-2.293898387678451,-0.17617049433759163,3.1011401019546234,3.670404761289048,-1.9964832286835383,1.5459103389030686,2.3533065108044475,0.4886018637512916,-2.4805840974621414,1.6401550267585698
2019-01-24,1.6243533902494158,2.176964516042047,1.0602887000069086,1.3396328886239706,-1.5272089619217075,-2.3468302089020168,-0.25088143549673486,3.0779761953087106,3.488820543925446,-2.5089284611451688,0.9524089075323944,1.9657571774842926,0.5585385110344678,-3.4025530900838343,1.0286285596142848
2019-01-25,1.7869253614948037,1.8089771281726332,1.2136600859369824,0.9746741360861539,-1.2624074932379457,-2.634284280099797,0.11523768110481244,2.9042970834391615,3.2511254230195004,-2.345446544190747,0.6039130649782477,1.4781236465058463,0.8285162514896061,-3.415903627704495,0.002830180478858385
2019-01-28,1.781740411426022,1.1769974535421537,1.1253334515026139,-0.05455915516603321,-1.3447845450173717,-2.6220918629497545,-0.31372461461478424,2.282056225087721,2.675476119593319,-2.8943336216308415,0.6401567248113615,1.4980394495524674,0.7521724150415742,-3.3768086019955676,0.1897185766929968
2019-01-29,1.8020698963848443,1.6954576411201632,1.3937379200076263,0.36983322091965476,-1.547414981421462,-2.3373072965142074,0.17775359179934286,2.712511453956414,2.757633266601847,-2.504202527876778,1.4461384381922342,1.4896943056204706,0.8061665422443329,-3.5340433257233093,-0.1611672717908085
2019-01-30,1.1823912022504153,1.7646777808166905,2.080629873352681,0.6932813590139528,-2.1346711034939174,-2.4399715324080335,-0.5034434051210306,2.274884704521716,2.869859086908202,-2.599302703574132,1.713627329865169,1.8984090053278992,0.3359898761297421,-2.993340806157671,-0.09758238631140742
2019-01-31,1.5796529493249878,2.1514975484832486,2.061067870625396,0.9529560099961812,-1.6387501311664507,-1.7952303101861313,0.02207251315910329,2.2538462345623373,2.423980703775215,-2.4688321673696048,2.052640573062166,1.8387463822395376,0.2993789236926711,-2.747650979109678,-0.2404503980083479
2019-02-01,1.629559182947642,2.299899585661114,2.1163160552540434,1.3146997078748768,-1.702619876615638,-1.8166028393983547,0.37114693478825134,2.7149408194306615,2.714000150713163,-2.6036139506771065,2.2420729635028454,2.4618670381453236,0.4286998430374188,-2.7664103158568465,-0.15399581777825122
2019-02-04,1.695544061386787,2.060968001008534,2.084288456015741,1.3070393796023914,-1.1731676224971315,-2.2895953729362817,-0.13205365322749615,2.560314936259399,2.808086232957144,-2.827121326714172,1.872644910232285,1.9185553784291982,0.19406743389056205,-2.847901392612741,-0.2726203742160289
2019-02-05,1.7537675235863255,2.480426067609942,1.9937817962674234,1.1192782473191942,-1.4870524790499118,-2.1166565869878036,-0.14590041068931034,2.6725789048411848,1.9980524668241413,-3.1997523243812864,2.699741230128876,1.668635789503965,0.4932865287934951,-2.972980102561096,-0.5915209813093883
2019-02-06,1.5491770247846466,2.543913743130818,2.205570999199355,1.7410218497476453,-0.9521320132840109,-1.492466403632886,0.39672155837674794,2.9028002999194062,2.047798350092906,-2.9165563055651327,2.405239181385018,1.9407544509730386,0.6474452620483692,-2.4799853542410983,-0.39937590601915207
2019-02-07,1.462063151730653,2.5212600946607857,2.1372206711055712,1.559402955520284,-0.8581516349265221,-2.241178065785054,0.3630959360722441,3.026137268513104,2.0607665465468723,-2.0776141284455822,2.4373013029522754,1.7787926593177952,0.6831875832325413,-2.5236645561433155,-0.39645351443916754
2019-02-08,2.0822482706228818,2.8070780187779847,2.174746333390002,2.1930581077629845,-1.815645241482214,-2.7986955056256826,0.024697528241021914,1.6543865704338445,1.500175222162673,-1.56652177932904,2.0475344053268367,1.108746115472736,0.6184847528802226,-3.009554115253409,0.3424174609311837
2019-02-11,1.7374450410941327,2.7667662044102346,2.2527595458902505,1.9741174470268876,-2.192193017507908,-2.6463302240636084,0.29774858409563326,0.8284620624611617,1.3359671503770547,-1.5308284339927833,1.0076677087130634,-1.1895240687476865,0.4657403987445182,-2.613092974953407,-0.14454436895035766
2019-02-12,1.6291420260187577,2.6144907660952947,2.194375164823702,1.6350223668706998,-2.0324317633891145,-2.179379297769673,0.0013172633671123862,0.3611842513451333,0.3246376446682467,-1.4327631524201403,1.1178826466756395,-0.8221789842109531,-0.7191334488236187,-2.083511226216895,-0.3867317249243509
2019-02-14,1.417462910896836,2.3380667641178996,1.9200890677246047,1.5568028324475738,-2.387540220094948,-2.3160998074154255,-0.42636075492241143,0.703961431786723,-0.2996488047814806,-1.5631714675615456,0.9094746116669228,-0.5308221838314062,-1.2987230323651915,-2.4305259234043364,-0.38656462473152786
2019-02-15,1.447093771101344,2.674881362009665,2.5546229642676415,1.9585258306726159,-1.859773240492336,-1.0638519893446359,-0.1995716453021619,0.6987469322936569,-0.3986140358294259,-1.8163482388734016,0.8276208852034885,-0.3235758897563107,-0.9475668358544894,-2.4136026122580265,-0.7537967156400437
2019-02-18,1.2932234480749663,3.410214768771426,2.919865747860264,2.5021623339271284,-1.4626743072258943,-0.7416840703712723,-0.45361533055382147,0.3966758163599514,-0.4171317471975695,-2.13360158177052,-0.09178002531429391,-0.7921822786336563,-1.0631177764890376,-2.1970568411404283,-1.3485963878879983
2019-02-19,1.4046671882426471,2.8902560386617875,2.7216887273997035,2.2349516684885047,-1.27008066155609,-0.9897126064055607,-0.2626311247333858,0.5686469582045598,-0.6541028915498882,-2.036239262425331,-0.3104342637198787,-0.8056759047423627,-0.8287743307086632,-1.7470212807783145,-0.5629785722926977
2019-02-20,1.5061578035686778,3.2184110261180665,2.578483139585073,2.528413056360835,-0.1415593365612236,-0.3527855053367002,-0.6782164796372463,0.31891512349094503,-0.3535395026572745,-1.5670176531266695,-0.08035620843378424,-1.0277500662496715,-0.8694734934628637,-0.8827139396438441,-0.6086515267983538
2019-02-21,1.4635542745251449,2.615947333718017,3.0302009201108153,2.6878267306117634,0.2235720928951432,-0.5757715880655472,-0.6804057672224726,0.3780597236399475,0.03467887268982285,-1.0974630712843625,0.1170995801106488,-0.6247590174883709,-0.5875661726900975,-0.4603435335822337,-0.506199352336804
2019-02-22,1.0282608378650486,2.0314273695110883,3.294622951022806,2.712923246597306,0.7549101106018942,0.1154430356381335,-0.537246989936014,0.17676466773032168,0.3021597673368324,-0.9308930970376021,0.5364918070459709,-0.6694557589160525,0.14214466387737446,-0.4097173224957989,-0.15492046027084844
2019-02-25,0.46804326673574276,2.6274334099296213,3.33051722325058,3.042740678824406,0.9123203187056044,0.3410370267765643,-0.7778099244631504,0.5843930901531178,0.21038464615129235,-0.7741867142044722,0.20004427512632936,-0.37407263290681014,0.15509415817750002,-0.5841535436746085,-0.41054286970781584
2019-02-26,0.1691045738253998,2.1286000040526516,3.0065700642971254,2.7236691368985078,0.9193409169706934,0.6074343874426854,-0.7389965174330864,0.2671467901056887,-0.4482938470917839,-0.9458577587623,-0.3257942366448357,-0.8405210280893857,0.2365534120238795,-0.5224458037877479,-0.43817357108351657
2019-02-27,0.028955072004749297,1.8658581489681016,2.198819740961529,2.423101925023645,0.7306095855887895,-0.19414748374130028,-0.5491378783142385,0.1446952353350212,-0.10607424952633975,-0.07987703903544564,-0.004925678554775461,-1.180755705914579,0.1690258414949981,-0.6509010360524821,-0.685087444736918
2019-02-28,0.0026431691397215042,1.4696443007658986,1.662795879900646,2.28211240366577,0.9504211326374287,0.34015376137478753,-0.38196664033129973,0.28796124816671614,-0.1080015622301409,0.25641045608008894,-0.3268109633863341,-0.8453139991769633,0.13080224029970902,-0.8282592613358701,-0.31297494360223466
2019-03-01,0.31270765404156514,1.7577362475557536,1.86311086419711,2.242155767243438,1.26615319938951,0.8343268462422286,0.33023962747392416,0.13528974365157234,0.016640821621330994,1.0630115482023061,-0.03636211514740162,-0.6125945730017758,-0.06700242693682838,-0.12472275415279081,-0.34211113567799933
2019-03-05,0.858606818151166,1.88788825214372,1.5506294940521586,2.5766333741529754,2.2175095331858725,1.4614603507239903,0.884184341612857,0.5503020873237414,0.6403308413156732,1.0804007738817325,0.20635287977658845,0.20921149700086794,0.32313044235441724,0.45672476289254593,0.6847301371183686
2019-03-06,-0.42711364039735955,1.5206709063736286,1.7250343108645476,2.883212671529853,2.282224837678719,1.9470942928265016,1.0550445850722048,0.05070353308691632,0.24525796282683332,1.4312892520342204,0.13078005715302954,0.016942491428419526,0.3936365991852661,0.4572598651797482,0.4839145987957747
2019-03-07,0.7849259889134373,1.6659507811477694,1.5397962186369127,2.704376278267195,2.259817675484711,1.8175765169216829,1.709123919805366,-0.14766686878538438,0.5156632769703923,1.5389601058847882,0.0630276165441454,0.28220714913598177,0.733691056302172,0.6410904536357225,0.756857259915629
2019-03-08,0.45501930626905207,1.2304019882727653,0.8353216844091618,2.5989054781411625,1.9758591344799026,2.2664250796020706,1.51564813868873,-0.7698155182823575,0.5813818661408595,1.0434405342025062,-0.5031821721346733,0.0958664193908746,1.0085821693162274,0.34260959481222397,0.43509176574281777
2019-03-11,0.31434272214345566,1.091939212832125,0.8586372303958235,2.290736637399631,1.8607977457607772,1.8013946369192952,1.477846725889607,-0.8713976734054238,0.5902935849701609,0.9121488497573834,0.3908176029667288,0.06200420969870698,1.2975942075433804,0.1597151113475159,0.0593705339317743
2019-03-12,0.07295307133704186,0.4645449067594699,0.5902654376620389,2.1510697186741217,1.5734481019362647,1.7423545166132828,1.6646340566828084,-0.8868161545649353,0.051014316138778645,1.4408147093597066,0.5918118364364956,-0.4620183810735885,1.9942485327170818,0.49353142138879796,0.6948812496721349
2019-03-13,0.18697199545153173,0.2781517349061739,0.636782181951103,1.7692723543399385,0.9924824653842895,1.102026857713197,1.6581974097060466,-0.3258717897584112,0.04605616605460841,1.1216330636409786,0.5532446293695024,-1.1069327274451657,0.8663898266543445,0.1555109563312913,0.9292571025342298
2019-03-14,0.9734928440945132,0.6025517219639174,0.30559521860499866,1.5745438378290992,0.9797241716161454,1.3694772230079337,1.3757286646496916,-0.6117520455562745,0.014287032187254262,1.3480460887305035,0.3528290989553221,-0.6690564826037969,1.1967452504426128,-0.01962088366660873,1.4169110103917328
2019-03-15,1.5629572817112825,1.4221232133562347,0.8543725513563316,2.0384691450313683,1.5118555703492267,1.6230349082387123,1.1255078756890444,-1.1787350927825453,-0.5350777322215301,0.9769018160845809,0.24895517099581443,-0.837779145687862,0.9197601690861663,-0.1576175204157761,1.2119402294166632
2019-03-18,2.052879743602569,1.5513558670644854,0.30089113936918305,1.8021688702038638,1.3123080243336183,1.4744169967682532,0.9177611750725365,-1.0155264226473266,-0.544530273648409,1.2592560336236929,0.4954144179202115,-1.0677506983803426,0.4667282471311581,0.09277575837852538,0.5345363157850636
2019-03-19,1.9381605060094595,1.8069151314368719,0.6067929610310536,1.9605938856668828,1.49703586664957,1.82548311339765,1.4266690909047526,-0.6806817187074939,-0.1824638094196254,1.21770906907215,0.6543297024198576,-1.0711572622974954,0.9318128010211006,0.2584789886454274,0.4267581081324801
2019-03-20,2.16539728477916,2.993532005746779,1.3404174494902232,2.152620375356977,0.9877196140411805,0.9782533345379549,1.927868698854871,-0.6283840628626468,-0.10021985155610494,1.4640596686461995,1.0701352384047231,-0.6547552243580091,1.1852382455551682,-0.02044340134099343,0.8516211662577904
2019-03-22,1.7149340843562986,3.0190750593543525,1.0808270894586427,2.0803346106896052,1.0943738055223784,1.9778997321669713,1.9370463852346447,-0.382250594236042,0.09119190286911605,1.4530448752605163,1.1247761752384238,-0.9690245553177835,1.0428262983547325,0.27552981206662236,1.210405624469568
2019-03-25,1.0841692051855378,2.947969603768533,0.8723549572175553,2.2016761234066164,1.7557073400169758,2.1428920355549304,1.612983373430511,-0.26200666128189487,0.11540778823179916,1.5437574899195845,1.160878644839672,-0.9572431045073183,0.4191580132684222,0.19696945149549722,0.8572676678744275
2019-03-26,1.710531192087404,2.348555257214656,0.7290586692399894,1.4550413065990986,1.6806515361555125,2.3863549514067675,1.141343025290921,-0.27072895258536533,0.2578259594929213,1.7444833125095338,1.4171524652294432,-0.7122417426954858,0.6019772050182924,0.4921155309885484,1.3457282589177948
2019-03-27,1.5347109881208056,2.3998215872129007,0.5891148998489856,1.219950126525464,1.6104410322136424,1.8154576394460777,0.9903460058847572,-0.4503981637234588,0.09303502038744277,1.2381369025726523,1.071452998390912,-0.6842702543899023,0.3983389388417657,0.22950389308213265,0.8862341690241954
2019-03-28,1.4152165985236038,2.5564818005353085,0.5653940251841499,1.1594490459866715,1.2759183920176853,1.7594359627988128,1.5516791424056053,0.10255160380646122,-0.018827394389244977,1.3536209638657402,0.7877533911279199,-0.5379885868659822,0.8512053796982904,-0.23830792380388774,1.096436855272088
2019-04-01,1.4945594612670114,2.79267222411119,1.128378073073584,1.521848335835016,1.5265015405318703,1.7241672952459453,1.245410520970725,-0.03447031539010061,-0.24001322181654222,1.3543874299487824,1.3218648452321407,0.2220243188368855,0.9737227037632291,0.6314902390143852,1.021038666781718
2019-04-02,1.6617131232658326,2.7864984034210556,1.177225207308269,1.8204449482204492,1.688556608217883,1.8973808604668012,1.4731864268452217,-0.2661946365879132,-0.6823158078519125,0.9467493031025525,1.386643801372521,0.1664437233212637,1.7723752220918414,1.1107806680223298,1.6501521920318074
2019-04-03,1.6700702984408144,2.607336825000506,1.1794413583993428,2.021798738184414,1.9887224934290164,2.2427589067142137,1.4820490649746743,-0.1875916958088601,-0.8309717942523305,0.8563542561924822,1.3336946429065173,0.1371416351485851,1.5066496336081872,1.5846988861115323,1.8192962441741312
2019-04-04,1.2878273534792877,2.722780185820825,1.080388288102248,2.208637586367732,1.6600561683376098,2.1080077989679205,1.2035321174431803,0.2965563765748123,-0.4022120544137935,1.0098439231885594,1.2230731220253974,-0.11709740374235425,1.4060611494552173,1.2867379941897816,1.5993032125211573
2019-04-05,1.5050731147965064,2.7083117063769215,1.2543023357323482,2.1172999124480003,1.5736041267543879,1.7474653051230848,1.1262656642110542,0.4328384970172052,-0.8312498066912767,1.0296959368863978,1.4039369831683675,-0.1227637493093749,1.30684435999925,1.7765093048224305,1.3775257059549368
2019-04-08,1.9253196146633498,2.9647747429626454,1.283711356900554,2.2606670723106665,1.752590775039494,1.9962800628816824,0.7726348239255362,-0.13463154336629868,-0.6507663525584502,0.5556259019241012,1.382737824130716,0.08432722642087727,1.0885435966262358,1.615640423064576,0.38374839119163645
2019-04-09,1.7445352892068295,2.596001577389066,1.6289595575652318,2.2194261369474373,1.9235547529097934,2.074487964038141,0.5637848068289233,-0.6445242449777748,-0.7264770003427493,0.7543855138517036,1.1006311369025097,0.12579497497294354,0.7789772456176871,2.0668702816189883,0.5315738177630039
2019-04-10,2.212963592685708,2.2624137205188766,2.1084925760210766,2.2149290743604255,2.183081886807296,1.7792946458317174,0.5003961890982924,-0.8802539820445068,-0.7301139704943549,0.8924362188439253,1.192844303336977,-0.14403098905107983,0.2661013199857439,1.8122461289370773,0.055107630259684584
2019-04-11,2.0428984670685644,1.8643932558262877,2.0009247740239635,1.9059806247042987,2.0991083850234356,1.9315853655049706,0.17177180794866195,-0.7350327843349039,-0.8635453735554375,0.7321663855151694,1.5589652416814233,-0.2572002808774029,0.5667420913016126,1.767683312730064,0.0027207498194616966
2019-04-12,2.2552287896652965,1.5101181466976072,2.9641114042190826,2.512274621476057,2.1301551024232444,2.1904895534543516,0.9587786761900601,-0.3001793666144079,-0.7117172375820636,0.5472750498658004,1.5935882259765866,-0.3000389537080367,0.5391528767716701,1.812372618049974,0.2661779946616537
2019-04-15,2.6406118672309904,0.23901894211888058,2.5549642128313215,2.2066461028259927,1.8515544374449766,2.250660633559533,0.7687461275503893,-0.39367177580767826,-1.0812703642971437,0.33820935510459343,1.3967124639786666,-0.2927545537736661,0.5189595455911149,2.1279311611915785,0.17056731049703958
2019-04-16,3.0181770094850386,-0.1542856653611624,1.8426290667046832,2.3917366522383814,2.0764535739784376,2.2804178142637186,1.0917602611441508,0.2779564463043227,-0.8825413716129872,0.40386653586594,1.4465018921025423,-0.4129953308415913,0.6916605813078557,2.144210861313176,0.2495971442428515
2019-04-18,2.4696594528755953,-0.2601180896548462,2.1052001154964173,2.303617198660901,2.229918012863465,2.1811184510281403,0.8856854455996316,-0.22886715796922888,-1.229855428266664,1.2202744686053628,1.2675014704575611,-0.4875807328062004,0.6980870484917578,1.9293123523422757,0.17430672647115122
2019-04-22,1.946069990691071,-0.0736429827281448,1.8391399655800151,2.3227848295748426,1.8013699323106185,2.3132340338916384,0.8848179271348672,-0.4853651969245144,-0.9982760309546724,2.416958624158243,1.3982814046426069,-0.9263471857021789,1.6637875253741845,1.7765893103322354,-0.13961617957922606
2019-04-23,1.5046373203564,-0.2733951288661382,2.426900675917658,2.1992084560387783,2.475838607602887,2.135690752043141,1.127393644442283,-0.4459573390021734,-0.9166352603413528,2.555498622550842,1.5384088743386912,-0.5166668582600225,1.4737869870624405,1.4747423687257455,-0.034917524047353224
2019-04-24,1.2999478425098747,-0.04128252461062016,2.154707785338098,2.4695332262699528,2.8823790939761547,2.2308316177128082,1.3610327383810092,-0.5420302332562925,-1.0347774727448755,1.9414826370238483,1.5006751976530583,-0.3769850108291037,2.0706241907843603,1.9712637812314127,0.0345897761639335
2019-04-25,1.4632775150603872,0.12243895888897995,2.044035961857845,2.267468584587918,3.0066716723959495,2.3353769490529293,2.472006702759882,-0.6488525200101107,-1.4311043013801334,1.2130452954060134,1.825060722487152,-0.2201601067499239,2.2765452202237944,1.3690841867763255,0.04925166653142668
2019-04-26,1.8983198382290662,0.2705261632670283,2.011563493739932,2.24306156750317,3.137202547976001,2.5396628452777112,2.3601557788169725,-0.6279643712156631,-1.5256087536741385,1.6398709269277838,1.4891384765843432,-0.46068468875635793,2.2413067369135864,2.1667389225409246,0.060101778741053886
2019-04-30,2.037628548988873,0.6923405926790785,2.134627677545368,2.4654690630179865,3.1738738894783314,2.731378658662978,2.0367276863324286,-0.5889562558395599,-1.90188168667862,1.425838011379116,1.6976997063123467,-0.47490818540680885,1.7849395650346822,2.630734971382828,1.1210664260865089
2019-05-02,2.4229411695632246,0.18099501096632511,1.765601231612485,2.3435900920758135,3.184082108002759,2.5896245707276937,2.798710925256238,-1.0700368683386021,-2.495008667823816,1.6698261446214255,1.941727587460146,-0.44836681360222735,2.0406312633016603,2.7866759834181565,0.6849869797872394
2019-05-03,2.755136558788154,-0.016163964897216946,1.373428834779711,1.9853808558893293,3.3576789882460756,2.84263719331798,2.4086953895751715,-1.2985058909189675,-2.844944242666483,1.3078187570790953,1.6072751409161727,-0.7073993678529212,2.1994826496252533,2.6742115905437758,0.987398705737694
2019-05-06,3.249210005667135,-0.1049999123273669,1.1989159923747839,2.484153779187434,3.4959739137824006,2.770866222976371,2.948644747177504,-1.4560017223251456,-3.217026423174435,1.488208089644105,1.6913746792029478,-0.9659016441553343,2.4621231344793624,1.8461205233770188,0.7908396710261181
2019-05-07,2.7107458889952585,-0.6166504113720409,1.1048410020578128,1.982771573208275,3.4702137641549102,2.5652072107665678,2.1625667376771918,-1.4182035573941485,-3.2581258122791006,1.0813962082676185,1.4809152518586435,-1.2492133062189992,1.9893229442751812,1.4851136979782347,0.49299785466961527
2019-05-08,2.6094519199349384,-0.9824470881898264,0.8293102503611629,1.3721560462101328,3.157865757892697,2.124034203634039,1.8520384587898098,-1.7908325180289133,-3.620576947440901,0.7374239415744704,0.7947392379763719,-1.3320652818375156,1.7539199835253054,1.3462567588495662,0.4016981572185936
2019-05-09,2.031192213446408,-0.8998852657818729,0.8539248514370387,1.4693547912358484,2.815871961538422,2.0739639198187665,2.165617645626813,-1.646057008589146,-3.5355155521607995,1.092932978993519,1.1685090972650938,-0.9830635974885681,1.598541540116559,1.2278275708339226,0.46198963660933134
2019-05-10,2.108970880576422,-0.9923042051534631,0.940108899190967,1.3990904150543428,2.889990242150841,1.912061275276031,2.2763163908809445,-1.9703148431807282,-2.953677655317695,1.2369973519391426,0.4703265126962798,-0.7643730468376668,1.8540974507335692,0.7142283096382578,0.626665857836709
2019-05-13,1.9529004032783601,-1.152297978699468,0.7032961630391644,0.26027565549628134,2.34731010770073,1.2377308157732108,1.1094065112018694,-1.86481402008055,-3.128751564566808,-0.46161007371956564,0.19974762468981677,-1.0158035779428984,1.6115641303768147,-0.13829237321741766,0.45494754099315016
2019-05-14,1.7565535086183006,-1.3410591565290861,0.3816410541081326,-0.3206944882927708,2.236545296271273,1.580997062419217,1.2925386044736513,-2.182477056381074,-3.181867361618891,-0.3229471456643053,0.02248738542624254,-1.221737563588432,2.1032400739064334,-0.3022590013554829,0.5690349698162234
2019-05-15,1.7097767187224828,-1.1877326888263422,0.3288180886083984,-0.3288081529162841,2.517563362539663,1.8275156779151933,1.9818179917335674,-1.4463637798351132,-2.747639747058376,-0.5080802427406966,0.4034704315590962,-0.7632409892674276,1.8269085699481746,0.02040304372464433,-0.0021098232664570216
2019-05-16,1.938697760592661,-0.7150689494337691,0.44820889932726266,-0.46178370522008877,3.5603083433702443,2.218876875600648,1.6328126346229237,-0.8211335180317213,-2.506109784752555,-0.34621607624523165,1.573657930818698,0.32646602555254467,1.6418593157960322,-0.12373150401928582,0.15414776142159708
2019-05-17,2.583800582113027,-0.6435998320627758,0.4231492773350682,-0.4716191708234194,3.777910532936272,1.893249296477523,2.2949185291405594,-0.3682006512937978,-1.455456005944495,-0.7039709324867034,0.82526848567643,0.25609142478582164,1.7924957722079395,-0.28883766901229857,0.5387516896351535
2019-05-20,3.2921053021424216,-0.4039694309700873,0.6346230963280738,-0.6458187257704452,5.106371727813085,2.5073409743218473,2.4777115953577367,0.43341122531645626,-0.7739368704494419,-0.6916461805198021,-0.42687444625299414,0.6756803640703112,2.606970345740025,0.20189821428214835,0.88603051241124
2019-05-21,3.121651297128482,-0.8224279474682429,0.40236444947549505,-0.6528920484005624,4.687869417826324,1.9557954494368925,2.2036546081227217,0.3220965989269698,0.031585697541461365,-0.3094468947092904,0.8551900099420953,0.4964130043354853,2.104892893796205,0.2994638473486733,1.021069718293268
2019-05-22,3.3369702813032887,-0.7844774358132347,0.20876491485214996,-1.3539199459574867,4.653627916269658,1.9414074375690282,2.7367275885185167,0.808671327422446,-0.32918842216681327,0.36761364700072047,0.7734018292900245,0.6942117969299603,2.3384629319169994,0.3615819426850442,1.2950823812975876
2019-05-23,3.344065987252081,-0.5827049255068433,0.7007552492501322,-1.2239273023352157,4.145061888453866,2.422356116571697,1.5047776372435975,0.6842928053095719,-0.15865747411872755,0.1338148111951746,0.8410626654539498,0.5499628379855744,2.417845275404625,0.00878410302876622,1.221906595956933
2019-05-24,3.357335555694343,-0.8301167049111059,0.3484009394036352,-2.0971293318154087,3.7360625399034033,1.9787939368724856,1.6785632507464543,0.4348965367230774,-0.4309353969886854,-0.05808450433937068,1.115325157850188,0.6266944803435822,2.650494636061094,-0.0037348525195517327,1.7859072559832385
2019-05-27,3.594341229131714,-0.6574414859431026,0.09773131326823493,-2.6186126147480366,3.3793147386911846,2.482838773383156,1.775511292787662,0.8696703805532024,-0.6890874759436144,-0.3254072824520778,0.6340573445000507,0.6796097012295805,2.492064474298431,0.4889474099507785,1.9091285002461555
2019-05-28,4.546255380360271,-0.09186326163589678,0.05590653262871398,-2.392471917988614,3.3548575598147465,2.0861263693534107,1.6821815476297675,0.8743175129146542,-0.8442816359118891,-0.41970278531420235,0.19862728916958566,0.6598959174729617,2.219495302958421,0.2863566241303027,1.6059497194877776
2019-05-29,4.533749889150518,-0.684429507249698,-0.07743939136574497,-2.47072055479338,3.064867867184079,1.8140789615217727,1.4301961408801205,0.7962076465272656,-0.8758263735590343,-0.22915804975652831,-0.3067254949851254,0.3303397241213311,1.8650246598648244,-0.08673460523645317,1.583830314304162
2019-05-30,4.9188812691864285,-0.1663975405171772,-0.03964683962287633,-2.657378080921118,2.8864072261553915,2.2179004591768745,1.5718792817998966,1.018138184829424,-1.284206899496889,-0.5614987179963993,0.1416032113133317,0.6817036418285716,2.176512839765358,-0.17556296119208367,1.7378182444074655
2019-05-31,5.163569202219543,0.1687387979744846,0.4675990703255122,-1.5860269257019244,3.0475766473535635,2.2034382412172837,0.7675198358112626,1.4357703883221626,-0.9035883702551119,-0.8711638720802736,0.33532573927469533,1.1681065589834878,2.082651388105853,-0.24616122299595528,1.6790864445935971
2019-06-03,5.367110299702031,0.3976183096069464,1.0317211165291564,-1.7770146605807389,2.5458029649698197,1.9370674946073732,0.6961857217033811,1.8338513126632794,-0.5217787300547112,-0.7143817083745295,0.7657104716367144,2.17988114741926,2.282004738913616,0.11820382718845958,1.8977324887211495
2019-06-04,5.138858519047296,-0.09626550087459153,0.8620566036992521,-2.059380058587356,2.3467152004353227,1.9674985334872233,0.5882220490931033,1.956420926174621,-0.7181975313671376,-0.9573721989841658,0.24758715617655266,1.844753204009122,2.686302723723123,-0.04295363184331309,1.7166426771668204
2019-06-06,4.575505100132296,0.18669141970753286,1.3576697356343044,-1.848350435176407,1.682743047896355,1.7482081996621788,0.002223798534631572,1.9432092105699654,-1.084388076963344,-1.4413046983932225,0.134325794803566,1.5566241167535289,2.724362748961936,-0.6560616049022987,1.0040782506740307
2019-06-07,4.51892606031971,0.28961295266067905,1.2673932530509346,-1.8349095132452966,1.5127499320081426,1.3994304792193857,-0.2740085617397254,2.1240346554052323,-0.8181063026256029,-1.7396314085266444,-0.663800491123514,1.985230917851803,2.771775903799333,-0.6947906596648277,0.889135157045464
2019-06-10,4.444461141658073,0.9847015811085768,2.0739207144106744,-0.9460375709554779,1.5263463882726815,1.6741861489922476,-0.2771429582857565,2.623078588140837,-0.22747443921268246,-1.3759812408625363,-0.23152585201673184,1.8790416366744598,3.032944361333851,-0.6077331595991106,0.9258252343466072
2019-06-11,4.4906724294651115,1.357666808932047,3.2327889097708193,-1.1869111327471158,2.1232329539944916,1.1426744793926766,-0.3818911691453691,2.706197292767756,-0.504215328732656,-1.8720551502394027,0.04932961957624392,2.0370950255716944,2.987077345441929,-0.16999682379094425,1.077327249275539
2019-06-12,3.860990344625123,1.359585959710744,3.086916787381035,-1.4411572996083886,2.00871785475555,1.1201821251206627,-0.4432356972594967,2.4958115658272138,-0.8173150925952481,-1.9581901250899545,-0.14168007345809475,1.756866849777258,2.1711855627137697,-0.1480924739578308,0.6256896651552898
2019-06-13,3.909879233273857,1.4760857858271719,2.9844500543871715,-1.483066542956541,1.9456273813991143,1.193782528564044,-0.5065393053485292,2.1355708221530536,-0.9129469185623608,-2.3609655912214182,-0.4397943490542433,2.200404820064938,1.7172612542512014,-0.32078836417891277,0.0549544220540383
2019-06-14,3.4102558474369165,1.3639626491877286,3.3480109712915582,-1.233830626259403,2.2189697682583676,1.266006696269262,-0.7244213860817442,1.4657716630913624,-0.9984877578274848,-1.8964400757857263,-0.5272062450078643,2.634624464982104,1.8972202673606147,-0.09139077704749417,-0.561514833903073
2019-06-17,3.065165239494224,1.3700294137873537,3.4724556944201788,-1.2965234477935368,1.5647667636759255,0.654249451052851,-0.9928230622510275,1.4249859967386824,-1.5672205295894495,-2.5235989619354333,-0.5508870688129179,2.3945215217149975,1.3423593423559255,-0.7953676720707249,-1.388583145051704
2019-06-18,2.394557415146604,1.3415301888229965,2.9070001912973846,-1.451493483733957,1.250334128407685,0.2105539755466781,-0.6604449628824084,2.346561232233134,-1.2932128262380518,-2.625191259899652,-0.35685158815440715,2.4231117230680517,1.5751815022463347,-0.7674940466416263,-1.1086498160155078
2019-06-19,2.5809053284838344,1.6618919734358757,3.1839130182365083,-1.347684039670973,1.5106998851018725,0.41754585849229364,-0.7003473081935915,2.299415151994341,-1.6484501428839147,-2.757710981599025,-0.7083106300809949,2.4461811464808143,1.7084455133123755,-0.45773371204677044,-0.961459935957295
2019-06-20,2.801116144168548,1.395785167735102,2.522264068433635,-1.7847482691096166,1.6883506890717939,0.07848877982427313,-1.170427099216598,2.0464854903283363,-1.9512444862230427,-2.2335837127341094,-0.8826914840386316,2.4309114836465415,1.7490987116639942,-0.35468114358732766,-0.47816330524103057
2019-06-21,2.249778130926352,0.7602059116289,2.1019405874724786,-1.2058959919902101,2.1939063253942077,0.8366649974435179,-1.3403332719384293,2.2024114012499867,-1.7655858864193674,-2.6517433000583583,-1.2805412753267837,1.9218163714164487,1.6713649789373262,-0.14697356588035604,-0.975592626374566
2019-06-24,2.210357038197549,0.4862888356985046,2.028967237056091,-1.4941168062202672,1.5194585937866212,0.24211773535048936,-1.1274860002756706,2.257885678213644,-2.1595397858316234,-2.5868231113474236,-1.5425173465984536,2.0572557168154635,1.822199906289243,-0.4900163718372921,-0.9281326595828906
2019-06-25,2.947099102909411,0.8150665786773345,2.5359793665208845,-1.6221050808479152,1.0076711229610809,0.537175188270844,-0.724642904754297,2.397010402056036,-1.8896407663282477,-2.2775575471739784,-1.5774285283055423,1.9069665489775713,2.148640193385275,-0.1642525659698515,-0.5359280162839521
2019-06-26,2.5485777662785307,0.7738341614233772,2.7491375241530402,-1.3472287874611617,0.8933453125904364,-0.006498744053396126,-0.6897128896682114,2.263063377206367,-2.4239114285131307,-1.9072836602169567,-1.259392884330886,1.6951919574352334,1.9937350493286055,0.01700674252261859,-0.440359279094546
2019-06-27,2.5879835356259795,0.43779443804383106,2.425702480944976,-1.6200898365744751,1.182753280837836,0.5764169319491155,-0.9617333766322879,1.9011923281816576,-2.461003085752985,-1.6638287717992053,-1.2409971615135806,1.7172202865381465,2.344238135836252,0.09086155695718345,-0.06461852999782698
2019-06-28,2.3753877202818887,0.23092368655955664,2.2714830040930356,-1.6674683436875541,1.3616105951610766,0.9503207341613265,-1.4878846767220748,1.761731535913624,-2.3195442619201376,-2.039254352791632,-1.0444467313288064,1.8228291029567396,1.9727898851383159,0.15513325339387832,-0.09876924978677394
2019-07-01,2.465721874633979,-0.3439057005720582,1.854721186860432,-2.1218459372184624,0.50625096923607,1.22856696036756,-1.1989734697353618,2.0138605635327096,-2.0799890647521044,-1.9862263052408469,-0.7902744596259385,1.1572766367507223,1.6348548855426068,-0.40985804818219834,-0.05501544519230786
2019-07-02,2.300089235153873,-0.19413584356960187,2.0371733432388224,-2.097033007114319,0.9215194924708006,1.279665068031984,-1.3363296760623977,2.4653303801814097,-1.4850626372705462,-2.043717516554429,-0.9932486038650206,1.1640820176293067,1.2563000039521877,-0.2771614363363953,-0.17299678887665568
2019-07-03,2.4532640621355477,-0.28111079364615243,1.916468292786444,-2.0312940873448277,1.1935540228256902,1.3792680125556431,-0.9691161601288774,1.7735949000953382,-1.2636260684087919,-1.8348073349938552,-0.9897343515759128,0.9755205322386616,1.5149357983016485,-0.34479862459037425,-0.24706293436170268
2019-07-04,3.002069642332157,-0.031224493960814476,2.25146741025378,-1.9618471471724748,1.289344144976661,1.2777263061585968,-0.7927389714034848,1.981136016170849,-1.2770877670684846,-2.055421134545658,-0.9902558863101162,0.8519830118169934,1.612116102697859,-0.2904862730436259,-0.13119780023392008
2019-07-05,3.062839012429382,-0.8892648213754346,0.8736187583208816,-2.5254758226830716,0.6094442630233272,0.346148842896285,-0.6292294573240687,2.0752969876849203,-1.0873117390250857,-2.4645460897384877,-0.8928787086374829,0.7819080663375103,1.6992501637287898,-1.060180056715594,-0.5699229923771166
2019-07-08,2.170276612536544,-1.1562926266484819,0.3510709370783908,-2.8317988141510693,-0.36888210631745716,-0.6447304569290597,-0.651740541158447,2.046049405540824,-1.2391591444534291,-2.7092393705492825,-0.9890188583663941,0.8311348755058843,1.4159136163699886,-1.286363789895057,0.049185526990341275
2019-07-09,2.0022627975157175,-1.0251305118104541,-0.6066266886159896,-3.0255698099440336,-0.22750855128506478,-0.6956989079565842,-1.2585054438470114,1.9467358334760172,-1.3135160767376013,-2.164244708283582,-0.901286522286351,0.8477285000194126,1.7813077361814873,-1.3587891929631286,-0.09006571890507797
2019-07-10,2.05545827577459,-0.7261164702008254,-1.1288169513872781,-3.0777294356007268,-0.4267476618067751,-0.5996389396238478,-1.1374782308119054,1.6294717745516472,-1.2341663527469053,-2.0015263203543325,-1.0730561997768044,0.8831503561954878,2.1599726507267363,-1.4957178887743527,0.027316811715885965
2019-07-11,2.3031769474643613,-0.2718654074559348,-1.0822358781864199,-3.108303439898038,-0.3453205634774058,-0.7879773182643963,-1.0598277798254374,1.6441769921428575,-1.1797450216519354,-1.6574491996095662,-0.8898693049143778,0.9164456649876285,1.9902537859769387,-1.1455012094350139,0.6913415517413061
2019-07-12,2.291415732397918,-0.26029949837689875,-1.9199127617751621,-3.228316966785005,-0.561907006305037,-0.9392353196307074,-1.918722560106941,1.547294725795705,-1.3396610894503567,-1.3477790397200538,-1.018449867761366,1.1189494031066345,1.9872383921414079,-0.8383980976703458,0.44500451958214304
2019-07-15,2.1844396759922056,1.6743167093148772,-2.2107087265064287,-3.147593382559304,-0.3683996201649866,-1.0216384500822384,-2.2213618293100708,1.1817435835668575,-1.4902105602272688,-0.7371499632198624,-0.8027364993079953,1.252230677168684,1.5111239003625092,-1.366720427955945,0.26200446742201633
2019-07-16,1.8850915926003824,1.8967365322190388,-1.7192372408248606,-3.230257916175706,-0.5876215146525142,-0.7055163406058818,-2.2680142492473547,1.2315372441269554,-1.8361652592665811,-0.5508833229257842,-0.6753898209431323,1.2554984799773092,1.4732249465732192,-1.163851467400773,0.6588611744572489
2019-07-17,2.6123039703891298,2.308244915392348,-2.1129629040356224,-2.7692188533538955,-0.8131276899041749,-0.6752826459090406,-1.9808913923854374,1.6281538430627573,-1.282786602021088,-0.6508528891719512,-0.5841411459853603,1.232426762723696,1.3553835868079265,-0.9893960766356703,0.6361996744381597
2019-07-18,2.895612281682628,2.16793149486671,-1.4143386484814156,-3.002772548275939,-1.1429805445572327,-1.0178942929620678,-1.780327448822584,1.589759781570651,-1.1288280613992259,-0.542279248249506,-0.632350451812971,1.7026742747409616,1.0915413153096118,-1.0183102306840397,0.8342008062737196
2019-07-19,2.2512287362478434,1.8016797878126156,-1.9788502137472177,-3.306186944787194,-1.649561691422148,-0.348343029832471,-2.2734135244242615,1.4327443811451466,-1.5334371794739823,-1.035350315713877,-1.0650087519143956,1.4487447735953365,1.1828236925994178,-0.9974597550329546,0.698288261767058
2019-07-22,1.3717210051830644,1.5697099452125298,-2.124778325632859,-3.7990105921291533,-1.8250587624569485,-0.26355781787887234,-2.833645789875581,1.101527989233696,-1.5533417808719108,-0.8062976487344328,-1.1697333083703976,1.5159138177300562,0.9390332967702087,-0.8532889638592345,0.5281068276185793
2019-07-23,1.9582646429097317,1.9195804993265113,-2.3213543025508407,-3.765982437996422,-2.033144597060974,0.1448040817724533,-2.0424333107394843,1.3751737703244136,-1.5256607855285045,-0.606476654110712,-1.8111167046920846,1.3487623157138349,0.8048263351468771,-0.6904280130571981,0.7331875819068185
2019-07-24,1.7403342003119868,1.588285721007897,-2.3164637530189665,-4.241514962077771,-2.0920063349164986,-0.1527457254625036,-2.055493534718232,1.1558415910923932,-2.0597311266744196,-0.8077513831443823,-1.6231087379242248,1.1195239109113884,0.7375535571141254,-1.8882416262095378,0.5045349286283188
2019-07-25,1.4697645296169097,1.454524558407391,-2.7894423196844382,-4.407181397000907,-2.1361493748512244,-0.4059153900567626,-2.066759427538268,1.2648311112876565,-1.4172489439376426,-0.3342751351566254,-1.4886063408967614,1.4449064591812721,0.9831992332251986,-2.3169336302950825,0.541959967909033
2019-07-26,1.5359672417444843,1.8608960607785394,-2.332068755701472,-4.686735720927097,-2.29561064045973,-0.40971793288743724,-2.1319700526939007,2.2202420384879846,-0.7491212016657539,-0.12722735059788723,-1.0578473782566868,1.8764690590321769,0.6210058423611058,-2.121672268408946,0.8625696188310714
2019-07-29,1.2545101632042468,2.1827351264827684,-2.230820493481765,-4.200366334701189,-2.5646287963026575,-0.8951447243344145,-2.285539760255862,2.4528034159656515,-0.09190448508191496,-0.3804694787414079,-1.293996377015463,1.8514999456668968,0.27628961237242783,-2.27127313761803,0.4033195478374156
2019-07-30,1.308911167815898,2.368178232821884,-2.2356203869169735,-4.46057251047868,-2.7127041869289137,-0.8535384687751167,-2.4014054588690903,2.5099175620472756,-0.2892242409202384,-0.8891265562977118,-1.8992443231684115,1.62243541427793,0.6707166851706796,-2.467381482145513,0.560082401531673
2019-07-31,1.6021216106006515,2.2246258152198037,-2.2064882046495584,-4.451870471443637,-2.839881536668236,-0.8283244219767238,-1.9477415181720081,2.53270300134624,-0.2644583534596637,-0.3271811376044807,-1.9301941113144367,2.0893491187080966,0.7006076245615674,-1.8246256984638514,0.8820042739664059
2019-08-01,1.3637578103740686,1.658272284933522,-1.5120933085915502,-4.474076687054703,-2.8116111688332834,-0.3910715870351757,-2.066842613182797,2.700354044617653,-0.16779390315040063,-0.1539598434303007,-1.953857370408541,2.1614444212277446,0.1196984206700462,-1.954979384608982,0.5394095513158413
2019-08-02,1.755950610444548,1.7776780434152164,-2.0131007964353795,-4.26742056419728,-3.1022505583336635,-0.484478577243581,-2.2489770012802364,2.268331811775023,-0.40262162114385636,-0.27063360648891555,-1.9840182190731177,1.5843464984622337,1.284773064302679,-2.152737836819875,0.5780331684060251
2019-08-05,0.9263906879594741,1.921619922678924,-2.092977421011164,-3.776765848562592,-3.152975364793255,-0.6713902281381092,-2.4545859318279772,3.0776878788194115,-0.6599590754066108,-0.3204760922248447,-1.9430319605555428,1.323216830561341,1.4398682875265372,-1.8151342683075427,0.1999465598941214
2019-08-06,1.3518370279663188,1.788039249408361,-2.241762626202486,-3.1402096386604352,-2.9566697954520573,0.09773662543070583,-1.993251048784132,3.1548190513084786,-0.7890655004162181,0.7684677833443627,-1.2647236905406773,1.826625810504612,2.031843851634446,-1.4181589998960022,0.5711553796156561
2019-08-07,1.3240684156427125,1.9940820910555133,-1.6081090316358388,-2.5119230849364373,-3.062395363903303,-0.22144100089903457,-2.8601113129754663,3.2777360211232747,-1.0391976804907048,0.20921460383601775,-1.2896627532585412,1.9163111049324935,1.3011465058033942,-1.8585524676743033,0.28507791639995506
2019-08-08,1.4699171018798742,2.227455903185575,-1.2207016670743935,-2.343379268545747,-2.90424299118693,0.21838461078419558,-2.6656317491659722,3.2462363815728987,-0.6486063772020983,0.6759345987376795,-1.2253003746718825,1.9491609078736511,1.7492289533140033,-2.0934487151570482,1.0004822417743813
2019-08-09,1.5862086807371611,1.839339773772121,-1.5756720214359883,-2.7327688030527755,-3.2092586121556197,-0.1279827246900177,-2.783784135508466,3.7293584955342935,-0.7875540946222583,0.4564712166790459,-1.1425450361043594,2.4007534529430656,1.9811183751661903,-2.404058589738474,1.1433907121952118
2019-08-13,0.767724207094509,1.4048881341205621,-2.0219156873269872,-3.1598680310523393,-3.6527551989916662,-0.660112564024628,-3.942957893792946,3.191519410421995,-1.8653329416476352,1.0558115439032412,-0.9328393400228647,1.9813996726694068,1.0464901679370064,-2.7822235429920363,0.9172903141348259
2019-08-14,-0.020116854201911803,1.6819016376285538,-2.827626313597423,-2.377175216337685,-4.870553651898859,-1.1172857163740697,-4.210196414385681,2.932328459986192,-2.2946131406505583,0.27737598353279147,-0.3096959366602317,1.7684928021406008,0.9481122767348864,-2.5683587818877065,0.383462363384489
2019-08-16,0.2604815633842195,2.0489637365258813,-2.751397542650186,-2.2438179197976873,-4.611601997630426,-1.0047014627081106,-3.6537647063547505,3.2502871236460744,-2.5056905764046684,0.342268143475185,-1.0468983544068944,2.7860852795766133,1.3504091472287203,-2.377886454794271,0.7151327505769431
2019-08-19,0.1317842269300956,2.1127183216458643,-2.2398247813318477,-1.4593883746578702,-5.038128573963157,-0.9775093977191557,-3.7662443051354657,3.1794477440089186,-2.7062786409291104,0.30769304083884963,-0.8505629440010977,2.992717596850489,1.1512778839439881,-2.492082038388765,0.6391978701253672
2019-08-20,0.1863993136974726,2.704117545835545,-2.075119585271724,-1.345537617488971,-4.956113001960886,-1.1422152582419425,-3.572172690160194,2.787086676051567,-3.155090004377137,0.4795930747042721,-0.3501072362575104,3.0578719566849633,0.8954335023776235,-2.34770104030966,0.08053635949164172
2019-08-21,0.04110920020507611,2.6496220642667376,-2.1984678533479993,-1.0704032383924869,-5.363599123825452,-1.0597302009855727,-4.179962442210711,3.7616804604853282,-3.323471639460979,0.2850535973048457,-0.9132243835160128,2.7847952376208793,0.21458949764935692,-3.295208629082319,-1.0723146786971602
2019-08-22,-0.5343641304871712,2.5861982733377773,-2.059759686775394,-0.5781718362398739,-5.65711880631649,-2.063969468096934,-4.349513430079826,2.996584805268379,-3.121251991906412,0.2400471940677314,-0.5474027468987498,2.395947624955587,0.27666525953647575,-4.481834456762838,-2.4807727083414837
2019-08-23,-0.4100156128181412,2.2704650362889787,-2.301320566530368,-0.8236229888467236,-4.819234802155437,-1.3760537904856052,-4.527612300142316,2.813484882883441,-2.8271000584357853,0.6762856110971779,-0.5355032820109599,2.3911016132536935,0.5775331209055418,-3.8550273334286316,-1.864222021434221
2019-08-26,0.10772364726277799,2.287360695056671,-2.697174345244371,-0.6736917317279986,-4.339741467436315,-0.9505347645102157,-3.6382352967158424,2.547859801007468,-2.4233236492162717,0.12376347577296333,-0.05973218867124703,2.429194134823524,1.0266778084818147,-3.7977833119300946,-1.318416513554445
2019-08-27,-0.29579548978822023,1.6574320659038992,-2.789095961381168,-0.9427965555185651,-3.9259903424492957,-1.0580064165752767,-3.3718249784381453,2.477485857461948,-0.9618512445643553,0.3653077622511339,-0.551834507913333,2.546612157322476,0.2126124140816788,-3.155082507846104,-1.3003993357157058
2019-08-28,-0.35697151621269674,1.9452106838187553,-2.7461983673295944,-1.2195730327004275,-4.566166923158265,-1.253574575801552,-2.7477650997338716,2.248334671419287,-1.0582850157137065,0.3441990659246444,-0.9454434443604303,2.5589300059401423,0.029363861254069736,-3.541091626323663,-0.9580098781015901
2019-08-29,-0.8656812716428279,1.877506594426216,-3.196798495480558,-1.1310245804993557,-4.3045709873187885,-0.7829795440096414,-3.1319853519179985,2.2404729995796173,-1.5011613575697416,0.7389681170602173,-1.1616240135216915,1.6809113402299103,-0.219848203256021,-3.8272556979062022,-1.1407092387903346
2019-08-30,-1.1050897232126748,2.3113712693439026,-2.8271550770407585,-0.8526666029108049,-4.397259079490695,-1.2067372965154926,-2.708844634686865,2.7543919434314943,-1.3032738826061052,1.295913960108184,-0.5374316856805013,1.8551358737147507,-0.0727065688619141,-3.4681879309391945,-0.9465576544743978
2019-09-03,-1.1191499089465557,2.2881214486916,-2.735022292733888,-0.32787076052982034,-4.675907334664746,-1.8608968318944836,-2.7830885840179875,2.3264657970107105,-0.9332682757733591,1.2037593808351,-0.6623640487460891,1.615134137458022,-0.5153770753114316,-3.5722313170547477,-0.9589908668742912
2019-09-04,-0.9299204059785379,2.3579322422078026,-2.800550761900458,-0.6741100799661384,-4.275699436479921,-1.454705700311319,-2.578309206778524,2.1344117724516107,-1.3388612418498163,0.9960746625206394,0.4162437818347116,1.115416722228584,-0.28118421307490704,-3.2273384608785687,-0.9219664054397587
2019-09-05,-1.0234033055460658,2.2955131786429095,-2.992077061919302,-1.3158444879721896,-3.167544400522903,-0.890278424699206,-2.8576373812483307,2.019012744345764,-1.652908783421544,1.0566899576304611,0.6269387174575247,1.318475753559068,-0.44488014470511184,-3.1166359651597624,-1.1204513686387139
2019-09-06,-0.6687148830677291,2.3958403342918553,-3.304635720201793,-0.4521992405101917,-3.257033681871557,-0.48323808848060934,-2.926909202328751,2.162969585839584,-1.6413502198944678,1.2335481905805472,1.1771342708309853,1.3403031633157003,-0.3770965986531146,-2.9108331163966357,-1.489653021165621
2019-09-09,-0.0183483402698813,2.15473905722846,-2.9919538736702105,-0.3453411888140294,-3.2300739196814825,-0.4610592855804942,-2.7791331155451027,2.3715621899383565,-1.6424112109620164,1.2891676247810473,1.3562146076636536,1.2623250829221075,0.025114369159263274,-3.283143940641344,-1.193606553644674
2019-09-11,-0.2163652049861472,1.9552663695497978,-3.491979020268062,-0.4783339139183825,-3.4105684052195135,-0.7257237861726169,-2.9854765564518577,2.393307868721787,-1.6745269855757299,1.1579674017405353,1.4454200663740584,1.3709188091171816,-0.1691091550701005,-2.7553708518450026,-0.8533891655815901
2019-09-12,-0.07387843283959492,1.9251006587350075,-3.7824824587653887,-0.3430363137327689,-3.422167834007685,-0.7553996290788563,-3.0464451884879753,2.2704811764920394,-1.4923141163019797,1.2245936445810373,1.657798952911456,1.0834336927073958,-0.06952231637405973,-2.796327646867234,-0.572312347996071
2019-09-13,0.41395431533394356,2.198636854185929,-3.7377481421662573,-0.15890625364304706,-2.764750424290294,-0.4844559549938895,-2.8964561484730518,2.491922108121987,-1.1561346553561256,1.3821901444493032,1.488980821865935,1.1781652300190226,0.11266284652604897,-2.222490808627413,0.01832363643592393
2019-09-16,0.28419445876167854,1.9328037393206186,-3.5078193271827214,-0.03309775622110274,-2.7127659637764223,-0.5933273593224754,-2.951278154958597,2.7655469142140117,-0.7061911868351017,1.623694822994294,1.1876167952790389,1.0214811602941722,0.10482280360350191,-2.380019593801915,-0.2521744101822139
2019-09-17,-0.4760700775977608,1.9685172064745755,-3.486352278881531,-0.21633832921692567,-2.9021014119043684,-1.1127160809229975,-3.330807255875156,2.3792445195591334,-0.8961287962949304,1.553552343766412,1.5811350921708833,0.8432087103470672,0.10029072231043766,-3.390323861702656,-0.6984829838522203
2019-09-18,-0.5195740078213066,1.862988803348108,-3.069613642888876,0.278205584090751,-3.553625041485591,-0.9066769076596153,-3.1030039697900826,2.3613855413936355,-1.1217325877357425,1.0091375325802407,1.5180235597866016,0.7978647333648933,-0.37242493735943055,-3.0599834459608855,-0.8555202393958704
2019-09-19,-0.33470582817081623,1.7669618024327134,-3.208780706172264,-0.3923186476757996,-3.7248245129796125,-0.9995588466422527,-3.116881264526836,2.278509989798049,-1.0277152975823654,1.084594242550217,1.5399159212566333,0.8595452168456617,-0.10273589361456288,-3.3416636020756156,-0.7746462028346522
2019-09-20,0.8678213043770935,1.5073863407610453,-2.6599030056474384,-0.17276502071916344,-2.162558563731599,-1.325452225791126,-3.1567429476085853,2.8828539041571646,0.6349315166540574,1.1366399855930511,2.4350424923091194,1.41320887315711,0.575726267700995,-2.237180806460266,0.020818668016129298
2019-09-23,1.5930035064614005,0.4789928540646664,-3.1972478394737527,-0.513576893553891,-1.9871082771816537,-2.0605164254256705,-1.4175987902684646,3.1487808949242906,1.264646768763749,0.945410954809763,1.7803750190272747,1.6346231039952117,0.13801079294148422,-2.240398876134662,-0.03950770979607045
2019-09-24,1.3235392581845957,1.2644935920377713,-3.1419395221507798,0.1484019899389103,-2.3050138582591333,-2.343827839652788,-1.2698774164907234,2.6032093063840804,1.721996948759929,0.5492329345957526,1.610662266882598,1.6482749324022377,0.2745450731003747,-2.6784553269163127,-0.44732034423031425
2019-09-25,1.2616304389092903,1.429085936572328,-3.0376358961365653,0.5745862943381554,-2.6977298205964453,-2.1220301392626424,-1.5511301811108476,2.6383231253388444,1.5681460391797866,0.3659707381955846,1.627315364600153,1.3483896048044148,-0.09777746689268946,-2.9013748663617256,-1.0148461917150458
2019-09-26,1.5230348576755743,1.187269562468733,-3.063589509287699,0.6467982249980481,-1.966664916524255,-2.2920143853105226,-1.3717971539778107,2.9764461983067036,1.7107753732094035,0.5707291978205887,1.7447769748375719,0.9036042957512468,0.06497785641821843,-2.362282439773521,-0.8289379965274545
2019-09-27,1.6261606678115588,1.1953978364338786,-3.213655831577018,0.47081541487366413,-1.9689476853959356,-2.3558488200681045,-1.264388566934474,2.7876346442179454,1.4104715786420856,0.14539431677888237,0.7785221078892649,0.5007159759478113,0.18343086156619404,-2.780157876517083,-1.0839955116620248
2019-09-30,1.730125223590974,1.4509420072847035,-3.0884003047459108,0.5441206659504445,-2.2955650617742345,-2.3404021277019593,-0.7248679285301408,2.82869477398313,0.9745499897195135,0.07092877683429606,0.7744762069958355,0.6003691287931785,0.6223735836431801,-2.7929487169122416,-1.2873341062599446
2019-10-01,1.7287347793763206,1.3964098891713317,-3.4120078587534817,0.5689602325984434,-2.624720667473517,-2.4258054016632573,-1.1374996631537677,2.7750597105771977,0.7629849869368083,-0.020247688657205144,0.9098064326214985,0.4842849346391393,0.09970180948990238,-3.04533810995185,-1.8394154028150302
2019-10-03,1.2217928108195744,1.1843452708764988,-3.2745784952351,0.5231180606341524,-2.6893875391445237,-2.4830704810017825,-0.8158698087420083,2.7197402152561314,0.4955559421856956,0.13401321431697166,0.7828816281594941,0.7519604382498727,-0.4235666859007739,-3.2997486707152546,-1.560437558880008
2019-10-04,0.5667119301609207,1.6925475990261472,-2.5111276260504516,1.1442856052384447,-2.2139793707391635,-1.8092869533959655,-1.1797215669627827,2.269692007691968,0.3231051335914249,0.5901163967797511,0.36988436081923526,1.1635442663434175,-0.673699968994451,-3.179990219990889,-1.4054540050755564
2019-10-07,0.8973295158064729,1.6226224600755126,-2.236258414459679,1.081743386417614,-1.9143278946738125,-1.3219504270151932,-1.381180732579447,2.681905440376408,0.9466828594427232,0.6724838114003785,0.39818232419353783,1.3000140013430561,-0.33331123512140226,-3.2077807506548606,-1.3989104588606118
2019-10-09,1.4876923022729884,1.5488692240526711,-2.0731948048516218,1.342387992462658,-2.057954230468985,-1.1312521462562344,-1.4295140299802136,3.12887703872654,1.4185293394547238,0.16356461190100843,0.6960786708618134,1.1782574637012924,0.08763363017645441,-2.8284408097830145,-1.2435718381893772
2019-10-10,1.1251481019437268,1.4986503178987827,-2.059673646097157,1.374964651261635,-1.9596750193542731,-1.070085296414583,-1.6690980155029609,3.290391658266868,1.3095981827339895,0.07567611770627286,0.5894206459624954,1.162640103059675,0.7464340054712686,-2.7484220068898004,-1.2675480133636048
2019-10-11,1.067250002191691,1.954548060197015,-2.099658515011521,1.8501493088443628,-1.7234807781706287,-1.131933518855067,-1.768267784541237,3.588547156259544,1.4925005475111457,-0.14299276505431827,0.2411533755288261,1.5266330943559703,0.8418757727134123,-2.624056296434322,-1.4682934758236188
2019-10-14,1.0524635004225256,1.274612881224482,-1.1575161161977314,1.8308309577878652,-0.8791804742083936,-0.8461408415724918,-1.72451591893125,3.522789801046448,1.5308218638884772,-0.1737154886856572,0.4166111523552312,1.090872033284526,1.2807262442506,-2.6913557056161657,-0.9682496310782107
2019-10-15,1.0845013354217854,-0.10869506722742374,-1.216734495400854,1.5312281685907734,-0.6669565403985004,-0.6381170167310327,-1.2665973965634165,3.7230945548062437,1.812836061520173,-0.6006959522945466,0.5086254826816997,1.1641127599748464,1.1674042168802807,-2.477664593679566,-0.9024047904502106
2019-10-16,1.059376298295937,-0.15749765522372988,-0.7654578579310277,1.7483848955553911,-0.5384579846254177,-1.2858347372722378,-1.5633351229977346,3.713888637895967,1.9103395243146741,-0.8375370781882367,0.2837849056628957,1.1131895764214812,1.2079767453462538,-2.704975832801532,-0.9438794294150598
2019-10-17,0.7591337249597901,-0.39602589533279714,-0.8184017584397892,1.3122358641393508,-0.3894582826888656,-0.884593601343126,-1.4741160562700955,3.915120911303695,1.9512577457577849,-0.6772837793350686,0.5334123650173931,1.2179251487800167,1.3684509195075143,-2.431217777910349,-0.7278648497706192
2019-10-18,0.8172800590243208,-0.4012772535220931,-1.5709577479184882,1.6318760608950138,0.2586636316596367,-0.31365084880798716,-1.4384489608375775,4.386519358899138,1.8736760598896265,-0.5533811011644034,0.591679455887183,1.3644804951807994,1.4221215604085333,-2.1656719741829926,-0.2204225014427456
2019-10-22,1.302188191869001,-1.7821729922097218,-0.815045259067205,1.536377602447846,0.27826370478512513,-0.700480019027928,-1.0272544542134159,4.65918555951154,2.1767574983899385,-0.2744503408832044,1.4397841182240603,1.6242548325307602,1.2252049606512387,-2.1298267572186407,0.3037204997977453
2019-10-23,1.6190309505033558,-1.5179111778124041,-0.7555667136528829,1.8235400977085297,-0.12192249018810518,-0.799943059390243,-0.6708982325297581,5.057746965238887,2.4031155877374415,-0.5714816186679866,1.4093444622521005,1.6636121414578893,0.7305558442494515,-2.2441487523279666,0.11435157846406116
2019-10-24,1.2480045808505529,-1.8168025950227913,-1.1082613442011167,1.8369710700544875,-0.05955222557246701,-1.1957161418975943,-1.1800281395703252,4.385312491670388,2.382219400366032,-0.5463623574250639,1.6422114138958523,1.8566319780732126,1.0368109162030839,-2.0323573726321986,0.1497967976869847
2019-10-25,0.9906225211688569,-1.7359420963964844,-0.792180180460641,2.000114026305028,-0.07378942589895286,-1.2749122119634966,-1.2765867996881417,4.522559885635153,2.755325408201243,-0.013353791173366608,1.4388037746758204,2.0317052888219633,1.2619377300772514,-1.7052348190802098,0.4444150211724728
2019-10-27,1.1488375078973336,-1.6567914220079567,-0.5881594338639332,1.9787477121067647,-0.06915394927674454,-0.9814690400456033,-0.9291306236546482,4.511611626894576,2.5925955301945716,-0.3746194352352409,1.0072290759345384,2.04102437202127,1.200714863161016,-1.5169550601485788,0.43730044947014673
2019-10-29,0.7355134122634867,-1.5359911659469276,-0.5679216418124019,2.7776894979604814,0.27054409724996686,-0.7089184215388327,-0.8987026218118129,4.193756801934316,2.916242387002848,-0.3247514740107758,0.7747468696476324,0.8392384992183547,0.942026088508855,-0.938092129640978,0.3159073913870765
2019-10-30,0.8561859910563011,-1.436157108985674,-0.5107478611670226,2.696964863751109,0.2667465091473969,-0.37635311477683564,-0.35759558549500875,4.468244258191256,2.659347801614047,0.19592048672634127,0.8480128711440295,1.0829462890742214,1.1772153106349417,-0.7533219261639176,0.38139049815357506
2019-10-31,0.8524345227718492,-1.0579792211786863,-0.13166211586751672,2.481445504983086,0.4890290592264533,-0.1668093476202735,-0.5280543562270409,4.576237987670791,2.8388781651616055,1.018265058961706,1.77614567488268,1.5997792814876246,1.0194383497258264,-0.5538875352960834,0.5183907604101221
2019-11-01,0.7042721471329347,-1.0368427841963,-0.42163927611826124,3.001515792693229,0.6739871745107605,-0.2031064725841949,-0.38178850852901164,4.401524883152601,2.90279111503613,0.6058581316108906,1.4637705882918015,1.2045582905742307,1.2405100474174584,-0.47045118005530856,0.5742944732726765
2019-11-04,0.854383311444119,-0.4353419002336527,-0.9901632733292013,3.4971215807315845,1.0833409081279082,-0.36807754465966125,-0.2640434969186765,4.426832727498433,2.743195241291518,0.6771882109545485,2.089256804790832,0.6604324987353172,1.8458442025025275,-0.005053253764431617,0.7778860553815324
2019-11-05,0.5793751838721014,-0.6951513763586943,-0.3257617127910698,3.3221402604146295,1.219015336691783,0.12161303518250112,0.038725811192770666,4.441653163363811,2.7431829789871154,0.5561453494759536,2.2524464677247797,1.215652268969118,1.4303750666060573,0.11411429121286897,0.8050644958561378
2019-11-06,1.2276067176312875,-0.48068173841748085,-0.32840502770283614,3.008789840237678,1.3532355206525082,0.41748091102169566,0.223832565502096,4.075624582229969,2.804883124884571,0.6111160071963182,2.6814605394745072,1.2928969997138937,0.6079516277368494,0.343988311420043,1.3787531788587997
2019-11-07,1.0994572164323766,-0.3471615607546492,0.15870811404951748,2.4711548441302362,1.1287509111401168,-0.06432917358995396,0.5414703573885375,3.975698916087726,2.9256498182594983,0.9910844471190204,2.435591545497052,1.3577538556272324,0.2819706223672167,0.26051042517223516,1.2719305233685212
2019-11-08,1.3429309403101517,-0.5253506498353099,-0.41305382763462145,2.410833965189768,0.9021060629359605,-0.3256047887690852,0.5439512219712662,3.7517485487071647,2.708177530270556,0.2731179888815721,2.0534338423138214,1.1885648554740482,0.2748976452643185,0.6029242638211085,1.7462950904998407
2019-11-11,1.2369532327261326,-0.7342412551858999,-0.6769225845238925,2.2466990329778227,0.9365764876983476,-0.4244406686791435,0.23358781390634506,3.1770352075565174,2.3918266938128694,0.07443401889325175,1.8923934990265912,1.0030806973372393,0.15937557275196537,1.0529495756667802,1.6590673151322335
2019-11-13,0.846249347538021,-0.9224905206868587,-0.7725104970306853,2.4031883641951275,0.8548520037536294,-0.3158559796483449,0.1112439098102132,2.8970668162151347,2.8142651709352577,-0.09135636233004726,1.4842871901403127,0.4901342120764492,0.10057973310072102,1.100645736416902,1.305937066667738
2019-11-14,0.9783599215358632,-0.4277711561706762,-0.4007274147729273,3.247288278447606,0.9723568770209639,0.3269009551953065,0.6112359488253126,3.04095089851339,3.053030502629729,-0.7441481207176602,1.4041510422013912,1.1220587494548868,0.53480608453973,1.3335652758681198,1.6133005658987507
2019-11-15,1.415459396937583,-0.5745017874069479,0.2273542853145236,2.5955926751471736,0.9984355851394329,0.07946263559164125,0.24933465945618524,2.9262693986383943,3.0819934884325826,0.15658918941203373,1.743651270457196,0.5600769556495216,1.1041605127302863,0.9790530520455892,1.6623935151422269
2019-11-18,1.3845848082953316,-0.5535439154569267,0.11304398369867348,2.5946560011645574,0.7667176726007714,0.06450148215946092,-0.015113655791741573,2.7067972336666792,2.772818368770207,0.5879631421638514,1.9473745714437976,-0.5100779299280308,1.5066409695833665,1.3855323160629531,1.692063256024251
2019-11-19,1.3790828083469284,-0.4869479574177177,-0.06762600287352499,2.561107769381937,0.854677275238688,-0.11561374394498951,-0.01593244563153982,2.659844759536426,2.796019233719398,0.2298287719265911,1.862002572616547,-0.5735336047791539,2.1625134132931803,1.2783038509114786,1.6048608846282977
2019-11-20,1.0543439749706347,-0.6749681382327057,-0.3167184135070998,2.80008549648627,1.006012662586252,-0.01949520104758498,0.39934248315436127,2.925207336938182,3.2447222076232274,1.0927340239480472,2.111026966904716,-0.3671420956601296,2.199278822443764,1.2393490055135254,1.575000793982752
2019-11-21,1.007706594670392,-0.7540860531607589,-0.3597038056753092,2.526854245017811,1.1491929401324417,-0.2748538532529609,0.4084135374166779,2.201958063730774,3.111729506239106,1.1357766927165285,2.8092584445198203,0.08995507087981504,2.020062560569407,1.3305099678140073,1.9741828778089106
2019-11-22,1.0379840471003632,-0.973120161220313,-0.7293311094218377,1.9719122575048513,1.7317465766047138,0.5821160771362633,0.6303921682966126,2.3775058495017705,2.6491355987850262,1.3750112589299706,2.450153163064415,0.20362897752093803,1.9446349975091892,1.9569867375622272,3.8165038336179165
2019-11-25,1.4389746602608253,-0.9839112176790946,-0.6803048868811237,2.163382743142918,0.9822992196129945,0.048897307156875534,0.9117175308525776,2.7766815231717636,2.596904092279824,1.1577499706998022,2.7899309916839874,0.2976355620491244,2.4309607011701373,2.068027594096492,3.546566193492405
2019-11-26,1.0331967974984018,-1.0903985196246129,-0.958031906861058,1.9721705439849802,0.7762580822120408,-0.42110695860623487,0.5738966977550571,2.8926754976609836,2.3590659290106233,1.187260986869088,2.8772371681242146,0.17096009527101047,1.8840768652122535,2.3859091883913184,3.1498143199589106
2019-11-27,1.2768159722443655,-0.8078380492097456,-0.8088398606696282,2.5262763549982457,0.8156970370670183,-1.0812758655021073,0.22036390474346226,2.826132030004921,1.8979013249138716,1.5260471400247633,3.1382306228425785,0.07775667299784932,2.251925162499763,1.98315720571929,2.893795980043735
2019-11-28,1.438948157735867,-0.9477190470843794,-0.7572772618589662,2.133807824352984,1.300737964271472,-0.6220429795370975,0.17277020339283938,2.877630775195016,1.8479572934164183,1.6117784823673684,3.4169538545942397,-0.611111778922404,2.3923034824220712,2.6579720903176804,2.7946417341886423
2019-11-29,1.8109504656540847,-1.077559575567996,-0.9070023406184647,1.97991042404636,0.9726147157910031,-1.0454197836689632,0.48181227722489595,2.346780405136559,1.8031881346157055,0.6614825002467106,2.812558572914742,-0.6154500094422128,2.5789855390478413,2.5895160682716223,2.8174600692440874
2019-12-02,2.2033767680213567,-1.2256236059393413,-1.3601312643539123,1.556161088520405,0.831824649479036,-0.9919951801558401,0.07004652750269712,2.261650486830188,1.767857271573198,-0.23553004990865575,2.2953876432912828,-0.7749941718265021,2.8006869066757654,2.1681501206292095,2.6544966356646444
2019-12-03,2.5376176896367793,-1.1374018398712442,-1.4607334146273487,1.2126738446107583,1.213639999261893,-0.4788462624651184,0.2958062130369987,2.267437135395058,1.6206321789611282,-0.07962788311552811,2.3993777948226875,-0.7541540329031409,3.1117097413060595,2.032036784210091,2.8974853337854776
2019-12-04,2.4476134830940506,-1.0734456014977394,-1.1278556825729558,1.553393126917554,1.2481924171409648,-0.7717179349779724,0.11046545547636655,2.529420681199946,1.9840394166606605,0.7652280208753042,2.0637442956191117,-0.06060788358871157,2.926927262907048,2.0360586393697466,2.9317421656364786
2019-12-05,2.6244868147796527,-1.1442892430861276,-0.9503960464664125,1.9266857473514685,0.5362358453136883,-1.7568749117217086,0.30737967269295496,2.327892447805598,1.9214789879614755,0.30913718916772454,1.4828936707618265,0.06652145261951786,2.5538501726385388,1.632749953764905,3.261189995092262
2019-12-06,2.5290544178558494,-1.2129361913433956,-0.8882076934828079,1.0792800451935853,0.01937119455105215,-2.886285363317255,0.08100641865781939,2.1634271036706307,1.917081967728454,0.25978844525213224,1.2071858291137514,-0.14231031582532155,2.4583773125914394,1.4407225510970256,3.484808092833342
2019-12-09,2.0672487065996976,-1.0573379599174508,-1.2744890134802942,1.1400781628920673,-0.1508889422861392,-2.7494008835973953,-0.16377278606372972,1.9526478412061767,1.8015135448869743,0.0615420441202597,1.264317821797252,-0.5903669106509796,2.2949833932730943,1.5680388995310304,3.430654649054062
2019-12-10,2.0551227521325734,-0.9893372545466766,-0.8722704247896004,1.2637806977267563,0.10006635843444281,-2.911093905941062,-0.44686784955056047,1.9522212354056387,1.883821309502477,0.33428069787035536,1.0952367446517108,-0.9803272340686162,2.3554305202788397,1.1056755547082362,3.0766785259970395
2019-12-11,2.486974680806341,-0.8559743150017102,-0.34982606705935515,1.5458409328697913,0.37128931171877044,-1.744002108651363,-0.09922644688345351,2.2273628253661366,1.7566403339143555,0.2026278448700506,0.9802102740268889,-0.5170192937368236,2.476302895564039,1.2452619904692428,3.3856770963267313
2019-12-12,2.4718981176843258,-1.2605662286894026,-0.4860736237630812,1.3938448768913196,-0.14166367793758589,-1.7948315963020365,0.02699981298838968,2.155994857445619,1.8996614973632449,0.55427275534465,1.3835924388964045,-0.5606817581577261,2.513668922067043,1.4871754013320777,3.115603922818729
2019-12-13,2.3449341486218787,-1.1121454477410657,-0.21677324446693902,1.2632530975533451,-0.2666727969107385,-1.3888407704830106,0.2748276428616405,2.1297601193048807,1.6356435357628425,0.5923371986093818,0.7935199860327788,-0.6693969620459518,2.237607030809392,1.8786329139200366,3.5679672108316196
2019-12-16,2.7783622103314123,-1.1169767606165621,-0.007120386651151509,1.969809750394561,-0.25975000494822476,-1.1087266432763705,0.10263729077498722,2.040921812599995,1.7287565347700062,0.6771503776815869,0.6645253526749522,-0.2905376924458422,2.2191235881459686,2.194534428195688,4.08045420277317
2019-12-17,2.688366509395407,-0.8827911205969858,0.1316894912315282,1.7795651552236607,-0.0207585654441245,-1.3132333291119729,0.24732449829046582,1.8928451832933872,2.2236754402286243,0.595880009170962,0.698099570576554,-0.5460624593770169,2.697917590994214,2.235524174828833,3.964636142955468
2019-12-18,2.9399174840140727,-0.7413697113159484,0.732737742839311,2.4535307609262436,0.23891798506579745,-1.437812506596101,0.6973596678517332,2.2106326354718897,2.2965877149437928,1.2046815603302363,1.0944096717410001,-0.12558457992989355,2.607418977717838,2.790542066890544,3.987486051222717
2019-12-19,2.267974195940488,-0.5807386730894051,0.3980219062995305,2.4217727379607705,-0.7861696055651738,-1.112379007130312,0.5513060598934874,1.413181190464037,1.4133907019938188,0.8764148675689017,0.3328947085102944,-0.5869497315831245,2.384564666365146,2.2564207774586644,3.4436791793498087
2019-12-20,0.7851845768480112,-0.08732615520839727,1.3405670604364655,3.1107360310844125,-1.1727127167615665,-0.2240393894691098,-0.9805855252515381,1.8117707585468437,0.5120762281635411,0.9202085708707733,0.8425283294168455,-0.772741652419891,2.7164835579526234,2.3297590835655977,3.58468285110102
2019-12-23,1.2607199089051524,-0.41998949195827096,1.3994489432720028,2.32368044823659,-0.9289228128170135,-0.04567943794498587,-1.2503685527488129,1.7795091655691258,0.18158038392427445,0.8414118100534284,1.0333479730960982,-0.531127797009701,2.7196942273691493,2.5570742151600565,3.4485355024905795
2019-12-24,1.5872212347123364,-0.43782582223290295,1.4415151723559068,2.136221111185914,-0.5245728996173005,-0.3106594338658663,-0.6470851911588996,1.811776030739556,0.4374860300451648,1.007822903378677,1.033161293183241,-0.3928589909560896,2.977138748614046,2.860534774842324,4.601484678871426
2019-12-26,1.0107939665792052,-0.3709447305664153,1.425281998849129,1.8444657086610443,-0.9867785863844974,0.04459993795438389,-1.0585161624371835,1.1840450785722623,-0.0682846760606761,0.5172991618221433,0.7886541683500173,-0.3658819310569661,2.692358069443705,2.6058936499531917,4.118452665889506
2019-12-27,0.6658742407063445,-0.2549956912374064,1.1938609570557057,2.452889082716564,-0.2907141736885568,0.03346227106201386,-1.2691043085131517,1.598840463955849,0.2758121007715991,1.0752560931872897,1.3842214767614796,0.3235789400182583,2.711553951927016,3.2224332444087063,4.7027621138545435
2019-12-30,0.7172148492872933,-0.6203258201634998,1.0112255632429037,2.2158396387379136,-0.3901789096726513,-0.13526568210036233,-1.798336138833648,1.6380560645373592,0.7659761498257366,1.778336294478582,1.5562753379100924,0.3833852575900933,2.3957184426639864,3.321057551128734,4.969584249108549
2019-12-31,0.5835928307214433,-0.4925230556173075,1.4074587592981405,1.8551033447520833,0.19876236197008498,0.5115686911350132,-1.5300809326895417,1.8920921131444186,0.8042127965943666,1.999953831805858,1.552231961083586,0.8886967825339059,2.786140829590697,3.582855171253521,6.4298573749623085
2020-01-01,0.9127923005774208,-0.3101550236094023,1.351203913399065,1.9300046076051067,0.02751230674603678,1.0761855721788556,-2.0563650180763826,1.8367351150059685,0.9895413337028566,1.9984176435242584,1.6916584731513575,0.6279784438765825,2.9149679455438133,3.955875312733605,5.777824331605521
2020-01-02,1.7685764621272595,-0.44299734355147996,1.2152541464166442,1.8689078358414286,-0.08898972853381164,0.9100549883099099,-1.5217136884232048,2.2520214491507398,1.4869843497633906,2.1175590731920613,2.1332638621370164,1.0419486249671877,3.1273055361606525,4.589423071302511,6.402340240485208
2020-01-03,1.664164611412583,-0.2341284914111303,1.5678360420396233,2.233693165355648,0.38229670355029155,0.7902327235546912,-1.2014469049866647,1.7697890263927978,0.6941723751244286,2.749447359167086,2.291127745486804,0.8640272858704835,3.064020206403207,4.929645036301344,6.433013094267855
2020-01-06,0.7596272496130846,-0.25561292526014706,1.5987640824644442,1.8970826992526482,0.1717356899657342,0.4274975557300307,-1.0995424227780306,1.0806285198801535,-0.17741725960315302,2.3888502152939726,1.8765331154620792,0.505357078624611,2.4854940280264315,4.251251110660225,5.463931637414998
2020-01-07,1.5743002459994486,-0.39825050845615434,1.7401370551030997,2.07844304577701,0.15067650856697218,0.7587600504477551,-0.7090870730661387,0.9400229203219991,0.08259122427904,2.4885591644603307,2.199613205193089,0.7780870777690959,1.9238145712176364,4.605161297391158,6.439408606345255
2020-01-08,1.236758156778328,-0.966993576279455,1.672257389626882,1.5523609963668143,-0.6841242350981317,0.7516447741997068,-0.9017710165559619,0.7587959017742318,-0.34408517318041754,2.2679859146982015,2.1495162763818407,0.3915658720370448,2.072933979015097,4.282471765896599,6.296644144963983
2020-01-09,1.446437942134296,-0.4709962640973845,1.1492303185405706,1.6857666965446871,-1.700106291790794,0.41324733467232794,-0.7484241787814994,0.9258505582264571,-0.7189335102875336,1.927411281377059,2.3255623453659533,0.41239646790344814,1.827524562170026,4.275845093089068,6.29955328366396
2020-01-10,1.2706880275725294,-0.07910554565358381,0.9275362224497348,1.768988914364306,-2.210879703314977,0.26841487903794353,-0.8769363520603043,1.1258049421380265,-1.3768257431767152,1.976519377816,2.153839700818934,0.16904395419616836,2.0388154211833553,4.202756754356265,6.487351709942103
2020-01-13,1.5636467830684044,0.37350026771511236,0.7008091901573782,1.817192114655417,-2.498105361001478,0.9878463305034715,-0.3664726418159099,0.6694911084135001,-0.8856260613695978,1.8944214079215391,2.1787277294156806,0.15122849531597118,2.2538778943160573,4.49912011956952,6.577026748925853
2020-01-14,1.327519297354751,0.42736055804826156,1.0584656188921358,2.2038444581703556,-2.528344939003092,1.0636149444057856,-0.17392921707433903,0.7318077343729195,-0.95402223353899,1.8722397144313783,1.9069041454015512,0.20504505534526224,2.2475394017981603,4.292660110191479,6.36397675835016
2020-01-15,1.1208620247743875,0.34164953841259466,0.02298101311125811,1.8855351657395223,-2.9617606392601723,0.6623716402149457,-0.3233070465058652,0.21836309234938797,-0.9180238161923508,1.9782634213127543,1.684144519828727,0.18671466871041428,2.2792848723136516,4.25944903818102,6.087639777297899
2020-01-16,1.302528840348565,3.5391831463925953,-0.2178279879707203,2.081735633058486,-3.1114319520925107,0.1955716582788699,-0.7291663221504474,0.6731079237860714,-0.6131211525481693,1.8243786544756768,1.1732036665454668,0.7668558959458113,2.697758566655949,4.241710320434113,5.769138315977509
2020-01-17,1.5220108763985598,3.1826980612166866,-0.23163927269695575,1.6755701341448106,-2.6153314721722447,0.11411091251262671,-1.0273881884636387,0.8510625406359787,-1.1434734298226208,2.033342109760826,1.724881325645149,1.0339975333772207,3.6325301232235048,4.2029651599727424,6.331801076777927
2020-01-20,0.15693130850272088,3.740979518098702,-0.07721470245388863,1.6761075512822683,-2.8218371085521756,-0.3014719512512453,-0.6307502053946935,1.3321233520206863,-1.1701513776692098,1.8042585822254518,1.9225416808012186,0.926559136388819,3.4942724634726834,3.9486247967830015,6.018978573164092
2020-01-21,0.6319939485121142,3.5118540254763215,-0.5142879257017268,1.876915631545843,-2.677110654139732,-0.18794820149465002,-0.8377754229978025,0.9103212747996335,-1.0473306083917184,1.2894596333426962,2.196835691099904,1.0517727125580443,3.4783585570745736,3.4364596659040156,5.549223716558795
2020-01-22,-0.018350120559724847,3.389472028197516,-0.7063835765847413,1.6913012525239537,-3.407178301502922,-1.1380113936382652,-1.1538969221059174,1.2761718767028074,-1.027177781339466,1.2373065861965267,2.290119978694466,1.0296623057095704,3.5987259788189716,3.3161273921928713,5.736990285218887
2020-01-23,0.5288095624415672,3.6501171504073056,-0.5635676120006301,0.5535079231402068,-3.5158873976082567,-1.0746120199015428,-1.46418602589891,1.456915325335965,-1.745813935249557,1.2032555718235853,1.959109291566088,2.4930694324055085,4.253317256396902,2.8348085032417165,5.791352448675165
2020-01-24,0.9799929670911927,3.340047322849015,-0.5295784656452666,1.1231548029755936,-3.2101029157184158,-1.0236732379654163,-2.1445726159646488,1.3568407875520911,-0.6381343986122998,0.8258639298258692,2.2995076612422953,2.039833944312784,4.036948639341929,2.996532319966488,5.868389756254073
2020-01-27,0.6987147055360241,2.6467415079605434,-1.230117948369286,1.8069258604422234,-3.5611668491441124,-1.5765290999707515,-2.3279695963606377,1.2552886571478021,-0.6049708769412123,0.7015300605399672,2.8826088288085416,2.0496670140284863,3.6225876720378984,2.598952664075985,5.2657371414417815
2020-01-28,0.7275115750422388,2.5762982009936186,-1.2949205932572012,1.2414527461118785,-4.0823630220477005,-1.6239421905862166,-3.124200960988541,0.8558895325644714,-0.5656755098109127,0.7091808025512922,3.102235028011869,2.1445272264141324,3.0683154696911767,1.5646917607417645,5.146330961226603
2020-01-29,1.0434829197065514,2.3379763920112824,-0.8090092523387976,1.2551457236428556,-4.462200363288483,-1.2335319814250634,-2.276844522827276,1.6653970918696737,-0.1053246656770171,0.5870557151856063,2.522039281863455,2.757514294645345,2.909837812619995,1.437909156006236,5.286552343068689
2020-01-30,1.1243625435747675,2.508974454713287,-1.5598980772820477,0.6844174317570234,-4.630850733085798,-1.1567269999943777,-2.7482024164416345,1.4021786125676232,-0.0715179559024904,0.5978839059702556,2.436213271509555,2.7804853255301287,2.739699285701294,1.5003797958904863,4.994092561746014
2020-01-31,1.6177168179787944,1.9344058824073498,-1.7745574761336638,0.9012296914408676,-4.922845940447805,-1.311906107605728,-2.4852011587443,1.1746017753411964,-0.11720474128949528,0.3723260158439142,1.8322688274142473,2.494999062988822,3.278449506603115,1.1909228039010429,4.862752613658888
2020-02-03,1.2577335149047082,1.4579453493646983,-1.9951360416107589,0.8617226541381029,-5.138003506502542,-1.5709741440821234,-3.4288890437979513,2.0196302202774246,0.1319046045872217,-0.7646183295986264,1.9617126489774095,2.3352556539501124,3.5384591884593997,1.1560267960385062,2.2701322902555687
2020-02-04,1.3127674989400817,2.3438902089494804,-1.3940164992699027,1.3439007744903724,-4.197271535957068,-0.8719358109648848,-2.481348488254425,2.508633657099512,0.6559872963681554,0.2636729877602623,2.8774164829481195,2.6388650485277094,3.796931465367411,1.743960492655571,2.3242042519464463
2020-02-05,1.0012392273826758,2.3690418535118494,-1.189760284120523,1.4657989038714456,-4.190772644612614,-1.1705816737770742,-2.370787581750252,2.96934188867992,1.143289669987302,0.31487137266379917,2.1283862041709676,2.502241889261029,3.9984759954263613,2.1779740936625327,2.4288335207187592
2020-02-06,0.9490350928433456,2.4135197027697073,-0.7413147902283261,2.065843684878308,-4.007296277869142,-1.0271353151677909,-2.269445328608111,2.6872820517113802,-0.09651824007700349,0.8974035921685304,2.681556282101407,2.7513615404422147,4.337045085243149,2.3526174412384755,2.402359316700221
2020-02-07,0.7925795087812786,2.1861745087918543,-0.6776732407899202,2.2258025558508074,-3.4229032831852724,-0.38735678933735396,-2.282316439673537,2.739424208423324,0.2634225082192779,0.9815959999600838,2.953320596841422,2.604681424210908,4.377513572208435,2.367776243350679,1.527071709612062
2020-02-10,0.6778888757033835,2.1113642431092283,-0.9526102590557577,2.0874652938196903,-3.72846939156139,-0.5392979107202323,-2.289479532927755,2.4643530169699495,-0.28752799290734965,0.3363672581584591,2.8620733433204957,2.897458243574423,3.797295887784375,1.5091214200085812,1.2839499067398237
2020-02-11,0.7209688899481964,2.0813008762277803,-0.6282676343869277,2.28277202301057,-3.443996895627916,0.015471087003684146,-2.1510014198166716,2.548090302710105,0.012475385034060142,-0.13489838745251692,3.0603477574676297,3.102556543371659,3.2921115053729664,1.0973699715204301,1.070573701749351
2020-02-12,1.1909728841673317,2.058878624637547,-0.3939277827718868,1.97703973487315,-3.3813559928997012,0.023367624982010345,-2.039965009294442,2.824089879017106,0.2250251253761017,-0.3566534046444558,3.0451450440753662,2.8816334662416137,2.7773838350992643,1.4398493867614781,1.0380618828162511
2020-02-13,1.1987712767796788,2.3418121477732754,-0.3194679347292951,1.90968445462073,-3.6319608752673256,-0.19080137774884912,-2.1970506014678723,2.808978337379597,0.2482713906209191,-1.3373204528890195,3.097751767889183,2.875038125674968,2.8483014686688612,1.3503121244371297,1.2126056271973242
2020-02-14,1.1453641824612537,2.168945980307824,-0.2732210783364298,2.320666621792255,-3.6367622004885503,-0.3049494584825913,-2.195542215855493,2.8101833008607464,0.30013265225152574,-1.2305996290756955,2.7195414650306553,2.6192630418391123,3.6940604171539078,1.594967934951409,0.7159507226249957
2020-02-17,1.6135457793184673,2.9961834720420173,0.25423726747077924,2.7189052503998945,-4.452105958747631,-1.0956205088277373,-2.501771521175217,3.0659155025538083,0.6806037691971387,-1.7922242288165926,2.722169071360034,2.760841139046652,3.879043171880113,1.2308440662513476,0.35766163630827386
2020-02-18,1.1941481821942213,3.062322335550989,0.2895879709240625,2.58691761103427,-4.250321297426257,-1.2582884144478035,-2.572953551174667,2.475950640196715,0.32545450990464264,-2.11284984006454,2.140725209709148,3.2297951796826068,2.7894490287352696,0.5149455204750389,0.12996812634619506
2020-02-19,1.3059781745378205,3.414943355498458,1.2295043777784374,2.652356567753469,-3.692150987268139,-0.612140990104849,-2.443895610040712,2.8069425700462665,0.3355140271427606,-2.0179601388288813,2.0165187061140517,3.193503389776586,3.3916673870823772,0.4295899151728355,0.5805578678587356
2020-02-20,0.9475067555996831,3.1464085847821686,0.7721196158498166,2.117849858993199,-3.8419823972281146,-0.5860521080386754,-2.269948270084173,2.4656852057480543,-0.24921470057394798,-2.3534818653090745,1.838158761843234,3.3032275435309484,3.4165085409154528,0.8031006528221479,0.4607093649894625
2020-02-24,0.8895191807427989,2.922213203595541,0.6420903670461509,1.8388266820778598,-4.410444548149103,-0.8163067422644322,-2.534552969404272,2.1122802865281782,-0.5500340246348502,-2.622877265060174,1.3097704375878316,3.5043662730800476,2.829835804729727,-0.2793210722911897,-0.008746489648903552
2020-02-25,0.8568369561108502,3.19045434076577,0.858061431527992,2.073399976805705,-4.3333953860555505,-0.8764552513228611,-2.5992035085269354,2.433198052437589,-0.18045484319696967,-2.719283639155192,1.1629762774619308,3.507593103723382,2.7891806070710827,0.008889836275415572,0.11584395884562114
2020-02-26,0.5188244084893509,2.7932859181633622,0.3182744114077355,2.2049516410611414,-4.228080141185234,-0.8774696387379161,-2.727457618356021,2.142932121303487,-0.2980664935021301,-2.9047574518507964,1.3702746223350406,3.5911692219751754,2.3638146487231473,0.051891324723694725,-0.09010750699995368
2020-02-27,0.5455815229342754,2.4707012221394016,-0.32598686054723286,2.207888924246424,-4.507873008719543,-0.7698247385279112,-2.7494426143857655,2.4448526279458993,-0.1649979835485961,-1.7859938194665474,1.4071833574063668,3.969008387291653,2.228090131695835,0.5648844087362809,-0.23424721480386737
2020-02-28,-0.25580318291212545,0.7009808343498641,-1.7174901304766526,-0.23681357598617717,-5.07837868448491,-1.199407582117569,-2.697980813117395,1.8926005320295023,-0.7273469973922019,-2.8668205150234685,0.4092467870156433,2.7716664353085614,1.9251680532643718,-0.5927519446467285,-0.6353646386832834
2020-03-02,-0.48320226396166627,0.7782826231790901,-1.917255767705687,-0.12978921796712753,-5.321654565061893,-1.5010923049577258,-3.0916653147077073,2.2495620053851315,-1.2900049526302997,-2.7615796443821337,0.3206162062084491,2.566602503438912,2.2665700825997552,-0.832489181318271,-0.5653530398491802
2020-03-03,-0.4453513260992125,0.918320372658336,-1.392714312403189,0.23754890782388438,-4.064682272434212,-0.414708945534239,-2.9998026583941306,2.6595702325258066,-0.32960953870545556,-1.087978944391411,0.9440440220523956,2.750554995037739,2.4190662179714866,-0.20847136547917475,-0.29378513927218597
2020-03-04,-0.48812586693766297,1.1430683150350816,-0.827264528052313,0.8544401408926535,-4.1198098844577515,-0.5606566342271767,-3.2840819469847795,2.7637559584397966,0.11606837746920244,-0.5422094542085073,1.4390872127426242,3.755703386468258,2.2681892733376796,-0.5696831381036157,-0.37489522783438173
2020-03-05,-0.010472327904068829,1.1110015343949187,-0.5602661772020833,0.621780092623509,-4.029441406366605,-0.19522661744260741,-2.9382960626470247,2.911430655552595,0.6680465477244497,-0.5860215794445139,1.5606255127261541,4.007589177087637,2.495919440945094,-0.49117561057056874,-0.4254513685779552
2020-03-06,-0.5064780442035902,0.556799275573306,-1.238911891712648,-0.05345495104966569,-4.871539352891229,-1.0539466760104292,-3.4592756826312936,2.779122496313268,0.4281786651570676,-0.8114204144443186,1.5467624668361568,3.364309478491236,2.4123594712941108,-1.1856804126222216,-1.1315619027626167
2020-03-09,-1.3868910404107637,0.17927644389987163,-1.8708598304724644,-0.7988009172935594,-4.7855859111752865,-1.6047040335284548,-3.8227774161457706,2.2029337854609787,-0.5582646530806883,-1.2443369887264082,0.9012858040697712,2.8659665758447255,1.827372493748649,-2.189157144864481,-1.7541880998195218
2020-03-11,-1.0232584199276178,-0.4811619731431057,-2.3658403557248744,-0.8290331830310692,-5.15892851810702,-1.7596075552184867,-4.139149251967832,2.0524829614299764,0.03411683814389992,-1.7002444619721755,1.0472160889392705,3.1874598969324732,2.1286539478833806,-2.946497600839857,-2.137882689737258
2020-03-12,-2.1163126446945535,-1.5795939398417058,-3.0653546843333466,-2.043077132882037,-5.521543071308505,-2.539532882356791,-4.412626828910474,1.6755729600020624,-1.357996357421342,-2.4029488603781983,0.3151785041689652,1.5044820837745723,1.4086311070054822,-3.1253211694244567,-2.9448956700238895
2020-03-13,-2.1489957649865095,-1.6477573289436072,-3.31974410012828,-1.9824580769068334,-4.8801752180338065,-1.9996979651687417,-4.047739892895599,1.031754656842996,-1.7722021135610428,-1.0029371885327851,0.430543850580877,1.628256925301544,1.5560092360307425,-1.9946837431083626,-2.3090257138741315
2020-03-16,-2.8962161782136016,-2.5518397403491955,-4.17274812785912,-2.8916172253082397,-5.33422725299756,-2.5604836644818554,-4.79569691846733,0.35243413812874796,-2.2664816130769916,-1.7346511030355514,-0.07451205983300896,1.0214784669120154,0.8672684266186682,-2.743615678221457,-2.876005692672171
2020-03-17,-3.4261957321766734,-3.0043414672798896,-4.631651544232567,-2.987500759525221,-5.39773998439301,-2.873240746165013,-4.613446430598002,0.4015471363026453,-2.495193579802996,-1.5291848669326487,-0.2767792298391684,0.4677681888716577,0.3124213083965991,-2.940573903533209,-3.109692227659726
2020-03-18,-3.80608268346031,-3.3908275887296973,-5.026811088134237,-3.2927987248954516,-3.7702322323574764,-3.583526734108147,-4.367394538778407,-1.129513396477391,-3.27092806384528,-1.66228843938641,-0.774137244829522,-0.6023977180673377,-0.5236506286886601,-3.2449155384423287,-3.4060419584917594
2020-03-19,-3.4560156370881976,-3.192281136293585,-5.5874616294666986,-3.8019804598090605,-4.245297818563422,-3.8437531896065695,-3.309073156310491,-1.2387506409492033,-3.7662276663412535,-1.6852618710613778,-1.203387368140645,-1.4286624323145798,-0.047068336908973094,-3.4819122924504313,-3.78439753041794
2020-03-20,-2.9536570067492383,-2.142301297398263,-3.3934115340323667,-2.501649457859223,-2.6596844321978708,-3.425277894864148,-2.3498005626734653,-0.19850697483129395,-2.6175773256206996,-1.5649334962776107,0.1901318608086145,0.19256941519072282,0.322903795294819,-2.649203382154027,-3.0173786858916127
2020-03-23,-3.5451387067267017,-2.8025851242450464,-3.747065680850522,-3.2445515887827736,-3.2184787170789946,-4.020519315202414,-2.978373873671988,-1.10293901843951,-3.2683860206961115,-2.2515807340225393,-0.1765629148699669,-0.8971427085800388,-0.609672646137313,-3.2103836753042745,-3.4748935821856857
2020-03-24,-2.9774183807312724,-1.549492220929473,-3.1841001243879004,-3.0512895849057693,-3.030646055265438,-3.890619778476268,-3.1984749006974487,-0.6892196839228434,-1.9168157210097252,-1.9961805213461923,0.04823502852501498,-1.1130066480915952,-0.8364623883625696,-3.2148738232478666,-3.9365643971165913
2020-03-25,-1.7623379929726246,-1.26962129807407,-3.3434825777216735,-2.6618872185041593,-3.0927449256275805,-3.537776301348691,-3.3618231709109083,-0.06571854495074557,-1.5937289815434559,-1.705650755034745,0.31350160148022654,-0.9453341077397381,-0.3709199702958785,-2.8794908533690036,-3.762104847764449
2020-03-26,-1.2114268696321144,-0.738505360982,-2.671001803304267,-2.6321775504897884,-2.818755909165957,-3.721380146679002,-2.7886463157614587,0.29999089320025196,-1.0345483808889435,-2.0004841246217167,0.45983223476792573,-0.8672850658045169,0.518410656695511,-2.895531142669361,-2.727676292645847
2020-03-27,-1.023590419962806,-0.6805415702592652,-2.700527339224352,-2.7922627152008275,-2.7879541561899326,-3.446227745212053,-2.4420615333077937,0.4269897817610956,-1.2514281940793017,-2.040677196180002,0.3282040907201303,-1.0623763150599312,0.18787836420523218,-2.9943865248831782,-2.6122468086935635
2020-03-30,-1.513714902808407,-0.9586714298772374,-2.6889538398943245,-2.4420853501197946,-2.903297111969302,-3.5791044793312663,-2.6706385317721075,0.8030651553997683,-1.4651768365525095,-2.205019143013523,0.6530091068903686,-1.793116607136189,-0.1586134516837255,-3.6967505015656923,-3.1102837916895867
2020-03-31,-1.439572983599528,-0.8927447073687733,-2.0137368928967883,-1.8989099604049373,-2.4504079123204794,-3.079997618633898,-1.9730155741770865,1.265527203131127,-0.6707769846324059,-1.8014476353343931,0.9999968350326663,-1.4844562954443659,0.021573540911065146,-3.2239301175932833,-2.6299627684242037
2020-04-01,-1.9628364937677176,-1.2543827326326529,-2.3692119805935214,-2.428743197919622,-2.547633010518816,-3.370966589982173,-2.081375996959881,0.9890953378405046,-0.9706904963659752,-1.9235717592169168,0.9332219743031855,-1.6625627754410888,-0.22734724406549453,-3.1676985556668438,-2.641615023550993
2020-04-03,-2.265360803181807,-1.3517129524169924,-2.891168695537644,-2.352013063552164,-2.17553086951993,-3.684960455587805,-1.561745367668468,0.7340619369091234,-1.012391423015855,-1.1115634577702656,1.0806046983770656,-1.0619909213026184,-0.1022445041935715,-3.474978884926972,-2.793553772467872
2020-04-07,-1.8301237730900115,-0.5382067883822094,-2.1720326606910523,-1.8636683555274618,-1.850355639114076,-3.3603936050161183,-1.3865568612405879,1.6049118352463998,-0.16198569401417612,-0.07503773801355211,2.0180583607503264,-0.8385144425405582,0.4639474702602465,-2.808761679571212,-2.364013713030234
2020-04-08,-1.9301335140164622,-0.7133919463353925,-2.0863459870987904,-1.7826288170884415,-1.7507156940838684,-2.813101077655827,-1.5390209838867548,1.3868861232029273,-0.2557577684265513,0.27541978328326194,2.1738398328872566,-0.66252586756228,0.3137749922425607,-2.9441371038980693,-2.8109509442969824
2020-04-09,-1.4864764086993152,-0.7654707166418462,-1.8425754098592562,-1.9668449143535789,-1.5694465628253713,-2.6651194184627776,-1.3432857739414794,1.3485787426414164,-0.16261853887695213,0.5093555058439612,1.9920818873467467,-0.6090364786793262,0.7647675919267506,-2.7449905863321082,-2.4180278404236257
2020-04-13,-1.6221171126289593,-1.1109728851887952,-2.256215729990155,-2.271667451189867,-1.7640426590944815,-2.606484628623202,-1.5076818908377574,1.247293984346516,-0.5309224340736963,0.6197976957235382,2.2005077056419085,-0.600779882956929,0.9107010418626386,-2.915559480345382,-2.965011422288775
2020-04-15,-1.9351518009444912,-1.1118950373002012,-2.4582910516096703,-2.2048501896909083,-1.7944185110285797,-2.6092565319453183,-1.3231845466086778,1.4642933617113978,-0.3253171913920918,0.3851967659036426,2.3520495964870682,-0.2348153651373898,0.8808917075509977,-2.8940930967380387,-2.9830190857587255
2020-04-16,-2.1534181368303256,-1.205384908152537,-2.116646927010058,-2.442876637137043,-1.7032046654470054,-2.0293276700215244,-1.403309597718137,1.7166907321515184,-0.34688716659837204,0.5678594409867203,2.5509199748956,-0.024111245779409762,0.7646234105293608,-2.855659856283766,-3.255510870072599
2020-04-17,-1.9175608137551516,-1.1428220283117199,-2.235119332293147,-2.440298427549117,-1.6402521625624107,-1.8246946131991704,-1.2957843034051015,1.203440173904373,-0.4388781087676974,0.46366551516502935,2.6414345787367877,-0.5682103799891047,0.7033382162733629,-2.6710266630514363,-3.174741081730497
2020-04-20,-1.9498037858078587,-0.8603672171516723,-2.513887977759621,-2.1918579536371694,-1.8226597558547384,-1.4715839580781946,-1.5222573518371143,0.9999301665280613,-0.3800944365203868,0.6285892241095997,2.1942405169466594,-0.3213042280871734,0.15638320690148888,-2.817093222193359,-3.351226076734155
2020-04-21,-1.9119127736364034,-1.0799417258149169,-2.5503908769871293,-2.336804287804011,-2.0166670646918057,-1.4042194816256497,-1.6162042554665956,1.0290763226036226,-0.27471740786202425,0.7071984602904972,2.461518029062495,-0.7700113954032096,0.18082313410303866,-3.1282439845885,-3.375025041333986
2020-04-22,-1.813199504108683,-0.9268259179612861,-2.4940765719871614,-2.2710835881443883,-2.2764594357332277,-1.2962740259354604,-1.4249494074772364,1.3742070166606197,-0.059640433885076546,0.7586181740024149,2.5409781856158156,-0.7703338161019313,0.1514385456353879,-2.908716996825786,-3.2926077809822094
2020-04-23,-1.092371184776614,-0.5730783802204474,-2.3318096162252333,-2.198267677705809,-1.8795890111157767,-1.1504507845256815,-1.474637590495014,1.148653179601389,-0.06104014798483735,0.823538443707522,2.4745912973531725,-0.6390450487589966,0.038282994814327086,-2.851510964577663,-3.155230829365533
2020-04-24,-1.2203080264111488,-0.9156377247186452,-2.581456762444147,-2.357660804052239,-1.9213606260376803,-1.4226096118388964,-1.48865690726302,1.135191427399796,0.19108427714001122,0.8875433730104593,2.489814625635901,-0.9420325179996228,-0.11119401128806719,-2.976797530819012,-3.5398363965978197
2020-04-27,-1.0364933194152783,-0.8314006773032767,-2.35467204550473,-2.411704998711098,-1.8815850793638573,-1.620700045023515,-1.5028790860923813,1.267805576716189,0.4116410399694693,0.9850126158614816,2.4610113008534125,-0.6082140207013006,-0.1220756408290315,-2.9225872677324767,-3.3523060896246646
2020-04-28,-0.8395904992496556,-0.8309027912414471,-2.3860291659082513,-2.3300176580348935,-1.781593926808933,-1.6851929922817093,-1.4210598048596497,1.144168157619777,0.3499637350746667,0.7350469323760044,2.0113103238215473,-0.6751688859193092,-0.10958172518299232,-2.645178985004516,-2.9994056621560214
2020-04-29,-0.8628378482458732,-0.6616148339892595,-2.2944905204745103,-2.243550787881782,-1.6604329976501404,-1.6148132889253854,-1.2147008689233876,1.2337935711869834,0.330450204442886,0.7192354220837963,1.8591807624524526,-0.6464456541357502,0.359397292527248,-2.2450913762834386,-2.853842928898274
2020-04-30,-0.7818183285708872,-0.3620756751987306,-1.8504528149485475,-2.0948974946435763,-1.004512174819185,-1.1979203246639332,-1.3909426893909544,1.2024003142410635,0.28000453660876745,0.5628864794905736,2.0854988149260283,-0.782092624418822,0.6305031331428992,-1.977764182408309,-2.65466177608183
2020-05-04,-1.0730135265986034,-0.6685691205020375,-1.6938685650547733,-2.446397363056947,-1.1138684912379615,-1.5403599650474442,-1.5939204252084214,1.1673112324809722,0.13222558113564686,0.706473296029951,2.073748248065224,-0.8882594981608963,0.8799913153169138,-2.3477768620624695,-3.006245028596293
2020-05-05,-1.492316557789136,-0.6281705250047802,-1.8053980714771032,-2.522111529627091,-0.7394624067971534,-1.3713548541783767,-1.630612546844246,1.233014255935605,-0.09384184771993616,0.6917332319886922,1.9487739430534856,-0.885373475500743,0.726863655527245,-2.2473602494040987,-3.3731616374914135
2020-05-06,-1.4011094176302148,-0.6318529424701826,-1.6947976846143336,-2.4022854067157824,-0.4616517553156757,-0.9826643469124979,-1.3116690555686719,0.7308158139304043,-0.13494890376195873,0.9466858891233166,1.9110048088807965,-1.1982509630739824,0.7712397955225311,-2.1054819268543525,-2.7327055670010902
2020-05-07,-1.693234356117072,-0.8221100277972325,-1.9235746772475761,-2.4293933679662225,-0.7946993795075634,-1.477493016891841,-1.7146664593478185,0.5799435993705381,-0.3004042821975768,0.7731843164821344,1.6341408597876028,-1.2669291334208215,0.4187478442771128,-2.3600608464543584,-3.1657017016300673
2020-05-08,-1.5740598972572213,-0.7003077778840808,-1.9984417224938824,-2.1886927066827018,-0.79858730676479,-1.7188419938643795,-1.8574981775948964,0.9081314826110894,-0.1673036429413022,1.023358122304799,2.228303094775724,-1.0077692094921575,0.25295230409002833,-2.7397746044533617,-3.329001022144298
2020-05-11,-1.6571852437454735,-0.5020971752577901,-2.0152025422965494,-2.28804892882859,-0.7536424644213308,-1.8132620259158259,-1.7565874794399998,0.8491086837692297,-0.02861322113781327,0.8701284386449931,1.889505923694793,-1.0111857348819169,0.15858194148127175,-2.6995744427142827,-3.022731159837957
2020-05-12,-1.7354424755863396,-0.5071885212079006,-1.9170519737117715,-2.304499016246497,-0.8860653554630565,-1.570036522241489,-1.4463148089048026,0.7839081458186687,0.08820443815103285,0.8684004294589691,1.6723760282298192,-1.0913621945920549,0.5551043318123937,-2.6680120044732853,-2.6314693689587236
2020-05-13,-1.6384984459287966,-0.4087332852794008,-1.6955397564856927,-2.0796311962411114,-0.6409388008016872,-1.297910252052457,-1.341012260316496,0.42563103893589227,0.2245048318131113,0.8644965305284981,1.732000994674402,-1.1755395214829911,0.5163543518235616,-2.309755842054748,-2.401036493452635
2020-05-14,-1.7346976670383418,-0.7474147436479911,-1.8632785807241206,-2.438699030415278,-0.7876301999799998,-1.8552301900526873,-1.4749121043016953,0.38316551397863335,0.3523350215851354,0.9513146018581907,1.5189535209673786,-1.2469595243571527,0.37084296957725665,-2.473730783592499,-2.5584682130618575
2020-05-15,-1.8447411144916732,-0.8700864615122024,-2.0717704148885194,-2.5131317056945144,-0.7832866330838083,-1.7105558578431708,-1.453511528281504,0.33495322479255213,0.3626432039629119,0.9023491543168966,1.5142164852888669,-0.9078309320596148,0.4826748163766246,-2.4157515457233503,-2.4405499019948667
2020-05-18,-2.0612056491550366,-0.8468653605348465,-2.119174033837603,-2.6435835963575647,-0.9187708419240933,-1.7667825280716316,-1.4123051749450124,0.18698492153586857,0.33187841148827874,0.70007734330946,1.074398945909458,-1.315478253831951,0.2781120374566431,-2.4703849976103243,-2.6933447179705343
2020-05-19,-1.9393759928388825,-0.7519338497343134,-1.9878691721257935,-2.5799272318562236,-0.5552971110445775,-1.3963928892361495,-1.0201105576219462,0.1706084188172206,0.4017662953014118,0.7231166804199695,1.170582395682466,-1.3082539208155526,0.6924826223781078,-2.2641702984361523,-2.6139509417827336
2020-05-20,-1.8155249995482357,-0.7677625055526922,-1.9939279595762827,-2.4892603591887887,-0.3573997185320557,-1.061354030808913,-0.7228375314382343,0.13490347476344053,0.4794324818405124,1.0696002691296667,1.6214242881846337,-1.2793073836591662,0.6426937043105966,-2.0452121695024474,-2.0891678324564746
2020-05-21,-1.86450979457504,-0.81054127127598,-1.8097243864865518,-2.5216490209254623,-0.38623153110057246,-1.2325594121651604,-0.17788851816704726,0.2161559712788154,0.48156182672812037,1.2290762807435882,1.5992212017447456,-1.5269821768388123,0.8419351423129288,-1.965442940435309,-2.078553303735014
2020-05-22,-1.8484860623617572,-0.63313372567057,-1.9369621225871723,-2.416657938603392,-0.548266369550563,-1.3542354702783972,-0.35983905975798447,0.0014117159183262224,0.5661486641847967,1.3644390459493143,1.6270109572061258,-1.5469507399683973,0.8850408063892649,-2.1662358061290763,-2.456033868821916
2020-05-26,-1.8319375423783801,-0.7156481054541903,-1.8832914813749277,-2.4401737969747237,-0.5466653806540065,-1.1186865673758917,-0.1945160513910597,0.3198557384727963,0.6086128034381982,1.180167135752407,1.624002142921591,-1.4167292779891294,0.4790094274184835,-2.178541324817403,-2.2275896202930623
2020-05-27,-1.4605913252420542,-0.4634986656465683,-1.2508304974007451,-2.3287716323369803,-0.2794840167576579,-0.8536146500097266,-0.03923213035348562,0.4416890394594483,0.776065936519619,1.1769595124931866,1.8683064652799082,-1.3354749043496283,0.7095156746011299,-1.6901463908431997,-2.0060725339082865
2020-05-28,-1.3954311037158653,-0.4663631831668523,-1.3211870559785757,-2.2712375873581703,-0.20272561895597946,-0.7979515502677355,-0.051627874188091595,0.5451035740116875,0.9885210911733288,1.468774049161724,2.122120669394958,-1.32571427668876,0.6410761665097572,-1.6180360466423709,-1.8460199982032162
2020-05-29,-1.3890707077170372,-0.40385534462798295,-0.6366857348101032,-2.182539617806793,0.1330356915243771,-0.5454497083360225,0.2806711439938689,0.8527629499562122,1.0805293221063574,1.9718422849000665,2.501522490687147,-1.1632912949031355,0.5161626670576217,-1.5573026531331546,-1.4742290335643013
2020-06-01,-1.3289715577360453,-0.28254174973386537,-0.2965462277300473,-2.0043387605125758,0.29168409684098656,-0.5377772119134095,0.420238712241894,0.6850983852046628,1.2216989195189065,1.581394150930231,2.2723986829787615,-1.1865319158853482,0.6420656487869626,-1.10799046562118,-1.3225172232836424
2020-06-02,-0.6734190191577922,0.18534378733898463,0.0670404420862819,-1.506794084230505,0.3797279166493264,-0.45064873699912195,0.31273241502959237,0.8409558935652743,1.377156287168443,2.0098701798102323,2.560743311568317,-1.0515172737441725,0.7302383305445929,-0.6318285933652531,-0.9610025037449692
2020-06-03,-0.4165804089205711,0.03978154286215237,-0.07123331767113861,-1.5284991702287407,0.6315069531314158,-0.4219824732114757,0.36884724552348025,0.8565496967540475,1.5365056137666393,2.1250941068612454,2.759984683846805,-1.073454266114723,0.7190730380278917,-0.4097596908457253,-1.060703174214922
2020-06-04,-0.7184002640277279,0.045123897324804756,0.006217185815788572,-1.2479002040633171,0.33961567614173965,-0.7806564997665222,0.5305484113190859,0.647025281386274,1.2520158650676205,1.9689595427488211,2.485106893143828,-1.001014293891733,0.9244440089866108,-0.7419977549628534,-1.1281101908014262
2020-06-05,-0.6418479757484676,-0.09819358344008161,-0.08212647753310165,-1.4346007346036629,0.47757747958068025,-0.4688587577976369,0.7428224947690627,0.5186596271420573,1.2041967647451128,1.7448390497717887,2.219711220866742,-1.1242560811103923,1.1049871992778644,-0.24286755204155655,-1.0239908277954297
2020-06-08,-0.7984514732932971,0.10042782001276963,0.15922544582583364,-1.2012598316577103,0.69600856722332,-0.4120708260210745,0.6463124436391778,0.38621047792739654,0.9912160432040299,1.6743039061569613,2.061572809715782,-1.0105806624138154,0.9902294223847314,-0.31124105993993306,-1.1325218562382173
2020-06-09,-0.8645143001764763,0.2079774195731681,0.09011271119933928,-1.1134880163940828,0.855539813101175,-0.2570510079328586,0.8988087185694636,0.3252354585945456,1.0677628543794877,1.92214206268697,2.3995486105167347,-0.8809400358099172,0.8919208663174641,0.03206340322321729,-0.9048903887781204
2020-06-10,-0.5653104598253321,0.5066508993243078,0.3588534495760229,-0.7745813116212293,1.6015562673335701,-0.07242519679751966,1.0857435835934937,0.5025852165463326,1.179329280312271,2.044010691629227,2.693799386656235,-0.7555624095110334,1.1763505889763863,0.37905871065362495,-0.4488540562284711
2020-06-11,-0.743472882465066,0.5720331147262555,0.2593900066524996,-1.003468650362846,1.722548629871843,-0.09246698096493665,0.9813873681194727,0.5563241927341742,1.0528043528013653,1.7756033926585868,2.7539248735615747,-0.7490288542803495,1.0314099100818364,0.605369698173212,-0.5414951266480846
2020-06-12,-0.3986009854728968,1.0307797616547576,0.6004906042234139,-0.690597827755904,2.304993570666798,0.5260125490098788,1.848245638663433,0.738599154616234,1.6191082587640624,2.585148027553511,3.1426735934886074,-0.07311929012950202,1.5277419330527602,0.9455778754646925,0.2535075010934401
2020-06-15,-0.5539665357346671,0.8635513799134074,0.8881808553101047,-0.820196882605698,2.048079502111162,-0.13851411084986276,1.3089999734666722,0.9861305910904034,1.7199651985339612,2.135379924629855,3.0486167962264714,-0.06534811001162912,1.0564228230650292,-0.1106246398098255,-0.41739180798813896
2020-06-16,-0.09564367839901286,1.7347892762311121,1.6470537517854953,-0.4988885072665964,2.573016713626744,0.48390770875219236,1.9940827109582682,1.2813877144763448,1.8372795233476769,2.459142986988218,3.2235304606006747,-0.064837760038348,1.3726104064512672,0.7507317216468986,0.24026045056752784
2020-06-17,0.00887810349565099,2.155306731263546,2.1948462028690217,-0.3834778354723858,2.60684006427022,0.630613481361089,1.736334446742235,1.1336480765404526,2.0121883781871053,2.461688407795229,3.3299908127668334,0.03242685105361167,1.7440441329307366,0.9049107119972836,0.5649036321408867
2020-06-18,0.9858202402095,2.572957077986828,2.3737440127553557,-0.20331427956246664,1.947925810511438,1.661879363857292,1.873799715406486,1.7322853514841783,2.5740972199154193,2.6123816291857045,3.802210277808755,0.6397141916009303,2.199260973945961,1.1759397519136028,0.6594774429308093
2020-06-19,0.7848629616234949,2.3241501847297887,2.9698984694911568,0.4224615545574379,2.8407485546328957,1.9857612068682502,1.260359618818556,1.9579847471287233,3.304417885588054,2.732982104968937,3.9645359019969435,1.2851993870573488,2.0473205245375863,1.4686841560793034,1.7487224600584121
2020-06-22,0.7735399687782009,1.8128503235888125,2.0958565740284567,-0.06427901180561013,1.9509589092335453,1.878472813050518,0.684314770766272,1.4053489320468278,2.8479877146548414,2.709274951557729,3.4278777457772343,0.47758373647395536,1.8847695039353618,0.9535500612181574,1.1768065241637375
2020-06-23,1.865984085118734,3.038806140816211,2.7839391499874213,1.4397376263117225,2.992622809276784,3.1048101284544454,1.9539343350481777,2.5279751627143914,4.671601194235696,4.245774401836425,4.160894657949728,1.9936337602602545,2.9767970836123916,1.8841255398322447,2.2210280709578534
2020-06-24,1.3247916564033708,2.207650654208588,2.337522865695634,1.1913887207907115,2.4810385098261665,2.523841493794075,2.541572829280124,2.267301684750249,4.060945483011937,3.6118858079582283,3.683024119623204,1.9868986413661085,2.72104676183563,1.7120716534495115,2.1547157446084735
2020-06-25,0.7784331902760758,1.7527417356508457,2.438984131334414,0.6894338450122999,2.4566170518184447,2.1573626931077157,3.125529325617247,1.727175268174581,3.748222173538608,3.364152600882463,3.3713175945250478,1.9397650749475044,2.3238875531596634,1.2263702633385793,1.8772705641870815
2020-06-26,0.10896296891392541,1.8060140666266438,2.340675446960329,0.9981722118245628,2.3212876539492995,2.1937269220980444,2.288897369330192,1.350687085183877,3.307186755912796,3.4893941099201458,3.2584420451470426,1.3904364859953018,1.698702893660795,1.3132705327856364,1.072279996544356
2020-06-29,0.055024538178119996,1.4409751639990636,2.0112714730969965,0.875631361039251,2.18502460828974,1.5690370347717562,2.014033420236449,1.2542447469531772,3.7641300592024645,3.5320262709770285,3.3106291138725052,1.617107238887242,2.230389996805917,1.4517149195045087,0.908699741854989
2020-06-30,0.6529279104593093,1.9174349792433116,1.9731682502932681,0.5129000577302759,2.221665663671858,1.8255591790262333,2.1332844238313733,1.1670197992315925,4.271590786621897,3.5057332993832904,2.9810579931343084,2.1128148544254515,2.4982350464282908,2.4397282256988735,1.171868425792158
2020-07-01,0.6185941484296744,1.6389379059445124,1.3334010097878846,-0.12160632841150036,1.5860958167853405,1.2856707058252252,1.8758908074002414,0.540999510914106,3.4853593486658823,2.9427546923403405,2.5087805141009625,1.5764682283240803,2.3118427251958997,1.878714952450932,0.9269673069828153
2020-07-02,1.3360069354200308,2.6649801425829036,2.0001274485237563,1.1919246010115998,2.057890634853761,1.688027904487236,2.360288977534226,0.9596656140864801,4.155144791029105,3.3133398113558794,2.622078596123637,2.313635510840629,2.729237604956344,2.2834534819944934,1.3171845245291476
2020-07-03,1.6415582117760428,3.0796459028628798,2.678151045688067,1.1127952662101201,1.6455233466794486,2.0079782414498393,1.8452306578854238,1.2897632240880592,4.1749002053673925,2.7389441624503825,2.457293645805839,1.717619162834671,3.0033510078346315,2.632617133977296,1.2649165054522284
2020-07-06,1.3429102318375516,2.402076813801865,1.944633343818031,0.8136861449280324,1.4320377413518142,1.8331359344467706,1.781757408534883,5.738209817053058e-05,3.9363738287410053,1.976749047610588,1.311476590354124,1.63756595488323,2.2065712071773294,2.2258947078531595,0.9461632675418489
2020-07-07,1.418085269857743,2.943527305656568,2.0013217312733595,0.7335610555026881,1.061415157640732,1.0784903880651449,1.64170100963657,0.23226240311478977,4.529046804064983,1.4076152678648137,0.6761962688355659,1.4009784086368586,2.226093301619274,2.0102253216224057,1.0500345403440314
2020-07-08,0.761787566700293,2.5495059126796984,1.6766389800664867,0.9509425659753324,0.67137137658961,0.6613864009902349,1.382093185745528,0.16616876972449734,4.415791181088619,0.9842798157714636,1.150984581296098,1.0813287733954133,1.6057223170380455,1.7888272761154576,0.12988266103577037
2020-07-09,1.0105820124073923,2.6297546533969376,2.109934801033864,1.2343587527322477,0.8122072583347085,0.4960731037927864,1.5582658365501156,0.3330838227771262,5.0881341955070445,0.730381833678086,0.7149463409412243,1.1597284645043775,1.282775067601013,2.1566549928645626,0.6083135846758566
2020-07-10,1.4753437462430312,2.602378650667933,2.3219942334765014,0.8139814640248054,0.7112686429396862,0.25013951783285604,1.0565499686258248,-0.23718041663999442,4.818521121541883,1.48970083264534,0.5127024117844853,0.5204786140966922,1.4271961179425163,1.8933981340558228,0.6714664045656978
2020-07-13,1.733739218514438,3.1138811431541393,2.521002026234679,1.8603949753036804,0.6220151356520317,-0.4549829296252899,1.419045137022182,-0.636204243431218,5.105093873723446,1.2242278380238947,0.3813420534399873,0.24877717797515053,1.854622195175863,1.8641751666962731,0.7726736034055504
2020-07-14,1.050829937203143,2.8091074310556032,2.4296010178866183,2.007113530310171,0.35074608765037474,-0.7793921494748819,1.2198964083265786,-0.20712988452456732,4.8022857712209115,1.2091645976082863,0.43299126990826375,0.728549223981184,1.858240436099148,1.5549463823776752,0.43283930914360325
2020-07-15,1.0580512215844087,2.9656249028438606,3.5203684472106977,1.997294631348444,0.4928802475423093,-1.1516404170986831,1.863704035203399,0.12412507733891796,4.738614959535559,0.8064312092576559,0.9579361363008366,0.2918659767060581,1.6246416904765464,1.8769104376954808,0.4186613993890948
2020-07-16,1.6830750487701318,3.9744380837577693,3.6564857696263156,1.9559192110715602,1.0750484533473474,-1.1361402352332974,1.6372853269695304,0.6209300924745207,4.999372574598723,0.9508674252840278,0.7429451150459283,0.9517059157924783,1.4021576336565587,2.8388173208384653,0.6068888375223952
2020-07-17,1.5403769358746267,3.744573965957064,3.610721493871005,1.8446203358557254,2.1260470304132006,-0.9611053339389938,1.4854521382906931,-0.18932361426657535,4.243826254276487,1.0279597046974065,0.46466860476682625,1.4893604090307544,1.4562620807931315,3.010630654376321,0.6783496911971701
2020-07-20,0.7482170063720854,3.5910776591372193,3.7855320105277857,2.1250715243937,1.851686361008584,-0.834492598062304,1.5135172590495591,0.013087271793045103,4.789932302798482,0.33381926473444884,0.4779311578566134,1.0514076905792757,1.729892032332195,2.97807079646631,0.48651379838899994
2020-07-21,1.1240799180688736,4.007743912295771,3.9786050344602684,2.586458513018734,2.054380627202475,-0.4600905469419195,1.5185438132623434,0.06729182010958805,3.8531984954330976,-0.10119891581253301,0.34881598893512633,1.409895044856091,1.6185739270235417,3.2861026671265425,1.1706743303859555
2020-07-22,0.5012155021959755,3.6631258189682483,3.575339357781264,2.3515122769995322,1.9565757931559653,-0.06997879517647285,1.7745794867986937,-0.5666719763349168,2.8866594509391352,-0.3178991829737971,0.5413447398786873,0.7196256698257832,1.6481503733265677,2.830584703316192,0.8354532899473844
2020-07-23,0.5604331601037327,3.605525696189576,3.722051556399047,2.4970684710314632,1.8617918340829513,0.20429236301207523,2.0284398569025446,-0.11624710408830895,3.253351587274914,0.20444824949106996,0.9119724599802825,1.06949719504779,1.7951889656172768,2.813088897072173,0.530765030245352
2020-07-24,0.3705227073121089,3.5376528853189164,3.8043379825412997,2.651566831408791,1.498957551496406,0.07700121607365555,1.7999608240286398,-0.04443655048903925,3.223832765699829,0.38265978597577616,0.9438746460425108,0.9821948711875744,1.437094593737028,2.3107835175725477,0.08021950370219158
2020-07-27,-0.06153345058988234,3.326723106106319,3.319898896678623,2.5092851905250986,0.3071769593348545,-0.7987350147154564,1.6174569268483372,-0.37346062492357224,2.9843088448030324,0.4864456945714415,0.5367041228942081,1.170473087324468,1.075073921468491,2.0025821777065045,-0.39634003993946104
2020-07-28,1.0273111160919746,4.351786629369234,3.5773217749655806,4.21785132932792,0.6799824860750371,-0.22671365285867834,2.1216695389037494,-0.18073064008079373,3.418180858955621,0.6706284300635286,0.660511130486914,2.032048706342966,0.8121297713795149,3.4427695756616585,0.7638669396181367
2020-07-29,1.4082895179653556,4.237680050131674,3.96200706121326,4.118321577942851,0.3302491306856744,-0.4374549405241525,2.2087501691160623,-0.6336634041029751,4.360032198861608,1.2732230455227571,1.8660199346233388,2.559773608589135,0.9320636359448841,3.9082702329705774,1.1346263299129669
2020-07-30,1.3096886864411388,4.474865945405165,4.044018112080737,3.912890982990589,-0.06142028130888957,-0.9371716929253318,2.833089524082361,-0.6004079426251403,4.359317685686031,1.7896772593778019,2.37720915784914,3.4581831356903057,0.3195877071037457,3.437688765942936,0.9279591415720068
2020-07-31,1.5808750731141468,4.548431099983038,4.094885291270909,3.8166032959361993,0.597867054447771,-0.3377217027977059,3.127388525408358,-0.440467442704359,5.018478427505815,2.376799199470611,2.4445284539602525,3.4940358285504685,0.7241729635228215,3.5145193349984214,1.052855158658846
2020-08-03,0.9513102853055574,4.272745937211212,4.120901765769598,3.2320393759674872,0.15305613239894253,-0.05647428221397754,3.258253186613345,-1.1552831676658988,4.346139616090271,1.5693305385987315,2.0064949528266256,2.239995558384602,0.5346023857602958,3.8741409176235906,0.8004720815050438
2020-08-04,1.333614197888445,4.036807937794321,4.066843141474396,2.914599070561838,0.01789138183063437,-0.0036533929272630373,3.310828543305237,-0.8570794540115537,4.219649298820938,1.9734290851011618,2.803225242267091,2.819217056262758,0.44226274234975055,3.690693047542922,0.845110456106955
2020-08-05,1.7108223557584492,3.8907202360854116,3.84709335748095,2.756269718047874,0.2714105072342909,-0.7717812786012683,2.810113247813007,-0.8379013828432433,4.082137215357216,1.9692428840411766,3.065832485310835,2.9929563670306703,0.16406664701516893,4.311753411544071,0.5940426531889105
2020-08-06,1.4971236029843495,4.06625204199064,3.767240437946756,2.719286662107113,0.14381935369215518,-0.952762105930246,2.9466801384867605,0.3794636281312737,4.312694521739514,2.446653383427677,2.98314754351574,3.2601343673042087,0.2086670116861607,4.563643811858698,0.31883938863471295
2020-08-07,1.6437922906059426,4.600419300122403,3.890559683010637,3.6845654751964743,0.564819627875131,-0.46130279871110585,3.126836461057051,0.8619428072413459,4.414919717764598,2.1575175508917313,3.150615336965388,3.4709776376545776,0.6483105833582763,5.080128180444967,0.5428368473162221
2020-08-10,1.7353576781481417,4.724368434151214,4.011729980488034,4.184698667699373,0.6275079919228794,-0.2917065337884004,3.236514310138417,0.4549198591250331,4.411176852950824,2.8224141570500687,3.466474461260501,3.2863121888914852,0.31541881451044584,5.050430897678227,0.8601767515984823
2020-08-11,2.4794830920806397,4.484914039635705,4.177588152194398,4.2245404474845625,1.0994584794947593,0.030670531769072695,3.479943823487095,0.66441200462395,4.156028351318656,3.0213325264026403,3.373185913747225,4.098987397330587,0.4920680249907948,5.592404741002008,1.181681584796661
2020-08-12,2.0496974610571908,4.4823074944725505,3.9375643397758227,4.3147653395161125,0.31694462597787654,-0.255467142654644,3.153695573097378,0.6775772412084585,3.7937787829447127,2.7341847369233756,3.0259091086740555,3.6594241525049744,-1.1368332056309376,5.306590028961856,1.2551643910386086
2020-08-13,1.7801376730511451,4.4143282512023125,3.9367415638663217,4.243681524695808,0.2540301863690432,-0.35332869690029584,2.619460780360565,0.3950485473006016,3.6493778338101737,2.0099248294322356,2.346446691723769,3.6533826290467375,-1.3403152290199132,4.877180150314003,0.7946958681433598
2020-08-14,1.621058777057736,4.3970533489419195,3.720130933380395,4.19619179852344,0.16711979484034037,0.2818210654468481,1.4551281051786291,0.25165553207126695,3.721095433718823,1.970869756471164,2.6694104723290257,3.5996815464166474,-1.5341689774859786,5.007989540810394,0.47678308997290036
2020-08-17,1.6932035519177062,4.13517022698542,3.902137801505171,4.3606036413940314,0.698598119477896,1.178286337086552,1.8335562289837508,0.4431618111415086,3.7163428620624757,1.8015961622024734,2.4952485668137108,3.580845824139997,-1.6950026992184932,5.715628531807643,1.039727012644735
2020-08-18,2.0900302526317183,4.496188770488084,3.9382265040920608,4.467359326617977,0.7750438978497435,0.8517260051517079,1.4287387871320645,0.04266874879391047,3.939644709841254,2.07080152653261,2.6176191071156367,3.1812138696890915,-0.7820060384884904,5.719024713425079,1.5151314588577103
2020-08-19,1.4181309801912398,4.013167308524282,3.3487945861544093,4.620011615931673,0.42510184525658595,0.5532432965189746,1.3864812601596346,-0.3104919823083292,3.445140090166849,2.3598079456419057,2.4333114435729484,2.9474757385357835,-0.5968236666118558,5.3380808715840375,1.4777815529381275
2020-08-20,1.1555998446557967,3.922352359556708,3.234713846216129,4.463289671561834,0.6952662032117488,1.2178752293607762,1.2999281314569293,-0.8514520632119745,2.9326982565971127,2.0243063483583676,2.3681021804764395,3.0118736565654998,-0.8819454006342129,5.07886376173611,1.264018556426048
2020-08-21,1.21640687963316,3.967109656123722,2.679573239470735,4.558691533399713,-0.2209066679143551,1.4869956644804212,0.8845346690498299,-1.1304767904119193,2.7151588794283334,1.8575663226325105,1.804003350166471,2.719179954043485,-0.7622256057980988,4.971068296973481,0.8959787441732631
2020-08-24,1.380306513821782,3.801649015839213,2.5511008090669702,4.048395010814024,-0.313310585395352,1.417423689304437,0.6348529370905208,-0.800090546901533,2.548336493276936,2.1848911984171138,2.2739684630218213,2.6704196960225555,-0.7440864741092585,4.479080254593849,0.553310541253076
2020-08-25,0.685926777288207,3.5277318336923216,2.40863351745267,4.221889048447676,-0.500925674041753,1.3737838520413392,0.7907393732426151,-0.8384716776530283,2.4019972491796695,1.7045829202249068,2.362790112952501,2.586695079577346,-0.6647600933121333,4.120140108518633,0.16000182436673913
2020-08-26,0.6106395485730545,3.808187956875156,2.7113073971685266,3.9690159040891997,-0.6844180555102246,1.5225466911564234,0.7982823722115435,-1.5722020782926804,2.1753870921248772,1.61186525532268,2.118657595547601,2.5868754919105843,-0.8892849677291069,4.241099153806079,0.455584289168281
2020-08-27,0.962365579357511,3.651074143909131,2.501936482497904,3.502228024206242,-0.6725526603377371,1.441704763287687,0.4767812740205453,-1.4046426174535818,2.4745157979529737,1.2762001307859179,1.9760433114571905,2.4515455002800004,-1.646592777972505,4.19434024982589,1.2646256340615247
2020-08-28,1.3310617905113553,3.561835908689818,2.376273112910394,3.8466861863809654,-0.9950315358813766,0.9751602079408862,0.5915646592512095,-1.2846931464830507,2.261887483575982,1.875647254579007,1.616838260776244,2.5856435918959284,-1.5856249206178494,3.5609498041193044,1.071639887168085
2020-08-31,0.7436256954602255,3.198824394699873,2.0203730188976223,3.3830172299083556,-1.4374055624757616,0.27086632597523774,0.4163602463643673,-1.1541296825503415,2.119186901384866,1.0008235937950185,1.4149503989810208,2.328101417813331,-1.9076468702729779,3.3757875327928537,0.5335420608735577
2020-09-01,1.3012807638987973,3.0500863090095254,2.4404295703074617,3.2021485966253507,-1.7203190084772626,0.732415500293076,0.278276594187834,-0.35946704596734685,2.4035784468291443,0.72219250982721,1.1458123842498171,2.572886080391912,-0.3657933925212227,3.855474106835488,0.6436097165024891
2020-09-02,0.9830909151778394,3.207369178445817,2.5869533090131456,3.2377187857539207,-1.2603141804230622,0.6167891813676906,0.3281810578029497,-0.6362021744575245,2.7809255838027758,0.5846398562583469,1.196181110852602,2.844055905641867,-0.23371576761414528,4.542129292034768,0.4704116340030978
2020-09-03,1.0671478975581916,3.5776662871739826,3.1159669844498623,4.159730333535427,-1.2640571918607684,0.48299681602798855,0.7298404684810252,-0.21603209726303227,2.527586208914006,1.5814592422581855,1.7337876564728165,2.920973927010842,-0.17547125628127885,5.140276943808328,0.6708752927177317
2020-09-04,1.101297531563588,3.568473296309118,3.106747194777397,4.450870031475909,-0.9927789194657792,0.26378467732414956,0.35270950084315655,-0.2873126406052286,2.3281069456983103,1.0849949999003623,1.4910943951110402,2.1014287066021113,-0.7832900609934994,4.237605215498015,0.2874723622487077
2020-09-07,1.3129600467291733,3.731516211711405,2.9372669506613085,4.601743197246555,-1.3016679569276501,0.4255872334804466,1.111829297312766,0.09316663078049003,2.471723236050162,0.9437754993795597,1.8223872166811235,2.0362531696736146,-0.7548510142878442,4.932254312958061,0.5962970737932555
2020-09-08,0.8716665603641154,3.6853269713777124,3.148383974551942,5.241378902780209,-1.6336512680784765,0.2574320146835573,1.2227077594134468,-0.21232872118307886,2.5801566394921136,0.695570739101398,1.5703748035562075,2.411502851482441,-1.061437846094003,4.047909841793465,0.4482483326657971
2020-09-09,0.9748203994072974,3.4777980938149344,2.9115233728659526,5.1992683064818594,-2.0127723199744034,0.38598494728045774,1.1776246482487351,0.25028945149312415,2.3189515186167746,0.8315721586007141,1.940359875059658,2.2361747696520595,-1.4017583611571118,4.425995486868344,0.24048530215209715
2020-09-10,0.31871581733419396,3.4635844168700953,2.957677439343642,5.115316848018234,-1.7072763635490256,0.2565443222342762,0.822057007879926,0.4267863578208753,2.201461947239377,0.8347985759720074,1.663757106406723,2.299540493170134,-1.528364961944166,3.71526745228873,0.38103131997253104
2020-09-11,0.43565340352961973,3.6928977600249135,3.071587281862599,5.300409328716261,-2.196354328208175,0.1630867192817861,0.965341686555262,0.41282012338689766,2.2723772344485846,0.660654161632691,1.7478831275869693,2.1217760904072316,-2.010908340755287,3.5979427760100986,-0.22040206285991099
2020-09-14,-0.3656485457982418,4.084025550679733,3.691219144969925,5.442259342422173,-1.9696940686517703,-0.023821068943858145,0.8283817237650356,0.012314911825816266,2.0846405095411997,0.24964057614279855,1.4977227893037681,1.9781142482658962,-2.6924114174283584,3.3002663000294676,-0.029887974171266457
2020-09-15,-0.5167314355367646,3.870176077528409,3.5771852012121874,5.199690890056567,-2.086520035374759,-0.6858672531605546,0.6148328312582582,-0.63602235579014,1.9174267406660814,0.33916522870488236,1.4844690500548858,2.165184147933079,-2.253866486337308,3.083558546976098,-0.5127176509831197
2020-09-16,-0.04857108140604025,4.213126001828585,3.856699492134829,5.157885252662168,-1.828182968737316,-0.44178697694721686,-0.011981447760149994,-0.632652605937973,2.513582010674608,1.1143251515233719,2.3251101590206646,2.31591018007244,-1.898621301328408,3.326199092288297,0.45854060906667893
2020-09-17,-0.6696595309697273,4.600925037614441,3.8409948235983555,5.261838197316637,-1.5431604485846204,-0.45845361542414426,-1.219370974006407,-0.8530631170327394,2.3457902979405607,0.8461802629566412,3.00410701273726,2.638790369717185,-2.0240283443566724,3.2417742253251682,0.2408294785960275
2020-09-18,-0.5520299214393343,3.9385637180764492,3.689281254531401,5.379589052707189,-1.8229148789769019,-0.30703526546309645,-0.5579435058269618,-0.7523852929104197,2.2229381476168646,1.362767313654141,3.701570784769928,3.414518987028599,-1.5483584381424422,3.0975832460792003,0.6753391638580791
2020-09-21,-0.5990538862541962,4.388478550364885,3.8304869659054392,5.682977570920225,-2.0843717375675137,-0.345395440664485,-1.1185569959979276,-1.6107675377673472,1.0121221790842478,0.7637076963856861,3.260042041424348,3.6560120585067724,-2.339606272995752,2.334697219382465,0.29595859007544156
2020-09-22,-0.8415389666421582,4.27653121014066,3.845260151712521,5.862375634904714,-2.2225848806078123,-0.5454039940918033,-1.038238566085903,-2.5907795752708727,0.4150528435617898,1.1566423671967045,3.4119089550705546,3.4839003237185246,-2.0804154657502902,2.1456464768229018,0.327049258065406
2020-09-23,-0.7469827075464158,4.515309684253343,3.963962785677042,5.62762573153785,-2.422888614380671,-0.6234841969932345,-2.2503146070132365,-1.895913565219322,0.8758180306027517,1.135137021415265,3.36974446549386,3.9736357114277805,-2.8098811642070523,1.7976207669178286,0.2835710109226322
2020-09-24,-1.0153811976884761,3.395025010023363,3.3355094351538455,4.199951248613116,-2.920973783252993,-0.9354756589891415,-3.165096379187767,-2.035398875653752,0.8706618080582943,0.5316104736829583,3.137720272585038,4.187308079922498,-3.1254695682337235,0.7865096031342508,-0.12989247951364075
2020-09-25,-0.954029368407682,3.6888257872809294,3.590235417868847,4.371573490354232,-2.4364008414102503,-0.7568043526589666,-2.7291655322314856,-1.143629993061787,1.192839133920873,0.528856915711396,3.323671154392765,4.4272934110560485,-3.003676884611311,1.2353721968885616,0.2801814714420727
2020-09-28,-0.8045444657789361,3.6529140216812754,3.614048076075072,4.191357790695837,-1.971943322491361,-0.4581757343433575,-2.710606359004642,-1.303973897072928,1.0264575243401426,0.9493662527870561,3.459051310928095,4.370801189866448,-2.79483492450561,1.21397970037026,0.4387957925250798
2020-09-29,-0.9757824356963922,3.2163139775125043,3.508905203154624,3.846155626158455,-2.151734381991408,-0.4471071199834927,-2.6365729027211664,-1.5778292777847527,0.7706090642180964,0.8756196281486344,3.5786161938536685,4.431882873226215,-2.81298471779258,1.8098086663565156,0.38059750680972676
2020-09-30,-0.762816222385009,3.5763838551311027,3.6659524370535888,4.28238568785998,-2.024953561811026,-0.25893125173972986,-2.5652715029917372,-1.0174103584948253,1.0176799915411616,0.6473561039397987,3.617394743378239,4.965109061607539,-3.04157284498328,1.3274505363398934,0.6516573277614589
2020-10-01,-0.5048287733262511,3.5799171237569403,3.72310223659787,4.848460429751769,-1.8659193679564614,-0.31246143991614755,-2.577265995126697,-0.8567054641000799,1.1197226548335588,0.821162310114058,3.396643198839083,4.510471997891833,-2.8521134766905045,1.1510046986575386,0.8657406770872793
2020-10-05,-0.21377175001116425,3.922310602947288,4.195105791192107,5.347369014149816,-1.587734448315658,-0.2718225957814941,-2.646767532547759,-0.9066519246727195,0.9741862662428229,0.9041240810515269,3.4771156999054575,4.710386946415803,-3.1793297141497168,1.8524630443660595,0.9487131816865854
2020-10-06,0.17715172757193062,3.775027085899656,3.838127895735488,4.974505603756403,-1.6200270118087852,-0.24859442812625157,-2.9430382022318713,-1.2595645902439114,0.3509940764875912,0.7107976566701457,3.363796045249248,4.490750829628789,-3.3849059365515966,1.587967668540603,1.4612139503698292
2020-10-07,0.42948365215081474,4.168711583017457,4.116824482940418,5.000416873310787,-1.1222677556854872,-0.14363890504367438,-2.8267442298261187,-0.8651080335945385,0.734825421046851,0.6767993789980109,3.053406945073699,4.638212312316982,-3.5522982260617413,1.5786209046712658,1.4143311610227414
2020-10-08,0.47085002837155504,3.931651130848633,4.521492056808201,4.88107842880577,-1.3084832645520674,-0.22642269352161778,-3.423868325280421,-0.6349516191535227,0.8327600353633458,0.8923643895293929,3.0967845320987593,4.791997866883213,-3.070722644101641,1.5675269427996297,1.6661660155352847
2020-10-09,0.1142639592101099,3.5395308639603518,5.000158640183729,5.2400175695143325,-0.9084757444155405,-0.008352683047203992,-2.9040085161569906,-1.7668060268261738,-0.02291067687144229,0.5111758602191452,2.692899359470539,5.187160631173429,-3.0311586727652875,1.3597429575825366,1.4060207953596504
2020-10-12,-0.012623304479688015,4.058741376206697,5.162594043820448,5.281129302056835,-1.994007134899829,-0.2437806285099048,-2.2924637491159827,-1.6311023182511852,0.24645567753945422,0.4401042059309952,2.942346570929808,4.783296259735702,-3.378452819415611,1.111786269699632,1.197067154679673
2020-10-13,0.4201592399474036,3.938970286351594,4.700999370351469,5.04733576742872,-1.9954664236627044,-0.1027301018044627,-2.3831873761664335,-1.9452112552266154,-0.7480514981511469,0.6789664603171485,2.8981297523262413,4.795989382767906,-3.5790032895971007,0.9787313162794888,1.1400639102057537
2020-10-14,0.08356467442370749,3.511180315558762,3.344480437802873,4.69521695141364,-2.8189531237477663,-0.7623848566090456,-2.595486539172816,-1.9814105920134377,0.04920058699865383,0.8274921933718257,2.9701042178735424,4.532130104547857,-3.4790311006208126,0.9829922068471462,1.2184142370473088
2020-10-15,-0.20109848768591929,3.3873769816067507,3.257756241839281,3.9444315155406784,-3.041183655194541,-1.0514825658007352,-3.4361227483958805,-1.926653053070287,0.1355574981131429,0.601808546045984,2.723904634827754,4.426552097958755,-3.8563560995928925,1.2355745504685547,1.0431805132623038
2020-10-16,-0.24403918153505422,3.8776890922390552,3.153921389309276,3.7434383951211743,-2.760041843688795,-0.8790786976353224,-3.889076519453818,-2.289927170708824,0.1007533700405912,0.47100148769765193,2.5911492095167032,4.240856658422855,-3.7382089163273267,1.7194696512091576,1.4239690303190735
2020-10-19,0.4208338250861433,3.587045014963016,3.1043708105968184,3.3902786421237727,-2.0085161939042173,-0.5313155722821326,-3.395686433643917,-1.2386363668458953,0.3013625511901509,0.13951262637227915,2.734338805220207,4.407648185360871,-3.697038351696908,1.9593427372289394,1.7916004586760303
2020-10-20,0.6292770220104279,3.3516141704757763,3.314047486284456,3.525540035618025,-2.3211327936074557,-0.44727406025594113,-3.1929806711567794,-1.1534351764950512,-0.630388205502411,0.4720203635477481,2.9222349735683397,4.437931953828809,-3.4575790728774454,1.6589047939091153,2.119776053849121
2020-10-21,0.23865756780223948,3.2643764427177664,2.9056246768413256,3.0957031022760084,-2.0878390584283832,-0.32590004389585664,-3.061866688394686,-1.1346395893879757,-1.3380288811228438,0.3850182741577572,2.7585816602986246,3.5550225512369416,-3.101145527304133,1.7967330891792481,2.0529401233339173
2020-10-22,0.17874889470259592,3.0963201445912407,2.8720687648394705,3.1217377264233863,-1.795402146055478,0.059419809168645615,-3.0919036802964266,-0.7445783870219482,-1.1038313022488173,-0.0060140412278149105,2.0941435393364367,2.9928349939548275,-2.780746076768569,1.5125030031304023,2.1597326667933285
2020-10-23,0.12017773515681938,3.049476631978124,2.4988695472954183,3.3315878881276992,-1.4722998441406663,0.479665847124179,-2.467437705441363,-0.7112423912241997,-1.0980157944695745,-0.4809862386603728,1.5288208751317898,2.389879533092929,-2.4305367636925155,2.0952491172374925,2.0790346112759686
2020-10-26,0.677096263291574,2.7932957365458764,2.546795184469439,2.6312768781697202,-1.736662498644392,0.38638471237892746,-2.8083323293019005,-0.20572963712003234,-1.1002567597944477,-1.346355973395507,1.4087615205511121,2.5662296892331824,-2.4842728369448728,1.6678509480392485,1.7270309194355031
2020-10-27,2.388600958961561,2.584638881469152,2.290828326952505,2.9554535383890266,-1.6065467281324526,1.020010350245157,-2.8088270743529167,0.8270425377393237,-0.4499220512502953,-1.1610267315826919,1.6903617295663576,3.857859326265669,-2.355807976310981,1.5279245269607993,1.8415900380017276
2020-10-28,1.9738786551390013,2.4717206368313036,2.373296759533517,2.9863085585739886,-1.7462398652214268,0.8461326225785367,-3.130753959310015,0.6610168498245605,-0.7814551128812173,-1.6212971410580894,1.0000722219131006,3.095846687733314,-1.8598375867559611,1.3209974195891985,1.0616585422272686
2020-10-29,2.026702368798069,2.5423537013055078,2.5743961761975607,3.5109095915628834,-2.279208215725746,0.5992346762622406,-3.237165303053247,0.6256555842408276,-0.9710401548340518,-1.8190035181727562,1.0715075793929658,2.9697281484549642,-2.0929210124647275,0.6390814573951094,0.8999712473937206
2020-10-30,1.7987533028508174,1.8618243961208178,2.627752929127966,3.429581685702882,-2.378255419529735,0.7074350877686735,-3.3551705210327225,0.7344237143879924,-1.2799910012061066,-1.6110002723164085,0.9810255431691197,3.037741511773937,-2.4299861436643737,0.46950965899909664,1.1767667960115813
2020-11-02,2.0101229771988622,2.4570209630565745,2.4982857963413903,3.409001951546245,-2.3083022087583003,0.9527958990182416,-3.2251254199202246,0.5773994682487081,-1.8917132211291854,-1.3469432687732708,0.9285277499220966,2.360450777166036,-1.8747880072050562,0.14125020737241054,1.5572907160366305
2020-11-03,1.956179097699331,2.2750605291629507,2.5302362847471094,2.945356955726432,-2.248826801318083,0.2347087132655517,-3.0697620362048563,0.48017184868242613,-2.0095519701203806,-1.3395069221753642,0.6582077520798683,2.3194293048845354,-1.9015697168223373,0.08071824415078031,1.1116398787596904
2020-11-04,2.16747838046942,2.780681334632654,2.683710385404659,3.3826310654122507,-2.114191078127867,0.11945509449588876,-3.63995688542088,0.6261522085748318,-1.38948600717498,-0.7187096098847772,1.0808978286369733,2.540761925258275,-1.7974679247130014,-0.18602437865851537,1.190829065690372
2020-11-05,2.717027252226181,2.8185707756283085,2.937122561498624,3.2862875562017972,-1.801159523998167,0.28144594922741817,-3.0012531170777046,0.9247687525715733,-0.9538298089578704,-0.3034880890524367,1.370203275066491,3.0254512991337785,-1.6356382713817152,0.4785881380427302,1.3467803530759612
2020-11-06,2.971548349369492,3.02588451163277,2.913416183737053,3.3518950966402765,-1.8080564917826658,0.19240824947931767,-2.8399118781220696,0.7805837261434931,-0.8770153716478951,-0.11260129192191495,1.2660873278993423,2.640463962409234,-1.5748952709727848,0.5433487308719713,1.3844560466063522
2020-11-09,3.3095205982362677,3.3126010947056495,3.148468186649872,3.682374724947571,-1.46688016726587,0.3158773192833233,-2.5323485583676417,1.2065133143088866,-0.675878329855759,-0.3548781769596419,1.1536305099757773,2.7740197938020987,-0.9193983143011991,0.701978125006392,1.9591304368083828
2020-11-10,3.2990863780257333,2.4053043170958155,2.5333406668596146,2.2796318641356272,-1.3875687784653121,-0.31034451270055663,-2.01988694859064,0.42569897822658864,-1.1750085656639684,-0.7569550928465917,0.649908666117152,2.4416185486151623,-0.8983123354945345,0.6202835934588807,2.04442676136162
2020-11-11,3.297651394875531,2.649038259684147,2.6550195596436246,2.6632122805005847,-1.3050854473666176,-0.09704089007482819,-1.1504826750890587,0.38842421298352137,-1.460114572863359,-0.29811204447205436,1.1116696993481918,3.1759812127399347,-0.7262592903720853,1.1088385789596884,1.6346261398816395
2020-11-12,3.0378221362805693,2.7233872676120154,2.747098891792126,2.5206019891161233,-1.2719175084098195,-0.3121440752001292,-0.8662852539902587,0.6067326542560977,-1.1798222976379902,-0.22791981016692486,1.0552333616740572,2.7367266796722216,-0.8832096278048864,1.1596507693773261,1.5993681697521314
2020-11-13,3.2467960262422952,2.8871752573737615,2.9663006898156,2.457323798407872,-1.6384500698246787,-1.1194627939224049,-0.7151221752032545,0.8354304484869107,-1.1516629242422316,-0.17356906459063282,1.1679842163308376,3.279173708528758,-0.7799533272197041,1.4223150656984394,1.5112014509624547
2020-11-14,3.2845040843183946,3.1297243243809767,3.0537596146539676,2.3706373995192616,-1.359978387348198,-1.9049812982552505,-0.6609792804536122,0.5165719873104108,-1.1537110185279582,-0.27972222639140987,1.1685625559632435,3.4736109483401028,-0.5590916140491868,1.6343632138001032,1.4641685482254727
2020-11-17,3.091521282630229,3.0057064229067745,3.1998413258237366,2.634920293235792,-1.6407790422478914,-2.1391945015774234,-0.7712208061288648,0.7312850914351202,-1.3543204045010473,-0.1973220404407633,0.9875531422220482,3.4956637008651166,-0.6240833170729908,2.167762324344629,1.8765161450257999
2020-11-18,3.190969309568639,2.9711347352815927,3.2045093696363027,2.223234839030432,-1.3868336348291672,-2.003719378347932,-0.9616570375677144,0.813958644269909,-1.3500617664948864,-0.13153364419002175,0.9016736123903771,3.585502405666246,-0.7821822010233251,2.1923845893731326,2.0665940348711866
2020-11-19,2.8904942280849095,2.5513222305873104,3.0051298068986063,2.112014676876105,-1.5070288026740675,-1.636723423696096,-0.5342442685833693,0.9685485118407726,-1.3658710970537087,-0.2715852557103747,0.8923845387246637,3.7269266944619925,-0.7232696378898974,2.290376790558456,1.5712150047176834
2020-11-20,3.3786419379329273,2.711020706793214,3.122283188601054,2.2798343015471048,-1.3961996353327477,-1.2992038618229023,-0.11167614108091811,1.4983945406288797,-1.1034709844145867,-0.5459639373412338,0.7900847407570957,3.956533407791127,-0.33219891558383646,2.4185729879200615,0.5957700069383217
2020-11-23,3.095851118704088,3.3643875804021155,3.4429893606508544,2.3920128113503383,-0.44964409850794407,-0.8935760793965176,-0.30565784792652284,1.7849677010444498,-0.9767881801817603,-0.8923833563962523,1.3531185149779372,3.994684662424327,-0.7037648404175163,2.6672764606724844,0.9784385868772686
2020-11-24,3.912598819734153,3.4876236061408883,3.466024170751028,2.7633796450397097,-0.7701164561016811,-0.17337687474251273,0.5183884826737069,1.839091250931735,-0.6546859031266999,0.14172703495815256,1.8849512032549638,3.865522093702904,-0.5726178697950165,3.059765710264683,2.192960634078544
2020-11-25,3.223215695357867,3.3716378046947435,3.2415833110031844,2.7663203986590323,0.3876865717772224,-0.707390616988731,0.4482380412639101,1.4666639921155002,-0.8995983261246566,-0.26902312323386374,1.36276236538957,3.260045403941831,-1.4996281362520396,2.5748205516090605,1.6102156814023296
2020-11-26,3.4463193235047247,3.173678705315908,3.3111276229591673,2.5621580982498147,0.15575683032506563,-0.5651397170064956,0.42856279815345955,1.8610864176736046,-1.0666769091052684,0.07025742358508882,1.5898285114392339,3.3611634101447683,-1.484487235387065,2.7876017382979454,1.68917780742858
2020-11-27,3.8080032288885746,2.7870875728957025,2.7884724516696613,2.4601540176797534,0.0879721728365231,-0.29672208326464183,0.30309947283759686,1.6249829694321156,-0.38201714861861763,-0.1766032025607248,1.1919581318982444,3.54718971730098,-1.3676265639038423,2.9536688885095397,2.014208781526921
2020-12-01,3.7452799831446293,3.5323357314081667,3.211893630567294,3.0507317493494495,0.7105012593849441,-0.0033656642280829136,0.8336601557151077,1.3407547958609145,-0.23617057700222632,0.83826015163863,1.5130941243507967,4.316072390904284,-0.7057005955749519,3.5583784209848237,2.692403666875553
2020-12-02,3.3893017777603562,3.476297925698413,3.292752214189399,3.0897369410981983,1.3761147549904866,0.5172900263628937,0.7496840104059578,1.0442700689351223,-0.47282483498263456,0.9472751056113384,1.2997439407448907,4.07035008337329,-0.434974330052708,3.820416789324748,3.1816539575593445
2020-12-03,3.6008217363107224,3.0412229184899755,3.177633219101078,3.092219844811544,2.1631152836794514,1.3384273792638446,0.8630524912739511,1.5136697293513777,-0.3205553387448389,1.3462889039577066,1.684037455184168,3.954293203013952,-0.19490229405302628,4.619815862864104,3.438981877319568
2020-12-04,3.998557267266313,3.358186599028204,3.181779967429484,3.181589276146081,2.601168715248078,1.3783562825131688,1.4866154139398602,1.6229942067252254,-0.2935932500218874,1.6194953149960776,1.4272940949686317,4.47646121781748,-0.020801936712727658,4.365607964074814,3.820821112927273
2020-12-07,3.879063498510988,3.282256212079493,3.020707286703829,3.5062460211178013,2.6620166130913483,1.5244346586269717,1.7944865021003396,1.282427792115218,-0.2966576439009889,1.9443804607527915,1.8553149392021249,4.4508965661190425,0.4390509044675465,4.491197028291321,3.6393670014906054
2020-12-08,3.868467896004714,3.3200581109230436,2.8539313989263686,3.0951861386413113,2.6131464714279655,1.3654489409917794,1.8260783984261861,1.3350223731503184,-0.46562409420553036,1.6798502024352917,1.7609748703091737,4.5087098532132135,0.44898718037979524,4.484716319221163,3.2872353282451905
2020-12-09,4.414815113793097,3.147122928096474,2.1906199655017424,2.684797162987308,2.615218355229754,1.2634285930196256,2.133108485466472,1.617330420920503,-0.3134492283359198,1.966676463146315,1.969872052285668,4.394971835986575,0.8211813115660691,4.4884759446095766,3.4581724153159277
2020-12-10,4.369416982054422,2.976580935312334,2.048571335399926,2.647307321447437,2.648269401805314,1.054320733285893,2.8104264463656836,2.2334252423238783,0.15040321325864847,1.5973665156052361,1.7484023877357142,3.8701198039808893,0.6152550624173462,4.485667880917598,3.67126165892956
2020-12-11,4.461856034405253,2.6298596615387475,1.7639973034059608,2.5198876202306333,3.278777989864488,1.9324054037829383,3.1959414314477796,2.1316248601953633,-0.3867886117157707,1.3650445418001997,1.1799602873646362,3.6139865166333847,0.6831316978347302,4.697586785177731,3.283102635177981
2020-12-14,4.788739508634192,2.5070255834236685,1.6253639873911165,2.458333358041889,3.6978481041044025,2.3601581189590792,3.380126759121409,2.3526998725926225,-0.053166096017114084,1.7228264333712155,0.6733464531595823,3.145649122823728,0.7156113959480483,4.967284978957579,3.5022601662324853
2020-12-15,5.178011476064883,2.5106428580296654,1.5545181962153076,2.424729349707728,3.412515824187405,2.246594935085476,3.1233516356336,2.0368369422365507,-0.023314116246426046,1.3322348577421341,-0.9184750477257168,2.8580512219358924,0.40080513076361796,5.2116939961010145,3.2783384397207262
2020-12-16,5.083802112943323,2.5382916644465454,1.95316162135185,2.649127493210673,4.241752148811777,2.493408493902161,3.538275935729883,2.873902352115836,0.7326153408573118,2.0174735319515724,-0.2675219428644554,2.9904818700345417,1.287247498312488,6.29831917905865,4.687682346600203
2020-12-17,5.35855472608101,2.4853092448881604,1.8831016992687482,2.5612826000249713,4.377309624616453,2.5298574100891593,3.6258793048706734,3.1148881230701577,0.8342231263437722,1.7467260521162273,-0.23593720813091962,3.3337016649256443,1.1871890751298835,6.095853134232936,4.874311068242456
2020-12-18,5.195838163515014,2.670400179372761,2.006807171820281,2.7382170090332703,4.407596018812011,2.906333526167815,3.9384140695189265,2.999549110826719,0.598569544735663,2.0041026506588784,0.5368037117406435,3.088981602338728,2.1989348440650116,6.5724896748838875,4.61997422917403
2020-12-21,5.3340020291117565,3.374466012663015,2.0972433605942022,3.1629616150806643,3.1444547645595193,2.3122499422073277,3.3756570212879975,2.9599213899738146,0.1718078063302177,1.9170061082885113,0.26052248602740413,2.21929196164448,2.117311634884679,6.38470289505344,3.930234480000467
2020-12-22,5.1327248600331545,3.37206679045771,2.084086955561863,3.293527719774809,2.9177420226639152,2.178703729737733,3.046427537508335,2.8255075326935915,-0.16976102861689274,2.1675200417156777,0.28684444125167113,2.1299180908241175,1.8168152088955891,6.240592583914646,3.8234949519220653
2020-12-23,5.015863307548159,3.7632891209389085,2.7779807915274413,3.224288416827284,2.5663167634418333,1.744773097381801,3.1335922170682067,2.990662333670825,-0.45471206695003485,1.8129411538230713,0.4359112267554711,2.0729851710533596,1.87376544880737,6.300287494403788,3.8323698323062247
2020-12-24,5.4238319728783715,3.53742920330825,2.666989177189138,3.423463348547886,3.2594135609251684,2.3299763585045943,3.6565499102761443,2.94556926547285,-0.4886755882438465,2.2785162658501794,0.5179918249632482,1.835864911088268,2.3670069090541546,6.0532312081247275,3.902744562166734
2020-12-28,5.546107112165174,3.6062328268370427,2.609318083062113,3.0617238086756835,3.316569217610368,2.4062411492103126,3.511837223408628,2.695298469852436,-0.8804678392344695,2.3587816738265692,0.16387573039333417,1.3938946367352163,2.986041430910493,6.690970762084271,4.33925037423108
2020-12-29,5.304104537791626,3.58751719777629,2.6968379343388134,2.866127040776144,3.2560876874377143,2.1677789386642132,3.7669684984549128,2.3040058653786284,-0.986365852365778,2.2711963644171025,0.301595286913619,1.6669945333733018,2.6237133270529176,6.508260404336213,4.058903670694952
2020-12-30,5.327884487373997,3.123726723196002,2.0151451828443925,2.8136426423422614,3.259797056015252,2.310250805235009,3.9135771006347353,2.3702352245104423,-1.146021435297153,1.7003680045917022,0.15462700853983413,1.5636885180568834,2.782700947768196,6.259670236125127,4.041602615999325
2020-12-31,4.960505712182032,3.131430509304475,2.2424342797817616,2.5637948476144556,3.2138614422745957,2.3942229864951465,3.6487327607126767,2.5413429035877946,-0.8767621569788545,1.9521218176834534,0.35280358654876626,1.6483520705188413,2.5287117036809037,6.519283772909736,3.6861583185560565
2021-01-01,5.092822278676994,3.0299642031601066,2.10263182764552,2.6483228145881363,3.065504952153544,2.5884485444094327,4.035641167950115,2.3704566599381205,-1.0260743038041207,2.318039452882251,0.5877541884370462,1.408807450809412,2.8136642594867434,6.7728891790005665,4.202375031212855
2021-01-04,4.933471621711513,2.9880695189219826,1.5906861642687977,2.7412460233587526,3.7747985315146537,2.6224725375114244,4.27496774364251,2.1277064322957377,-1.1502608943039692,2.187681989486962,0.3832621715638305,0.9926859589112881,2.8010478226408067,7.080808756053071,4.3630658886623435
2021-01-05,4.896585296882146,2.869781928678495,1.3972346324718825,2.8710219164671678,3.2770092196771894,2.3579404636502916,4.0244082507308825,2.5640322034966485,-0.9157968125182282,2.5064514076075817,0.5794380789211607,1.3048718979201077,2.692101918705369,6.968847566069968,4.447735730185855
2021-01-06,5.0368963312604595,2.366718422352906,1.2607973416865221,2.730192706034825,3.67028699428541,2.418078827494139,3.049510886349382,2.6648940076464585,-0.9077750156755638,2.5227147002439803,0.3486372512298284,1.2884280053664725,3.336070532672356,6.974315099466865,4.496939299814694
2021-01-07,4.6407063375508715,1.7390571135907016,1.3376111236191326,2.522353022582385,3.7795158931485426,2.3111924567818822,3.0347000222880425,2.540918341798417,-0.9095649508534679,2.7806470476006706,0.471429182836457,1.4188234461615035,3.749633514243965,7.492636798960896,4.723919780983196
2021-01-08,4.677460655315651,2.611614240233411,3.440858891310942,3.436034693288041,4.429792333443817,3.4266254836468195,3.177909690156765,2.692389330382795,-1.0199069737356685,3.207698772196876,0.866129415467334,1.7643799641729103,3.6861558545194066,7.084530724835231,4.603285946957851
2021-01-11,4.952369528634107,3.66467208378316,4.425414902373882,4.49822303752045,4.7930696058855675,3.268822914723775,3.5805489902382495,2.8400678760452336,-0.5180439240311493,3.623453248901385,1.3744091867963306,2.0033803985972094,4.439263649479558,6.774006561670349,4.819419322257648
2021-01-12,4.452110948247677,3.3583168997022925,4.8659544648101365,4.133995050237436,4.702156918461457,3.2093188981198852,3.8105193661282732,2.647835391539433,-0.5010789806390467,3.422910940513668,1.0672494101424332,1.6958516781734494,4.733438982977082,6.349578173800708,4.949863593255074
2021-01-13,3.974394673392964,3.5521464405324035,4.748859370866397,4.181059198418796,4.592013385915798,3.2903246356670808,3.9099940686564647,2.1012658927341765,-0.6897805743460421,3.3323261818035514,0.9253998817996787,1.5032017893579266,5.159475585274756,6.518563384829213,5.1960345335051255
2021-01-14,4.121656573230248,3.1863738248244164,4.398486428151379,3.5682520238998245,4.934205433378625,3.4283419154677377,4.21470985489984,2.0451005064698817,0.8123678879748327,3.364633037090526,0.9433810267173283,1.6534045347224582,4.982720380368803,6.572064685970569,5.080392084921661
2021-01-15,3.7009846548377916,2.7160853024006832,3.8479559335242164,2.9137173090327915,4.395782427026159,2.898193076797178,4.458369977123862,1.9926976053722796,1.6766836862652224,3.179835003253577,0.693998533534955,2.3601192013537675,5.006749160894615,6.269331557963045,4.755219961434269
2021-01-18,3.5819597359030175,2.573010430169258,3.5228134634804715,2.9282869219595162,3.6194079090510063,2.090153429978985,4.511212742132727,1.9249330730260656,1.223038476374521,2.667209741484942,0.22276852512502615,2.7249228841341564,4.241646928871397,5.216567255945658,4.6451420794848275
2021-01-19,3.9225224920999593,2.55250401159328,3.5717018751997758,2.6868731918646906,3.7451944809014734,2.121573359638716,4.228612995086204,2.083994121095528,1.084169819815664,3.026026838841981,0.3606531007043739,3.0477557012695007,4.246750463331285,5.123042969718026,5.0593297663447325
2021-01-20,3.6262423436673705,2.9450644034568407,4.115392988457377,3.5469139966701597,3.953599117680175,1.9745650152990815,4.379695143328105,1.639432807248371,0.8950491040586258,3.3103967360641224,0.4716180969865138,3.32304961484039,4.346357613805375,5.772964926221619,5.465609769005908
2021-01-21,2.7546766649866425,3.2879034946885595,4.44701241179928,3.1849654402944068,3.656851794401533,1.1426698845848362,4.162568278728619,0.7808889209017565,0.5340530128747911,3.122286133414666,-0.04648024689096643,2.510028472650212,3.969512635556,5.2183197341465775,5.219994937170606
2021-01-22,2.8987400452966257,3.529564994703813,4.370986428214807,3.282634727157174,3.5057499868361983,1.0503700220971275,4.082251161850171,0.7669073431385969,0.6006297824065019,3.1515316434688367,0.4264748124587209,2.8094792813362055,3.4071653323394777,5.094583093350641,5.349173014082601
2021-01-25,2.3477775292050502,3.352155169438213,3.990557435442112,2.715132684250686,3.680804233539404,1.183383485472914,4.004520579883767,0.7046941257346618,0.717751657401445,3.64411491656942,0.6224522664635473,3.1299361191439727,3.5308449763953713,5.203480220462277,5.586085840376502
2021-01-27,2.3166904752615354,3.2588140377732917,4.1319802855574865,2.883467371589796,3.401976089781146,0.7193608017856185,4.079269859070627,0.5193000619351497,1.2112508137381581,2.91191077620973,0.1920747254936193,2.5193105058460032,3.919149871380353,4.444751364079981,4.775294325726226
2021-01-28,1.5484135943027744,2.76515965739778,3.820658642205382,2.633109602750954,3.3856944377317184,0.5170141300324982,3.5617237535270685,0.40736162405445353,1.6458476950902592,2.6650544613467426,0.1657742284670446,2.9209479987583986,3.372248791557312,4.627712057171677,4.526776215034933
2021-01-29,1.318411102184958,2.4056296020110235,3.2169202876884793,2.4439699735119413,3.006890289799744,0.6282453382548242,2.971425584962146,0.29487192486285024,0.858459241379404,2.705368157382053,-0.7814225019747559,2.398116142756435,2.9416562317680492,4.065214024812258,4.364475933578048
2021-02-01,1.6781100849505393,2.259971734875157,3.0565156449226496,1.8656379197676947,3.2456521284742568,1.218966803700776,3.630429554560731,0.209838323741915,0.4830469510736512,2.3334652152351385,-1.515078858125642,2.842667201685121,3.499447123451615,4.586969450126934,4.93930944832471
2021-02-02,1.7506813900888252,2.2460987352411004,3.1726078609585553,1.8614946263204974,3.2862567338146897,1.2615102726493574,3.4106868775805945,0.07585019547921805,0.08807911110965885,2.5296878963676237,-1.3927618185363013,2.9122715004226865,3.7711790160181713,4.258644778318071,5.117379468065594
2021-02-03,1.3047735364703044,2.2829851149713507,3.321014972677447,2.0130749460905046,3.2811201590101433,1.5619819560991999,3.3768392716255335,0.28613344959007214,0.09580132260354171,3.0132450513148457,-0.633583909617117,3.1944783832844674,4.22874194336795,4.407214551241161,4.853348640487148
2021-02-04,1.6609874966219853,1.9190613437263264,2.9609698506053546,1.5307689797197646,3.59729929730216,1.5263648111866757,4.055191178854079,-0.18086451092199832,0.3237720290015913,3.036268632192747,-0.506164323774917,3.2496710500789527,3.5175683236935193,4.197631740523365,4.9809379731539565
2021-02-05,1.9572051373009252,2.5611591517991767,3.2608723450158403,2.3528899209287113,3.3048093288778904,1.2916674372320347,3.9261343104754975,0.7335204908014133,0.3395698991850539,3.762654855079678,0.46143752056371257,3.6043039122885157,3.1448586790168522,4.482655903752885,4.671107345857334
2021-02-08,1.3283416196246491,2.511356154538653,3.378370707448973,2.405535041290908,3.2868680618076356,1.1969659900059613,3.402284011234826,0.7416095840025457,-0.07366882706449045,3.383398699907065,0.06413861045122302,2.9285129271961448,3.162613722061974,4.224545557512704,4.762779487267824
2021-02-09,1.7528330049198002,2.6068402254445235,3.560293785666179,2.1966261018401054,3.5312322605125397,1.4762973282015508,2.9227611016448347,0.8366790973915093,-0.33973154064723843,3.155197475365516,0.1896123572252268,3.809105863073242,3.164683458035005,4.183474953267798,4.5849506135714355
2021-02-10,1.7011382893256264,2.398398511876688,3.6098094014202253,2.2702585602910426,3.3467102628281253,1.3643412391973027,2.8991239936283923,0.5304402240384892,-0.6237630245591739,3.2593799210733194,0.029287782151182676,2.9910278544155857,3.06964913497678,3.770384465652144,4.612208805775489
2021-02-11,1.7083142219077003,2.220693743314315,3.486133012217583,2.399533605555207,3.223399117736641,1.5134197425265685,2.7157317953819673,0.7932472057079064,-0.4190777538702943,3.4414441319723923,-0.015787586482925744,2.871265541106722,3.0856179367256624,3.719216183330319,4.562723220534914
2021-02-12,1.4081237471069852,2.5690370049376305,3.5125627438074982,2.3941926142825825,3.1541515172047223,1.6731160706659063,2.16364792448068,0.47557886828019985,-0.6012134385290198,2.901937492155924,0.15879111166964166,2.683246556010804,2.700540856459024,2.97641800430744,4.454772156822556
2021-02-15,1.3939072242155452,2.7704833889163742,3.5855013775626183,2.3740371569754255,3.206995971795603,1.6248423975633548,2.4952971229851872,0.8297664623844578,-0.5628992620291301,3.0666639181526163,0.15330169054618092,3.502179688294123,3.0514785620475195,2.9558010379665016,4.493251913143082
2021-02-16,1.6818267510445581,2.727812942813847,3.6321620223398705,2.727512489804767,3.6038365995337918,1.7763396033035352,2.203998436822237,0.43907715486974386,-0.8574631260614496,3.3166899557711034,0.0964422350598812,3.7999644971005146,3.376581027168394,3.1981462340256965,4.859134960760687
2021-02-17,0.9436284874230014,2.5125435496370447,3.213139192581198,2.390941187702814,3.697246736639867,1.669665049436404,1.9081664916947305,-0.7675375320669475,-1.3759396866878677,3.192781462280827,-0.09978117498609089,3.683295729088768,2.988809753715351,2.9824264378710934,4.891564923929618
2021-02-18,0.5168010780872905,2.185585749258815,2.9569642585409093,2.359348459507043,3.7566753513743807,1.9045409786344207,2.040873416558218,-1.610206888598562,-1.4526332375093205,2.818814048483527,-0.586126633242257,3.045114412296195,3.0721176279510036,2.805523086143012,4.422970140801704
2021-02-19,0.24339155465836523,2.1677455219180226,2.8666935921896877,1.9159664220560642,3.2437800046756697,1.9360786806277628,1.527360351969091,-1.4713239949435037,-1.7065750836200042,2.413958754956684,-0.6526457008947091,2.5724344667121053,2.9655583971245103,2.2508595815697494,4.094248191515161
2021-02-22,0.8644285454724946,2.1911535828730675,2.6824081352855704,1.4862889735453126,2.8852211346860956,1.6676999443554228,1.3951246541474125,-1.624039915169716,-1.5763615339423327,2.533403652700682,-0.9781662889883821,2.9694298482663903,3.006556131652891,2.591144473828601,4.241440151615963
2021-02-23,0.00024224515703646682,2.2434230956332426,2.3826167788610695,1.49796715009416,3.3810362709096213,1.8182773628689028,1.423567447647106,-1.8033552737040404,-1.5655092966035098,2.582337855015654,-1.2060383923745854,2.924701021354706,2.7561865922190814,2.691551090365637,4.456774672285709
2021-02-24,0.16703964580938424,2.5570570444915406,2.8092589564468495,1.3976200435644734,3.707067365982795,1.7075873404538813,1.5303062275398378,-1.7446026959924272,-1.709355675463917,2.5211574551886087,-1.1839063151414866,2.9439404615474962,3.097347770038598,2.5156450300175552,4.536181928629855
2021-02-25,0.2938755051195057,2.063027376718307,2.6535223220378255,0.9107692064604888,3.7645585163680892,2.37232742134025,1.496772712002524,-1.5327742773605868,-1.6498962693025834,2.0828582947858028,-1.028737665491635,2.610492848311902,2.824926005540386,2.572710466845363,4.264851725881141
2021-02-26,-0.12641846296214848,1.7111842506907053,2.0206960035606656,0.30255135938482436,2.693943655653571,2.1444021675556804,1.020348681533608,-1.370308828610709,-1.7272735515051623,1.5475810425071213,-1.2741992542220375,2.735602538066161,2.022314836649969,1.8663731016279521,3.640191252576399
2021-03-01,0.3336995208133457,2.1197414367412795,2.101794797174681,0.45659052784103804,2.752284621906013,1.8222109832282496,1.2016454798691094,-1.3984210253919704,-1.6209125327903746,1.6842453553008447,-1.4210194575111985,2.917215851211829,1.5097449941259173,1.81223877380362,3.6809958855088842
2021-03-02,0.13572828425103917,2.438104174070774,2.539742791112012,0.7708396817452423,2.3598700923609366,2.2627449164850377,1.2574066749284307,-1.4424411266277546,-1.41401451902006,1.4082039022546389,-1.5412425777306085,2.745479278440395,1.3680227748589733,1.852193421745304,3.540693724236482
2021-03-03,0.7345857757288463,2.740241784876441,2.7861418599365595,0.5944593061939593,2.241715979991971,2.1269617284574704,0.9344230320925173,-0.9762381005429892,-1.0123875042195698,1.3162082357017266,-1.582964379330723,2.642240605626326,1.1048063392630105,2.4676887172190445,3.9398696081993823
2021-03-04,0.6219158711439119,2.432408872711718,2.6981300627820883,0.6566591483689971,2.2177808776082233,2.107845208200471,0.965647945507463,-0.9717703029309791,-0.973552363855826,1.5592934861423902,-1.2782312667923588,2.509316897639678,1.080240091599902,2.22847416410472,4.0707622049591095
2021-03-05,0.4336916572118682,1.9688718031572947,2.2238495122792394,0.5806941691424056,2.3393855712234823,1.8340855612083984,0.6931042647277309,-0.8749401089385285,-0.9190274782493797,1.338270087971667,-1.6759626958906697,1.888244110192306,0.9222037807979603,1.9574415720823881,3.6078898408518443
2021-03-08,0.23961248596399157,2.3001117949901726,2.232664471110378,0.7334810944627002,2.526933966910993,2.200097524712199,0.17321827932960723,-1.9690420212673612,-2.1281916343466243,1.5461024205189478,-1.6652044988428625,2.064053180706695,0.6856491042839385,1.996447976448692,3.343740862954656
2021-03-09,0.5616082215598519,2.4828522005297513,2.395197778961005,1.110400058873458,1.9913794027086857,1.4650849902624983,-0.0803342671599024,-1.9481524692745615,-2.356453991442328,1.4133117302383917,-1.7038157153038846,2.2861289340373485,0.6046562482114919,1.4047705440661504,3.1697769290133717
2021-03-10,0.3232899465858117,2.7186688951861995,2.7792435598976666,1.5233492827167365,1.4238425709466744,1.2052896841555762,-0.14297792427076816,-2.188917018435484,-2.2236226393034917,1.5170715314044767,-1.5348181375695558,2.3650496497529274,0.7439529664254291,1.553732085780488,3.4728951546223716
2021-03-12,0.03938873008321148,2.946331231683773,2.6091221422185,1.2024957418640683,1.5649070213381844,0.9769677964029034,-0.07781759967807433,-2.0052045147975415,-2.4786890630829865,1.3255812238987077,-1.8008362608904094,2.616196402847981,0.6717862718854214,1.3709944047954434,3.2624786862071664
2021-03-15,-0.08634803745677064,2.7792205297856505,2.4433372776740265,1.5764760092891792,1.3054133514572697,1.272247619035953,-0.09049748068785948,-2.0251304702899278,-2.245807780831909,0.9952454812270266,-2.096334660669821,2.538601613674257,0.32562734002517146,1.4597453746925642,2.5165085044176174
2021-03-16,-0.2855498810245789,2.9963424565593417,2.5896216774792813,1.4548754824554992,1.484206887507585,1.2119694294152865,0.13897299343447686,-2.1326197866684207,-1.7461532013915908,1.0538024903737881,-1.7939589475471664,2.723125849306568,0.5182113367084419,1.4194441391099022,2.5582132781371913
2021-03-17,-0.4206519907286844,2.651370524498817,2.0389693457062914,1.317670869094821,1.2405378460563699,0.9165098566496878,0.22961906671122562,-2.5933516546485755,-1.8406321111684723,0.5131839660292585,-2.6125076523794655,2.5182866996029825,0.47125830242360855,1.220156026245408,2.244530319184791
2021-03-18,-0.49546056824541584,2.1421099500896497,2.0961608688278894,1.3985446550308092,2.292192103977162,1.47564578666907,1.5425107382676173,-2.7193046378662387,-1.431340912968421,0.8553425621245476,-2.636642360197222,2.6226816401699335,1.135485600702478,1.796417486160668,2.9404449458892783
2021-03-19,-0.3430388269247995,1.7121791198428384,1.7576825088928278,0.7845237813166076,2.2450877636272213,1.8408291732484021,1.8474716543092022,-2.8621297308203166,-1.2477135099746552,0.5357432891314926,-2.7038613072853637,2.236911374771534,0.9497067287861549,2.0562722950677106,2.724713994729678
2021-03-22,-0.5543925428063389,1.6122671064628191,1.1964258301810917,1.0542463523479484,2.139828249486264,2.057005164393769,1.7451211099317785,-2.900484089276148,-0.37185836961088664,0.695879170634729,-2.588358004844318,2.020868556549703,0.7089727259060286,1.8954944866245809,2.516881898188737
2021-03-23,-0.917541202699258,1.8603843619012743,1.3578504274950263,1.0711670881045368,1.686549564400136,1.7114257945318625,1.4230076976005472,-2.5428631764695417,-0.29018079959077187,0.19944743369568163,-2.458201903819547,2.2569620132244776,0.46808733031875993,1.8517318798260847,2.8130899666344997
2021-03-24,-1.3419042798301306,1.575176454449302,1.1747697347896104,0.7754719236952025,1.4082675369166995,1.2893293453526364,0.9267628485255673,-2.8989651345668084,-0.40833575618034507,0.22421444051015077,-2.5328880602419535,2.2662177542872817,0.20173354539691568,1.180030238588119,2.0435241884994775
2021-03-25,-1.5615259542418403,1.1889453656919922,0.6957902349281019,0.19693627123945232,1.2153742464574004,1.1437230622523722,0.4930094430477628,-2.879317011407233,-0.9797156920244627,-0.1246274069813172,-2.3205725574684952,1.8913025704268644,-0.18487405603457757,1.4390590640673964,1.86740453559478
2021-03-26,-1.6287152628365351,1.2652618893266074,0.8623620134592633,0.25961054997297633,1.2415385674306292,1.2291053577726412,0.472748307519002,-2.3240938659287766,-0.46179434289675153,0.35151910035160744,-2.2457633840257842,1.9563815342883057,0.3178602703255388,1.8098144087156678,1.7664872527467075
2021-03-30,-1.3997608213476769,1.6857456850847934,1.248277085896319,0.7328175986382586,1.3593051632240079,1.6082651985621057,0.8603279731056507,-1.3826686293082775,0.3419485490849305,0.4050562831327755,-1.9286033854440154,2.135410572570604,0.4626722941720727,2.1135887451511923,1.8953089251066573
2021-03-31,-1.5987377746722595,1.4214298757620936,1.05459852214737,0.33670203685249633,1.2217047778452015,1.5042507395157765,0.7961014393237708,-1.4544279178946846,0.45368086354080167,0.3075313757914085,-2.0421163781033393,2.0453043555553405,0.20834542173777965,2.2467568954048245,1.929641775144622
2021-04-01,-0.9869229759868071,1.2831881970545727,0.8480562653922105,0.02901305446118109,1.0620187464775226,1.6652463496020597,0.9263626706759482,-1.4719662522846404,0.508263444678116,0.42626721438042875,-1.8829256819846583,2.0386712899456816,0.24867306563076705,2.1592519656331364,1.8579434208711842
2021-04-05,-1.2680429152277137,1.4863707220639446,0.8068442785464915,0.07733748058658264,1.1781804524421382,1.6625723189812165,0.556565807128905,-1.9387767373879943,1.0061893348300526,0.40160689469943905,-2.0223784675361687,1.7414530452391541,0.5225368451536778,2.3751827274378137,1.4385571858039519
2021-04-06,-1.2715942149396084,1.647503391791451,0.8575253977513958,0.08138963605706388,1.030983958609452,1.598217883813323,0.9792033145635511,-1.617035788519912,1.255882009950763,0.6390247422725429,-1.8141619403015348,1.9864643130672652,0.3292577399419669,2.2813396611638748,1.5309335199759633
2021-04-07,-0.9707178471558445,2.119672812871867,1.1750401907417596,0.25799629724777423,1.0027697505526423,1.6393536304115433,1.2398909784199548,-0.7619901086741779,1.600167566903278,0.7386401842493183,-1.5240285310874269,2.314395558618366,0.05317105468762288,1.9525749828162615,1.5085232794197156
2021-04-08,-1.160825549068722,1.6702896515424264,0.5688090411214274,-0.14230771792166172,0.6504537991608147,1.1845428326970417,1.2958182966160925,-0.6240454089708826,1.8401012719787129,0.10486144312079596,-1.7280190014935122,2.1947871200519025,0.21835606327597668,2.4790215878554434,1.318046511901885
2021-04-09,-0.8268946393856316,0.9462208526561693,0.28199225285819596,-0.16866796752118526,0.49278193409770166,1.051903566357965,1.2155208690525503,-0.8385275954508431,1.5134623843260553,0.6394670591969127,-1.7203663798942137,2.2633451073068813,0.09752045908309548,2.5193145981286684,1.338385346463229
2021-04-12,-0.9938051670137515,0.8092261126014751,-0.6412648860344434,-0.16939736195435978,-0.10918632435851622,0.4094629916615698,0.40754760365285747,-0.5087632963163029,1.487661769650912,0.49968356914973894,-0.7857061527290405,1.9473016642236853,-0.9589643776121931,1.9935428197411604,-0.4346101197606707
2021-04-13,-0.5940379878772747,0.2438108004811492,-1.1139255069806002,-0.7236609588763069,0.10326638997943659,0.30502962053010063,0.3167852465778642,-0.9257726353585778,1.1545866404229812,0.866226394964988,-1.1772638612236541,2.0223303550273446,-0.8971223583540021,2.084789988486823,-0.5339556255923731
2021-04-15,-0.6862847466627253,-0.0056999313606059645,-0.562944954197315,-0.6285980590718779,0.38665790959770324,0.44467103707470046,-0.008204336278354228,-1.4046317278505123,0.5963159675407333,0.8879566106478236,-1.0320123136234234,1.9363933365398065,-0.8690541442949095,2.3010798184688404,-0.8176047429972385
2021-04-16,-0.5582545482251532,0.23212766743338123,1.0156402705871694,0.1898687757336191,0.8923656157012507,0.808232136103112,-0.16612812950550407,-0.5839651070530331,0.9521991106513501,1.2401561367198808,-0.6695466187162088,1.8533046557272275,-1.4114535295854498,2.227804187902928,-0.6010982139036608
2021-04-19,-0.8867995062275518,0.7955167814278831,1.3075362634730123,0.17428578938471845,0.9638376348964333,0.7482642036622812,-0.44720592595966924,-0.5438231781623798,1.2156394078213497,1.7342602751847513,-0.0662191666431518,2.081483190427409,-1.4164180426712583,2.7706982644840865,-1.0205513712478065
2021-04-20,-1.1981912961480015,0.5825445788312289,1.2751906352628315,0.021773369834591324,0.8113396502741959,0.47568384918793755,-0.5287674563385073,-0.6842554428514254,1.1809025143778826,1.4708629285570507,0.3319192561848465,2.2701488661738685,-1.44642927241625,2.6458436143053032,-1.4741891922351393
2021-04-22,-0.8744477493929123,0.2709941385779167,1.2862745880051334,-0.5810355913058387,0.7642052934033802,0.6408487695718212,-0.2892080443603308,-0.9546153146414544,1.3567509640048694,1.3919337851793692,0.4602493449768955,2.0332811408816585,-1.5244842284484996,2.78417064073779,-1.0449928259900068
2021-04-23,-0.7160406808519422,0.03459115612363952,0.978995382691183,-0.6314071518972156,1.104917603165896,1.3868988389479666,-0.07338371399269879,-1.191178111983143,0.543234170868468,1.6689718372541418,0.19963924980334133,2.3084731686562634,-1.4029665058547653,3.170471746235391,-0.9968370971549728
2021-04-26,-0.3241447844434988,0.15078899913998553,1.095602016856908,-0.12405109880278391,1.3392285997607032,1.6597680105673538,0.12150748399610185,-0.7384171566959968,0.051160879424157646,1.8042910540027735,0.23825567073635798,2.1780454856469267,-1.150669557380085,3.622623276508112,-0.4610555202259391
2021-04-27,-0.15836450084530784,0.43113987488019084,1.424584732804059,0.10591473040086852,1.5211478693454623,1.7360668068737144,0.32475109234629407,-0.6501211917371563,0.032259143984597824,1.6260272502003978,0.09958194906354964,1.9136326027734152,-1.0596407700574,3.8691448334521596,-0.24747550985000208
2021-04-28,0.49349778689349816,0.8728721804150409,1.2833764683733264,-0.1411709015869154,1.7614249247071538,2.215343432218681,0.1372409890037536,-0.9674614446748948,-0.2912681208489951,2.23432147328276,0.5138065436446889,2.2939347060309077,-0.5402153877456622,4.252293460146798,-5.2380792469497925e-05
2021-04-29,0.7560705494021074,1.2481092324862229,1.7310392761286266,0.07457359283419707,1.6764716908649893,2.099901582698855,0.33128519210008356,-0.8469216949706105,-0.30832482661808347,2.427595280887331,0.7627234626396915,2.332107989755345,-0.6334992985146912,4.7220382081006,-0.1241376253508362
2021-04-30,0.4243131205736423,1.836609750776161,2.2598006121420355,0.1281599101171996,2.2802412614205156,2.450301703621562,0.4472705453875299,-0.7097967979946677,0.13212357865859475,2.129469885923831,1.7557966128866722,2.4522970678838663,-0.31323838126158354,5.170203266855054,-0.015171609262731573
2021-05-03,-0.40928221118703584,1.478116794096613,2.004590317243251,0.3871561565601278,1.9830359252790553,2.2650369071854968,-0.6415270310293082,-0.49117757707876886,-0.035474926184356194,2.1378629699119385,2.4437226625610347,2.10374252648409,-0.39092562071289794,5.010813007566557,-0.9298661018681108
2021-05-04,-0.8101960820322884,0.9752485927388043,1.6581083736216609,0.18984680346865235,1.9489521692455998,1.8988321180116565,-0.9208226351889439,-0.5650835808569399,0.05503962405056125,1.245314683529726,1.9054240783328997,1.8695956484432656,-1.115061409241657,4.917334837454182,-1.449746018806565
2021-05-05,-0.44331606919455324,0.9484196560342864,1.7282164726455191,-0.185984263682173,2.0208739616682787,1.5383793425347827,-0.66591505958848,-0.5335321679210021,0.059584685369322696,1.577270851664988,1.6770297515710344,2.2459609694476104,-1.152376298671473,4.810128840173234,-1.2093889446956625
2021-05-06,-0.7451864410097636,1.309855732400498,2.3219575530268055,0.2729455894600071,1.5439279680962703,1.1307069303076887,-1.7676143048620305,-0.21593798116306712,-0.3020389085672217,1.424450967539369,1.6403706672845038,2.2484779060481124,-0.9811657572513084,5.016989644706703,-1.6565563816013085
2021-05-07,-1.3670528004735854,1.2901259099741689,2.5249061367874357,0.4705427789005356,1.6473180391792352,1.329505131463707,-1.9021951286510708,-0.2124459461369115,-0.03164179724323012,1.34469397468773,1.2632348595910476,2.108417381730925,-0.21402183022040563,5.136269992013794,-1.372845996722503
2021-05-10,-0.9521048500426732,0.6414753556881574,2.5021245353467965,0.25890935725406605,1.6607023099406841,1.550421893080731,-1.78475292071615,-0.3029344145488595,0.08043693421990639,1.748639514959539,1.4952601709557687,2.179114537303588,-0.5538459117597544,5.155095165625645,-1.308473746169814
2021-05-11,-1.2881510974492638,0.47925962812940875,2.1993734622668444,0.1675751027251612,1.8630172729886705,2.1454374633188706,-1.6120425884960166,-0.321767933140161,0.17491301777812746,2.1036569238524834,1.4541825265717376,1.7600129465113732,-0.7146523154066613,5.342542252308937,-1.1508562377054994
2021-05-12,-1.5827379744914258,0.5627460099669201,1.9342580437515067,-0.055822290901210596,1.7042093270589027,2.229286722593202,-1.563190007835314,-0.3387169351153065,0.5269175431201997,1.8973965291563006,1.531741318614908,1.6836149301125147,-0.6692828066819138,4.9448068864050345,-1.2976486535657075
2021-05-14,-1.7429304826547811,0.4626315691599906,1.7588648307817738,-0.37849666169285173,1.573520625045017,1.9313854814310056,-0.585560047919112,-0.001463497165606116,0.6632122488635342,1.2490814965767814,1.2235821526716806,1.5021265229659015,-0.9302338698025957,4.441488689231271,-1.7209762600264857
2021-05-17,-1.3565145199474629,0.3974333635798738,1.6558345138507127,-0.44598974584624534,1.9266164818266756,2.1428291211249757,0.1444295530520592,-0.08030841201791998,0.949354488466954,1.58368585635273,1.4728381221958105,1.5690505190386077,-0.9206812973536944,4.79306807448577,-1.4435973775949034
2021-05-18,-1.5239338644761853,0.5553538385899595,1.9136512371410463,0.009485952148051573,1.9377307476896652,2.3160658017005216,-0.17487939636304356,-0.12660967277429772,1.080906357015957,1.658732205974003,1.6378850478691915,0.45703448555428705,-1.5052278870862685,5.128221298738669,-1.5149230043853026
2021-05-19,-1.9542597027850832,0.8088402548497811,2.0595256646872255,-0.0002654969603986964,1.3682482260659774,1.9388385052824875,-0.34563161172193435,0.47348047632707785,1.304228812323409,1.8421110382447308,1.7427594574201977,0.2704494777867201,-1.74692730401523,4.68293326851193,-1.453296278491117
2021-05-20,-1.9284851788515278,0.9859490278328649,2.193613043459927,0.02633296367006583,1.0726285909643447,1.7346062667245143,-0.36973476100976266,0.8587835385917516,0.7676408844515766,1.7011058914563801,2.0659944666493857,0.10500738098675184,-1.9639947526611707,4.144859993879054,-1.2568526724247484
2021-05-21,-1.2156732677222757,1.0362792086266133,2.221437123445976,-0.3273878855194405,0.39039368076355985,1.3629158475387486,-0.27986497103223706,1.5955493251235562,0.869890663515127,1.918098796325236,1.9547978381480715,0.7395581383694423,-1.5002902715240154,4.19643787852508,-0.9767703934452779
2021-05-24,-1.1742340799542785,0.9580079772121838,2.361745638908841,-0.025360566046777548,0.9787480593036468,1.2627211852325209,0.17709820888176198,1.4132258412681278,0.7040348440479652,2.1704034320906964,1.909299952034582,1.7200811809650733,-1.421597884848624,4.420069002519238,-0.5078043190283545
2021-05-25,-1.301071511138963,1.5871487315222377,2.7862624130888385,0.8316348476994415,1.0027524491460498,1.6175733191719495,0.45307388330789805,1.9789729214974114,1.0467437779173938,2.638156731468722,2.8749251471639488,1.3905167378415413,-1.1535806704610674,4.352093366993515,-0.2481478603101753
2021-05-26,-0.8737189877988197,2.0376191688887917,3.107267319714363,1.1595084554608472,0.2995471197801589,1.150044342280205,0.2972797988427393,1.9143668570839454,0.9440301924493026,2.585818178771366,2.7007831197691425,1.0068291372446878,-1.0331603125569209,3.6975551923392675,-0.19884430613193108
2021-05-27,-0.8647407341314363,1.986238197214313,3.1850959075923826,1.1101647783491397,0.01087930195393758,1.0749608723369628,0.314571548850434,1.9297330930315477,0.5488563077504217,2.5545500754840726,2.8818193658711584,0.7842745623844264,-1.4270616003085486,3.835671259718813,-0.6744327399934588
2021-05-28,-0.5636857596846022,2.0218278157362777,3.187570696026515,1.2506828221522177,-0.4950919993825477,0.2685201386793227,0.4407335175961754,1.9498534471246216,0.6018944849505541,1.5668644939915515,2.4783503215284965,0.4105254529979269,-1.4866758057538196,3.7140027411312353,-0.6243687630517888
2021-05-31,0.36783532665553115,2.441221895238472,3.576615924742283,1.9517708918810979,0.4614864325885558,0.5690678611133331,1.2536952707214306,2.17950221919176,0.9807137264688057,1.9438523912497776,3.0043197355589712,0.6516307083843039,-0.5235884308174564,4.292182718127109,-0.20705864800124907
2021-06-01,-0.2916743317087696,2.132943215225938,3.5402390785801465,1.7945514547708366,0.22034898181780743,0.37437745212909995,0.859531042566469,2.017347818049377,0.7017170819379279,1.7617174968950464,2.9309354005165624,0.8587971882944375,0.14019032713262974,3.8800363226338566,-0.39089029190935454
2021-06-02,-0.40730263158592167,1.4705737651068773,3.1317420248259165,1.017756154528214,0.6450631941538526,-0.05346720818549672,0.03266312962641336,1.5456372186356329,0.6571946906311477,1.6661215421334366,3.108473508899254,0.9765228578650778,-0.27375723863878937,3.9974756495263337,-0.46579788902469704
2021-06-03,-0.6132193750628279,1.0593124310940103,2.8840472602405502,0.8085005858163485,1.0878756811747015,0.014833377832490127,0.032682050210026875,1.5624380315932058,0.5879410379377656,1.370764397660987,2.6910174848657085,1.6978268868346142,-0.3568470572801963,3.5616344593191935,-0.5675906880712506
2021-06-04,-0.6245934069551934,1.2167956053020605,2.83911155047488,1.0437664734555163,1.5349092733143654,0.2650334219314105,0.028176715379240585,1.1382217729076074,0.4313411465766322,1.4747176821431212,2.358421034023369,1.5772510649507538,-0.11640600073056522,3.809998610539344,-0.6531505946592367
2021-06-07,-0.8071681470154403,1.5141916042751733,3.6708748390728587,1.4629995787732102,1.2565832322417179,1.147445552750102,0.36588587904948694,1.114261916709428,0.7833541036595209,1.7155759579080885,2.566106890661741,2.170621475612498,0.23772285518283592,4.24082901648493,-0.36481708805402835
2021-06-08,-0.9386249378466018,1.558619861848807,3.868803561541529,1.6787332130414399,0.8636115600067263,0.8772740774832396,0.6029212731927167,0.9697377333827668,1.2609758434080476,1.702316284507534,2.735141087701026,2.1199185686275057,0.8214304128903412,4.023946124608704,-0.127616109043802
2021-06-09,-1.627702605565688,1.4377379071150598,3.619690032718014,1.242349514173219,0.9536408370681358,1.2563722978934913,0.5214269044613952,0.9860435581887749,1.32330261098964,1.6171168790618866,2.7339411651142496,2.094713184051481,0.7301342196355095,4.419709157243574,-0.18641998046962807
2021-06-10,-1.3399062329361655,1.2248284573662067,3.6261149717948267,1.0957936426830748,1.2186041697784833,1.2860319372631543,0.8764807077354293,0.9595764708385424,1.037274306690894,1.3626733701117197,2.756404835272466,2.091256419818831,0.7593407876494462,4.311083678978079,0.21656589772826826
2021-06-11,-1.1496307613236556,1.4506942293128735,3.6774455698008737,1.332393935701165,1.1005879796694291,1.3990292045550585,0.8691332396702915,1.201796734080063,1.2061688110956492,1.829247714545986,3.4764651684676355,1.804097496627857,0.6730382984072658,4.703831678313739,0.278961795901866
2021-06-14,-1.2474880508132167,1.6888208235867785,3.8107669044327013,0.8631213484644522,1.3145694559491765,1.1373106212919042,0.7941639778047641,1.1146564377417096,1.2954345865975707,1.9538724289290976,3.8685207268676027,1.7654830950642058,0.6694771705706145,4.551603656590693,0.08535293047353275
2021-06-15,-1.0868065520284094,1.703319428011784,3.622499828025586,0.8231849399063205,1.2865537969008076,1.2170295034136125,0.5628707766572467,1.3558925697063655,1.297089066095267,1.9456691566539186,3.3447553800020757,1.1762913101413637,0.556162510008221,4.818813257232432,0.3716258933609611
2021-06-16,-0.8852939355865969,1.7542390985032206,3.910764441020404,0.9818914797668574,2.2180342082223152,1.9073535129056414,0.3944210228461451,2.057802501461534,1.462364751744401,2.3789455996189774,3.7497568866485103,1.5473132607783362,0.5836532182906488,4.815651269888917,0.6878877226053267
2021-06-17,-0.4946740634830002,2.9992853764084884,4.370824013798767,1.6421279303612508,1.9223775861528485,2.0107032506239575,-0.4324681250338227,2.5317199186042005,1.7322199156538787,2.614855791679697,4.022545427602385,1.4927890115659221,0.16500168756013464,4.677908054958516,0.5031174137306217
2021-06-18,-0.5843724680066712,2.9959965814828116,4.102900959366449,1.6004361572688959,1.292711786781079,0.8398042253206627,-1.0294084438106799,1.7111861206923311,1.3576346875650103,2.592854226873897,3.7762860751371083,1.5278836854415292,0.40693316306384836,4.234970446646025,0.46579112041232834
2021-06-21,-0.36315588465395576,2.5352145894909786,3.757994300957022,1.023929978951097,1.4833150637261128,1.209683240342606,-1.3218658679597677,1.514502988604826,0.9939973509137762,2.3225185986845847,3.476564807407416,1.7600263183516385,0.49957967387371843,4.220249508968091,0.5467169067162401
2021-06-22,-0.413258656464908,2.7021855155802856,4.039320939728524,0.9133119823151656,1.9308260754925328,1.4172169018347098,-0.9346697393417474,1.1344069177047456,0.9825076263996642,2.295535205785861,3.4899451197309768,1.6450644334303433,0.3532523146086653,4.308391475983589,0.202066328004014
2021-06-23,-0.32825819887018265,2.910664961117422,3.7188062063701666,1.3416956670963076,2.404994015251011,1.6768482585073867,-0.4997781529098629,1.41611415639435,1.2112374094568303,2.3321597297636067,3.552541927073699,1.725665814018152,0.463771054685469,4.871188731110147,0.5135890998030713
2021-06-24,-0.12779672046391571,3.929259828819251,4.3778557155399405,2.2671735568411764,2.665802610071136,2.2658021588568915,-0.15386581062285817,2.0452068296351533,2.001771836451958,2.6347998602350593,3.3562013513155393,2.184234713614133,0.8514440682412983,4.725918313608899,0.6598938856154983
2021-06-25,-0.23688662488554144,4.097543258638951,4.195741979219069,2.0237768781882957,2.475543454260398,1.809911016543761,0.10516665748663563,1.417404936117983,1.532523279203698,2.5042017531687315,3.359324249808406,2.7311720139656286,0.5565465693022066,4.660576541896336,0.7018311470106026
2021-06-28,-0.3565945057314082,3.4839506692605533,3.799406810781098,1.8247751274349362,2.491811550717412,1.3411814904246464,-0.41869841395129537,0.6819863416481838,0.8755735472513577,2.315227108513549,3.2613151301372088,2.464355658341583,0.45486912813209307,4.453460116911553,0.6875845871189754
2021-06-29,-0.35380013870686167,3.698118666639121,3.8101532346157456,2.0714311427613707,2.3111283383001586,1.7146665935876892,-0.8647116657313436,0.8064715622056342,0.7545190313973139,2.3468009992760157,3.364493854725581,3.042399045463727,0.3842866528036973,4.1912738647285295,0.23517103558455474
2021-06-30,-0.8937635420360154,3.67479932421183,3.812676210680068,2.195738636491369,1.8197185155247642,1.3464440580306463,-1.0892710567981096,0.9667242087952977,0.7488651707765203,1.93180774643127,3.069899142613012,3.193065011129278,0.2836166792490891,3.6409027842641484,-0.11199821392343189
2021-07-01,-0.3424549568703855,2.906341782900693,3.366114264105972,1.8677120415164514,2.0778476691545817,1.7279126221526206,-0.32682475845944625,1.2795524931984812,-0.11066106192518606,2.213606304904191,3.579110439338635,3.2842403123210326,-0.0903039741498143,3.5519250662990354,0.34297299492964833
2021-07-02,-0.44810575284805954,3.0036502994506105,3.2910290505797652,2.09052212426394,1.9627632676605635,1.7875946097930753,-0.40780376464368345,0.9414318976811155,-0.6248247701923798,1.8120594219572925,3.40740661743255,3.2032398424276187,-0.1465348954722279,3.3277163372821046,0.3938524022075576
2021-07-05,-0.5255888858430445,2.8651203309370623,2.9171545687284652,1.5584649536910546,2.1457634531212197,2.03087771916969,-0.3893712406161256,0.5449157816021886,-1.2883752847022578,1.765817853269683,3.019289521311343,2.697708255759062,-0.5237211885651467,3.370133387055058,0.5698699438021755
2021-07-06,-0.1757426015419269,2.4012982515891603,2.689586231683137,0.5146528185547874,2.355137378667439,1.966481033618973,-0.4614033803136128,-0.09507679939188823,-1.8161533967096097,1.780374088445848,3.038349800714442,2.5753646047117456,-0.4944992095533364,3.023130394014827,0.5682352619084876
2021-07-07,-0.27351847111100636,2.4190480451477105,2.443022682381652,-0.05094376461751017,2.1341010313352156,2.315864168124488,-0.29809418746089744,0.3922925875214909,-1.6786407471922309,1.3647221082591117,2.860142290533473,2.532333870763906,-0.4460806476155412,3.6770301748458976,0.7254376698006857
2021-07-08,-0.0018818179766926643,2.651146487948397,3.0697731513316766,0.5141811713373314,2.7423022548696276,3.0720238610276844,0.39741518141013454,0.38279565351206524,-1.9811266287438503,1.542493949285572,1.8171679179878841,3.0590757071036956,0.21185622718505448,4.1459135316327735,1.8977811448964108
2021-07-09,-0.5049767190885712,3.322590102175013,3.4723524546141884,1.2283215528991205,2.33867198516588,2.8698237072770203,-0.11673775079206881,0.9030928028348216,-1.6920874595952202,1.3291607534608154,3.008378906538802,3.392296690268707,0.10230102206138227,4.214511291149537,1.9558505850755816
2021-07-12,-0.34329449774188087,3.983923723772487,3.1099365501949885,1.5483880624406077,2.0098863415451134,2.7491608909072887,0.10455153863485114,1.3806674405754902,-1.3950247990528297,1.1682127452081543,2.858507692839696,3.4137284234596086,-0.2779157366310841,3.864007853020361,2.677909245855408
2021-07-13,-0.07624562396915689,4.090482421764449,2.2641342916664176,1.0123799372011495,1.9367364058790388,2.8475244893677574,0.04289142516754422,0.9079215420193871,-1.3085203755539772,1.192572151384545,2.416947487022363,3.1246655500694454,-0.3162536733423958,3.988894450479032,2.601413780312587
2021-07-14,0.6599068135143447,4.360223365190544,2.922922987512565,1.8312792640262499,2.757177347477225,3.7258264994755135,0.6427060115093176,0.9308353460131495,-1.6463802447527933,1.4457244673720002,1.923672901223063,2.736976991187939,0.24221634415297963,4.160762682694042,3.421109035750123
2021-07-15,0.7185923455793917,4.703294511239873,3.380044724202649,2.844189311876091,2.1710459780739226,3.6522357548854387,1.191786994431035,1.0477013163627484,-1.7368368509573249,1.2238301767786077,1.224330622475096,2.3024002250109996,-0.09863505822214585,4.18607303738021,3.9071144044158888
2021-07-16,0.25975923843155657,4.137241340176812,2.9634740178175347,3.051132535165089,2.1180819046997383,3.467469963757133,1.1031269602769116,1.6344374431643087,-2.039936569203312,1.5455048592615184,1.0914148432036352,2.580316935362992,0.49482737118375253,4.073414303272991,3.6967852493980624
2021-07-19,-0.035565620236478156,4.283028329774968,3.2835013903330053,3.343712849014359,1.905359542342054,3.2703184627099144,1.1565114055983035,2.085865238238324,-1.3503568351654256,1.6270086609692451,1.8187238249826632,3.108510201135759,0.7201069699477815,3.9046403666021847,4.005083824161548
2021-07-20,-0.581079471095094,4.237184292316165,2.940586643101123,2.9115070291297633,1.5519259457712424,2.7609718207050653,1.0375435618436666,1.8635507216677007,-0.7136250913100576,1.3398615738065958,1.4608859646525474,3.2379198252415313,0.031835964434857235,3.39134284522024,3.3879426260188428
2021-07-22,-0.4162494864698026,4.624654441448169,3.1864370429909625,3.4533280034621803,1.8617349751057646,2.940737456936198,1.050429694786527,2.243688776846073,-0.8008644479846511,1.4991122052817538,1.6810013355540045,3.513005710146921,0.5436693777757451,3.3341852863954835,3.3611869203528726
2021-07-23,-1.0113415081654455,4.48466111788427,3.4116475726312117,3.5000762275592643,1.7317293317574853,2.56706701703102,1.6487707183988665,2.746775769445021,-0.1612865832536216,1.558556355342531,1.9041199378395397,3.1846271246814335,0.24735058963221287,3.4847632155039636,3.640618578671792
2021-07-26,-0.7021241905267758,4.687872641812778,3.127062734759299,3.3002610249947257,1.6067254801007278,2.799116857964289,1.647521856917841,2.751316895022363,0.2928418507699993,1.7738403756850178,1.5955937504242366,3.530581028787869,0.21991608331088228,3.0949980042500806,3.716937095836939
2021-07-27,-0.5688271666071205,4.706215502150241,3.059748496381269,3.7087899675755214,1.0615222255720027,2.831794011803097,1.5483815222062487,3.342949988187626,0.1949698509937398,1.0567691953349452,-0.7506801119005533,3.654496822803888,0.24219807563700696,3.333899474833619,3.9358556505804234
2021-07-28,-0.8390231179807255,4.807440999367669,3.2692031594470325,3.74468190847002,1.086646475333075,2.1817485708460795,1.8211812820938682,2.6421975470465324,0.049013525901452436,0.9083046034027861,-1.150264334568186,3.4250761957167497,0.40830712233530586,3.2983637993365633,3.704969076546012
2021-07-29,-1.0762711789568782,5.6026533060160855,3.4261403186713517,3.832073737751819,0.8609674382799462,2.2648693201103627,1.5975182446286378,2.383307278100924,-0.08135998120245803,1.729932941095022,-1.0047963971134102,3.575962629579461,0.5999060512714037,3.859554541841977,4.07776604411711
2021-07-30,-1.416474443826161,5.242212702507035,3.0572673598150253,4.379087127075398,0.7282719121633798,2.4544606972004606,1.239255122845464,1.999634256443273,-0.0623628819879491,2.0130482947594075,-1.1681818638385764,3.0256508571740306,0.1657716816052235,3.5892572537431837,3.8592683589362187
2021-08-02,-1.5041194280933952,5.209716953503229,2.6236850513444976,4.118149664724239,1.0998676721834315,2.5411469610377777,1.3510669779235327,1.7424232465777092,0.599428444375691,2.125735110675994,-1.2214525552527082,3.0103689795787587,0.3222535134204388,3.1009738162043887,4.169934628009761
2021-08-03,-1.1177291195979473,5.764619861501874,2.724821256911585,4.270203572352119,1.0366150776331644,2.1981863430363164,1.344697580254302,2.3759778994500143,1.0362789980680154,2.475470724453841,-1.1740366644570013,3.354263181350343,0.48589287946521564,2.4551194883497955,3.9685127538999567
2021-08-04,-0.591800259862934,5.989380444716942,2.317029301571834,3.9617909897254204,0.6144944402873883,1.8063144848898303,1.1609083180555637,1.9761233317811044,1.472360036627062,1.9171334011307368,-1.5052109121834385,3.18903770268137,0.1704145354937569,2.219074892274445,3.4588875495501195
2021-08-05,0.29465273552680943,6.29887726321502,2.712193943843332,4.593600886323273,-0.061228404208721554,0.7826757176794629,2.015814267521043,2.059635220847851,1.6775072539978235,1.717766291204932,-1.3694189769727314,3.568587109767536,1.0128817263944612,2.2936042572860402,3.50857874745704
2021-08-06,0.8310600488495742,6.323511465105866,3.0504776729238188,5.112258910104297,0.35229615373445544,0.8734635752541862,1.9916512996166964,2.021006691551242,1.4566787169762827,1.8157179322747534,-1.372591054455674,3.9721225459492615,1.477035794794999,2.763065289133695,3.195717424939369
2021-08-09,1.037548546290577,6.837112594012926,3.3923549917138787,5.605003848374253,0.43418943235929164,1.0643942396249546,1.0429606971314094,1.6017435677248555,1.233741575348684,2.1516827508870016,-0.9704055581979564,3.90560047294079,1.263417679175486,3.201295824408909,4.08695131295914
2021-08-10,0.9615638443733646,6.805411915662593,3.547454740417548,5.955300107305373,0.20941864739220006,0.6048360442749896,0.4842966027600244,2.0335753570706427,1.195937579799029,2.3396747087462693,-1.2911967852311137,4.0654788057275395,2.1757546658570255,2.6144345752853932,3.3633852925065457
2021-08-11,0.4217305554439952,6.590410217623027,3.1859161474855235,5.685256206665992,0.25331961473862913,0.9445686164165532,0.6550332427446622,1.6386364609886204,0.9612584343384435,1.9696863553324502,-1.2695025462697742,3.8524090933794453,2.599750788072704,2.7373603862515608,3.126321260564794
2021-08-12,0.8265429076412038,6.8696759683082265,3.1955685128663003,6.020702980137172,0.3233949422453713,1.3248544008981753,0.9873908402050228,1.1721843480118956,0.853941977406153,1.6870696639988558,-1.4309668151384383,3.914025811382746,2.952625393779121,2.992370505499166,3.0730278837568448
2021-08-13,1.1302258280467705,7.141441302301825,3.5969967306186463,6.062996004311692,0.8009048741886693,1.2083524333591469,1.3969762967206503,1.6645972988044366,1.5603701791055242,2.0786595586900813,-1.6328033569228773,3.66516898943568,3.5714938440274215,4.051192934223329,2.9070229055298205
2021-08-16,0.42921891854333055,6.688414370827956,3.3950278231035576,5.720360191055079,0.5526633940740526,1.1185347615631078,1.072257393187672,1.3706650802886093,2.003011866039371,2.048631431158586,-1.543288270920971,4.129603140106938,3.1766082542371574,4.366099752366254,2.738241064982274
2021-08-17,0.5173644406627195,7.269982105505214,3.794815120331563,6.062799470491399,0.24163313358590421,0.8645250624972025,0.5474216705688703,2.1967557829769437,2.8875932944158307,2.1029638948653093,-1.580480137667494,4.48493818554321,3.089670918389052,4.505178471027803,2.1961195962142974
2021-08-18,0.09074504367118132,6.842858851623985,3.533701066868127,5.903684372318151,-0.11018365311648286,0.6537035231073877,0.5917961952922082,2.2103168958809425,2.5416629167066653,1.9626937743469977,-1.7450942321386418,4.3811818813373575,3.0138324391661246,4.322694966277816,2.1756095784676086
2021-08-20,-0.370270908793742,6.401732330699378,2.9394479325992426,5.503973292872549,-0.3850914132353725,0.6295950517106214,0.6236528219052737,2.8589701427159007,3.4911688087045087,1.3264336473594436,-2.065874753229661,4.337959188294102,2.7421860312772575,3.1270638185861572,0.8965647178797905
2021-08-23,-0.677489145612565,6.395162584764568,2.777568217462285,5.505303486526331,0.10034209938758118,0.6420428142106858,0.2171285990669556,3.0632082993619343,3.279938268719252,1.425874920870493,-2.1543004304971327,4.277918742469948,3.188019918520303,2.8303070328812003,1.2272712608757141
2021-08-24,-1.1439243995172943,5.944088583967728,2.983941268551523,5.798040278549916,0.25005899694305744,0.9788806084937282,-0.07294372653631938,3.104890445881759,2.7971790661761213,2.4441226758865326,-1.6827931880251559,4.670901573052712,2.9910867401282113,3.0986359050858576,1.4327092827832921
2021-08-25,-1.3356087369129053,6.092807375244557,2.9162967352552105,5.873813573936655,0.4227990751587085,0.7166748015774539,-0.4628642990289595,3.0163070597520285,2.8176412385259137,2.4303307935367395,-2.1808364429909135,4.432159093059822,2.4274770987285486,2.7650235434764006,1.018835345608747
2021-08-26,-1.1984052533074914,6.099266529555235,2.7150496035049785,5.571517123778663,-0.20830911585694728,0.5517108653873358,-0.5290558004091114,3.100680282695413,3.296384683040077,2.1739169252232684,-2.3541863664341145,4.03500848284946,1.673597213374935,2.9070922005207067,1.077800276079824
2021-08-27,-0.8030759290104437,5.906098318857151,2.8721480451727546,5.768791510631637,-0.057393140414069066,0.4968910232818848,0.4683579121462674,3.1334210571716308,3.1690084500316953,2.250854547370339,-1.9763253638533083,4.067344170850449,1.9957926054016673,2.758442726826665,1.0928936420183144
2021-08-30,-0.9118988693931086,5.482238410331419,2.9370327488512267,5.462249905027642,-0.25316814073152905,0.6453989982890677,0.7534404963234701,2.6363848616488017,3.2828854781554537,2.593585847844725,-1.619748349939913,3.6472854060321094,2.4778781134153345,3.1731058951354867,1.1204895443221565
2021-08-31,-0.6331336607246918,5.712003365536306,3.0908588354255175,5.658701486226922,-0.6594136409449259,0.8205613468355145,1.2281842319232277,2.867014908234516,3.403843630568942,2.7669926438057217,-1.454980697483454,4.193769454119873,3.154644617219475,3.26067438295775,1.177827224035878
2021-09-01,-0.7710436070430481,5.002828051469397,2.9033415316845215,5.309895168366753,-0.7478706225915593,-0.08325320774134062,0.6226232961061218,3.1181185612295788,3.178186547094182,2.6158597935585215,-1.1567465018653393,4.574666012889828,3.107706131726,2.8469670365754847,1.5385756639427555
2021-09-02,-0.11374331292907543,4.810979683814453,3.070074986985415,5.0297663528413485,-0.8604121619034406,0.15255339244589092,0.36255791856959585,3.6191115542136805,3.1944535135633445,2.565769950997428,-1.0046946186119656,4.676743072701675,2.862058085501797,3.1385065056395076,1.524880435900278
2021-09-03,0.2156661988038539,4.942873374601951,3.398844040147628,5.163129043459903,-0.02456833274919995,-0.10113402309848497,0.636635111075383,3.5478146544357223,3.6217090304645545,2.7017532912742785,-0.7393841930984787,4.554504678392499,2.8676896245726513,3.3849269706383933,1.965565737371944
2021-09-06,-0.21140153092830657,5.153309469054804,3.6825976241420437,5.179733963554022,-0.2217429601434287,-0.2725232665491529,0.06984673405854915,3.493970390989635,3.298019415874856,2.516784986449282,-0.8880008586057793,4.445458655163,2.6542700375791397,3.200086518539025,1.4597354718057245
2021-09-07,-0.26898928375235936,4.341603591861518,3.336797763654944,4.740844467133777,-0.4121273742287561,-0.43503322694181906,0.604948285507393,3.691561929630319,3.535296052815741,2.079775211022974,-1.4378722334499225,4.115085647775405,3.0741639274802015,2.753242200303782,1.2448298385966772
2021-09-08,0.678560831835156,3.857639547589911,2.7977027675353154,4.713535248013586,-0.4652211124491006,-0.07387671485530668,0.6204256166576875,2.8547018643083963,3.08817909833137,2.3303472778550325,-1.4175666808336538,3.9148551290779956,3.0559178046109645,2.700285246583213,1.6700503365659523
2021-09-09,0.673481486529035,3.626695813249452,2.9158136247527042,4.80753706198279,-0.06103689774711557,0.08950180839138677,0.8455186579418166,3.261822295918438,2.886751910537981,2.400951695537994,-1.2753553961514614,3.8696825956164633,3.3084872094956173,2.740815418203774,1.216878487802442
2021-09-13,1.0589597950109173,3.5144692242558557,3.1959722245127153,4.731923234516846,-0.12056407981867612,-0.18767366598640278,0.9351028045905142,2.941710132416736,2.971465470681074,2.5962352970568734,-1.2003111935828084,3.9421488675190846,3.6049064955819157,3.214493414110484,1.5826121386297451
2021-09-14,1.3027098921440783,3.1791871146323496,3.1612872114428234,4.799949214837019,0.22848471933812864,0.41490268041811657,1.5135395958933504,2.565606219946877,2.8933643321066307,2.705550747207718,-0.8734161282910854,4.102098732825339,3.857675683471033,3.269841390081846,2.1131038042819137
2021-09-15,1.4168237558282977,3.3860292020967093,3.475174740563694,5.080416005975352,1.5625269831761686,2.241997336344527,1.6620884462998755,3.000765740693007,3.0929975782401313,2.6082570346976874,-0.7640191107484132,4.299129020533451,4.083867596176469,3.4196239251678717,2.213582676872832
2021-09-16,1.6513968009496052,3.2897304067297926,3.5692893186770545,5.007473568541785,1.4948889939187433,1.5923170584977566,2.649303144428522,2.9203472431490436,2.8117147269549148,2.5491181779725927,-0.8537171433260802,4.4297310948492905,3.921330058091822,3.123297460662676,1.8879443449458215
2021-09-17,2.6132489100322673,2.921969142510922,3.117163708783956,5.13148602846456,1.201871784652552,1.5038510483590153,2.6189797780158326,3.391975928194658,2.6592397859969585,2.417083945285984,-1.0792461354377572,4.4234396958677795,4.178333864313598,2.602411122110422,1.8399064792125883
2021-09-20,2.789001430067896,3.026183702582946,3.671698716456761,4.896520359030138,1.1200069411450293,1.5119030845825696,2.971043281856445,3.583019923401596,2.793557668720254,2.1579834683870684,-1.3831591218409773,4.399773944383092,4.178130590529589,1.4789814998945963,1.504812894832949
2021-09-21,2.8650346297088927,2.7625521107844024,3.538779481133975,4.885538241120934,2.0605326827178865,1.603016064642072,3.5740739399128296,3.1701800428596494,2.543474018291265,2.328007651456638,-1.0587843184088563,4.582158647551106,4.3598373474011485,1.652685351093807,1.9244501747068885
2021-09-22,2.6353348392125246,2.485407074763276,3.60682700485896,5.158591733044765,2.0165802064737655,1.9958185241008228,3.563645370288656,2.989757399958221,2.5700495310196065,2.271584264104665,-1.1743609100347725,4.092293053355012,4.204596227321363,1.332678218983713,2.653104254941088
2021-09-23,2.9834015509471037,2.8977104837841146,3.7685069181896464,5.0387414591718995,2.2697218509769765,2.244542860882692,3.6323556903925405,2.8871112753619035,2.4857795901920765,2.1738531894968025,-1.6138372945298267,4.387797797616424,4.313741159189477,1.2736915649431395,3.3028518051585527
2021-09-24,3.3575590012117993,3.368882319668422,4.002002235474771,5.236399532354314,2.501910413215759,1.6907561814040475,3.2670475127057834,2.7984185224808584,2.560327730071763,2.156054991458504,-1.7204035592975493,3.0205116674812866,4.715778610697368,1.0066671236757256,3.739593832703838
2021-09-27,3.407222594676541,2.2843162125794985,3.158912820534472,4.503513555249049,3.160183560389677,2.265232057778923,3.3510882465797,2.4801349551380247,2.392759042089767,2.050082723971358,-1.6876177495468672,2.5314377855646266,4.630595005823383,1.0440994488055098,4.195319590160926
2021-09-28,3.586901373011999,2.0655720344487016,2.945286267582951,4.0379953762056155,3.244127414607486,2.712198603198697,3.2359524201018615,2.3476970752739375,2.771717063021146,2.0907046172730506,-1.9729479739928226,2.000759291646511,4.081308532123175,1.1489192461450748,3.9558843351043445
2021-09-29,3.200245311903983,2.0240158408468574,2.999775452938433,3.7833249705520524,3.566660321630301,3.3857411512991122,3.328556901197591,2.3606814519920305,2.966548230429226,2.729988257140009,-1.860184385830046,1.8849249548855584,3.980667685669202,1.498960778288432,3.851369116231589
2021-09-30,2.786555105558421,1.575870668768751,2.8850607802293218,3.8306798549962497,3.2317972290218315,3.3736262165259094,3.028360239078601,2.239098088221259,2.970732250564587,2.877108753278998,-1.7565751518429136,2.053403170290894,3.88920486689896,1.2727119576164925,3.695555987598676
2021-10-01,2.4317073187478435,1.7036047748505272,3.066175093640054,4.108719638810141,3.3452597088242846,3.267609659619671,3.07761199560693,2.589446687537849,2.8095322706459074,3.1869004133576055,-1.5081634796248653,2.035349490078198,3.570062144298018,1.2530476151954995,3.797610860650286
2021-10-04,2.3405040105536337,1.8649921150965938,3.2044989352316264,4.41365713544835,3.7325869409071686,3.78157841416423,3.061362892336287,2.2286792391626684,2.5956857993563824,3.1363715034227093,-1.2882506878347972,2.2000264117570447,3.588270260786133,1.0379167838382364,3.8290453708463765
2021-10-05,2.5987349275864173,2.133275731530393,3.389446350654301,4.369567738546505,4.602920609037204,3.76508439374648,3.074176214071682,2.241706107117088,2.7577656559609394,3.237412589061456,-1.0580002477742314,2.17243216403036,4.000593559007503,1.2278986240460075,3.8695576979564703
2021-10-06,2.466242620576044,1.7894004166856257,3.241230295641553,4.1764209333278695,4.814196270548615,3.471012341235557,2.812199471328162,1.9229695856942617,3.2069533653687294,2.801683209944104,-1.342532043783352,1.7878192692571835,3.596489638165598,0.5337175386127834,3.298755234492825
2021-10-07,2.3099768748313494,2.2962386289914596,3.419519904708029,4.389426638058867,3.9733858401330346,3.408866752480137,2.978733380531995,1.7821692567572225,2.978023147252072,3.1485076040816473,-1.6373625272945946,1.8406247411061452,3.7918234940017004,0.7091385015127759,3.3005530561508594
2021-10-08,1.994755368609911,2.76655226446751,3.8432245253682087,4.685135217648862,3.8345816893657982,2.9690694604630377,2.7933816475135154,1.6489268363094027,2.7534449057448405,2.829216173034755,-1.6104316436089297,1.721286712425675,3.838333875973875,0.787508227499698,3.024790860396536
2021-10-11,2.321042621754038,1.786214618979748,2.928331636824648,3.9124172080997437,4.069041925452444,3.210421460350355,3.035076644421365,1.9620215118863662,2.451398479072788,2.9544302599146235,-1.3347577986625159,1.7047850753263174,3.745755606174703,0.7505596660961595,3.308381387476713
2021-10-12,2.4750217198649747,1.6401640234263197,2.689648599107807,3.2755864169448365,4.443586903973227,3.241908272358457,3.0864452500859385,2.2111392181375016,2.8099638811382412,2.96793709442422,-1.292208103667189,1.6263954062928365,3.7770157514306053,0.7810869407576401,3.094862836028108
2021-10-13,2.6071037963974737,2.4008437795354114,2.977496166376417,3.642338341430318,4.137773106104168,3.582011203089902,3.4289915358370635,2.059204167533156,3.0625651629416537,3.063079717867962,-1.2718577816668393,1.6414953797388416,3.5079945339471457,0.7913136404677529,2.8203371538005695
2021-10-14,2.9928289720037005,2.7335940935895615,3.7392711294144365,4.009236800237194,4.328007305948013,3.5998985828248395,3.8784268118677256,1.9450347686792584,3.0677084976139732,3.027038873800391,-1.2128128567200949,1.2700379236481467,3.4944835204405567,1.0407011008566422,2.9737538726944046
2021-10-18,3.1715661740009047,3.29169995441413,3.9723452350046,4.475596704387775,4.8045988420712975,4.058406318858643,4.325244835306976,1.9452705403308144,2.7756804885556186,3.2318254478447908,-1.2482574458544755,1.2766025464152913,3.7473236855811223,1.5733048742330198,3.4328521029897296
2021-10-19,3.3279528159899225,3.15478443755164,3.6068849586410137,4.390010772053305,4.199033013242156,3.9721759679442625,2.7662393094617643,1.699112104056178,2.547118404899091,2.851014777532604,-1.5948889695672295,0.9588444166622093,3.325463501533151,0.9280969074406475,2.4432058843095468
2021-10-20,2.9676181409428652,2.8777006573031896,2.942085991642141,4.245317657894435,3.884424555731005,3.6572950173694463,2.4464362068547505,1.4174261424603989,2.215746168855661,2.4763743770822444,-1.8531871263073239,0.7606757658598797,3.7203186948662945,0.6842114029987517,2.302581377885757
2021-10-21,3.4692351808578423,1.9960361727611269,3.0791733629641587,4.241680874296685,3.9779564942732293,3.7138858064885483,2.4158730454061406,1.4183098754075252,1.6145815689398884,2.3507260709469486,-2.127273333548748,0.29038899973390686,3.569820087754566,0.33839867195986667,2.165437135712477
2021-10-22,4.161425176345373,1.5675491312722298,2.638065750679515,4.168489510672652,4.123118359970668,3.4294468776838767,2.0259453760041315,1.003641353564236,1.6766864556650285,2.587842563216567,-0.9248611988683173,0.08741678259008823,3.629347879719431,-0.0551577430344451,2.2287768662257843
2021-10-25,4.590332754048474,1.3750298145661652,2.197535181806682,4.245419038180918,4.454808416548932,3.6109343838955,1.7787439384778785,0.8842082435738832,1.459869579825135,2.6105959024805743,-0.19809052998875432,0.5341087433342823,3.044126772724938,-0.34108531869377423,2.0625267228620228
2021-10-26,5.088500998264186,1.3648275912288643,2.254469209193129,4.450135162252134,4.537501796732739,3.540340783359497,2.2154508821243377,1.6496911172211337,1.9573512203333918,2.31684952968901,0.05157745359670056,0.7477138183698407,3.161986960100005,-0.6699598050509045,2.165445494278052
2021-10-27,4.749732621438981,1.7410866099096098,2.4321436426046152,3.9284375104567157,4.005526843338575,3.146202723971651,2.408582970310085,1.6666823101099477,1.8701190542294226,1.4831259490815984,-0.16793258478660245,0.7762853175677847,3.4235404059515884,-0.6322855818472716,2.2004386472797206
2021-10-28,3.7261467352158566,1.168488999152623,1.8823539287630386,3.5321986914245764,3.120868787894239,2.72981411873975,1.2875876386847398,1.6384324714160015,1.2624709196331723,0.9893962705599051,-0.5876431398294228,0.7740544979267842,3.065441845844575,-0.6643478501989387,1.392784346125133
2021-10-29,2.937944262074198,0.43220912573689174,1.4057491278474663,2.7303264088824832,2.953912537685899,2.1829501180836726,0.9986698114014114,1.0452862488500325,0.7752042308465988,0.15907405602188332,-0.2197589766206237,0.6056165116038201,2.649763570188922,-0.5083336808034723,1.3541503857090678
2021-11-01,2.7663062737012565,0.8804918757882163,1.6998307999191442,3.2127412479089346,3.2888691666018186,2.3259493469858867,1.3050164804347826,1.2538761803420877,0.7563193985105309,0.8178523794310063,0.24401849113453095,0.8356083548257577,3.2405976731918202,-0.1793631029610804,1.7122265454745067
2021-11-02,2.58265597321477,0.8037125734893463,1.5424723698038711,2.725581325920601,3.3235900856904967,2.7242014303555466,0.8073248832312798,0.8818916433556949,0.5666305862610591,0.8970327083040277,-0.07171718455763744,0.7127537320410404,2.7990426768412098,-0.7832913075295477,2.126846964944982
2021-11-03,2.2173207100678733,0.8977427064643033,1.5917665489636816,2.624053187394913,3.2702344752701498,2.6007880530412844,0.6734073535499034,1.069431040819495,0.2573918743629963,0.2249514074321427,0.02765593137708544,1.0013273761942285,2.2860939899328434,-0.5605011432771841,2.3489479434330116
2021-11-04,2.327271987532806,0.8142321321382512,1.6572919265518373,2.45502678713393,3.4467817502889564,2.760286911970593,0.9538542020153438,1.0287312332408531,0.042047684179096316,0.31886518103746514,-0.14472943409445083,1.2048174814491732,2.5326419045135586,-0.4426639729298965,2.364005658793039
2021-11-08,2.472678907664666,0.9731954006126277,1.5821123617259074,2.5165167270452145,3.660920565011164,3.370573757973532,1.4171937057360642,1.1249914877350944,0.5994893715629456,0.31794584571665474,0.18130232773204025,0.9922646700865344,2.225741141062886,-0.02717877781384658,2.850320125024254
2021-11-09,2.598823805960288,1.0261383916572497,1.6593084412417065,2.5375977116353123,3.5865869075374675,2.8831223674957576,1.4337679191363897,1.1267406497317354,0.06714118369313687,0.6936421594277327,0.3131420643629132,1.3474265666231644,2.339169273512077,-0.4895118903343677,2.8225523308405793
2021-11-10,2.3767253541532143,0.8596939027433046,1.3762830068411545,2.0457962851766918,3.739203245260982,2.518340490473958,1.543264731183999,1.1817063311538316,0.5575902957145057,0.9471893623253335,0.6147344289529398,1.1439258195007043,2.6727102384829027,-0.8453068175235368,2.689325506431402
2021-11-11,2.2060807968534997,0.5219445966039419,0.8256854014320467,1.6334378946218906,3.4094254476930903,2.54992379235773,1.3241738032693704,0.9064697274297476,0.47839827883297736,0.557831966672169,0.858188275394985,1.3398945929309392,2.2516803611976592,-1.0339447788259024,2.2906390309904046
2021-11-12,2.4010641176104444,1.1144875154073424,1.3109531792670688,2.299401738048969,3.5529200787480613,2.4578579281036155,1.5330961202553428,1.1939372154057837,0.2891733985041972,0.7685944452035007,0.9447314777755981,0.9332738295832157,2.5828153558905265,-1.5855130558055628,2.624283014989898
2021-11-15,2.5086716991871496,0.7844101516672839,0.7519508963054153,1.8301509603143027,3.942103623240605,2.714134202289978,1.9427889698016807,1.0709603046737655,0.365609577604765,0.7856017039962813,0.8981701863747277,0.5561511381738298,2.6459863145495337,-1.8029399218722761,2.6535881368251464
2021-11-16,2.7650995479684624,0.9344847091320913,0.9680234976676932,2.020051658622862,3.9615203744725402,2.496969732112621,1.7983029371798822,0.8510241876889902,-0.08240227228306689,0.5259380576664333,0.7002572587051882,0.9093922700593338,2.580115659372762,-1.91934277533505,2.5996066529876796
2021-11-17,2.994380910597553,0.8865170754011914,1.2417752075953266,2.315626838455872,4.33626468243957,3.033472236538897,2.0287767248560984,0.11245833772317809,-1.7566571299877107,0.905274612992511,1.1398503409046075,2.025648329556927,2.5929143989604837,-1.225264934642334,3.0690865223129995
2021-11-18,2.6413245841420365,0.7316358413530483,0.7253646506951433,1.6716474357145181,3.9247082028613742,3.004530411776244,2.0900083875624684,-0.5344873822838071,-1.854590088929846,0.8831313679209559,0.8607758053790301,1.773077453492491,2.2860021274319537,-1.3896695771593066,3.033959185474144
2021-11-22,2.1548658768831856,0.7123806841736192,0.40080252384708565,1.002796717199845,3.594667022415401,2.3130046258954877,1.710248663817948,-0.7409294605298464,-1.4598675033653057,0.09458189215034467,0.19058407197763377,1.2790364028837273,2.797124243782643,-2.029614456505741,2.4032678664342817
2021-11-23,2.4222316899483163,0.29272074734808673,0.4189937298160339,1.1742411030908386,3.380755027940473,2.6244016289313676,1.7085378184459836,-0.661094528242825,-1.0657515805022542,0.49724124787704077,0.5013037900317773,1.4783847194259758,3.2563245240870837,-1.6175292801637546,2.82117359737885
2021-11-24,2.6217409503558353,-0.07650152960274177,0.3235111577765167,1.1007763515291233,3.8084924345840387,2.9611502894554707,1.5906538769410015,-0.9523566032731229,-1.933681928339478,0.5561810022236013,0.5636522294144415,1.5229609538650355,3.9954254797232682,-1.6227993928792281,2.7073473110622146
2021-11-25,2.6533108845153066,0.42603419752702404,0.16663539715671014,1.325139740584356,3.821203622466605,2.868378079810613,1.7111527455820699,-0.7240174538789726,-2.3191313344954287,0.3779372724503352,0.04243243410724503,1.8713766279366706,3.921192377774114,-1.7506825886703616,2.6676328419405655
2021-11-26,1.8936971344464109,0.20446415234928525,-0.17246046645814814,1.2899342014192268,2.8411244006257674,1.9616108332657305,1.1279462270793472,-0.4144873341139782,-2.754419252485331,-0.371249981340363,0.4359764779716497,1.8640867085701178,2.845682758976875,-2.8195525332903566,1.6574810356044054
2021-11-29,2.115623426305118,0.16399397765489593,-0.15072640498458717,1.107088871614987,2.574263183734855,1.607715746258048,0.7756216027553836,-0.35914658426978235,-3.0082812058268154,-0.9194014716566059,0.06340021879221308,1.54576941593353,2.116794974262547,-2.8754510507632025,1.590247049298399
2021-11-30,1.7368052199920652,0.6648551206137525,-0.0027208164603397676,1.260258695517507,2.497527760108628,1.7433362597680542,0.867968695022737,-0.6238016626871401,-2.999278186386136,-0.727734975250318,-0.31887084712865155,1.3502516916792833,1.8089160338559946,-2.98279383494855,1.2718606557117929
2021-12-01,1.4512391168233059,0.5627754005186878,-0.31360501206593505,1.6289308546078294,2.6037610772921953,1.6693945741258958,0.8966997509671907,-0.8399477106855742,-3.6148494257285995,-0.9608977594508626,-1.1117568072496797,1.1432812295530181,1.6730442331830675,-2.9731737472066118,1.304885007358186
2021-12-02,1.4096244772700213,0.7906661127762947,-0.0889230321605327,1.9233502473658857,2.376587420066815,1.7131581160433837,1.0487514234592907,-0.7337819021997705,-3.519344905983209,-0.41641645992306003,-1.0104844887216524,1.234298427167615,2.086061266759142,-2.774124652353119,1.227094384763703
2021-12-03,1.1766013521149474,0.33157585752079866,-1.1295362384668715,1.4329898111531951,2.643055827520942,1.6000116762098433,0.9042262302027053,-0.9088893363800372,-3.431365066442578,-0.6295181541201355,-1.3943723847127225,0.9924651690955284,1.8533827716965794,-2.6610506101963796,1.207499148785318
2021-12-06,1.0404729797493633,0.15079969530011697,-1.2513098864445746,1.312086965190378,2.6016016624492386,1.3900630584867475,0.5304476568009839,-1.4644198282365262,-3.901551347479077,-0.6494532088271934,-1.7417180774520178,0.9856487503049949,1.0208749019654322,-2.6882925212668587,1.2285054789340772
2021-12-07,1.0275192191406848,0.4753673749198296,-0.7096673179668438,1.5846960107765007,2.705969981256044,1.3426531270450255,0.7222524459062437,-0.4086704262187036,-3.8562767851551016,-0.6661536711172467,-1.6950245267842698,1.138663816940995,1.110336713460657,-2.2338048107910886,1.5869658801384483
2021-12-08,0.8909592826348617,0.9242406594577313,-0.4463332269121222,1.7598208120876617,2.616167212831324,1.4723024926460484,0.8826133327735161,-1.1028955529345303,-2.961814356112437,-0.30723891811109616,-1.4470853059575601,1.3546834541875388,1.054044569359504,-2.1218251596426945,1.7743348432675283
2021-12-09,0.6998812699148567,1.0245734351314262,-0.6339913104822037,1.8465524495571848,2.4613081287402174,1.303238458942731,1.3356592834017744,-1.3587466086104218,-2.744978035976193,-0.3466305899808939,-1.420000594002466,1.1220637664017572,0.8705732763078619,-2.216674042995258,1.6240444287493343
2021-12-10,0.35987254540814356,1.043324902122558,-0.8425134503081307,1.5763272031489175,2.3992218884282943,1.2168531748043387,1.2612344271387061,-1.0948070939669834,-2.732849526853032,-0.3344711312371341,-1.4216133985454567,1.1706304891840937,0.7800204194546553,-2.102260987224641,1.9620183250086123
2021-12-13,0.16237571550860477,0.6238637320484475,-0.654983245065061,1.737638221149896,1.9289000450257199,0.3253437138386217,1.1871918944503552,-1.332369299312871,-2.9082534973740546,-0.28911319042676414,-1.5340543681069871,0.986052694763715,-0.08079820056663144,-2.2594803325593005,1.8552790580354044
2021-12-14,-0.32524990666188563,0.8008357242254385,-0.4516043082424898,1.9268104006741844,1.9768726852450182,0.4074936934897625,0.031796070382970006,-0.8317617153533025,-2.891855693250382,-0.44654280021961507,-1.1764881279997579,0.8263989993406176,-0.1909481342455473,-2.104037948736824,1.913927985000893
2021-12-15,-0.8961151082696472,0.7293143550585366,-0.6652173757446886,1.8889999378399283,1.8320612993575955,0.4733093990056615,-0.25422363341378024,-1.0825237726551478,-3.005041785307092,0.2355564646238889,-1.1834183479306477,0.7392739075038506,-0.5513306147799358,-1.8644861252458849,1.9874895133427768
2021-12-16,-0.9007258664406511,1.1395389628525243,-0.3712102434428185,2.169318257897321,1.8716528045434058,0.6668315176808112,-0.47171031209894315,-1.206974926521983,-3.0765139704239033,0.2994661849156868,-0.7373053411113369,0.817876230528942,-0.575623208629597,-0.9319750722828946,2.188085759590853
2021-12-17,-1.4434268986662784,1.2915459650719479,0.2030806565957032,1.8247264435818096,0.9012191078308722,0.3090642478094545,-1.2235675841303577,-1.2742998544191881,-3.180115301474916,0.2195346945154629,-1.4802949989612462,0.04307741958724281,-0.9646740869973787,-1.6088218733896889,1.6476612118152294
2021-12-20,-1.6429821159112041,1.0883569699902804,0.06960422714234989,1.0056253461553388,0.6005493595813134,-0.13690002039586566,-1.6607610079670823,-1.2085389247584062,-3.4486124820517308,-0.018580087102055352,-1.231435479416338,-0.12922102885275133,-1.150016983138895,-2.333819595531453,0.16338208253050177
2021-12-21,-1.9771131662288859,0.956164958291473,0.5127704121608372,1.2151320288523797,0.44462269582528413,-0.2830820500977805,-1.5997439483809475,-0.593542003023502,-3.10883573473112,0.31220240184970316,-0.7178351458332249,-0.18417193020132516,-0.9336113352147428,-2.0416315789568062,-0.5505486580887348
2021-12-22,-1.7869785430431309,0.8712342879727532,0.3421703893997455,1.4830873792357284,0.629342254207479,-0.03576610808017233,-1.415404200906778,-0.6674309689470488,-3.1692180036979085,0.6991271832796488,-0.5554849598836746,0.3044312524817765,-0.7769371055697426,-1.3441983926383108,-0.6519024484746624
2021-12-23,-1.716550365036644,1.6391794694273045,1.1117351352346632,2.1570344964473995,0.6131390548187163,-0.09869049481057178,-1.0788054695710751,-0.35470925969588324,-2.5649516990722643,0.7551599455129292,-0.3436503230932239,0.8275254329216247,-0.8431978579070257,-1.3417337887222565,-0.7170087859674448
2021-12-24,-2.174463177191502,2.087619554824107,1.5881780417407265,2.999714824462238,0.2979461699697969,-1.0315435275207083,-0.9836313660594738,-0.2028787946425155,-2.6143692319122858,0.34427566886119876,-0.7852650447676394,1.0863200857460276,-0.3249016271856056,-1.5831830372899685,-0.5874295031380309
2021-12-27,-1.7222697017361939,2.0580013934373853,1.5856584254478379,3.6101078785979768,0.021894393434709787,-2.1228276692346664,-1.0303694005044934,-0.04418345928255442,-2.618768124241737,-0.27391253064428783,-0.5325146804659081,1.0552267771292654,-0.30831452158773626,-1.6592458907035796,-0.525911640819741
2021-12-28,-1.5444219737350962,2.4603697798268946,1.9039879909439918,3.9272236323657403,0.2047569147439336,-1.9484551010100715,-0.7692611468067289,0.1104935177457722,-2.2328180886603928,0.0486816675915731,-0.5004776509516741,0.9420323341627393,-0.06950509348757819,-1.5291011947851008,-0.5999816265300951
2021-12-29,-1.5453708021151273,2.551992680871705,1.8049831518939452,3.8657050904867845,0.03207375094187423,-1.8592771597770346,-0.9182604057611461,0.029792759992722524,-2.024574666318124,0.37203692561489965,-0.42542427018201084,1.235702524636581,0.1480867705007384,-1.7436210947214006,-0.6026470245707265
2021-12-30,-1.59729084448551,2.476582229754743,1.917008786120174,3.7105114923139313,0.05616274160851594,-2.0605853744256057,-1.0339359916877127,0.1163302518298496,-1.7791900755066083,0.1704939997574018,-0.48460833526120795,1.0433069597352531,0.07533970564873682,-2.190540768033307,-0.954256729323936
2021-12-31,-1.1975352251036984,2.2751833722772212,1.7989216043667993,3.499175102975012,-1.145472355931445,-2.337498392272027,-0.8032079514345363,0.6451588846905811,-1.5130066725425029,0.6410820040882825,-0.4410410707237849,1.2609988227547217,-0.2527834991993155,-1.993360684749309,-0.43390706076106356
2022-01-03,-0.7956853757966568,2.606063783224231,2.1888224185697895,3.761023581345287,-1.4567762863380758,-1.9002698248946357,-0.5496339670685029,0.9405706173328233,-1.783493382011348,1.1511387835964981,-0.34830693674128216,1.4433451342231434,0.11977891822012661,-1.27508855603723,-0.13628051855632448
2022-01-04,-0.5590591388677342,2.4266043203936647,2.069532254221873,3.514338434923278,-0.4410226375563415,-0.8972485246850348,-0.577599902472822,1.3700883906060122,-1.444666117195847,0.42804653985963154,-0.14734009128273293,1.288634265726695,0.24180620482062248,-1.2974400254892793,-0.5162886835581078
2022-01-05,0.05963038386167989,1.4975024560747277,1.4313350241484144,2.828923618224315,-0.25743454208500793,-0.8247028395615561,-0.48938513494751984,1.514967585089651,-1.2148811938959072,0.4125373618394718,-0.16321378252340749,1.4117733991315464,0.23052600461851724,-1.0845831938491894,-0.14921913587363717
2022-01-06,-0.4142710350993146,1.5897211579425445,1.4642051629161132,2.8540333437266443,-0.5549681367506485,-1.350740638773247,-0.9751903208010264,0.9822330059751655,-0.883448944988847,0.04973801450418629,-0.5876762103570944,1.3994948995783871,0.5881752955792033,-1.3537125248776787,-0.45672173617311634
2022-01-07,-0.4603482517342841,1.617883431924468,1.439452120675382,3.2314802528078963,0.1074511671702582,-1.2735891562852986,-1.1815667008112178,0.8789693578170878,-0.6561534639365153,0.09756813823963356,-0.7955579902332286,1.563749405229823,0.5625740499234322,-1.5426183514147453,-0.5161547627938627
2022-01-10,-0.24879369722833283,1.7112807394437102,0.6422170761796134,3.071138531609933,0.4958756696008573,-1.4075230438505475,-1.3374542292175557,0.7466572899011734,-0.5623439673376576,-0.23427474644881027,-0.9172377085403279,1.5880083373356644,0.4827314881848898,-1.6984422156294816,-0.2863603210097649
2022-01-11,-0.3786836999677519,1.6896700578295663,-0.27479786804243295,2.973659354242836,0.7816933885129133,-1.6879986256694568,-1.8616426777711295,0.810875397423498,-0.7679801007783451,-0.08094366953618035,-1.1839861027263572,1.685298286970842,0.5469215632437492,-2.2863237875154394,-0.44542500299525706
2022-01-12,-0.2042635699015987,1.1834339144545696,-0.39178395273843863,2.5010125537756522,0.8507063657650333,-1.5197246130584356,-2.168850004061383,0.5884207764757283,-0.7008657972465018,0.11957603541294325,-0.7334540181248174,1.5954974104112964,1.2536551245008567,-2.4512713630684786,-0.38655173100352225
2022-01-13,-0.5594385042045295,1.0661539076860185,-1.3864021415395433,1.9003490541043493,1.059556127954498,-1.4032832058230251,-1.3243162015065446,0.69232768935796,-0.17552829534212128,0.9075519182594729,-0.25200478806721205,1.6011992615024113,1.2769288880281566,-1.160276834325381,0.09360038265310307
2022-01-14,-0.352059169554704,1.607366776350451,-1.4144817085383348,2.055615011119343,1.1382198392097633,-1.032208835960345,-1.4591565348440656,0.39251490114225285,-0.19576013680103319,1.062595941699858,-0.20458163213222433,1.9529193169369523,0.40661575667067273,-1.0329552512359406,0.3067204593739683
2022-01-17,-1.3054192147532893,2.3254051686281,-1.099223498416297,2.0705473091400606,1.4933260457196296,-1.0644994129825498,-1.1969428782576674,0.36319829790602365,-0.19508264657153,0.8504261798870443,0.1915076776841481,1.8561644744435037,0.8898996484122496,-0.6235963993575001,0.6299080637000369
2022-01-18,-1.4626826494734975,2.5616046527574743,-1.1095597837684252,1.5586493294794115,1.1685093916021256,-0.941552640147164,-0.9709518129182089,0.7323274873540428,-0.30745407986530265,0.8418988601774198,0.36113912592441755,1.4759946912050048,0.5908540560899367,-0.7869504631185056,-0.05632483916567952
2022-01-19,-1.611121169239132,2.0486672301055138,-1.0738000635190672,1.5759248963389796,1.2953449344862593,-0.8598357528179702,-0.7886036150655357,0.5533880987027446,-0.23935747539807045,0.6547276367821027,0.13374668161931832,0.9699627956142116,0.4220983924769183,-0.6123924094907804,0.38279465879333946
2022-01-20,-2.1260442326816764,1.4197544352002256,-1.2412170472040074,1.2031855346021314,0.9044816336423227,-0.7746401970331677,-1.1370969250877818,-0.6262754140258522,-0.43534041084912756,0.2567334392166567,-0.26039584811437866,1.0011796252482534,0.5702442149640894,-1.130236114011732,-0.021262643249313887
2022-01-21,-1.9699702171705311,0.7234865745914012,-1.5534793443174215,0.5084146879486228,1.0774003504385943,-0.6651436442178584,-1.3822077662086578,0.031627924882962656,-0.3848363586524592,-0.22482962603600887,-0.683744436005679,1.0751004752874203,-0.03338799499990458,-1.3272249662876459,-0.3205128957002133
2022-01-24,-1.8823395948841617,0.46684433073603504,-1.9437364440367304,0.11615256023351586,1.9497479493153367,-0.41601562934931496,-0.9472953006967114,-0.31469661639167373,-0.8335462518595015,-0.02820917126210806,-0.8642991876570816,0.6535505186981901,0.13119709506621904,-1.719950673080206,-0.4762663240355214
2022-01-25,-1.2371154065735281,0.7162641786625246,-1.9725483261107808,0.49197452197288655,2.0105368213176376,0.4451040749208324,-0.5909404131875114,-0.22163735342585372,-0.7041421726816149,0.40317727533644215,-1.1073145121038492,0.6874057533724321,0.7248555152191022,-1.763242412115345,-0.2947786475477896
2022-01-27,-1.298436885085641,-0.12616834206336403,-2.6232693672549265,-0.3951655033289752,1.7114056411792509,0.21221463150261555,-0.8607419622782557,-0.6902243772124618,-0.9806797461199879,0.1221832739476844,-2.4660563045490083,0.13431413276571824,0.004444150346543506,-2.4536905660345747,-0.7374161413790049
2022-01-28,-1.225525339144216,-0.01801664198341264,-2.3630777302839125,-0.5645767375898678,1.97104932529622,0.5249060643485773,-0.5136630620413497,-0.46753828932029373,-0.9134397994420262,0.3732217226076322,-2.4152989360244255,0.6084435951330257,0.16835755455101,-2.096945039857339,-1.2109386136322142
2022-01-31,-1.2642524225617369,0.4679094591666529,-1.7084301445266954,0.0010667510445871208,2.3414950884983536,0.7200500995803877,-0.060412320226354926,-0.22078910167920743,-0.4605929383726517,1.1681845784639964,-2.0570006503656835,0.26482919368816193,0.8181185958315413,-2.2045014939668204,-0.822899174147698
2022-02-01,-1.2012238846557048,0.7625376425625053,-1.6304280079930475,0.16558452432640156,2.202326791662664,0.5765849877746115,0.21095462262095263,-0.22107940852768407,0.2496618041445625,1.931455619062489,-1.9996651181494183,0.37345645879252665,0.6293558916830253,-1.188367496437007,-0.43181613417652337
2022-02-02,-1.1674427470613407,0.618960360973642,-1.436348421696077,-0.4468662806032651,1.9910312172212876,0.2263856002522843,0.29382621018684985,-0.6787840838009017,-0.4364752501307348,1.822096159261863,-1.5353311884027032,0.7359377539000875,0.49231531684038377,-1.3329557143317368,-0.8872408532872778
2022-02-03,-1.2674539554224056,0.07956527579519797,-1.6656379096519311,-0.7113635729223643,1.5255971985908412,0.3715778192341387,0.5373280159665795,-0.7984794791052147,-0.2444839498393958,1.665077134263213,-1.7316841526436735,0.4403497816114102,0.31849404174354634,-1.2824541763903472,-0.6720800277772337
2022-02-04,-1.309231942273953,0.12850014840651203,-1.6974050774769425,-0.8242444384045732,1.5998769341508852,0.2131706030766107,0.3726651888006927,-0.7795788793940401,-0.7067204599904534,1.659256210961735,-1.9986715055248236,0.4870507181966816,-0.23300336429263327,-0.8953755059701572,-0.7002491903665882
2022-02-07,-1.563963203858875,-0.0631462988392814,-1.8127207398852034,-0.5067500275634198,2.1790366614904295,0.4082597525502319,0.1376023811736059,-0.9964413273243959,-1.025916113025679,1.874660750232922,-2.1301286365008263,0.05670974113926331,-0.39365143488795407,-0.8412428030229296,-0.582415959124237
2022-02-08,-1.8024602034334616,-0.5208984900768284,-2.1755401318339365,-1.1670587907760162,1.6407527309884653,0.4137800027159479,0.0029233993752441297,-1.3941758056876268,-1.1350798246848737,1.7748401975439125,-2.192808256048703,-0.2845980851371088,-0.6896502088915363,-0.39277310695417744,-0.9887846001037509
2022-02-09,-1.825194036346826,-0.381781642781114,-1.9130704286287772,-0.9231285818190809,1.1361816173166506,0.3399087949592976,-0.4602611754253111,-1.8289538576705735,-1.1839350208065034,1.680286384901442,-2.0913212695232835,-0.7427090405437042,-0.3007929871272568,-0.01762942795504992,-0.8280670092900764
2022-02-10,-1.4519121368084038,-0.10323017154032199,-1.84741780188251,-0.9741173759111637,1.5748998417915834,0.8340316466676031,-0.11395760795605146,-1.8016965174068444,-0.8018742234149743,2.0785808409316964,-1.8598732463568275,-0.7445843769274386,-0.024083233957760818,0.3610418666427086,-0.6836679819403495
2022-02-11,-1.5396427723902477,-0.5175525506039224,-2.1384010803388067,-1.5000191852526847,1.4802123340271092,0.6670065355278738,-0.3980302359243058,-2.2482516124898524,-0.6995072717340322,1.953855902738671,-1.862309093444168,-2.508043315019837,0.005460211200186688,0.49258511214663053,-0.87344006596816
2022-02-14,-1.9042186943829347,-0.8138909823833084,-2.3634549756338297,-1.4201237242902514,1.5937011746034846,0.2548554591103653,-0.8003130203528123,-2.3571212657703953,-0.9258782426794692,1.6723837614297963,-1.9827237415715468,-2.309990852186968,-0.44592077110705797,0.19694956802655153,-1.421213023211217
2022-02-15,-0.8898183898153286,-0.06731000464324906,-1.5948323519450507,-0.7140335193220161,1.632728694005135,1.206437009465529,-0.06673257392001916,-1.0036319277869479,-0.48516436098296384,2.331850214324795,-1.3544358037661977,-1.4931974005152349,-0.5722826073642953,0.5768685887258196,-0.5535684236970204
2022-02-16,-0.9570325095813845,0.09374052087341833,-1.5558622392713775,-0.8383782523802483,1.94378801994386,0.5529143026757041,-0.13730243669395703,-1.2076541514651609,-1.0539437494093076,1.8926439467758125,-1.2758166969703582,-1.7501363985494696,-0.7163619978182313,0.19147495706153245,-0.8481720610985134
2022-02-17,-1.257968760272256,0.40342717712625337,-1.4039121838906747,-0.6235101870726135,1.651775434815782,0.2786049950877748,0.14256601311983758,-1.2181873164205212,-0.8277939468777401,1.9049299786533862,-1.2043914406411285,-1.683775746877325,-0.8268461989161278,0.3056474876685712,-0.8000247739778041
2022-02-18,-1.3550864480827776,-0.02483625160405651,-1.4655787109015364,-0.8911901636626864,1.1990124420547241,0.24790005311282906,-0.1881393899947215,-1.5007408523633632,-0.441845276495945,1.8298485347708575,-1.0833294071704183,-2.675713001689589,-1.0706362969245744,0.3483672187721353,-1.0595168593828375
2022-02-21,-0.8902206011875323,0.5045514486167538,-0.9555261846586565,-0.8071206699855886,1.7530478678731827,1.0296866665418745,0.055305351204592124,-1.4202052193968384,-0.3751039974603288,1.7894365998341648,-1.9885869759431525,-2.7644649445321035,-0.5757374441829757,0.8600734071854896,-0.7092966391833995
2022-02-22,-1.2015039234936014,0.49343995562799375,-1.3116963104258001,-0.9388003262982125,2.1913814563645406,1.3848441587594185,-0.003080315552839862,-1.1332521227582748,-0.13202822332078834,2.2064803995255104,-2.120073132481847,-2.3987649843867453,-0.8465976445217552,0.4209083342926766,-1.2728207059328305
2022-02-23,-0.4351768655341262,0.41585457567914924,-1.3859049412460747,-0.9729384039217649,2.00460941058399,1.0193099404449684,0.11539271311897052,-1.593386026436218,-0.10393092840542834,2.037991160126754,-2.110642662300409,-2.227542195265049,-0.4613318794830486,0.8695392609607266,-0.6159645095042228
2022-02-24,-1.0216433043734106,-0.21638704963411542,-1.9372889952626002,-2.0235908169492434,1.6082830254719396,0.16834081202152232,-0.5316688009032708,-2.1950641622577605,-0.42323427962912674,1.7531006481082596,-2.289363071872332,-2.4899364702273465,-1.0656160935705132,0.10975686415868584,-1.4394700615257998
2022-02-25,-0.6047934272178668,-0.3738133742378652,-1.7207239808132813,-1.7823228355418268,1.6826080626412436,0.7672204948272654,-0.3544238790507341,-2.3857816848100066,-0.8174164278399672,1.5878479575408722,-2.090101705137754,-1.796666717941232,-0.8541319057656265,0.49921099332843616,-0.6124850963222696
2022-02-28,-0.36728702863999596,-0.056748142590375486,-1.5925095501708904,-1.332554826661707,1.6049283667225076,1.3247978757644598,0.075865186507631,-2.2661718359640814,-0.6476439207017743,2.155993761772613,-2.294322401994514,-1.0925016701155559,-0.601399919709077,1.0628011283729062,-0.5898650755584505
2022-03-02,-0.43112583703430335,0.19899377143248384,-1.3020647757341912,-1.1591468477709421,2.0483369103485676,1.354291657487872,0.32062643941483626,-1.564962091854237,-0.5323354461826961,2.002413847058444,-2.6451028862649095,-0.7119627996836796,-0.43049438986330163,1.6347374315492726,-0.4711517638879873
2022-03-03,-0.9252967780123427,0.21445667028462456,-1.1231267934987639,-1.0648325474090141,2.34011178430468,1.3651080013322394,0.4267291360831751,-2.577951218743055,-0.5564927735214902,1.8607120307503122,-3.235952635990803,-0.6176693951212419,-0.5131545513006414,1.4138482096033158,-1.0153245801499033
2022-03-04,-1.1055903658692203,-0.16264491519324015,-1.183754806215097,-1.051245870432171,1.692809791854934,0.9168411332841017,0.5595770669388084,-2.839324477046135,-1.1910278160075758,1.7426073756318161,-2.831882959325971,-1.0052299783450556,-1.336871875362245,1.0220457381433528,-1.4482593050635297
2022-03-07,-1.3769807025215102,-0.09856497909184052,-1.2883048994458965,-1.342948038633801,2.705063300038635,1.0449685576286751,-0.2746402178851963,-2.6701370301548106,-2.41987140240539,1.5518785666717816,-3.167088423453947,-0.9911290435580753,-0.7407968100316743,1.0995739057445084,-1.8146864133378502
2022-03-08,-1.1496343595931615,0.30186133637110785,-0.8368222124654339,-0.9387277978997528,2.2120423858688656,1.4351300878588293,-0.17177078524665196,-2.76683146620695,-2.683691043441673,2.0678091942927606,-2.650807496704563,-0.8850601078480739,-0.49047095893280357,0.9067253395116482,-1.8189323496062655
2022-03-09,-0.8546331205799762,0.7532035585237867,-1.0193001170430367,-0.8468205848837569,2.1063768448623295,1.216202332344309,0.12758006387420065,-2.5875365073965955,-2.411975491450143,2.272710325607834,-2.389460138544499,-0.8340272083915466,-0.12786139560269064,0.9194269614084323,-1.4556459530685186
2022-03-10,-0.500556327469028,0.7949937918611222,-0.9894448815466439,-1.032929280112987,1.982456338565015,1.3113486753418748,0.8169748119904283,-2.051489980262334,-1.711045715914299,2.438269755898662,-2.717113760053073,-0.7137186778830169,0.2707303824549583,1.2820816312079872,-1.1038802724032166
2022-03-11,-0.6363028400997813,0.9294754360536978,-0.8348310470027617,-1.013107551515375,2.268337056744746,1.1577377068848824,1.5312829704704762,-2.4075473273916073,-1.6534336019916784,2.5753834488974565,-2.17819265160663,-0.4901829950708414,0.34587836657542925,1.3386403841055217,-1.0061334644358626
2022-03-14,-0.3854917112336553,1.1578483578624779,-0.7317718058106844,-0.9617687584251599,1.940615231878248,1.0994508578033089,1.827848398416016,-2.4209422538143217,-1.8268829594952143,2.626801274087881,-2.2408016880195007,-0.3653812168054828,0.5645496006603032,1.3116299941995444,-1.1262306530620416
2022-03-15,-0.3166399671877338,0.29026532317350123,-1.5016857681737639,-1.228183519310136,1.8708864819740274,1.1953159193042093,2.1948790105938607,-2.066704725512827,-1.4950607394291284,2.526053013059737,-2.2021857704013503,0.24680734647759178,0.9961654755796617,1.0066650076217072,-0.8824826213956569
2022-03-16,0.2920279046857561,0.8944388343951162,-1.1721142101631754,-0.6542452093973717,2.498688852611556,1.8771750195334342,3.1081220086551267,-1.275268646150841,-0.6739257712028996,2.587716957863548,-2.1704527029033156,0.7350674363168836,1.3878612442713032,1.7556237557452437,-0.02251309545021083
2022-03-17,0.790277779349431,0.49497518012792635,-1.6302294363928531,-0.8920941149230929,2.5227113018818677,1.8385305202668019,3.274694486522727,-1.0633207942543688,-0.6208678350884951,2.6633017331767177,-1.9548694104622477,0.16816188206227597,1.4178899238075344,1.7575150570918125,0.014417959005736409
2022-03-21,0.26570673161464287,0.37162461096784205,-1.5599124823932613,-1.2032167106803904,2.596181294693113,1.7951306228428825,3.2894512391635873,-1.4988147284265911,-1.133177210622226,2.3600887404564674,-2.193100635003242,0.16685437871249076,0.67075289902447,1.55954803495118,-0.298493470624188
2022-03-22,0.3958227603948668,0.3792150895124571,-1.5067291397496694,-0.8818709377906285,2.5060377782847643,1.551910079795358,3.2427499981383,-2.013975363714219,-1.7910390229206117,2.4683844333782012,-2.254729056387988,-0.28124740902738415,1.0588786904897314,1.5627050488754772,-0.3300193677343663
2022-03-23,0.31723390129150975,0.20799711171029048,-1.5566903089854724,-1.141898625174936,2.6656779647857554,2.0695763186533567,3.3483457887135195,-2.137010994275271,-2.003461578903673,2.369666922196105,-1.661855483243447,-0.36570104926411506,0.7701783506731319,1.8680170230949171,-0.27972448890540536
2022-03-24,-0.2879661512655351,0.30284244658713877,-1.5924347435086528,-1.3839831691338105,2.857100033025455,2.2103606916409255,3.5980627481638554,-2.1457935503643943,-1.86884072371562,2.3388151419893606,-1.1714767934530947,-0.3108193137823579,0.8321602928812629,1.9493016529672116,-0.3554649594407566
2022-03-25,-0.2365934374222759,0.041326649170643985,-1.8560455322982565,-1.8092624328070928,2.6069682476964453,1.8622010184703754,3.2643722896818383,-2.4940739559593963,-2.1002563604685207,1.8469609931640942,-1.0797477697435087,-0.1886017277350239,0.7991204222045329,1.8198862498977875,-0.22285322252353343
2022-03-28,-0.1351902649633428,0.03956777098916816,-1.8914859266244222,-1.731209426446811,2.683126792258231,1.992483311941162,3.864532404313281,-2.8865414953451416,-2.140746892508568,1.486334692923234,-1.6141412895138627,-0.5565810432770768,1.361905851691357,1.9154601376893696,-0.250789416098733
2022-03-29,-0.03215902239161027,0.07920944206421576,-2.045221692083369,-1.838801718593929,2.237022821603869,1.5005914242343132,3.7273631169370924,-2.8116864875947423,-2.159623812893911,1.800227730620435,-1.7077417473239112,-0.6507127695510978,1.7259040982133473,2.0179807807369867,0.10453304203635318
2022-03-30,-0.08680568585268122,0.26598564361973903,-2.106027852730925,-1.9747680444813394,1.5353524261041411,1.954916344425092,3.064258441718614,-2.6262060037832926,-2.062300405947026,1.613635613187763,-1.6067430497010564,-0.7454092769588475,1.5163597375210724,1.734323793453754,0.07829448857316038
2022-03-31,-0.365587193874135,0.2026908126201306,-2.3575736491264507,-1.9103109197939763,1.6019035504980537,1.716257941720086,3.0823974814349455,-2.4907730892235005,-1.7942446133409573,1.447631744113519,-1.6420185962659986,-0.9287046871221744,1.4630533155110783,1.4789679711050807,-0.06784266136415078
2022-04-01,-0.3983442831267582,0.1705082795255176,-2.1742981106704677,-2.0425361410082865,1.5288648630726123,1.7579837603891373,3.174874025624442,-2.5044069551375387,-1.7640696666705682,1.5611927389715765,-1.643144646624481,-0.893709061941907,1.4016574212725441,1.4975389983143974,0.06076992577763315
2022-04-04,-0.45567681520729236,0.45370798455086225,-1.947608522752192,-1.6169309456477023,1.373556793739254,2.01912129466348,3.304141496082727,-2.20960076080562,-1.6559349597634316,1.9016240511229787,-1.3761518042883898,-0.7671536418371769,1.5266647455708993,1.4429483242107666,-0.07261647576624632
2022-04-05,-0.4907360818953897,0.5010664603607896,-1.8404463912245248,-1.3917778396491662,1.5538361435102361,2.6190481527819576,3.749818398383705,-1.6767124890820575,-1.555431188766742,2.063709612917538,-1.1796581868810132,-0.7735384762714499,1.2860290968545813,1.5816678855658335,0.14328700675789227
2022-04-06,-0.7446911322009383,0.2571976441852668,-2.0710885062721247,-1.7132791916171757,1.2332793947932572,2.9280959668815534,3.7885678191385694,-1.7284856499731327,-1.943592468418942,2.058917942262015,-1.2603975459271095,-1.0076888349200113,1.584560764746879,1.78099081220907,0.19075394771947754
2022-04-07,-1.159984472058096,-0.2084823539427785,-2.026970518469705,-1.7238060433854727,0.9266380617745957,2.9198383857179664,3.1793602954679927,-1.564109306979447,-2.0243032343764855,2.1528531584048047,-1.0894026490140827,-1.0437369150929756,1.309197775900146,1.5603994441861002,0.1039260556492046
2022-04-08,-0.9432755709101992,-0.218419757057208,-1.974436212619669,-2.041892942470478,0.8866603143902777,2.7097949533726684,3.864661619399713,-1.3037132386264965,-1.6403994608056176,1.9302404238842272,-0.605561034968454,-0.8551345554422973,1.335440025400819,2.04214331662018,-0.02337593817053181
2022-04-11,-1.0914272721469627,-0.8058712905389263,-2.1868829595115473,-1.9907510054110906,0.6689001398242499,2.6407136007008676,3.7779031471585443,-1.2763850891735844,-1.4483355632099641,1.8715322622793018,-0.8388309323387779,-0.6208901365490774,0.7139260560373473,1.811391007456946,-0.05179439663673404
2022-04-12,-0.7458663847185381,-1.1747361432880095,-1.7997903412708236,-2.1802734135070967,0.5965508722351329,2.463949506576219,3.480804003847258,-1.2936037994945115,-1.7013245855379038,1.2853043899623997,-0.9658373721918323,-0.6373350777126037,0.33978486323946233,0.972269275875735,-0.11722529968326026
2022-04-13,-0.9935055921162605,-1.398462151671142,-1.581638830906855,-2.361119743152113,1.0663380387716304,2.551509506136986,3.884535474487336,-1.0178518664579663,-1.51907782169751,1.6627941871277627,-1.0884826679371036,-0.33005724770800576,0.556993314090335,1.0277258120497808,-0.30069388106705863
2022-04-18,-1.2031034408235988,-2.301191571329532,-2.1903944522910397,-2.7332896486021014,0.8730119884056312,3.063796531263278,3.76677215011039,-0.7402578682663493,-1.3489142243738796,1.623251079682101,-1.0846997575593154,-0.6194860600560547,0.15384879738257076,1.0423698373368318,-0.4853587435623619
2022-04-19,-1.5468979566228305,-2.607384931364489,-2.123543069145338,-2.7012083797745117,1.0657364035332813,2.9989004163020727,3.4120825067059126,-1.3992859252189382,-1.5088685733240532,1.6524726055729146,-1.3912323270038964,0.6503636796739601,0.33071049158442656,1.2396037116351957,-0.33220416681485976
2022-04-20,-1.1959605652894394,-2.0240173748255237,-1.710420451711676,-2.694627207227069,0.6061381478901162,3.006974131218359,3.3021354801626743,-0.5625787015630799,-1.1269524757826042,1.8460524755527778,-1.0723242774501733,0.8098667054380705,0.8952213895804039,1.0261162988634804,-0.4273661057948757
2022-04-21,-0.7900041378985959,-1.4467623521522082,-1.5112362154886567,-2.638719132482119,0.730029388716499,3.1822270238495602,3.4942523355812063,-0.36681357882634563,-0.9826338607689937,2.593501029316139,-0.7108550462717934,0.740230393230479,0.5680367057635614,0.9579173025510956,-0.14133084301486243
2022-04-22,-1.0383805042243552,-1.4438817432573199,-1.3510446068298152,-2.2380842059103454,0.9154684206931356,3.055844687801764,3.6884984820625406,-0.6421882184725657,-1.021107994144287,2.4604455245843293,-0.8257339378393889,0.46886434621056794,1.0941133760899446,1.081616668743932,-0.09712441877862844
2022-04-25,-0.6097805262703184,-1.2955576270143376,-0.8840771520435858,-2.0213551793311604,0.5394040222715694,2.7865666736218704,3.7316182762681147,-0.3901400654183639,-0.9361433169037547,2.1315636954435533,-0.6820670730915617,0.614828057252455,1.2321373237960598,1.2607408949383847,0.04963806960633218
2022-04-26,-0.677623549851763,-1.0040800598183006,-0.6358011072724743,-1.8673453381761795,0.4139367501683093,2.6032906243603855,3.770900454564166,-0.2002394371302028,-0.6235702897271175,2.29015543435203,-0.6722568802283612,0.5207996147895357,1.1065596187161535,1.2790006023672849,0.2075473285423134
2022-04-27,-0.9443608161834477,-0.9092472031695881,-0.46087643896682695,-1.581313107480531,0.2570624230226425,2.5088617105617175,3.6408564626778652,0.021610143799711722,-0.5846225068192474,1.9889992989262348,-0.47445984350323234,0.7723802364469812,1.1304746379433313,1.5828663639968843,0.2765308119568442
2022-04-28,-0.8184892404895469,-0.7031868694254023,-0.5622043251287634,-1.1796705535400311,0.07082674731360208,2.3807558692299926,3.6408727797191176,0.24924381438352322,-0.5615380598899117,1.9563525346304553,-0.18772665365659394,0.3296515488025916,0.8262312033364355,1.7318761674797019,0.26930550657630664
2022-04-29,-0.3385357066256333,-1.2579947818864927,-1.5457651316403775,-2.0337537120926377,-0.4101154060770865,1.8628369489822367,3.334084097304278,-0.007895593092110832,-1.0309194439372034,1.9512778813650087,-0.444563126544637,0.17043517955177515,0.3422673527587135,1.8050729661668132,-0.19318083540623682
2022-05-02,-0.646024374774802,-1.7883454812492368,-2.037977255821522,-2.5836354095293257,-0.5638268721422847,2.067838125011533,3.0803329410912323,-0.05022343762241342,-1.6637262131282982,0.9058258367257259,-0.49525077999245626,-0.3529689227675518,0.5348960751968092,1.3187187074832634,-0.6069669588494299
2022-05-04,-1.0970446602876307,-1.9607047028054791,-2.4663710155883956,-2.581220647605526,-0.2115936246872957,2.1682687698296026,2.5166029147286055,-0.24850241330342573,-0.9095179826832955,0.46361669113861054,-1.3042788450239713,-1.4412283045954102,0.07095243840313087,1.022377524300222,-0.9282049042775603
2022-05-05,-0.6867449670522977,-1.1185137283411692,-1.9066468876281786,-1.6879310744667202,0.15593182942455497,2.1980650743932113,2.4994489714424284,-0.5573833516842854,-1.13158588308725,0.14684593353912626,-1.2754198344082528,-1.556053468242981,0.0695687681352113,1.2210850508380335,-1.2095840340671506
2022-05-06,-0.6784724227284901,-1.4849736290038758,-2.1738130110682685,-1.3328816555440104,0.1578628614970643,2.5246215954310363,2.797417108139049,-1.194150434788433,-0.9839279223362201,0.042306447645567416,-1.3200249048225712,-1.9767191807168993,-0.09135221717585365,1.1281446806478592,-1.3922712572954332
2022-05-09,-0.33459978736779655,-1.0351695176739777,-1.8783281089007273,-1.58135112793367,-0.1111233100019815,2.425937721044549,2.874956586536282,-1.4319703503204422,-0.7720207509311641,0.22248003029505842,-1.2711147562967626,-1.7003969361710864,0.24212291949956272,0.797747558709836,-1.1890990453904227
2022-05-10,-0.013932951328399844,-1.2002971213699554,-2.136665029552344,-1.678929229476367,-0.41166457012304797,2.0983375260156727,2.560651349441289,-1.4285343047880998,-0.911318033475477,-0.38436270407074236,-1.283716312945696,-1.7428752184536025,0.3704865623217139,-0.25654628631654824,-1.3589483188894238
2022-05-11,-0.04696046843514361,-1.5835222246951874,-2.5687690850154503,-2.0531590273957065,0.006636936479509439,1.8172501752658263,2.3445605951530486,-1.486123370032579,-1.048573594807389,-0.5129191483380388,-1.5546543587236703,-2.26953419735386,0.20661418481561955,-0.2723599831079715,-1.1769146643130708
2022-05-12,-0.6707121069429435,-2.0074867525285693,-2.63857323204253,-2.3015028618435283,-0.41171620096089623,1.295995198514282,1.9932381517766795,-1.7921788039349529,-1.3259706600131058,-0.7661637711870464,-1.576353618702301,-2.5851225239631677,-0.28353692004406156,-0.8892068538429653,-1.3875458007995365
2022-05-13,-0.23261224967232683,-1.700844433150531,-2.4999413048305246,-2.053427560854954,-0.5339912882703716,0.8117719138390563,2.3313162145009834,-1.2765277635196628,-0.7866325816629338,0.16877985911928464,-1.2585380794117267,-2.5088846060303953,-0.432903311246817,-1.118585723941658,-1.2119362471897095
2022-05-16,0.6854850224242236,-1.5406961300757023,-2.0457108470820837,-1.9003130187474593,-0.42923742583347035,1.6526041787397798,2.682873263149964,-1.3291920053709099,-0.39678360132991924,0.5215928420301174,-1.0042503448804414,-1.947154356303212,0.2093200595186937,-0.5436938674728302,-0.4709782033036243
2022-05-17,0.3624889854875977,-1.7618034493777626,-2.0481512421424797,-2.3358739322591466,0.26356389033869354,1.5751776332683625,2.9850890540594444,-1.7998116089494514,-0.3636907355872203,0.4077265791120673,-1.2098510922343677,-2.0156378826938095,0.018647927899941033,0.06241071708975906,-0.707893581654945
2022-05-18,0.2749132344075342,-1.807003519157205,-2.2343814321615953,-2.6546084255604865,0.025390081328874603,1.6129736697052899,3.1353630303344246,-1.8146642748951463,-0.17388624051138374,0.7024247864240549,-1.3412830367313644,-2.0521733445890606,-0.4777229503259631,0.12095576371682869,-0.8573895412239843
2022-05-19,-0.13618394677604967,-2.357988236862273,-2.949818660958746,-3.2451587561939976,-0.32416370364589414,1.6131277953914915,3.592021689450136,-1.984089819717495,-0.4651698908111879,0.5469248311905809,-1.1968188438191172,-2.2872041962560865,-0.8646119296879865,-0.33528713750215056,-0.9204013888068119
2022-05-20,0.16382693589169653,-1.941196781292029,-2.588733364849326,-2.8670250301281923,-0.01361774376264208,1.796757877144662,3.8911002831238655,-0.9027180841649446,0.0044287005816807615,1.0874791525590795,-0.05311701413844814,-1.9607775192279895,-0.43170064907779326,0.06783048737920486,-0.47361849044639065
2022-05-23,0.35695906931988214,-2.010246807475856,-2.6037910089205294,-2.554342577576908,-0.24137165310819475,1.8876543755827997,3.84636464039269,-0.8600004829005055,0.19043984734143435,1.5839210649097184,0.09160131562710021,-1.7013698776520525,-0.42108316949050445,-0.8873441576654846,-0.1728459548283456
2022-05-24,0.4595219929174822,-2.2736008253595035,-2.6210965903737162,-2.926463686617657,-0.5795269704061254,1.5628714757472109,3.869936292296334,-0.6703679315836111,0.057531297772893716,1.319915982264379,0.5429732698861869,-2.3485494681905004,-0.3596819103400611,-0.7311727067526355,0.22848718479228244
2022-05-25,0.3070997968952881,-2.6025078654605487,-3.10083347746961,-3.3068958706264953,-0.23873528758837312,2.222407653086477,3.8966962407151278,-0.4066049356008641,0.163090798218504,1.4534400923684057,0.4791167371762851,-2.7359509280154017,-0.2403191885022305,-0.7910463894932277,-0.7002744869385301
2022-05-26,1.0860206309117175,-2.034988157848398,-2.206082902400512,-2.513990698843021,-0.05214597498239056,3.0710287497191393,4.710725117825592,0.11990780597404042,0.628959441636377,1.712312703521259,0.8089522123836919,-1.7735399537294614,0.6919454227005444,0.0936323581360983,0.18891417590909002
2022-05-27,0.8768702248111099,-1.7891992057819912,-2.2749265740380404,-2.533506503089333,-0.6791510423378062,2.1556868595420156,4.496714528512291,0.13685549087834017,0.7165268519899392,1.5250026539248038,0.8029645522437515,-1.8168274777713191,0.010329472151329983,-0.5253482509904387,-0.5868198309231792
2022-05-30,0.6371136696958408,-1.309127713285918,-1.9722691999909143,-2.205793621101116,-0.7276422870583797,1.880523725319946,4.333952006734256,0.26981296824380224,0.7738768249819172,0.9802071864419275,1.1106176764576752,-2.1801767967495578,0.43127800311168224,-1.0858347488606341,0.08922279964731379
2022-05-31,0.47916444577352185,-1.275606923877727,-1.9001696015686051,-1.8878153573397598,-0.4052904304459927,2.5983888882421966,4.487164377726815,0.06263280520082805,1.220385260489583,0.907299348111092,1.9039426603012812,-2.0513194473715104,0.7753049578433254,-1.554359252837112,0.1642243717190586
2022-06-01,0.7483502137621213,-1.6188190113013885,-2.537279015407389,-2.5273477980991355,-0.8952843096576609,2.5489854690172087,4.26923450565426,0.019876689281626725,0.922143642123195,0.4855607799145921,2.2945112647020802,-2.545802438974852,0.6927709714238757,-1.5855211887102247,0.14112804203160934
2022-06-02,1.0471380005042792,-1.3725675658660959,-2.584080580139247,-2.792873375972138,-0.4792767237214989,2.9646076201802827,3.9747160143028193,0.2082411404994845,1.0053553273787594,0.6951647623799968,1.9532883213696453,-2.672577978006136,1.23505009359261,-1.2522213163976281,0.5897052346317723
2022-06-03,1.4400294853458209,-1.3793728948467585,-2.452197495651108,-2.5312399107476256,-2.0622276358000877,2.57335274736185,3.9651484038352365,0.04350582906487619,1.978311112729807,0.9350961105398236,2.221535431846965,-2.6529667134196684,0.4130363443932834,-1.4755744911224737,0.7493356378334491
2022-06-06,1.4274279391721747,-1.6028601789297632,-2.998711834658461,-2.9562897268798927,-1.4678714287933532,2.2323203075959657,3.9492812106226785,-0.04846950065501628,2.011268835005081,0.21657070399373554,1.7385262233536736,-2.6517773423644266,0.10990354686834934,-1.2298213369622766,0.10055610597485079
2022-06-07,1.1850004408449064,-2.059454465950497,-3.119747476090757,-3.5594627558704794,-0.6557436411499376,2.671144589472939,3.707146219227896,-0.1769896768271602,1.3990071411248173,-0.27027248920197366,0.9052549242666076,-2.6986038094643705,-0.05749967500721526,-1.2100984561275092,-0.4820479400807741
2022-06-08,0.936865567732425,-2.2082809150564326,-3.1001410101199216,-3.4667986743352506,-0.49029381270485256,2.5003558961363384,3.042074198992228,-0.6991145363284732,0.8141396116406004,-0.3153759235366076,1.2364904011009448,-2.7587504812555728,-0.7952169622678056,-1.4620937425206997,-0.7384546194485965
2022-06-09,1.0258637815212324,-2.0467873636587153,-2.884866802147171,-3.2944619158366413,-0.43227868914738216,2.428903623928189,2.9275569494796114,-0.3518345743042404,0.8627599621740891,-0.7455508586955636,1.340708035872665,-2.862368816237706,-0.3611371832995587,-1.743273509137667,-0.7560885443375305
2022-06-10,0.16207335244575236,-2.916224577057637,-3.6256525856631368,-3.7488535313145768,-0.25673945941184595,2.416455205567974,2.6906025358196652,-0.38404389952429324,1.0015699729053775,-0.8213919351241397,1.5018889292761055,-2.9360263852953277,-0.582373194674028,-1.8879714735952153,-0.5319823624737775
2022-06-13,0.16765412946550393,-2.995716068399611,-3.7841988409647223,-3.9149585062011343,-0.08943321800973231,1.879372873164189,2.377077242995159,-0.39593147432292775,0.8055220949429738,-1.1315537162961036,1.4258491302073393,-2.8441768630268385,-0.7051970062358726,-1.7507113541001094,-0.9326966179963819
2022-06-14,-0.04735385932190807,-3.251053127207047,-4.107566737020377,-4.485874082622986,-0.5678772846167568,1.926903033262472,2.109124850585723,-0.7426819174291672,0.4706798847760808,-1.1762210986018085,1.4123221482074302,-3.007117152079025,-0.6431481287035123,-1.9601055416454345,-1.1979376274024836
2022-06-15,-0.6139440835305467,-3.185250113705621,-4.377932890716232,-4.64545469230907,-1.0710915654746067,1.6024892426651018,1.806911233439337,-1.2934591535577258,0.2701260048431926,-1.7141735503476931,1.1529356626361387,-2.732744851421313,-0.9216655141060255,-2.114532695539205,-1.324676293463317
2022-06-16,-0.7806866991962966,-3.3934161433100196,-4.795008282926563,-4.952282470625086,-1.7178759450471908,1.1031118146465564,1.6489411934014695,-0.8361388547848825,0.93396517566614,-1.920378289204746,1.1247368386371002,-2.741757227616941,-1.232446344006503,-2.5866748270300173,-1.4823391851470935
2022-06-17,-1.0814540950808296,-3.770482602802113,-5.528931252411705,-5.803304545845552,-2.052770710950314,0.8752193499897923,1.4672284480698894,-0.6434149578457781,1.0753608346798018,-2.337605620015454,0.5444068999892814,-2.4184799476654075,-1.779160951209277,-2.5281776977635033,-1.7102127233094604
2022-06-20,-0.7053632066719955,-3.369154908380739,-5.123878708862668,-5.601924781665841,-2.51403189365348,0.5183555878733915,1.3653470564798524,-0.19342953689433814,1.918282373627535,-1.815774685315406,0.2270314988537171,-1.8934123156664764,-1.5297153110261796,-3.138179824422994,-1.783899904829423
2022-06-21,-0.18891201793340115,-3.09189558176881,-4.653276411947437,-5.526726560562415,-2.228952357733844,0.5808545284747088,1.5340417412433691,-0.2550947409883161,2.1592426131776046,-1.6991246427344122,-0.06883746663171188,-1.9534396705599195,-1.181286152136067,-3.008668965281441,-1.1060432398381312
2022-06-22,-0.38137988834835723,-3.133757870836107,-4.863841916276722,-5.487548302580865,-2.421989190661388,0.4310920208712694,1.3264611794078343,-0.20873571718163944,2.0762963505334966,-1.745118708639322,-0.2088139511713553,-2.149150551006087,-1.5392747012321624,-3.3303435585722823,-1.7100110598043634
2022-06-23,-0.2673675496069928,-2.9670090292548776,-4.479400142994695,-5.258981420777824,-2.457903843513632,0.3204910904716051,1.0954840237440557,0.32851792184395134,2.114792010365754,-1.4610357373202436,0.16916446547388214,-1.8978650636655514,-1.671510232604063,-3.2955172947396267,-1.3407452268629003
2022-06-24,-0.17359088655943933,-3.156181343816044,-4.546017132025304,-5.370205685698825,-1.9727021666319493,0.3718898983503043,1.288514675773605,0.5315689627963186,2.3409475542702047,-1.7344766683156236,0.08785753502610974,-1.8279618290951423,-1.9442103050018733,-3.1384736015970987,-1.5346564882644733
2022-06-27,-0.5584295488260395,-2.9467553319226694,-4.277174616527217,-4.72844752314119,-1.1669736866489757,0.4568882684743319,1.948145580636031,0.2670247650798569,2.050891768824983,-1.51737996320797,0.018980806758564256,-1.9541785072103497,-1.4626247268240116,-2.8074448655734296,-1.7546946170850528
2022-06-28,-0.6906951809457428,-2.916588368013324,-4.007459313923589,-4.561386514154668,-0.6969420107707891,0.49391723510440644,1.9687666919870348,0.22773851586512447,1.6206090832727795,-1.5513386011979122,0.40949389885505794,-1.5993815451765412,-1.6635311058745548,-2.685546042569066,-1.6431858176966134
2022-06-29,-1.1631232041526145,-3.0366932167008067,-4.463991205202856,-4.45186750309897,-0.6211602596422655,0.04164327651297855,1.9278619852057033,0.14167663935418634,1.3295228157592995,-1.2263720687060877,0.4303245506480382,-1.9086500606949515,-1.5706576807334698,-2.726301225701304,-1.8306757497050277
2022-06-30,-1.581045103558777,-2.9131651697176255,-4.7074765182348735,-4.801418052832226,-0.788839806688897,0.023896186674568724,1.745230187275146,-0.16712335778424348,1.4271133309181891,-1.7317190915775764,0.39973805013304564,-2.1417363527890045,-1.867030088252022,-3.0413130724670587,-2.0564485074185783
2022-07-01,-1.2102441819574195,-2.604346102745401,-4.448241755775328,-4.566213666585107,-1.970941188111933,-0.6428930579504549,2.0738418725846084,-0.03239606350703045,1.777641463557147,-1.8171889659616085,0.32844806719149805,-1.9521166167561979,-2.1150332715789784,-3.0006086566186836,-1.8695335863576592
2022-07-04,-0.9647517297247138,-2.3164512454030945,-4.379232669422917,-4.4659556810392305,-2.313734803366971,-0.9412300331057042,2.462355835985051,-0.023668965426756883,2.3590923837177207,-1.795527412559613,0.4062029992803806,-1.7499497138640372,-2.1006243399020743,-3.358140947966782,-1.9222259647394886
2022-07-05,-0.9210935911840229,-2.296227688329722,-4.320397615072644,-4.508997950388987,-2.037869580164316,-1.040544828831419,2.352191721242548,-0.0047304855329888314,2.0952919948063116,-1.7122925513368845,0.4006127842995533,-1.6696269605359249,-1.7540146747313081,-3.165885305374546,-2.0940191395135517
2022-07-06,-0.6543752890310962,-2.1795638456295374,-4.303642565119411,-4.252761204061586,-2.5140639410535854,-1.0944043533136156,1.881803388932364,0.13960079924739113,2.461444038482315,-1.558165545028168,-0.007745892275125439,-1.6467120684928191,-1.492996712302405,-3.3354834699141382,-1.703358388339684
2022-07-07,-0.30194626378053285,-1.8025749290733104,-3.86794720866028,-4.106997189036005,-2.3466499788468322,-1.0387949649075647,2.0573152348760777,-0.016463217022092313,2.3626926215745794,-1.323260242814783,-0.022246648365807396,-1.692098453670191,-1.575413216983265,-2.7595599436294767,-1.6554583081380563
2022-07-08,-0.41565063317737433,-1.492824400467374,-3.6567287457777393,-3.7637528899692185,-2.3677636690726294,-0.6659639611851058,2.310337463269015,0.2047083452342874,2.420811541393749,-1.080347181580532,0.2510536263173312,-1.5505869457879538,-1.0028303487715955,-2.6670647390020057,-1.305731554518477
2022-07-11,-0.24343533034939044,-1.8643509426583489,-3.9053279222658333,-3.9387754096980054,-2.3560812756837426,-0.6825046999416802,2.1314927525594047,0.30830059088320716,2.304756823693254,-1.3868188099325804,0.9275157743812791,-1.855109028299591,-1.7030797395070394,-2.381141031661781,-1.066377357784091
2022-07-12,-0.18341416117948262,-1.3675401508241267,-3.562637762322035,-3.6042716134152775,-2.519722541874064,-1.3973264400039025,1.9513512465067748,-0.22121260571422638,2.0262745474821737,-1.333058144003301,0.9194442377745132,-1.4576266800273825,-1.4090091801054732,-2.6105326977756427,-0.9823894360024515
2022-07-13,0.46514364406500625,-0.8251432278360867,-3.447507912625897,-3.3385450864343422,-2.560717474785274,-1.0167571371120396,2.7048868364653007,0.512655503472333,2.413261127216811,-1.0570394045371672,1.2550471401279846,-2.401723310826161,-1.7115415611711047,-2.5056928417784268,-0.6756978882832163
2022-07-14,0.5983810399557752,-1.2223501036623379,-3.7930266505513495,-3.603380577612478,-2.299442965967348,-1.0328365974967701,2.6374253959636578,0.26227534309657563,2.43875411660869,-0.6814930507604194,1.2060881077268533,-2.2206541559693425,-2.1388944800306766,-2.397481512961254,-0.6397659180068553
2022-07-15,0.3822414144197628,-1.5062443689832499,-4.110520239977869,-3.667511127564316,-2.275861879460405,-1.0941204039461638,2.742184656617435,0.6816216173467546,2.4774704321599383,-1.1015671134531952,1.0120802465116165,-2.3953330127075327,-1.7900763670598605,-2.533857658111763,-0.8321648998479827
2022-07-18,1.2412372902185986,-0.5781283159908568,-3.612017178184386,-3.061080372010179,-2.042857886304984,-0.887194724126432,2.8006009623870485,0.5512627533334203,2.136092807893433,-0.6779735546523368,1.2139292620282973,-2.178167807619188,-1.5652322572982917,-2.172113605684612,-0.5757458792478992
2022-07-19,1.1303879561538048,-0.41860130205243545,-3.3817615698969736,-2.748965352996717,-1.9713732844888234,-0.39425920882793003,3.2462637700549304,0.31624240589364633,2.5287648429495917,-0.3716887231532683,1.4512965679209704,-1.624898652280529,-1.3340325247076428,-1.6788112831093018,0.0657037821210319
2022-07-20,0.9294095181162165,-0.30014943380968323,-3.141549786417124,-2.2572726316600864,-1.5392462398515454,-0.5026814725626106,3.2101976637322576,0.31198180285018096,2.3613249051244543,-0.8928725249945197,1.3434913252073668,-1.2146826898034893,-1.7754024701681792,-1.6882045402353338,-0.4899774088965614
2022-07-21,0.6835113709180171,0.11346717442126615,-2.8340486276418853,-1.90230399349174,-1.4082354418232836,-0.34197644572196495,3.4102104638811945,0.7233383162316401,2.6406897171882067,-0.6201646606377151,1.326157111105163,-0.8460957387848823,-1.5058118704387127,-1.7259615131661217,-0.26961089737901456
2022-07-22,0.6976799139510933,-0.40209985822702404,-3.033273448316955,-2.0509719953951917,-1.4442633641159386,-0.9463883755171465,3.2270191455253436,0.6639776155961828,2.61408458647015,-0.8230108581586367,1.1650600727690446,-0.956019719842468,-1.3870027062341599,-1.808548013703516,-0.3990638082759585
2022-07-25,0.16913565394777297,-0.2937513391023641,-2.5750018670663737,-2.067877347917228,-1.3967676101976523,-0.4922461832701277,3.3850892774538823,0.5343119848448606,3.1004234895391254,-1.1026001062072373,0.9704209378173717,-0.5517430038190767,-1.2243733024003627,-1.6444300216635404,-0.2587467444325276
2022-07-26,0.006303200794699627,-0.5358310189320754,-2.5313416274371705,-2.0188219026331953,-1.2967945221693074,-0.6346825015114236,3.2236955235316067,0.18132306175808616,2.7738384716763167,-1.0156159165456546,0.5603214793078829,-0.38366181712144637,-1.139018919313075,-1.9079302086619216,-0.022146840532449294
2022-07-27,-0.07574107751043987,-0.295782288505802,-2.3933252218784773,-1.7360594384640926,-1.589784594949788,-0.7823405362822127,3.6163342853045473,0.5696091343558594,2.4931652332016183,-0.022159774640494075,1.347060701189165,0.519767575513242,-0.9604366208134121,-1.6054486802014418,0.8315650220933944
2022-07-28,0.3995971704415938,-0.3070686562166879,-2.3317821848038913,-1.9081302064605812,-1.6167486152744168,-0.6886325571266056,3.4022036945211003,1.6237699268015975,3.1945776314830705,0.45782010798901107,1.3647278681904036,0.9378325032596107,-1.0716774942517664,-1.3490498239118476,1.5166450853709106
2022-07-29,0.4392900852724709,0.3568148004546638,-1.671395858473892,-2.0665376652267673,-1.469464166756149,-0.47191403637691387,3.0663745055270972,2.6285155978269867,3.173214380676882,1.2100179686031156,0.8340655548380594,1.4432823659259548,-0.6086754086829067,-0.7152968999878319,2.0383388859969456
2022-08-01,0.88796620052585,0.12242337378935317,-1.4416835554369332,-1.7818284131518347,-1.1037543558254153,-0.1082550798252,3.6453910328361965,3.221338008117859,3.2842326445567913,0.7237083691121905,1.0031132688069848,1.9025347190187465,-0.17284753524115173,-0.4750712152449641,2.0569276785676363
2022-08-02,0.8698972660096146,0.21022436268718814,-1.2721832687246069,-1.7964504139230946,-0.7273534610805991,0.5355194994060444,4.080758402254634,3.4053395739026264,2.9767937913459916,1.155943023894559,0.8792881719276678,2.332303802119038,-0.5215338074953727,-0.012608241437786303,2.2639954344964868
2022-08-03,0.48008906734599044,0.6529570717854997,-1.024960287608377,-1.3623800288562002,-1.0138374029425667,0.8417220380136611,4.337128125451278,3.3115858362955204,2.8235660465253765,0.9122741811236316,1.0355976479175704,2.3081745244902967,-0.44617192955108165,-0.014419084249189107,1.8339445104680852
2022-08-04,0.7827586062438524,1.1144595043730114,-0.9800320501257704,-1.2035097794254352,-0.8703398748705775,0.7609276751783726,4.68865603331696,4.1608716073283665,3.0913830988188473,1.3742605461564186,1.235919549306204,2.9870924866265867,-0.04759472577173103,0.38092716794633263,1.8346465788770232
2022-08-05,0.6044600568527283,1.2994349368798328,-0.6938904349590451,-1.075753966146772,-0.7030808502538027,1.344678707726632,4.398556571065904,4.019036884316753,2.353895929435056,0.7476043948101629,1.1005458832190573,3.0529074475273967,0.5151958549267502,0.5103238661853775,1.9683163372647332
2022-08-08,0.404978008622837,1.4697768129270088,-0.8009292153636288,-0.9526324088866017,-0.7004104692545515,1.288787414137981,5.023695613391904,3.9599161667598013,2.046847157505901,0.5859545360597608,1.4729225022894583,2.757063220217933,0.4552354706509108,0.44890779938833325,1.7502610408268127
2022-08-10,0.02622814161446367,1.0523889740730126,-1.5670946917965811,-1.0677077913705122,-1.4225693038217686,0.9850480484350875,4.342872198873373,3.950148765028354,1.7338536317511772,0.6397312703179417,1.483393452577635,2.601220421132543,0.38544773714498803,-0.04504789506443753,1.4509767739043689
2022-08-11,0.19757423503424074,1.2903427805701129,-1.134570717988708,-0.5292420068464491,-1.4882151969862578,0.9817566045309204,3.721263068306677,3.8236024198685667,1.5749187004975893,0.5263108366477094,1.5291939690760512,2.6209483940966503,0.5129917660421464,0.009633154631573283,1.9431734637155325
2022-08-12,0.6595644056489843,1.9679304909936022,-0.37924701217724643,0.023213819276843482,-0.8975856498742482,1.50131654167713,3.3370998683054283,4.037191863749744,1.9963325945295587,0.6641112789236487,1.4482936867904381,2.643970404786823,1.0510415254553849,0.742305512735516,2.129007052901053
2022-08-16,0.2903363392578048,1.7085842838794456,-0.6357284088895921,-0.10095154138316219,-0.9524728944801281,1.3605048143449392,3.152088132596127,3.58843069093151,1.6005181283757715,0.09591661372558777,0.4489507677706732,2.623833391341416,0.5893892005602293,0.3900978558748538,1.9446007962660812
2022-08-17,-0.0005552031116658217,1.6649965003076477,-0.6406990605018981,0.08915184745198748,-0.6301579562271902,1.558546007374279,3.9082088325711943,3.477226357155736,1.4877280931337642,0.09220636300292094,0.4147058246803378,2.2806422921023626,1.0652721122474453,1.829835130807203,2.0075862501442554
2022-08-18,0.3250428906275733,1.7358296160902402,-0.7156165432234901,0.6350970714458122,-0.44387679338636227,1.8610350480068467,4.556188890312291,3.0078067730332854,1.5147435410611587,0.24876837851828246,-0.28360312387483055,2.559444345428242,1.4808269405553043,2.0262281950104835,2.543888569512164
2022-08-19,-0.12647624187524492,2.2290932579479,-0.31379907137899105,1.1333840992858955,-0.6137910228995954,0.9728422301559608,4.033036363442547,2.7374369699852914,1.1375677500499815,-0.017662018055740473,-0.20837233752253662,2.5361951799069216,1.2254695319263589,1.8436783997960082,2.5242598783492434
2022-08-22,-0.5168241947832246,1.8614946136476207,-1.0563560828453706,0.557320115672803,-0.7428729342650431,0.683613910846725,4.1710704968882855,2.3253672102603296,0.9860967246450698,-0.20412783602923493,-0.26869962896231103,1.5871174761460978,0.9883794911267488,0.7560635797022127,1.903258912373279
2022-08-23,-0.6291238367868713,1.1327831736980176,-1.6958078387695121,-0.19754948741287529,-0.17701522456924915,1.3186538686638383,4.068908881654627,2.5381170369743593,1.0137896148816268,-0.12509539245679485,-0.47610556471627047,1.0249551790081863,1.4379932125074746,1.1097553840504322,1.839820746065914
2022-08-24,-0.17232165725114,0.41357428792094003,-2.0652296362317655,-0.6811205834669567,-0.04640124406081638,1.486308373987009,3.9234481371455265,2.5060878556682793,0.8257930547000665,0.03017692860934482,-0.42199180465887404,1.4070602682990414,1.1249691468602439,0.9578991880785515,1.2176968911455082
2022-08-25,0.3311076909622007,0.2837851191391816,-2.1663464284744363,-0.9024369768201362,-0.45323803504734383,0.7577590784413848,3.6235056376235946,2.3462307956241752,0.4158154979028073,0.5216900376273337,-0.33115222616238965,0.9094144715604155,1.1483153534791146,0.8404509263088045,1.4368562687705262
2022-08-26,0.46130212030248885,0.5985338822941548,-1.8445840261759774,-0.2610166379001113,-0.35945433780205704,1.123212608097853,3.558485604985988,3.077184378196361,0.9364619827694188,1.0592326937303376,-0.18037577283427106,1.7068256950850156,1.0466932249711454,0.8716408416504283,1.9231982825402436
2022-08-29,0.06918741409602003,-0.36550083924234317,-2.4116843976437057,-0.9115663415564146,-0.5691470736936619,0.6357252326702967,3.4634259918899457,3.0168189987756415,1.0858850624818,0.6028549712196699,-0.29999710225586584,2.952078623057644,0.775704746746982,0.42479888297565427,1.3970121140704677
2022-08-30,0.6133209754054025,-0.1684730059364391,-2.055548586233119,-0.3500361335170121,-0.3422113795867417,1.387092616443207,3.980247434403366,3.6894548162222005,1.5337849279897704,0.7727795821359877,-0.17393313230924323,3.557654771006694,1.1444419308899523,0.9209877226061498,2.426843663807375
2022-09-01,0.4198843563075074,-0.5524136877818578,-2.0959603446101087,-0.6012300577915218,-0.7245217072900049,1.0132579371566226,3.5495161527618584,3.703535550428123,1.5910907184047214,0.42908090286979145,-0.21511560710288125,3.124992900108903,1.4210130466917323,0.6177319180734108,2.8504286412053315
2022-09-02,0.6449031699766276,-0.4359501163970559,-2.0213519189084264,-0.3873324150809637,-1.3370890827875999,0.9118298966615046,3.9947025469468525,3.897691185032585,2.1945488952057546,0.633769935672572,0.45917621805322245,3.4051504953631437,1.3628220417587695,0.6226384515219899,3.1096292188924366
2022-09-05,0.906521998588155,-0.2767163305429448,-2.202267609512269,-0.19783480306061219,-1.380564515638044,1.199524523513226,5.072957935003044,3.475972898519221,2.0926875812723416,0.9676157030429395,0.31200660243341394,3.1341065481109847,2.0974655603466323,0.5822541596167954,2.790365569664544
2022-09-06,0.5590910105750704,-0.500982488729003,-2.4096473914955627,-0.3953437071273166,-1.5906215844281977,1.7738637533360455,4.675266323127335,3.1013588071900497,1.8714776980960435,0.7859228574859269,-0.16520213905410316,3.4281330299523325,2.2145759274501584,1.1970489710982852,2.8883369675108588
2022-09-07,1.1702981110018789,-0.07929364836313856,-1.8605286602151847,-0.14763679164948706,-1.5135966529745224,1.648658243376366,4.657559487024084,3.257968895975409,2.087411129262779,1.2072178307000503,-0.25414959292209055,3.112911347135933,2.0987909709095587,1.3264638130284399,3.1492144594737517
2022-09-08,1.9159832764474778,0.712407258217401,-1.1553399784785539,1.0927980943882667,-1.288001901159719,2.406536807187788,5.6389013871104385,3.0731847482224763,2.122830005799011,1.6064907976010556,0.2651509743019653,3.5275639300729864,2.4948931348965746,1.5079777252691924,3.8741553019960415
2022-09-09,1.859652295393127,0.9139350635984692,-0.9695113064166305,1.8772290318752334,-0.9343020370878531,2.1118988887650367,5.6072368943433695,2.953109919641212,1.8662457430509007,1.6176270963598385,-0.03596508394454037,3.4581577361289355,2.1480361057168302,1.4441410037596094,3.599810439586108
2022-09-12,1.8689177240684496,1.3859682634221755,-0.5641911206456669,2.3133761301935936,-0.6732013974960572,2.514604807448919,5.889135655572985,2.9463090239173026,1.851852822632653,1.6323993692231147,-0.12700022352095441,3.4635831882568784,2.2214618492423286,1.4880961063430491,3.4523572393055675
2022-09-13,2.5839984857718483,1.7862368279010448,0.1336682546050671,3.094859039473612,-0.20872542207400496,3.433550312885203,6.500925957374192,2.96355185056308,2.308338915780664,1.8736445787311609,0.06901585845238094,3.8331322596394433,3.4359144394470875,2.3101556736876074,4.634931602859171
2022-09-14,2.8782817395957028,1.087377634774675,0.6094961825814786,2.7524708528411566,-0.12006586250093226,4.27215539802532,6.3337273886753644,3.401135928018695,2.6081799168618685,2.3076907702352143,0.6162823688102281,3.364806831908284,3.75548265005504,2.39572790040798,4.686179830665218
2022-09-15,2.6160249868627474,0.3357395152015553,0.12828101043389636,2.054504636009188,0.3181482419440337,5.118441435031613,6.129924375480618,2.8579428719659705,1.9642108719202107,1.800372585394896,0.3403480779555173,2.5112426085561403,3.8823150722980913,2.876460588686919,5.032438892548643
2022-09-16,2.5551535538837324,-0.6278970854426306,-0.9396601168428624,1.014479835705319,-0.1232076946913692,4.481646902865389,5.4319515146181745,1.9258176980662374,1.2332098372858733,1.3668799266289813,-0.814762881594323,2.2472081586000203,3.404831620755476,2.399909821750669,3.341192000196152
2022-09-19,2.6794099926595774,-0.35435124857187983,-0.33548823155300384,1.3975687358832292,0.1269796316107192,4.638555046199074,6.399356533771649,2.6084409639923507,1.1235049250680011,1.729115463319006,-0.6473221624693759,2.4649303835761684,3.8656749182183887,2.8878504416244857,3.8201401154941244
2022-09-20,2.623942720942281,-0.5321464231689029,-0.5686496435118876,1.4602077577867265,0.3315403941510923,4.933693487421291,6.412593199930106,2.1633210060909964,1.3719548700142252,2.0613425242696986,-0.16449811287156862,2.9012950443235765,3.661979944645248,3.149609108213036,3.684517043695765
2022-09-21,2.2689748323397096,-0.5369124805423614,-0.7525222060981201,1.6609096200021107,-0.02762995757044246,4.443847478383511,6.711251942485463,1.8870803578540847,1.5986245817545022,1.9244525215063835,-0.5647336521350409,3.112014580539651,3.040445287210683,2.7942491805551635,2.991181106753662
2022-09-22,2.0883850114799345,-0.9994055716098954,-1.187341928258633,1.1394219230484584,-0.5023506692309898,4.203422051292972,6.657990937088508,1.7096965340049435,1.9280510260550057,1.7390641815366925,-0.46287542882432897,3.333129704558335,2.808227517848367,2.4636457533321954,2.9237813976928844
2022-09-23,2.0400419288218408,-1.0848154175254432,-1.4736983418435936,0.7635553933247524,-1.1056576435814618,3.5167529134147704,6.579173543198923,1.4692156603491244,1.9166094686628672,2.1653826791044337,-0.9638277947339293,2.3413761930170125,2.5416714932277173,2.389812182840952,2.381621528917394
2022-09-26,1.9937188619631192,-0.7467885942472924,-1.161911284047914,0.7272370636789314,-1.8526786262804857,2.429033747114429,4.599382413127088,1.2940364902743535,2.0406915788163285,1.4898567319437448,-0.9724662358217114,2.3749377698090393,1.9202108953397536,1.7227069824679409,1.6199283917081677
2022-09-27,1.5034214380274291,-0.5851413133367723,-0.758536397250517,0.8870815406049348,-1.5948519111036152,2.3337227951764032,4.808860722356406,1.5900473061014957,1.901096751612426,1.6017057900813876,-0.8290917686343654,2.352364266689467,2.133143113105698,1.6461391582826421,1.8353009015632638
2022-09-28,1.3697447351294403,-0.7567629762141288,-1.0724457212396759,0.8353057550960908,-0.472757426259311,2.5180269173637564,3.2622846625232316,1.3952605455207656,1.482050868704407,2.0224390355722877,-0.3249404543859251,2.234917367134641,2.501246880766677,1.2340881786284705,1.3273607274243344
2022-09-29,1.065722178788203,-0.8026621118321965,-1.2482722568026825,0.664652778068448,0.5553291222960969,2.5982054824580083,3.2406101624829993,1.312071349562389,0.9648202132285228,2.261313395009106,0.2711276166236424,2.492603162057658,2.3550904785016984,1.7139805149714635,1.3322341435101144
2022-09-30,1.6191719374696854,-0.5180561052783585,-0.8644877624852689,0.639444716709418,0.4141075221057544,2.682099770233631,3.680528684657621,1.5189053365218286,1.0962126599788211,2.445547239444849,-0.036378898402944504,2.278838940641801,2.923145727528834,1.9277047200490316,1.6846817376306837
2022-10-03,0.8900061543530369,-0.8892585742942632,-0.9733477389692143,0.4996007953134638,1.8165680145600172,3.029582147356693,2.77728208409562,0.8454645333049348,-0.2650534757111596,2.3224544321494713,0.3777753551242402,1.9629290009794356,2.768520182214932,1.8349405089321584,1.0074922769171553
2022-10-04,0.913889213613254,-0.5634648090657925,-0.619927535600795,0.6648033135883118,1.685480072570918,3.0754504938792455,3.0682823418931813,1.3948727405830437,0.1396242407534941,2.0836961589924554,0.6045088959251957,1.974633163589883,3.08424233089395,1.630976297261064,1.1351599184529195
2022-10-06,0.8238197418422426,-0.44927716662250416,-0.31420532495122844,0.6264235296865831,1.7966947845799661,2.744647971868058,3.225594037531425,1.187727583043483,-0.1865403882193108,2.0868167476711297,0.2007750639722598,1.8441570403749656,2.372160334597381,2.1206668548212,1.2966216759182705
2022-10-07,0.9163452037737627,-0.08825927015162906,-0.04505106402202031,0.7925265180582682,1.5000061115206471,2.760577381921174,2.8907217740253563,1.1240582079470869,0.039588206233289416,2.1203078450838238,-0.5116192108640436,1.8682173172583831,3.715641811307496,1.7355543976290575,1.1300382770792974
2022-10-10,0.9755718420971485,0.3891544185556412,0.20829565893511756,1.0176873015935108,1.5838928689331948,2.4488376204660742,2.5933176139583245,1.3692525304244485,0.5180504289305292,2.0627228333452257,-0.4119471066732637,1.6872103573146193,3.6233857887442813,1.8783559166751016,1.0044808217753491
2022-10-11,0.5654098563561948,-0.07706067616093747,-0.004673328567286309,0.7699321914115693,1.2825643932916098,1.9135474580448757,2.3826310067510175,0.3355236174373936,0.10635696831415573,1.8619731986456198,-0.956075634829233,1.6979317389639874,4.029547591680114,1.4619147655157505,0.6824138611692515
2022-10-12,0.5072134199362924,0.13664357061625743,0.4205388392861,1.1344624321600991,0.9940489229182017,2.3481173122356434,2.8898257198824138,0.5231719690281281,0.030614822477282578,1.678293426884992,-1.5272422139905364,1.623540757930919,3.9561701450334645,1.4433248278598636,0.9440239192242974
2022-10-13,0.2611905294698769,0.02832299555020053,-0.4972182863927073,1.1221094115428714,0.8881190397929651,2.151588675716706,2.589689877035576,0.08205449688727617,-0.28091677960471384,1.9448793816669026,-1.3221234982087722,1.4181511485833955,3.4764707076851558,1.7476065062267636,0.5922463260675581
2022-10-14,0.02130591620194158,-0.022196125095102933,-1.0561950227659003,0.739514944496584,0.2204028630494476,2.1836382843073316,2.6808892821745447,0.45583576078146276,0.2185674238784258,1.9996582336165596,-0.6657667126219965,1.46830067465015,3.0823491252615614,1.4650953172804297,0.46604837026555856
2022-10-17,0.3448952369463807,0.1966033686098255,-1.1912835101629826,0.7926551983182297,0.48594023119295127,2.4030688144905534,2.745720055226853,0.7558494532966534,0.032567165839789004,2.231883462429559,-0.45547206591030065,1.174121324643275,2.806591349019339,1.1835607838012263,0.24279452653887718
2022-10-18,0.426375356076076,0.019491279765632925,-1.276496338413981,0.19459919559608105,0.0309983457832016,2.2606341410538775,2.944299899820162,0.9966894602281536,-0.2789063565204519,2.3737496740474096,-0.401558614903622,1.1050870048952566,3.2680460067380332,1.1992718900340285,0.6027265057892095
2022-10-19,0.775137509232832,-0.3420931070990975,-1.4116555431226052,-0.06713024633486356,-0.1489834272945962,1.8958921612579112,3.1884240133132353,1.1218608162030044,-0.43252817484394157,2.300092898416258,-0.17773122762397403,1.0379478646395475,3.057432437361843,1.0406952963071348,0.6149144962376596
2022-10-20,0.47110244949367275,0.08083769978176743,-1.1258742503735892,0.32623737237816447,0.15649379361879154,2.415677426143645,3.314042630398343,1.2928756151561491,-0.39528271424749745,2.2636247879994578,-0.02688661598387835,0.8918018440705286,3.2704482923618934,1.1248031842031805,0.7426981850606309
2022-10-21,1.130460998948626,0.10419951474731284,-1.2460576443322344,0.4891457506488618,0.7241956923575755,2.0751256488286325,2.9938876088282016,1.819982012774443,-0.4657286261579512,2.3485615896369065,0.09606479264762466,0.8879648875817245,3.397750141170612,0.7050524643722932,0.7172129252971369
2022-10-24,1.4145586090697089,0.8424687670052213,-0.7708604859941655,0.8656622915480953,1.0805803917018408,2.2773295901260755,3.025822215684173,2.659522864899117,-0.001732849883805491,2.5332223278816994,0.9690810648390986,1.2673672781322638,3.350334388738517,0.9881677018870414,0.5893546021141522
2022-10-25,1.0083854648136883,0.7167295298270702,-0.8352357233573683,1.208164738545837,0.7731398292868845,2.5459144752667284,2.8191154881439453,1.9239069296872788,-0.7741125243996576,2.1314568151318025,0.9109983778829204,1.18781991518155,3.667728577247338,0.853804086005565,0.2996189835655759
2022-10-27,0.4833247445828397,0.3752312375395631,-1.348158896061618,0.6820486843693381,0.6979704445094059,2.6005233272613664,2.838137931842042,1.1989018445380564,-0.5956046561053788,2.4619418120288326,1.2970702107087182,1.0475146437973397,4.277993073277063,0.6572983556083886,0.312281761240445
2022-10-28,0.8518033629981641,-0.0882898823570506,-1.670415913175226,0.14229431098605128,0.4572694367862225,2.6374722289906267,2.866923511910378,1.088654245049471,-0.6440694688363524,1.1700360475120748,2.2947511888395082,1.4074461820189716,3.9690338701754353,-0.7196666853782404,0.21200472931513262
2022-10-31,0.5788073548653453,0.16271628587074166,-1.7463502472618735,0.333854515561395,-0.022509459165084136,2.1800777980275905,2.7521722398457786,1.4116309373886058,-0.451731258002288,2.279894056597769,2.01203381825919,0.9724271443763081,3.8414877424362905,-0.8184680930902746,0.3032292539437135
2022-11-01,0.3641774441741554,0.6092034557675619,-1.4850118152261738,0.6856095310362701,0.3277297959822987,2.5336259219046404,2.6373988410046634,1.42250487712462,0.08660366333618463,2.6752705041109968,2.6693534096970732,0.8183498965804997,4.201598076629467,-0.6991580866557187,0.6124752175786125
2022-11-02,0.7149346109471398,0.17158963831782528,-1.530330681653398,0.553416252210169,0.6231348045319176,2.44471538255611,3.0563478595607547,1.3090343803604956,-0.19535167234308112,3.5120926556081167,2.71305024246328,0.42969455418816993,3.185174552196128,-0.6987556221415161,0.6161619095232618
2022-11-03,0.7787560538453592,-0.4157106192741843,-1.899999650569141,0.0946196353986951,0.5415653102323907,2.7640443906257786,2.904634809023437,0.8457287487458831,-0.03910522251401152,2.9116899259455518,2.603487641851363,0.1747224380841107,3.3570254062553815,-0.6783183162513045,0.7722691714872194
2022-11-04,0.7939477319022888,-0.7653070060693523,-1.9968677014106395,0.07568803207527745,0.6895160215044339,2.5508085290305416,2.806803459263814,0.7695376462140042,0.8195625743673169,2.880566335629108,2.159317089013844,0.13782450633188767,3.049710094560442,-0.22020402423010357,0.8542979172974631
2022-11-07,0.5082689988192489,-0.8634923727201398,-1.7889324749883326,0.09602666671341774,0.7755194576817043,2.0761188049830652,2.6485607193921923,1.1353669500714283,2.321491513500741,2.756195509650898,1.5677321553672903,-0.04186463074868835,3.1792747416288067,0.07371670283166273,1.114237786607794
2022-11-09,0.7857193024770402,-0.6539096020294742,-1.5893413696404906,0.018191942429389745,1.1418776820402736,1.8997012039664347,3.1650510227743154,0.8294006374099183,2.38944449318407,2.2097502233577595,1.7122697753301919,-0.362401801126808,2.8014377535618515,-0.28282074236339816,1.1547745155121305
2022-11-10,0.703866604509462,-0.936004765688022,-2.0625387489875155,-0.40549360005695795,1.421766220510346,2.0085434806318463,3.24127642417781,0.7713619531021229,2.2504319160339463,2.1164424031714715,1.704454095852427,-0.33240020885198956,3.1260857821311125,-0.46148603015757284,0.805748979877067
2022-11-11,0.70017220252331,0.06690674871100422,-1.4128437981352495,0.29439801647066854,0.7228337539562055,1.464324515126079,3.1088698649424047,1.084788667031617,2.0083697898514035,2.3623512404671665,1.6349767752717523,0.5555565154422498,3.1576193666051595,-0.5439838279458581,1.1015912957509661
2022-11-14,0.8802242528964319,0.1936382897838113,-1.5901983144952332,0.22540888861497121,0.45860802510292,1.437246186223482,2.3455435558815583,0.644164785844304,1.8928229400693115,2.40531055443744,0.43069707245979105,0.8721508653995546,3.1999113546219804,-0.4306389289887585,1.077689435679652
2022-11-15,0.8451440040894594,0.18361411155204452,-1.8180265025290336,-0.11595592020430344,0.9006205752175175,1.2216525604770507,2.0998848347884325,0.5757830985151643,1.9673290614593049,2.2467673967456867,0.6840843444803653,1.2022698496494801,3.0487797863412966,-0.385943137755661,1.0014971305260634
2022-11-16,0.7216721445752556,0.4961609156353621,-1.4631075524322228,-0.1260294882606746,1.0889933343849185,1.0694922611044821,1.8382068203300033,0.8224749020401235,1.991200014379692,2.3986306212928956,1.4093166431969866,0.8497214024947016,2.9220332613398363,-0.6585040024931772,0.5633787650662484
2022-11-17,0.8563781669130295,0.20750605924470258,-1.4244150734180823,-0.22719334995055362,1.2608831451660398,1.241040004685533,2.063961437680705,0.8371421232065418,2.110018147314891,2.6025987168142377,1.2105507999978489,1.0594942002259975,3.068148303980025,-0.434789699180765,1.1895575854754437
2022-11-18,1.4556324552847923,0.47750418305945297,-1.0703293475257625,0.14667824718885858,1.4651125476390885,1.1194054284194075,1.7477617812870179,0.7513893551970134,1.9662574839985096,3.1229883331460138,1.2398426291266451,1.4829031621272895,2.971945411372838,0.1988371187533111,1.4524993638792842
2022-11-21,1.0402522981545792,0.5634651048737482,-1.1619218252113546,0.06660547844741169,1.2727264781913439,0.7339865854936447,1.413039877763834,0.37606841757130055,2.01293660887407,2.779445339060166,0.7341618530994966,1.3808757653124104,3.019230329417886,-0.3714343197156202,1.1177352279826402
2022-11-22,0.8673243867432261,0.7802991342482288,-1.132704105888152,0.110914189885583,0.9290414664028307,0.77630645266524,1.7078850709040327,0.1604619465787299,2.25423256752521,3.1331112693976535,0.8351118939855984,1.0642904961393118,2.8951408167657116,-0.0720921282043218,0.8299363574897777
2022-11-23,0.9945130356326465,0.9639384155238959,-1.093192035950725,0.02232380345092857,1.0326458796913776,1.0883423387591193,1.7967269796238274,0.2677091811067082,2.3035411799542143,3.3962462257389734,0.945399125553178,1.6589683696270099,2.721668714971628,0.010280629205693856,0.6901242695030116
2022-11-24,0.5552530882855792,1.3609059653138798,-0.7176455910168235,0.17238521758436592,1.4052771277553124,0.7669474179285403,1.8173791558560461,0.45499623360911007,2.4291090033175218,3.6596872425201896,1.0626984556972543,2.0816676325934034,3.160312686639284,-0.14693938922146826,0.5882599528265523
2022-11-25,0.9765050979238024,2.1270695344853987,0.04260867941547441,1.058594263048844,1.656284295190417,1.0698255144097741,1.7484741746124595,0.09451778941916462,2.148396188394276,3.6553206152731743,1.1531658774953442,1.8780169153629924,3.457442141855,0.33459937166913295,1.136594527329314
2022-11-28,0.24083441701125585,1.6752364590643647,-0.2525096177725663,0.4244373813899878,1.1713181879877284,0.8086760536368384,1.3167190778767919,0.10363800809564677,2.0883233341315655,3.3627104500976848,0.8930961661153537,1.4265127237609045,3.0278887640867276,-0.40766487531652973,0.3386052675086644
2022-11-29,0.3607492067706712,2.077207667900786,-0.13456614461240524,0.7474090887206682,1.8644571476365155,1.1680725053470713,1.644551435205584,0.6440120101950254,2.4994590555058,4.363195684430476,1.372654668050388,1.578304532913049,2.759876543773172,0.07595972291632119,-0.09107359434346038
2022-11-30,0.42223698843824176,2.271407469382034,0.07402943033718208,0.7302224463033662,2.296142069816758,1.2597565703106335,1.1584301964180561,0.9020626470179205,2.844117054457341,4.3372335177749335,1.6009118554969264,1.481971065538188,3.054433846180758,0.4606891592965646,0.42871749108074153
2022-12-01,0.047892778724058824,2.392687104352982,0.48779438678768083,0.9578985594291606,2.042441229067479,0.9620510867498294,0.7750718335626783,1.1053764192262756,3.197727827237205,3.999490029322341,1.411262585468984,1.7357020272386,2.902745158844421,0.7049362244420044,0.8303341690872196
2022-12-02,0.27006016384512854,2.259597797339196,0.4773516644915603,1.1707403356729136,2.370114454169667,0.521778225333576,0.733938268010808,1.0213062531966821,3.6019184599188008,3.7539574801949023,1.4560852507418403,1.5965475948867194,2.410268086688521,0.6319236186017263,0.7152008881578849
2022-12-05,0.45065437752505105,2.2492430488205453,0.33673607735846134,1.0670774510278305,2.6720318996574113,0.9742754156033845,0.7771142997735934,0.8673254998709031,3.2200468796983124,3.5858319689815636,1.2485288113269524,1.431904777456833,2.5387952037704884,1.3048630409699362,0.7921716063542775
2022-12-06,0.15118167630244936,1.7592733182455325,0.044811178240289774,0.39907808940190115,2.5813718168413726,1.0367054703736038,0.5692818719730546,1.1036703167542734,3.279051409258261,3.427437733183606,0.6004987128849391,1.3348837111243124,1.8133536390936127,1.152006478816517,0.772040266025782
2022-12-07,-0.08856798115228004,1.3078346135886132,-0.38623311778731395,-0.34433021262575036,2.013024720470869,0.6868502943587703,0.7048309357383095,1.1874092835284888,3.2664210870220423,3.1338985387322826,0.6213277495117729,0.9935265653155413,1.949068338274826,0.9234484521015008,0.5674500999917377
2022-12-08,-0.23330379901068504,1.1959955810259926,-0.7302880152506869,-0.7792907499630803,2.2760065776127334,0.5451895617845602,0.5723221299353313,1.166206438874162,3.271841806457589,2.181287732177939,0.5653707683229559,0.8520362551850925,1.816183872127779,0.7190295319807961,0.4375390572681544
2022-12-09,-0.3336790278745556,0.556820505521407,-1.1863849846969867,-1.3149889361130676,2.0029539016063906,0.3416954417042056,0.5370283551596395,1.5005477857139324,2.901402333711563,2.3665335102889453,0.8486595471041286,0.7632300455075668,1.478635205988955,0.5193969557170242,-0.10540728694082416
2022-12-12,-0.9848785708584299,1.1265465452459025,-0.8043692094163398,-0.9107790028388332,2.3247598736915904,-0.2812200871268249,0.5879992896034237,1.6975611867163267,3.0416054549713523,2.4053346983414055,1.2570298387409282,1.1493167449201047,1.325988358683363,0.4937389046348959,-0.03107454409257082
2022-12-13,-0.7126333662661646,1.9524546894802586,-0.6819271156797675,-0.19585427533429922,2.669990572367548,-0.5600871581885797,0.8139706408307827,1.7061645772695615,3.145015251163972,2.7999390685246364,1.5221827120286933,1.2442603067443123,1.5235890937685608,0.7408721427204966,-0.2611997893617094
2022-12-14,-0.6077795371098613,2.9149136566417875,0.03019049924234185,1.01362080752198,3.262321117632107,-0.02918605807352723,0.983281715899496,2.137579897669528,3.5401809427523756,3.0802784405452774,2.268905777336779,1.4243195886272304,1.4384111653403246,1.194725201587572,0.8719411610287303
2022-12-15,-0.7209174263202025,2.2028270888880543,-0.21936406289884083,0.13388053894899565,3.351785453503019,0.2304077351867493,0.30114860748472766,1.3460573964656042,4.026201523230796,2.9612902130379264,1.9713666390497153,1.2508215054714196,1.2759517216099332,1.3009229770560948,0.7304721522424703
2022-12-16,-1.1186253298799969,1.992579294771876,-0.6253201962964137,-0.1868553908746772,2.971647063904206,-0.13161085889188584,0.04359672471556339,1.529924563014236,3.664789482666484,2.0663401483886283,0.5578268004305392,0.14755908767299913,0.9245867227374323,0.9153209848193827,0.1974100300764683
2022-12-19,-0.6463574682806242,1.9602538811198074,-0.46439381866049195,-0.1509398446778683,3.1562040055423646,0.472883939830503,0.0722629393784288,1.8487228894768382,3.5077889531930553,2.1055270124452856,1.287872405098851,0.1468208844454956,1.7094702585511634,1.2392444813371233,0.853188735096715
2022-12-20,-0.4785140179477331,2.0888592299536883,-0.33483455188445593,-0.10516708885318625,3.562378048079339,0.23206036944382838,-0.2008008965820555,1.9215690356890114,3.157263913672985,2.0462272575799085,1.0136514234174232,0.08378111181751942,1.2902110238675175,1.2483910269177374,0.497690530037903
2022-12-21,-0.5165516125462365,2.1508578315003866,-0.13246904602257087,0.2672459508674559,3.198070911271386,0.5858501745990773,-0.5850712302073585,2.288304168149591,2.8795278999042044,2.1042010239716116,1.4145039500451302,1.3729035405856276,1.2476613313477805,0.9035543364766757,0.5926486184828503
2022-12-22,0.04922202276447635,2.1073378486712477,-0.1921210445540808,0.12560778405929945,4.150665918998981,1.0446486609567442,0.08118125443830193,2.3323503956590184,2.8047781140114227,2.8300502722709897,1.1832716810400352,2.002443846146282,1.8183167370814703,1.412717948346935,1.4083677973231183
2022-12-23,0.38607976819384815,1.612541928624369,-0.8968698440670415,-0.048675314664871246,3.538967815181841,0.6130519020850786,-0.45589740374694054,1.882701512651984,2.3631383165463484,2.693901967123541,0.7307719998785018,1.8545530742108047,1.4355183253417327,0.8668893593939131,0.4155343286246292
2022-12-26,0.3645852857961127,1.661580263728908,-0.7357820951553656,-0.08021561872167153,4.140456271559294,1.0755201353069854,0.7548919579655629,1.4182957429949457,2.4040133521647324,2.1796730644973605,-0.005281657669964565,1.6924236159974728,1.474393141290463,1.7021138372495617,1.091218201283359
2022-12-27,0.8409499330167705,1.75752767868553,-0.18536009324283087,0.4702884439854916,4.056877211091905,0.8154555085834418,0.09462282972489867,1.1237048686891398,2.3249066794390725,1.8617221390609315,-0.4534955125716171,1.0852799775732132,1.4846889752584138,2.172109617792377,1.0297408393256218
2022-12-28,0.09170013634539745,1.513284686244735,-0.19639564337869514,0.5626270568696633,3.8785294537488184,0.883014756273688,0.2430502548647047,1.0109096973797753,2.4994573842099914,1.2866278859047615,-0.3207834948026363,0.9072178392091408,0.2039143637807456,1.6632984857056685,0.8013062607692645
2022-12-29,0.599560676905848,1.8725839442616898,-0.06565743209070307,0.5639423026836287,3.382717863602193,0.9040292276647646,0.8975423114154695,1.1506116475030357,2.7305307920059887,1.538648620980097,-0.714768345843518,0.7327118944943931,0.6003666284610432,2.039629953055793,1.2746846020917137
2022-12-30,0.15036191548081226,1.3192690667819547,-0.5074969146594575,0.2154342153675143,3.4431059753864264,0.5901932816319329,-0.01881736694729873,0.6273400517437492,2.3175064099639626,1.5588816436112933,-0.804662043811964,0.40140744552167223,0.01208408812414213,1.7675221498805536,0.8459625938259294
2023-01-02,0.16825570430763045,1.1880759668001353,-0.7188205930288486,0.03645320375820792,4.1650318815320935,0.7357102541537343,-0.21183849473890137,0.521769251036381,2.5160166294325266,1.2027705366613808,-0.7361667908778573,0.36640147049975413,0.8448879270117743,2.1398197245807267,0.6997473589157114
2023-01-03,0.18787267789818576,1.2219289840906382,-0.4220808937406347,0.4276597778341778,3.7751770382409435,0.5106449615018326,-0.15258403084216157,0.6824464248519979,2.1945243101297507,1.4629938190109377,-0.6147092530824538,0.49135313692338806,0.8289737205456348,2.0761785424125385,0.6245230262361713
2023-01-04,0.2676479537996547,0.7185431194659543,-0.9216927579981518,0.26692183163253697,3.28738150153132,0.4304556449608776,0.010674662184384946,0.681049355581307,2.104990625235207,1.5870041232659857,-0.5521938109300716,0.4799918749169928,0.6758232979924714,1.7428699359991158,0.37657140258193567
2023-01-05,0.586272440257094,0.9928144770112721,-0.7453131137462434,0.5590672100026913,3.770506758502984,1.2035940388495086,0.6329728988838751,1.868816507633505,2.798532952696812,1.909648926236995,0.16980237121387948,0.7247752071013982,0.9191740740680059,2.269489393216564,0.7803949325125709
2023-01-06,-0.2923415685182562,0.5726884186936447,-1.1571583045854943,-0.11523240936427424,3.857979412560871,0.6048931994068523,0.46255940520973765,1.6657006199176543,2.8188068609336727,1.4422567705833726,0.2547436263448149,0.5157092159675373,0.7209934053137166,2.126225972589142,0.25567576461522673
2023-01-09,0.23377230697584428,1.1301656501648407,0.8958478993669428,0.46196259396591377,4.300577474311487,0.8104461376258308,0.8021025385309962,1.8479497746997655,2.7362800981192934,1.3181453071954055,0.5066512086789805,0.67873208244544,1.5687271098890954,2.413894356472283,0.6518114997177871
2023-01-10,-0.526881883234398,0.2577372789549698,1.093291254592296,0.12135102123393747,5.027026726187343,0.4558489644690754,0.18041176283742152,1.5707473922639097,2.509253472716691,0.9888706632207761,-0.022824686739196853,0.7796003832003968,0.8462835353129363,2.5662916160309237,0.7960359358212298
2023-01-11,-0.8137782971113278,0.07056738157854776,1.2914804420379729,0.12761573571219745,4.455121101268614,-0.20822831093084765,0.04701976438715132,1.2471524175802893,2.548201632703962,1.27565988346356,-0.29025110056902687,0.3920363146305996,0.08961052470782292,2.6477288007978164,0.7183204976486766
2023-01-12,-1.1786779106065812,0.014352906754146199,1.0636562761456687,0.10984203800271428,4.177046231879294,-0.032106410214331214,-0.7496453746518499,0.8338705952027047,2.5361949897020395,1.4344256951463,-0.14329520691653364,0.09733469732656748,-0.60931108518388,2.401689492192885,0.5531094112083254
2023-01-13,-1.317593259732336,0.5556767513411637,1.1088746194378696,0.14141045377166925,4.494625313115313,0.5820012156003219,-1.3486772390198365,0.2879559591856638,2.6815762550240607,1.4413372945162122,0.1109815892934069,-0.08417525513141653,-0.41038031477089587,2.7527965315733054,0.43379851304157413
2023-01-16,-1.1566224466202755,0.6335036140099731,1.17411716735125,0.2975557856486968,4.302787200577064,-0.03678589818004681,-1.5037780534805647,-0.18449588340732476,2.4584611199021746,1.4462133695619313,-0.026719240643842103,0.011371720878081611,-0.8056989059770336,2.5738702289750264,0.1350275300778367
2023-01-17,-1.6155050837983453,0.814510709760815,0.9626155802497454,0.49767304101978416,4.027933920051638,0.4410784183014501,-1.0168172211098516,-0.21056919952212427,2.6584578457692802,1.4474300056688847,0.2010285122661453,-0.1392132137015142,-0.7437814213058949,2.6031695448683467,0.38119498868108337
2023-01-18,-1.4853726183682943,0.6679620791055384,1.2292803353508936,0.42030755879387555,4.027272024164257,0.4181694087322946,-0.9835112200306307,-1.173873460405919,2.788683853351276,1.392594983536248,0.023990897524093977,-0.15438114375040846,-0.5654243754921369,2.7962904618091478,0.42769051778248307
2023-01-19,-1.2883636689648048,0.47760523254922865,1.244600013752653,-0.06586028026346301,4.844492660325936,0.007890573739783285,-1.0752851112657102,-0.6380273130209885,3.146402093083938,1.2895606491744807,-0.48274954615950233,-0.21575306596074956,-0.6901570685075048,2.919635570798927,0.3834826805765271
2023-01-20,-1.695269333761602,0.12591446983178162,1.3595683412856185,-0.07145431032556376,4.629179232950321,-0.1619947253529636,-0.8272992120476443,-1.081441571733959,2.692235573487793,0.5490966141341616,-0.6414322930680052,-0.4531972913110392,-1.2895158332358374,2.477965004995297,-0.5748509460082996
2023-01-23,-1.64115711672464,0.5457399630861074,1.5463842159329217,0.707824093981405,4.440295154753297,-0.8612195145654962,-0.5642097866025452,-1.0433373050797354,2.6638751869798503,1.5880519128597004,-0.55002293829776,-0.7965726662015575,-1.0504037159412407,2.7651866421998985,-0.6151024369196025
2023-01-24,-2.334259460428959,0.2856054607064835,1.3787983825317651,0.5514427676624737,4.339254683675213,-0.8465783165684365,-0.6994458699781972,-1.4439569673264048,2.955362888503069,0.7081350298827168,-0.8486371056623174,-0.7312903209969212,-1.3814337477395502,2.568678070799386,-0.8828996932237863
2023-01-25,-2.6383604144073796,-0.28317385922359384,0.7084332310939326,0.08958029173662262,4.196326920977263,-2.433011732163418,-0.7383468119698893,-1.8618831175629553,2.8163837571387957,0.16725545615803392,-1.6879415024622344,-1.0248390002008574,-1.4502626910763607,2.6911285770524596,-1.6524315373953782
2023-01-27,-3.167235804327008,-0.3406184048670112,0.39663882855220006,-0.45413637663468026,2.973124706278997,-2.237818934313539,-0.5875357628445725,-1.622727390899455,3.1420095464214692,-0.1637221685986098,-1.1138068723999064,-0.46151496939654546,-0.8988191183161339,2.6410264256568756,-1.2547279225546353
2023-01-30,-2.7635667664402987,0.2077291760209765,0.9974697974695169,0.13459630762976194,2.497530117038258,-1.3851566355340796,-0.6085500766483024,-1.7495861265582306,3.1057246455766103,0.2783270910150359,-1.2081491899554597,-0.5374418811424891,-1.272545399690916,2.293336095933389,-1.3715766438484027
2023-01-31,-2.6745499017634122,0.36291643696092857,0.6580497079806452,-0.24885656868703407,2.2737987524600163,-0.8179777937717748,-0.011527101180657326,-1.9655029364839192,2.43748775106554,-0.07276941603090234,-0.9280160321672609,-0.32905026047601216,-1.2082768198826512,2.054001517855467,-1.3426378138779718
2023-02-01,-2.1658903483378977,0.6742321113289217,0.8120450063978545,-0.09043122915990384,2.059528730802424,-0.831045194149761,0.6268436336245662,-1.9322204508743395,1.6585912699550727,-0.2869804209953181,-0.5896369804862284,-0.3055296856402767,-1.4224381121733327,2.0668078148396285,-2.199121450196063
2023-02-02,-2.031874147176095,1.0255430504620175,1.247297948329687,-0.09703802937834606,1.9158288950438314,-0.9356998875222265,1.151841682892912,-1.9127622685304722,2.321991044267155,-0.09010070993544464,-0.746582500567556,-0.42492158829906335,-1.0608963488213674,1.8864349885348692,-1.8644641845181573
2023-02-03,-2.01063055609454,1.3379017285982888,1.2834286781043185,-0.058862894586852954,1.859310730642072,-0.2575536476670144,1.5709047415173123,-1.6384921263426524,2.8665659643855648,0.5392341472204707,-0.8807444276988545,-0.02989096394550361,-0.7933037241530515,2.133459182019401,-1.6643451685306112
2023-02-06,-2.293267351570997,0.0937089569541161,0.45218591467707325,-0.8758964676703443,1.6390364203289212,-0.08138178530606519,1.7050392488134363,-1.8333320730505087,3.088464440083935,0.3357752339529054,-0.8767174463740051,-0.31888977914525973,-0.9238801909833768,1.3994519309651094,-2.1210285612939264
2023-02-07,-2.161350307566843,-0.21435705849163428,0.39144000254720523,-1.0526724260623161,2.0092929082813313,-0.20593302920072362,1.6831933145819207,-1.555685366512445,2.9474258238351383,-0.1938450087951071,0.5083100339204004,-0.9502025480652948,-0.8853041676286507,0.48840530957370626,-2.2376710610186157
2023-02-08,-2.1657505413787015,0.05199350101130979,0.7303632511397056,-0.9142056704783903,1.4383091968300532,-0.26517436486293494,1.9448454519532687,-1.5151616412039601,2.6740725462676664,0.19581820556957627,0.382230842794492,-0.8387614352977376,-1.5533077951740286,0.506947931030205,-2.0208879711329253
2023-02-09,-3.127805953463126,0.2827132585742917,0.7555703745851639,-0.8181713355057189,1.689962516395007,0.13843385198328864,1.941823404757361,-1.5697541506945194,2.942073581642391,-0.02848966625633889,0.11956757816232272,-0.3036986173391293,-1.9484708969871967,0.7357730423125423,-2.014726716037315
2023-02-10,-2.879649514729786,0.375057299268306,0.6965162945002984,-0.646490818967028,1.7189866993032734,0.23620751717986532,1.7888692864647373,-1.380340014720675,2.8986313474755057,0.10077057098621203,0.5230844083593684,0.17427193629161,-1.9239852842991136,0.5215574836585616,-1.8311721641018601
2023-02-13,-3.0020528610653496,-0.2286922787267874,0.5571975434246699,-0.9579430843856224,2.1731156652500605,1.0695934649990793,2.131484882600394,-1.2800571521513213,2.818332101986449,0.41659396817815536,0.7316382359055079,-0.08426081703430957,-1.7970705980528516,0.5598245392343022,-1.8951022690144883
2023-02-14,-2.831838305485803,0.42207645570851926,1.1564200849783968,-0.456658022571369,2.1442117267592202,1.014187758888089,2.9676853231625855,-0.9579509860347835,2.798345392155299,0.36467986729629454,1.161001089412401,-0.577738968892231,-2.0009406906227976,0.7824270573011927,-1.8427244101283686
2023-02-15,-2.4690404385614726,0.25488454182750653,1.2833612956310982,0.4497914819826626,2.035959684263338,0.5649717810970335,2.8927548271156893,-0.46062491546161716,2.51940498267181,-0.10179476952357187,0.9817062256228395,0.18657695404738786,-1.5920539232071693,0.7889732082328249,-1.2831184904609212
2023-02-16,-2.6608952797956213,0.33934848945002033,1.4332790254999161,1.3480512262855837,2.653363662795767,0.6595762997807683,2.9416996334978274,0.16496950395673549,2.44138061035252,-0.3001493879168198,0.732392900147468,0.26016001547707795,-1.5066566781700144,0.9597165931344916,-0.7718456507111451
2023-02-17,-2.9536619667017674,-0.5042666773644544,0.6480295754114648,0.978433212463253,2.365070888465898,0.5361915407321508,2.9296329942120747,-0.8842419732369622,2.0114839610727646,-1.030268003427687,0.6339765294733086,-0.7040647461975772,-1.8545958901458315,0.9832021986656307,-1.1124720964178598
2023-02-20,-3.051186137919968,-0.4643958184541705,0.4106683829714419,1.0251490796143965,1.981866897322041,0.47304859270601757,2.995327904538662,-0.8837321706286623,1.585749912754487,-1.0014721101530424,0.40574497817454624,-0.6201448304856849,-1.746563647767911,0.9070164276301713,-1.3093943107306985
2023-02-21,-3.168591521096959,-0.47767209723851606,-0.03740687280595212,0.9333204973955718,2.0215736317255244,1.1298590693216437,2.9056903660296203,-1.2553660524357049,1.6766770918708342,-1.3465248537495356,0.5633647602408497,-0.788450182755203,-1.51151404818769,1.1697288685055516,-1.5632973303583615
2023-02-22,-3.552729853332422,-0.7822847264420879,-0.4708113508153396,0.8505314343753785,1.8672245399254819,0.7593947274756708,2.856830798049334,-1.9476973390793577,1.1866702252588537,-1.838352296892599,0.21502858515206236,-0.9941808165801246,-1.661464098243339,0.7748562862789908,-1.8374812011659014
2023-02-23,-3.8210000801958603,-1.0054702900388146,-0.6526979445301946,0.8578047132520342,1.8815905192959883,0.3424687323903558,3.20925859283779,-2.0736817331314654,0.5825651654534039,-1.633591331254004,-0.13583021976072074,-1.0274141752829378,-2.2915355783736224,0.6899915467654224,-2.5839957587716875
2023-02-24,-3.8004599021027974,-1.3035476687353158,-1.1305089119531524,0.37710370093367335,2.5126584795227624,0.5413467275346109,3.090187340316396,-1.8482655938110104,0.31420592130603375,-1.6976283255875686,0.1765750538140676,-1.1057205178175786,-2.454444646178679,0.030137842953473333,-2.9134791902316235
2023-02-27,-3.13016643647247,-1.5765569101229613,-1.2366433287397864,0.11920730009471861,2.4303428693624984,0.7440263140473795,3.078978132738633,-1.5542283162480957,-0.16611668997809612,-1.6840138537856097,-0.42300047319521894,-1.6421122573240678,-2.5782113890008915,-0.5591769156303358,-2.619639035268588
2023-02-28,-3.194952365137783,-1.8800434794140581,-1.439889357471602,0.1374681674795976,1.6499246838509625,0.0569144679230547,2.762194106286765,-1.483828271645192,0.4036028427742011,-1.8893080461190066,-0.8148461697521615,-1.457702305629971,-2.7518285187134,-1.3063387876984989,-2.8363878951691266
2023-03-01,-2.855509076021054,-1.4430799796461182,-1.1171054956864364,0.6644700478982513,2.143287783523964,0.2988423955593149,2.837069192989297,-1.5501151025489763,-0.15317788779743566,-1.6695224503200017,-0.0914523296476071,-1.4432113450909303,-2.2271272199284913,-0.7732654949394836,-2.505261496619959
2023-03-02,-2.877573700721326,-1.65968913954421,-1.0032133101352247,0.5801024707520587,2.3041671667819443,0.5712004644847964,2.4835508231794297,-1.9499822750456581,0.08979805036065486,-1.1220324704383677,0.24922693673352309,-1.2562841683187496,-2.5226431926147463,-0.6748277424698127,-2.2888426722859134
2023-03-03,-2.121476838712067,-1.7527479156546761,-0.6883113057132499,0.2894517793208187,2.07569561662526,1.0484563868378562,3.0313544202070357,-1.8554607992330803,0.17822141115431403,-0.13397710180019487,0.5450606144672057,-1.1354080370350101,-1.6550138474763718,-0.44381191314169843,-1.8835332578331492
2023-03-06,-1.993875402671939,-0.7439003119254415,0.12376306089388633,0.9436894658282419,2.779762659169047,1.7116981507747648,3.021216366733291,-2.4791943740112083,-0.3890493267459169,-0.5615023482683694,0.2646011487258781,-0.9982716771875358,-1.6525615141263157,-0.44513429211542255,-1.7896808252567171
2023-03-08,-1.8538519857847393,-0.6572392107676255,-0.10349546595035139,0.8192381092756295,2.5765583678781137,2.0618652341898978,3.1259947864428494,-2.8743874296711653,-0.3998228729273001,-0.6363734641817156,-0.06581019096414428,-1.4407349348373413,-1.4970135720427766,-0.4899145207439724,-1.6500927250592214
2023-03-09,-2.2392010125748496,-1.185231445504652,-0.35996716934736567,0.3423709250151546,2.0789620542812957,2.0988878369704316,2.707729887514014,-2.706990720276773,-0.6190534197342089,-1.0150208961111373,-0.3549630566576647,-0.9925377475078878,-1.5578990653496254,-0.21311504472895068,-1.8178787707764632
2023-03-10,-2.5713405942586913,-1.4116880719045275,-0.5778558866276515,0.07160652507697828,1.6289349523542818,1.9512457216773111,2.7458915737031857,-2.372263560427104,-0.42849967434087094,-1.0984571074949416,-0.5364032931918588,-1.3573825194958973,-1.3362640684493594,-0.4514837256114657,-2.4488398078280578
2023-03-13,-2.7921721026219744,-1.414164737079345,-0.5089423971867754,1.645033480282657,1.6484582654992161,1.736325338941576,2.9387306812681184,-2.198485123656903,-0.7440567475386136,-1.2050130625693132,-0.4823702322974791,-1.136424618176401,-1.484609474353023,-0.3646449011542711,-2.484970636011036
2023-03-14,-2.8582593920842405,-1.38730734893395,-0.5529888244823425,1.4231339867764716,1.3595135539153016,1.8273074313436237,2.9572434417670643,-2.2870569382222827,-0.7156303491329438,-0.850136707644081,0.336610426994036,-1.023117478612022,-1.2140650523798928,-0.4275442436559123,-2.006094931197341
2023-03-15,-2.8201492882080514,-1.1891405066290024,-0.754641341400224,1.3281169912496622,1.4506879310602085,1.597217292211621,2.639496287537207,-3.333203536087233,-1.434142090409918,-0.8597090015798935,0.06082823603193164,-1.0863568862724189,-2.0789020386962234,-0.2303894623203011,-2.220025156324364
2023-03-16,-2.704525657855935,-1.4157546288277856,-0.9434412148847576,1.4990330267084837,1.4004994340846348,2.0963758508838053,2.7706377624760123,-2.434871068416694,-0.9481263719220927,-0.34478058297669556,0.1640387385102651,-1.0721515053685706,-2.0882617586352907,-0.5609520984189049,-1.1282901171928488
2023-03-17,-1.748094711495742,-1.1849945656045773,-0.7220784754866322,1.505382196463228,1.8421984772849036,1.9781495561343407,2.751303268522935,-1.9701822100670199,-0.21359460592664947,-1.1903455898222268,0.25847319374093114,-1.778337903820757,-1.399732279355241,-0.13294491811144055,-0.07861204363478237
2023-03-20,-1.8171194553564847,-1.6114001942420537,-1.250387235174269,1.409375651475183,1.9068238473208707,2.1656543300159887,3.1023942877892634,-1.838815605808386,-0.23305700710750357,-1.2338789565729906,0.6752478533353412,-2.0034192457985895,-1.534391085081133,-0.22805913549065215,-0.19240562023306612
2023-03-21,-1.6420094332020565,-1.4733225530417737,-0.6400975972921078,1.5320283446862473,2.1711916756443026,2.8189166546257085,3.415274911684138,-1.627344505253802,-0.27755436564136443,-1.1241420465252947,0.8101286859671837,-1.8555931474662004,-1.2768583103764022,0.481580261568991,0.6094304406453322
2023-03-22,-1.5483537111091021,-1.5729323104814676,-0.8400472221900332,1.50809955413585,1.970937688006212,2.007626729625672,3.0317645055385514,-1.4746484805910423,-0.6265241090645485,-0.5519256843310744,1.6239713461691057,-1.7288051377639686,-1.3453678911376712,0.12038074713305272,0.019019235620089003
2023-03-23,-2.0218418974709795,-1.9765504826014135,-1.622675576804345,1.3832904301152118,1.6892699452538078,2.114033430658659,3.291292581423471,-0.9606075913042841,-0.6034862330347861,-0.38227277659511455,1.4130235782988791,-1.6125424061309368,-1.2497588174342054,-0.7488890521898044,-0.058181526688027334
2023-03-24,-1.8063573648620679,-1.8123238527056558,-1.68818612491903,1.3205420952194473,1.3401246152388324,1.7248895996551161,3.0922722299426835,-1.1863617743094887,-0.925727015505281,-0.3752786407391424,1.5134265472129202,-1.3209639598996443,-1.0075466374083493,-0.9828650611707307,-0.7161427943868994
2023-03-27,-1.5775769148946654,-1.787137978499713,-1.9375601355355268,1.3789559310654866,1.3491133792319914,1.375483281091617,3.1157299677655765,-1.2265200447975622,-0.6442418770595825,-0.2158214567723093,1.5993044436345583,-0.8605087618145596,-1.5082178732456755,-1.2020309255532258,-1.0300926901710825
2023-03-28,-1.796725862191442,-1.8276277719773293,-2.4201470741129354,0.8787166218687171,0.6671196475267271,1.527268220412998,3.3646276883971735,-0.8726568520580816,-0.5086051832968742,-0.2183791383703757,2.027121551465222,-0.5683285456545032,-1.5009130104393875,-1.2972874959733647,-1.1084438221565691
2023-03-29,-1.4071919841551213,-1.97040360838316,-2.214463336945463,1.1188117370093067,0.47286928450219406,1.5792565468663236,3.44510662251657,-0.6516343041826529,0.0028860319071880264,0.139287609252845,2.29879440536026,-0.3137424869474294,-1.8467364649295734,-2.2563504528051417,-1.1542545471381862
2023-03-31,-1.338146642328434,-1.1920798501585494,-1.9947137913929887,1.1859543744844283,0.8086056916939106,1.7910236284872851,3.612700998364595,0.05288571095171245,0.5224073177041461,-0.4776672060391361,2.599521325180804,-0.7382252954358388,-1.7952489650684684,-1.989112987079714,-0.94505638742848
2023-04-03,-0.9807410672776945,-1.075331693066736,-1.3560281656225444,1.2525748809326565,1.5915316524483307,2.291839236863879,3.623421840725215,0.32122558418584135,0.5700696505376812,-0.4534366318688798,2.6999039781802767,-0.8358670041330488,-1.2915977526719988,-1.6947080693258816,-0.3555074041788909
2023-04-05,-0.883628869689488,-0.6268449036660558,-1.041400092826021,1.380151650358388,1.4592879015829348,1.5740110435114003,3.6244417741351262,0.1400163897965758,0.165234636577309,-0.25859041867729854,2.5796877154366658,-0.9784110406020606,-1.0870763773551153,-1.6893781861378425,-0.13717729664910286
2023-04-06,-0.3532077312465205,-0.2853506415365296,-0.9360982666759649,1.6241305456896789,1.038512689737027,1.6082359547149863,3.574832560658395,-0.1487385796778101,-0.2389120651569978,0.3803092760833986,2.8739133391043383,-0.7802257168175694,-0.7304991432717773,-1.640369458756451,0.6853508172957857
2023-04-10,-0.6955862533351889,-0.7416230684282707,-1.1676689804521692,1.4124960633750123,1.649484264658311,1.7281809481136168,3.4562045030298303,-0.6401465829842894,-0.45043638084717685,0.05329797909953494,2.8350315879779044,-0.700087277306614,-1.3221301312094766,-1.8414992028317791,1.3182835763211742
2023-04-11,0.7147755697890901,-0.845853389420433,-1.4706238943937873,1.479327763299577,1.7168117158109115,2.187761116034447,4.170817782584813,-0.36968489331232507,-0.18731610973269042,0.2123521926891163,3.2162952424943145,-0.8157357589571834,-0.48990963904738705,-1.573578067931709,1.3464712214083137
2023-04-12,0.6074152615182932,-0.5242750196679727,-1.3836072622552835,1.5780822698912162,1.8833542497789593,2.140911166732841,4.135185845951844,-0.33584331140359697,-0.15204876838484943,-0.03346193752618528,3.956834612426048,-0.0763947062360119,0.26861209502046773,-1.5655891979615748,1.4288338266433185
2023-04-13,1.19048203915574,-1.1916966193322847,-1.694779220599511,1.3270705720493956,2.0913598548550416,1.7312972938368663,4.394365571304217,-0.4532717286993399,0.29401200526566723,-0.5417633461263619,3.4731857828063655,0.311488711697496,0.4318870007186461,-1.4753435188518047,1.548431595762232
2023-04-17,1.4716081678220208,-2.5355267242254955,-2.1028620342661544,0.5078989955235345,2.149107139039623,0.9532227440161474,4.71138811283677,0.6177380815423278,0.49458375518287995,-0.6432464239405236,3.4029490189199323,0.3736330338801054,-0.08502974593648574,-1.8999900851816585,1.5426249156803358
2023-04-18,1.3346889878445258,-2.7637729012165466,-1.9099270711362504,0.022515260898029216,2.0633492898325767,1.2971963736863414,4.511658936831197,1.1201869183049122,0.43911146599856676,-0.5736505031656953,3.6819269523903753,0.3408435952348993,0.09815070232007049,-1.7537498896157397,1.9543642411720215
2023-04-19,1.1386797604077823,-3.2141697017854325,-2.207298654896698,-0.28566614626977466,2.03235492969729,0.6113964468891551,4.391132889901536,0.839741660933521,0.11706459496100603,-0.757020836511086,3.4982726764207963,0.1126900476251421,0.04006667380065038,-1.5855584446083273,1.8156710372397957
2023-04-20,1.1102424045759778,-3.3839116670918035,-2.5572552088446834,-0.20786016859588421,1.7531902068419423,0.72603397987518,4.322690245483968,0.8182031425415532,-0.25385322438464397,-1.1826822418799117,3.0751084701608065,0.16713672973995894,-0.07215551800756623,-2.108752669478402,1.5164779694158184
2023-04-21,1.6455991047596745,-3.2672636346038324,-2.1603648618113898,-0.5792790362031148,1.5147734751522517,0.8309141393434865,4.8736755808270145,1.1213540521264684,0.24381342235158554,-1.1455421685789007,3.3694985850922508,0.33566511613720507,-0.16155645475463862,-2.5626494961560886,1.2515409442488352
2023-04-24,1.745844774986078,-3.1508879951384094,-1.3869851018150783,-0.3898267018902969,1.6072985196955356,1.0005259789840844,4.740879735300298,1.957484075953515,0.438067649256978,-1.1614979317618699,2.829886685546474,0.6799332443220453,-0.07280335516055765,-2.4161391532743464,1.6655558612405834
2023-04-25,1.3924703479930938,-3.4216932883310562,-1.7690911447992244,-0.7643314929824653,1.5631630604962454,1.2890597255091518,4.694331614791662,1.7317497341799595,0.8050455226462386,-1.9413297357751076,3.0694098129367853,0.5192304661288241,0.07364958466227697,-2.186524787550331,1.6208580697244668
2023-04-26,1.5780232936951266,-3.4275353715708357,-1.8750060248635048,-0.8432111217864011,1.6444927419582163,1.2269843119777855,4.653609168866121,2.2019750717900908,0.5218852812009276,-1.7477075909104924,3.8507458268432284,0.6412030858319939,0.001121424144890218,-1.997403647705282,2.0229876461408978
2023-04-27,2.057912731783833,-3.0778095371958267,-1.6016002569032226,-0.5007985651722496,1.4793548581736442,1.3980056996612866,4.824054426841895,2.4022398935359006,0.6184684302531238,-1.4912262795640294,4.667110225244029,1.0986018240845892,0.41282614757701547,-1.9499993608942217,2.786563084304553
2023-04-28,2.943428232367322,-2.771714570543536,-0.6725249223040999,0.060719691811152846,2.013476116102512,1.4832005272039488,4.860526668806848,2.9621248842267742,1.293229706133402,-1.3064629743533867,4.217586107804747,1.437074438201171,0.8872176389794405,-1.848063225451603,2.7826789569312984
2023-05-02,2.55089550834123,-2.6499343537567803,-0.7165736848607784,0.3756312809812308,2.9355047956535274,1.5942954181711557,4.882588150818824,3.0071399179690914,0.959532164097375,-1.944796042028955,4.239392872133038,1.3590456632618038,0.7318784144706653,-1.1696207291990364,2.8354685607698116
2023-05-03,2.603303026028764,-2.6973208105319535,-0.7147077117300051,0.47645335642462977,2.5365331992361595,1.3912011696821258,4.634861246065483,3.3287192017650757,1.5053034087375896,-1.7825143293176802,4.2881992139880705,1.3837571014103711,0.3727002158905346,-1.4079677113450757,2.829413323457202
2023-05-04,2.618066958514793,-2.827808293431493,-1.0075329511101043,0.435902005971566,2.6053271777254072,1.5543524385429075,4.044654808655791,3.038214250964725,1.5228938482718557,-0.9335379312055201,4.198097231459096,1.5234111846777627,0.7180837871227655,-1.5510308722899704,3.0609231826101246
2023-05-05,2.1616246361911404,-3.36636396472902,-1.6960331106259423,0.4120721348465487,2.6291373125615665,1.7266189448916043,3.6633188148598603,3.514190310374835,0.7949650025625514,-0.8309211104904992,3.882836038025754,1.9062271095950722,0.38682928277662015,-1.6193005862479353,2.9224301044156746
2023-05-08,2.2616348392787855,-3.4490058115804083,-1.5480706637556818,0.5757557530164559,2.9739457352312435,1.6911727715382332,3.684018571377443,3.4159912260948397,0.3435797480916386,-1.7807757129625352,3.717413524341729,1.9095113458709814,0.10800278488141514,-1.5281721429057047,3.2591001132959354
2023-05-09,2.7024231781326677,-3.1181238987776383,-1.2424545298672698,0.715099443285129,3.107945913110369,1.4727316025272181,2.9642499040993573,3.382742487167828,0.3431900465706237,-1.7779814988593687,3.9461747265786467,1.4307229121610623,0.2210796050678003,-1.1277478677947068,3.0803974901242506
2023-05-10,2.4093713453340113,-3.1349734662164486,-0.9175668938381064,0.7331627898180111,3.1451213953718478,1.7308859489213633,3.957836676507487,3.5167325045512183,0.4998076256021843,-1.4203553047506088,2.936975751004814,1.4947104000419746,0.4089505429443487,-0.2936329718589679,3.0242219264668644
2023-05-11,2.5404692673964115,-3.5471941532280984,-1.251512477781625,0.5889312804642732,3.2560402735463554,2.0087887650659835,3.4362928065393477,3.4642205055125976,0.7294515497131893,-1.6615967866178234,0.30873776608138953,1.1088932871346424,0.5255018714062341,-0.42071296937181246,2.8439712070203007
2023-05-12,2.500312932029842,-3.9915161434210362,-1.4314915548251996,0.5522077574082505,2.8069900341253087,1.274057477875761,3.53742328968659,3.2024276684849178,0.39714168644618986,-1.6350061451852622,-0.0011962571281388039,1.1654888323104502,0.9251368927811704,-0.7065303988506869,3.1117566837923394
2023-05-15,2.6314132164717914,-3.7177454155562213,-1.1260887100148371,0.7664583165737533,2.7562169506998497,1.5409515332062749,4.153518961599463,3.1666460261284235,0.5556990017041368,-1.7303623452321069,0.18895927359738168,1.1302853171826073,0.9132340935942408,-0.10000582269550737,3.5770357536109287
2023-05-16,2.263008327009277,-3.2818122692708034,-0.7519562156766194,0.8761629695318071,2.8290559338833408,1.3611798793001382,3.6918578345742326,3.1566509695800624,0.6162061605330403,-2.4137827854315175,0.05553457301662024,1.0772776091467093,0.7012584984073639,-0.1465640699144795,3.826807064298686
2023-05-17,1.8043494834450025,-3.7986648524677675,-1.3150367321752183,0.7072602214901065,2.708097705982369,1.4242899269833467,3.3178651883937724,3.0406952261312834,0.6871786255258556,-2.3243762741887397,-0.16420814476490395,1.188351175470335,0.6420435904769939,-0.49642734717200276,3.934427831932705
2023-05-18,1.8253204795553002,-3.8521913432429744,-1.437529373498178,-0.1816457861505276,2.728036712206749,1.3389552217085399,2.571355638738814,2.7888332297601566,0.374748690361507,-2.19602852635687,-0.34923985254434226,-0.15173374720371754,0.5375045791733795,-0.8400273033990845,3.3580874651255885
2023-05-19,1.9574594153700284,-3.554824044583996,-1.3526564959108593,-0.7174776505264551,1.7675030734805672,0.8806380963428567,2.5562513558602014,2.4234226592610817,0.11071828608213487,-2.320459528470712,-0.4922581992782523,-1.13668237319016,0.7739583561793357,-1.2669174451470597,3.321912589182101
2023-05-22,2.3485331200923665,-3.03739647667898,-0.5222494992251459,-0.21359969204203547,1.762666527374832,0.8970606870143738,2.78413162286603,3.094750628640806,0.3155029310559773,-1.5353829660502833,-0.13855189647265825,0.06195667640882639,0.9069528281665843,-1.2439382662318201,3.79142710040631
2023-05-23,2.425358929537087,-3.0348699781630017,-0.45297031485162836,-0.6180707137909299,1.9283239633014615,0.9240897170576511,2.9945226485863863,3.2670092025296085,0.8923477715595105,-1.7294513684696842,0.03681762704879205,-0.2205907239121277,0.7661113654036512,-1.1442585576538449,3.4520547097556507
2023-05-24,2.382053606078007,-2.926155809085694,-0.08884996685048697,-0.3671306083259186,2.1820738517597214,0.3225931931300718,3.3776239888813917,3.2065908671551577,0.6065287539723748,-0.563364439518975,0.2535691153662453,0.3165476456246643,0.8166388065984085,-1.367936724108385,3.68052100790961
2023-05-25,3.0752833742670465,-2.682887389911039,0.024707667600226312,-0.25646843040553036,2.219160326075388,0.6583982149139719,3.660049973904966,3.5639333060543783,0.9535512399399461,-0.6958748337183293,0.22734775017314393,0.8250175680071047,1.664221532739417,-1.0929059790583122,4.395379232364807
2023-05-26,3.1621853746353055,-2.403860347439703,0.5380091047300397,-0.06219237673918214,1.7852545929539492,0.7912129164227443,3.5645204735504814,3.7194533478208522,1.3251452087938556,-0.005589538976643462,0.47361216836820014,1.0710461190230387,1.834367276827612,-0.9481347998559553,4.688145013046486
2023-05-29,3.410928250506034,-2.4399508151054765,0.46644898053141964,0.0629309250514999,0.6134867232508798,0.8401597173116705,4.044370422978626,3.836904724564103,1.2584120576666595,0.010566849312036459,0.39821000084025876,1.0758895737159653,2.140883606318611,-0.14009358591727536,4.692393811707805
2023-05-30,3.302644888307669,-1.9404253969817273,0.7953429921846882,-0.0849259596914562,0.5621909147958577,0.7103537687797975,4.732643099064617,3.724290141204008,1.5782209472033915,-0.09032779238010571,0.5552061651696768,1.0196043692682573,2.1993020389152673,0.2873086095558399,4.268014252981514
2023-05-31,3.6587715506364673,-1.786672368063586,1.0611263039289476,0.3461098103231808,0.47234336102087404,0.5625997444825513,4.900927312085416,3.7719143545581524,1.6119941914092601,0.6188955909817,0.9913532223126207,1.3896286733636094,3.2685749849790446,0.47810567569491436,4.209101357132616
2023-06-01,2.208295568148996,-1.866024727508223,1.0302252797969849,0.045621614056012325,-0.04791762108561955,0.39060985119892383,4.351631426098519,3.8454193625452784,2.018420266067322,0.8834788445184,1.091813070878562,2.146590754686132,2.3061600096601245,0.1877205751044955,4.124598000849619
2023-06-02,2.611618521798614,-1.6582749662804004,1.0789450956533975,0.31809993391190294,0.18677215382038723,0.6238316093315135,4.8036760650224215,4.511964988812521,2.0385485105148686,1.0346418439918748,1.1345218577348237,2.7996084864244737,2.869096986723123,0.7765293533614515,4.444529086725167
2023-06-05,2.117628996821075,-1.6686738610060763,0.8936899296423907,0.4807288189474495,0.2513847944317999,0.29945080575719946,4.151215306272936,4.277096431085155,2.0903596676468963,1.232712876330929,0.8790877853010202,2.6866220579552267,2.2041302673424115,0.5823416332997537,4.2606467750895
2023-06-06,2.4622335723616655,-2.297643221630418,0.4509073788131618,0.07509463344649167,-0.5020367499401083,-0.12888697288023424,4.071413253963281,4.028047126815819,2.887836966972804,1.4145732637729782,1.0237622555679233,2.5737083628724564,1.9810929115508704,0.786722333198309,4.424340684612456
2023-06-07,2.3711619114572713,-2.011846567948035,0.6821661431565812,0.38271125282292634,-0.48164622651651773,-0.14151252025249297,3.877382351322564,4.526449187217808,3.43590128759489,1.667241051957727,1.253093264890367,3.1760402575771436,2.368287244277741,1.0891771165749158,4.333742709002081
2023-06-08,2.0181480094687063,-1.9579126677422878,0.6417657889961432,0.2971905684098273,0.07368138544416565,0.44025793299636684,4.211604401012152,4.23768700944024,3.65363851117634,0.9915636710821106,1.366092043951485,2.4586804208050483,1.9172819855105332,0.6842188902498573,4.231692400221471
2023-06-09,2.073258387416946,-2.0662889942185174,0.5699397580859624,0.15759925692596152,-0.10338682748550788,0.3636512288557441,3.8600267481917556,4.219294582966807,3.5617240498115965,0.83434181476694,1.3746663153930727,3.063556199536449,1.834202594122633,0.2545198710062021,4.56757733271431
2023-06-12,2.493554184296927,-1.3401409782867244,0.6907811838321815,-0.8680554762068,0.0024535032496248777,0.8895950774214086,4.116264375996534,4.678374734102479,3.691828328591877,0.9129229443201431,1.540767331733762,2.9120705983936133,2.1924943070872622,0.6342790215207439,5.079660045788338
2023-06-13,2.563701253727462,-1.0093274281823796,1.066450306838436,-0.4936297455366236,0.41356026660357625,1.0975561232962683,4.860054770064724,4.954597827245794,3.978258857209711,0.8986907392615369,1.764590935395244,3.2984143281473455,1.9391136772831619,1.0289268561055578,5.2236244052422
2023-06-14,2.446997586600911,-1.0599542487247104,1.3598287496468584,-0.5095418849626488,0.799818260056322,1.294538861899889,4.823301530325749,5.641169261136704,4.338003008057143,1.0216189166495526,1.5368434984188089,3.3959059655842196,2.2802465538572414,1.0794885830997776,5.301194011850559
2023-06-15,2.092966870609016,-1.0523202245159295,1.0711156717940746,-0.49809154397250627,0.8210643353895026,1.038915825247657,4.885995367001377,5.4447374867582266,4.157663610180449,0.6454034355642656,2.019615385813146,4.0361281571195065,2.725888868767079,1.897290958792029,4.391405407694712
2023-06-16,2.00948792928037,-1.1869745112890095,0.37888682673480667,-0.7295513720838853,0.6090989940119211,1.6233466191253192,5.724026353772715,5.035282940178027,4.195295696814434,1.015227029820662,2.2142929623328276,3.822604428955424,2.6147281677588947,1.6050722110470101,4.0973265907662215
2023-06-19,1.5372806581146923,-0.9674389092814644,0.9120486571029849,-0.14774869384652034,0.8279615790785461,1.430298752727495,5.5314094256338135,4.70700770196272,4.268245672788807,1.1734704506229436,2.0395512566421212,3.7492002623263985,2.3804576486258835,2.2022317430176983,3.9641123524669815
2023-06-20,1.6607660034531244,-0.7006530319652123,1.1053670699845806,0.3092685264347619,0.8580885647878118,1.4914536344012874,5.639823984104621,4.891579255109496,4.969000791306552,1.0441636660456073,2.2291693878777448,4.035546897298324,2.4006218764360043,2.176408667622576,4.180428551556164
2023-06-21,1.6982187665610289,-0.7339426797375767,1.2868360166085036,0.45069230596568866,1.223311026315451,1.9136439730734591,5.120502707793777,4.977720251014132,5.1874513461060845,0.6203388352147549,2.0216228227036495,3.780564630824577,2.6303348632096113,2.088329942476937,3.9185642816366943
2023-06-22,1.917247278279276,-0.7826446069565535,1.4180026084413406,0.4391703382870806,0.8982074157650868,1.4427007912319343,4.960281543840826,4.222661593568521,4.633151793828476,0.42300056851385187,2.109990835742852,3.5990447406072144,2.5273507143731626,2.234582268309481,3.913470376071985
2023-06-23,1.6827004480873282,-1.0590142711811164,1.2510336765722025,0.3383955478895228,1.1058513322246752,2.0086682430153466,4.914385879606177,4.357112358452075,4.857581574959019,0.5879991605819724,2.3920487045454943,3.4578598459739935,2.884701733643931,2.6593319827979798,4.487717375858603
2023-06-26,1.4646827237566014,-1.0884523282837135,1.3433309254021097,0.2610358481476616,0.9902133222616035,1.9741847425821577,4.866169732410078,4.547814877264591,4.957193141925877,0.3925642501902737,2.482470490633164,3.258772854541956,2.821548367933279,2.6673370945554495,4.740988943287841
2023-06-27,1.7758177291083663,-0.8450519131051683,1.807412551481617,0.9736176056337997,1.5665747989318872,2.01735918607495,4.861298060063969,4.48224857941395,4.707788509600434,0.5572986335240677,2.234288945161228,3.556422775714635,3.6779621867245176,2.814661778661226,4.948207128268062
2023-06-28,1.4743463346945629,-0.7332455690387805,1.561990096162867,0.5807934277874124,1.3652831855964755,2.116061894097081,4.8971310358657885,4.461247605755866,4.515241921581358,0.8621943579343672,2.364438318924708,3.3540928356770037,4.063091035681918,2.7375462836372866,4.850228861327279
2023-06-30,1.4027880870385772,-0.7245102527483902,1.6074833165923985,0.6049985085877788,1.3584856469268387,1.9715731416022704,4.976507611415907,4.084582846932322,4.422936505899132,1.7640743620779746,2.3300816470660255,3.507228212605926,4.068558502405798,2.6296433578625376,4.820832698969388
2023-07-03,1.2242280843952753,-0.5564667423230635,1.582562687369755,0.42146709982191327,1.3396808340138284,1.880172874726986,5.845772643512418,3.7318887423146387,4.317009271986431,1.383854990451933,1.92702891448053,3.816810852129021,3.7408859218827253,2.965169104618041,4.707435474212267
2023-07-04,1.3442318538129763,-0.5633074360961154,1.721649829899865,0.8472306270114817,1.2152319960360336,2.499058532942145,5.6226388307511135,3.5732684654353934,4.304979293410862,1.3222147531502748,2.143630895166481,4.169791791774739,3.163622067512584,2.622623954378394,4.379568078126077
2023-07-05,1.3183550403615822,-0.5188751981085044,1.8046207586717595,1.4425572004103133,1.7609785229068478,2.5157730765737654,5.940487142404663,4.020998133108323,4.869235285098661,0.8705158344021787,2.033769757614869,4.016307091187347,3.1259722872041498,2.8712753792514203,4.179483464876243
2023-07-06,1.4270303436826566,-0.6242924121891815,1.5387228999515798,1.2730880828350837,1.2906340385802906,2.5860298836057387,5.776837154580642,4.508298215988712,5.449818604345151,0.9047225245300285,1.9888630779837038,4.385562928188052,3.0905077066576143,2.659858844305605,3.9868884050800517
2023-07-07,0.17745384944600362,-0.5485413004466241,1.7269185966483764,1.045000279840533,0.7355816828850218,1.932444440741488,4.991557151914195,4.071753456290864,4.553061436108199,0.723875055200649,1.775726229336589,3.592570171837036,2.9750850814751453,1.8679549522342358,3.585215068536351
2023-07-10,0.37454394878464886,-0.8228066254127431,1.2140097262144736,0.7141860603179698,0.8379314967934932,2.130995457895886,5.016154689647534,3.990209743971086,4.466885107076475,0.7620568990188621,1.2114986268794505,3.4327221365024205,3.448266678300699,2.5169004797106096,3.4902566591194963
2023-07-11,0.05269866161966503,-0.1406045218807557,1.606257875713535,1.336176405674777,0.9366664758103588,2.6628781497017964,5.223882652959328,4.234103164873933,4.374609982986675,1.67323451504849,1.527624561032389,3.447558020372273,3.764067257148348,2.507612180497335,3.181038279847373
2023-07-12,-0.12529887155762817,1.9164828907749187,2.1149444966391067,2.598957879138357,1.1453782957323113,3.0270559791245994,4.900516679466896,3.8841970617063324,3.956133670645286,1.9346831740368868,1.620183137607633,3.4816878758220278,3.9826110708024527,2.4907602454718996,2.835890724637578
2023-07-13,-0.14549754248196553,2.413904228883562,1.854085285246364,2.9712694581412977,1.1733197265934987,2.5192524647677175,5.0053654556473415,3.0687316381354193,4.285630063578262,1.7201984698415285,1.1894529697807756,3.4265805216006986,3.8271038300677445,2.422433334775308,2.522644431209644
2023-07-14,-0.11185452397938721,3.725288085398173,2.992857355945595,3.8378118250976283,1.367477785788092,2.9705507829275177,5.040271532739692,3.4825103063781917,4.5396447245907305,1.894641267121893,0.9979471077298748,3.4728279144325365,3.713120012517427,2.7304734926189402,2.644786523679072
2023-07-17,0.25002935643268803,3.858127160974249,3.3527065351969587,3.8963137630828224,1.0982176761636109,2.479666439242659,4.903141480577086,3.62084494624486,4.8579326618113,2.1989683831150644,1.708071073820532,3.519110298636923,3.2165001854836155,2.872118278075717,3.1157271342928836
2023-07-18,0.05489600600752303,4.324824259301905,3.1510702009552167,4.556653970009361,1.1021706614878164,2.594238505256241,4.50200159332023,3.322925936480071,4.002273886314857,1.9051887841422066,1.5145684184695456,3.234997817628098,3.3922674124240637,3.0924571043068143,3.3891691245784514
2023-07-19,0.2037155143130655,4.340790115003143,2.6602216515523214,4.359099280294552,0.9903333362733977,2.9671765861548054,4.783488898748771,3.024520375292937,4.11934008726253,2.4856155255233467,1.8970723661942877,3.12579036364691,3.423810299307333,3.034252025284148,3.3887399410654693
2023-07-20,0.8760262721086183,3.9097734098910606,2.8102092231678273,4.70760058849661,0.9948685088403315,2.990204641070763,5.085229160316221,3.1435199421940605,3.611977452520408,2.982187075435262,2.188337958154056,3.123390292053512,3.4228996798623914,2.964151640226739,3.5592539768008953
2023-07-21,1.1536856368596022,1.6354384155204564,1.9322573840490895,4.17472890954727,1.3475793750567058,3.4445104803842566,4.941054453657501,2.6774370503670575,3.5671316833154627,3.0030349907156553,1.944547854992599,3.1848952548302645,3.427917918722058,2.935297617134616,3.1602353113569066
2023-07-24,-0.024561828406083112,1.4614876432866,1.9027906389324456,3.351582458377586,1.5624868733892396,3.390342881860512,3.349575384835767,2.289225078321039,3.0338706406003944,2.896633814563236,2.017007444384194,3.062342308789667,3.122269656507548,2.515245648875168,2.7188057726043615
2023-07-25,-0.5892582715761102,1.3546869093776408,1.0613774347091427,2.9136785067471727,1.9698990357876316,3.7096199263884646,2.41419172834744,1.5082024642369911,1.9148126263857843,2.5622712692102363,2.09079167323601,2.813304117817674,2.620495410546125,3.032841593492866,2.027624422673501
2023-07-26,-0.18414440392970194,1.219985997834521,0.9935381232474533,2.196375767050715,1.3078285534943828,3.4063378027396434,2.885818570869658,1.5689624546588972,2.6319334082685018,3.3112136433991606,2.183361269511565,2.691499164159531,3.110386638096444,2.7401851833093547,2.3451221978067087
2023-07-27,-0.5264116373274734,1.3781461548456215,1.0308166627432234,1.620049973358585,1.5126098153605394,3.346229854291682,2.381229909340964,0.6830474556967666,1.8936533686729846,3.99420624381046,2.284222065483446,2.7966839164029467,3.699293721783906,2.8439163015728677,2.811431327289033
2023-07-28,-0.6743735033113903,1.167810803068784,1.0471336398549038,1.3657292671726533,1.6464163216783962,3.941248725960729,2.6689657674841722,1.1496037897514135,1.734780465946859,3.910264660748179,2.4718718389389425,3.049955390288682,3.3981352239483456,2.7296632305637685,3.160023938043511
2023-07-31,-0.696836894945261,1.5348690295502279,1.71448808675815,1.9075537537343004,2.354494205377066,4.782746802075364,2.3353528775399965,0.8097666260448723,0.9392556852456488,4.11057828624967,2.7630270568830113,2.161978500592261,3.293303313929079,3.767134636676861,3.166722625418314
2023-08-01,-1.1125975885790929,1.5637246242516698,1.7675942332927708,2.1950906540616972,1.727018636255084,4.945208324489338,2.1606941109678757,0.9172993194957607,1.2009971350202169,4.364167291299986,2.9996062273790494,1.552708803320285,3.1399665671935617,3.5896508021154547,2.222145491775407
2023-08-02,-1.3519268156020257,1.3983996387117112,1.374557054236978,2.1533523283046323,1.5859653264369205,4.34649849581771,2.3544053392858215,1.3086273761977036,1.1783350229563307,4.287320641804228,2.875347010898332,1.5499529153066756,2.681581945230745,2.5635617606647902,2.186310698619218
2023-08-03,-1.4051567832387453,1.58248726794511,1.0823797528900307,2.136619392783826,0.7944235660072488,4.320244807251735,2.072567185583674,0.6338201689527106,1.0744216239740654,4.515194469883818,3.16072400184387,1.5178364859415376,2.400126060275109,2.480285283769825,1.949020470694273
2023-08-04,-1.1973385569465764,1.8378281673130359,1.5368604139750985,2.6084855957691473,0.9464032473335457,3.847351311115409,2.291486307505119,0.646346020655909,0.9173032546143068,4.286970116552542,6.0768902994917395,1.4849255057446975,3.1094765879609048,2.771004210162319,2.037147382579106
2023-08-07,-1.3044241509524706,2.15061073435396,1.7573043390972645,2.6924122321998163,1.1143718701160465,4.514425875856355,2.28641731969704,0.9664732410328352,0.30263780208749075,4.815297673219705,6.530014315490703,1.5627238760406321,3.053378088740887,3.16275210728333,1.9181005020029767
2023-08-08,-1.481281360619711,1.9518379780501665,1.8897244354600584,2.7077778502958885,1.1539877218687717,4.357496991074603,1.8067011639524613,0.6630402504304209,-0.032747964961688976,4.593468705987017,6.3775943531131265,1.5176761317757879,2.71163983595173,2.833958412665688,0.961655731512428
2023-08-09,-1.174286257787899,1.9247292441403032,1.898310790668583,3.1296643530893724,1.2768014146689584,4.297132772762268,2.3041146201109983,0.6570236889758463,0.06207707878989114,5.066699398116375,6.790238143809074,1.6457095433338493,3.0097987754117805,3.2383775756141677,0.7448846196582617
2023-08-10,-1.1223640032467401,2.0994799878154873,2.2575712497022256,3.2906962607443857,1.601869074394709,4.351795612740554,1.7635167159250515,0.4138702148752354,-0.3537282700354106,5.15899548900474,6.932290756906943,1.7252526149650724,2.5723541917468666,3.53084597917003,0.9818245109483332
2023-08-11,-1.4432075184037805,1.8976466961183631,1.8908490845859869,3.1472400135901704,1.534988174741081,4.317731759907639,2.05812944615758,0.2882464685865582,-0.1778437832971196,4.856352168001781,7.260144041152109,1.8275138695994235,2.3491376010312734,3.7752178751337,1.0445496809424049
2023-08-14,-1.5750519837859784,1.860933793628805,1.7952669040150309,2.7930836099989405,1.8476568430930604,4.564352207013102,2.07247854953703,0.34982349533757645,0.08893510212396241,5.011487612595104,7.5093789219551645,1.4898948549478594,2.0480596382285983,3.4230523431972104,0.22078085097918138
2023-08-16,-1.6524089634371781,1.8476808249885917,1.460958111595651,2.4549352308139345,1.8841824892897978,4.8252034430426045,1.8783283179705945,0.6810975184044954,0.08791441207496271,4.930453777362418,7.337613673609485,1.3412143679397739,1.8577886270908905,2.875785988658643,0.2513076362542067
2023-08-17,-1.6885509810687602,1.6761624099185508,1.2794691809186294,2.759014967961343,1.7950217312522536,4.635593010109703,1.1671537227745301,0.4245708181973604,-0.011735071336296532,5.135212114962558,7.430861225664931,1.3778678884279796,1.9112426300771135,2.7747909343798973,0.6128033454361533
2023-08-18,-1.7418865928510319,1.4195284967403965,0.7992790090056272,2.2889555703677873,1.3606527467154497,4.480127582965197,0.9843250479987877,0.6685578839304234,0.16727434655778747,4.462532687921925,7.086352267195925,1.3027033404613693,1.8523930401129454,2.811909188074468,0.5671354775881486
2023-08-21,-1.8533694497789615,1.5357714689791822,1.323795859223038,2.4156412899418354,1.4917381742208624,4.837655732237695,0.9091663480965883,0.8054221534623529,-0.17672088655253637,4.738126288372153,7.371615470440477,1.4708566850862197,1.6918941998082926,3.080107191213484,0.4218842013502034
2023-08-22,-1.9960700878013775,1.3596183472723575,1.023527306217188,2.076228469418564,1.837939313924305,5.083161602984297,1.092783159303669,0.6540538921953927,-0.3373030162374663,4.264437504924549,7.278450468931993,1.2705800924415185,2.011351430542183,2.9078997231985952,0.3367666596257206
2023-08-23,-1.8699052594955095,1.4449603495817605,1.0311328977946919,1.8993620125472215,2.576126021046091,4.8851784966935154,0.6441042630192964,0.6621839761525983,-0.2286586703365907,3.9275582867584475,7.25574726247615,1.247878438450709,1.611615649236039,2.7813779533954506,0.18477545066320863
2023-08-24,-2.112658647790527,1.5049443135213967,0.708275306232366,2.138698927358362,2.227292044825121,4.740702804138546,0.1417910085781846,0.9501567936273421,-0.06351895840931193,4.063041253224003,7.2737108134539925,1.3147305923865351,1.7392499392182976,2.959964577540012,0.5840822532685453
2023-08-25,-2.643813525231898,1.5334132093452304,0.4533598906311397,1.7247130642716304,3.20192905640658,4.834430460781897,-0.014967437726663563,0.7467840656218017,-0.582625332058569,3.3794050364739614,6.49392316942106,1.0331927667301055,0.9945166667412914,2.96684660764525,0.2680729189618063
2023-08-28,-1.741627130560241,1.467871344066973,0.1377562774995259,1.5681270166775794,3.5074576786607854,4.8445878704613,0.17874392095804836,0.2816754673428743,-0.5501479687792779,3.3173143118676256,6.210609337654766,0.48871065047774975,1.762624525136155,3.064036588185557,0.4422574354019139
2023-08-29,-1.95566199832338,1.5278810550439597,0.2765468861469013,1.7249073862207605,3.411395601861917,5.0354784014197,-0.07699622287206358,0.09291780662791072,-0.5427231071895803,2.898260262442837,5.629106044318679,-0.20049701129999137,0.8762872231603116,3.0188696772530634,0.4206159293744417
2023-08-30,-1.8962079665301736,1.651875631212241,0.2676609060713872,1.9448226679674312,3.3034366739542533,5.021945110672095,0.20149613392685897,0.5531728645038614,-0.5830818280142344,2.751066949012393,5.250457008987494,-0.15029891040189064,1.039219964745548,3.1568813181311097,0.6311227371973583
2023-08-31,-2.6196191199081773,1.9943287117341626,0.6100353405006609,2.438330160482157,3.3728881434086735,4.863811569051201,-0.06657981981015325,0.4438930628836681,-1.105828577622424,2.543568290729301,4.8598528343985,-0.3450741683904879,1.180011581413132,3.380966401534912,0.5816481635330755
2023-09-01,-2.188318724870955,1.9643585554943435,0.9001283187843515,2.6406889138983853,3.9585940016582377,5.159054666429216,-0.05590693607128874,-0.5919581853281136,-2.1886453018912566,2.460082570947426,4.525725073279586,-0.579694449037469,0.9974886572952784,3.5065231651293294,0.5159084502490758
2023-09-04,-1.7164983743539473,2.2712794908707203,1.9294031892317853,3.4925196740053677,3.80574772211584,5.114557306159161,-0.18333286539980634,-0.5395627889698917,-1.9541038826400787,3.393165472920735,4.980455387798033,-0.265254381853886,1.2939011128864228,4.111548393495318,1.267071995360527
2023-09-05,-1.378776963165914,2.650763868916267,1.9400295490965271,3.614498223344304,4.1536880671316965,4.927309459735035,0.3284709457047442,-0.10751091427276285,-1.9284347762475709,3.9391083893216363,4.456687389455854,0.36115946437502233,1.4121278808877988,4.627899286756855,1.4911526086858984
2023-09-06,-1.4993188844773282,2.32540092737519,1.9016343245056293,3.3324965066488472,4.025154941501155,4.407619808312521,0.6218014879746018,-0.3513523773731521,-1.7116419623306462,4.130238585550757,4.429569427745009,0.5475339156442374,1.7774211141428526,4.114293245105543,1.2264632516730691
2023-09-07,-0.8833761504996213,2.0351547096528244,2.0819604228282227,3.5260821090323393,3.7459387769719323,4.615539468843052,0.11645608391057446,-0.8105261275884243,-2.1421578992203423,3.803379322063263,4.431079802208553,0.43426818857092087,1.6704772468536786,3.924181383453423,1.167527391360069
2023-09-08,-0.9475685744088865,2.1308552857218177,1.8794165019359892,3.4603882653988123,3.758492166720624,4.825806169627899,-0.0033944226540333884,-1.1901957073928935,-2.09298997798338,3.777722706140847,4.29781058267812,0.056087915795939046,2.261280905101557,3.4069145282300037,1.4529714445859345
2023-09-11,-0.2848320444840458,2.390273665432015,2.593660067506321,3.479166129180398,3.6433713170194983,5.085378566731466,0.04593866661475881,-1.1648293193098438,-2.111763669198775,3.879797740299239,4.0025419104097315,-0.32612019176684637,2.3620718288541176,3.660712830874875,1.9933402360135337
2023-09-12,-0.5998889250597865,2.5859521368890706,3.1331066860841057,3.513529537923491,3.3774918755871624,4.139955829350926,-0.006699225386575866,-0.8743648506278127,-2.525726182886176,3.970258194788942,3.79798043511699,-0.6895113552937129,2.068798174673092,3.179033750041432,1.212697928943073
2023-09-13,0.09727476035609148,2.5247700240853357,3.2456728228522795,3.1691275544910997,3.596071268829078,4.541117716053173,0.08631992666871055,-0.8311976315646823,-2.1491358723771787,3.807714478480622,4.26681409220103,-0.3649055036568999,3.0914639352436692,3.2927961832853256,1.7572860236581895
2023-09-14,-0.2553714745520351,2.5008546093763573,3.145544163904161,3.212971212229862,4.084793592677341,4.4498990818318935,-0.05337292604083557,-0.611823462184303,-2.531756350185889,3.9901735243801695,4.179489484323795,-0.14506977540176344,2.9787315438150714,3.5667223526418357,1.8831499301625243
2023-09-15,-0.39934541295983855,2.6046857495128943,3.20022878056309,3.2814123456046067,3.558769235227521,4.306021815544174,0.156947194013207,-0.31395395770157875,-2.827686543370612,4.1317320505240644,4.420893871103513,0.04199220432946633,3.2487842849728636,3.6714841307859065,1.955382812103182
2023-09-18,-0.49598677119850537,2.6161325734453222,3.1186276863828226,3.139787821731064,3.7683411061040046,4.965505579798726,0.31316260403266805,0.4764661074292872,-2.036842879213236,4.124066076808831,4.000713915680297,0.17716019195888363,2.5677437952818454,3.272390495617117,1.9129716244031894
2023-09-20,-0.519490111163956,2.831623700232459,2.9094835392553824,2.9601010858715227,4.2910137609597925,4.807887487788088,0.5067541954498171,0.2699465132106942,-2.307058365124923,4.220263707505182,3.0279174940145337,-0.005259942476952868,1.9110247003682181,3.1978150001930037,1.8003445961523612
2023-09-21,-0.939396821147219,2.8870528155140214,2.788022510322668,3.250758162589394,4.0814276447046085,4.764464460289779,0.1826300186051625,-0.07593740421953218,-2.331427364026941,3.9383486866236432,3.027249338397271,0.07911013122141673,2.2113721071398653,3.0705426201299555,1.6318369358645042
2023-09-22,-1.2756295409402767,2.7092491255424065,2.049384403881377,3.309504987048717,3.723918594049732,4.574153946973156,-0.008684583254957695,-0.08662603549223882,-2.0297481010188343,3.3818469857840623,2.3521411035493234,-0.4448466261728268,1.6279568120920882,2.7390701433511704,1.3864474151026216
2023-09-25,-0.7478533344258265,2.2681536791087438,1.8578395250451318,3.429673432628664,3.6735686541427826,4.43751849911375,-0.24944657085061656,-0.08677987104951838,-2.2098242139423383,2.721885379535386,1.6669798462307495,0.03232269447448692,1.3745978076364993,2.700225896993625,1.4946531708159743
2023-09-26,-1.1373224052778832,1.6297394706367838,1.398452338621722,2.8324000270565737,3.693693973801619,4.474389636946092,-0.3706051372966542,0.2185111657458509,-2.2070524812338634,2.131739334396358,1.5658533577233174,-0.02286455759714977,1.242922941234158,2.8400454154413723,1.2723257976557347
2023-09-27,-1.0829825532953716,1.7254124193213243,1.4061523454574318,3.0840285248136037,3.303210101076923,4.216719497229956,-0.6286818384485411,0.4023717904742176,-1.9619933804935086,3.086911864633956,1.9683808999046608,0.28062836141051783,1.4504176941968898,2.5350038564072674,1.4489308924216826
2023-09-28,-1.804164335873407,1.2509405829454066,0.59721444666666,1.7116734418247022,3.600021007243505,3.7953713113142062,-1.1975076988642728,-0.051573082760894014,-2.461790260923305,2.4634459371543103,1.299118148224334,-0.1880452985783819,2.0973410839655284,2.4404432641783047,1.275553775560098
2023-09-29,-1.8110242088738921,1.1777552194132153,0.7458492314142806,1.2436767088982819,3.8191363353027685,4.322371608633602,-1.4651106239895708,-0.48329588224191933,-2.8955649615710204,3.1300636801394353,1.9145791823585183,0.36183773646111966,2.0714687025000837,2.642446091600596,1.2839965992167086
2023-10-03,-2.130519786936839,1.2031892060436318,0.5902155020372318,1.0884586454972887,2.4207984012008708,3.704690440010713,-1.6407178553395025,-1.0314897185683647,-3.59275777423822,2.6982306275799313,1.1720547695994248,-0.4804853254978121,1.9410791213238028,2.55255191684717,1.0827710641795116
2023-10-04,-1.8898911827498917,1.4967163539104498,0.5800370008864045,1.2823866928092762,2.455674989589204,3.6139881395840807,-1.5701370314781737,0.1720611203848191,-2.855313008727015,2.399454816501565,1.2031064262991655,-0.2513121438879961,1.8825840899654886,2.28650964512049,1.0218577127707553
2023-10-05,-1.8942181459679335,1.7223274013143741,1.0122191452733817,1.4270591448000436,2.490552920998051,3.6125748713572596,-1.4480145672119598,0.5087098381653857,-2.7271571079399406,2.0456103658022182,1.2766065858944566,-0.300181725885086,1.5781307519006313,1.73038489692449,1.0420546554005523
2023-10-06,-1.7325983260943187,1.6576003987597887,0.9524125188635785,1.3765408973898643,2.1769951763087994,3.657342104983681,-1.49235107000707,0.14725000906640362,-3.0157809247275185,1.621353763208914,1.1394385183343023,-0.6448067484423771,1.2845883524537784,1.8572946573059639,1.7684565802873182
2023-10-09,-2.257009325641619,1.8190002017054454,0.8419944242625945,1.3459388662866787,1.8495993488489268,3.7451544623253956,-1.5394461374620958,-0.16614486860178881,-3.0572255661311756,1.3378918887795728,1.3093553647477205,-0.6778805352317301,1.3012791938007842,1.5933713046584823,1.7721150701690254
2023-10-10,-1.5027369067524896,1.6637331657603596,0.8218397359768688,1.3262148923889032,2.031445116393768,4.12658788108545,-1.306805584952078,0.2638907985750678,-3.104562698118369,1.5111915160171598,1.4430093092682905,-0.32766791624171127,2.0847571061162924,1.7862560439880113,2.313171576971538
2023-10-11,-1.260793379843417,0.9667535264964909,0.9260091603317846,0.6406975339707447,1.8260751418757808,4.360747283346801,-1.1439777337559838,0.15198798426730203,-3.198606748207277,1.6434413156185492,1.986132514397314,-0.17994078275726627,2.240489707986995,1.3670047894310537,2.375566224302597
2023-10-12,-1.7853987299719916,0.6445558763419864,0.1911901812225861,-0.06706426588326161,2.357120601624572,4.650845124595306,-0.9886624041038328,0.07283374941069053,-3.219966997895206,1.5620029321294495,1.3158719159515275,-0.7606898429864497,2.3636494998998034,1.4138745809361712,2.2730870990640413
2023-10-13,-1.728486442276962,-0.4419071988173752,-0.22675200127212097,-0.21372755334974963,2.345187874171147,4.605017741531168,-1.1145709363108247,0.8003304463921621,-2.753923652472938,2.219094621788946,1.1932088697060677,-0.44546910284993135,2.560126285917489,1.4767082146684831,2.4172614573485056
2023-10-16,-2.1351776512742573,-0.4001162184073795,-0.31049061088296925,-0.3166704712976687,2.5491099438374842,4.3195404827826245,-1.4107917652208628,0.27912163019952174,-2.691162488941032,1.5783667737896776,1.1969641009782366,-0.4792093296241033,2.477849206876644,1.7491239039175752,2.191530663739936
2023-10-17,-2.6270304613418856,0.024009068432430038,-0.231447785397891,-0.23666930497399363,2.455720289674513,4.4576368922379475,-1.9155970852721473,0.4589100720249612,-2.5262030960363195,1.2155752256750292,0.9296731497982427,-0.52916167532269,2.2782560893442616,1.7684956952634625,2.0729355617096092
2023-10-18,-3.0943079218428067,2.2862974521852593,0.2443150893768416,-0.011348005858391238,2.148354671670378,3.9467809105151463,-1.9278474532155483,0.41446659131215935,-2.4492027998589734,1.630338087780515,1.6363847158433358,-0.772878338941572,2.2179831641665815,1.7813141956889003,2.2189321517091694
2023-10-19,-2.61760967131254,2.040041526720465,-0.3785312901313028,0.27679401361605865,2.0129234248956975,3.6819403571026985,-1.1725190502151552,1.4904873995969372,-2.0907603425146477,1.22859242770163,1.0496213982347977,-0.597240633801708,1.840163276325733,1.7977997130341377,2.2332159300169483
2023-10-20,-1.6570524705260539,1.9522474647167065,-0.3720233363442348,0.3409042950089549,1.758161048696216,3.4327362235588526,-1.3418123545035996,1.6943354790334337,-1.7951951674675952,1.390530374701617,0.6671238162362189,-0.8016713109535116,2.0511594807084172,0.7334189192147275,2.4993372632006516
2023-10-23,-2.4414999854208217,1.276886304269668,-0.956433521936471,0.3196897233556675,1.600104025942274,2.9964183687583543,-2.1538065678345824,1.577190314461184,-2.7926596575532776,0.440482644834524,0.39776632460800715,-0.6165902666040313,1.6970428827293236,0.1152194210899804,1.6278293446489025
2023-10-25,-2.336441413436418,0.7619668978132673,-0.882740285925642,0.8616700862175852,1.800628946358198,2.612944470844854,-1.9632965732604362,2.2524905714065144,-2.212909635600388,-0.21348032154672605,0.12108321910687207,-1.2878370180102066,1.0044291523995852,0.3538345841824798,0.8673860343385636
2023-10-26,-2.8691859253292002,0.80777788180678,-1.0149202521194576,0.5400922981693195,1.2613621549981466,2.029539864206233,-2.071631331246958,1.2114291694345183,-2.5985737036126078,-0.8420372003345669,-0.5450715939152045,-2.2508559651943014,0.496806778084332,-0.002625430335850537,0.3379842670699914
2023-10-27,-2.432060727677314,0.909128064350896,-1.1280661278227853,0.19393724610938998,1.091307633594886,1.7837962338964881,-1.9483567205314514,1.6132875401246842,-1.95319553109374,-0.7624346010504274,-0.8743260191085095,-1.3298061428820274,0.9030324840745071,-0.41377549223974275,0.6607032723239236
2023-10-30,-2.0548630389909133,0.6578521219319143,-1.2493454048711152,-0.20258566161128228,1.5774580550003698,1.1171225668106382,-2.1014903032212,1.6822519005490166,-2.483042350459816,-0.6600109219509458,-1.186155456557298,-0.724557732854715,1.166977850389789,-0.5424568608320154,1.826449819994143
2023-10-31,-1.2726093088957329,0.6532500335374537,-1.0484143108729105,-0.12648467364426338,1.3524284529067359,1.7570090130850902,-1.9626768985840473,1.455469510856228,-2.6744958942514296,-1.0922091094965078,-1.0680664989574606,-0.6685031159808943,1.2350510325792656,0.06563886204086226,2.292906550212995
2023-11-01,-1.5055712256875724,0.22174788278589322,-0.9312395939703633,-0.22145207900299183,1.9361266995308348,1.4022199662342303,-1.7417818879880846,1.6883441906391878,-2.8103916063070837,-0.49909013121520057,-1.1498092597269154,-0.7734895904383403,1.402026613459762,-0.17415156581862054,2.784029519598372
2023-11-02,-1.5524521043360369,0.26168936298863715,-1.3103860527931628,-0.7963255178914885,1.7206873430622454,1.7995529460622128,-1.459031919225063,1.9442843336746982,-1.643159604331381,-0.058676040267188805,-1.1439125004750434,-0.2770071227939301,1.192134294228079,-0.05045222882684077,2.8265241475919636
2023-11-03,-1.5181603576714484,0.3440796094410013,-1.4440509774801924,-0.6041581398328069,2.174746775260079,1.9067558294431457,-1.3128881019845076,1.8218689884492696,-0.7785245637891297,-0.3755500698247829,-1.3668229981915196,0.6579956837174828,1.332146332820322,-0.16104702391065617,3.2697618125798633
2023-11-06,-1.3436647504872883,0.6647546194932491,-1.6779474762972522,-0.8388916734991877,2.4647349626783184,2.059969205806501,-1.0150919537692382,2.3635874403909796,0.18986423846284986,0.10879396476821213,-1.1498819125574515,0.6672938315806468,1.7459069230076232,0.31239324684688285,3.1895453656712585
2023-11-07,-1.2108366569511986,0.6042507533092293,-1.836337820299772,-1.1369253415439626,2.0592048484404644,2.210106163065674,-1.6135712424581943,2.455051017950684,0.4326217625319716,0.4843893327027053,-1.8301496525928684,0.723719450142143,1.7387812352816585,0.0103407730992059,3.2911634540894927
2023-11-08,-0.834715150745394,0.4517160974121109,-1.9472852891187065,-1.4661947888413975,2.0832867378212687,2.1225554738611265,-0.9024082991841055,2.637850992506754,0.9665329735724654,0.6670427356899097,-1.530543678168856,0.8562193675597405,2.0124541012660195,-0.056909699316886345,3.225722091135374
2023-11-09,-0.7048204704999677,0.4726886584621444,-1.7415909598868013,-1.4846496362385844,1.9511013488026836,2.3472817437631543,-0.8797198651834598,2.7570024676592926,1.056099528734106,1.082992036633862,-1.4020750379592275,1.532234155264166,1.8903902773652368,-0.005935549657702388,3.683198662558227
2023-11-10,-0.7402103600281087,-0.05705288580190344,-1.9525503229676464,-1.1805477549805934,2.183706369500455,2.686626297867118,-0.7621176490624599,2.5973590815341048,1.3335296639767413,1.1091622398053655,-1.5407131641266776,1.8045904451603925,2.089934557252027,0.4259648590186942,4.292753130927459
2023-11-13,-0.5646852156524355,-0.4567063555105025,-2.008043901204611,-1.458583307549519,2.0497028868019016,2.552286115100492,-0.8677127151588232,2.489078987279801,1.4387344461580123,0.8593367730243856,-1.7040137254151626,1.1648235414971004,2.4184986194172358,0.9818765925626338,4.124016597634081
2023-11-15,0.13346634629957044,0.3935513102609547,-1.2944349394844463,-0.6559724367294336,2.574022644664099,2.8278599995246156,0.13356479582660816,2.9336712026337515,1.5139374453513148,0.9022176429005829,-1.7963640027727437,1.3721499647849154,2.807539184372851,1.4424122808871953,4.464064845005554
2023-11-16,0.4410382643385518,1.4099814947428027,-0.6867792416398284,0.25761971121135097,3.059691460442176,3.221074827832152,-0.1328682493369962,2.655072094997709,1.2238790666733774,1.3312762428244185,-1.1975471605824968,1.888041133371514,2.8089577147197407,1.590632917033949,4.8169388089587555
2023-11-17,0.14117776507876215,0.9855843663540947,-0.934430209292251,0.054023771278786464,2.3004034222475456,2.874899615342031,-0.5169713471078246,2.7118997517547125,1.5134140397476208,1.3845609150628602,-1.0574167562856864,2.0222215922737328,2.3148346274124285,1.4847413349317087,4.588883219142856
2023-11-20,0.19472049156946894,0.9987918906559379,-0.7963866465323273,0.2935398001511718,2.439086186863212,2.599642841987693,-1.1487538876982168,2.6467115855906322,1.46150581585973,1.2297356657815195,-1.1424519492027423,2.0545573531636343,2.506364362029128,1.233355349374593,4.498310566972421
2023-11-21,-0.14794418022123879,0.9654469222099071,-0.6769528154977468,0.37416687100052953,2.4176292070614487,2.518148831624013,-0.9348072008757609,2.5480971952662377,1.3703748294413627,1.8627667502498046,-1.0765891029450338,1.9350907432686437,3.0809515734380777,1.2957488212912054,4.693195377764093
2023-11-22,-0.5201823877275613,1.0116085747500492,-0.5669991761108869,0.5823624737680742,2.7030007450512725,2.8468968890047672,-0.7131342489138768,2.455652376671322,1.121240985578179,2.057282013118277,-0.8357816301774212,2.241713756166426,3.007980972036131,1.3927348058015951,4.538134980599617
2023-11-23,-0.5920343312223199,0.922679474688121,-0.28854020980871153,0.668868792575117,2.4822927754910498,3.055447774252329,-0.1528847767184451,2.564396538932062,1.3241905885969187,2.2488030715292338,-0.4456320108124909,2.326326437604922,3.068645808912036,1.7298916089470686,4.991650392280346
2023-11-24,-0.7056313773176753,0.7909878647300278,-0.5435275013630585,0.5321929777460026,2.2176098328111213,3.071494431205741,-0.19714886873361598,2.4653740123758703,0.98568587553924,1.920905271424779,-0.4263853834660364,1.8466439473011098,3.0693146513044507,1.486970519303884,4.542658557825561
2023-11-28,-0.6164092089787816,0.8477647690012325,-0.5001501388283495,0.3889703609423622,2.62625086831669,3.126005404485974,-0.28835557700616343,2.514087498748113,1.2893408951363179,1.9616876444097142,-0.10186044864579558,1.829987788467646,3.9577134787874964,1.309675140992892,4.189977895095447
2023-11-29,-0.2890746820429897,0.8328054203502763,0.0508662936683043,0.7110931500088691,2.407053235828067,3.250951602025585,-0.3418791142860619,2.203883511550176,1.6825055030859921,2.1175626190709176,0.35533451919503134,2.023909998779986,4.143391496308164,1.03943611595307,4.208028419303409
2023-11-30,0.01343457433810129,0.7498580148190024,0.3318641992386814,0.6219191797765836,2.878488950847099,3.4600288382398148,-0.22152816853068769,2.627295686371065,2.6157426711552527,2.657794470896393,0.8143589162142162,2.5900548368310923,4.608756446795582,0.9292794046134413,3.700822756916666
2023-12-01,-0.2809877285197564,0.553950064223635,-0.33630448966868154,0.19544194541208376,2.166393381482676,3.3065512919755564,0.6353153913691469,2.8148604674472035,3.074955788010828,2.837747400845163,0.7797839217622566,2.686530273159151,4.334539823411147,0.5952760271356552,3.8217464470558498
2023-12-04,0.899378239808654,0.39619884440147923,-1.365389981224415,-0.2221419135653457,2.6594044392699487,3.3016713433388696,1.136361126935304,3.1027054533064233,2.7169926717925352,2.8379886643300627,0.4806713778727522,2.8462846573599014,4.747834207159901,-0.04760381529166695,3.935459807274734
2023-12-05,0.9100766247715765,-0.025890508488880228,-1.418753639417802,-0.24148626440404078,2.64277855057899,3.947411329982554,0.6319411028131563,3.0703002748465433,2.7295772439634325,2.544209159672621,0.9044594384990169,2.194948808828095,4.676969989110548,0.06961256354559242,3.734911592927299
2023-12-06,0.8194098964425968,0.3523984277582851,-0.4320662812842926,-0.07274608589789214,2.638234934614806,3.8576785000784057,1.0307417047414051,3.339081088141528,2.707494575886987,2.3234053956528147,0.6953786324390292,1.8917220925186158,4.106973480128215,0.4998863261879212,3.8870312320277627
2023-12-07,0.6273897154606097,0.401577571214623,-0.6358777196877209,-0.4447441328426264,2.45506530726003,3.8596334655423443,0.8110666815199971,3.4784581490295388,3.0578847657863877,2.542552639217586,0.7824318533830906,1.6175319321592356,3.4452229429620336,0.05974715521747395,3.4358562164441624
2023-12-08,0.7304253913912524,0.7621314837019344,-0.2721248117850114,-0.3070024379867994,1.8632462984864095,3.5328994241207883,0.46351233152091215,3.2887897790329332,2.4946652234643527,2.526979257481833,0.8281429491376461,2.079567024972141,3.170471706660382,0.03219326623830754,3.202359333629302
2023-12-11,0.5983600504158744,0.6033325924477023,-0.6164319787452828,-0.26805421050778305,2.1581899871113936,3.4658827177871627,0.3876154581603596,3.2703216558139916,2.3345243235047812,2.496621701509387,-0.40764910442537305,1.6778288221218585,3.04623392527956,-0.11487720154051276,3.553450108667434
2023-12-12,0.26716190529674283,-0.017831862464719985,-0.5418995776592773,-0.3413818634548878,2.1918910024070652,4.015986836859902,0.19236391581062812,2.9656624360132353,2.0869084733974486,1.7185539842043196,-0.3761914395066499,1.7119755131246805,2.9037398736659426,0.29178577954812007,4.076440107322754
2023-12-13,0.1015108233311948,-0.422216883496485,-0.7043623732856826,-0.41870830064361814,1.6462601453267371,4.360431342438838,0.203487091845247,3.2287898792992613,1.9363535960678062,1.946917029381579,-0.39576990577027854,1.5876222853745368,2.4492443179126413,0.4289714277229098,4.19521082753224
2023-12-14,0.5312091216892524,0.29864368124863533,0.008496012022801206,0.08354088562599198,1.5213888038972714,4.383373628960547,0.6721939328066286,2.647019028673439,2.3174288642172347,2.0260363896368005,-0.5067415270110898,1.6167274136723937,2.594548661129198,0.13996583613310262,4.4211614649836415
2023-12-15,0.5947742731764513,1.2070879735541644,0.34622766182163545,0.3975717786535082,2.116449930624414,4.9965594945035585,0.6566236087583757,2.0151502303979134,2.3985568207815917,1.9846772502540975,-0.7171981190258598,1.7069776511523376,1.6803293296417312,0.8574788741441446,4.732919858917353
2023-12-18,0.7690460595614163,1.295725124963001,0.5102900561909659,0.33869352972375044,1.8967687569005458,4.525839125701524,0.05497729457696701,1.7997767649019838,1.8116605219330646,2.369317635643748,-0.3964246579760452,1.5861802371801261,2.147213046687119,1.1533990147064606,4.611088140529724
2023-12-19,0.8935371861437167,1.2387067568332462,0.4910830560375006,0.4148324261010885,1.8742336238364963,4.820153076552654,0.2599439339916957,2.720232613037776,2.4970313485806814,2.0734761974291858,0.18279329005970243,2.0388892859738457,2.417172613664987,1.3493701451546178,4.899915096668284
2023-12-20,1.123840921173375,0.8025969574513746,0.24087509152991593,-0.31275596428569336,2.2993402408920076,4.069526133623576,0.2826273524188804,2.4979490064713596,2.550028993882601,1.9512012067947346,-0.23224257295551046,1.427753652719316,1.6536879791976824,0.4173480554169881,4.374267099520683
2023-12-21,1.4694712325988848,0.8712281424004672,0.8241284919309672,-0.48767472747674345,2.4215252736469064,4.383872378968749,0.5708501784958593,2.514454131320496,3.0175001689793697,2.3247983830243353,0.2426624848716223,1.774191137691271,2.0413741092982596,0.7928822774749422,4.736913600896225
2023-12-22,1.1857646923499916,1.5004077394103117,1.9888845142281768,-0.03433591731442072,2.5013823836741103,4.3105419634917554,0.8157654740766929,2.6192216643310613,3.4468600808704206,2.7411886873506592,0.8390608165914993,1.6217318139234824,2.380881133177619,1.0757302491749057,4.9790118016075695
2023-12-26,1.85981789511227,1.4376696581544246,2.2954155961607148,0.30446501488027966,2.575998008169661,4.603929315147433,0.8964707059980324,2.461284166916845,3.62165564099843,2.780096243059712,0.741170906423974,2.0642293181296982,2.5801628010231794,1.087013548026012,5.012568552392753
2023-12-27,2.0531821570455984,1.6319471160299173,2.2156510123133986,0.18786573984917274,2.4505151526961697,4.444054159633883,0.5462224894541824,2.7219221268522236,3.353951007231791,2.579363052939971,0.9360881023087827,2.0545493934995407,2.8511796454874885,1.502087892136892,4.900577621878897
2023-12-28,2.8708472139612153,1.9757687792164527,2.6415542044673135,1.2201066303365626,2.6708476718872407,4.994071359700277,1.4758670084890844,3.464667403964365,4.51065646253151,2.9722745568503495,1.7056241290904903,2.6097013890804464,3.0570390298758072,1.8709436551246996,5.393930886683996
2023-12-29,2.6277088853029187,1.7664412335348971,2.679450911838792,1.117042654234605,1.9425460506577223,4.367311328705111,1.1376030539217985,3.7462227150249614,4.707198509244575,2.390311044406716,0.9063644216743835,2.0327893207163026,2.9125976799605615,1.759096130081808,5.045778702753636
2024-01-01,2.7872468028844857,1.8923461754972917,2.909963633809789,1.588459642923261,2.9023190798313654,4.66342502621832,1.7696078911286057,4.423768712088429,4.919882093035421,2.89304577790262,1.5352742960601968,2.2472945010744745,2.3798235637637686,1.9488455371391986,4.755609423123843
2024-01-02,2.133095541920473,1.5297359890906652,2.614903064781176,1.4703146603618868,3.299910960997189,5.002239498095775,2.1429270819046424,3.821076658481118,4.496351114653689,3.9938882955907142,2.1004392653029433,2.51806422414058,2.61694314575662,2.4175099870443804,4.998393518894341
2024-01-03,1.9677055633528504,0.6883898036165428,1.9930041028663965,0.9089798778941934,3.486549404507409,5.130230312426221,2.508066789463602,3.323407635721749,4.264294818737776,4.176110260194238,2.164729313411547,2.590539952045624,2.7991717093551367,1.6795412971117325,5.066875845601698
2024-01-04,1.7942965071317498,0.7749488448654923,1.8194902911647033,0.7840510744329672,4.061362018361516,5.4443444866854795,2.111179040674298,3.660268931059284,4.675774029591012,4.2593694422148545,1.7255997174076576,2.521250451550586,3.16254704996232,1.4037434933619102,5.0862726322577485
2024-01-05,1.9588327196112878,1.054972343236882,2.061452681413651,0.8632944257718871,4.197478153870168,5.3765852391010345,2.072989859084266,3.287192746788562,4.188285736817307,4.056034312375506,1.4283847127857554,2.544171433493419,3.1726276658103414,1.6658962406151512,5.151341332418104
2024-01-08,1.1203319174413047,0.6917949986107064,1.7381908135092161,0.329913932429164,4.143881806417206,5.37050577432638,1.309247385768483,2.802883208657991,3.5359092650639177,4.078499509530316,1.1996531523426726,2.220373069809206,2.70782794868194,1.1677363444719906,4.843561904179056
2024-01-09,0.900972681505342,0.7804336899567894,1.2597175393525144,0.37345171095536966,4.039019018185689,5.348945576005021,1.0300091050866658,2.3923523010148746,3.0814419806261037,4.360148403575962,0.8100554694144981,2.467315781261893,2.8611011351391804,1.472074600009906,5.189219854438031
2024-01-10,0.9301480466051255,1.0423431351885062,1.5316944398050754,0.9900351774301963,3.3969393690222396,4.6977984243076,0.8134353307121959,2.389728362776529,2.852943090646487,4.337142603124687,1.1056342825491918,2.885374487883144,2.9689420713905705,1.3884442016229783,5.265943058558332
2024-01-11,0.9887576002113179,1.1802774518829815,1.5795309502036843,1.199019370997446,3.324164548519841,4.6372869325715715,0.9175066815864348,1.8473698184312468,3.01067204624612,3.8204657742213812,1.0159742098821782,3.008458130607968,2.868332604352997,1.6510817189365048,5.255887322985851
2024-01-12,1.3327235933109536,2.1466443185192814,2.1664215841673227,2.088413047749846,3.784575527462615,4.521758978328752,1.1097009405835585,2.206038733887615,3.018710326071107,4.291908513815248,0.8700404832584063,2.7335252604541878,3.399951732194983,1.407667699383748,5.358229906570494
2024-01-15,1.2710983243531904,2.4020196580991664,2.8263275047748566,2.2674412096615013,4.34257386484859,4.587787574191037,0.9009814261666295,2.0055079313508206,3.0666974860486227,4.326298585007922,1.0212212635844093,2.9990117797655387,3.698678700219732,1.2808696655233873,5.453616642411367
2024-01-16,1.5128307413049449,2.219257873411818,2.6598800844849304,2.1854274206585083,4.392741628655091,4.535381879427671,1.269624601197094,2.0163370353494487,2.772890214081972,3.5867982401805016,0.4115166623636836,3.2315079285881505,3.5570232616610244,1.6673274930826931,4.99038365853699
2024-01-17,0.6591813692299334,2.3753748134099992,3.0938138663748473,2.5127940051337307,4.203478335971285,4.603911656454777,1.0086104307184263,1.3582421840708812,2.42511166863085,3.5628177561670107,0.16875593401839797,3.2249845732574456,3.578158409193505,0.9376149095897502,4.952637223353447
2024-01-18,0.19064798376151879,2.46880776556543,3.243145835797589,2.8782369248442143,4.320582742867746,3.783934407736098,1.7699022267694526,0.862270437565036,2.306291054981713,4.07678906950114,0.4151446449665841,3.494054715203592,3.5599427263846963,1.3092455564092662,5.213872350337669
2024-01-19,0.4241559301949549,2.8368194187067695,3.7157570671836297,3.5152449653674123,4.900288798638782,4.550537134814552,2.2672755254831443,1.0382745172147587,3.0934372403037886,4.66216965897891,0.5574506619983917,3.8130022596942683,4.2865242181622145,2.29239019920654,6.20858495028896
2024-01-23,0.8985322711599064,2.918007832293436,3.1906809777966734,3.4108709994474933,3.81256028467778,4.551846208857688,1.649949602963448,0.53229945979108,2.5889587411323074,5.215489808404629,0.7381654180640886,4.502248550456846,5.306220117494153,1.4108727948403816,4.8192177107953675
2024-01-24,1.492292858149534,3.332645680326376,3.6093026469132137,4.342632609225271,4.4078843174267694,4.880024169398199,1.786928541760382,1.62849238603615,3.1122046805063803,5.797987936640603,1.880046322059401,5.191138779747634,6.352439319606877,2.2474903698157656,5.230888212194442
2024-01-25,1.0627141828808324,3.0478081151405014,3.172262491306761,2.8099655625922866,4.100235386492644,4.854174853715713,1.3383266628024888,0.9023008950852286,3.0766571689196582,5.297820593223834,1.8048475360065661,4.769659603901933,5.292232403111003,2.051637701944333,5.1106457751886385
2024-01-29,1.535726596532604,2.962611703552869,3.2794023297057717,2.63057756134682,4.3789636169676225,5.408559230283934,1.1939998042011593,0.941352426250406,3.3617754421800594,5.635427542093757,1.9757475702273908,5.116622610118332,5.0653671217137735,2.328869941705374,4.880984251410222
2024-01-30,1.2470738420601932,3.0154409624663914,3.2712508016235224,2.5874573768607325,4.395085429016932,4.729710040980114,0.6216162156101054,0.827563197252211,3.3360846039924104,5.7772524590409065,1.8787331018027928,5.146962832541399,5.351595824637453,2.349956260461965,4.978708500085619
2024-01-31,1.4914541723886343,3.279903924063248,3.4747181185724547,2.878162024541894,4.513897298200534,5.086916650103658,0.8274206913754795,1.1550046974428356,3.911031665637706,5.80415750422448,2.6857741244343805,5.384621691665879,5.600909506349889,2.8758228824278502,4.9766442764879635
2024-02-01,1.2703794422157093,3.0655879534696684,3.1404291031852365,2.579996243132488,4.26480688016875,5.123803002420819,0.7318813885769544,0.5972407495792362,3.1361880508942286,5.270719599339766,2.2651549892882765,4.8370071572520015,4.873426429499,2.4917724188709087,4.844558520795976
2024-02-02,1.3378321755528868,3.169290684298453,3.4671893516031744,2.62803608491485,4.424598950467361,5.425502230067197,0.4622493731685751,0.817899732032804,3.0720981432885393,5.246878892485759,2.6989234457159648,4.4233190353500556,4.703468356802198,3.0612064920125164,4.286279259170084
2024-02-05,1.033855973982663,2.9565933714353934,3.400182008402305,2.44750979223989,4.474028595025348,5.488782548203209,0.23433336317752515,0.39423783907538773,2.5618504718527033,5.539742720702999,2.61270200823931,4.025110486131819,3.562631353126209,3.0976677463526,4.291955636249338
2024-02-06,0.5796537527552286,3.2864074535153303,3.8727972515241866,2.555534574699989,4.856382498524229,5.34796038955554,0.016145662689509975,0.2692961655347464,1.7766261155707521,5.365570594902979,2.603164999547343,4.01217079036163,3.940195887243502,3.3999529829661634,4.47348377389872
2024-02-07,0.7267004469875732,3.082388080422128,3.7776093577274654,2.2815804580270997,4.694782381256797,5.343427438873188,-0.19550887924005947,0.7166472638021154,2.008308309837115,5.5431394469692625,2.4765822189666156,4.058118569966293,3.9540450623057466,3.462155721959388,4.810600702331004
2024-02-08,-0.10644227435330866,3.2604024742904194,3.6288920574996295,2.3904377878705234,4.9601728755145595,5.268910363299415,-0.6335066407218328,0.1040333856801007,1.076409942289985,5.610223487518829,2.3982351243511575,3.694476353910795,4.198316733971789,3.277188288345122,4.755092305949834
2024-02-09,0.053257897422508124,3.104230586992977,3.736351886838211,2.230436433377972,4.439155586073277,4.647690397721754,-0.6953069833327047,0.404455222107262,1.33035041181344,5.987173559305767,2.506230000475607,4.294727735740322,3.6544540288783725,2.8986176751418995,4.690510324428948
2024-02-12,-0.39843142986946234,3.148387353749493,3.932270024132506,2.4099344524339448,3.8721758635450096,3.962771859696286,-1.115233568183014,0.5214084203037598,1.2621693903629503,6.014947267574936,2.983012477337731,5.012810830628188,3.636584761998992,2.2267005005999136,4.045373564497503
2024-02-13,-0.30912539888561635,2.8290415238788214,3.8699756663440463,2.0295724316096715,3.7307636207699506,4.1007523777316965,-1.4444738736048772,0.4334656326209152,1.246299113252291,6.069127940874396,2.988217162142012,5.288921069117643,3.330958891391482,1.898312259935532,4.089692464526036
2024-02-14,-0.20140951669946205,2.3120629070099303,3.763645854835529,1.1817639627150616,3.9649381451124617,4.096682587829296,-1.000795830904763,0.7499822407365528,1.4025567379344464,5.493622158624812,2.362700852797108,5.0289601438605604,3.303284442066251,2.1828349792130197,4.1404867280248565
2024-02-15,-0.22077628303490462,2.4861839280221933,3.9366045579434243,1.3260070828200408,4.700297525760895,4.546451620995208,-1.422933845805266,0.29264007614780474,1.0776644986076105,5.218779861042037,2.1287867945187804,4.090136830027188,3.4402946933890064,2.1164240746598777,4.243720568210382
2024-02-16,-0.34465757192597885,2.7166070124860857,4.254986479051658,1.238399049967822,4.669916638438333,4.510392389242432,-1.2625712702023384,0.6257777561852739,0.9506463259810604,5.359774466643717,2.339933080976849,4.01604890490806,3.153283453349818,2.3615639946408753,4.550315746116698
2024-02-19,-0.3517623913031559,2.673011301312571,4.03994039502979,1.4191176886241221,4.73090404331449,4.621552764914841,-0.9722035661113585,0.7698512382313297,1.051306038257642,5.393952176982033,2.477624353578735,4.221022805466959,3.3141995253835947,2.0779415923573255,4.09821556349627
2024-02-20,0.3032611900980176,2.3426766484583186,3.9444183877374197,1.4044553620286373,4.834213934672783,4.689359083487194,-1.3161718128755189,0.9910673358714591,1.058431232451793,5.4666207523107815,2.2931119341328494,4.290947037340715,3.368974052542226,1.988177110901011,4.373442104463936
2024-02-21,0.1800580559879773,2.1436452186877757,3.5634251641804653,1.1721311093655709,4.6705204232048665,4.241801784795565,-1.4948376743977707,0.9893065117111174,1.0161313090772293,5.64922712748841,2.279480081157825,4.45857562551598,3.1556359014198834,2.221221779135978,4.610714162841242
2024-02-22,-0.14000946676778472,2.4983342477419708,4.036147572039029,1.685917250805192,4.883070194744078,4.318388720313737,-0.7328933599806017,1.3537131771574897,1.4327693337690761,5.922065624057719,2.3178156746437,4.9494100530330085,3.150615761288598,2.54187838503466,4.864190900634951
2024-02-23,-0.12788177337922396,2.4006376781810643,4.132960760621636,1.561555230269465,4.461499239166695,4.044117231066025,-0.7643226873027962,1.4096953786277884,1.0521795453258433,6.059689224165832,2.438089513894194,5.1285171648072065,2.7384083619072226,2.3732868276312304,4.978194114711923
2024-02-26,-0.48273623200647375,2.0705163505532918,3.761079142867775,1.0448138924774433,4.482211339475052,3.989936236250275,-0.9704498436109854,1.5756705476536021,0.522143358411047,5.7931227045425,2.3079289265005354,4.090584491725165,2.234805438322974,1.9141635527200163,4.856350105352293
2024-02-27,-0.5014457518199358,2.1492329920238014,3.511936753229779,1.0285772442169587,4.275461300977407,3.769735274913582,-0.8024945998119072,1.551137157347093,0.32108580157469274,5.753783882887294,2.109236447610821,3.8534881376106993,2.1747736056557296,2.0658992054948526,5.371623180028324
2024-02-28,-0.7235430869432119,2.2487090881408642,3.3011351965031657,0.9143060687847347,4.1159706641654665,3.2859107908529306,-1.7192521624909676,1.2456426770021454,-0.2694880209043903,5.506076909513951,2.1752640583555585,2.597907530571367,2.19681742842659,1.3953562107452324,4.967043745351248
2024-02-29,-1.6117887281846857,2.1497516443543243,3.331253693074517,0.7327909769733554,3.6646381746519183,3.101448403558593,-2.0509125878215952,1.3835322219991653,0.2153880224819608,5.568899188819174,2.1426148413525845,1.5842879520314106,1.7694952663135464,1.285800435346882,4.63969722075267
2024-03-01,-1.175396976655555,2.0782107754436714,3.4522026480195396,0.7490363781467779,3.921252623343077,2.9472736485952975,-1.7538838413831404,1.2598362731463801,0.007241831049461349,5.096416154137808,1.3380504255383496,1.6749184536768076,1.8985119944025983,2.012179912759807,4.754069748628513
2024-03-04,-1.0961506524977107,1.7084418240377175,3.0860635203750824,0.7888540350870171,4.267592562594092,3.569700364138628,-2.4516350234802524,0.8831387454115078,-0.6080312179124701,4.968631283695197,1.8524992622296121,1.638708017963748,2.116717758408265,2.266272355861376,4.9863689316269575
2024-03-05,-1.3108362119605759,1.4977286449293865,2.8998381858342452,0.7242725826545466,4.6756948082419605,3.6066017176889837,-2.369709509530211,0.4798937365438206,-0.7204595826839325,5.2649026814544895,1.6019988017877178,2.0023503955589117,3.187985695854189,2.358769430846979,5.095066398958235
2024-03-06,-0.8458185722697326,1.3518554466334742,2.7600243986380257,0.6819631994210809,4.714467066646619,3.256403342972008,-1.8512803508109599,0.5836843608297007,-0.1682134173760651,5.674143909733148,1.6980633589876337,1.6890063879815265,3.5469957333059585,2.426529466034752,4.904696111056353
2024-03-07,-1.0534072995850952,1.3684720021344488,2.887658538360562,0.7823900826318199,4.491193380612211,3.155846602969273,-1.6750723084583752,0.5984417180700079,-0.14002175632419817,5.59815747050621,2.8994618862699375,1.6988248624244904,3.6334098563449273,2.7859039047241563,4.547719628584861
2024-03-11,-1.050210532842131,1.345817620832898,2.8109090161802364,0.8786904162762654,4.451426507193772,3.180885003229084,-1.9367464512466332,1.044352166470761,0.24564904829092807,5.9619025112924255,2.8618118034654767,2.5493280411256305,3.69930870539193,2.4045088514560575,4.497012026189907
2024-03-12,-1.1866080314967495,1.752094832050611,2.79424693199692,1.039855013679676,4.427051995747582,2.5852953672884866,-2.343458877268389,0.8087275021494318,-0.11652942798823088,5.559429859210081,2.3809634808338145,2.369420910497361,3.731435966151493,2.1824246629555573,3.348519287793826
2024-03-13,-1.4146733759583863,1.2326736010575337,2.1972842071391128,0.286091520957684,3.36649970639382,1.4323878349340717,-1.3623899553450354,0.9525896744618756,-0.2875623492513649,5.137928715888162,2.4772070231044965,1.6509550800495314,2.9179335679755245,1.2330459486546321,2.323770674537104
2024-03-14,-1.2098980055541184,0.8899059239303349,2.1849984332840067,-0.023446282342441713,3.4100681899593184,0.9976676500926459,-1.4128274640669833,1.5239762987250032,0.2050296600371308,5.214783136840561,2.392293376382292,1.5823736117433675,3.5441829983296183,0.7148457612127872,2.3757078472425976
2024-03-15,-1.2180864956729138,0.8422879050158223,2.200075715825911,0.013932462340151597,3.318603892379653,0.8458077576873179,-1.1534792615648248,1.4643775264640175,0.49881749450251217,4.582521797513716,2.3561383046958175,1.6360610934244149,3.9338856873594144,0.6324034187712869,2.2544077073037303
2024-03-18,-1.2183813909203203,0.582054553223592,2.223675446211724,0.022251595002617013,3.367443557290726,0.6050888869809636,-1.4514812475517824,0.42101546680789453,0.38869344389761196,5.012254769824774,2.3674596104118284,1.8725841399512086,4.0513384224369275,1.3923869806817244,2.4212404067973647
2024-03-19,-0.8385510457269396,0.3860122978465838,1.9922356865659097,0.17634957447278019,3.098001566150679,0.9978724539094547,-1.5965982359087227,0.04519409525771472,-0.4544734548784182,4.890646379215418,1.857954296437295,2.3624131771466623,4.490153884564578,1.8870216906376407,2.6766364710481874
2024-03-20,-0.9619555357394356,0.3230784502240376,1.8919127311190627,0.31037064688742894,3.3227743658532103,0.810873619062886,-1.2866358104046638,0.46779281451470506,-0.9516777815125893,4.879349085438843,1.8437802269462138,2.3025195634621043,4.421641954773413,1.4894305757455364,2.4159368157961847
2024-03-21,-0.9706263859153889,0.03953342586445023,1.3181035040637241,0.224697252324446,3.208963279950113,1.2382587323381873,-1.1755505422941124,0.293096075482666,-1.372126949032059,4.91501512744517,1.6854890450255422,2.1191243503303605,4.017021301038462,1.6124597706307287,2.4657339085703978
2024-03-22,-1.243915932033435,-0.2367378644662924,0.6840413816212284,-0.11253041869666568,3.040547251777067,0.9346155907379162,-0.8606377661584741,0.29515072190937136,-1.4263749708735198,5.274503574180665,1.8881462504275464,2.3273733197517523,4.050821618492839,1.600323222639426,2.6062164220403776
2024-03-26,-1.7046003196976203,-0.6474115237456679,0.44113732845187836,-0.19415054609685092,3.2427364306640465,1.27321854257578,-0.934099051282225,0.26975749062053467,-0.9181984923381991,5.033410611607372,1.4178002165428991,2.004524729100681,3.2888283925888464,1.470531382768867,2.616339145533592
2024-03-27,-1.643226009411401,-0.6955933671343775,0.2599989366268227,-0.27352319281836107,2.9199074737239346,1.0405186497585222,-1.242130721250318,-0.3076388199894541,-1.3499573454425648,4.958181893735174,0.6918571342143067,1.5157975692576169,3.200719949403948,1.4096938334616995,2.577040558689585
2024-03-28,-1.3674436155400376,-0.3426756732284782,0.43618474749082825,-0.18156340564019904,3.367839394026185,1.334972188132349,-1.137933772282348,-0.11572601313633063,-1.6175137172586191,5.203681859633875,1.2260340601079993,2.025765066013957,3.34580354200729,1.5276562302666785,2.844613326059274
2024-04-01,-1.3144285687629171,-0.4580540568930777,0.4040096240340807,-0.541192739211986,3.429526708865329,1.6551166739933518,-1.4936513660772088,-1.0457023958818414,-1.6129395353182094,5.300514771534908,1.4173199123517397,2.14873998942259,3.5676278792987723,2.0120885110779856,3.4399542991674052
2024-04-02,-1.2283061758825171,-0.4187701067947464,0.5333240252898633,-0.40652008067188156,3.4442209348102426,1.9265017007064322,-1.6391962295831353,-0.6156210278672274,-1.4742179658453356,4.77071883081687,1.0601234709896319,2.055121656685401,3.2555411560263314,2.1423898537244597,3.430555439644635
2024-04-03,-1.5529893004231066,0.020234519713536216,1.0171483127623626,0.27039104122521834,3.495201645221069,2.161714108527626,-2.0007851478739465,-0.7082445823213327,-1.6029933674461525,4.697473552960667,0.6968704502231825,1.8634398522760516,3.274830507118763,2.4778994237471585,2.9400471879239563
2024-04-04,-1.2873665518932003,-0.16370771407770618,1.2559172209522504,0.5376231001023034,2.885865054581377,1.8521155450619389,-2.0822520695516595,-1.1372011146534746,-2.164652396581254,4.475690364927076,1.038208236447531,2.0546323960465185,2.730575428358781,2.563029483860687,2.089203594932146
2024-04-05,-0.6366376141363768,-0.46723027146869384,1.0514464602291043,0.3230648902699815,2.745842619276333,1.9465162880133087,-1.7232692646996652,-0.8963880940020023,-1.8403897043394746,4.5607217017046215,1.168709335551673,1.9593812685382084,2.4869060396784217,2.6159957291167637,2.4714472673434407
2024-04-08,-0.351795360174997,-0.3890001707684849,1.0984549662842524,0.6023359636396082,2.769949642415181,2.2068338398183647,-1.2952596677688344,-0.8556170559557871,-1.4168300380622039,4.343955722830595,1.4006902472360305,1.9302340504425088,2.6460031477319457,2.914846948305448,2.533016801546938
2024-04-09,-0.4515790665947996,-0.2545189586574319,0.9585655221727419,0.33387616186032426,2.777207197657225,2.041656831681621,-1.3850712879321594,-0.5999414073361272,-1.3357878078458705,4.113393531911571,1.4182718373812089,2.0794177909547944,2.38723727222597,2.824998058886703,1.980481760310214
2024-04-10,0.15835784509016942,-0.020591639887803635,0.9129834675128344,0.45716452318313017,3.169124693086796,2.3310360017178584,-0.7795098567338183,-0.26580778413091005,-1.1226877850509869,4.119698874417237,1.2680213510895584,2.0294283006332754,2.763416614321459,2.709351195381722,1.8845457260704843
2024-04-12,-0.011451628688623988,0.017045436457513267,0.8853684736056028,0.03456843081076844,2.88750350584121,2.321844362406948,-1.0575878014918323,-0.019701237578686626,-1.593194792735709,3.169435883645217,1.3566877836905005,1.6068317428609704,2.7011445469502084,2.514386804216154,1.8255537247554492
2024-04-15,-0.2989286017934367,-1.944291439472297,-0.026913064019701484,-1.0912082004925003,2.8788338107484646,2.309409086784565,-1.4307583088441505,0.1912260697630915,-1.6081213152429927,3.03342368201813,1.1355083131562287,1.542285703912426,2.465378738331088,2.2654421053170704,1.423718468363094
2024-04-16,-0.5711311550272371,-3.1797088391965906,-1.4557711518778105,-1.8204906246350425,2.568803500639758,2.0314293211607533,-1.4701132055974688,0.14508739327146022,-1.8185588479476622,2.9524082201203075,0.957590522357023,1.34675562186057,1.9368910940975854,2.239904463704547,1.2115530255135594
2024-04-18,-0.5994491275272439,-2.855651550310183,-1.2944758661669933,-1.8301305280318876,2.0834340325537055,1.9623532061177276,-1.9955906856766288,-0.48312246069554204,-1.8308100571889125,2.9118041068923226,0.7423982680897663,0.5951433021034435,2.6463134057869895,2.0365048337636424,1.2211531662887127
2024-04-19,0.2550065918362195,-3.0956645603482404,-0.8800876104306171,-1.6991441129714955,2.284472238194398,2.0407474531180685,-1.4631551685291224,-0.692551568155878,-1.6748176297551018,3.2225737365394767,1.0639222580374532,0.782291637689281,3.1284079752147194,2.780305778347747,1.4060155242512486
2024-04-22,0.49855901226159516,-2.758813186596468,-0.5454555920034512,-1.8836208312651992,2.2751894305818987,2.221063216537963,-1.3902011716938658,-0.1950713028340223,-1.0565382005289188,2.9783536030876334,1.2897617808497142,0.7857149881814344,3.214006705423911,2.825489050368696,1.54080757702287
2024-04-23,0.7013522880887422,-2.84019418617151,-0.6229928669433636,-2.51410785060822,1.8953566860777096,1.9966498976530083,-1.4705622289403548,0.05704604219578809,-1.4294035083305963,2.1450517076559406,1.02345973326078,0.40411556279583705,3.2101788987390947,2.4779999037218947,1.6586595379902558
2024-04-24,0.8057215387015784,-2.7985593158638293,-0.20036107102872688,-2.442095413624621,2.7067433127423373,2.4811486954672364,-0.9980410170782157,0.4664138330370183,-0.9063437038965163,1.6377355827436555,0.9988896101385769,0.47544649386248145,2.6855882442078243,3.256343394270417,2.708736287106436
2024-04-25,-1.068874138797144,-3.1894482230951433,-0.4926309764540625,-3.0428333185212724,2.595041730520271,2.491150956811478,-0.7625297163064951,0.5485092654557302,-1.2841866775232647,1.9841701105849618,1.072102645085284,0.5733932618180853,2.27945724749671,2.993237720076506,2.568561289896208
2024-04-26,-1.1949835268460829,-3.229715639253603,-0.07627592178809924,-0.4561363956103721,2.6526459459528753,2.089917404194745,-0.30564014456123895,0.1662878602521944,-1.4843168630610468,2.005377457685119,1.3190219177956994,0.3723193164887321,2.6230562970702183,2.9787312063541327,2.5786557020047036
2024-04-29,-1.3711280757282365,-2.9995371510646316,-0.24580989366206926,-0.22674851763068446,1.91574005474963,1.9489320769193474,-0.1272773452018938,0.24900210986493093,-1.4647966278767957,1.7806493997629862,1.487204912204398,-0.7289276223118553,2.688109452061126,2.982507658028698,2.069449479370859
2024-04-30,-1.5188504093826751,-3.1360024107100326,-0.24804204448910763,-0.5967085773641814,2.0877801600131902,2.434359996397876,0.30231330427617,0.28103391774871933,-1.3813551092374734,1.9560145657062864,1.2122736889031387,-0.7350140622108648,2.5935024672814784,2.8067165947573147,1.8374875625014777
2024-05-02,-1.923912441962152,-3.3634412126568227,-0.6374594482716465,-0.7588327955683764,1.9215284238306507,2.568863994016733,0.29597104770170013,0.21050120865038435,-2.0048960041577164,1.5891106564072304,0.6381568962102194,-0.8098111552910722,2.12236376814085,2.8666584930765824,1.6498714197520563
2024-05-03,-2.1511355861294086,-3.2824706996039197,-0.3990250466824383,-0.7116706185012477,2.3511080144755994,2.1822231479679575,0.1061990619736802,0.07102691861918198,-1.8606841453649043,1.6365550746501705,1.2759704190380996,-0.5276304246047077,2.0387472091412815,2.9148799075771827,1.4029856414695325
2024-05-06,-1.3615421704952495,-3.7176236225654855,-0.7993521090962606,-0.8941296356650404,1.6648019278528827,1.363853714702192,0.1582487189957083,-0.024720991172147207,-0.21012188592221323,1.7440783840056,0.936975812935531,-0.4872993790825868,2.1318816180626663,2.6588571948896216,1.6859633554441464
2024-05-07,-1.092922584361414,-3.3678645352636623,-0.5655468291240219,-0.40147025699040495,0.9070873054439197,0.8603575176026901,0.5293595861035786,0.5131652769575259,0.2871484414208864,0.942776447612696,0.6380180074993606,-0.662179891574577,2.919385790739629,2.1135627858080137,1.2609724756055853
2024-05-08,-0.9035189454380215,-4.315487398662995,-1.2862135401440078,-0.7108751347224621,0.5909690331127359,1.0635236739152676,0.8950563026440557,0.7845072308729192,0.917550910366673,0.8712969187731265,-0.24456253789171026,-0.7079350042410717,2.628814715085364,1.9823214059572196,1.0333694358002457
2024-05-09,-0.9872455923316136,-3.6874340686566813,-1.403952511704745,-0.5380274872150881,0.009464703862054174,0.8104023832009176,0.09264211778194369,0.2678566826433997,0.08384085621778502,0.196345221698962,-0.8294275947702313,-0.7625904736652509,2.406197340844172,1.6492372587212758,0.30662960108405535
2024-05-10,-0.6610657562941307,-3.888091746586205,-1.3357989602521967,-0.4876375249732056,0.20420965597181828,1.183034547065588,1.0051164517685935,1.0407012293715516,0.8517216840055787,0.313873688016863,-0.628970688529659,-0.7985824020466448,2.6289719186992877,1.7470398332191144,0.07509773921977289
2024-05-13,-0.6504949235307877,-3.626770191839951,-1.3930041522515324,-0.5437657770148872,0.3169563608007206,1.2639227841495422,0.887171800510939,0.6891843355286132,0.7212438996847513,-0.04111831020038779,-0.6554659915536675,-1.3630124390469431,2.807864809317696,2.102089631506422,0.22507431409532858
2024-05-14,-0.3557784636204508,-3.774110310515242,-1.6572094303690255,-0.46003161804509624,1.1459997108449935,1.892152121791421,1.2370939159440493,0.3864637098148379,0.7654893873466305,0.24704283400289756,-1.370722980581069,-1.737570464885829,2.8099296420651174,2.6029472196202255,0.670707276171519
2024-05-15,-0.5416275093036251,-3.921925197591184,-1.994819902564422,-0.6014954768870429,1.0877777365020787,1.8723027542457562,1.148477328146552,0.22207991114763376,0.42311605074680886,-0.10689812178769782,-1.3557195605222938,-2.0411171377508044,3.1724821650197086,2.6118251900810514,0.08986624214435435
2024-05-16,-0.4570373373465562,-2.994059702138246,-1.832510980249588,0.3175471472600286,0.8173838019810424,1.5928328787650272,1.0839480535021842,0.011931288955421409,0.587882965312397,0.31986127922661256,-1.2074064574211674,-1.8880797289898203,3.637091960699743,2.333637786319426,0.11398189734977293
2024-05-17,-0.1803601818390917,-3.2837478711304966,-2.1264708251658964,0.18396848385459624,0.3628946778841861,1.2797750110202069,1.732483833181605,0.03982093719350021,0.6292005054524157,0.40038004390394377,-1.3555188217183896,-1.5496508963079703,3.544201292509127,2.4504478905282916,0.1086473622151295
2024-05-21,-0.13547636984889866,-3.8565651139028065,-3.418670903346538,0.3978590487415522,0.4275802862043356,1.612617645587017,1.6209759187923989,-0.11225957215953401,1.1074724161316982,0.5325772396415931,-1.632060866864709,-1.4981165999832327,3.554421985651769,2.8205170539055193,-0.031031858181723986
2024-05-22,-0.09490474764953728,-3.434597523753098,-3.1383819517653713,0.3840088934528968,0.3192438959705356,1.6429408094607645,1.6255493904218001,-0.25096529558588276,1.3761109279723864,0.22571222568777968,-1.626472530765017,-1.8449803531556155,3.2713551817171767,2.7706729875029708,0.1302012717396993
2024-05-23,-0.26491748593615166,-2.9355279391099214,-2.748400570084114,0.3375763964778684,0.4990347976626998,1.2781968579614862,1.866019609684008,-0.4210634787095011,1.4412334904577837,-0.4956405035558409,-1.417706223639051,-1.8256488330727036,3.570579043394559,3.020849598411321,-0.12547598059216405
2024-05-24,-0.18269628844765307,-2.6897776128289776,-2.465085615094898,0.45059159695755974,0.6846519066613648,1.8611528043476415,1.7520516502268855,-0.5064496812764768,1.2852748065218043,-0.6749793744301886,-1.4407079353292134,-1.971583769211163,3.8346858349000006,2.7204525093698306,-0.6183366895031399
2024-05-27,0.04587503059885551,-2.999132996883247,-3.38663675548932,0.13543802611529374,0.2978136518830811,1.4677918942746957,0.9731070685647841,-0.7274370788222367,1.0530962077015078,-1.155350299570946,-1.4635732330171436,-1.924600234232552,3.8521483991376737,2.592647806102642,-0.6654373386374111
2024-05-28,-0.007217895997060289,-3.0047698899937134,-3.4298750685968358,0.01868030088057235,0.25434442365415744,1.3654564328433132,1.0085520047615528,-0.9214917579921953,1.2687121462877429,-1.214512990788849,-1.3887467652845076,-2.027736028526202,3.8296816247191305,2.5880024682891642,-1.1385854863800975
2024-05-29,0.0064303526253950815,-3.0249878598931215,-3.5352006443211574,-0.045322044834008375,0.24998308563880334,1.3377576698176512,1.2261639039618681,-0.7536991079670015,1.327879527778807,-0.954295618785048,-1.2660585507771183,-1.6223877973725696,4.231497291589473,2.820186772900332,-1.2250322664525786
2024-05-30,0.02113441227065672,-3.410022191315451,-3.972180927615452,-0.6111811541653727,0.0022277979492957185,1.190475542902387,0.7499674670307818,-1.3998403384818714,1.203395247683974,-1.583124170386641,-1.6740990722568914,-2.0592855813034805,3.955710489828055,1.7710719585678378,-1.7092872603392535
2024-05-31,0.1291864084553326,-3.3910979939066235,-3.464439789348047,-0.6461208656366441,0.06781316949138383,1.2929713112406744,1.0325870824616104,-1.5744949672816284,1.1989250425752414,-1.4579786131476677,-1.864018466856111,-1.2870880754541554,3.8664365966439562,2.3167649096150718,-1.206317962826291
2024-06-03,0.3861973652777466,-3.4465763357576735,-3.1718407853297035,-0.2570712942638561,1.0686844654764505,2.154428978870295,1.3325278706718175,-1.772019627543681,0.8658372859976025,-1.6080841847868328,-1.880877318511521,-0.6106279637867088,4.209247804248149,2.757540316050012,-0.29705580317218644
2024-06-04,-0.5395902747816878,-3.3924870099961635,-3.455874758846814,-0.31123027048644303,-0.9436294197924572,-0.09885346166301391,0.7765210509621608,-1.1629015529559275,1.5343338711929244,-1.6843522808180926,-1.4452562595561935,-0.5808412532156823,2.3996480912308398,0.8445091942311994,-1.5749125963405326
2024-06-05,0.10353528636308439,-2.438012976982091,-2.7227648546381737,-0.046575636996740145,-0.798051190715572,-0.10531880109511509,1.470213592367214,-0.4304333622083341,2.38063816886884,-0.7028861182546677,-1.5974865930633773,-0.1654872687428825,2.7975575942316415,1.2676911943175568,-1.356304508823763
2024-06-06,0.3080747024789725,-1.329024853370075,-1.991846684290933,0.6746251180258477,-0.7702078135097791,0.016423380959743033,1.8456634999852453,-0.358921012743808,2.270337687593192,-1.168332375733819,-1.255004946936622,-0.16547759377588828,2.656521793547119,1.533634537756177,-0.9234237312589431
2024-06-07,0.12476055405849562,-0.5436078630701203,-0.8825789758984098,1.3333575825156812,-0.3799179618969598,0.45903101065941465,1.9295258421377763,-0.09659555569332931,2.148432854133593,-1.077784508871755,-0.6818841013430588,0.006520617373865135,2.86384936840723,1.941465022308494,-0.6552536572541188
2024-06-10,0.1509044432979775,-0.9393360088041419,-1.2834476702726574,0.7193184336058984,-0.3552429848425742,0.5604891683397644,1.560025535078741,0.031180326816658083,2.198856566336101,-1.0181388110961187,-0.5667721708859831,0.14294570281890875,2.7950307126696994,1.6572720020689569,-0.5818793069061545
2024-06-11,0.09788683376719955,-0.806364558459221,-1.2222206007048795,0.8080700856142172,0.24534239711441183,0.7336401735983705,1.583893373311097,-0.36190095842708087,2.1216057202272616,-1.0417253778566133,-0.9701140439378049,-0.1588374740110964,2.8498668224817787,1.9969821855824568,-0.3897691351488668
2024-06-12,0.13469671660734345,-1.0898091013835283,-1.0684053711790933,0.9939179360093768,0.4164326243113633,0.9144135220030378,1.807576705134728,-0.24993029827535446,2.113425464796439,-0.8410102027617437,-0.6512862311713946,0.18607395165392449,2.8707595851770544,2.119855919740218,0.1572043790615633
2024-06-13,0.14517616450012102,-0.9569194671795078,-0.6432110844062139,1.358502734038293,0.9442088115283981,1.5393761069218448,0.9070141154278328,-0.0991927954501423,1.9499305106232558,-0.48867728267647725,-0.5410284435448317,0.6969828364985434,3.2769466540401937,2.928670650088862,0.7333112890972101
2024-06-14,-0.015861594947708408,-1.5683702734521172,-1.3221808105412634,0.9903706372141852,0.6447909082409297,1.5195187850495737,1.101396476037189,-0.3702026560009205,1.7088431714090393,-0.5665235024096933,-0.5464098430497387,0.6570739976875432,2.9774642354122958,3.0689699289373396,0.6584087303075417
2024-06-18,0.030134247230094644,-1.2182814387949676,-0.7315106125791022,1.1169464617417704,0.8094034984312685,1.7228482480919622,1.004497638009559,-0.2529551344602837,1.588701382968008,-0.23664862684643068,-0.8070527710874181,0.8604235865008497,2.6759989722670467,2.9952824002842386,0.871596659042925
2024-06-19,0.23289803510208193,-0.6735211539021517,-0.372399218179479,1.330488665416207,0.5767876118253432,1.5034618949292367,0.8210512784358219,-0.2631843465179557,1.4456548621566718,-0.7444565366662625,-1.0932384296166857,0.22365489623886392,2.1480299332504442,2.3830217008618817,0.4911980240271503
2024-06-20,0.28829935449605987,-0.10922625344384425,-0.04286723387621375,1.701129611883989,0.6656988400486651,1.4862820425232293,1.248391111512112,0.4339759677529516,2.2033802553615116,-0.8786109256899329,-0.44271613416504707,0.3004769436778353,1.9758305615431404,2.6096244968859432,0.8277349010558563
2024-06-21,0.24224554780988294,0.2111669772294966,0.01065146801449514,1.6328191878522875,0.44020500754753694,1.5373633188343803,0.7177808912900633,-0.2749434443176515,2.0801570627611596,-0.9387563401817944,-0.201974857428605,0.100788125321322,2.2927949883029024,2.9742575651498724,0.5729351009336456
2024-06-24,0.17215315772141637,0.14004068275471745,-0.23964963942398876,1.4449540579969753,0.47835212888555356,1.2863932348979077,0.6185579970925352,-0.06192199284225483,1.944502949442325,-0.7696989650382458,-0.13833714101367767,0.34015125813272223,2.4814070532170875,2.49421295473737,-0.0038050146709472195
2024-06-25,0.20829541393422416,0.9852514435250745,0.47311271262213217,1.9510252455454304,0.37357813146652247,1.2426376764373106,0.22412097789592994,-0.3138862922929936,1.9119831193652346,-1.2054133350338208,-0.3081171129784068,-0.13206301358421044,2.2379897848756927,2.192382877161091,-0.29521817849651083
2024-06-26,0.48487129363370696,1.2066433324845773,0.6893692806395465,1.892236171185373,0.32345549581959593,1.22621446633389,0.311564357411661,-0.26617263020593757,1.7989932985528716,-0.8607785414653071,-0.11411291981771496,-0.4408813070731327,2.985691507032685,1.9141449850105365,-0.37152544817053196
2024-06-27,0.5529098321926014,1.7565133724344026,1.5158769029218493,2.0919169998022853,0.4400301142837967,1.4575979845866538,0.38282360556431233,-0.1286205749413905,1.9965026642518895,-0.9987729653792564,0.7227971138428749,-0.0052205235126861795,3.007261573894892,2.0007333843646746,-0.5664837438565106
2024-06-28,0.28889890622315756,1.468410206008135,1.3724045234330595,2.141040401222149,0.44843094139783213,1.3686209914400327,0.32545042420327963,-0.4109101431121417,2.1880869406266394,-1.1455364187883172,0.8644045850439858,-0.40807003505729433,2.584233669568512,1.7514248820252607,-0.6607784999244756
2024-07-01,0.2913274107359674,1.8121816797255021,1.5996990235093127,2.566609708596034,0.3477942746912114,0.9616645387567382,0.6393167964292404,-0.021914865748043234,2.2563003727434876,-1.2634621918522826,0.4265704052029868,-0.8551338297823363,2.837350808433981,1.2327436559500542,-1.3012687793589137
2024-07-02,0.25703147668932247,2.3631553356797244,2.07969100698993,2.6620651395808426,0.3244424739053516,0.9105465414375336,0.49162693522891093,-0.48026051743723225,1.955353855058866,-1.1272036616623444,0.5178652265907547,-0.8772164260903672,2.541002934397728,1.1523297396466692,-1.084389895794754
2024-07-03,0.7301154589662585,2.4763343528627466,2.0332793854334095,2.53142641568283,0.22794226388673014,0.7925849836472898,0.6770310613364322,0.08492426307756903,2.3937591541129586,-0.9672837023982482,1.059433782104468,-0.44066040174365173,2.3433563326480087,1.3603165902007017,-0.6000160030737222
2024-07-04,0.7590710051028565,2.668106572729414,1.5967749951433245,2.0505520259895684,0.5084432685951554,0.7083122493625972,0.8519498866949344,0.0692989174923045,2.396831489503937,-0.6457431275856287,1.163271813880183,-0.5385961662847594,2.6310289276600787,1.3739928076336232,-0.4372585805887412
2024-07-05,0.6346819351785076,2.7386584498812168,1.824252002725522,2.264823619479363,0.886245144889005,0.8838985018915085,0.8380703361209761,0.3870359995878744,2.775729256306012,-0.390031461111573,1.168714886010025,-0.09423774966520355,2.921146731571238,1.2623656040829883,-0.7359133208937664
2024-07-08,0.6153251220623904,2.9465026562397068,2.2119479785562697,2.30692267392369,1.1248705281324305,0.5875719863083817,1.2456761148676636,0.926786883488539,2.7954840660461637,-0.4259338811096017,1.2271185357398038,0.13895414576020018,2.8095640190763334,0.9429293464894283,-0.8512547352458542
2024-07-09,0.6338974514779342,2.6474228180260226,2.3636230503898594,2.457737442406759,1.122058959841142,0.5932564542554352,1.8098093385560983,1.1102532222031904,3.2382177833136985,-0.09721053342074397,1.393973818499205,-0.4674855031764123,2.8172144692763363,0.8473266658597931,-0.72199869233302
2024-07-10,0.1959869022080606,2.3682482311307336,2.120936733853778,2.2632572321260995,1.0454186826167913,0.7136472480994284,1.2481784357903989,0.7898837507398178,3.4472068361527497,0.043290319991507134,1.4558072831465738,-0.24586160108271032,2.624595308371906,0.6345644466442529,-0.7525771781228255
2024-07-11,0.3860842033868138,2.7671340631990873,2.3318590989244714,2.546493482588628,1.4394887228548896,0.6244689514138935,1.9750104727389128,0.5439671444739791,3.719795192384232,0.6481375083752283,1.7151676012911352,0.050202218052734705,2.5953672473933076,0.8218730099922585,-0.7842953397392015
2024-07-12,0.4103124801553417,3.5824067998640676,3.438817031939095,3.2558466494198037,1.0708628690044755,0.6416481405694344,2.23573738459835,0.5286452207047441,3.763487095383774,0.6546148204670414,2.320501059889578,0.2654943908966284,2.555930452760013,1.012054856896695,-0.6375976183596818
2024-07-15,0.5228130959843965,4.6239400551184975,3.9243114940772856,3.5169145740988403,1.3818703649676893,0.9034770848694498,2.4447204328962693,0.55775256630048,3.930363457123202,0.8023723180033716,2.4052727952663173,0.426100588973056,2.7111344036069176,0.9290544335727261,-0.36056463179275944
2024-07-16,0.29966681380691745,4.776819001722407,4.09881001151715,3.9167098676109635,1.6800180500077486,0.9936740890002929,2.9950087173268254,1.384233779663937,4.30842830033329,1.0039125220923724,2.3888505082229483,1.429101110302823,2.4779764515750595,0.9522587295720382,0.028370966337510083
2024-07-18,0.40608244932821064,5.2639085934917675,4.16143301791877,3.961060574932998,1.8801962314784089,0.941484124137733,2.917025908899184,1.761939707054508,4.46186925587299,1.1085079021954574,2.5024452538502477,1.322378055742542,2.3839254653404374,0.7410283294462802,0.04887836124100086
2024-07-19,0.2644559988055088,5.326372310524566,3.253344969680754,3.5586114312972703,1.4930171210890926,0.8118363177288956,3.0918197778998535,1.340416522582487,4.174222085857105,0.5403407359687382,2.1711586270066516,0.5892090338054945,2.024396805674466,0.10955690091376624,-0.44683649249382307
2024-07-22,-0.19212249866458617,5.3877453839034635,1.3505338122976918,3.707274652809543,1.5240585345937474,0.9203459445202636,2.43217393085603,0.9056438942230987,4.032754449570713,1.6212990168636345,2.763891883009857,0.8119259232509427,1.5678193100760558,0.3519657857050815,-0.49508308319201116
2024-07-23,-0.315062563063323,5.885532830680128,1.2737520927088166,3.8919300843688083,1.2609113348152072,1.020055700317899,3.189251820098349,0.8675492060112238,4.088253747952051,1.79468572911422,3.02454050653625,0.5118821642059449,1.6458187719091066,0.006241880670245602,-0.8908282489485418
2024-07-24,1.1389389251429638,5.724156160004098,1.230358056767019,4.17952260366942,1.3263847224670597,1.0651250891650108,2.9077201316803167,0.009320095883575541,3.5762297717815485,1.5684907605147236,2.2029315454187475,0.22774911660895983,1.4960302444908677,-0.1282529918677983,-0.756163126026557
2024-07-25,1.7579254582821355,5.74454795934843,1.3023099957470983,3.542244110696044,1.698135473194933,1.1391901432432667,2.6160414032679586,0.1702703136300188,3.7676862249016403,2.3172625612727265,2.1922781752274414,0.5505973050096843,1.5880373918684136,-0.21039113950273777,-1.0365059463673119
2024-07-26,1.7858075906045185,6.105055031008494,1.7735892535231812,3.539302783232673,1.5811845743187058,1.0566901116736385,3.1270759134492523,-0.104579999489614,3.9088209407502323,2.629908358962582,2.120712453117014,2.6818067464736943,2.1236777614947866,0.06598920441109206,-0.5277605115215122
2024-07-29,1.7686007074813859,6.268921125628551,1.7791506413805056,3.739503180280687,1.6245595054239166,0.9938948238295933,2.981059976541669,-0.14253442048066492,4.094564808456085,3.037576408069783,2.3451709545678425,2.831402609026618,1.876926611669176,0.25921242898497554,-0.06343227177241782
2024-07-30,2.2540696707952077,6.454562966261869,1.8510211753395929,3.8350436058945525,1.6005481735878564,1.1444996924045936,2.569292341329201,-0.29952400908089827,3.9614275517439395,2.521811399019384,1.9498807272056295,2.631551713218052,1.9837498849002917,0.17828226520011578,0.0026587405972366817
2024-07-31,2.801964306200195,6.300424329490124,1.864910519972653,4.285672453827221,1.5616963721143644,1.4521386332684185,2.8935842163677528,0.19142061888554296,3.813458709528935,2.8431855413887486,1.5609500183085687,2.342309306087092,2.5480332628330116,0.3295329292856885,0.3923333511574782
2024-08-01,1.9598968287100513,5.930700531182145,1.8169068933478598,3.9949350650497406,1.8650255920302492,1.8344723231469373,2.9053216559948787,0.4337972175013259,2.928989227441099,2.5561230861288973,2.1669145970600043,2.4638630888275808,2.617433591994938,0.08809780232421172,0.10189826033202923
2024-08-02,1.854835135654269,5.2480242317879595,1.1586859553281448,3.1189138374372845,1.8291760874706857,1.9617500065867144,2.475882511146132,0.06294606995284761,2.44503803411599,2.954544714379258,2.523426768785077,3.247539965169969,2.4554776559378246,-0.026355981806085442,0.11766008428220487
2024-08-05,1.4775100632861666,4.340641089796351,0.7335806053540389,2.484307728046834,1.1899544302987997,1.6458244889881624,2.318535800947138,-0.07210946713185801,2.4136860939726916,2.719507800095361,2.8419755140341563,3.4132331854143434,2.107025165894536,-0.7459073972242315,-0.26559263134391414
2024-08-06,1.5045417132670083,4.171693183576261,1.0435982904315795,3.0265298211832845,1.4402029519036537,1.9518279615986027,3.2391128144149395,0.14288796411369864,3.8797488232916644,2.9838926092374587,3.7161078968166636,3.4821849573625965,2.023615752658158,-0.43090572725250625,0.059939151593870775
2024-08-07,1.7438016631653048,4.7642620742592,1.3479954736182331,2.9741838982465247,1.829727429168014,1.8080830991927062,3.136645323955807,0.09202757871028677,3.816649396262009,3.1238909727929913,3.9026574956581697,3.552416579760215,1.798834621353561,-0.18650768561489528,0.5091633197363626
2024-08-08,1.5563340543192055,4.117526509747503,1.087291602970349,2.9202140043878653,1.7704438360189783,1.7287888065949764,3.302423741990476,-0.06543299974404064,3.0829145733306826,2.9127793275214913,3.998372717321036,2.7850656699235987,2.095492160113914,-0.5557633936030074,0.18879228222387973
2024-08-09,1.4662985265197774,4.363753144063018,1.0691949981060533,3.142910804540348,1.8287236847675938,1.6668147121883112,3.4646215760133345,0.3539336119527492,3.0157309357703816,2.628074499254757,4.419874076500974,2.8160802821782003,2.24455169643932,-0.5164928438489872,0.16404089939717845
2024-08-12,1.4462146523461712,4.681452086941549,0.9612498866500236,3.220025486369942,2.012001961939696,1.284546070582351,3.506267307992311,0.26663651604212046,2.968314891942863,2.883743944123457,3.857756560274848,2.534886695941189,1.8942195011179637,-0.5422490809639392,0.38637482695450265
2024-08-13,0.9943658878698257,4.322313312653701,0.8365654802910852,2.7348480788151073,1.7648083917386923,1.1700357782997082,3.1169785905103997,0.3445589589747376,2.7396591147566935,2.8378672712487005,4.162114986617051,2.519649011201181,1.516023496668245,-0.7915042928311272,-0.07925456555060996
2024-08-14,0.6857447628322937,4.695142381341994,1.042437512892067,2.988305644759802,1.582386789471762,1.0702232254791728,2.9884709202073734,0.4687972682838171,2.9727992937968337,2.9298855416041905,3.7708467867970517,2.1563643731092186,1.6520599284774118,-1.0878733156111007,-0.06926278035104917
2024-08-16,0.9691979396376923,5.157582487054022,1.518973539327555,3.2831586647216904,1.5429674392533625,0.9442068459335352,3.445937771870968,0.786757061263447,2.8697705887104243,2.8116377071363514,3.8276086995900043,2.6988080987575787,1.779394163899191,-1.323005887236403,0.4423763893576346
2024-08-19,0.9969316794156867,4.972889523304282,1.5883386444062673,3.2984432230985417,1.7345753506614672,1.0159641840474085,3.1659969143721574,0.5026680690121289,2.504373517246212,2.898606274953888,3.847471806775812,3.162412129854219,1.5829692797869164,-0.9061121336003586,0.38385439174352254
2024-08-20,1.138444466405943,4.836836683399544,1.584599143861989,3.5183535845491885,1.4610655614522654,1.128982633947635,2.9807586710785294,0.5956728749955069,2.580640888291216,3.952207116540483,3.9214779895524,2.6250532402984064,1.060345964259426,-1.0527521007622807,0.5045812985208961
2024-08-21,1.2727467862664863,4.945614871681585,1.678770600731815,3.462068169820357,1.4092049713691084,1.1245810490364057,3.506774232163489,0.9479384319153576,3.0735264020156414,4.072667605415776,4.33947894850404,3.1084273513832583,1.0504732796109941,-1.1550059053499273,0.5076423249239056
2024-08-22,1.2778340467373983,4.941322281747835,1.812826110012238,3.4328285851645197,1.4869360386050197,1.128924353700481,3.7255825343475264,1.0142675524398892,3.2179367137058073,4.252977541603789,3.959024952708848,3.2574512933981628,1.337389475481834,-1.0299406057117246,0.46499576465122694
2024-08-23,1.3223346342619708,4.791293565330251,1.5612270972585935,3.488091777260367,1.510350406922265,1.206771578265434,3.913049282206186,0.8921946645964969,2.8340736163997393,4.569572420101998,3.5992982518297416,3.501369376083585,1.7029803854486079,-0.9876497381418317,0.6215502990099584
2024-08-26,1.4420810979742207,5.173856579724949,1.8753579688985111,4.2638885811213045,1.7921112826638375,1.5171892289499875,3.8125397224119943,0.5828431616158098,2.957421234654882,4.311715897810676,3.431823664168146,3.2030232067340347,1.7045300065377993,-0.8368789048323203,0.6340526358748572
2024-08-27,1.3227454121131357,5.793222216271285,2.21576455791098,4.886620866553047,1.9700906158574256,1.5261361503067503,3.9896035973777173,1.3282020592372181,2.967101469579542,4.913713625561741,4.098667854214408,3.878691756184869,1.7986371201844902,-0.27927743247313075,0.8074440087184561
2024-08-28,1.304719627767586,6.01749772006991,2.5480657295135467,5.115864184418383,2.0154950530304543,1.530721006398268,3.705209957264985,1.5864767356258747,2.768607790065006,5.170672362196503,4.618570929350658,3.5901773268654056,2.17135161045056,-0.5744948277083028,0.5286268926862538
2024-08-29,0.762406594258222,5.968123856591815,2.482530978204304,5.095428760314378,1.5343997496943842,0.7608675345275139,3.8173288561356142,1.702139679258733,3.2834568363464847,5.101301816440397,4.3857539597286515,3.798314891226457,2.0656098183124474,-1.1613090365366672,-0.2027132579712435
2024-08-30,1.8540093065521452,6.278127483170531,2.648083486079116,5.0603391734029435,4.028465000165676,4.130577293657059,4.12072641455926,0.9725142128942086,2.8143419312165,5.881105676106967,4.935975465325442,4.046443627157396,3.879681496479985,-0.13413944931480132,1.6328231014669317
2024-09-02,0.9558493341680693,6.093790269956221,2.1705800195074625,4.841924015036728,3.4187027044868032,3.417321829006451,3.897639212407476,0.19772923364571712,2.479301947868203,5.340018467935222,3.9173729353162976,3.5521032906067695,3.1499885777534207,-1.1624073581062928,1.1348344461815556
2024-09-03,0.778359972593258,5.38936626643854,2.009097656945375,4.33025328593218,3.054721108884645,2.8653992556010994,3.6185325746276678,0.9042868038684572,2.7001388917360964,5.595588218962529,3.612176876439548,3.3154736691648434,2.6772898253234203,-1.5208314016895859,0.5516777725388327
2024-09-04,0.5212933066773339,4.664239178715975,1.0279955493061392,3.7982421072068533,2.414069598873952,2.3390506529577038,3.283500872646257,0.5868629413901743,2.6347499531888583,5.44347548559462,2.8463680510587186,3.3886453554869607,2.0703963981502844,-2.394293765870169,0.3450768746814506
2024-09-05,0.553205048084725,5.405475320926855,1.4128822759961315,4.4107153806530155,2.3564227389331895,2.048415374672177,3.6149501311960006,-0.3285873511807729,2.1240420044226616,5.217899909108527,2.3324670726330017,3.2424608382219913,1.8572612981890138,-2.471423473053994,0.11678833290165724
2024-09-06,0.7280856700626327,5.026637563488654,1.2879062872515057,4.0518639447581934,1.7025445911824315,1.5216692332629769,3.3350601220777465,-0.27396101931848904,1.9539474445681568,5.4873771954268955,2.505063119340782,2.9564652134895972,1.7331452046785685,-2.6319765990371438,-0.5078286260095325
2024-09-09,1.131239401806182,5.109694175194266,1.1239997521309093,3.1156729931500395,1.2147619822957203,1.1101132569458854,3.7498476612060667,-0.05001098675273527,2.7767131356528236,5.3089092854699675,2.3855146986727456,2.572272230676428,1.6237634041754883,-2.9121085023505895,-0.3451808373074778
2024-09-10,1.0045455104581587,5.173799926208444,1.232581869703461,3.1840036136456598,1.0394114273052146,1.4524209706159383,3.940936618481768,0.00403816645491301,3.2518306185081327,5.443214420035457,2.2322311524670124,2.630836153215018,2.223316661060795,-2.9502994853477693,-0.5373946365933481
2024-09-11,1.1029001052605123,5.227848557117785,1.0867304111222447,3.393096442427545,0.6697138258525934,1.2179258559106163,3.9294564113798676,0.010596615053703172,3.350394368831616,5.4863607118929085,2.1352906089296746,2.551483276039676,2.1994451137244817,-3.149221099199939,-0.7160880709139725
2024-09-12,1.5418622033552198,5.456380751893641,1.0919955294924049,3.7947702440251545,0.9884934897875587,1.7470959819712302,4.274637993708902,-0.07219617763934187,3.7241941602604594,5.660439505488427,2.7762508689225407,2.8998847000107824,2.829459611305884,-2.4920821318194823,-0.5047550955132163
2024-09-13,1.0937377258608618,5.202558925792637,1.436951266929515,3.8058272115310423,1.0650672997484778,1.9463009916284477,4.304167374903009,0.26685047712795024,4.02811495466592,5.853975163967459,2.837766601410479,3.0046953114881783,3.2458888528135894,-2.185181897119523,0.28841352275577503
2024-09-16,0.9763170571783699,5.212680460357228,1.5997137510017534,3.5633223621454255,1.093093960607947,2.5490467639670062,4.191807626407333,0.32094052525652367,3.575239284015202,7.013361530623602,2.7300220239146773,3.0358824554449324,3.426481756580951,-2.3289234808795896,0.018541008075677892
2024-09-17,1.0466322847458245,5.016346271056584,1.5959912810151546,3.5031668364536857,1.2680323915700646,2.650554196240806,4.25082126027952,0.8187060253075483,4.053010232930022,7.1638841763418,2.5182297199169588,2.9791218401010617,3.2993349024494467,-2.6010994372843146,0.3048531433387283
2024-09-18,0.9976436609399802,4.226722331901909,1.279525371487872,2.853715013395568,1.0908705839515158,2.42905671329617,4.045486817873264,1.0177963712328524,4.295829454121721,6.045137311019625,2.1115608939818427,2.7685594347382527,3.1621461099469266,-2.6535692930472243,0.5745246331503692
2024-09-19,1.2667484825635247,4.067158888104489,1.0206995257363802,2.429778404727378,1.009120672103113,2.8679288202202065,4.085986836666767,1.61591177944983,4.091603143593979,6.0026231694262355,1.7774445898721944,2.6222628013890863,3.3476496655940178,-2.564635449764452,0.6596185759040925
2024-09-20,1.4407667753363036,4.202325905797609,1.1873805981691108,2.908551171780836,1.016871128139952,2.68532852855437,4.297473869664294,2.0299006974641447,4.079516708848967,6.00412611958945,1.9771144088238135,3.520494373040074,3.310495637412248,-1.9827898286400172,1.1040856425000043
2024-09-23,1.3971244841212545,3.742673352326119,0.7303620196144709,2.500656032502942,1.3676779390468485,2.383188341695913,4.320004861143938,2.2952812864127634,4.037956486689184,6.060736030204084,1.7653077853248744,3.537316435848885,3.482159283371542,-1.9152177478890342,1.741104255152523
2024-09-24,1.526401755495186,3.8552534979290947,0.7394418238172107,2.8300888964770228,1.2481661896475764,2.3196788684458975,4.279711197888427,1.7697020304945885,3.786279778803045,6.056788133483917,1.1724531143059012,3.453686491588457,4.0733856735949825,-1.1254596648778232,1.717983737694016
2024-09-25,1.2418853196742017,3.5426782094715468,0.3749248414949649,1.9572956212012524,1.2713638649347763,3.0514767067069415,4.174519640435215,1.6005908141888654,3.6723910125535553,6.115284031190361,1.5191403663201668,3.687948489414835,3.9818198660314943,-1.018955847879818,1.7589742301961868
2024-09-26,1.8513985177118324,3.2609391322514103,0.25524308061953377,2.0035370707615394,1.061746604927931,2.959477851922159,4.5963928612279,2.4082849786615177,4.426520277501642,6.388517315132766,1.6457133410084825,3.992812961038738,4.7485984873304385,-0.667893855714917,1.729325493913831
2024-09-27,0.9303483999521323,3.2512323069581,0.23479379034092285,1.9373419984209568,1.142403372263238,2.946698009193309,4.44986992096474,2.22792858691015,4.2656039656884275,6.638513536910495,1.4557480142135752,3.87379375985717,4.1935488592730685,-0.743304397116239,1.3947138195296354
2024-09-30,0.37832173564923344,2.617082711105607,0.417282986667579,1.8157179596589739,1.0634007061639439,3.1631435140072743,4.187395209776552,1.6662967967392681,4.673605147603085,5.8644128297046025,1.260027252310414,3.6195161107375893,3.805275740632836,-0.5495451282483287,1.1341365208618919
2024-10-01,0.4600832224031162,2.935771184561018,0.435498698295321,2.2599490843566254,0.4146732329081946,2.7496171800422005,3.8760741770170344,1.542754697707536,4.604960147329092,5.570721018259766,1.0962723986022451,3.095299628845004,3.575311003977193,-0.5503824365511143,1.5084746222845853
2024-10-03,-0.26311626012344935,2.6521642528339293,-0.07667523871726539,1.9460423787880456,-0.009528552685294614,2.6622824899954582,3.2944227157774915,0.9156281154984942,3.8596148082646997,5.676184418707342,0.9915553790603738,2.1102581628323174,3.1662016020069332,-0.34425783159884144,0.6767475693210224
2024-10-04,-0.36927741575195594,2.9476873749293793,0.005480297250982757,2.0972296243933037,0.18183239493144443,2.4754389914842307,2.439439474794334,-0.1454711078433406,2.7929069375606748,5.266375547725225,0.4177626015716085,1.632884132226782,2.729597388420796,-0.32267406394365916,0.3299340887884225
2024-10-07,-0.38322442747552116,3.2197792008663684,0.07989729277669032,2.148100170566178,-0.0706938460062473,1.6295980853743346,2.7685068713338357,-0.22098520682264505,2.0223436355192406,4.968493644155741,0.2942159578864134,1.4457665470726702,2.8364295831263115,-0.2029871150164565,0.0668714100191415
2024-10-08,-0.3985585428483922,3.3073075530699265,0.010061820589308915,2.2906061773372954,-0.16654906486588353,2.026273887250025,2.344981303229246,0.07949608904439921,2.3260164815300963,5.516091444845596,0.4566603703293892,1.8400656434920488,2.8799591039592487,-0.7287804002756744,0.35691965803561093
2024-10-09,-0.2879312019034542,2.799826477344524,-0.5054750316721567,2.1238576858315743,-0.44738277821846584,1.924964521048731,1.523172882347636,-0.6858755031992914,1.7194965266370947,5.702249489679126,0.025001784143211428,2.209002885079562,3.1667370078594623,-0.7517320676359529,0.6910614732692264
2024-10-10,0.4852491715230101,2.4585928666521686,-0.6402855645597554,1.746105226142972,-1.0563318785273512,1.7457558039784833,1.3464241907406704,-0.6838603599753221,1.205135020458017,4.6529759865058296,-0.5666201869027487,1.7731675404946043,3.108963449511912,-0.5171304697426977,0.6451599216832494
2024-10-11,1.0091216733751318,2.40850106375224,-0.5604446962857053,1.8298268241041342,-0.9013357130938617,1.9716669702160374,1.0836169602017194,-0.8171659351548676,0.8881112394312303,4.9790623256957645,-0.10131120234525383,1.8048805755922257,2.8730071060107245,-0.45559726289222924,0.27817225458845435
2024-10-14,1.0724741766987111,2.3018791942244565,-0.3504190978743245,2.004804909111867,-1.4952492973532532,2.1707296704365704,1.2327913056549429,-1.0988712558268077,0.8477115826166205,4.853926698120484,0.05177817532950486,1.9034088383580525,2.7531020925526235,-0.6088617671975529,0.49979945745441523
2024-10-15,0.9325781472716915,1.9345103458188964,-0.37783556911680544,2.0615010737570363,-1.1999250026792772,2.956735476499509,1.114814932843018,-1.0065047800249298,1.1772150596109001,5.25042082179373,-0.012565696942166135,2.564722483880231,3.3051628335326058,-0.09263360787482544,1.1249152597406462
2024-10-16,1.566997245540624,1.2899711274849979,0.8947919809614969,1.8582537918351167,-1.169905823770324,2.4807205842943487,1.2525178879100236,-1.1191381466545032,1.2214725996064435,4.958208906136046,-0.15028803364162327,2.2701718556756916,3.4366794525162234,-0.3977006929804842,1.0228782472770581
2024-10-17,1.2712802035611948,1.4764209468432328,0.9561385193564969,2.236106406839601,-1.0835589483662158,1.8072493784571009,-0.08401562248529292,-1.7590232413021334,0.5717001593195766,4.576418899123714,-0.5450209753173153,1.9963546989793022,3.0094419591819994,-0.658774070064659,1.0265460135033633
2024-10-18,1.6638718694663028,0.5608227592165926,1.4797802310720483,1.7229749129270573,-1.2274608644203553,1.6674611637088772,-0.28911044613684506,-1.6871412513668416,0.6349637714370067,4.573618037898078,-0.22805590709673645,1.9131773362393514,3.2309390819539408,-0.3668138708048238,1.0757340964997544
2024-10-21,0.2628828225573756,0.3887838224268363,1.2750369516951787,1.8884957476369952,-2.2504451229172275,1.6903215986610962,-0.23915671079497733,-1.1379307316742513,0.1840399166858491,3.8130143013702384,-0.5254944222883288,2.051835581473959,3.128511579078134,-0.11457217092356006,0.9816794081237928
2024-10-22,-0.49483342003889563,-0.1613985477943857,0.7135668854449277,1.7224755026660006,-2.3489818499524193,1.0952200919459538,-1.00568804302465,-1.1462793921148824,-0.19896756247011874,3.0520018250389933,-0.7600119763731715,0.9144249741195289,2.4799888966955375,-1.1332587950020874,0.02426561869215776
2024-10-23,-0.21046051295868268,0.13502922350296492,0.7726882556930192,2.256520005400504,-2.3990055732226376,0.8773963779825174,-0.7724087220575123,-1.308108956949381,-0.20859360228202045,1.9442059063438712,-0.8252153036705355,0.9046581680989624,2.9278663892116112,-1.3355938608049194,-0.7435808894912788
2024-10-24,-0.18568794350363504,-0.024550328916474205,0.8478442860482059,2.1197832285396108,-2.4430744128682633,0.4734743164350602,-0.9082250753337773,-1.786527468435049,-0.5293495270836192,2.4980671285454448,-0.7883843797899953,1.2103476816145287,3.000216761292759,-1.4362814762473815,-0.9528502490888129
2024-10-25,-0.3660835250179358,0.05049599198243441,0.7383806033633978,1.7558313484173635,-2.7673381178601697,-0.48466346725524845,-0.593280018685325,-1.7540682209447143,-0.07235173811489709,2.3894905081106597,-0.8495271726061255,1.2715424418089334,2.5489988290913175,-1.8838137046634265,-1.532319046461699
2024-10-28,-0.4140765441832171,0.23960625372583072,1.1448032315853074,1.7262299591812051,-3.136184612694479,-0.5831951640031535,-0.41178975390812733,-1.9065673583309592,0.3541401228467647,2.997925569144541,-1.250791187036584,0.8931069088025013,2.323631458704141,-1.2547980359782973,-0.5377883045347959
2024-10-29,-0.4164323428822619,0.5104358271643972,1.8558088477464239,2.12269355570219,-2.6551349979841796,-0.062452486239556695,0.022049051103990733,-2.057096343394035,0.173894903882827,2.2108681688559138,-2.197826776699929,1.0854024032203642,2.1295232720598807,-0.7307236953476143,-0.00105917349655464
2024-10-30,-0.37572539345450073,0.887905908452724,2.554852582532333,2.673162973524154,-2.1775299002559096,0.05193728673752963,0.3689141012756188,-2.115366260759475,0.42038394087254316,2.0894733796327927,-2.1531313487870354,1.1495444618719515,2.52993718213827,0.0137727972343926,0.4125964602631718
2024-10-31,-0.3814444643747099,0.3930183357927374,1.9934262312002922,1.6322544787435809,-1.7298287232797764,0.07060204619436437,0.21126971179723186,-2.223520452087183,-0.4206370693548525,2.2590431587761985,-1.5765956310199825,1.3931204400174466,2.5923531615439086,-0.0949110464179247,0.15300832113929294
2024-11-01,-0.28940477741212883,-0.012433744856412122,1.740061796052672,1.692908477573905,-2.917380354876957,0.014087141955289813,-0.04122033648577476,-2.152824310069734,-0.48671662563451634,2.0036090871147643,-2.346325798001999,1.2066761566029847,2.5516732609322084,-0.37961168609558155,-0.16848886339561905
2024-11-04,-0.4253864045400999,0.5712614342541471,1.7609610203870183,2.1138997724591957,-2.9727223123694193,-0.06702422688294128,-0.44313582872268775,-2.1994583694954253,-0.3999992776644397,1.1383627688376896,-2.2035182578006816,1.6650185296560058,2.0366565347645307,-0.2987047762610834,-0.4797694984238315
2024-11-05,-0.04832315063257349,0.14082704691869477,1.717900960575171,1.6347662452325218,-3.463152186601079,-0.09992952832113168,-0.7280345991614047,-2.1757123799129356,-0.46520487046523534,1.0872165911194727,-2.425978875611974,1.5218941106243251,1.6831619885632978,0.17265358568764497,-0.31128599678653446
2024-11-06,-0.017852945306852098,0.6068888691761551,2.292140794980809,2.111773646861774,-3.918843458695264,0.5789360738214261,-0.6147736042842514,-1.7719756421071298,0.2905350931831511,1.4363634229329805,-1.3230769303379948,1.8820839805332856,2.023576221036614,0.29583816061564666,0.06762017476798299
2024-11-07,0.037582358998900466,0.3851476029890613,2.233190848378123,1.7636742081241243,-3.897276693715922,0.5629499645183231,-0.5497601075262382,-2.005116505185857,0.18062529536818672,0.8018023071947616,-1.8310087132755994,2.5230440023049776,1.6837715981563304,0.35928775191100293,0.01851201812888736
2024-11-08,0.07390803714856342,0.3957184947615775,2.2397269428721978,1.8268807771914153,-3.7145955439188083,0.28296280472184904,-0.6564436087482135,-1.5654952964639184,0.44639174920985947,1.0319703943877103,-1.4159757467487917,2.7600638959024,1.4379461416027866,0.28401509090408217,-0.3523733331023702
2024-11-11,-0.30346527961148584,0.3378003802606655,1.796552845743681,1.468822037766353,-4.136992306551964,-0.01825111096910948,-1.3008578521716592,-2.240282760732132,-0.943505835537864,0.8062382598207101,-1.3002973632619523,1.4250760210503912,1.1477575155679909,-0.4211394033576726,-1.1984016309692151
2024-11-12,-0.6214467339669123,0.3671303112252417,1.60947446552968,1.200558984179144,-4.573064365964945,-0.7648921374644421,-1.4571542298893805,-2.264834971237887,-1.9826145631847967,0.8204595905938752,-2.2345752584220393,0.9282916144744886,1.282835314109064,-1.0816749484042125,-1.2591650583246001
2024-11-13,-1.3082569997326077,0.2866834297895425,1.4162868750311914,0.7471838145860643,-4.552403006241195,-0.8527520062837038,-1.3569691467149554,-2.615979500206749,-2.01728395124566,0.25941424252382317,-2.8036060153478255,0.624591022698119,1.5202060734033664,-1.6375311642854926,-1.6680536121043823
2024-11-14,-1.1363388830991972,0.24173058328451244,1.2998397856464123,1.1184947486851364,-4.546615801067968,-1.3418455920556265,-2.06058924374644,-3.403836164570198,-2.608851502027917,0.1337392905579672,-3.566837892258511,0.4082289994281056,1.318551834023504,-1.5637805020728948,-1.3246690592440298
2024-11-18,-1.0506060638689037,-0.3721641626861942,1.1194907516372905,0.7767087899100868,-4.377707002300527,-1.3710496192786215,-1.981304937176439,-3.036913884788246,-2.6214353323286606,0.044659502690045136,-3.7771130390948193,-0.13534858130457916,0.8095581527592739,-1.3915810295942073,-1.3561416677473837
2024-11-19,-0.9503603394633338,-0.05559144853916027,1.5756531458037866,1.280626442969158,-3.923239987843432,-1.3129396513361145,-2.0022456256800685,-2.8443971087835385,-2.5630390492224544,0.10591587694962586,-3.2229262564237344,-0.37006368264298095,0.3605445390939867,-1.605448144562939,-1.159080439972562
2024-11-21,-0.7749345489499588,-0.10141177407415798,1.2119471235842747,0.8956851457389124,-4.969856218566263,-2.3685692128836533,-2.4868748830390803,-2.789860199825842,-2.8470518767535227,0.18836045324185727,-3.506524779627876,0.005166743640874134,0.25925967930379923,-1.6837045742589762,-0.9692762610409731
2024-11-22,-0.378381503786144,0.33788970788894335,1.6779768306548497,1.4730039208146277,-4.709715267484044,-1.6711781150252762,-1.1305405588359294,-2.3994263141955376,-2.597681925000752,0.16514405530142076,-3.1244979688504366,0.5190058347424914,0.7187735121003307,-1.2422953061272366,-0.4521379349641853
2024-11-25,0.09635278570264087,-0.1467763280422911,1.4806768418048077,1.301123596709292,-3.378645563563296,-1.5078251251772112,-0.87582783451637,-2.0641358296252776,-2.2403268200311572,-0.09130384390827202,-3.358665321161017,0.8848554235974659,0.39795855141674535,-1.0253558196047343,-0.023643320229794377
2024-11-26,0.17441989691560247,0.23289555964907283,1.5343735401026064,1.2240586011592345,-3.6952635007658508,-1.8301869984164467,-1.2476935644959026,-2.0909428263888756,-2.242084742555002,-0.4170311830909063,-3.15284899741601,0.6791981741337174,0.2493684228304498,-0.8491498660029467,0.10873630832256437
2024-11-27,0.12952859992363674,0.14085154339517775,1.3747792255974822,1.441542334150244,-3.753315963268943,-1.7220812637495555,-1.1043752231674953,-1.9709133022203091,-2.4012262219184777,-0.8870020192125719,-3.732866542562643,0.2562279569338539,-0.0574308646614009,-0.8187484427625076,-0.13298178133307365
2024-11-28,-0.13515681371706587,-0.6520268475422079,1.2517687988192405,0.9128795083192934,-3.673115123656092,-1.7909048506242096,-1.6156015365503897,-2.3848369084776313,-2.782011839688885,-1.0166492185467935,-3.4427460534833765,0.015814229266903183,-0.05307828782166623,-0.9644745265533294,-0.3196308926805016
2024-11-29,-0.10615793962499746,-0.4402054113768753,1.2985012265696148,0.9280865602162353,-3.143214933448733,-1.577148623510299,-1.4897579787861521,-2.594001188206895,-2.7063942443650273,-0.2980810584905651,-3.1340025477645703,0.07465832118549842,0.92036010793798,-0.7459085003429393,-0.17684849996482088
2024-12-02,-0.23395225648186985,-0.07012179097914951,2.028436517335466,1.2201895963821001,-2.7346329081763163,-1.7589068992824788,-1.3266682144319613,-2.450471048173477,-2.8433714565310466,-0.21136984303460918,-2.4504573808689374,0.44795842849404305,1.097194203794553,-0.41703963756135726,0.15966972618130426
2024-12-03,-0.2145983420558306,-0.05331402283162945,1.822151898900882,1.3098275975217204,-2.2450526665203396,-1.2392294320123145,-1.7922023762804156,-2.109997214489867,-2.6388623353723513,-0.2392292788463409,-2.090235398155676,0.5844531329992217,1.0021466910724193,-0.4624416790987826,0.2501052590676599
2024-12-04,0.027550852245254435,0.20063924629567978,2.085421100335256,1.565740943807258,-2.213247778494189,-0.6838700978764563,-1.6460640142680916,-2.132708346567859,-2.802148539000477,-0.2131661628232289,-2.160050773192733,0.8980168335961711,0.6516304984610648,-0.48606742759912464,0.6573242006382707
2024-12-05,-0.06691637296005042,0.6713126855334507,2.5473964221059617,2.2976958382136154,-1.7066657489372705,-0.6393403232158367,-2.1818521183833344,-2.1790080464988866,-3.0248878943254285,-0.01283296225411397,-1.5833693291079267,1.1107160232793727,0.9681481080360536,-0.15072851921021665,0.508345335051887
2024-12-06,-0.06280579481155943,0.4040486436599459,2.1215636232163795,1.981975596006684,-1.606873415774579,-0.8954687877974737,-2.067446965327895,-2.3284821102142974,-3.1163224641689324,-0.3004673190866542,-1.288334996875165,0.8653699717484045,0.34645257739587065,-0.005192601423007068,0.556728069722819
2024-12-09,0.06901189601106807,0.43427082545741186,2.8406592339655456,1.9855660127472732,-1.1434342628669816,-0.6159367576558611,-2.409127585444099,-2.593680591848617,-3.469421657802733,-0.3938379043401578,-1.1300571325936442,0.8245397091650996,0.40260137628656584,0.3154908773708589,0.722399008896376
2024-12-10,-0.2713491000228348,0.2984077809183849,2.631135567491989,1.4570472528009224,-1.8775306675852876,-1.3473551530167738,-2.6554513196119993,-2.7388251072064493,-3.804790904840276,-0.5988767618549624,-1.6592520369971104,0.5898166965439609,-0.765054856544956,-0.04076344500161203,0.630251394542112
2024-12-11,-0.19155702691134988,0.5769666202043724,2.1318847227326634,1.321166057905181,-1.7429909162115225,-1.369615411506875,-2.409959938518715,-2.4857694352846202,-3.460314783609617,-0.40577148406543545,-1.6127925817558755,0.8860558674016082,-0.5171516231376043,-0.20743204362141923,0.34003585109747897
2024-12-12,-0.6086414226518422,0.6334984460710056,2.096172846052095,1.6388368512203833,-1.9839753784534822,-2.245641540253907,-2.515775839296545,-2.807935057443595,-3.4755144272562157,-0.6276327821149214,-1.4317794758197748,0.5860578998017949,-0.2095218005038051,-0.2678258030286351,0.24015187832968804
2024-12-13,-0.3466976335148031,0.7216464803814315,2.144365252899899,1.6761669510297468,-2.1085615609110606,-2.402262833653379,-1.781922729663385,-2.471518733412509,-3.537135671093686,-0.5641882755660975,-1.3597222366200792,0.7180793817265881,0.33339110959412666,-0.32089683014497633,0.3105011628178851
2024-12-16,-0.2847545993721148,1.117420018332876,2.6057184490108996,1.996641308376672,-2.0299150187142123,-2.510510922369114,-1.7574944470880693,-3.101996243833882,-3.5833302340151567,-0.24513729676858395,-0.6805376474195205,0.6503902846590074,0.19568654251971174,-0.20614135269979642,0.6199107754907405
2024-12-17,-0.871850317982082,1.0673311436119348,2.757663823691317,2.0607709711273556,-2.0258672470003805,-3.174184618034969,-1.8298497322246778,-3.7775320630502227,-3.832614240189243,-0.6350947430881904,-0.8440577134723128,0.5688306601925754,-0.43285810569304584,-0.32943716358008185,0.4948690994017941
2024-12-18,-1.2915890851887035,0.9836337498528133,2.779501722045127,1.8672203315942602,-2.3189017279784085,-3.5012407740170706,-2.0990227639591925,-4.672161973273491,-4.040145626236902,-0.7301311802454611,-0.49721373151331716,0.48712461636322296,-1.1273372585774344,-0.7647617116853236,0.08372370432015336
2024-12-19,-1.8460196833678375,0.7683198796565358,2.940079733903788,1.7798016227221105,-3.21918590652132,-3.917241376823599,-2.425199627099989,-5.203994334319106,-4.030825723107282,-0.40117169680169273,0.019286782691360985,0.4605465082103533,-1.6067807467963653,-1.13904108195371,-0.4718970250213808
2024-12-20,-1.8496421784083021,0.5296234117625505,2.2884067404723925,0.7566034139618474,-3.8482407416164293,-4.111888798702225,-2.4438290759951755,-4.9366477766801,-4.278553183772488,-0.6479523501702646,0.30749525917650533,0.4266583384980732,-1.9290881526590642,-2.34101632672327,-1.0340054748595544
2024-12-23,-1.6500886215669315,0.5792680010947092,2.5559215991507984,1.3700911418600181,-3.4473469958211025,-4.496581242856621,-1.9827852671633543,-5.0745571894549295,-4.194572680542342,-0.6047891556165376,0.14782593201609845,0.4307215519158997,-1.8605434638826368,-2.3352498324351973,-0.8758683209557141
2024-12-24,-1.6537875984225823,0.3955488487849654,2.216483431893518,1.2528182494287639,-3.383312107220571,-4.334882656308672,-2.0145726554211842,-5.597637292736069,-4.26340660592403,-0.9033664706954245,0.13180093752113356,0.29040702111753114,-2.017175234356476,-3.0508411784887772,-0.9603471143517597
2024-12-26,-1.2950421151935343,0.3214923043558197,2.205063319039492,1.1680200650510235,-3.4117840147228864,-4.476498994049112,-2.086593584294074,-5.691635683974715,-4.239271334117814,-1.2824356087709399,0.17905187305882667,0.1838979330770377,-1.452420505429726,-3.171164116428136,-0.8742593419721136
2024-12-27,-1.0040243874317523,0.6958118759594282,2.439271798726034,1.646355114396519,-3.6829578885504186,-4.771471227294574,-1.8015298253832863,-5.090248866042883,-4.417896979207689,-0.7476041521666416,0.6672786326347003,0.23120715912798642,-1.1796892020425083,-3.6273286734884547,-0.6833291859486319
2024-12-30,-1.5355517996577246,0.3321421576757927,1.939263909136993,1.449938872241646,-3.6683761734225446,-4.832431924230854,-1.7917621379942144,-5.341888726818901,-4.6403603784239325,-0.3657757686144032,0.4945925760528293,0.49841026620090373,-1.2123868225790777,-3.7192884876324195,-1.1498736995194776
2024-12-31,-0.3413631072829922,0.19215200105155833,2.447743120558569,1.3226928897137764,-3.023510094855845,-4.523237080402493,-1.2839468971130048,-4.942658015528154,-4.5000256236203615,-0.2218573146783866,0.6970744531137435,1.093036575175101,-0.922166670088321,-3.5286270365058576,-0.4524406545829859
2025-01-01,-0.15089427956932486,-0.013350876501756292,2.237468600085926,1.1694816938631998,-3.4125456000587744,-4.310781420648426,-0.8650901975792423,-4.466985415318156,-4.082165893613186,-0.16618735261047632,0.7209237170133009,1.6339416269575175,-0.45100972246209925,-3.6778592899831826,-0.16103764825458636
2025-01-02,0.6378570976678304,0.5145840979062306,2.5117738010748036,1.3706581341945352,-2.242578791782258,-3.553071149825941,-0.9333544445756542,-3.79897878640305,-3.891128398889732,-0.25665076682955706,0.8766297537658648,1.7603917690213002,-0.5350442199808779,-3.1949254203914768,0.31152827004490175
2025-01-03,0.5031063019387182,0.22855077578944152,2.0376470334704604,0.8783113908601183,-1.4554754302699067,-3.725455908226993,-1.1777688220697007,-3.4414135032442585,-3.9744939046807133,-0.7565215759791044,0.4159152818779651,1.0646767608753516,-0.6132249720376626,-2.6940899147187953,-0.03363703775138197
2025-01-06,-0.12997104046259866,0.18495127405640838,1.893546924066516,0.5496331106286622,-1.464496755056711,-4.1101293156145635,-1.4035336141810026,-3.3838311433615775,-3.8554768492980322,-0.957419057677693,0.3572896015734963,1.160502468144631,-0.9972188669726265,-3.257033891979337,-0.5710861600492816
2025-01-07,-1.1448906996989185,0.4167454298719665,2.091967923697827,0.8085049292858122,-0.8795424266132991,-4.254200492231012,-1.497046486903094,-2.9898634188778015,-3.454641178467949,-0.36412059473162894,0.6167006060818212,1.3210083509955206,-0.9667294951678311,-3.155201295463443,-0.6277235862044489
2025-01-08,-1.2609051056359941,0.2963172095400565,2.183247005929945,0.4479880618211023,-0.6167937890860734,-4.416058771635833,-0.8783884255135717,-2.899051748267556,-3.2856738135988492,-0.7541848935155796,0.8392731594804952,0.5034254518885214,-0.9727753516654666,-3.372672488935686,-0.5457693826519439
2025-01-09,-1.3305987785841757,-0.04934392892320229,1.232019102529043,-0.25025123090783347,-0.7461116395917534,-4.7687241757688765,-1.2677687244031186,-2.3577968404546383,-3.0315290715387175,-1.0052978442515597,0.6754568808371791,0.11724522826414097,-0.9717609344198694,-3.4562305820413113,-1.1528535742044097
2025-01-10,-1.5435174438440176,0.3763840247199765,2.3161591249045967,0.5736699316677168,-0.6135043281658219,-5.3300619305199595,-1.5875939452094912,-2.2790114754986264,-3.2690602086431264,-1.3720193167964636,0.5697429301229291,-0.12923874797876603,-1.1251822081695044,-3.487684928336781,-1.7872447769245068
2025-01-13,-1.5473044485950422,0.6764571446848682,1.7487303068610056,0.2661536923497551,-1.0883249529194108,-5.647846991143719,-1.6360519626020926,-2.1868410941439147,-3.373161697742282,-1.8258469250090923,0.00424046044960695,-0.4326917417961886,-1.5554242496570363,-3.9262303536780006,-2.5062770303800925
2025-01-14,-1.2524423107853278,0.0694554820494038,1.9264244818381435,-0.24090935023293195,-0.6321534730629477,-4.4162323727711845,-1.5703067233610173,-1.6972330161908582,-3.323287370375933,-1.3830184801666703,0.05944797069587833,-0.5586058971234418,-1.1547222554388499,-2.9314022697894617,-1.968285476264511
2025-01-15,-0.8307919455303981,0.9938847383437583,1.3154577820056876,0.15516169256994214,-0.8387908031171627,-4.0032106092087,-1.4331876189064572,-1.6225365828178746,-3.007906906853743,-1.8247662461919232,-0.05251600892774856,-0.5804127378951446,-1.1409036486940474,-3.3719902218558224,-1.9746240069586385
2025-01-16,0.3003132442241542,1.0606929528123379,1.0295616839940152,0.1403508083549381,-0.22385612652152342,-3.7798994142522937,-1.516926814476052,-2.001836560305619,-2.832290318614929,-1.5817655906727524,-0.4143507636214045,-0.34430376300896026,-0.66222355689576,-3.1408077921835726,-1.6739245653092627
2025-01-17,0.033244244444306105,-0.00930119052746419,0.7156557178388647,-0.0820709742110495,0.2640247840103176,-3.448603161186161,-1.0396569574845342,-1.3377231147938113,-2.6502782780032628,-1.1523891476769559,-0.21967913342757328,-0.02939388803060031,-0.6922519413618847,-2.327907783314836,-0.9300496452272559
2025-01-20,1.4408153163773387,-0.221240279176059,1.5929249858011938,-0.32707643652271456,0.41162762067424824,-2.6480656443958632,-1.0962397293507613,-1.139567241812748,-2.603516430475581,-0.7065767192336541,-0.16727675327666439,-0.17877419956302482,-0.44278337262937506,-1.9580855212695045,-0.5736330035235456
2025-01-21,1.2580687819663359,-0.24699614378903328,1.4993945935875177,-0.6561537602682532,0.3131087261689528,-3.22415917008253,-0.7269621497104477,-0.6492427508349033,-2.172808487371457,-1.0321883081241638,-0.2997293034111395,0.04370234442687053,-0.5380101390801729,-2.2225840807886224,-0.879936936581332
2025-01-22,1.3947329059936604,0.2623841481186993,2.0967258207497466,-0.036350616639490144,0.4921488916922403,-2.910338364138664,-1.289908781339389,-0.536806047081406,-2.1610396574189696,-0.6775384386868055,0.012467665414511648,0.003706303137514837,-0.31917320467380156,-1.9934454914906763,-0.9055821410065887
2025-01-23,1.3768153960716383,0.3109867464119133,2.0960599203303913,0.374052839480286,0.47558407715783696,-3.0544724583737586,-1.2073096984410172,-0.7728905141469095,-2.1242799342300955,-0.7670307003966395,-0.21096414013942452,0.11314217073544143,-0.23420899381733204,-2.255549742287202,-1.7582044120657454
2025-01-24,1.212022403823068,0.43915700117334694,2.1123175504396414,0.5021678142661817,0.024332638433627766,-3.4096987034879804,-1.3179638870504768,-0.6125614276709982,-1.641195102374235,-0.538519611817627,-0.5897390584644074,-0.43610905528682414,0.1959920913452038,-2.422941689984178,-2.27118369585902
2025-01-27,1.4100392539550188,0.3042955331165773,1.3923065735797266,-0.012363531973877689,-0.11310513761670231,-3.346061139870932,-1.5693392167463274,-1.0887448030526867,-1.7491551710357331,-0.736378107929525,-0.6288783421948931,-0.5415684767191522,-0.2730466767799472,-2.6977672187447808,-1.9963169142544037
2025-01-28,1.4955536193530847,0.7750608141366397,1.8496565037639465,0.5179877769954985,-0.4778585529517969,-3.6123186795433115,-1.6755800997002193,-1.152778189713545,-1.940199293647421,-1.5575487436479196,-1.2214983413990759,-0.6019184693086342,0.17382263987713745,-2.3115749145958966,-1.418461688007532
2025-01-29,1.636657641313992,1.16530245216127,2.251734083942333,0.8747749011394302,-0.6268890610185406,-3.584409145391362,-1.8556899629697863,-1.077085717134468,-1.9201979156327242,-1.283250532204203,-1.0237793547023963,-0.4416291587453942,-0.0928611452235694,-2.141049584970477,-1.1282655212190287
2025-01-30,1.6167635335664943,0.9594519894892269,2.3871273182334427,0.43512345374319855,0.017687014356035872,-3.154229122190445,-1.4461805874359874,-0.24577996220746268,-1.5943428358758258,-0.7243883292795243,-0.9433583139630215,-0.18085741334486782,0.7005617530255354,-1.8027855660803138,-0.5341726340430484
2025-01-31,1.3716269835760784,1.2067608443159723,2.443732240573463,0.5327373727847365,0.2312296652798601,-3.058466199608121,-0.6236276636406021,0.5883462778228866,-1.3487987655265954,-0.6044867750435106,-0.649916157443978,-0.2320129024426319,0.6859381875231563,-2.011209503640449,-0.7795270055144048
2025-02-01,1.337744002153024,0.3712369479403186,1.5907590822508864,-0.3405614173694454,-0.12952956297500556,-3.5799255665299294,0.06855413913589065,0.5936211913612884,-1.385971432688283,-0.9115456420738476,-1.261616660547432,-0.16437709003617149,0.40141918497270385,-2.3755775856878527,-1.007720848182744
2025-02-03,1.323339194731083,0.6597858269440731,1.9956862036726475,0.16061577646538155,-0.3878060972054883,-3.6791223259734926,-0.15754138555142363,0.6224005787957163,-1.660086829396369,-0.5193161450748788,-1.0807275753806276,-1.529153306923862,1.0293912083085026,-2.239819643658009,-0.8259471369492791
2025-02-04,1.6778611576949247,0.7235124513863183,1.9749958432260943,-0.10595598980250977,0.03297605331095407,-3.0084254674626445,-0.12810859078529582,0.12827048429132673,-2.0776776039261593,-0.4360606241104106,-0.7845952935948555,-1.5382126162117558,1.2096587335025848,-1.65184451307457,-0.2763377792074195
2025-02-05,1.5542780023424299,0.44704680836722716,1.9003224939784336,-0.31909523833551545,0.7292714215760973,-2.799772957705981,-0.389566843483109,-0.1992522575151011,-1.6326844705290577,-0.4105255480017111,-0.731978421655182,-0.46571823359115416,1.3167692339625527,-1.2261590978978087,-0.1048096312299974
2025-02-06,1.8006327434804787,0.5290521439773032,2.0148469052428237,-0.05781630215748045,0.4782645453184482,-2.6853773224353414,-0.5286489532256912,-0.07188265099331836,-0.2566485447579269,-0.4888776514502164,-0.2737374653385195,-0.2991966923732072,0.8744836106945713,-1.3614122297457567,0.13405171829494456
2025-02-07,2.2425580453690985,0.4305155258679093,2.0606739291476788,0.2887397641921416,0.548330536636503,-2.5113246895930996,-0.9416488237288261,0.1331849949701307,-0.7466155873339231,-0.13238280690616508,0.04828160855461232,-0.092807347051496,1.5311697673468323,0.014862628110506008,0.3142272228920142
2025-02-10,2.301322774982904,0.2642993170164972,2.1705374958241213,0.23776088095664413,0.28807260481968255,-2.475859482201322,-0.8526848437046357,0.6360640931633185,0.05471186506056816,-0.2191931369048854,0.030544604128667226,-0.18302824015347458,1.7020700426046376,-0.35603123557124305,-0.43765703161196884
2025-02-11,1.8029888023554412,0.7010488145644974,2.266549131019619,0.20637909502076315,0.10344695876240173,-2.4786536414856974,-1.2624596862519712,0.05090478009487747,0.047940461784396315,-0.36829168511476523,0.3621524223169613,-0.9701789182515297,1.9067350382843387,-1.221875636711153,-0.7799803769034919
2025-02-12,1.9560035263572948,0.46956127049217966,1.8938311113697894,-0.08130502381761194,-0.16438371074896643,-2.4456398576375658,-1.3837641882192797,0.022591949717145943,0.21233790988497447,-0.8155174089276724,0.14787451438521743,-0.6793611642164328,2.204049429226072,-0.7386244082250714,-1.3539384819041174
2025-02-13,2.092834886618249,0.20830990525702336,1.9459255678277698,-0.1586687369141039,0.012049551426733815,-2.029583160806287,-0.9934172650731165,-0.1167521053496804,0.5242852020778463,-0.16800293424477636,0.5501543011552404,-0.8276682903899703,2.241018873493639,-0.32705172974488467,-1.5361683265518213
2025-02-14,1.7170334254126542,-0.2998101503303831,1.5624480718954759,-0.8084537214089729,-0.43193709423536814,-2.7850338256754723,-1.8553966109241649,-0.3029182711646317,0.549866483056048,-0.8592112040947086,-0.1580221746120246,-1.5940216751172043,1.79480333774477,-0.8306921672870199,-2.256571503208459
2025-02-17,1.4127721228368435,-0.31684991628458253,1.1500277290603549,-0.5950623401877926,-0.9705293915208588,-2.8093575188858555,-2.0397692383066115,-0.1829446260102965,0.3876682345400608,-0.7359100844695432,-0.04933703550070405,-1.890869063651327,1.1981908629722557,-0.9534703362077327,-2.6095561867109183
2025-02-18,1.6170659159440786,-0.5468833232636019,1.3067789096353073,-0.29137190987863815,-0.592134053764462,-2.025369493870985,-2.2178715636164026,-0.20660121252028235,-0.5581173596943575,-0.47786208091396276,-0.06342781537942392,-1.6693327037328476,1.142162948259796,-1.014037683761138,-2.7366474715387827
2025-02-19,1.7870391819539895,-0.9216862738345282,1.5583355487251054,-0.6012311310602668,-0.49271500032482846,-2.1929737756306875,-2.1535002105461047,-0.47669914249397655,-0.6854456276477834,-0.6307625965660133,-0.40930950567762286,-1.3159799794664613,0.8708450744807434,-0.8724025880315658,-2.2550074413267938
2025-02-20,1.8907987240039874,-0.1895778780981602,1.815441374837261,-0.46457347225828044,-0.1625133357790926,-1.353065887779482,-2.279818048545086,-0.0753586654534368,-0.4055319380335552,-0.5450369989249748,-0.20942561503538684,-1.0616669551057951,1.055283241383607,-0.4735489189488876,-1.9980572185483503
2025-02-21,1.69408898175941,-0.3001902956503659,1.3099312878855613,-0.5423266930305839,-0.5326378712764297,-1.3689879906390863,-2.4262247660112695,0.02901965224831045,-0.5010432660517549,-1.4354364804313986,-0.660537053148577,-1.2285165682691,0.2501389672154101,-0.2850685358220962,-2.3251288552099156
2025-02-24,1.8989051785597255,-0.9891641160723191,0.5634112349447534,-1.2719301838756198,-0.89610034235936,-1.4222498917096456,-2.392083364147413,-0.09457875866065699,-0.4717329502360878,-1.837976456312255,-0.7572375272108364,-2.1265152876332523,-0.39360134041014117,-0.8290322357303425,-3.0794887921117637
2025-02-25,1.9446555426129908,-1.069624240873455,0.4086766371301204,-1.5176564481376689,-1.2481693530589324,-1.9123264888259508,-2.0299867948051493,0.11994749929273066,-0.5180069835530909,-2.050346409170201,-1.3193717405304934,-2.2962717955088507,0.35012603831702044,-0.9083877090342286,-3.3593100543642054
2025-02-27,1.715459132625777,-1.0768939484362903,0.4502676014132618,-1.6850754489281758,-1.27967775223719,-2.290249557157291,-1.9622466416177942,0.44468820233326106,-0.296213369738992,-1.5735883177399232,-1.233181035943936,-2.79580152999233,0.8971862421750009,-0.6479440593400632,-3.6550354801432006
2025-02-28,1.1893893291209279,-2.172223970246733,-0.590658607001016,-2.741884228048373,-1.6424421163200953,-2.34400036754881,-2.301359708420897,-0.4886406653361682,-1.2869543526112663,-2.2907813572071243,-1.7532525346300776,-3.2701455575663463,-0.3862720222294824,-0.944249821954727,-3.84021118210438
2025-03-03,1.266206377730242,-1.8439292924920225,-0.21552210929687973,-2.647275137180405,-1.5835092039751253,-2.205368426970188,-2.3383880872476563,-0.5498055447410402,-1.275429211631928,-2.2978024959050445,-1.9139359673451024,-2.747318918743017,0.09466096587857487,-0.9171020556413036,-3.661082408565257
2025-03-04,1.1325319917367236,-2.0470053130471912,-0.6736593861509069,-2.6541443487909997,-1.4186903100319626,-2.252048918975869,-2.212490605616725,-0.5637440084676129,-1.023651567064351,-2.535604728643816,-1.9261458956958162,-2.5943057211064704,-0.18220074235414915,-0.9999491847832492,-3.849459375664445
2025-03-05,1.257455712980877,-2.0320436143713043,-0.6196585176841494,-1.9306249473490495,-1.1753907016504304,-1.5437756201174266,-1.6282436994384586,0.06873316555661561,-0.21258977659994882,-2.359306851781409,-1.6173755869259052,-2.689279676123787,0.5467346511632551,-0.27275805486024696,-3.4831052020349325
2025-03-06,1.1666162827810158,-2.2242584454194634,-0.6212085592170806,-2.2401828727373116,-0.9310801305731973,-0.8496933726642036,-1.58644487958142,-0.14014892298225914,-0.8043295204502863,-1.9782442567077867,-1.362618854754623,-2.726412652864559,0.5584817832930824,0.12959028876096362,-3.520871248507033
2025-03-07,1.5024047827957212,-2.612214561100448,-0.6768667812609084,-2.5994158956759965,-0.7783774348367191,-0.8185756294018216,-1.4788423613723978,0.363694768478013,-0.2949607940741723,-1.9448928063066584,-1.5703720737219158,-2.6254536901581904,0.33493218404857134,0.2182848276620989,-3.3520020224745433
2025-03-10,1.0870710854080776,-2.5610077988854965,-0.893861873746244,-2.715752554940584,-1.3154720035834868,-0.8871873260931621,-1.8813031904257211,0.18486416800508584,-0.45036343197854656,-2.005169696286292,-1.7835240122364817,-2.902135674492645,-0.46391048786281347,0.3442015002677423,-3.764340716369465
2025-03-11,1.2035562916597826,-2.752569035448202,-1.008918739275871,-2.6232022406903113,-0.9720111633401001,-0.6821220091521308,-1.8225364166389095,0.34839841476692546,-0.3142003457319192,-1.4045130712560145,-2.2144027396783734,-2.9465167779275134,0.11646944878954905,0.4276308277217462,-3.464470799976933
2025-03-12,1.734121429889612,-3.2621317481180014,-1.404663134724314,-2.9519579771512015,-0.8795685172140121,-0.5352934938641134,-1.4605003216773573,0.16241157745626683,0.16358626792659067,-0.9540909673975415,-2.0973337075709506,-2.8164639217561334,0.431380929298186,0.5920438068482266,-3.2897301402297554
2025-03-13,1.78891810119856,-3.3918710169049935,-1.7826778568297792,-2.999260729713195,-0.6455568888720308,-0.16439397216105367,-1.5200888260322203,0.2675937482640013,-0.17275946321327826,-1.005888954292962,-2.5155318551550914,-2.979531629253004,0.4700793399075256,0.7691935726049784,-3.472211448443105
2025-03-17,2.0107193299773365,-3.036795842158283,-1.9867011668308878,-2.807000743436632,-0.26347960456081204,0.007423985519767703,-1.5499985763078756,0.3632077242100697,-0.44364090435603887,-1.0052820246696494,-2.53688558914839,-2.9786499145457026,0.5666819821411015,0.9789124351935794,-3.418466985337643
2025-03-18,2.1808638111696115,-2.849125875519646,-1.6897572495156388,-2.307391909880938,-0.003496615230299312,0.18529129779530418,-1.4084543378242174,0.33386605118632856,-0.02634638738312814,-0.862655257568376,-2.822133502797605,-2.8639401447985073,0.8392904674666464,1.2501661319493445,-2.9868912681361572
2025-03-19,2.3743146122371934,-2.9028398027873323,-1.4957749179562532,-2.986427083076965,-0.050286313753814926,0.576780286627613,-2.1676756417952014,0.5377549696295919,0.10285303990607593,-0.61347315263754,-2.392560448695888,-1.9286341965622729,0.7089859796232372,1.7162490263944499,-2.1666860943698705
2025-03-20,2.447046576565979,-2.459193651421925,-1.2723239538780868,-2.747389915642176,0.2284020094874315,0.5256294926994645,-2.3170877859637122,0.7374196036716927,0.49893786642978677,-0.46875441585174765,-2.2722136216906836,-1.7416666881036862,1.4445648641491802,1.891350193390529,-2.186651348284369
2025-03-21,2.713022399849003,-2.6572337186467725,-1.4363219420425948,-2.705720147142106,0.5337041318798669,0.9328606175321617,-2.1653263050713374,1.3033681464185585,0.3370569464849008,-0.3348128798828128,-2.116560668340194,-1.4085078281408598,1.4817485770923953,1.7319440893505322,-2.113707336583753
2025-03-24,3.195476626995132,-2.7353727497709763,-1.3526460383722425,-2.207201082259496,0.7962715821095288,1.4758848134818905,-1.9426576197156744,1.1130027227923476,0.22136675595495953,-0.5267836693543878,-2.492159578523728,-1.3636318474774212,1.4033948939606389,1.982491725815696,-1.8698075589285856
2025-03-25,3.3259323167318997,-2.2597641825957346,-1.0558268754438502,-2.5155140303760395,0.9534271673790435,1.6249765408895682,-1.9291050988807086,1.0883254452666933,0.30418612476180334,-0.9474811488617058,-2.7619877148039573,-1.450968332739396,1.6749450647366744,2.043243837057902,-1.8511789266331016
2025-03-26,2.8029715739172905,-2.316130999498679,-1.1459315770273863,-2.5999460740055667,0.4446343682680024,1.0686979838421258,-2.3682097637862025,0.8931121944528899,0.49687986477045226,-1.029695367730358,-3.1318011694076993,-1.7067374798551156,1.748449087725986,1.8403808143478488,-2.161419557268777
2025-03-27,2.666175421594192,-2.2966695317373076,-0.8426428893479558,-2.4962159723354644,0.7115349419743362,1.271715622618664,-2.268341159862178,0.8880038500574361,0.30834649862281666,-1.3337605871936193,-2.925869631627606,-1.9516725612228036,1.5104740160883021,1.9433271275282658,-2.0045225645639704
2025-03-28,2.5805775037532745,-3.36550870167003,-1.4295214777171954,-2.774010162199464,0.438887970636643,0.9930404907556348,-2.492125481441093,0.687024113283854,0.766240946816259,-1.1886705462176754,-3.280719608838671,-1.73081334446676,1.445920698060146,1.6883362792449754,-2.312408420543543
2025-04-01,2.385863564502038,-3.596217080615307,-1.0440446765209919,-2.7060412542289805,-0.19796331353250002,0.7199366173745583,-2.3493899461537113,0.24282978013948578,0.3949290704925855,-1.2832693792075776,-2.8606241194988664,-1.4283443324855487,1.4723359414107016,1.5652562922133781,-2.4952064341122764
2025-04-02,3.007034200939601,-3.3118674423907875,-0.9885697435502819,-2.3478640035140965,0.21354591585499524,1.210583212270849,-1.4148657992055593,0.472258512335036,1.1573238499231482,-1.0983633118040437,-2.8645414799105686,-1.480696067811451,1.8924903424774664,2.461163273003354,-1.7923624490245789
2025-04-03,2.908003443980052,-3.691406267124781,-1.3105538180747132,-2.688787118480181,-0.7607241931822927,1.426178171445035,-1.3117141383008857,0.5348163556910681,1.1289032054433483,-0.5540536158665085,-2.8573105691665943,-1.6445398329444392,1.7750841537257742,2.2223489575614317,-1.9220277238593542
2025-04-04,2.9332572679920346,-4.091008480013083,-1.910153903752485,-3.0538887847756016,-2.067938611325304,1.2283972588809855,-1.7997753267346734,0.6169985903248287,0.7952489016293791,-0.9560120596274179,-3.6697478082954795,-0.9277799259488023,1.6558139242095664,0.874272630235228,-2.213737724923981
2025-04-07,1.9803377946162628,-4.405581606295539,-1.8664230177907726,-3.1980663722001874,-2.0371766232279636,1.4174985858764657,-2.0397852113138395,0.1669376933617266,0.6483208492214556,-1.243329947527538,-3.9993061247998907,-0.885187491134323,0.9476277390620472,0.14725614146440497,-2.555550292538741
2025-04-08,2.3948493902733152,-4.467667375624219,-2.0130908383964514,-3.5404616374666333,-1.5655843061124164,2.102951976295199,-1.3508962959487854,0.4814849432555359,1.0786382723260803,-0.6726195929528547,-3.3966090842059966,-0.5612153423345977,1.1813712423279212,0.4365200478064552,-1.9219373257145018
2025-04-09,2.5325189798740158,-4.669992953491271,-2.149457300433112,-3.5870201615437014,-1.4834372707986618,2.4687757773046846,-0.8199477367455348,1.1555114462475964,1.691837111711254,-0.6753207422878406,-3.371085346349303,0.12847314540089338,1.3360293690719247,0.5735018628807109,-1.5286332619398781
2025-04-11,2.797604022328204,-4.442464613434217,-2.0233588517959986,-3.3684837844185513,-1.1863999611615659,2.3648251925941,-0.37744112085395026,1.459257715668357,2.0110027856261024,-0.5462564664418522,-3.1238338170280784,0.33897008220132546,1.682114923034132,0.7475792671432927,-1.5283143913733213
2025-04-15,2.565436960544549,-4.324894822495023,-1.7860898674613945,-3.4049420452389434,-0.9424691960315289,2.011286441147926,-0.48353977029348694,1.6942899198676546,2.100868175704241,-0.25338461848075794,-2.256996101025255,0.6992643456106612,1.974322477989637,1.028229434775638,-0.9311159480756214
2025-04-16,2.461770466717643,-4.300638068638259,-1.4124643744309635,-3.4302382089905605,-0.701620727669888,1.6944574524700107,-0.007880801030149008,2.1187892081049884,2.3324857176321907,-0.4233900881612844,-1.8195636257469132,0.6982437479742898,1.9605665248453554,0.9620870462347377,-1.128611952468139
2025-04-17,3.2790330415240607,-3.6653156096409014,-1.6423116190764804,-3.233463016993948,-0.7473848170702122,1.8500976377764606,-0.2603763039831687,1.9819273928171264,2.430395316912036,-0.08034128052816342,-1.8302687388446377,0.7683480492536829,2.494979705447223,0.7636931051905299,-1.025717130480497
2025-04-21,2.9091772657387667,-3.2415024559315273,-2.5296031774096557,-2.4694846195344433,-0.5436615020607843,1.4618816391232927,-0.37073505925742717,1.8604891624391726,2.0634960738930723,-0.0667541801583587,-1.535684120108382,1.0628816918184185,2.3145367029868873,0.8105802818365567,-1.0908549235081144
2025-04-22,3.4136031539382983,-3.408540153094334,-2.6685284790847756,-2.1832734855032534,-0.4784679648474286,1.8643901871813044,0.24141649449987704,2.0968720811960755,2.140665710891767,0.0912013805979918,-1.3935910821949982,0.5751017751158234,2.181920562504529,0.8979264012091916,-0.6259147216266278
2025-04-23,2.805500316546471,-3.284997800119883,-2.595045333537889,-1.865485016350523,-0.16825433443562748,2.105308377958607,0.12342193449629466,2.2044684534003336,2.2963242338999716,0.13922150784196397,-1.34026214069546,0.7773879541987297,2.3647986152164417,1.2034369817544288,-0.2283820625866162
2025-04-24,3.0078116042661063,-3.3992534046527734,-3.0505935531825714,-2.056449473572234,-0.26030826537757207,2.0199509763996057,-0.08873662506153895,2.287510987404047,1.7705971460087309,-0.028432725518676278,-1.0456253897992627,0.7489168760739446,1.9974060189233658,1.107633571547991,-0.3637064220083007
2025-04-25,2.9308904490473306,-3.388918006936296,-3.2544908767759773,-1.9729018803657168,-0.10119806921498267,1.7150379156262943,-0.2832529486359154,2.0312694640543207,1.2912618554924553,-0.07406103642054258,-0.6115610725491533,0.6822824732095101,1.6628059313195866,0.9449979565993916,-0.49022314767193564
2025-04-28,3.148162319064685,-2.9929684517878834,-2.8524805001434226,-1.5004498962005302,0.4060577937519915,1.991420694513343,-0.15064298139307963,2.30135116096931,1.0440595098144443,0.6907118891715222,0.132423666746059,1.0445187866655903,2.14171923318389,1.4999322090605776,-0.4523082602064537
2025-04-29,2.903845882149862,-2.889346517426656,-2.8770357656137846,-1.1307593127357984,0.26030627433101666,1.9859681098273088,-0.0575108807895001,2.3194718345558956,1.6679867710631313,1.1473335926983166,0.039575224745993336,0.8745853609745482,2.008391195192654,1.2597375839524847,-0.9055926912576987
2025-04-30,2.641583469826502,-3.3809691511101905,-3.3350186217291866,-1.3375857250438052,0.05767259332682822,1.7412880619204547,0.04373586635418445,2.1031735754610468,1.6532527118082017,1.1071117950168243,0.15791736183794183,0.6395461577133043,2.51595264565702,0.9581022232310882,-0.9318250254246875
2025-05-02,2.5970396537611187,-3.134083803258888,-3.1769517993421323,-1.3290658572785898,-0.3034036202198054,1.398264481454121,0.09272088886438427,1.2470889260688536,0.9570807671606386,1.0030168807689774,-0.12855484350061977,0.4091625519169403,2.010614253592955,1.0355900969052718,-0.8163677324653572
2025-05-05,1.663134130999676,-3.2997854905323307,-3.2010049317051523,-1.3597707184220504,-0.7910723188511593,1.2336845645253813,-0.10877438341568661,0.3790668547902551,0.9616133538538113,1.0634943675194157,-0.5709364941795728,0.5628066541011483,2.3062086708765914,0.797391781634862,-0.6040106593936129
2025-05-06,1.5576789342769068,-3.043057798878871,-3.046520947983788,-1.1273800428027645,-0.6644167948656688,1.2326650124371517,-1.0742781440837015,0.511643495213604,0.8195151848729622,0.9222835954694982,-0.5556005060639219,0.5720076179096047,2.613334517716447,1.1241768125899663,-1.1009943354816394
2025-05-07,1.8923360482378302,-3.1864276673060576,-3.343287318928138,-1.2050398817036096,-0.14401380817075635,1.5680999103484612,-0.8912671314759293,0.4366459710194688,1.0415587739315197,0.5931087568903874,-0.5347104604635937,0.6167945817996577,2.3119906293661074,1.345315189411818,-0.8942510628257531
2025-05-08,1.6674766648307844,-3.5043530359663304,-3.6129880171440782,-1.1714335391897863,-0.7185930861047901,1.1103237149325507,-0.9717975484630834,0.6287867074266019,1.509068814819307,0.24271324861520793,-0.9716952458843204,0.29604322669611993,2.0316114290001632,1.0233070558468327,-1.4747844180919099
2025-05-09,1.742614608170413,-3.530448659929314,-3.6260929985086765,-1.2680669465900958,-1.0333071117048809,0.8419593186414173,-0.9954683149039448,0.9979290835896735,2.1009475603486316,0.15284678548445182,-0.9596755517595886,-0.428382154166284,1.8054041384099988,0.8698970445756515,-1.8547715426602356
2025-05-12,2.020675887307779,-2.043378450534121,-2.526905519436158,-0.588399937328772,-0.22206724750607276,1.7448576059475929,0.1543765412605558,1.610841231477039,2.5439084152603595,-0.36696133311640805,-0.45783768758815674,0.27429388421137735,2.42075753484699,1.6436928578534662,-0.9470030521673644
2025-05-13,1.661890305316088,-2.385457295932869,-2.7929882785529845,-0.7665430657896404,-0.25820514676716455,1.2366508952468342,0.3055042092541114,1.4822248122910995,2.4266486167286216,-0.3094619756259166,-0.34392242748097307,0.4634428321875913,1.447772565128741,1.0405041115159446,-0.9002136887400137
2025-05-14,1.214627989065193,-2.0148451447644073,-2.764039652453091,-0.5666915719435204,0.3504015171734259,1.4228274360107316,0.5977631939494545,1.5247241573798243,2.269540460414431,-0.07998189511746545,0.10686265114324894,0.5353440917510042,1.4131373486678056,1.8041411118953135,-0.39589045558222086
2025-05-15,1.70851179595895,-1.8043814400913745,-2.339938458062024,-0.14143585916840906,0.6305541606892452,1.8179774597708218,1.393495071846377,2.0411804912011076,2.2221090451004804,0.4956338736637276,0.49128311411608777,2.42510446364973,1.6527078020339867,2.300367451483472,0.20299864490105038
2025-05-16,1.5058001076011394,-1.8992464281138968,-2.3382808359267666,-0.3187112116350976,0.699347888092377,1.8363618652855391,1.7033732669069384,2.156791087515904,2.2934942632306656,0.503128096077487,0.32822916362898935,2.071213022629516,1.0349388528473975,2.1350260488284376,0.728127426008797
2025-05-19,1.28516408500012,-1.9981529280653287,-2.396177979962022,-0.4304959736783397,0.8016204024543337,1.9029228971433398,1.6948182884530656,2.3210725171109874,2.4819626063542244,-0.016821391136568897,0.05651081888662659,1.9567526257935541,1.04402749924678,1.8225796455732275,1.0207028586752191
2025-05-20,1.2914722384452313,-2.0874181810890327,-2.478963793853853,-0.47961589672773713,1.2080104865084178,2.126870348119554,1.6309665613247915,1.639707679529205,1.9299250465031932,0.19722885589440523,0.5081315486811212,2.085637964980316,0.9406948069445955,2.0568008194299523,1.3456335392505105
2025-05-21,1.1960130305843255,-1.9221063108517786,-2.304046767662495,-0.345865336300646,0.9959408673737505,2.180100454404771,1.6212306725229155,1.7383365976627245,2.0600068824606805,0.29261430301823704,0.4876919893269783,2.1940181057586394,1.4572344214079398,2.2740955479770393,1.6016772329055973
2025-05-22,0.9935392318206504,-2.16094239642407,-2.8584220445265243,-0.9053803921281162,0.43860178760079144,1.5523413223002933,1.3915584679595832,1.3887872174305695,2.157065462073074,0.28915010318038603,0.47464152431864237,1.8684654437742545,1.597751552627163,2.2278508974183464,1.6504618561651578
2025-05-23,1.089094902105461,-1.7360207522720208,-2.862718668584092,-0.6461346652949812,0.48382702671171735,1.5204152792747745,1.8648330195588239,1.990982651137859,2.557848007163421,0.19600683126077845,1.0718730881075456,2.0270250738077142,1.8384078821277072,2.2424113184661945,1.399286905226219
2025-05-26,1.1209692979768688,-1.7069915285263475,-2.6705234982802923,-0.2707808163002013,0.37711986388404467,0.9957035389422387,2.5057190543913923,2.2899508775854187,2.7134361096038977,0.19439689938387453,1.148213450482769,2.222262542855128,1.9890079976471038,2.0266081565703393,1.346808969765704
2025-05-27,1.1776024713298572,-1.719936327598617,-2.506844013317266,-0.27808202920124436,0.4117538835694499,0.7103534203588556,2.000470135107487,2.271623365087477,2.6092139990570447,0.5113479183601104,1.4897251216643081,2.4073644302104027,1.9994652402787862,1.751721829189565,1.427151138455814
2025-05-28,1.0386309995602283,-1.3607881370712247,-2.1281225178691323,-0.10166207578355148,0.6248648321278861,1.087174884637924,1.583042765460433,1.8374843707629214,2.639592771473488,0.38952183289405606,1.2864955593085714,2.262388422421573,2.522142234907262,1.990275045206961,1.5942521092031707
2025-05-29,1.0886597799715099,-1.26960564728264,-1.8172812852589755,0.211156122750436,0.7236942734212561,1.1245322532756619,1.3277602532135955,1.7079744672577697,2.745918873252986,0.959919517213199,2.0191432483333513,2.1609297345278042,2.2181689625815735,2.1705943735789908,2.142837207801749
2025-05-30,1.2078559533473114,-1.25188683289096,-1.9917609152995264,0.049637052599769756,0.6352314759806017,1.0135443079256812,1.48702268130588,1.1226018602085384,2.864771464693555,0.4194272571808258,2.109520682499647,2.2605782690588923,2.0607153301690513,1.8839165107357192,2.440610524069464
2025-06-02,1.5396596966776233,-0.7860340739830323,-1.4415221502144033,0.7006175074642101,0.9214534144490342,1.168537446833669,1.9960736882351027,2.171978549150559,4.280394739009024,0.953593196752629,2.2159078322481265,2.876478823917358,3.1190446165404575,1.8649593735576575,2.7197342882702062
2025-06-03,1.265869359389405,-1.0532279528566666,-1.8424004331276638,0.6061916890757854,0.8687103854636716,0.8104846430208846,1.7038479426913435,2.070985137975775,4.15014966444833,0.9684969188638276,2.1722763844242015,2.1627156059558383,2.7100237901621007,1.6277037926479838,2.4523506283441505
2025-06-04,1.3444507435691966,-0.8193122499124631,-1.6326231679956162,0.7631950747412313,0.8154872505436925,0.891330380732205,1.8749053434400635,2.5775053144932003,4.1166982515877155,1.1440514956222059,2.2177291037683453,2.23124511634692,3.2771046718089836,1.6245484607605212,2.50389653657385
2025-06-05,1.0629091555177388,-0.984991569207954,-1.8447706869766134,0.36942161146196,0.6695002607596547,0.2476763879529948,1.4274418202665995,2.1479930057230705,3.8269065398309228,1.1560527337939188,2.6070052402016457,2.2072211198485503,2.8857010325296764,1.0966336819294875,2.5012425382111823
2025-06-06,1.445330204440572,-0.9349770806261003,-1.8474819609969273,0.7672862737283268,0.5847559524818586,-0.14017349128521334,1.5042503136869447,2.253283978800346,3.957935340695004,0.7929550927028524,2.7753286771512493,2.2084470817751414,2.6967590636301897,0.9925439835736829,2.9812261423966375
2025-06-09,1.8105160969793148,-0.618736316119015,-1.6311599610216465,0.9447481372207913,0.7221928303500567,0.5138896551456068,1.7426228861292474,1.8726596336560895,4.066010784250705,0.9938403503843105,2.8658408154009956,2.383450718318983,2.6001183155395147,0.8921556660993472,2.934098319149845
2025-06-10,2.0365238935064234,-0.5406098616955377,-1.2309698626645533,1.2716328904229934,1.4577852227726347,0.6302384526354654,1.9030475583909607,1.92236242301135,3.9902316166104113,0.9142671089969391,3.457849921753306,2.586766263995028,2.5138312627623662,0.8070087529699708,3.1450796931804876
2025-06-11,1.8723064337158297,0.08557841407902535,-0.8430148988274295,1.5691136145428768,1.3901283882469624,0.5255204717879368,1.775237789783558,1.7688413636735467,3.806659123253131,0.48483350746242054,3.550861161127947,2.6678381691471333,2.2102276707699406,0.8858564861975033,2.779988063115535
2025-06-12,1.3303797728125861,0.5021911207492422,-0.3471443076795215,2.057883202946127,1.5743949760306175,0.30386681673048443,1.078599164977441,2.087972353249421,3.309541547125167,0.22776040696330035,3.915884963540775,2.838289965404966,2.28383112427982,0.6493081909690906,2.598568581082072
2025-06-13,1.1467166692260513,0.5430127970376537,-0.06904211193766001,2.159163102308403,1.7120695255392668,0.12065428354714632,0.6521280631625079,2.0356280963271,3.6461812306719845,0.16339029874554178,3.8653579933578746,2.973381351779312,2.3688510949100885,0.5456893295967754,2.812883558090962
2025-06-16,1.3262877450768824,0.6436081564082535,0.3112356065406187,2.445070304474317,1.735957177965534,0.2251076746606373,1.163287726953017,2.3731727860925336,3.8933847422957664,-0.07880328349373152,3.0883547914953806,3.1276717591481047,2.497330509832037,0.6291485747105192,2.946278712593565
2025-06-17,1.3085815632216935,0.7839852458728925,0.31234872505051015,2.643398005788093,1.4736038853214963,0.3029199145806368,1.0443344087614237,2.0667531983756597,3.926327269218314,-0.4371049733768202,2.6345586530033125,2.767621332074184,2.4289509118173864,0.5091980347513596,2.8515457795083035
2025-06-18,1.0360646209285196,0.7541244968477858,-0.09147796385570288,3.09085003018489,1.1909352103947224,-0.35685830999410084,1.3483488353566715,1.7344798613961583,3.7936954442745705,-0.7521107364478405,2.2349989977458593,1.804526211334327,2.563743409083987,-0.05127466197020077,2.221996176245776
2025-06-19,1.0292162723204186,0.36821324418898255,0.006181428403512346,2.6940579187848885,1.078238182097991,-0.505839449956628,1.297637402885439,1.1157637813647105,3.2627370461146374,-0.94089853443127,2.181865847120955,1.8810525506724156,2.034812286679489,-0.17252062730962198,2.209339122505554
2025-06-20,0.8607103203557905,0.6159106339565906,0.2643585798267099,2.8106845500217688,0.6987841052091359,-0.7417677658140488,1.3510768908958688,1.0436163782721621,3.4668374328835303,-1.109620424462229,1.9728958011033657,1.6129160502002073,2.3428856681627974,0.038154064627112454,2.3598080497665355
2025-06-23,0.17876210506101592,0.2640402848761671,-0.20623693438889515,2.236752581130461,0.5855656564760566,-1.8535835145751087,0.7325598312663593,1.0874699688385632,3.47767621931321,-1.1403152514511108,1.7089720316034098,1.408255691473842,2.421032669588091,-0.012759972445753396,2.1871429989766726
2025-06-24,0.5654926974610139,-0.07730646684305194,-0.1967616433097362,2.227035710343732,0.24439666691066836,-2.008712673367461,0.8293012346228684,1.2510267247234095,3.447038307270726,-0.9536276405185241,2.5599190448114384,1.3041216499570916,2.2630374489916965,0.30220945081384853,2.3216827121508943
2025-06-25,0.5691116928050256,0.4810627766573437,0.2501940105458884,2.922168378921857,0.27591175844692667,-1.3553670370299251,1.1076390722877154,1.7454330104081528,3.751507230851862,-0.809826017156403,2.8640261099529596,1.899419303319161,2.4711947516318737,0.49691837190661564,2.6295516392740415
2025-06-26,0.7594915454203045,0.45407530782484123,-0.0661970534849249,2.701732373481094,0.296080903127053,-1.3053151034258985,1.2130800549165182,2.015979616503644,4.185740957249224,-0.5344824765241506,2.5793752596668105,2.195572918121538,3.0480350399503444,0.8369285262298991,2.4093141337118777
2025-06-27,0.4272672536356237,0.6848363468671957,0.29755070549196566,2.614074459584717,-0.060815082663721695,-1.0600003976552559,1.092474092955285,2.177437612652313,3.668590744976852,-0.3753410131599948,2.5787981290172914,2.360900196396173,3.0717609818325786,0.9957279446825026,2.524316201829512
2025-06-30,0.26379518765318843,1.0593779383488757,0.33113578944607147,2.9976686441886833,-0.07761675619267018,-0.9578275766107758,1.1542535294755751,2.4301361611781362,4.062994108205052,-0.12918521702064592,2.161519243835933,2.083061811873498,3.001178294524216,0.9564633009403855,2.7232342579149957
2025-07-01,0.360885269534521,0.8806856813587834,0.18882685470985408,2.5653038411516236,-0.2751551024325569,-1.0762306540601345,0.9218782825833327,2.085281398262692,3.0646719440116224,-0.3851844864432097,2.0983303071198343,2.400697215308264,2.7870419955463106,0.8579967956054056,2.4933606101767394
2025-07-02,0.4287376438754882,1.4834520305441339,0.7737679846849306,3.3463994888753765,0.008073022991001967,-1.4645646488605626,0.7658102055794955,1.518292380415981,3.084019549995182,-0.9099517823791918,1.981404357488539,2.4416243724421944,3.0161976806691535,1.347480516113535,2.3853114047798867
2025-07-03,0.06626947247920258,2.0869609161191227,1.4704064441334745,4.0439282384421595,1.4221446225819458,-0.9275671981687285,0.7718068918149225,1.3548484445333369,3.3555784419720602,-0.2469346961736058,3.1503058262118024,2.6318052366886318,2.90340608925762,2.73959973733988,2.846406090982636
2025-07-04,0.9921162242521109,3.0510935947895503,1.8965419567358757,4.727829149722284,2.025876373397526,-0.8296819891478766,0.9556824544539794,1.6338808480857263,3.1128035401858756,0.22278021588913638,3.882575961883581,2.703146821079806,3.709260535664905,4.1851011783982575,4.077394614453335
2025-07-07,1.0095499495975762,2.552271984700131,1.4625224447683398,4.015180065741849,1.247861506981809,-0.9030347344286607,0.7797603401142749,1.644515124228727,3.03773126798323,0.06311098623281534,3.5964446035565034,2.6545504441950545,3.5186823549559865,4.01898107668519,3.767352491258318
2025-07-08,1.6447908365878514,3.0113507018217613,2.4761999395555834,4.895271057417602,1.7778479776958684,-0.2952520097068218,0.6126091781276063,0.9481006893131788,2.259978843229521,0.4269429632904944,3.3805360396155946,2.2665560161123928,3.5387492449628812,4.459839867861108,4.117472018221266
2025-07-09,1.1809368693266797,2.885554611316426,2.1186331061762718,4.491495800553399,1.1605778599847867,-0.9746270338529361,0.4283609842032993,0.8765553463668656,2.384375615606699,-0.0701079114760641,2.85354911070418,2.1478387114842827,3.0073098834728444,3.538789816441174,3.686251656755563
2025-07-10,0.864835674051895,2.4885318278910433,1.6188609333837911,4.0577800914443625,0.949997318390945,-1.3029852824044759,0.3357461638366704,0.5331012787925941,2.1866752319486764,-0.3884667799054799,2.213449555171659,1.449591998841243,1.9015119670773455,3.370921119472633,3.1435204011776525
2025-07-11,0.9827882035852995,2.4134638367671006,0.8656371142882296,3.98937658488473,0.14645985933988734,-1.0153180499786447,0.07937012710018927,0.3956213381334583,1.5312326967741334,-0.10966903279270623,2.0002515945460075,0.6384013925475829,1.166220376044315,3.2027541521150877,2.990166921475107
2025-07-14,0.247161604982253,2.052993008044562,1.4584512176616373,3.683097735326065,0.1620131595023512,-1.3791074892507953,0.06987478265779885,-0.05894108990069676,1.4470496582933687,-0.7841016649489434,1.827316423465775,0.5266868624631847,0.454016537868079,3.2467325898677757,2.926650037539905
2025-07-15,-0.40649859561507534,1.8663121652543444,1.5636489914487224,3.094108104664501,-0.42773485130045985,-1.4222929107308742,0.5175106886811182,0.3624322997067137,1.7615549367976036,-0.06073368309106115,1.7537839728199118,0.7190322288145181,0.6657755910278995,2.832771227371242,2.9050879800259324
2025-07-16,-0.7524912608366795,2.4637013542619437,2.3081076266781677,3.3646805854091286,-0.33020392456484093,-1.1209199312393558,-0.003748691816646874,0.7149431604343255,1.583438564068984,-0.43356369999197675,1.7731373694522328,0.8551196546657225,1.0640524472787576,2.7702044326971,2.8990396708558768
2025-07-17,-0.4538937949599222,1.6268298383774369,1.4734156511680634,2.0806167977960714,-0.6282408045403879,-1.3523835627732932,0.132606275856872,0.3448434970836647,1.222046459844735,-0.9642823078395211,1.6367233599281552,0.6953063235348508,0.6518640339045578,2.694373810105352,2.890066019260554
2025-07-18,-0.6853676726652892,1.6992374400973456,1.9907854604385353,1.809078362039215,-0.1717845654638415,-1.3513258442830187,0.10495924007814968,0.574742185114899,1.2892033003586718,-1.2973300667397685,1.2728705316908888,0.5110270377317644,0.9433578386283087,2.901827900546986,3.0090591605695076
2025-07-21,-0.25944567228369986,1.5733879313721846,1.605490096881263,1.5242241334190094,-0.01968451923345234,-0.9650682163122812,0.07550668610851156,0.7801986635931304,1.2408267884595527,-1.1079538448626054,1.8421770155850543,1.011731200174192,1.407611111760565,3.356693271608957,3.7988587301036647
2025-07-22,-0.515540676088455,1.3947749316412612,1.5889331852614623,1.5741227201725774,-0.27999698357998865,-1.3861652249309755,-0.26455281770063505,0.5623402671163725,1.3186204706219493,-2.1474478377654105,1.0244150079711958,0.7085289310626934,1.320971192621809,2.995395661305163,3.4652495328548145
2025-07-23,-0.21764720319258812,1.2550740493028543,1.6414871427131839,1.1399383773519072,0.07916378559415949,-0.916681568646482,-0.1526711575155823,0.8417432302790888,1.1907184085782532,-1.6329142048018606,1.6446721342785322,1.2373450890729287,1.7029740719402493,3.0407258271867077,3.5174351916037847
2025-07-24,-0.522521049485592,0.9672533910585698,1.6667647385536655,0.39749768162796123,0.12626537357855105,-1.0442956962956849,-0.47235453727119703,-0.388496285989455,1.1194688034220655,-1.8989679674835118,1.812443179732258,1.2561908244234146,1.1458935618156194,3.3203685743588065,2.98442461666034
2025-07-25,-0.4438861369406986,0.45918813392515917,1.448729923801996,0.04151573942990845,-0.13308387681846667,-1.0514568425904787,-0.7567770245309696,-0.3258982367994876,1.4507032967081028,-1.6802089982901829,2.1595775875503387,1.7041778715545168,1.3759664249393333,2.901890209362781,2.724359446488566
2025-07-28,-0.9196477351656497,0.4431304178795415,0.9748216899502934,-0.10861423762295064,0.16872783339856604,-1.0630360277952047,-1.2463687860375743,-0.6923494127524513,1.3193216227259827,-1.809091653408219,2.4701908554329925,1.2257434019875562,0.5667925988777934,2.604076241170343,1.9231399051047533
2025-07-29,-0.769035903930875,0.3837156012692795,1.2971895989244555,-0.08747403686233017,0.5113547857809139,-0.4645525269124472,-1.2557723892707278,-0.9979347410943054,1.1641909497509473,-1.4390396024364724,2.9304640391136942,1.3949383181800594,0.48265156624109856,2.542100979608009,2.4879092516431482
2025-07-30,-1.0744233562031564,0.48068330283358607,0.9542419277166149,0.04514582927888719,0.3876191688366448,-0.15999367923415925,-1.0333044842631467,-0.7703217547826214,1.8684065900123012,-0.5513936083264215,2.772529465984175,1.4573728860610091,0.6979366840596183,2.317724522586201,2.2388714296253425
2025-07-31,-1.0517059911160718,0.33098215177615775,1.004621243691938,-0.04293611953142098,0.8585037755635095,-0.34415189178292405,-0.6766824085302917,-0.6398687668141599,1.790045065395848,-0.7449408244053602,2.599692572647668,2.029693303099775,0.7465514801247932,2.205622561137127,2.7192687028427507
2025-08-01,-0.8419187824007389,-0.07396323461604201,0.5302982521252372,-0.24405567869745337,0.2684248622433333,-0.21088360799123845,0.11009117736553445,-0.24308285589000012,1.7032070130995647,-1.3957957289924514,1.385626464619014,2.013061718543916,0.7111920488737289,1.6964796855693616,3.190242569198019
2025-08-04,-1.1809971766909177,-1.7000642707503888,-0.4785362868969008,-0.8391980703185926,-0.8994427683341655,-1.3636498641738952,-0.7500901979777961,-0.7697986170607832,1.271454684486291,-0.4923995909688257,0.7835185559169129,1.295342884909179,0.7936693975568262,1.4743522367762991,2.7498304820887163
2025-08-05,-0.8784615060093244,-1.2888931152729224,0.011864354573313786,-0.6860234041646027,-0.6444376822410569,-0.6501377478860917,-0.4127917345895267,-0.7436037740921804,1.138964162613301,-0.838144918711124,0.37826350928855085,1.2166247265297354,1.6627985290365241,1.7667059701726768,2.5455752879657627
2025-08-06,-0.6837302451716378,-2.0438176447383967,-0.6578851845295596,-1.4517800921088884,-1.28631900956535,-0.5262507182484745,-0.6753974066268276,-1.0487684997555071,0.04399826129088865,-1.4666620618821817,-0.19873404458458402,0.9511483735835243,1.4671117008372934,0.9827216873899774,1.9219152082908786
2025-08-07,-0.9054165618546945,-2.3851203343391347,-0.7652712460843021,-1.4607468300657642,-1.4484165350296305,-1.062305307349949,-0.8261761679835353,-1.2899157247653232,0.4381333724307872,-1.9157375843894404,-0.4262471297488162,0.4025945822097828,0.9794618528783443,0.8536770925492625,1.37666608814469
2025-08-08,-1.271550694186817,-2.286452012975021,-0.8664910036707222,-1.3337607654325299,-1.46764048903386,-0.6776080836643095,-0.9945110118033499,-1.7481429103221877,-0.0899066761834245,-2.0142497639910775,-0.1227092990713641,0.3144426248067769,0.8481941257246531,0.6101547585679884,0.9416758583191787
2025-08-11,-1.0723016057638755,-1.771808254935276,-0.3951508975765217,-1.0875192494372454,-1.3522066362184557,-0.7334800095834135,-0.7743567941047719,-1.5729422455565414,-0.18732349754828362,-1.5917790753632415,0.24397520891655775,0.9724979247553771,0.7780793028049773,0.6787463631226102,0.8431558019334175
2025-08-12,-1.0469995275357777,-1.8564941159406907,-0.20382005350979143,-0.4101067389603669,-1.4541798751730322,-0.1512079116545603,-0.779847931437758,-1.4284362231109127,0.005393993977115887,-1.077372069740284,0.16232425122929228,1.106505591182825,0.8101628085470786,0.7409353993519158,0.3299863999886725
2025-08-13,-0.6107031592367371,-1.9437856800515108,-0.320593835341974,-0.7453084225238812,-1.0124885915988266,-0.4815212449195076,-0.8132534726750109,-1.6362418042183753,-0.11115762120858515,-1.1618242628854085,0.7363013220762139,2.009697184194403,0.8488194709434688,0.38263119963432063,-0.14730002391818184
2025-08-14,-0.648913029018402,-1.227865742493727,0.611699483863449,-0.6007003998068802,-0.4874815651009506,-0.12044732533335364,-0.5109308347418104,-1.5169344381352987,-0.18848749514898178,-0.9570835968987597,0.901188468999538,2.1122238703325977,0.8155051549026848,-0.17669769060995105,-0.299016990691068
2025-08-18,-0.7481888091695471,-1.7231410037941666,0.334313796693325,-1.0138705397419385,-0.6487926833782252,-0.7133874632259536,-1.8817510420559036,-0.8372568008409176,0.1894728172562435,-0.6045382428335451,0.8019250404091703,1.8585788825138547,1.0357480959359215,-0.0474837515016421,0.07887158942005998
2025-08-19,-0.3853008350976891,-1.9173596265558845,0.2337655534555069,-0.9246759862214036,-0.8791705439482125,-0.7067626518141845,-2.2563098130494925,-0.8633512348818648,0.27738664524484563,-0.5867486167877778,0.2895239604298841,1.805786717976896,1.0494943705213977,0.15889786850868007,0.20736709134012107
2025-08-20,-0.39271091316859846,-0.6858965201559348,0.7629407412270373,-0.4221332247020809,-0.7185582324371943,0.3749053427121251,-1.8820802646114518,-0.42870234337587065,1.1215339710265964,-0.5959134017062337,0.27038827778957536,1.9903840030893365,1.3149425219689221,0.5729431213169339,0.16712235405388326
2025-08-21,-0.36300525421201224,-0.707525087297597,0.753706524672629,-0.30561861843423244,-0.45659359631044505,-0.04188922892558437,-1.4276434393809627,-0.2845057997366421,0.8216733757208294,-0.23460837684056385,0.7944351525067528,2.3953517153856274,1.181791197309929,0.5741909283194051,0.2699820871622599
2025-08-22,-0.701039679108744,-1.0457040320972972,0.39553976003162,-0.7811642970980698,-0.7395791682234321,-0.13922664648433672,-1.9159494371079333,-0.6678600682086018,0.5479328641986903,-0.7400113447094453,0.7173171613395057,2.473650959441453,1.1298936862182962,0.010642719194435017,-0.440596222243606
2025-08-25,-0.6714939895642658,-0.33078282155907485,0.8877015830517442,-0.14673279258164446,-0.2561424645134986,0.4292106390581392,-1.7429639590591102,-0.533126601556637,0.5111866706876885,-0.16342095450726446,0.7694740225957485,2.4187184302040854,1.191931308495086,0.37919157024545125,-0.31570334169609043
2025-08-26,-0.7335100081896254,-0.2435753311628794,0.9069336975163553,-0.1578382016135389,-0.4373966934435734,0.12721774810542907,-1.4402777908409854,-0.46130638313042616,0.8960284945569605,-0.9266239906152064,0.4846840137021926,2.1979451387299815,0.8953778707773122,0.06800614203327776,-0.9658532460050333
2025-08-28,-0.7583350125154056,-0.5010218993732029,0.9164578517729105,-0.17768386090861113,-0.4100444215812998,0.30413808326238606,-1.4570974066543712,-0.3422613311109678,0.8478118418984342,-1.03995847573396,0.4191948158164224,2.3246208747553885,0.7647479364513831,0.09716632226391107,-0.9533146078451754
2025-08-29,-0.628595962706692,-1.0254951690709402,0.7489193795281215,-0.5429269820446283,-0.4664371956200683,-0.08880591692308502,-0.5627227741972622,-0.4902307289650912,1.2918969525828286,-0.8671874695689823,0.36488797442470583,1.9323927774979275,0.4466120784098552,0.10185457379509275,-1.1569507852723147
2025-09-01,-0.4967526692537891,-0.6308615491487187,0.7366360344331075,-0.28645527562607376,0.18545200904930303,0.2552618715217192,-1.0694042258955252,-0.22173756506593084,1.1714018301495845,-1.5738777912617976,0.05410247810881855,2.0157934695752915,0.547970390869231,0.3238755729601411,-1.4454237169329467
2025-09-02,-1.032197560275435,-0.7665311596182783,0.7290977971014683,-0.29586162217359996,0.006729465764856097,0.37494064187440124,-1.1582912711375217,0.07332294145540393,1.2893162305927242,-1.4902125896878462,-0.8926758506306546,1.8776588212028336,0.48995407495301524,0.21689890111372762,-2.9572493007161733
2025-09-03,-1.485442566835352,-1.1459540586762307,0.37143570644373075,-0.46071250013141984,-0.3682493182324781,-0.186117814465668,-0.8748974535841083,-0.004995837983904813,1.0506852546590146,-1.5011280758935737,-0.7149893940834499,2.023158253990411,0.5126476102342824,1.1736174106389428,-2.6194735082335017
2025-09-04,-1.700759118796053,-1.6780889937560708,-0.34746232010355194,-0.9930580830531986,-0.8397975505202679,-0.45189410574560573,-0.8474428349761101,0.1440038364397773,1.6611352995213606,-1.3688789646467094,-1.3951418132757452,2.3908610997856132,0.5692650745230824,1.2450946461018917,-2.5487081256295054
2025-09-05,-1.6907010027811529,-2.440264641025587,-0.8241860071194168,-1.653640433366702,-1.3513729407599813,-0.47711333952035906,-1.4088443049976571,0.17371599803772086,1.6962090500275977,-1.2206352261488975,-1.1552587969643175,2.148808884851828,0.7109914647933299,1.2534619842990142,-2.6322458339354307
2025-09-08,-1.4877671669993147,-2.3338689914561175,-0.9882014526195226,-1.975629285236309,-1.6086003155298036,-0.27239777900235773,-1.0155729396150666,0.11309065036173668,2.0997201804224233,-1.3575065123736545,-1.6391356397540975,1.945395534227746,0.8197861628821962,1.758864515056809,-2.1370491738109827
2025-09-09,-1.2192851640370692,-1.0594742014905403,-0.4128674437799876,-1.577347840992274,-2.227990994789138,-0.3539058381689787,-0.26011047816238786,0.39774502586582045,2.180134110612819,-1.2000682448003905,-0.8710904355763871,2.034308478890239,0.9406904873644135,1.8758579989982136,-2.400033477961602
2025-09-10,-1.3887965243203602,-0.9555870550392647,-0.0660673421856779,-1.6354815245514018,-2.9472336303817106,-0.36900620329874984,-0.36837301718987436,0.5253803757355249,2.379782429373616,-1.1403880845127141,-0.4296099342929113,1.9762178374200354,0.6554768728520268,1.6893809941840987,-2.5142137647830776
2025-09-11,-1.3789128180818486,-1.4102441942480253,-0.21541269125648627,-2.018411083839903,-2.176949617116747,-0.00103807971791617,-0.13452419812670155,0.7858920713647393,2.636013613194822,-0.42471704688421386,-0.020292023151553325,2.1428989665328944,0.9955142404065769,1.864941611453394,-2.272388348235164
2025-09-12,-1.3399718785348562,-1.131979179661276,-0.271245255249305,-1.8658627699876642,-2.0123275727431005,0.306534267557821,-0.11867629438422829,0.9029317691366467,2.454388100772857,-0.2907104138780645,0.28516230816622223,2.3219437867782373,0.7314424431501871,1.95652530868281,-2.0499523793069683
2025-09-15,-1.4822630723849366,-1.1737596858934336,-0.6460754362747946,-1.6398831213084908,-2.3061035469811215,0.46584259503874154,-0.21838725756264796,0.9991265598220604,2.395523439847607,-0.4968093809358558,-0.17054469742982467,2.0072111504481693,0.6183889156523295,2.0281984407622335,-1.3959587117875547
2025-09-16,-1.1702729404914072,-1.1897220736187581,-0.4925363124546893,-1.6285540876050317,-1.9203645781371614,0.3596397134216132,-0.39405009210816627,0.5573050891563169,2.2713418194308668,-0.6261449946328072,-0.0041083112794637715,1.9559820106480559,0.3220817597327963,2.1824650399271706,-1.4620928548020016
2025-09-17,-1.0234086814584318,-0.6293114802992131,-0.22702692372975872,-1.238745835716676,-1.6063842333928158,0.7208589850852937,-0.3297212415909543,0.5688857847773728,1.9914910829085384,-0.4446975047771278,0.1280281089119289,2.176495780031459,0.34951573906424216,2.0661320978373943,-1.426172999920375
2025-09-18,-1.336345663310104,-0.375843600309422,-0.13556082519902668,-1.134573909050869,-0.952433466710498,1.02154858765316,-0.1754173833115977,0.5896298600073592,1.8491944996655272,-0.017471868810977644,0.0009525536594653963,2.0953310209899034,0.3808149097371124,1.8854952951397768,-1.442486215996707
2025-09-19,-1.3382388437283375,-0.7859165955819913,-0.5761083913355541,-1.4575094162542561,-0.5119937424411202,1.0908254431913356,-0.41977730142625425,0.07211802358293745,1.4732282269908643,-0.023641387049623867,-0.08240051124135438,1.907691806431428,0.2486077620148146,1.6624885107870429,-1.7064517332245925
2025-09-22,-1.4711474925089327,-1.2630457721152042,-0.9411711883225865,-1.8464425629136496,-0.8160348396450057,0.5799439390561799,-1.0662811824812573,-0.2295562259901762,1.0667581037704228,-0.19400730679575354,-0.09025376282276654,1.611105863013254,-0.4549392393400044,1.236842685912794,-1.6386521471842659
2025-09-23,-1.2555178733699763,-1.1972843072216526,-0.738447398124558,-2.0680946978417705,-0.6674935920946705,0.8179678140723234,-1.239197659260663,-0.7401153162087963,0.7850934969419058,-0.6234057087095856,0.35203007697107697,1.0168099413636624,-0.8448967111940816,1.3257232481142944,-1.9638023381632166
2025-09-24,-1.0456548713611118,-1.1623208851841687,-1.2072252147919882,-2.471527794177274,-0.5876729843591123,1.548345033483128,-1.2458135626481233,-0.627577227916579,0.7209049817576085,-0.5193121469830856,0.47699126058559815,1.0865293537066891,-0.7276176635398398,1.4478949944697663,-2.35228177075115
2025-09-25,-1.3865124138621736,-1.3397559551403901,-1.3085306195042152,-2.4018419736506096,-0.29576470144741684,1.074839292919775,-1.2121091244180462,-0.3039176941796041,1.0196460960396472,-0.397430731378983,0.2049647393139982,0.4446616930353257,-0.7942789222660007,1.3876417957667786,-2.80261534252857
2025-09-26,-1.43400310830729,-1.790200077863432,-1.9727341314019176,-2.9020950449704155,-0.20678233621430936,0.7376550795113663,-0.5888733751057226,-0.30609393244617866,0.7669002813672972,-1.086118678955455,-0.05981283309626316,0.30225936300388273,-1.2208511294234505,0.2762819698480618,-2.684252916575608
2025-09-29,-1.1132568512237013,-1.973112263519939,-1.6251070761294484,-2.799063433039789,-0.3575623727253443,0.9238848287264428,-0.4401471077664243,-0.46934413318995055,0.7791100722916354,-1.0786495821951623,-0.702321187089771,-0.16443975648609813,-1.2361665173144984,0.4353644305423935,-2.452674006702251
2025-09-30,-1.131551102015447,-2.239452724875591,-1.8802380015812792,-3.108363644401473,-0.6063529719525812,0.8010507860337515,-0.826205124850546,-0.5761397277174594,1.0439808350061608,-0.9614078898510221,-1.1516820469910916,-0.2229112117939706,-1.5140492280637288,0.724300716629966,-2.84589940934317
2025-10-01,-0.6052950847147219,-2.0382968230373995,-1.5715892545043155,-2.5380154420757317,0.47242700337215704,0.6136026528313344,-0.778748259393048,-0.5864070487503964,0.6157587545635663,-0.4731631469520629,-0.8288296142758624,-0.29638665767497807,-1.8795973653407023,0.6580841694122606,-2.484231830449045
2025-10-03,-0.9419765694434086,-2.1660326473665243,-1.7239266085083824,-2.8872079079939983,0.3097391750786443,0.268135234298015,-0.9667168660271903,-0.4982228784715507,0.8431400703619019,-0.4442301669974819,-0.36068502589407736,-0.151961638625072,-1.4032370720096057,1.2491190175604265,-2.5497608465758113
2025-10-06,-0.5642661392254265,-1.7052373610552536,-1.4943127524828308,-2.0384175273527094,0.6134771780658471,-0.06132050545051514,-1.4258193697118606,-0.3855161645146518,0.7639168621110153,-0.09150617126898712,-0.11758403552546193,0.5945776730879748,-1.192388029612975,1.2518993650497914,-2.093324139551747
2025-10-07,-0.5186421594052608,-1.7201940172029966,-1.180302359089981,-1.8775502917738356,0.5726557330098987,0.06527202024722378,-1.305424299097099,-0.26210569951924373,0.3806544192507097,-0.02385613405318085,-0.13938361843801564,0.9576710516460063,-0.17793208677544897,1.2134433994813068,-2.0873810696796204
2025-10-08,-0.7395285807526586,-1.0179055145296263,-0.6362887808019022,-1.6394055478771794,0.2492360188663119,-0.41798372695063596,-1.3055929997227531,-0.2198527982126933,0.6052832394301421,-0.4212757920830072,-0.24299825731324712,1.3155736989411766,0.6025781928051431,1.3510459547844087,-2.0356606215774207
2025-10-09,-0.36434854644169923,-0.5816894252096184,-0.14214066041856127,-1.2423124001833865,0.12333249450770128,-0.18065579908167684,-1.5070385451416421,-0.02312462139459689,0.669478990682224,-0.20315550994756715,0.023270747904423236,1.3167536975719278,0.5957742086103958,1.6922419847664258,-2.229206823470072
2025-10-10,-0.1866652100524009,-0.6903013414579199,-0.20533186738168252,-1.3882577158455884,0.6165962444638808,0.1679919478352943,-1.477783217785247,-0.02180414662793194,0.6307520190298767,-0.6287311592346515,0.15713313540385926,0.9343444804926865,0.38145394707764346,1.593111482831575,-2.0646882915094835
2025-10-13,-0.09644457658125961,-1.1941736025961454,-0.9434968952441204,-1.8409159859834225,0.4131975434964776,0.3015968833322943,-1.95866737902225,-0.5392594877081973,0.597067127952999,-0.3317813343382324,0.14897444762568463,0.9302572121042259,0.5543704670971026,1.6931058278442517,-2.3134418671157198
2025-10-14,-0.026379841208647618,-0.9719412203454469,-0.48654333473264083,-1.1204562331876218,0.35430230573135,-0.1459497266175685,-2.1029082197225537,-0.6526171666033512,0.33089486329718987,-0.5458530990885382,-0.31893184664066637,1.1462157193578202,0.5329001941656865,1.1825079189171661,-2.3883623437691286
2025-10-15,0.1922832353950899,-1.1831895794137577,-0.8666500552828797,-1.0578732888995934,0.43237845284462695,0.12105496159483362,-1.7378057484953569,-0.09383925536687213,0.7479995282648331,-0.4108945721624429,-0.30934610042577126,1.4282258336663454,1.0112639178622278,1.1911477612271715,-1.8905408631245049
2025-10-16,0.44986135377046893,-1.1979586978977932,-0.03466573043315976,-0.9291824065676609,0.695954806459395,0.3548175897935046,-1.0865476572889183,0.6521925912939721,1.4218871892940834,-0.34203774372286655,-0.2091102164658666,1.5764200245590414,0.8818704299939617,1.1973699277757273,-1.6978326823759846
2025-10-17,0.4952144237815127,-1.397687152634834,-0.9562693584057931,-1.1824396022348,0.41631044909613574,0.37153898488845505,-0.22116258821747187,1.013889431835645,1.5057905294378735,0.10968779558519096,0.36151311963617916,1.7570809006483297,1.46334326533775,1.0227783489817117,-1.5858676853311935
2025-10-20,0.47548959380855826,-1.1871776838424888,-1.0568814909092588,-1.0113981374548686,0.6800059595360557,0.26809789190776695,-0.0754241662477323,0.9006110640149353,1.4312496014085,0.17458370518477337,0.6515063331507088,1.6935897992758004,1.468216476188696,1.0242370097883213,-1.3523590687234017
2025-10-21,0.5771927131559692,-0.8090795398634575,-1.0806054736844917,-0.3701978876781397,0.6952695199202927,0.6268097370500549,0.2875921515262612,2.0063648941789523,1.5996912163966552,0.07589219610778694,0.4695036786158335,1.724376397889803,1.4698753156571829,1.0317469660845657,-1.1228992912087934
2025-10-23,0.960983950802881,0.26321938533134054,-0.650420398303467,0.3364061334565875,1.9334252351757202,1.2061038485349673,0.562983491882028,2.2045106344205863,1.8499895003611355,-0.022484736901272156,0.12589942940514182,1.3599390743467743,0.9723166604782377,1.3744294785676492,-0.997638846666195
2025-10-24,2.6506259222620496,0.22550511925219227,-0.4460976120251063,0.35947748538015534,2.307914922129607,0.9534614804897478,0.5885726218272322,2.7634209300145045,1.7040044168485384,0.05417516242548795,0.04195543680536272,1.3297378439661736,1.9389203430208972,1.587246333511168,-0.2911441293254168
2025-10-27,2.098435264636983,0.27484664764637073,-0.5081906469187726,0.44262047421875145,1.869365369747582,0.9926959708167777,0.9812593039342677,2.8285524605390204,1.2399383634637484,-0.12219207973614195,-0.14304741766876633,1.1004898813068258,2.1400910425669495,1.58937938886172,-0.45257085479562953
2025-10-28,2.395169114874651,0.16723403508048248,-0.5066364839149995,0.09126242816728389,1.4234625462887203,0.4004105780326819,0.8385918776472733,2.56916824521232,0.7079284188669701,-0.5112351359562024,0.0586895814576868,1.2003822056803126,2.0780918466254183,2.056197274202487,-0.2995677029482864
2025-10-29,2.0584106521108416,0.3937713769561311,-0.3685721310785139,0.15238093113720858,2.115471310825383,1.4752440205318615,0.7854526337115552,2.4645145167710134,0.6057233696772587,0.2131829239366401,-0.20024677796891122,1.025179433351976,2.466730681177489,2.7247228381794955,-0.05142472612293811
2025-10-30,1.7442656953290767,0.6630800106770296,0.03691533727328174,0.24327716651883735,2.6402541412057667,1.5781899492828662,0.23827482789540597,2.3353183631234824,0.5426766587848393,1.2001299281646602,-0.19656997221234931,1.2495795200827824,2.4436616894409537,3.2796588063569643,0.07467374359781503
2025-10-31,1.2772571828116976,0.40167419708741664,-0.33797471834797965,-0.4266536115001962,3.0625801682759204,0.7538038877777784,0.32724727653669045,2.19811259372649,0.26845433012199355,0.8258252440030669,-0.3438819858519965,1.0847226987586984,1.91162157199178,2.5508515564757346,-0.8858861296022216
2025-11-03,1.330790756001103,0.679337432064846,-0.3407189465509534,-0.6480714342337428,3.382279233032657,0.4803851845427694,0.0528552626290504,2.2097894358907118,0.717826876843417,1.2030439622037952,-0.20595185370908367,1.5140935737091024,1.9235275021118123,2.5268448638668004,0.004627162226589831
2025-11-04,1.1471120504756425,0.7578576600272476,-0.07305597667407182,-0.433312963894451,2.649882468656875,0.2256814553763519,-0.1590558875801343,2.4986619391270453,1.8689799924866999,1.584784400911467,0.15839037706708534,1.7123379177926286,2.385412306707307,2.2721391525557126,0.37162665965781055
2025-11-06,1.1172413815351017,0.7410883792575982,-0.09119187296231679,-0.718407865826091,2.5151284192255354,0.09425838357585342,-0.3795010140804796,2.504258371252208,1.987087048017716,1.4680069664448077,0.17655142799931747,1.6938011747450792,2.24457584908392,1.9500022131424135,0.06719456351162001
2025-11-07,1.6745857208173396,1.0319012381790154,-0.11832200209747859,-1.0928131252572668,2.672114424105054,-0.13050182083526485,-0.6957857241486511,2.8625407166386627,2.7785369033944844,1.7493108361308478,0.002650212023779859,1.564394559308572,1.8309826784733298,2.5183084079022824,0.4350395170756713
2025-11-10,1.4549473605488432,1.3762791935953722,-0.04830961450708161,-0.9259610156808015,2.5184221680238448,-0.29783804740272873,-0.7560506943817719,2.7172986434282262,2.7174208525288073,1.5125540546426042,-0.24433214651151325,0.8310178534083763,2.057107875276747,2.466090993019282,-0.03979397880955481
2025-11-11,1.6012631210533008,1.6118035505859238,0.09997718283044785,-1.201204057407821,2.031047828052111,-0.5220962119197377,-0.6229785380586467,3.075546721534114,2.188330806493508,1.5657358125560519,-0.041941046857727295,0.8176650161467051,2.3983661795172417,2.2482156719893163,0.3164677236217046
2025-11-12,1.2386015108332427,1.8114219439158352,0.3981765829245335,-0.3819467154925391,2.133739683383096,-0.46796327942238075,-0.45117025776328595,3.1247141504373688,1.8144835452174501,1.5290180651619314,-0.2937869549244625,-1.0577982184654955,2.5211603118813333,1.9958559548329988,0.19671835987763425
2025-11-13,1.2466238416694615,1.4566077166483504,-0.022256974596656324,-0.18236978065268106,1.97062974499915,-0.43646140186902926,-0.35594515560260387,3.2232353088584684,1.9971665079184193,1.5836247622568735,-0.32023360191943,-1.3204464927728594,2.6353391536699644,2.4096856643171263,0.46899999834063094
2025-11-14,1.0232976890803398,1.1401556845924177,0.03057485495107983,-0.1408098855417164,2.1357489102049394,-0.04488149252280947,0.2064297075175797,2.454093640305027,1.37722288593756,2.0133941312866317,-0.1719944944986363,-1.400672931532736,2.515048323617569,1.863197975252557,-0.02109531080805939
2025-11-17,0.9529478759614848,1.1446156423236633,-0.14355105654202588,-0.3078348317399574,2.219672207603501,0.18359992914026563,-0.08320130163887061,2.1156204741543814,1.2571737791887458,2.2172728988146964,0.10328032054826694,-1.1720391650942499,2.4353131225039344,1.607626236208838,-0.12212668617591332
2025-11-18,0.9898605964954661,0.26792022310143576,-0.7376385624574124,-1.1327515155205712,2.0798347427733703,-0.5538168962078494,0.0517029347184037,1.5111894474028007,0.6038947366397404,2.033761182895174,0.07328579939642012,-1.7586272086731585,2.5841985997486696,1.243582136791182,-0.4692393091860261
2025-11-19,1.1344637203379233,0.8680026512135601,-0.2107667212964423,-0.9153397494942204,2.272020337588415,-0.4497172493457825,-0.08491353240137402,1.9833366125551037,1.1291499173923796,2.267843074654941,-0.3507194659106378,-1.6219820404073928,2.678333520896194,1.3681375650864371,-0.7326967692058922
2025-11-20,1.4572815342591228,0.9184575607676764,-0.09234742838344238,-0.36857099615723193,2.4273137169468026,-0.29776127376745054,0.632157487695967,2.351431495931685,1.1255752737868294,2.140190911400948,-0.3949182990653926,-1.740246507789242,2.620763644775762,1.6418883459308555,-0.5170877818303921
2025-11-21,1.3656139862126888,0.5247626461604062,-0.6756916130135143,-0.6003999333656934,2.225298537059247,-0.3663171903625236,0.7345213317127273,2.600113537869174,1.084049216995521,1.9479007371380943,-0.5817296482411148,-1.6170060812840221,2.7003060202843456,1.0197501002677853,-1.2234530040830291
2025-11-24,1.5929198584470265,0.5863116297537571,-0.2914912478178136,0.2115830336428114,2.4352972241472677,-0.2542599513616124,0.08080448853748039,2.18333291965213,0.28988412256710777,3.2047182940957986,-0.5428213632593264,-1.553841424097012,2.9333750998780492,1.2814981580103026,-0.9896052108774753
2025-11-25,1.658327966900398,0.7315114855958429,-0.3142707887486753,0.302414802342799,2.4936873677623743,-0.022158787823194127,0.05725964618659857,2.0615130104895427,0.6763375306589635,3.4436778547304567,-0.31015001257009917,-1.4163860258433087,3.3709271405902026,1.5565913467550034,-0.7334297465277141
2025-11-26,1.8433515644850014,1.4033632433755403,0.165986918025002,0.8449722142237772,2.7238910973607284,0.4846605311483184,-0.5567184110498468,2.4376683550046803,0.3165479571433955,3.6789302924547678,-0.10836210698935135,-0.7544913790535003,2.8319186892078068,1.797566899355814,-0.14903466452954153
2025-11-27,1.8144411032489478,1.1591886423781785,0.03789423447492795,0.3737696014704158,1.6493753075375532,0.317085947019176,-0.06916501325442159,1.8860031885150454,0.005845594659758668,4.563789183801265,-0.4270778825953576,-1.2573318557403075,2.5606285861733125,1.4372224535464588,-0.5826159116663083
2025-11-28,2.345579693670656,1.0952575301511187,-0.01065425715396841,0.3761937591081808,1.4536446738946114,-0.27458148304387925,-0.14882140489171353,1.2867857718456008,-0.09755437861555734,4.841583943027198,0.18360438689652117,-1.24548508967575,2.5718438298819732,1.1718342516595925,-0.8300546132504377
2025-12-01,2.385663991379937,1.3814203106060892,0.16102304960270272,0.603403116534736,1.7026994521896994,-0.027551624524548752,-0.5795358922181899,1.405532150386432,-0.2958872883396717,4.085456259033783,0.056921626712452704,-1.637860691663646,2.474777223556574,0.19539130752251652,-1.4427355963929698
2025-12-02,2.4658209268662614,1.5496148362892046,0.5344852897739152,0.8074189457903371,1.8239078253475556,0.19158408603644914,-1.2228444923000061,1.0194474360825594,-0.7889384414397949,3.870271723212458,0.48097197342288156,-2.5470663562564315,2.672858036866502,0.22001603443292417,-1.275443923510497
2025-12-03,2.5668315311515353,1.9866631486282877,1.003172137305042,1.1984955128127113,1.5541786246443872,-0.20335359544567835,-0.5779652044188779,0.7557066079177214,-0.9731692825978132,3.786152950524889,0.3128470526353994,-2.4433122218249337,2.2842910176967783,0.0008790431887342976,-1.3296128256117492
2025-12-04,2.3728530137812363,2.348210261918741,1.2764434042922914,1.7214885535454145,2.0384920120075507,-0.02275036732977487,-0.3559638368732313,1.2195898294054186,-0.9097501418487475,4.248775399207544,0.5717913352063334,-2.298384601304802,2.5690396749316657,-0.16263379069094894,-1.344734938145824
2025-12-05,2.461802530826855,1.8263127519059181,0.9856801769574818,1.3407696843467987,2.0724708618168433,0.24851732707377128,-0.40970297523329724,1.0121612850913528,-0.6519311692741235,3.8054270974706745,-0.21464505614116847,-2.5096457511544594,2.5509572839553285,-0.16084666623370583,-0.8292770005298314
2025-12-08,2.005349422123965,1.4067385653963018,0.5689642323969207,1.2398608404433589,1.6510962301028336,-0.24480177232001843,-0.9279442008589086,0.028710593206467978,-1.3222065284431925,3.6053434935315942,-0.6211891555785795,-3.341406021054085,2.3124494624852874,-0.642877773503835,-1.719030311909318
2025-12-09,1.9714266020852576,1.5741077920399509,0.39130578137902766,0.8770625418414951,1.5629163849041718,-0.7260620024252752,-1.2288643882706531,-0.0176002202959709,-1.5949630213511463,2.9409254737977455,-0.9712815089420049,-3.1780644226471186,2.1044922929438905,-0.9817929461582067,-1.6972912476361548
2025-12-10,1.9927120351416987,1.180207863372783,0.6077150641545913,0.6677539384682597,1.5594586751962078,-0.6168028925957048,-0.9116712990480149,-0.08435294839286617,-1.6163298253773246,2.9698870246827607,-1.1395419770629007,-3.44600336997647,1.9680320335510735,-0.8237503688568644,-1.8985529770760905
2025-12-11,2.5134778512096214,1.585098825286562,0.7699306734833526,0.9803401121770791,1.577365361945812,-0.46640238933453954,-0.8364141020448679,0.13376438377318273,-1.4013014858232646,3.592346567998504,-0.4110817039034963,-3.2713532163428023,1.7872259629987908,-0.22989471840091386,-2.131768539171665
2025-12-12,1.9334454097597782,1.548452593258231,0.6511368130099164,0.9558980376035948,1.1795178380723528,-0.6043494426585472,-1.1287424504754602,0.7547473304040273,-1.0640864430390053,3.190154448836389,-0.47876950982078026,-2.9530384871906383,1.7164026940865342,0.09402728991728006,-2.268205865500276
2025-12-15,1.6541246956111033,1.510023252565334,0.7333069849073232,0.7022579112464176,0.6019262861103858,-0.8333213261094373,-0.5883815845749184,0.8526569752191746,-0.14888455196569017,3.0794386576663855,-0.4727762058269558,-3.163671172820772,1.5403549548086117,0.2747922332909038,-2.3040237941905053
2025-12-16,1.6137700605678036,1.0917010094089894,0.2885426956240296,0.6920156072440292,0.35850104148216905,-1.1549617743882434,-0.8538989182129102,0.7015067688922098,-0.0494354765637408,2.351785662885844,-0.748217966780158,-3.168853340370639,1.872016669685353,-0.13103928154664524,-2.385615566470849
2025-12-17,1.8169918441599948,1.2121847943183655,0.5364139038416665,0.665778426503301,0.30994304594148386,-1.2897527884003723,-0.9468219396552562,0.8829683531036968,0.1906117440036107,2.4071407925464707,-0.8207286422831901,-3.458059283368624,1.7000873258790088,-0.014986968142814017,-2.4930430468234
2025-12-18,1.8339343005991802,2.127695328774257,1.2586494968146513,1.7567197592537251,0.09651272132233936,-1.592084569289279,-0.5602994142451104,0.9891420530932126,0.023796767899875938,1.7302834877837496,-0.31126810863280446,-3.2316618387305613,1.594943880463589,-0.2473740455959926,-2.509365859850364
2025-12-19,1.458245333177962,2.306531608386075,1.371857752107244,2.4289863793369006,0.3110175487313071,-1.8239836132932532,-0.15169529011154512,1.6382395818120297,0.7687302510500622,1.9423329916504084,-0.47515917540471214,-2.5673208686345914,1.8676480491847391,-0.3923166107279851,-1.7700776896686596
2025-12-22,1.554631310768349,2.8750402734583638,2.448392325926704,3.194221128883168,0.2431225810208025,-2.2118023272075384,0.2165534910182211,1.6734158276968445,0.5398986114632914,2.3737023498190206,-0.18844552908075682,-2.235593683233906,2.4237404208964466,-0.2657207445753449,-1.1289791854994613
2025-12-23,1.9520884620611627,2.734258640262648,2.5933445045321815,3.12171862293966,0.2658437793705746,-1.3655538377513081,0.7317868590560457,1.7697978471752482,0.5209355973465954,2.1379829936500676,0.24443124689385276,-2.0796819165875897,2.0996574839171838,-0.04979198942177085,-0.7104716504033568
2025-12-24,2.228326970067058,3.2671627683154503,2.9872630407696135,3.865958738992361,0.25323211393197803,-1.193247079726044,0.1963629901491762,2.0787975831812626,0.5315579286568498,2.6577564904606628,0.3345361971763071,-1.2469296857080014,2.338115172891185,0.41158726422724407,-0.5437214673860328
2025-12-26,2.278354411329776,3.2789881375865244,2.4888084551293614,3.484575292789113,0.1060961198766921,-1.3440194810502406,-0.24169288925666063,2.5552793683883315,0.5067078834005354,2.293499964489493,0.7838157375175394,-1.0658032220268514,2.3111064686360416,0.1223082349907877,-0.7260700719681954
2025-12-29,2.192431835539103,3.1234580830464314,2.326883911451079,3.682591618921419,0.20271642839595633,-1.1476335566602556,0.15599728564223592,2.688667096170428,0.290266065369613,2.1663792574421676,1.0000576567612636,-1.209738504728077,2.3419170029285272,0.5018576656281486,-0.6498253898544112
2025-12-30,1.3213285495830274,2.7399476731776655,2.1179652323803744,3.307317548861399,-0.26240917777408407,-1.1890827872043952,-0.4524327705597356,2.2928784302077476,0.2747266113310899,1.5743992962512807,0.517741441679035,-1.6936956875822744,2.660520403866415,1.016244380397226,-1.1893845782529584
2025-12-31,1.4268754654108597,2.6467233380485213,2.094025101603185,3.375852317374946,0.37799623251226644,-0.8633258966910689,-0.07882770614361406,2.4749035807765973,0.24140047917208782,1.6601093646331095,0.5613023618038853,-1.5039284737851928,2.40618183951462,0.8548169456099876,-1.1809788898527742
2026-01-01,1.0622678031698707,2.4507183355961866,2.309814444833949,3.0940750419127037,-0.17275936840426656,0.07167845597223793,-1.692573033573711,2.3694137253399106,0.07793465107197692,1.2770491991279256,0.17957283097960866,-2.1948033351074643,2.3822919128505657,1.4156949541607147,-1.2373886317446223
2026-01-02,1.0189039387303387,2.8538722973734556,2.31805743199636,3.168703768015163,0.30788246690494414,1.3298476288105572,-2.2380274685946606,2.1543971447674024,0.49773638555897887,1.4287283883895792,0.2366545122534095,-2.2746890039276546,2.0541882849324824,1.366641823894446,-1.073815005747088
2026-01-05,1.09221145623113,1.9073657738675387,1.72383799670273,2.6032124619846653,0.31804556720759086,1.554949740600269,-2.253810225720166,2.6263811163872437,0.8979199498244242,1.8861801210979414,0.40258954558810844,-2.3193249699861553,1.8765479217938759,1.5967475698004572,-0.3072233426413019
2026-01-06,0.09482983831342634,1.7894429932209601,1.724152477037516,2.539027969105477,0.571789736386458,1.4152445618178782,-2.596232792567969,2.5780687911803075,1.1377453464364835,1.9249056126753064,0.28961773930349133,-1.1409941792785732,1.8973236684320487,1.1765731174543108,-0.5802112182310104
2026-01-07,-0.013071560278790138,2.0346840310121213,1.917333992789117,3.0409642186543544,-0.08489231424390271,0.9841145755956093,-2.7950545400944247,2.2597034181943267,1.3762587224044238,2.0657911767322563,-0.37061161170039264,-0.7231100620688247,1.6851398576355319,1.211575637727645,-1.0154161805972886
2026-01-08,-0.19024341779436812,2.002144863646982,1.4777597797867559,2.2783068928361643,-0.660177470327546,0.49685461981930285,-2.661473556340927,2.352899989491411,0.7721481723201336,1.6995208336277101,-1.018490584568089,-0.9701059675395188,1.3193244916039952,0.8905695226514638,-1.3637828091300277
2026-01-09,-0.27093887882659945,2.0591392645500344,1.1931003685198718,2.0822095819240545,-0.424347644765449,0.2443051041642271,-2.7412586701159043,2.478851189375206,0.8022740536076177,1.38578179431123,-0.47817117529004705,-1.638141778901304,0.9729252948032148,0.9945559017133149,-1.9286578200637163
2026-01-12,-0.1516353566336392,2.0389421956815963,1.1367520249208154,2.291751576725515,-0.5669089998349838,0.16030632294452313,-2.820836711967134,1.9822640232554574,0.4345901437801211,1.4761102724917214,-0.2654563215505375,-1.830223075716948,0.9126249596713463,1.1879766545201447,-2.738453503280489
2026-01-13,-0.9921402315614463,2.1206349069594994,0.9347285226962327,2.593504882231834,0.2199407586016866,0.02864841300547762,-3.2691971991671993,1.1148289216151828,-0.37410302832962977,1.2798786090421286,-0.9040723564042402,-1.695817300740515,0.7398388373674215,1.0326385038294053,-3.394779740715914
2026-01-14,-1.3808998948005256,2.624159974549973,1.9432135057869269,2.4479186304003178,0.6946475214564161,0.8273923959079281,-3.6309585543182874,0.5032216893543303,-0.6699400855366409,0.4414995538195011,-1.3310376266161137,-2.070379678238453,0.2090548764280446,1.8439127967130162,-3.390418112813052
2026-01-15,-1.496440263725006,2.3514685405072484,1.9089799245723162,2.2657439775213204,0.5980533139961471,0.7631555027436925,-3.673236657114817,0.6072410318462772,-0.6155502974367855,0.27854972514638277,-1.918359154288924,-2.4728446985638457,-0.23281614422074767,1.8732806748527384,-3.5758789371718995
2026-01-16,-1.4693717417490215,2.946669122568447,2.4517781575150432,2.950316603284917,0.5568112620991823,0.574855008571362,-3.939167699905136,0.7739909306324952,-0.6711678797635158,-0.287030560678992,-2.2894245417648396,-2.6119792654624603,-0.2127823929920394,1.6810087543711052,-3.5544411294230818
2026-01-19,-1.1898919256186267,2.2651326252729262,0.2388615950126413,3.2240929200529695,-0.20654861104576508,0.32983088554176987,-3.83710627364405,1.150783599189362,-0.4448553851802455,-0.16753846617440712,-2.285734154707768,-2.8094250581175673,0.11373493353110342,1.5430425399257115,-3.876116372606767
2026-01-20,-0.9102010927437729,2.025549383648286,-0.08550202066360389,2.82967508825051,-0.7037389244593011,0.22529053084391787,-4.202880839810958,0.40536826899878936,-0.6319325647950147,-1.2088632402232915,-2.3856915784506376,-3.0334728930986086,-0.2964260511730055,1.0258664929947856,-4.385023594807785
2026-01-21,-0.5451045052511017,1.9442451781735142,-0.17362185354805992,2.8047209530010724,-0.3621932417304305,0.07790939974628425,-4.480683411459254,0.0699977159748195,-0.4046604836881718,-1.1435437725131616,-2.6022905706596444,-3.343998197604591,-0.9185775128382769,0.8855465635625716,-4.418617597602277
2026-01-22,-0.3892744930665869,2.106623831960999,0.007405267353117108,3.0336269820381108,0.03923653244293034,0.5026414254802243,-4.35632477709063,0.9066995689134756,0.38427545159578563,-0.7041744508230318,-1.129303933881097,-3.5717340210571384,-0.9635662165605638,0.8251381817833477,-4.419549000137137
2026-01-23,-0.4742797223394545,2.0616831975764667,-0.1411757307532415,3.121129006820931,-0.2982012319396832,-0.4487238731853335,-4.623891071268646,0.5632007095992831,0.01052728758325757,-1.1919248613239193,-0.17972411631706278,-3.4781300647799966,-1.2952919024420795,0.34972638273072915,-5.0508614968698184
2026-01-27,-1.1890763202399792,2.42795834497423,0.054995718514478015,3.80892824426984,0.04169389238206201,0.25175291965878793,-4.747457364442391,0.6203677400397768,0.194829893896254,-0.8993920968057563,0.8375425656422293,-3.30710703047779,-1.0529787681143017,0.8680225883740468,-4.0753563193160005
2026-01-28,-0.480214681519628,2.38582385434504,0.3195763801728392,4.13399603634399,1.38644992113464,1.0362772342327509,-4.6607603104721465,0.5612236526650484,-0.2699696884014812,-1.1287816896013119,0.5816935316698513,-2.6412382126010834,-1.1062517614621863,1.16180860604571,-3.123919677707241
2026-01-29,-0.6360860033595759,2.258145260025515,0.5001460222469304,4.262421027399102,1.6424329235990291,1.747023026084175,-4.54959811474884,0.5727108349953536,-0.309639987223747,-1.6852457356546853,0.34224930253528024,-3.466633290267367,-1.2181669883104063,1.8377837443463474,-3.286980736449151
2026-01-30,-0.7094519134695417,2.273692535739934,0.47714962902669966,4.09806324993143,1.581920045757777,1.9380575866971275,-4.106225152452153,1.4845035974172043,-0.0343600438188002,-1.3571996260588017,0.44296754211712974,-2.693974674311248,-1.7297672085126883,1.3079335218082468,-3.3048571853895994
2026-02-02,-0.514641604286151,2.145025873023475,0.69525293883428,3.800748983388699,0.6458388140330553,1.83694557893838,-4.395414490524754,0.9409446354395442,-0.4055231572108844,-0.760763171178081,-0.3386533811035362,-2.6993641894410527,-1.5571676183910612,1.0918854210299933,-3.220027717846382
2026-02-03,-0.049297637751129046,2.308791161290095,0.9695913193030673,4.151300886797071,0.7821208102520205,2.14882471893691,-4.125328715829589,1.0064196543590924,-1.0363598447298252,0.23104536162859116,0.5985889722923823,-1.6899554762348208,0.010088097034718866,1.096400525397498,-2.4260457645618203
2026-02-04,-0.33592905270667167,0.36429070876600395,0.10352485655644339,2.970843137723707,1.3601024650503972,2.645065503717856,-3.9538153958472626,0.9042476098980512,-0.9540954480455852,0.17944914606271373,0.7907498647533666,-1.264105911688013,0.15742377090502055,1.2816653073917859,-2.1788292634107105
2026-02-05,-0.4972673207973865,0.023504963184182583,-0.014130745579658262,2.85449943950996,1.5960290464780604,2.552390236509698,-4.20983850279961,0.8029016455974526,-0.27608656874869464,0.06604526234309385,0.6541426633743458,-1.1538858650610395,-0.6518608249186995,1.5027830584546127,-2.260483882896727
2026-02-06,0.4071934577812201,-0.34032593461882776,-0.42459329978966215,2.029542737574751,1.335557207653614,2.566435797084698,-3.039471838325373,0.7333730899593282,0.21709852323621825,-0.2282363993232494,0.29245514061135086,-1.0400373484001708,-0.41532423783171224,1.665694399315925,-2.1114154386674726
2026-02-09,0.8876198170583696,-0.3433411979568488,-0.4753102889322793,2.1095352123216813,1.3830444780504225,2.3840973672596872,-3.1309369741498916,0.6376433021536324,0.040830101444315536,-0.17342619923432084,0.7449629416129905,-0.6603298641285683,-0.669425752747677,2.204397799532593,-1.9980800245747539
2026-02-10,0.8630503791465806,0.07182217890004329,-0.31818630984458185,2.5110483727532897,1.5123085697457657,2.559295185963503,-3.3030566791413714,0.9695970413679605,0.39367026285846685,-0.37888452896629327,0.26112016348927436,-0.5699127383889724,-1.152522867218163,2.834348974244726,-1.98307490056937
2026-02-11,0.6075252048671902,-0.26233690252550346,-0.40991203828834066,2.228664899699089,1.614353327834482,2.5371490898048057,-3.4132386934733936,0.9298419784673221,0.8809482484412013,-0.42100284779236996,0.5076107134641115,0.1509719815407696,-1.3002948445999276,2.9038566735429074,-2.0574434125777796
2026-02-12,0.5308271398673393,-0.8969509475466799,-0.8901263918633212,1.371475322342675,1.7717984011681949,2.6426927237244193,-3.404367185441997,1.0427197399509724,1.170976433410992,-0.3106014027355477,0.5876657031808094,0.5443012342638448,-1.8222844537000897,3.0100430442013844,-2.1415908092625004
2026-02-13,0.05307365592341904,-1.6859736301904893,-1.5505771083643636,1.2161571354890577,1.150091717383706,2.4364660936887215,-3.492482267943434,0.2908208631320605,0.5164859191287794,-0.8464677436990009,0.3824837109223082,0.33829200526895287,-2.1138737548322033,2.530472553177618,-2.525667391977841
2026-02-16,0.4218130346345094,-1.6794094256186216,-1.6199161692227817,0.7418855257242991,1.4168845412554816,2.753308448704897,-3.333970156998836,0.43025177692435473,1.2228038738708724,-0.7265108066285696,0.4275938551215499,0.6908202991058938,-1.7006299465271713,2.7856224392396505,-1.9889637829912743
2026-02-17,0.48312203925512265,-1.4604850167670183,-1.3380961812900658,0.7980784945899597,1.495980384329008,2.709740578858142,-3.0012042346746415,0.31025540291697973,1.3970719211080729,-0.5391213412114747,0.7344545725873722,0.7385034429193746,-1.8879801691147788,3.0213094237073026,-1.796086628699113
2026-02-18,0.5972390331539883,-1.6770105718022141,-1.760831272793896,0.23745490044434533,1.511835079746286,2.930430741689941,-2.471289310212119,0.8483862531999539,1.5022052361153702,-0.4599920153784733,0.9520923180296988,0.9795826650010327,-1.7275458686819007,3.6766085391143064,-1.5548934112053086
2026-02-19,0.22475264352370514,-1.5453844242260317,-1.7157761986848725,-0.036123715885301465,2.0083177970072836,2.589662802639561,-2.6426980796996062,0.517776515004888,1.0318739776230377,-0.548288123219958,0.8262817833214132,0.8910177672635015,-2.2822687988669856,3.2870829882318464,-2.096117904104843
2026-02-20,0.12017085207225851,-2.025579787169182,-2.1080523398186863,-0.5555539967304445,2.071894172035584,2.901454036847735,-2.653449968776029,0.5466881493728786,0.9395971210030467,-0.7603299078103373,0.6098268147239233,0.7733468029834348,-2.0263122633391077,3.2153523942665605,-2.078124807935414
2026-02-23,0.5566771724254312,-2.3866956529166155,-2.3366831196743787,-0.6186676026292484,2.1348606561420755,2.9558036843153284,-2.8061677617231635,1.145197147719553,1.2537499828147023,-0.7250384015503957,0.9866081824377034,1.207054406929528,-1.5679699342459306,3.3480173623585325,-2.0412144899598776
2026-02-24,0.24167886229345073,-2.820671472694193,-2.7056462465890796,-1.5679433729143555,2.220577583740526,3.3535896147882163,-2.892266588462446,1.3415632038514576,1.3264209371285856,-0.9969804299305137,0.7328120260232817,1.2461159763089398,-2.045995319690181,3.4366597307907445,-2.3249789187635104
2026-02-25,-0.15768310992218618,-2.676175976432046,-2.612328869810775,-1.5050550933149764,2.179457648288358,3.42315657741854,-3.061737866548384,1.4147082170086893,1.44365657011934,-0.2906476747605664,0.8060853648537709,1.5682879996312953,-2.2463039928515367,3.7220965210763,-2.1193248771454485
2026-02-26,-0.12355450120520184,-2.6591462909299772,-2.6669898641597896,-1.5735957184454457,2.383062784655677,3.166307760778683,-3.0090391896750543,1.345421343716857,1.1180522253210536,0.0690505024165519,0.7652972809205597,1.6878692206888566,-2.1980109616230807,3.8664870451935793,-2.1228191176208124
2026-02-27,-0.6525794980513775,-2.7054258095687636,-2.973778484888366,-1.6628740320952964,2.577897105818374,3.563663035645968,-3.2032910417933076,1.1674594059449237,0.7826892274916029,-0.5831409730443783,0.1906947015505447,2.0040185665062435,-2.5437514026424006,3.6956654006548777,-2.1997755919720876
2026-03-02,-0.6541691839841159,-3.023924910574089,-3.286373291374173,-1.9930778756142344,2.5743787645287717,3.308594117452592,-3.2400093189916954,0.9262931513180666,0.41078603675444875,-0.5300335399047136,0.3547699104869007,1.8638392427006134,-2.8634342816066245,3.6094648327094423,-2.535984302199063
2026-03-04,-1.3536979693182654,-2.976908043266242,-3.694219146755408,-2.010080446980323,2.3527801090071683,2.549143341652183,-3.454767868136013,0.18396747212737052,-0.18988141502205377,-0.40645869106340593,0.3435368220798781,1.5172781799816537,-2.4150906645455548,2.2964905776842874,-3.2124499072505115
2026-03-05,-0.9023663784260353,-2.945357762233998,-3.775697193059906,-2.399969916001643,2.486241124124826,3.2896676151987996,-3.378409693884347,0.9156849041393772,0.5469366937283531,0.09993866802781325,0.7899252563850453,2.113443827576842,-2.1486327705219463,2.8583904395564073,-2.2064420187575484
2026-03-06,-1.2427621058497933,-2.8072802055185804,-3.5821753001249133,-2.1586910507753547,2.537312030232194,3.3903370202579057,-3.418161813092912,0.9246602886074345,0.48000097805420483,0.5013246212596876,0.9600385492726535,1.980638259576944,-2.606245695998851,2.959929925207806,-2.4471157598274584
2026-03-09,-1.876795897526451,-2.600001524488352,-3.3233937850554804,-2.0078083643924423,2.121358564278195,3.06130548902233,-3.6779919618187185,0.7276495457025005,0.3329066032516118,0.48303895400628316,0.6429371838805882,2.370612933520152,-2.409643001390554,2.257252265816683,-2.4031089083682082
2026-03-10,-2.1134522048367828,-2.9394385951553685,-3.222224148506693,-2.176875523507537,2.090014291619097,3.055608145882954,-3.5015609633444194,0.7196458481410523,0.5612980693359879,0.2973874023314584,0.7008326512478842,2.467125010101054,-2.4555562590482265,2.205526756302626,-2.34013991981461
2026-03-11,-2.4846296146039935,-3.150753848329507,-3.201654656553636,-2.3001977727716314,2.1892856659867777,3.043753588810107,-3.399799729490239,0.12538721517308218,0.11269692563823186,0.6031236386209112,0.7689449008388466,1.832631108714115,-3.3448000927167234,1.7958411023728884,-2.7324841835388223
2026-03-12,-2.9012638949294347,-3.355797915588686,-3.2489100742350105,-2.0937236414743374,2.338756600117907,3.527594121893006,-3.7136034754417557,-0.22776085101933227,-0.8876935088484249,0.5549824860987292,0.658209946476797,1.5482327993863618,-3.26631431006201,1.6335516811762703,-3.042350989880567
2026-03-13,-3.300266928363976,-3.4249949332986365,-3.430692051154575,-2.29726880574613,2.176564726910675,3.38801147456104,-3.8200047401937938,-0.5299043405662222,-0.9094471766699442,0.46620925580986994,0.3307880377043897,1.5862404163267898,-3.6973100729015678,1.1335848741097003,-3.2698925196746833
2026-03-16,-3.0406404429857097,-3.4972253562076583,-3.7264894855509194,-2.2328787383019084,1.9415822668869107,3.2738202723424448,-3.349992924333022,-0.19383429248401327,-0.8899479905498687,0.12235234371713284,0.18257051915831007,1.8419064635194182,-3.967658041388612,1.321960055068353,-3.389001418974075
2026-03-17,-2.7089100596319335,-3.9545116887536107,-4.16105903481283,-2.4699130417634407,2.204487496379557,3.4828889840263186,-3.5314304034416124,-0.2985606804197715,-0.6217294345574397,0.8154719386055569,0.16658115788601752,1.8807594760526536,-3.1300813515503334,1.9872120618392717,-2.7590337558448543
2026-03-18,-2.5977623891996093,-3.568664117517995,-3.930677223385707,-2.001371371446941,2.1662793719544307,3.1570652269673825,-3.596374984972007,-0.5503957757699339,-0.7568561538232706,0.6343573668280803,0.3465842209961658,1.5117482679218357,-2.7711891434222653,1.9449123539821354,-2.592440642685884
2026-03-19,-2.847042906872895,-4.577245205299174,-4.901269843514975,-2.7386059455059493,2.289830432581732,2.8885282887233488,-3.9302820125964564,-1.1492617248224817,-1.4075415468556007,-0.06806829471347386,-0.010537242769867403,0.7041365060660907,-3.813827358460762,1.5843827698289907,-3.034108359669528
2026-03-20,-3.0446937421373694,-3.869652850705101,-4.597046071710193,-2.0957614061872154,2.024614800783242,3.045031404473163,-4.017254778261676,-0.9884316131204864,-1.5329457982787724,0.4806810231800612,0.3266641518113006,0.9593623590093211,-3.2641280169091273,1.8297718091692006,-3.1152416769969675
2026-03-23,-3.4925328053407885,-3.8155271993325064,-4.661954397415851,-2.0910491661911546,2.1265801350685285,2.6441028639994957,-4.373625034458296,-1.528777962103595,-1.8683555214904253,0.48577473893586964,-0.048279543081471324,0.05480733001967395,-3.7708970149269296,1.2630878646792352,-3.61918574516536
2026-03-24,-2.8413716779836573,-3.4723823590927694,-4.458350302093944,-1.4088888111409765,2.209972045657087,2.7023041517849173,-4.241277951564511,-1.4329496117461826,-1.7844429728488742,0.6368273004972136,-0.009788951282080837,0.7950349173503842,-3.4923433861761435,1.5376422756474202,-3.4502666885018334
2026-03-25,-2.567909460064338,-3.365998620894119,-4.318413061722226,-1.6262732090580152,2.2975484410909384,2.7547376297266397,-3.928145751343669,-1.1439624622021636,-1.2660606646967192,1.1305330612887186,0.535199600921892,1.3845212680487282,-2.7527500945561707,1.6576732362945243,-2.965787631107619
2026-03-27,-2.74401556094581,-3.2792248936203476,-4.057237374366732,-1.7176017888229762,2.7830594327733444,2.65758211152533,-3.9054999929900713,-1.2387003525543714,-1.6493582339354707,1.0749740387970428,0.3293037197457442,1.565846312002878,-2.851418181816209,1.2372092558956675,-3.069699470388612
2026-03-30,-3.7078011034391936,-3.42678700592993,-4.3082443732221645,-1.6780904487405148,2.6169208448793144,2.1918783436615743,-4.3026041778865665,-1.8151142379929825,-1.9715324230009181,0.6578712263812053,-0.0824746269928221,1.092676758155791,-3.474259273434883,0.8947729638547633,-3.5853542503499765
2026-04-01,-3.70961474387931,-3.239044082120407,-4.243880985668833,-1.6177103520237959,2.90559023138198,1.5870752383931592,-3.5352720536809175,-1.8228061850234267,-1.7085641662782338,0.3155289693603868,-0.4211503673352245,0.6275311766653073,-3.5329503392062667,0.9407442181948469,-3.510882633982555
2026-04-02,-3.431299458584052,-3.0252590852998233,-4.008269453846082,-1.2855383196199037,2.6830317868242184,0.6241685884871119,-2.913557470098555,-1.3668943753391174,-1.7404218066634605,-0.15286805020913563,-0.3552150285334663,0.6114048873292333,-3.387855502776866,0.8536708675272654,-3.295586863506859
2026-04-06,-3.261211717164893,-2.6986133873932667,-3.5390442720532618,-1.092604154809629,2.6136595522792123,1.006091202211084,-2.7530604614694765,-1.5413340049910644,-1.5256900400940452,-0.15153651565253148,-0.27352471745049645,0.8686427895097236,-3.3347615545788005,0.7945456411206447,-3.3752053785057843
2026-04-07,-2.814747978835878,-2.356341341383737,-3.0212302635161947,-0.9132716705540935,2.6258629129552773,1.1257431310279404,-2.1368500132791217,-1.5044968256027103,-1.857950077498575,-0.23513369209136986,-0.6227982166067516,0.07586118219963514,-2.807486530700133,0.8803094136114737,-3.1683350023627668
2026-04-08,-1.8075651308293161,-2.53102704101875,-3.4143670197644047,-1.2955770013718901,2.733302018274304,1.466921183810667,-1.793721410497782,-1.5818329598648597,-1.8490100789966515,-0.5220453287082227,-0.5202053007721728,0.012189136112628698,-2.208883073623646,1.352608537587574,-2.0490720953610415
2026-04-09,-2.0500650627694155,-2.470498754210472,-3.0704278607753106,-0.8415595795190095,3.3648454062527065,1.9045489531940307,-1.738726659613532,-1.1587797814442118,-1.7990143808111312,-0.2572009246666882,0.1957129148969722,0.43731833804387515,-2.0621375583354267,1.6413119994918954,-2.0678661326599
2026-04-10,-1.8856852354949314,-2.8366523077157875,-2.906735066215729,-1.0650994992397311,3.1131201141395968,2.463102695391758,-1.4548195694200372,-0.6427525355641529,-1.3087121780669597,-0.5960530962173597,0.4139092522614771,0.807010879570764,-1.5764702007690188,1.8278624546582563,-1.6134103149063146
2026-04-13,-2.046471326907542,-2.8475097023555906,-3.099739218119174,-1.1409464646522662,3.0710317157696756,2.654425258304881,-1.8555926471830937,-1.258598570756675,-1.086826124735467,-0.6928526356929832,0.39127171934597044,0.7877190302777772,-1.7480817314494166,1.5267898677400433,-1.4563838421443664
2026-04-15,-1.5511304711759553,-2.5377116358668674,-2.614318820872545,-0.9212209054327679,2.676665487795959,2.9020964322757123,-1.4299086111319217,-0.7965470624428692,-0.7708834932342465,-0.10867514145309522,0.47595815827480187,0.988244088016001,-1.743342693236751,1.694079132356529,-0.9484579634502175
2026-04-16,-1.4859847179733294,-2.3937264118140082,-2.38292797174587,-0.6528668148390496,2.1995251986490563,2.315456349480559,-1.3469027885148508,-0.6015284561887421,-0.9615732802900557,0.1492873256564845,0.5857208901021091,0.8614826860531951,-1.863649177347372,1.4129921332781938,-0.8840304060840346
2026-04-17,-1.297813903208693,-2.398857542080932,-2.7284026296378525,-0.47484261674555983,2.260968471744716,2.444460705772578,-1.1292064731641311,-0.12771712341825167,-0.43399087890603055,-0.04108869407580261,0.7665854556957036,1.2153659633678096,-1.7902509532628121,1.4903616631526004,-0.6577721906914811
2026-04-20,-1.3691587458946601,-3.48089262608447,-3.29088993101596,-1.2673982322836272,2.2861207385480102,2.795790164780954,-0.9380609880705489,-0.2530775402737832,-0.5230789813229751,0.22810784212837343,0.874622808750275,1.2081482002163426,-1.7366148168561673,1.532753577160522,-0.7331721296891047
2026-04-21,-1.5882377583400185,-3.3995048122561613,-2.347222291955173,-1.7245973770712157,2.5128475729134037,2.88037004171806,-0.8763774259042667,1.0018767445776715,-0.21250488057600184,0.11838875085074854,0.8314851391240464,1.702479779488515,-1.5673006812927877,1.5448736600021127,-0.39756980470690373
2026-04-22,-1.6852739514410395,-3.624646307438931,-2.0664984680124654,-1.7522251588218927,2.7013704222261503,3.531287831196066,-0.7469131198514505,1.4506357163925518,-0.3631476290093107,0.9032864781963329,0.791740999034583,2.1795750104790397,-1.702386525865515,1.9098439519575694,0.1457715032757219
2026-04-23,-1.8582491546124147,-3.8690656941375416,-2.1398398527508102,-2.178232032243022,2.713315650644644,3.377523103617478,-0.6697592020374604,1.7892001216326618,-0.2971418535635488,1.0342838569602346,1.949638829401285,2.739868096887622,-1.5607105733138018,1.7362627039068812,-0.25992162709209715
2026-04-24,-2.008732399495763,-4.507958403054971,-2.471178068022154,-2.6880705492904866,2.5505468012935233,3.16463074802686,-0.9004803616976764,1.6329785275672433,-0.5203117987723874,0.07307973321826453,1.2072735854300365,2.698039431796022,-1.9073233292193783,1.407178371313432,-0.28877103029643203
2026-04-27,-1.6305435746581742,-4.3661369573677575,-1.8149453648310898,-2.3897059472146625,2.522396774263113,3.8624190266426606,-0.6739852938419195,1.7486159320333143,-0.2649112065789915,1.1843820385616637,1.1861126936085422,2.905938585926885,-1.6685055024778859,1.675032449772018,0.25995966429789086
2026-04-28,-1.1039775653025847,-4.6625655104101,-2.235328389213571,-2.651280625669108,2.9542548573601244,3.3184094099297003,-0.36338587965656366,1.8836863140583018,-0.6064674935310088,1.240940177954805,1.337674008961638,2.7357933879256864,-1.2739389969247361,1.4938767093137653,-0.23074130328917072
2026-04-29,-1.076526392903642,-4.33808513512168,-2.486380838184068,-2.2384163835393953,2.192474163112991,2.860536287600886,0.21064442748927933,2.3108284208304415,-0.02058346667273301,1.8007422731169498,1.275096060895551,2.3852235022849917,-0.6087664041740966,1.4441035908604798,-0.4064431062486963
2026-04-30,-1.0222519609676906,-4.104099442212892,-2.662963333495405,-2.1536749158981094,1.7480663241815424,2.2927351447567212,0.276830625928419,2.2879689499679854,0.11944848275887593,2.274207439787696,1.3577278209423123,2.423979656599677,-0.7262638648092464,0.6993672429878296,-0.793435137917065
2026-05-01,-0.8564262814556637,-3.9638564801241025,-2.479003863678219,-1.9765726037595615,2.1358272430708785,2.412024843558473,0.0774761136670728,1.7764240069653363,-0.34312755408657836,2.2142970494400243,1.2568089488047962,2.004644680656048,-0.7343170945652944,1.2956393702183444,-0.742899288562528
2026-05-04,-1.3113433969234956,-4.015138026345928,-2.8863487226045903,-1.8558072379214885,2.8859158839760126,2.7939927928415664,0.28099643901552734,2.1011479327984777,-0.20952851785764012,2.0423792677948738,1.2905256102162859,2.3392183316520763,-1.2707297360309582,1.6679124890186159,-0.17080180975227988
2026-05-05,-1.630072156280228,-4.13899582151229,-2.9914981352496737,-1.9643393987549118,2.5123463184694845,2.3223115742458025,0.1884940358381985,2.3420649382248757,-0.04831709912996809,1.3754437337282264,0.5436848554124756,2.020652577662477,-1.8117989097724523,1.3270186805435242,-0.8099905628053259
2026-05-06,-1.2725321293051433,-3.678436163188797,-2.528511443831661,-1.3459759217152458,1.3574786439776994,1.6931948505314225,-0.07457423629003228,2.5063650460830655,-0.20759697897529814,1.6145149676909454,0.9071509885879494,1.9101051431760703,-1.78985051855716,1.4088256040529186,-0.7369285312391067
2026-05-07,-1.021233323999237,-3.593183756820696,-2.6772807590926115,-1.5150459258036226,1.3990548444452942,1.9694299669395636,-0.05604837349617009,2.376758984042846,-0.0770132100301127,1.3750951102573616,0.8197875855951836,2.088162726927312,-1.5644760468483578,1.3527675914427668,-0.5845624186971186
2026-05-08,-1.5330640576744452,-3.249935694062481,-2.443487264946256,-1.1738355778177314,1.126481222189037,2.01405718117325,-1.1042978202251814,2.361333087295029,-1.0671341736405338,1.5727175230620698,0.7153547812875523,2.5568389470660513,-1.9772193454070732,1.2414213721326721,-0.8213036412783902
2026-05-11,-1.783605363307341,-3.184853778499678,-2.499957309334354,-1.2385739775181561,1.3805743425552808,1.6942506194763687,-1.0238589588855633,2.463818337692604,-1.2011598287878422,1.6968953655234298,0.19379059175360203,2.363189681089912,-2.602367607869027,0.7867104723980369,-1.2759307326065767
2026-05-12,-2.0097236315295235,-3.564594317636478,-3.099928137928997,-1.942928457382267,1.731491533687232,1.42550088672631,-1.2682169405617338,2.127108582635081,-1.5275704466750684,1.4121381013332914,0.2994209417538897,2.1888329404879605,-2.401602341568906,0.40791957873714935,-1.6633309867657777
2026-05-13,-1.946169246224339,-3.5386107708133645,-3.132816042481098,-2.023762916380418,1.7314300565595107,1.230246538465308,-0.8061731266870295,2.175975009864776,-1.9954257871060954,1.1859961893653728,0.0902767573837432,1.470038550562837,-2.0312005466515837,0.8802544303054023,-1.5676563779776818
2026-05-14,-1.573520115856087,-3.2744169732489175,-2.4885189958267993,-1.6516945478152942,1.8240765461447255,1.518111328837291,-0.567344129186702,2.0579850716608443,-2.13113520086737,1.477832396334107,0.45177858372826635,1.6660371213911205,-0.9794508192336504,0.9352132023447844,-1.0628203800757563
2026-05-15,-1.2025989785862332,-2.739115137002809,-1.961296166688037,-1.3466650708039754,2.328890021048285,1.7591401265751243,-0.18129603029136515,2.009071748240736,-1.6857377431458327,1.7799727713220983,0.8597842732004284,1.5604252167553583,-0.7050356459860109,0.9934601790874806,-0.9529684359277312
2026-05-18,-1.1940226233565165,-2.3679913797775463,-1.6840686800902251,-0.5586736499595468,1.9675297858690655,1.0862954813061068,-0.4125203360208558,1.9272724052361838,-2.1883361582278935,1.9808526704602871,0.7901284408400844,1.1680263349605169,-0.6227879373157617,0.4016830919878003,-1.1525491215762156
2026-05-19,-1.5267674473338875,-1.8692224243278155,-1.603583160235642,-0.3160460450375539,1.9103498516390294,1.1778724700110597,-0.9171594210832709,1.9858589093170484,-2.1839610951423056,1.614505946164544,0.6691075810938456,1.2278195974450912,-0.7533885652138308,0.5443829959129153,-0.9821375030243721
2026-05-20,-1.5463167691793127,-1.7398778588605575,-1.1373389230443165,-0.39911669827925855,2.0708242538801733,1.3264892556677685,-1.602935072059024,1.6393921745187419,-2.5091859372375858,1.5284735537868441,0.5807343319682917,1.2376517183382028,-0.8380522111171972,0.04072602574013293,-0.924683197323043
2026-05-21,-1.2933527070274287,-1.8470438452800144,-0.8404569775637313,-0.352653189344371,1.3763593403106356,1.4272794092811656,-1.1665336065607756,1.7870228606128633,-2.3568586426002307,1.7290414942400376,0.524962188475007,1.9124327897412712,-0.7422529262700505,0.3592251851940599,-0.4497208909222435
2026-05-22,-1.347902250513361,-1.7570522919992153,-0.4358379623358518,-0.1422528817659232,0.7902046639944856,0.9280150116333702,-1.6574837999457517,1.784358682307647,-2.331852870762301,1.1996022795143229,0.4288025232160951,1.9799653373611836,-0.770129570097627,0.21384285358808316,-0.6418120838450884
2026-05-25,-1.3396927536094327,-1.5791912519868145,0.19969984419496645,0.11594084569804915,0.6745308890146362,0.8671449784474919,-1.383762873068064,1.3875148687389822,-2.422397634262133,1.09241154324355,0.39507162427233006,1.881144863946597,-0.9077231296047338,0.29044940946743,-0.4739628902822367
2026-05-26,-1.39686050171911,-1.0909435649359616,0.4280776322816432,1.2742203106159826,0.770388178241315,0.4679533553070606,-1.4196886760382796,1.5042164887622789,-2.509854746495786,1.0987544993043348,0.43408204042722254,1.4370706636059485,-0.7028642586394087,0.24479161065949404,-0.25255502024400317
2026-05-27,-1.2931307546795154,-1.3500069433982451,0.08957709240121857,1.0776447865603305,-0.05815267580859659,0.7790089993892743,-1.3004935655136347,1.445317251678568,-2.504975344277864,0.8398813856519709,0.27830032415147427,1.3134735124016703,-0.420876660155017,0.1655634750492689,-0.16201291929888864
2026-05-28,-1.2780363440686011,-1.3390246300194908,0.16195586757271152,1.0776447865603305,-0.2065715463115235,0.9378405131272172,-1.2025216927971958,1.5185157496312416,-2.4422361112291076,0.6470852368143482,0.14668246922834932,1.3340605475781329,-0.5641765802511496,0.11269401914971518,-0.15432322309933427
2026-05-29,-1.1225673669124527,-1.4505151034752515,0.40014403342579785,1.3800021683658013,-0.6561216656059417,0.35776008659949815,-1.2522183678732934,1.8247698870270437,-2.4793612426505423,0.6957377736846073,0.32921205824377053,0.979240174602328,-0.34283543746717715,-0.0964069423566255,-0.08605935392780668
2026-06-01,-1.315898539780303,-0.7975081439742788,0.7899476239240794,2.0000396265080562,-0.8557103826623425,0.1664511797327988,-1.833986007244873,1.5939175298314472,-2.509730660530417,0.5281927958558208,0.10606086211694828,0.8883964958688506,-0.4579133982621792,0.13824279052381455,-0.030355383461466674
2026-06-02,-0.8813629880958801,-0.2026988698323403,1.34195895172052,2.17626797314094,-0.5356794696685837,0.19147407536063565,-1.3559777361557979,2.222732481552239,-2.446021080566518,0.4869116223976783,-0.03324387703798976,1.1741192451829219,-0.729698914400202,1.104686513905496,0.6429326621707073
2026-06-03,-0.9592555246340098,-0.6555212838598721,0.8324308330578187,1.3931239568903018,-0.3459853992357444,-0.5035501449469539,-1.747484362976823,2.0440431759219275,-2.8808969316338686,0.16143177018996777,-0.38368850153577505,1.3603022352433192,-0.6447718938711005,0.923590538373041,0.09563752276559237
2026-06-04,-0.6444247500521831,-0.8935130763763893,0.8748313845998094,1.532063168874727,-0.5019289761257443,-0.6625828970273766,-1.3751944250279313,1.905490008772467,-2.845406484829081,-0.05250106673176528,-0.23774682440138356,1.3907313332873017,-0.3716379176767389,0.9862050443126312,0.17509812408491843
2026-06-05,-0.27493950150888335,-0.9961538704496611,0.09371034271081002,1.4574652048873964,-0.22031705998738565,-0.6922669921383113,-1.1102072959043428,2.2083392922392995,-2.4608633534715727,-0.10618710031674326,0.053607992191413115,1.3845683925629642,-0.5294623308510923,1.2987131916584282,0.2276394497859056
2026-06-08,-0.5368696785747767,-0.91780748331564,-1.2220428477473848,1.6163201475909235,-0.13424470959456403,-0.7068228164899965,-1.4121608769699838,2.2916044457140887,-2.880691985715378,-0.09441711678569364,-0.2705279725901949,1.4497716093791488,-0.23224582814712122,0.7080108214788162,-0.31594188740108864
2026-06-09,0.05105274900235151,-0.8112651786796525,-1.3195536309744091,1.4704667272057077,-0.5506494254034551,-1.2046060778257768,-1.3678701490612108,2.554646990891157,-2.6257382939268705,-0.30335437318911646,-0.4627049371345506,2.1295056646141424,0.038450501955278577,0.7605173673718436,0.21273497671945085
2026-06-10,0.7035355767600949,-0.8165291205430181,-1.5400038202982431,1.2902163682152732,-0.9429469649880398,-2.0610122818854713,-0.7766913646108438,3.0904340428085004,-1.9921375650077435,-0.22942594401263847,-0.3599701025589556,2.350463084554384,-0.1386051604863526,0.573148822230317,0.2806073091766019
2026-06-11,1.352093073716774,-0.9697163665821159,-1.3401518752533925,1.3322548134175813,-0.5485057246237087,-1.744761931346386,-0.6900479144623549,3.184848475066811,-2.2661764445951946,0.055879015597113516,-0.03310508056875146,2.427511252994138,-0.08585386891181324,1.3110426451937531,0.6153917105718393
2026-06-12,1.623159067345744,-0.9645577049203637,-0.947363263932479,0.9579477786603641,-0.7162946916816714,-1.5096157451154573,-0.9797655336344223,2.3048678044273014,-2.173937974205161,0.34930996133815867,0.12729226074518687,2.608027692529658,0.44178307255738225,1.33105893567373,1.3866754468535007
2026-06-15,1.5291351534246256,-0.5901967198175939,-0.5884537378332265,0.9063128390987798,-1.1302321335357173,-1.8813431339025446,-0.5405266335823556,2.3897819456936022,-2.0963825595934846,0.23015091653059372,0.09663857200050381,2.5091064438361785,0.2533631733007468,0.6174533252435328,1.524072061125529
2026-06-16,1.5628122999979748,-0.8499116464493222,-0.7093139298960861,0.7042630989730436,-0.8507838496671116,-1.1585941609833346,-0.20893095497904252,2.627897305233827,-2.1205621345090884,0.33093961612204775,-0.05215546105471551,2.3929747816075757,0.09430663181439176,0.5114146937035677,1.4843746136360905
2026-06-17,1.778409436095209,-0.24312185202919462,-0.15201130438469754,1.2572121536507979,-1.2834595470226982,-0.92682747689994,0.14497863253887233,3.119211553954847,-1.4750571021810839,0.8367394421577451,0.08161937388784454,3.211075056451029,0.5819651594325158,1.1946854959202569,1.8574785371986176
2026-06-18,1.7778760832080944,-0.9491756837526372,-0.46661307523451656,0.7297049605294522,-1.0611779610373182,-0.9366783698612904,0.034919890230866175,2.919705081962657,-1.2405468205489245,0.5694495022034888,-0.20728693999901407,2.8735729261721503,0.390082934406562,0.7992732231640066,2.2003620017815115
2026-06-19,2.1690739349429586,-1.686405534312991,-0.3764697781290742,0.39561238503988455,-1.0045180949511283,-0.2697289004730903,0.8595758677224801,3.573703404825774,-0.9983110064399106,0.8755262459262491,0.355545953292654,3.901209201977864,1.2344999930860738,1.6594728004086514,2.554260752674226
2026-06-22,1.828537687891644,-1.735376029902774,-0.5176179581863819,0.18460939034391222,-1.2066083506732077,-0.37520926509620756,0.6995531325162346,3.1545331729997654,-0.9972750304237921,1.1466210750520176,0.4942670020231591,3.2580690304610878,1.2270571790416207,1.3113673845918203,2.4690774423637314
2026-06-23,1.595122768911673,-2.111542211451362,-0.9711738116282782,0.22646831710621973,-1.4003051991204987,-0.6720379332383715,0.25997306555145283,2.728152853768615,-1.4334202150008235,0.8017255793483091,0.14065558318710256,2.855797682376027,0.7638121416400885,0.19535024852386043,1.8446599399617618
2026-06-24,2.0586721920658015,-1.6917175468555405,-1.1668574104156424,0.7839931660407703,-2.467073915858959,-0.9339339913293543,0.3654057158997414,2.771905414039229,-0.8397249817297493,0.8779013968512062,0.6693061914740496,3.1997706556259575,0.43886672616669775,0.1929161047800599,2.2444637233068003
2026-06-25,3.0388303195858106,-1.6866296198063337,-0.8413485526546861,0.6380911968504118,-3.036376853169882,-0.9472246184344153,0.9172020804136876,3.3366040154061527,-0.6509524885033882,1.137345731200514,1.2383049649529276,3.7799852635639004,0.8169772858078245,0.18146342405259647,2.8416849178481662
2026-06-26,2.8910459515494544,-1.9343867126497996,-1.1201880972020635,0.45392852412378215,-3.2479679427434203,-0.6249667161018475,0.593149102759883,3.2431962233596687,-0.8573761076347757,1.4392043539634787,1.854930285428595,4.2692130828004355,0.8222729283999105,-0.09640839545893573,2.7005913987561243
2026-06-29,2.0019277642653726,-2.2327055503554614,-1.3751286777441594,0.09437788683884586,-3.1303881329639442,-0.10496725280204569,0.5565926043696616,2.8662395959316767,-1.2459718697571824,1.9434307457402935,2.032039136267398,4.409192129504581,0.6417819259591238,0.03905212971482137,2.262072140416332
2026-06-30,1.7056333140829973,-2.6516606477490754,-1.9462196473379607,-0.2337236748369895,-2.7921990728470294,-0.45150377977360984,0.0794512459981507,2.7491440114727625,-1.438469797807225,1.8100105709525154,1.8028937813674768,4.302025466114405,0.7196750860414834,-0.31488580310005676,2.2050591124167918
2026-07-01,1.9463779236215561,-3.1591331168110686,-2.613512484960719,-0.8167424447642169,-3.097437905501237,-0.5371382084379265,0.06670304603519572,3.1525125859427763,-0.9630164904751122,1.6073003335531353,1.8920101763631736,4.2693983989632525,0.5268305506246794,-0.8150647245809844,2.5886619038056495
2026-07-02,1.1120945524386934,-2.418169500373874,-2.143471400502971,-0.08345351159222716,-2.960278898755469,-0.8293760531652231,-0.290996625231223,3.196240152863134,-0.7068272633766334,1.6901713147554664,2.021978284129209,4.243165527860296,0.24497675516395842,-1.190857050814865,2.058115122722738
2026-07-03,1.4621621483043443,-2.22984373888879,-1.9184312989401435,0.0482800704983424,-3.0141190950156354,-1.2030062152587522,-0.3310173628855239,3.1498477393832736,-0.2633059867405679,1.9692856681895912,2.0745161512510104,4.4334069396760825,0.6222038726838924,-1.0561666843223114,2.654037741322877
2026-07-06,0.45509624322755815,-1.9779180805312468,-2.213976429708268,0.19500554411593815,-2.421635867303726,-1.302069702953707,-0.5729370002123917,3.039371345087089,-0.285023258704653,2.858798589031489,1.7544056866417077,4.3149309640908315,0.6651815173710424,-1.0819421413986552,2.4414728167004762
2026-07-07,0.6153157539373989,-1.5048864062364014,-2.1895661877020833,0.5805422068167179,-2.4634600797055746,-1.7998891070758527,-0.08664693947445876,3.402988104381959,-0.4311179145635467,2.845246306788081,1.5506395278044816,4.130854080138916,0.6570326475035342,-1.1732081314696692,1.9643558410948974
2026-07-08,-0.5290384057597207,-1.7932892752900182,-2.7983610901410945,0.023471270147568016,-2.2696644648187934,-2.5191675956696686,-1.01924344021035,2.715207879182156,-1.1489335774021718,2.2335655365103038,1.7252131557136379,3.4926823091845907,0.43373603518506487,-1.5769357521210856,1.1738443655841742
2026-07-09,0.006872435496541062,-2.1038412029495053,-2.833223377810091,-0.05676659477199997,-2.223237566659465,-2.711126586247506,-1.0065323396021228,2.858394666317161,-0.729669777517599,2.7207130810513944,0.6899541891489944,4.091279752164146,0.9944437462305414,-1.8095664425429037,1.6113276763652329
2026-07-10,-0.19670190383346176,-1.9068726255877855,-2.187194502930789,0.0197284040920713,-2.2101404076106075,-2.8243866868565797,-1.3107238897358209,2.4787361999853226,-1.3576326378112518,2.90474582710512,0.3305909330069797,3.6670980793174004,0.8285649742922802,-1.5699850433960147,1.8210969362279843
2026-07-13,0.38173432749129405,-1.4706109890629093,-1.7747481567967271,0.4800372724499356,-1.929919124103544,-2.559040575254547,-1.3470496345837801,2.072583843251284,-1.2464840276356068,2.838028061936323,0.2543963370596854,3.6312525742692197,0.6559276982641971,-1.9235704951191408,1.87365827602087
2026-07-14,-0.0649348513032635,-1.570507278215297,-2.084581940971543,0.3479023816007627,-1.8868801178219379,-2.6728027803273564,-2.0758638522631725,0.9852849030400781,-2.073615239652887,3.0795029528841575,0.5257386123275595,3.6725259798905623,0.890845766454672,-1.8240657079807598,1.431752954202466
2026-07-15,0.18723063178245872,-1.3830911305778255,-2.2155857580215055,0.7720565267611904,-2.025370075124056,-3.5205913773762947,-1.6708332154654655,0.6774238976454356,-1.5602856953260644,3.1134920649967746,0.37656164868612124,4.098924428591351,0.9787542358020417,-2.2158928841327534,1.0980301106342578
2026-07-16,0.45741200738084453,-1.0834313777544677,-1.835271875007456,1.2183750852014938,-2.205020627455567,-3.47439230726478,-1.4061346893063849,0.41789162079062037,-1.3641092819707432,2.9831580695896918,-1.313289433854183,3.5922430453717307,0.8919897798423083,-2.0030089857213103,1.2981965195481837
2026-07-17,1.0682385217555403,-0.18524340601137113,-1.737947331022263,2.286234735526652,-2.090012664980913,-3.4916025510510846,-1.004462289433018,0.2991970892217263,-1.1499165452996571,3.7074666744959845,-1.3191841437860077,3.5686849210450613,1.0400042514241357,-1.882247123601761,1.7857468919616768
2026-07-20,0.3975768583293813,-0.44959865869882437,-2.192417059207618,1.996149298710951,-1.999379463425988,-3.6479312331420046,-1.0129767749464145,0.6764625023441233,-0.8621807345808732,3.3902792604884184,-1.386727207190122,3.5039241493800968,1.2717486926034662,-2.1518332791506856,1.6866322919387389
2026-07-21,0.5261852425767243,-0.4139727837613872,-2.065079457984267,1.88960901268529,-3.137854053880024,-3.378240519361407,-1.2050915305101277,0.3974017298382731,-0.6069251061213342,3.2620608853507704,-1.935033070585065,3.8549769242571874,1.1191197363899843,-2.23565268920992,1.8810335484148157
2026-07-22,0.10528903696016391,-0.8087364303923389,-2.042996849145233,1.3359677024866283,-2.99133252929192,-2.9577410753656164,-2.457638860882278,0.636924228730821,-0.7771088312914667,2.5499196055002256,-1.9497599511277797,4.064358384593622,0.7021477895301255,-2.3908977615764515,1.2979106056375198
2026-07-23,0.14811605047526202,-1.01045130921252,-2.0058812423127033,1.1788359366485672,-2.8512325410996824,-2.9590936585096417,-2.2904820432683484,0.03872290775268394,-1.2115989955985862,2.295578203991116,-2.1009377811663272,4.096082603067747,0.5407301174476836,-2.247236174889637,1.2751809347965384
2026-07-24,0.21417150079717115,-1.0840694021153972,-1.7892847345075014,1.2090538884120097,-3.085729673792293,-3.050000329651664,-2.0650891778978937,-0.027553707413288567,-1.245584455721224,2.1007656041276666,-2.322427492754856,3.89934561976382,0.45459197108541305,-2.4129393788008593,1.3326220313339776
2026-07-27,0.7902133309862928,-0.4990207347416593,-1.477006975142858,1.3499719094357399,-3.285854398671976,-2.8429137342002875,-1.5075142853077106,0.03413308723396045,-1.4886376108034378,2.292434061860794,-1.8889464004967713,3.6974682727823445,1.1619296421009813,-2.3144231990459505,1.1884185593545324
2026-07-28,0.8372859779849898,-0.3068031587039219,-1.1737869716807485,1.9614495030410162,-3.096411148763207,-3.1542328736068432,-1.6525573631993777,0.39574550861432367,-1.247685675050685,2.375499190241261,-1.9022446644813527,3.753931524169765,1.3585417467955776,-2.3988222902918697,1.6263343181832821
2026-07-29,0.8117976274390521,0.3116938364350184,-0.9097977350672871,1.9074372238884532,-2.687907666200557,-2.969527308824629,-1.4272211325820174,0.4388043878873796,-0.9067865309528177,2.1555742954979973,-2.49815498539171,3.89569304347158,1.5299101193491729,-2.2531991226677412,1.5123536067047172
2026-07-30,0.6339531398845129,0.35013579446966275,-0.5506493651172328,2.2553811749732655,-2.633570181306166,-3.2326721030605006,-1.2613629292481265,0.8187060472399398,-0.996105694791696,2.56558577400199,-2.401300930368452,3.8040878746013025,1.6709274192094827,-2.4484870841849644,1.025097424118247
2026-07-31,0.4961678153129727,-0.05122219746439771,-0.8043398720018888,1.9913579284652982,-2.297168016461595,-3.170068529522628,-1.6306217946058983,0.5756586020973531,0.021296759021312964,2.2118269490647773,-2.1417553479106233,3.0795046729579,1.734629238500827,-1.9028137386638824,1.3311088451264097
2026-08-03,0.9238175770058116,0.44949603580429787,-0.29845579760903745,2.022579715728782,-2.452300759145946,-2.4676212427191273,-0.8756065551889922,0.8552119426139501,1.052966022746246,1.4541927241472987,-1.3271935052040453,2.6033595852098044,2.730327931965265,-1.5487535708433204,1.9093275661491333
2026-08-04,1.201427408386846,0.6816142787364232,0.048965431641364375,2.6831152253732102,-3.634459848655953,-2.8599399735707216,-0.26093515004099865,0.907221867591007,1.1781263246844091,1.9011150612141101,-1.3001271399423724,3.4009788214332044,2.763160411447129,-1.5464700326551415,1.8787682087522297
2026-08-05,1.2130368802594393,0.911873801053113,0.24624594745885564,2.8771794810064786,-3.9720389050821483,-2.2775465126075005,-0.7871904447904936,0.9030053470931585,0.9878871396874513,1.871654073490782,-1.173046598876264,2.9594210560825953,2.496051319189866,-2.17392378626846,1.8807582954606177
2026-08-06,0.6592922974797911,1.1135100992030382,0.13557477224841455,3.068368985388428,-4.451245274019809,-2.929526340025065,-1.1350955578539796,1.2345654800340788,0.6469835916578075,1.4944139399879695,-1.9215135790109379,2.800832595868254,1.2231331603640454,-2.6866604740278257,1.5408472856552373
2026-08-07,0.32019315283649685,0.9713424642567429,0.1137003696774502,2.8409336782444883,-4.253056331486362,-3.0256377012363487,-1.3210512682190163,1.7512801377694929,0.9607249292184221,1.1737160419483483,-2.505429703381742,2.837130359723125,1.094207784565603,-2.509238638401453,1.9356840606170125
2026-08-10,0.22396471878704832,0.815960309060313,-0.2228146991381001,2.389286939972809,-4.025384601754655,-2.8088056530780814,-1.6922589314324452,1.5715800475574961,1.5443869221307278,0.7489496322837632,-2.643233940738971,2.9612898166402637,0.4605429408107049,-1.5824728856000545,2.1279167028794665
2026-08-11,0.6829536304410735,0.3655900762932639,-0.5359379534808197,2.0837255099518646,-4.010910783286867,-3.0032716340508636,-2.0280295106516726,1.0584851211794502,1.2749834213651585,1.1013600881632448,-1.730016215751128,2.3645850965084203,0.4184135853281278,-1.7583404870510695,1.8307843997234379
2026-08-12,0.5023439033024963,0.2532951284118992,-0.7447739350021213,2.2128573268024447,-4.177146005443951,-3.1250473336162807,-2.059999141848087,1.4075893807517008,1.8174016972107128,1.1656046745704687,-1.6236165028238398,1.681846028814395,0.9080454136180907,-1.7582574978277001,1.9220534964441474
2026-08-13,0.713606780070495,0.364782103551172,-1.0230715250441478,2.5320457756564143,-3.944060371050526,-2.571741006049118,-1.8640310816317862,1.6103099300896992,1.7344587942230099,0.7968418170398996,-1.4759278846176167,1.0225851979624125,1.0961788955763634,-2.0857842102799085,1.8651529301512946
2026-08-14,0.4877295165094992,0.37340153655886865,-1.2168003241255099,2.4543759451581715,-3.8689425455605635,-2.8171617540993346,-1.3960998218309537,1.2676987965133877,1.4822847271073238,1.6405639111112233,-1.409614544836588,1.6987021529327493,1.8756096154482564,-2.3068585196626175,1.9119819367495134
2026-08-17,0.13184343460268566,0.13973457805582803,-1.6927462154249913,2.1144355324565995,-3.366960930732611,-3.0864845336141182,-2.0595861983372705,0.9884349088827918,1.3375850562563678,0.8255504143391414,-1.9242623345534593,1.3039960228669125,1.5425991064505988,-2.0950020677561363,1.9056158258276839
2026-08-18,0.08905216145599612,-0.10334202994444269,-1.7773346522280096,1.7322561068582205,-3.47353086280566,-3.0596070529587234,-2.144870752137081,0.673695445976163,1.1731350173997885,0.7091895093351294,-2.0805938942350366,1.7439685190209993,1.4631569578284997,-2.179233081325176,1.8576669163528712
2026-08-19,0.21746580578714006,0.022306752191954153,-1.48235837629631,1.7428957856078564,-2.958948143683041,-3.6939278743114494,-2.267225527704182,0.7238784641382043,0.9971283264140427,1.0366583129887443,-2.0946358368248426,1.5037182182250846,1.2441496787390134,-2.8579716184477,1.8487788040097681
