Date,KOTAKBANK.NS,INFY.NS,WIPRO.NS,TECHM.NS,ONGC.NS,NTPC.NS,ITC.NS,NESTLEIND.NS,BRITANNIA.NS,SUNPHARMA.NS,DRREDDY.NS,APOLLOHOSP.NS,BHARTIARTL.NS,TATASTEEL.NS,DLF.NS
2015-01-02,,,,,,,,,,,,,,,
2015-01-05,,,,,,,,,,,,,,,
2015-01-06,,,,,,,,,,,,,,,
2015-01-07,,,,,,,,,,,,,,,
2015-01-08,,,,,,,,,,,,,,,
2015-01-09,,,,,,,,,,,,,,,
2015-01-12,,,,,,,,,,,,,,,
2015-01-13,,,,,,,,,,,,,,,
2015-01-14,,,,,,,,,,,,,,,
2015-01-15,,,,,,,,,,,,,,,
2015-01-16,,,,,,,,,,,,,,,
2015-01-19,,,,,,,,,,,,,,,
2015-01-20,,,,,,,,,,,,,,,
2015-01-21,,,,,,,,,,,,,,,
2015-01-22,,,,,,,,,,,,,,,
2015-01-23,,,,,,,,,,,,,,,
2015-01-27,,,,,,,,,,,,,,,
2015-01-28,,,,,,,,,,,,,,,
2015-01-29,,,,,,,,,,,,,,,
2015-01-30,,,,,,,,,,,,,,,
2015-02-02,,,,,,,,,,,,,,,
2015-02-03,,,,,,,,,,,,,,,
2015-02-04,,,,,,,,,,,,,,,
2015-02-05,,,,,,,,,,,,,,,
2015-02-06,,,,,,,,,,,,,,,
2015-02-09,,,,,,,,,,,,,,,
2015-02-10,,,,,,,,,,,,,,,
2015-02-11,,,,,,,,,,,,,,,
2015-02-12,,,,,,,,,,,,,,,
2015-02-13,,,,,,,,,,,,,,,
2015-02-16,,,,,,,,,,,,,,,
2015-02-18,,,,,,,,,,,,,,,
2015-02-19,,,,,,,,,,,,,,,
2015-02-20,,,,,,,,,,,,,,,
2015-02-23,,,,,,,,,,,,,,,
2015-02-24,,,,,,,,,,,,,,,
2015-02-25,,,,,,,,,,,,,,,
2015-02-26,,,,,,,,,,,,,,,
2015-02-27,,,,,,,,,,,,,,,
2015-03-02,,,,,,,,,,,,,,,
2015-03-03,,,,,,,,,,,,,,,
2015-03-04,,,,,,,,,,,,,,,
2015-03-05,,,,,,,,,,,,,,,
2015-03-09,,,,,,,,,,,,,,,
2015-03-10,,,,,,,,,,,,,,,
2015-03-11,,,,,,,,,,,,,,,
2015-03-12,,,,,,,,,,,,,,,
2015-03-13,,,,,,,,,,,,,,,
2015-03-16,,,,,,,,,,,,,,,
2015-03-17,,,,,,,,,,,,,,,
2015-03-18,,,,,,,,,,,,,,,
2015-03-19,,,,,,,,,,,,,,,
2015-03-20,,,,,,,,,,,,,,,
2015-03-23,,,,,,,,,,,,,,,
2015-03-24,,,,,,,,,,,,,,,
2015-03-25,,,,,,,,,,,,,,,
2015-03-26,,,,,,,,,,,,,,,
2015-03-27,,,,,,,,,,,,,,,
2015-03-30,,,,,,,,,,,,,,,
2015-03-31,0.25429264131088103,0.242927433270184,0.2592347725975179,0.25555334755574827,0.2671392156995554,0.314498511599158,0.37547388878964244,0.21634829980372777,0.2457582592209359,0.30290884579891064,0.2814144144845582,0.38021260416141095,0.36929152662511966,0.30834545901508875,0.44474099214497526
2015-04-01,0.2638876168653572,0.24425563638700207,0.2590585587605694,0.2555420018382881,0.264941591593681,0.31355417061093793,0.37804590525364584,0.21660339020200062,0.24145683240433116,0.32116277625239226,0.2823495367118071,0.3809380646230308,0.3717656742373152,0.31027469223193105,0.4444221215815915
2015-04-06,0.26878567867921105,0.2433678929673061,0.2627566752213097,0.25563372126818834,0.27437976066896685,0.3189508611274052,0.38197756056015697,0.22356395183290742,0.2434709542264752,0.3575318241418644,0.2888480982227707,0.3816573731927301,0.3685701985552741,0.30909332513034976,0.45053169714752317
2015-04-07,0.26800281764889716,0.23979609364019425,0.2585887753609673,0.2563219252235582,0.24939216880186327,0.31520143738892287,0.37851088931929305,0.22114857315287528,0.24570518643226782,0.35540160491917483,0.2824358590425554,0.37583487617813954,0.3682955210683871,0.3136959006241738,0.45503872501122783
2015-04-08,0.2676029187584986,0.24231645536935498,0.257766822796442,0.26293207531822743,0.25018468778687075,0.3119599656121186,0.3782502997555237,0.2241309806576674,0.2147495508746263,0.3556151758731206,0.2832007158861896,0.37763462833484707,0.37448456806019725,0.3125104238855572,0.4550599417282703
2015-04-09,0.25886014454221373,0.24241795355891732,0.25758337451764907,0.26104109092841987,0.24945630576272196,0.3106635375132962,0.37467228282350523,0.22439047678457716,0.21268213727094476,0.36397577664855696,0.2834247279185651,0.3774105497626361,0.3787759190309401,0.31721757138758594,0.4408289398856893
2015-04-10,0.25759434937167974,0.22023858345164438,0.2561111782427085,0.2468520765270466,0.24243585597473027,0.3036158863353999,0.373418492264198,0.2231453223340308,0.21055387466952702,0.3635605264930219,0.27835023464361847,0.3785867818937331,0.37755692488612447,0.31625897977330825,0.43455265640259605
2015-04-13,0.25920367354415885,0.21678529638184632,0.2566447996421388,0.2404763717049766,0.24252354727362982,0.30401632388550504,0.37450964610447895,0.2221764698223796,0.21088441005013597,0.3664989552754218,0.27757856000465686,0.37808814485026243,0.3798729939761833,0.3167031772925051,0.43459086932136337
2015-04-15,0.25734308993454547,0.2163809124074464,0.26293257572553336,0.24074001992545557,0.24149037051931635,0.30641727642084543,0.3748326950307652,0.20840073839636208,0.21220029862204984,0.37305261815695917,0.2790085968807812,0.37552879396809435,0.3836508263566879,0.3184875537202797,0.43413598118892965
2015-04-16,0.26006467931347094,0.21397677951247301,0.2596530552128746,0.23972144926971373,0.24999109446151233,0.30618326651325506,0.3691553250239811,0.2079921002730021,0.21304576229284072,0.3763679167358557,0.28232352481196704,0.375994894552801,0.3835886867036788,0.3099679661136602,0.4368785330547488
2015-04-17,0.26391860352181506,0.21449828340152619,0.26414162910434563,0.24386170018965925,0.24999771713320304,0.3063892646481025,0.36444364325424483,0.2080631448396323,0.2147654569760869,0.39065474544560547,0.2828297998347817,0.3865794159025196,0.38895181337128376,0.31117989096209947,0.3791449161776088
2015-04-20,0.2648308901476705,0.21864306999201183,0.2668764742839284,0.24342263978477569,0.25488142545087655,0.3103931586410747,0.3687621224327928,0.20176218672625137,0.24633225065367245,0.38725337688699946,0.28597864653006266,0.3867125563365058,0.38718686711945904,0.3112119661446075,0.3787239987121516
2015-04-21,0.2660257763539616,0.21826029049164952,0.2444123427006285,0.24409434224634108,0.2549486261054593,0.31308351972539056,0.3687108858516083,0.20090178758598676,0.2644381989509907,0.4293551035625602,0.2921065941816048,0.3971194819077902,0.38597373963235976,0.31211867618022693,0.39245937693162053
2015-04-22,0.2662492207455372,0.21734205695385153,0.2709177007236895,0.24502415302228864,0.25894479743928983,0.31319356535767473,0.3616717880054975,0.20093821534891346,0.2643151228915229,0.4299978998895297,0.2983713127207581,0.40205080460318865,0.3853808513634748,0.2977044045331508,0.39356626107736425
2015-04-23,0.2670593020607858,0.2132618192585538,0.2733598478326047,0.2489655793320798,0.25928375147540383,0.3164400464125378,0.3473020924820417,0.20126940725943046,0.2765292842000126,0.43303208415713207,0.2991398931598488,0.40513752419707416,0.37738717498683805,0.3164893332867894,0.3927624824029681
2015-04-24,0.2674181235753945,0.24402705702681196,0.2729872241859143,0.263118205759684,0.26313575950722534,0.3124770290112253,0.34890845601758397,0.20188183383649058,0.276305022108665,0.426194358662017,0.30013994128514865,0.40434867019577436,0.37744265893633705,0.3146439227419259,0.3932816165976042
2015-04-27,0.27147755213954455,0.24325833733636618,0.275267169342515,0.26220592357373806,0.2662662997934072,0.31257113859451596,0.3493274565346469,0.19599060921565145,0.2847222230304399,0.4285563979455454,0.3058921072913998,0.4373384323347182,0.37224696435317367,0.3147058962090337,0.3898878679018628
2015-04-28,0.27157002057062224,0.2339215239089701,0.27517705972024453,0.2723634412780906,0.26612231683723003,0.3147474515594567,0.3460654154264034,0.1939549485666651,0.2854193938253464,0.42756402879485644,0.29385175468813013,0.4279329558640224,0.3718559889214019,0.31433589564867725,0.3966074337166664
2015-04-29,0.26661071831826993,0.23370219245778337,0.2760429979903671,0.27039941632040954,0.2649310429648755,0.31467577336552294,0.35014163134414245,0.20923401667643718,0.290059264094461,0.42872683803118566,0.2941610747588954,0.41190641856463944,0.3623198848555314,0.31233480236175165,0.40170237845468204
2015-04-30,0.26493377727321354,0.23427853579236044,0.27590399811862265,0.2697498783358612,0.2650660717690316,0.3148690821349656,0.3483110933215069,0.20813765828470124,0.29256017522239686,0.4282367245949394,0.2870399485063619,0.4054860733465059,0.3638218690297386,0.3165766300244244,0.4012165366205365
2015-05-04,0.26466117007675843,0.24107155283977696,0.2757171700985365,0.2703084315783562,0.3140588997151874,0.31502247767988634,0.3524421251510608,0.21931302028574112,0.29431061782996676,0.42856696322221643,0.28030773133989184,0.41803305178386113,0.36888977884144736,0.31671639363888116,0.3999749255729138
2015-05-05,0.29083605546729285,0.2427984563083165,0.26802378404822363,0.26919577331687955,0.32593490307180145,0.3151980638832306,0.35069242472431245,0.21886637138844411,0.3054096024752172,0.428449444099336,0.27320936600871987,0.4138274331319867,0.3611408043407672,0.33242138150606215,0.39816281646812623
2015-05-06,0.3011696217349576,0.2457434936203229,0.2713400507822398,0.2682231288159083,0.3318342809268461,0.32476563809849945,0.3520628007123011,0.21876596157337508,0.3185861419502944,0.43025970710246575,0.2726565874009038,0.40875947377141214,0.3549983745226909,0.33886825419300665,0.4113717195361867
2015-05-07,0.3075382977224635,0.24597402789072206,0.27269236376287,0.26596358080618787,0.3304344700541907,0.3261249582356141,0.3532247504094938,0.21713076912770213,0.31667721248927166,0.42900012294624096,0.2765138727975554,0.40813607088305665,0.35494673471946897,0.3358567276174309,0.4097805645564286
2015-05-08,0.3091735761177517,0.24098932457148364,0.2643039945574868,0.2670408178845296,0.3253786423206867,0.3238838331645337,0.35516227895171903,0.21614608850380612,0.3147634930442119,0.429889782720588,0.27867785664955663,0.4089194274302279,0.35445771522694347,0.33186021361093165,0.414241096574596
2015-05-11,0.3073928350163422,0.2415020034395712,0.26357575479635015,0.2696229049977922,0.325034099521779,0.32653654495196255,0.3539788225688959,0.21613241738460412,0.32130336205234694,0.42708024132044103,0.27780312722071393,0.42157244111382414,0.3542725484683986,0.33192023893562367,0.41053615810023636
2015-05-12,0.30916631745127876,0.24457431567351184,0.26378927096279603,0.27228156023598876,0.3282310502326869,0.3295563034165597,0.3530863247959226,0.2178094728191867,0.32172093526359724,0.4272446918153133,0.28295887415035725,0.41892587751794785,0.3480657489078366,0.3356422321671589,0.409687165988914
2015-05-13,0.309543702813961,0.2429548622944061,0.26636887183647334,0.2695857193660932,0.32845181441969806,0.3321077767195793,0.35377589995507047,0.2174741295399749,0.3178894471661868,0.4244336797547325,0.28267047705223713,0.41791458876711496,0.3517489413347743,0.3318675052226547,0.4094796743127943
2015-05-14,0.3098803911226336,0.24335633626937428,0.26675020129777594,0.2620197296044069,0.3260845019392973,0.32920971789326214,0.3539723887967657,0.2209685213404009,0.31896929933760015,0.4248526770282847,0.28268828936169177,0.40489760765562266,0.3520747006243516,0.3315991170266349,0.41096025661189906
2015-05-15,0.3109559391421618,0.24400168523841567,0.265032398321117,0.2567932354210014,0.326512777464707,0.33077356619149556,0.35428014133566377,0.2264730345275241,0.31704994245277385,0.4248119160500813,0.2591235624218817,0.4038694590320813,0.35244103453828934,0.3318684675400509,0.4115217108277692
2015-05-18,0.3117099670977236,0.24679424425393628,0.26170658394031304,0.25694013976722546,0.32470787834321374,0.3302944676954149,0.35416379663335895,0.2180531559250821,0.3133523311642544,0.4237984150937992,0.26888182735962385,0.40577208873520687,0.3531691842585949,0.3317988249440054,0.41071147112219236
2015-05-19,0.3108375281856654,0.24895085974427886,0.2642884152705142,0.2580173206992004,0.3256297717008439,0.33006878226559344,0.34767070343775697,0.21558984694187724,0.3141222365030447,0.41974672884092595,0.26891830094946695,0.4057882581628354,0.35163955273628245,0.33214450933307377,0.4117099294153588
2015-05-20,0.3101747771208734,0.24987686476038837,0.2670908785087933,0.26909775384218204,0.32284667700556724,0.32860398729378765,0.3468100776100622,0.21634015982935542,0.31366227605241825,0.4200107636101306,0.2695478806224745,0.4088163950948177,0.3469601988689877,0.33425135315882776,0.4062933742679474
2015-05-21,0.3105952436945,0.24820724905269576,0.266082037984,0.27072741584139914,0.32379647020771773,0.32882016750220006,0.3472163601993144,0.21328852846344887,0.31593549001639576,0.4211418546394006,0.26915350860332293,0.4091364065541989,0.3471443750067426,0.34823727683146477,0.40671381277451973
2015-05-22,0.3106429835602016,0.24598707530156066,0.2650670881258525,0.2730880759134361,0.32486578460415555,0.32871391727124777,0.345100894953237,0.2099980149545815,0.33940313129948185,0.4232667981747804,0.26917537305662237,0.40680849503319316,0.3441750820118137,0.348250349902101,0.40627149850971145
2015-05-25,0.310112929332462,0.24708851393160253,0.26542399335127315,0.27792228816520076,0.3252998447476303,0.32893843920142557,0.35156856913651524,0.20450012337513487,0.3416870335841592,0.42308750666358047,0.271203399161998,0.40846179994885795,0.3443976684967282,0.3503085467870675,0.402727105518377
2015-05-26,0.3060417837682398,0.24693630885889983,0.2653031524883089,0.27869270316642714,0.3222309622430265,0.3296583358323319,0.34991094456067995,0.20810933874532178,0.34164765525387064,0.4235135101890967,0.2715081762195628,0.41251976278133246,0.34242614600071203,0.3476407816596077,0.40843165362027756
2015-05-27,0.30603644559854437,0.24526635834751545,0.26281197957592434,0.40136951716316155,0.327346796919789,0.33098672261430595,0.35020790734617996,0.2219716010335651,0.3445393820200029,0.42300853327850574,0.26720114411030554,0.4088068409949477,0.34270544835285843,0.34575966239570655,0.41120993089467817
2015-05-28,0.30584183109970425,0.24662544081139282,0.26288776079374193,0.401429775358496,0.3282836745084273,0.313504304184552,0.3513351782428308,0.22174749424777906,0.348053788804381,0.4211628656028415,0.26899046419943556,0.4083942128406963,0.344460963241051,0.34487061473831315,0.40825691442820633
2015-05-29,0.30915735856524285,0.24661313682710867,0.26475060938159384,0.3969670668307693,0.32676005295884336,0.3066962915295039,0.35388093751004995,0.23908911508849126,0.3604998219254438,0.42076156207431414,0.26865790069818696,0.40862812654796865,0.36041624142855044,0.34413288111139545,0.400254292452595
2015-06-01,0.29188661881705164,0.24678497301116573,0.26237040665648925,0.39617786308962266,0.3274018333831616,0.3081294006752112,0.24098297619571063,0.24013710243002348,0.3593184718440121,0.44930660116863763,0.26039199257090245,0.4023794638264167,0.36143520905835014,0.3440059712361675,0.4004478073282917
2015-06-02,0.29594043919950025,0.24914400298570538,0.2649530022595373,0.3937874623449011,0.3283733001008466,0.30810545277043455,0.2543656039938575,0.24166575233848928,0.3612331365293013,0.449005569617804,0.2630624774628417,0.39319227970757925,0.3613942793590294,0.34718763762717053,0.4067786282478725
2015-06-03,0.2965458603519263,0.24913931610755483,0.2629074203182774,0.3936140170082774,0.33809848406086523,0.3081185572562305,0.25828186657616625,0.2973080767841226,0.3606352279591922,0.4277024447735793,0.2643022159798893,0.3926883871236432,0.3614100535697499,0.3477032316355251,0.4055539290684172
2015-06-04,0.29806198952015844,0.24848816342061775,0.26301738023034593,0.39620126089902646,0.3407843542352289,0.3084257994612111,0.2582803646471704,0.3023661726421278,0.3607309085698043,0.42196026394599684,0.26253831349113793,0.39263699879085184,0.3615161999209795,0.35039240358595813,0.40598539237849407
2015-06-05,0.2901533862788141,0.2438062444452585,0.2629916466118189,0.3942102348018758,0.3431766974549748,0.3023460275244081,0.25544317322665544,0.30086044109063,0.37301966032218786,0.42445309327135794,0.2620942354069531,0.38857383571345655,0.3601395492874616,0.3489699593419606,0.4094431125074538
2015-06-08,0.2890642249481746,0.24375549824545065,0.262699304305563,0.3931749927512246,0.34322957724547903,0.30223129032053353,0.25543120969746524,0.3334746259737025,0.374335016675699,0.42538190328996095,0.2615313286720915,0.38966671448559453,0.3324893637077643,0.3525001985988044,0.4073808548429727
2015-06-09,0.28773972242488577,0.2435214913246578,0.2651799903021512,0.3882413696968206,0.3433422528342567,0.29736479438015617,0.2564260209092304,0.3666369790976565,0.3767668518411047,0.4266685358185754,0.2657810386980921,0.3944199567628013,0.311183300128335,0.3510796223189772,0.4080422986246181
2015-06-10,0.287693956215513,0.24375416647533593,0.27646618904945525,0.39263451597270066,0.34390762980107054,0.2859622524183022,0.2505274554926,0.3682085574222338,0.37535892623087486,0.42408446283095047,0.26655245432220875,0.3982256158985621,0.3102305147705171,0.3473252661346226,0.40292701663704444
2015-06-11,0.2961928300613844,0.2451149972451805,0.2784335976346293,0.3923044594073772,0.3449595812115107,0.2896886832836044,0.2485646927498371,0.37048015081396884,0.37277402897901063,0.4219924220690811,0.26645222733521945,0.39773138836731475,0.3109541746764176,0.3482812351944854,0.3898432635760986
2015-06-12,0.2975728193929065,0.24135143130201592,0.2783498529203606,0.3923169822756249,0.34476849342834853,0.2866462019761123,0.24777472735441605,0.3710565683863692,0.3725685636713903,0.41974759842543335,0.2636185155897021,0.3975228302074213,0.3050961246062983,0.3483213226800879,0.37583729762601936
2015-06-15,0.29686631380405937,0.24409406971212666,0.2790124886229509,0.39128235810146617,0.3453339146004226,0.2850089348810933,0.24594092264847608,0.37113484972597127,0.3712669265978305,0.424137824658313,0.25184362461235366,0.3952597373188067,0.30495499562729955,0.3456238508972306,0.37601205463773235
2015-06-16,0.2968053337256585,0.24496898317956003,0.2770474906479965,0.3895150886689189,0.34377298297070746,0.2794916196969515,0.24543514239812259,0.3745299706774621,0.3715968452059481,0.42415998555637624,0.25259115559675904,0.39556112686111106,0.3038517268189772,0.345913583444812,0.37604520490310933
2015-06-17,0.29586541287123924,0.24497808303569232,0.2780331515568655,0.3882826358279814,0.34346714564640873,0.27772389668692515,0.2454558697299644,0.3754763024434167,0.38716576116017953,0.4242605088180099,0.25557783809179235,0.39527596203459325,0.3059830786088745,0.3529391481147282,0.3768942188973696
2015-06-18,0.29581599848906487,0.2438823677616042,0.2740679027599129,0.3884626811892973,0.34645330288015,0.25017541970177776,0.24315798101235314,0.385979751660168,0.38469509008176134,0.4242901905908937,0.25628281582159645,0.3931939562994524,0.30612479878455867,0.3499973907913458,0.3754419321671117
2015-06-19,0.2975881744999849,0.24338413678333407,0.27455181446372495,0.38436149811553494,0.34827862211518235,0.240659047950472,0.24422926854165158,0.39133153047960384,0.3828153364896706,0.42470151394467265,0.255571032602197,0.4016385651606845,0.3075755301770888,0.3496332214518143,0.37543222515386204
2015-06-22,0.3010071797269317,0.25045344124868535,0.27316082946089365,0.38553242701790774,0.34782744838570034,0.23823397215451386,0.24709043842137624,0.3903314546575077,0.38444621536032336,0.4247563309055204,0.2548441660490228,0.4088081100846637,0.3068605891091452,0.3511000357718303,0.41123016242592336
2015-06-23,0.30192487226075254,0.2542884083575174,0.271172278561584,0.3857343552271778,0.3468607746807722,0.23069734899749134,0.24868791951876415,0.39365068152036925,0.3867835992414152,0.42332458268429163,0.25508246167889354,0.39528864382042017,0.3078709857186853,0.35066393944871854,0.40927917947268805
2015-06-24,0.2999003345356873,0.24587474585297212,0.25920041914438824,0.3864283728067948,0.3424752037216181,0.22884641312059734,0.24724688907114611,0.39178773612311685,0.3884949765527204,0.42291747236276406,0.2522772706164265,0.3920122031404158,0.30845522017394317,0.3518127222012404,0.40694167887379307
2015-06-25,0.30126246189401323,0.23950193100492811,0.25586839630889846,0.38988562023678325,0.3435095300646401,0.22807048314730996,0.24537453999785405,0.39539920974553655,0.3858910403376484,0.42202207426353805,0.25337305077354,0.3901118693998342,0.282790907974089,0.3520002017694459,0.4115821996707509
2015-06-26,0.3035695743274996,0.24034110250155202,0.2540181683498264,0.38685467939687923,0.3365772685577658,0.22858396752290466,0.23812062998844885,0.3958591873437122,0.3870564826525713,0.422066727235767,0.2545912871328603,0.3898472573485451,0.27854747139706304,0.3494967164998917,0.4076636231383861
2015-06-29,0.30420951349905184,0.24190153098049125,0.25380282732663106,0.4129173763879845,0.33262150731171247,0.2290007110965067,0.23835706967198644,0.3981911489387957,0.389076764044379,0.42247810451873546,0.2519127776298583,0.38935629472770966,0.27885056641513817,0.3481083720301603,0.40979219691332297
2015-06-30,0.29615746184167047,0.2390020626257875,0.25366527508775055,0.41277899044637656,0.3326342245341968,0.2288952151184599,0.23717476070997667,0.4102228583859041,0.39094111681585964,0.41009367495406873,0.25152007655701,0.3917234866984396,0.2766371400350964,0.3500683918610935,0.40885865118726744
2015-07-01,0.2928921810638603,0.24077305793286075,0.25269332208055606,0.41292191329146016,0.32588679157321304,0.22026130950845546,0.23097388644809305,0.4105346812518397,0.39117250083610194,0.3701771818955604,0.23705998835781936,0.39111757930031144,0.27715995308404107,0.3488064419422163,0.39396449568112296
2015-07-02,0.2949457833817286,0.2408905950558099,0.25256262728471035,0.41146098305894374,0.326669440437083,0.21181890420494126,0.23125507209484705,0.4119194395805164,0.3898818831305073,0.36959522521646365,0.23742674167421893,0.39123869347130785,0.2794436349337594,0.3340030553117684,0.38985029889428846
2015-07-03,0.2941420195959315,0.2373383581640101,0.2532062391659795,0.4056920677961106,0.3244212476061963,0.21295752448647706,0.22845796260349427,0.4115069873317576,0.38995561153816855,0.3696483904534924,0.2351771995551462,0.3912331680768022,0.270260416587371,0.3339614777336842,0.3897509904231494
2015-07-06,0.28152141844176026,0.2370302079281647,0.2531830323463009,0.4061046569358028,0.3239333055122456,0.21212792295957764,0.22925191188449798,0.41116304092002653,0.38984566113537783,0.3660399370556637,0.2467089754480536,0.3908602773847845,0.26355699427350054,0.3277362817386185,0.39104814206607175
2015-07-07,0.2825166097598123,0.23608972591450594,0.25374181091697406,0.40776190648287297,0.32467969611994185,0.2168942907550239,0.22929897248725023,0.41121666407956625,0.3898214341396809,0.36623892623444626,0.2450111237160108,0.38880002103170125,0.2627663877260367,0.3273696164636766,0.392845263946369
2015-07-08,0.28098569355658976,0.24005319609451775,0.2524617047732404,0.4070927251187015,0.3246308026498081,0.2158679462745016,0.22861290420292016,0.41197777827008536,0.3892247697512253,0.36110346360688955,0.24522183749568247,0.38917321910801106,0.2540396226718943,0.34138911382689435,0.39445818369342794
2015-07-09,0.28102516048499804,0.242238054459648,0.24785851703021494,0.4080742637345077,0.3238047331968237,0.2146394030786307,0.22770927519275264,0.41229105255265613,0.3888605875728322,0.35752320820212374,0.24426867724629,0.3891743951407019,0.2490931031869853,0.33940286164232586,0.3930824894021353
2015-07-10,0.27892703745383696,0.24191797424301292,0.24813865986796316,0.40817650249007215,0.31743357158466695,0.2130960193864763,0.2263620742518345,0.4126202486027317,0.38832274749556916,0.36243249146295464,0.24171872333280156,0.3889845351712287,0.25857629223395334,0.3394613439040479,0.3926757777324171
2015-07-13,0.27532469352255584,0.24383754481142852,0.2469929647911524,0.40686401827755864,0.3174976581777095,0.21855826107653736,0.22857382541454654,0.41261544971610825,0.386798648585501,0.3528780167828413,0.2409182415712901,0.3790467129483046,0.25221298323919533,0.3362088019817005,0.39193569981919274
2015-07-14,0.27455732114194076,0.24524941388001123,0.24482218843403933,0.40666498761480185,0.3138981629377248,0.21459430210530206,0.22199393290234537,0.41252499496859263,0.36662895737191276,0.3527469639903539,0.23630865551793945,0.37423571817760654,0.2515348365128097,0.33665576760314636,0.39203647023406335
2015-07-15,0.27305473051216683,0.24669618132723312,0.24876260849579696,0.40644071537950704,0.3141372675056617,0.21157785658099623,0.22238284555988677,0.41235650932927503,0.3510223810724006,0.3048861762845225,0.22838763318184738,0.36265606300470676,0.25051316016153835,0.33535794237413685,0.3828235149273022
2015-07-16,0.2846743734666045,0.24700507012750506,0.21743091387780877,0.4104311340381466,0.3102577545338407,0.21225268480705153,0.2238708066228942,0.4130448606196841,0.35074750225177936,0.30408200725260676,0.2213866989927343,0.3572234583925235,0.2505615439785614,0.3345371415065546,0.38199040461997624
2015-07-17,0.2850875365533414,0.24824774009842693,0.2151958894524561,0.41150174115073007,0.3092375866213572,0.20918526814057992,0.22574373710753778,0.4133625485506855,0.34311104451056834,0.29936851508227874,0.21969632511530734,0.3535623166575879,0.2505852321239369,0.31597646409096614,0.3829729291712609
2015-07-20,0.2846874773205106,0.21546091889223612,0.21164145372565094,0.40208601527148324,0.3030702098580359,0.20912813125593602,0.22293760046495817,0.41312014483361625,0.34249490288144374,0.29915289135671114,0.2189573851834971,0.3538633330313789,0.25094917906267483,0.3156805685732782,0.3875911555244755
2015-07-21,0.28422616371031006,0.31274554559052625,0.20969185700699913,0.40405342281633183,0.3081439999954019,0.2083294010707,0.22658480373537962,0.41311777696229446,0.33408458241313993,0.4281056929593237,0.2144787695591942,0.29763348047722454,0.2570742648387112,0.32047956321046495,0.37421493849252546
2015-07-22,0.28487688093653074,0.3121537942639258,0.2109751253723054,0.39614584575899964,0.30936446370219484,0.20591194784467476,0.22288623099335883,0.4137577336076979,0.33477160850164545,0.4352569254303414,0.21429864590898615,0.298210445728786,0.2545824693186649,0.32393739192176557,0.3667820073306532
2015-07-23,0.2852764056622605,0.31245765926844093,0.2087537801903707,0.3948419912918602,0.3093438280640866,0.20633858960745532,0.21565261817604633,0.406996524599049,0.33208233858569725,0.4337251949640023,0.2152049677385113,0.2983106344149782,0.24633746407280804,0.32407449058472226,0.35482403019967257
2015-07-24,0.2854233708820907,0.31243073455265896,0.2235079304227327,0.3976240118074992,0.30909797700132235,0.2058169860053507,0.21260193154088802,0.4070338991918364,0.3310719036522589,0.43426675249678154,0.2095064436984136,0.29310514123465015,0.24342955421178494,0.3222317858044899,0.360361607807767
2015-07-27,0.28699122777713,0.31185390121493495,0.22433870927406066,0.3986742573688666,0.2700786052637884,0.2102686089423268,0.20725870615813113,0.40816058960801416,0.3301209687869582,0.4345058847284177,0.2068566267404837,0.27337843190612576,0.24885130488259397,0.3373430392863366,0.35967606397821644
2015-07-28,0.2596856700002622,0.310003835365825,0.22487451180040763,0.39918498604536246,0.2532781394191972,0.2144935466256255,0.20589839144036373,0.408655746523095,0.3211577563734865,0.43365208022476864,0.21564065661331291,0.2772680951604583,0.25012966613988324,0.31620477791287527,0.3743702626453991
2015-07-29,0.23710471977749545,0.30892011027726707,0.2211670872258462,0.399363951695443,0.2407660086531653,0.2007091754558684,0.20537614305296073,0.40879516141474337,0.30697309005233314,0.43253473117826374,0.2143437237563629,0.2731315483952154,0.25231686807195464,0.3122020749965707,0.3872790306992346
2015-07-30,0.2287545676745246,0.31020341269876517,0.22062246233856042,0.3987399314057862,0.2372687825746434,0.19884090878685737,0.21923446416685718,0.41338474863980357,0.31153823938401737,0.43362645054945786,0.2343944883326665,0.2729918605342486,0.2518868780995066,0.3121425208963019,0.4225527382171846
2015-07-31,0.23558092971903033,0.31016418476691077,0.22211608957334478,0.398810333376991,0.23678179462690557,0.19904327866285046,0.22613792638359834,0.41337917878891645,0.3121606890322908,0.43318828484900995,0.244844471889002,0.2754199326737721,0.2511541302883422,0.31202443311792355,0.43017001835218677
2015-08-03,0.2358191466931753,0.3083190900520074,0.22211217592257262,0.39767217443881153,0.2354507688426802,0.19393166589502375,0.2284377749364033,0.4134416202845044,0.30670347877589227,0.4301619247740981,0.24631705161666895,0.2544314940433441,0.25091018683309435,0.3045403184642844,0.4286402162630429
2015-08-04,0.23353447622076995,0.30726307592045765,0.22357291416694977,0.40256896290425426,0.23422590837381257,0.18862802402130782,0.22822092631780597,0.41248933578219726,0.3062493986699933,0.4292847015394963,0.23890558407586254,0.2540973802080349,0.2513168000839837,0.2924244677819852,0.4224919777669878
2015-08-05,0.231064106040795,0.31170184055544925,0.22820848388782483,0.404128238366944,0.23611310114417444,0.18454393369840763,0.2274453383525291,0.4418649206656098,0.30721914273156997,0.43035116709142684,0.23890140347998715,0.2539517136684677,0.2469717278603063,0.2948397001383506,0.44134116677368346
2015-08-06,0.23368261082143585,0.31047660218578466,0.227450737877458,0.40847154248623985,0.2332831006109267,0.1846790634208793,0.2292763683821326,0.4521669623081171,0.30618990822732495,0.4301525605854215,0.24064311777927253,0.2663115929827885,0.24697090813121989,0.2906437642496285,0.4401867964405395
2015-08-07,0.23240614245086727,0.309767962231815,0.22770136698182025,0.4083383636674997,0.2509757184463972,0.18212526567228235,0.2293918730303511,0.44936440722765797,0.30749526430786206,0.43050886553595874,0.2400056901365128,0.2663070932611733,0.24592317496173047,0.2912150820664404,0.44240505723491763
2015-08-10,0.23067625382611118,0.30924762167367437,0.22794853778283744,0.4082363751609478,0.25537462233105157,0.1860068881895804,0.22670361937831662,0.45170841592669225,0.3127589400826754,0.4303721145645675,0.23029179582200734,0.2642216349605617,0.24457779788964826,0.29104735211433724,0.44268325049241275
2015-08-11,0.23011504271586128,0.31071420458396226,0.22610878941116436,0.40950195963380526,0.2565210986824607,0.1861572708844137,0.22674806662577235,0.45214755212690283,0.313038053493764,0.4303997989998874,0.23144623045270057,0.2658987353657022,0.24617274382808121,0.30651492044415607,0.446916605663718
2015-08-12,0.23632840554178253,0.31599412519007647,0.22605618827744975,0.40821534744411325,0.2561022335828276,0.19078991698401765,0.22770376277978796,0.45248547277266105,0.313246969422041,0.4344952771293952,0.23124719866133595,0.27890587286762286,0.24789570757737625,0.3068062020253477,0.4466026607402946
2015-08-13,0.23596591800385772,0.3165795634139383,0.2274003392564927,0.4053318690232348,0.25448804517971874,0.19009091244025303,0.22600461483819476,0.4534912361309812,0.3087977972581934,0.43422991117382154,0.23125432716486413,0.28146563459865537,0.2543463341928824,0.31344609709937316,0.47670571822958724
2015-08-14,0.24865572000870378,0.31717371795503607,0.2272960899996008,0.4036914760710939,0.2520827933978655,0.19238944902123462,0.2260413440022811,0.45337552323729347,0.2898063971130358,0.4338331773634316,0.23222030715855102,0.2817829076495007,0.2601786168355191,0.31686549477097764,0.6084682386502945
2015-08-17,0.24790326499162796,0.31574013598569656,0.22715212525562833,0.40028415360863245,0.25102160335270673,0.19328125057235962,0.2123740599073388,0.45498262876079654,0.28754533674081384,0.43441140408341566,0.23301797881029102,0.2785118836531698,0.26013511029731845,0.3259728324190279,0.610925269997906
2015-08-18,0.25152896573294975,0.3172538845707544,0.22707513539916813,0.40201752196282875,0.24891969441045272,0.19192906620131,0.21198725670964239,0.4537278536091611,0.28752168779350457,0.4356220314318239,0.23133812063504924,0.27362670197870576,0.26121089238381795,0.330350226476544,0.6062189846896358
2015-08-19,0.25200143520707524,0.31411439976509375,0.2306978148514158,0.2750793858421049,0.23939801645930628,0.19065092182115223,0.2110593253416379,0.44674135702696344,0.2851327050230025,0.44322906975966614,0.23112408929411418,0.27424659167854515,0.25796089131529126,0.32992226208740777,0.6054912592290321
2015-08-20,0.2556883010636774,0.3206032034600133,0.23263976391079316,0.274661813471946,0.24063134124696603,0.19047649266705435,0.22449603913879435,0.44726350921218894,0.2845038589941271,0.4415404908387589,0.2288970939207506,0.28073372500107313,0.25678819624937615,0.3350530799765917,0.6158188342867014
2015-08-21,0.2529742051428165,0.32140896386289414,0.2313468336598785,0.27292398911375093,0.23993307233678135,0.19181214556008705,0.2219004790928707,0.43918398859442276,0.26911828225579626,0.44087090055608325,0.2310726855409573,0.28611593673618174,0.2338785758111659,0.3345212639069573,0.624102544699033
2015-08-24,0.27992130188005204,0.33849908630255954,0.2578619327432876,0.30861398534185486,0.323152529948878,0.2295918568487181,0.22956592710320448,0.43890993077407287,0.30062278998473196,0.4112285831450493,0.25322469305674367,0.2964215971485923,0.25719628834350194,0.42280831819912396,0.6976821241346061
2015-08-25,0.27687792540667583,0.3361248799845972,0.25241446395567374,0.30911081667176354,0.3251248028332253,0.24133915398724604,0.2137559811368187,0.4391559969791661,0.29676435634791243,0.40915173704105984,0.2508398376828363,0.29745492956352554,0.25692875033985857,0.43015715019067036,0.7674051424446734
2015-08-26,0.2788019187098961,0.3387693638721767,0.2546855556973557,0.3191897430172104,0.3202422156335115,0.24168201383850027,0.20776334817169279,0.39915477333222665,0.30550505553052887,0.4088270578842667,0.25022668483325955,0.30061272411522794,0.2606489557633211,0.43079305559520165,0.7664219680156628
2015-08-27,0.28784006147837143,0.3402812943584073,0.2533477329347574,0.32096339724967304,0.3239703227590942,0.24111494000033148,0.212668925381383,0.39441494193021204,0.3036616417452034,0.413103638053296,0.2516307709464349,0.3098018714740855,0.26612418287299816,0.44325955586687693,0.7699613994591138
2015-08-28,0.2877111048429268,0.3433355489746575,0.25709552213089,0.32092722247080036,0.3439414731489918,0.24007199712178087,0.21215582668699015,0.3947059601502535,0.2876347416772014,0.41317673284555007,0.25204462992569304,0.3144411178616106,0.2827136924249544,0.44345395706414753,0.7660962789542213
2015-08-31,0.28805224645798133,0.3447587249348922,0.2586455676405315,0.32080782763433824,0.3451440135364952,0.2393135719437993,0.21262239706200411,0.36665674536712517,0.2846302301694634,0.411264412449126,0.25707796779080816,0.31381014057664935,0.2851192260545812,0.4412213668315977,0.7689789745010311
2015-09-01,0.30992310352817265,0.3448350997407681,0.2564929367939476,0.3188709663489059,0.3461789776352059,0.23950404895435326,0.2202662885946811,0.33699402039205717,0.28193150828724145,0.40809666097137004,0.2522509490521496,0.30979564949603133,0.28885725689539915,0.4466701528419636,0.7749656306186482
2015-09-02,0.31015049393970884,0.34373755728293137,0.24901298444789086,0.3274464053739474,0.3512658164981154,0.24583807723577025,0.22208325837516296,0.3363372019973708,0.2845961316924246,0.408320399444874,0.25357900030568803,0.3052925314394383,0.2859425379640721,0.4481168496749867,0.778259556940017
2015-09-03,0.30598701243969945,0.34213102784223626,0.2456142702393126,0.3278651459410769,0.3536525528079665,0.24808244370330002,0.22002509821029417,0.3364636182777607,0.2848372315621206,0.40842780347080415,0.2501997390466379,0.3051989322705958,0.28669874028726994,0.458400585352822,0.7997439682281619
2015-09-04,0.30927034156586,0.3449433475474702,0.2481811874890999,0.32980417748308655,0.3543895240198641,0.2529719394728902,0.22105222568538307,0.3357428783724676,0.28545208027030416,0.41342618207589227,0.2641331432693596,0.29730028301733674,0.2865174195326747,0.46709496940179446,0.8029031983442128
2015-09-07,0.3081291181854759,0.3447828106449091,0.24803684603303924,0.33143183247468977,0.35325857944049066,0.2545715334566956,0.22252243505862626,0.3326927102254429,0.2931596726294816,0.412468914597003,0.271070177818589,0.30921495667165255,0.2867564675297874,0.4674934763986195,0.806550193194796
2015-09-08,0.3158508114071923,0.3444224079250781,0.2514169231228472,0.3313061379584222,0.35582498874844415,0.2555066136755991,0.22258550978623906,0.32910067711200647,0.2959212063436005,0.41288442197545205,0.2697970611010044,0.32045436157504853,0.28677614532404516,0.4855076403773081,0.8176350135906923
2015-09-09,0.31935082268017106,0.3486827478816306,0.25069149175357147,0.33151477892422193,0.355543530313951,0.2826527430851641,0.2223481252980932,0.32981864405429906,0.2743752506276793,0.41304212028891796,0.26925576261459966,0.3252262954875187,0.2868091170996507,0.48980747565005894,0.8181607843663561
2015-09-10,0.31863027251305226,0.3490653149321709,0.25056144561763494,0.3301542430511385,0.351759323733426,0.2837079012935549,0.2224757426751667,0.31865213833293643,0.2685431126695286,0.4119925108528087,0.27209670323969043,0.3354599114621905,0.2861637667254199,0.4899515463648173,0.8173753086928505
2015-09-11,0.31707291106715135,0.34903557394317775,0.25110097030009865,0.33169710167622646,0.34866901855198973,0.2838694732883412,0.2215883171356403,0.31123603676096423,0.2751617462508538,0.41152854118378784,0.2724994166386365,0.32457004555610497,0.282907505006908,0.49287572713485606,0.8172422106492989
2015-09-14,0.3172521975363304,0.34480625714199253,0.25510866884828287,0.3305061643915788,0.34934699321963003,0.30422090032254423,0.21869408847884628,0.3118223949004597,0.2702662086727183,0.4115360990763153,0.27197652367404723,0.3166490038436542,0.2828783246022104,0.4981476196028747,0.8035367095816314
2015-09-15,0.31563341180116267,0.3410932966578001,0.254859481910652,0.3357508579324414,0.34914073414411984,0.3025920708957442,0.2181073328618142,0.3071730281507652,0.27311516637013333,0.4121418032212413,0.2735329240361699,0.31430595052346333,0.28105444418265046,0.5085772332465743,0.8049488852692082
2015-09-16,0.31559755864910355,0.3407737294780518,0.2553992792290996,0.33449249971744316,0.3498011453581013,0.30116999338576217,0.2204067592996037,0.3053181331938756,0.2743645331061099,0.41372357433715573,0.2733149948055148,0.3179338398008078,0.28587427877977745,0.506939974607505,0.8029641182691846
2015-09-18,0.3183019442600368,0.3404984571639326,0.2532310853587973,0.3351414434997511,0.3598789001448755,0.3011081625359434,0.22192215400170753,0.3029508745804653,0.27467706972232553,0.41543897568632915,0.27227738783348204,0.320964415626245,0.28569305223686187,0.5071069945048323,0.8015735946745715
2015-09-21,0.31723779095631305,0.3394511153100404,0.25233166973469207,0.3338866223597625,0.3597899168931277,0.2992173102770064,0.2213316950588489,0.3009717046991943,0.2725255842246341,0.4156787832373639,0.27305963812704026,0.32099802566239605,0.2840894387554166,0.5067626824970343,0.8013970206163559
2015-09-22,0.32431599730916855,0.33763912529471296,0.25117223023309676,0.2973703428712397,0.36053466164900316,0.31271953531296043,0.22143768399482933,0.298758790730028,0.27876836769343877,0.4132969533104103,0.2735354449870404,0.3182487303655419,0.2871541384875459,0.5091680430887228,0.8013998451206777
2015-09-23,0.3274158045077427,0.33743742239687546,0.25085596674828003,0.2961444687732075,0.3613170381186569,0.3126905100831784,0.22027858516942503,0.28407704222656305,0.27535071686586277,0.40924399072188955,0.2729221704245075,0.31438728913047503,0.2862243348283605,0.5050996120351593,0.8021307047703993
2015-09-24,0.3257227334812732,0.33906352858678557,0.2532099269033336,0.2967763943176371,0.36595555861730883,0.31283222384850934,0.22387687923987212,0.27589821364437545,0.27414884188081606,0.4094095556427052,0.2732884495646914,0.3188799217190861,0.2856653807308145,0.5064713758487043,0.8022754045322427
2015-09-28,0.32532583690814626,0.3449938763435706,0.2559115847068885,0.29503698843718873,0.36581423773894184,0.3131372187774218,0.22479500544815478,0.274014204462147,0.2747778987538095,0.4157407030159101,0.29384476412977656,0.3184721110748623,0.28219720639986773,0.5085254296470071,0.8032462690030034
2015-09-29,0.32732074646829024,0.3459656433638629,0.2553056732640394,0.29281736269453557,0.366451967666667,0.31256342421644023,0.2248775078275785,0.2731505169192496,0.276243405039164,0.4168718136962588,0.29934106995541904,0.3210640001188352,0.2824183216344777,0.5127244150479169,0.8062815148449807
2015-09-30,0.32647415680800623,0.3520811979838263,0.25708696798427705,0.2953956919421913,0.36827183902096433,0.3155265256367017,0.23042622398492332,0.279606659494488,0.285854227215788,0.41932770752428483,0.2933932484627564,0.32099724793251383,0.3017359816725758,0.5278618559294854,0.8067415438884007
2015-10-01,0.3262726147918703,0.352115406548542,0.2568872562445285,0.29479071950592883,0.36981252035662243,0.3114241733378542,0.23028680624414616,0.279712130424978,0.28677469312305937,0.4224304808193135,0.2948505472468858,0.3209889609431445,0.3022449983833644,0.527882352120497,0.8083726360385193
2015-10-05,0.32869065643129586,0.3477794503382769,0.25678533535947623,0.29510910313134736,0.3784268561529923,0.31883812292975516,0.22829656855605585,0.278214895484772,0.29203628973321677,0.4213023844104644,0.2960227704603242,0.32392135078044376,0.3061447840188853,0.535424767227586,0.8066241848267389
2015-10-06,0.328848326297987,0.3485920229975303,0.2547390343949571,0.2960458373794589,0.383379438685225,0.31902990585531693,0.24151933252395533,0.2780855365117475,0.29220466646478294,0.42207975534690606,0.2973387697114949,0.3245730973324805,0.3060097630741221,0.535992236740682,0.8067011696205496
2015-10-07,0.3289752435807799,0.35146606100567823,0.25760252645034737,0.295935914937267,0.3931684432622754,0.3201233860463492,0.24242572718103286,0.2819108749863185,0.2926342445283917,0.4181745718513889,0.29831655979374955,0.3260554806724034,0.30098526404412923,0.5432539185196064,0.8062833152392078
2015-10-08,0.329010076900592,0.3509393095306461,0.25469175156244434,0.2965291292494334,0.392690174002524,0.31710872503432613,0.2463706884135912,0.2819546643512217,0.2929895909656322,0.41777574295915704,0.29849415177931804,0.3293805045524765,0.2996511097641646,0.5438055724798171,0.8062937912333071
2015-10-09,0.3295298032883391,0.3534770551042053,0.2540783267808104,0.2968127368597172,0.3959863969102746,0.31710872503432613,0.24679717020532094,0.28223939666846853,0.29433718351972016,0.4182633950397892,0.29869329363283553,0.32913714107848274,0.30273508209351835,0.5509486102158188,0.8058781692385582
2015-10-12,0.32961516428432364,0.3628740189775898,0.2522419817972812,0.2967331781015448,0.3957626547640229,0.3178193582632493,0.24744154000935992,0.287366011007303,0.29690369195249156,0.41884139182379776,0.3005267952293337,0.32858989456681365,0.303091559354393,0.5509350019958585,0.8078752289872998
2015-10-13,0.3183378773299252,0.36596960122164285,0.2520748431496973,0.29351660019156195,0.4020616026791863,0.3168712571770404,0.2469576080655003,0.289012684901867,0.2995993269775603,0.4186107371609697,0.29998973980736776,0.32860083257483,0.30325696681926906,0.5528450954719266,0.8076277907882109
2015-10-14,0.31784077033397956,0.3653303271082237,0.2508922973041331,0.29557411908789205,0.40207582632006816,0.31750411493788155,0.24564495955504503,0.2891060439559631,0.30143490953077334,0.4183774589060434,0.3005514385591811,0.32863903656218285,0.3032270824942215,0.5530686575081146,0.8088397209671229
2015-10-15,0.31760777626569103,0.36532081080212,0.25053341614756575,0.2957646602314636,0.40461322156742585,0.31771240386439337,0.2469282129279081,0.28909348817244557,0.3014862217585521,0.4185326374985385,0.29948031309087264,0.32823886013036835,0.30441706989652856,0.5562333692110237,0.8015104838504218
2015-10-16,0.3156220036774065,0.2856680888256539,0.24890262098299162,0.2940245275322617,0.399379897469295,0.31926007051501076,0.24204133675243875,0.31073672409471875,0.3029453641371455,0.2786277866040422,0.29751981960451945,0.32807891799168604,0.29286606851831276,0.5528614963185152,0.8071443184695403
2015-10-19,0.3145644877712039,0.2868450506800892,0.24726034551940904,0.2946302889807899,0.40101624111251305,0.31787256674890396,0.242177695299505,0.31014878157478687,0.3050697022502015,0.2711752895364015,0.2992954490430039,0.3273246843930513,0.3056798201735843,0.5522933396259307,0.8088670720535908
2015-10-20,0.3140688195331924,0.2877100152049535,0.24754649675984225,0.2947473105309646,0.40249416363960283,0.31781236304886457,0.2428242975194824,0.309624034380892,0.3049938092476043,0.2708440569447113,0.2981855151046179,0.32771151770384027,0.3047086736015062,0.5553952568606048,0.8089473336627936
2015-10-21,0.31388250049809546,0.2876758084664689,0.2358475020454469,0.2938033423612848,0.40251104039356217,0.31957736217535504,0.24275165737771845,0.31048673782939296,0.3040694405408527,0.2717592835732433,0.30696390995083606,0.33028957380151514,0.31045746085625997,0.5552689823252877,0.8048090785504036
2015-10-23,0.31427336097661107,0.2846920688798022,0.2379269753558153,0.2920091000984996,0.39572611229306837,0.3174834392353045,0.24750784757997235,0.30431258785369364,0.3036667592925745,0.2699849753052026,0.3053736993087781,0.3305355218662365,0.30892813218115467,0.5442373524568698,0.8032141667542254
2015-10-26,0.3112545370587701,0.28457752452816965,0.2371842610567207,0.29177291689309265,0.39560133296166833,0.3144750507285657,0.24787469322569897,0.30343209099125007,0.30397007532144715,0.26980663138075545,0.29933914138462203,0.3280453995417747,0.3089731539405661,0.544887696042226,0.7929973257808567
2015-10-27,0.31118292578941276,0.2817455216136778,0.23627916134729415,0.2921419990543627,0.40128475143283926,0.31361956103835253,0.24225454503305532,0.30329138222558116,0.3042395097280802,0.27238413083177404,0.29870249263557597,0.33360082005102243,0.30598816199673046,0.545712292576166,0.7849639334692576
2015-10-28,0.31245183055203607,0.27992275965674274,0.23618885971806672,0.29475247252190667,0.40261937718700647,0.3174652060643534,0.23013436973742776,0.2975596071342488,0.2970936055480913,0.26980694956055684,0.2805618090700248,0.3376554068367671,0.3083421340527501,0.5454004377157046,0.7713215264974214
2015-10-29,0.3073492921703744,0.2802727491503206,0.23488182525561777,0.2938561307698207,0.40235620870094774,0.31810365507978094,0.22409348584966227,0.2978446137629755,0.29139971321071645,0.27485486303987666,0.272662693202646,0.336349600860063,0.3082516055556211,0.5452827481670828,0.7681206405656184
2015-10-30,0.31579414463436245,0.28097599677963986,0.23497322057755954,0.294938945468419,0.40333311355052404,0.32767395827347795,0.23999636998647206,0.30010415324479683,0.2923074280418332,0.275120336039375,0.2720322447280215,0.33516764404993127,0.30980548781377454,0.5453128613702694,0.7713571882847857
2015-11-02,0.31581104097369367,0.27766635141200185,0.2318393020417589,0.29309241535809294,0.3999033317003037,0.3276773759565582,0.2402090744950491,0.30196355914806977,0.2927995866882156,0.2812450149804381,0.2720069345341613,0.33805164997215553,0.3092197270436055,0.544669497913257,0.772085977648322
2015-11-03,0.31596447350746415,0.2733342436653974,0.22486387906268948,0.29138619077864575,0.39984714257233916,0.33005171211244155,0.24042987362466195,0.25654971361441437,0.2925777274528059,0.2799417100846085,0.2722197341621728,0.33811637870381817,0.30818622259693196,0.5429656321196408,0.7624322949142802
2015-11-04,0.31418794913370157,0.27392392237465646,0.22449283105246562,0.28913899932791054,0.3999665981084853,0.3299437713672294,0.23784229742220012,0.23470191948011487,0.2923565208810036,0.2825887244864484,0.2699477051862976,0.32791432848300317,0.30811306999229526,0.5429090732254256,0.7632842413642109
2015-11-05,0.32113467844892335,0.2748709047714763,0.2244495729012796,0.2907534618195653,0.3890262978884361,0.3286327077334309,0.23761828173124425,0.23526052515334012,0.28947503933556207,0.29566970940874876,0.2722550064743119,0.3293001255523108,0.31240914574379636,0.549349945689522,0.7687805013769134
2015-11-06,0.32169420335854054,0.27542136666447875,0.22349847062600411,0.2903435637377549,0.38536910093057974,0.3262571113895152,0.2364027542098872,0.23008611694732325,0.2819178615737828,0.2961025743733738,0.4041049178714618,0.3290142441744721,0.31321110203428487,0.5510187294024836,0.7687293087666778
2015-11-09,0.32192100437960086,0.272297810592002,0.2260767092241395,0.28792950348386,0.3840559914120429,0.3276883715642059,0.23822836762042524,0.22976113044847743,0.28486421350774815,0.3184847710153698,0.4096812881387718,0.32968199889486266,0.3130304727557858,0.5403753737211361,0.7702799677741945
2015-11-10,0.320060893955433,0.27030110227667675,0.2224502652499819,0.281752717922687,0.38964060087210073,0.3265237811687788,0.24042968635318876,0.22858158094198003,0.28486281692954346,0.31847638695946184,0.41908292154656346,0.3260731676210636,0.3124134225616274,0.5411483775998615,0.775812411214191
2015-11-13,0.3281197151854879,0.26914431971954095,0.22188958745908843,0.2814841974878915,0.3948675442104303,0.3266521182213675,0.24449911155528084,0.22710741010974428,0.29500963372178657,0.31781867509779693,0.42110897875543324,0.32595045209433127,0.30799275458845893,0.5281768751044872,0.7579629651734362
2015-11-16,0.3192361342149982,0.27134741991919514,0.22149750734171905,0.28139558395118486,0.39506522178395015,0.3255232745383814,0.24962158833693157,0.22714006511113385,0.2965236758203128,0.31392026991652944,0.4284431749024867,0.32910087686972445,0.30249570662512953,0.5321449428750152,0.6549327727434837
2015-11-17,0.31917437658333897,0.27325379804238575,0.22169278024356837,0.28304623308658633,0.3931564624721858,0.32462570344654385,0.2572074369267809,0.22565571225308653,0.29682269615146034,0.31640765947090593,0.4286679196245084,0.3343716526883031,0.30180818467906817,0.527329584276467,0.653289404814711
2015-11-18,0.3167820488161685,0.28085264853908,0.22116762988611274,0.28107562343379566,0.39271034179414965,0.3244353331525856,0.2568814457565744,0.22543302308021684,0.2964781218187028,0.3148540553718365,0.430230766140057,0.33394624194005684,0.30115616142736107,0.5304240368263622,0.6588504535967338
2015-11-19,0.31737286902291156,0.286215470832185,0.21559137644617318,0.2902739719849458,0.3933993582981836,0.323900214790927,0.2575700961974952,0.23401598426923628,0.3036456454429097,0.30136602111726785,0.4317677757419324,0.33290459124039756,0.30341244807031525,0.5308791624415617,0.6611112124045071
2015-11-20,0.31449691626137566,0.27790968327365423,0.21936961574948588,0.29026451661696007,0.39191997668357553,0.3238766560980954,0.2499127289334548,0.23513832393791226,0.3015373280113293,0.30257866026262553,0.4332578619562315,0.3286353630662115,0.303584845848941,0.5267767482590747,0.6529662865823963
2015-11-23,0.31330328017990744,0.276311685641753,0.21936159986206702,0.29029313718747213,0.39236051293237295,0.32130344059510196,0.25374633521876744,0.23497213119062524,0.3014411400046375,0.302813697153956,0.4349176171893003,0.32483823032522213,0.29897950441165483,0.5278352789035144,0.6453819303781013
2015-11-24,0.28914187462307506,0.2577149104437737,0.1887543115967006,0.25176789646821524,0.3194689310390731,0.2912338719837273,0.24484149827826032,0.23600469759115078,0.2750359830394308,0.2884712637189656,0.42518610720455186,0.3166448022751525,0.2755140166730171,0.4518579991884396,0.5685827061253732
2015-11-26,0.28850779108376184,0.2584999043067094,0.18925653694989136,0.25317779868885687,0.31891329581954,0.28500225718523436,0.2480830275699325,0.23218029180017674,0.27591578484452994,0.3032625229769374,0.4555306903578941,0.3142696749859778,0.27554191722934424,0.4473164691338725,0.4802687760236299
2015-11-27,0.28776421720633727,0.25682012383280484,0.1859461634276048,0.24007115009204288,0.31428868730568343,0.28497561355479495,0.24756020271647025,0.23122135848164155,0.2683536639188937,0.3016496693400718,0.45539021938057483,0.3113546616400303,0.2701134368746863,0.4477769798643483,0.47943028321049613
2015-11-30,0.2792310515709692,0.25776686466405874,0.18595055711333439,0.2352061340128754,0.3108920345300711,0.2862818602995307,0.24265756422991833,0.23318081260733833,0.2648277736760554,0.29309374541707606,0.4535626268430204,0.30236372183523297,0.269689701481871,0.43684443179134425,0.47457930620633726
2015-12-01,0.27931407206404424,0.25267437080303207,0.18538770327009685,0.23695817126232002,0.2874555706441591,0.2846625711597118,0.24258972032914314,0.23266981382791074,0.26639491265093534,0.29170547417279025,0.45856717100020133,0.29575804685765233,0.2625340681686909,0.4428000336406193,0.4756355024683161
2015-12-02,0.2803428076013289,0.25319926090858297,0.18375240020969139,0.23706654948688816,0.2850555912732416,0.2846056822797515,0.24272698390504588,0.22801338613073116,0.26472465080536495,0.28984982375473645,0.4547138073266983,0.3015774085952084,0.25895265843292664,0.44448399522449994,0.46928013887886655
2015-12-03,0.25269104748846016,0.25306730265568583,0.18258193602427072,0.23684953685499818,0.2865413771998828,0.2835435266184777,0.2371582573757697,0.22785054787150602,0.26541063463396114,0.28961219124666115,0.45448581435693575,0.2993889181027146,0.2549192376399875,0.4372381525016494,0.4596591554789624
2015-12-04,0.2542163199418483,0.25275392132779056,0.17921177580478934,0.2186598874851725,0.27630279407000136,0.27999165223198297,0.24016323468028025,0.22663308764455403,0.26174542196791134,0.30169594224213775,0.4543290989887852,0.2993768070740849,0.2550560039942456,0.43644963365930506,0.45525431728016125
2015-12-07,0.2478533012835821,0.25279114000790975,0.17448181323800552,0.22031110473552126,0.2757383852028585,0.2761084570604877,0.27726112019897553,0.2239602581946072,0.26379376098760304,0.30844611884880924,0.45414271676662726,0.2986994956020335,0.25404589787933857,0.4271196897148885,0.40711291961513785
2015-12-08,0.23726430527877443,0.2484029231354249,0.17102805040407001,0.22258657101522347,0.28394422433018096,0.2698721826353162,0.27675681091319493,0.22478948430662968,0.2635011684744987,0.30284557612285956,0.4540056748279902,0.3001266013348929,0.25335140139113915,0.4223118438328985,0.4163999955073364
2015-12-09,0.23701589623924285,0.24874426670353322,0.17094674911786445,0.22034395106415977,0.28409630439960537,0.26702047811528773,0.2762215707983356,0.22587216131594362,0.2624201790727226,0.300360842479492,0.45324373384209554,0.28871752572314935,0.25647259216752105,0.42729655607314654,0.4102926434253137
2015-12-10,0.2294926888382743,0.2517234531373768,0.16558924719858006,0.22482694402751227,0.28305941260802164,0.2689540035812638,0.2772315059074247,0.22346347803106575,0.26458791976185597,0.29949028220146334,0.4526393847371909,0.2797238835277529,0.25683168721019367,0.4131831115101234,0.38579963460350936
2015-12-11,0.2275428942750994,0.2450617169762322,0.16533906963014175,0.2244447849444187,0.285940722547521,0.24480327777649785,0.2771058264664735,0.22830714177518915,0.27033216488883943,0.2993670933683333,0.4507456991026012,0.2740224490246519,0.25357500024778135,0.4077460778574379,0.38829006584896947
2015-12-14,0.22823065375464094,0.2467860386910983,0.161871377380602,0.22584815452090767,0.28488362234271064,0.24272326729624583,0.2770762973342461,0.2284149069360083,0.2724594670766266,0.3010670016630211,0.45163710817609426,0.26114169030009404,0.2535076409062071,0.40913660943004243,0.3877183357732721
2015-12-15,0.23045192336475137,0.24649262573519257,0.16266719304761573,0.24086952532212116,0.2878430182204571,0.24353354334464777,0.27760722144138383,0.22883797552532778,0.26738848953824257,0.30096456604982574,0.45063925929097154,0.25491766573548025,0.2546352612485254,0.40413304953885526,0.3882804681213894
2015-12-16,0.22706383696354,0.24837312026937552,0.15643322381195782,0.2412309099134576,0.2996275562757065,0.2210759735460178,0.278706750261841,0.22799167818928875,0.26996740427858645,0.3010413663882658,0.45030066902471183,0.25577275259171073,0.2639080355894537,0.396762643344814,0.399004529028118
2015-12-17,0.22719226595811784,0.24921942333129832,0.15651409007288414,0.2352573713858946,0.3000992837457839,0.22252397380646652,0.27796425207551734,0.2286234412333075,0.2731886449903021,0.3041210568840206,0.4504387108571208,0.2648738221082076,0.263947643310738,0.39295899584809973,0.3969611898268259
2015-12-18,0.2272615303209066,0.2532344067828135,0.15258171491860695,0.23626814120043607,0.3002348012195802,0.2220999045689621,0.27688408161313416,0.23835629646566206,0.27036569318100373,0.30102706669262697,0.45062823048084777,0.2618757157242806,0.2591543042917093,0.3930814495283695,0.39650766914810276
2015-12-21,0.2218376725916186,0.25609020675178434,0.14674277481700707,0.22641884561568248,0.2974797603365206,0.2213220994162263,0.28224201869305326,0.23304566035209986,0.27294592262424405,0.3105472248292044,0.45183325482877906,0.25702048088405205,0.2593757554648611,0.3926319601424116,0.39472673333497826
2015-12-22,0.2220254494367261,0.2587687240153891,0.14671736704412375,0.22516708503141325,0.2974760745620599,0.22138217598275975,0.28406129175633316,0.23352979871423682,0.27352689114603657,0.3120709790171941,0.45155143891954136,0.256742667805162,0.2589169635193113,0.3923539015308939,0.39619836407450415
2015-12-23,0.2098641862465244,0.26074634070062774,0.14603542929674634,0.22280040803011278,0.2982368180823727,0.19959099873121317,0.28375041047025523,0.23421283633402282,0.26598076934981885,0.3213259675540761,0.4521790339493689,0.25814186655760274,0.26146516377143153,0.3904035176065167,0.39643548874896306
2015-12-24,0.20428087475153622,0.2603827009450146,0.14528508323463796,0.22277456082308025,0.2981582962075019,0.1995826835435334,0.2829492647310327,0.23276720859744374,0.26593954238178796,0.32132738236994984,0.4520544104228107,0.25814469759574765,0.26188960556374014,0.3907035881785695,0.3951396147174446
2015-12-28,0.20437763831293332,0.2569237034410796,0.13923745553278075,0.21853224044469255,0.2921159029443895,0.20933782682286523,0.2803305251040568,0.23309772862972877,0.2659813160338597,0.3263299607561795,0.45899606273471466,0.25161759462496314,0.26334121484891404,0.39390207965203944,0.3954563090406382
2015-12-29,0.19946259962346455,0.24897016561110927,0.13586239295377614,0.21711649385257414,0.2911425726078722,0.2079583107537267,0.27962619909599484,0.23349179398345934,0.27001303576378444,0.3188485475262436,0.4420982981991197,0.25251850463270814,0.262018752865604,0.38874583151252223,0.39255580012029534
2015-12-30,0.19722947304127408,0.24948442013664973,0.13657319584938005,0.21872720774986024,0.2910124110013107,0.2079764267091733,0.2797248543205488,0.23321940358447285,0.26780033911320267,0.31750297707017167,0.44036983471339564,0.24665860672312415,0.2604044406201697,0.37962670012237465,0.3832826964764011
2015-12-31,0.1987461772335194,0.2409183130372614,0.1321573539220279,0.21437028866142147,0.290310507012269,0.2053468382528215,0.2746401328549241,0.22396282127634543,0.25635917981434403,0.31462591125453365,0.43754888413862436,0.2467133810126686,0.2459270857127729,0.36435440632815036,0.3827949628979501
2016-01-01,0.19755735199463312,0.23999684018778467,0.13226463986644657,0.21314134344200442,0.28930639326886665,0.20736017023691525,0.27464754628560223,0.2233239316459185,0.2552185968496886,0.30979002327691885,0.4353777798170657,0.246845793166883,0.24574891218517764,0.3651530236824982,0.3939954460552856
2016-01-04,0.20522790293139725,0.24398296450343201,0.1323841273051302,0.2115859473573774,0.2832257644513099,0.19799709760562317,0.27502520643705713,0.22537945762613198,0.2476975756861463,0.3116057044662414,0.43581210539881365,0.24229975876236284,0.255776307661676,0.3457012713544693,0.3972009858426011
2016-01-05,0.20519429079069146,0.23985866497755218,0.13238261094234297,0.21245732935297815,0.2790342067767087,0.19569398239997757,0.2616912923508808,0.22517811433365698,0.24601055721082787,0.3101138688015652,0.4341591208853083,0.24211205314190237,0.2558912233950402,0.370358090974631,0.3965492577337168
2016-01-06,0.2053457640987576,0.23716239318942275,0.12802147032681852,0.21284071108873015,0.26729394912434745,0.19418997447286065,0.26686415466621244,0.2217337163961112,0.2473260960232243,0.3078589036194477,0.43395950655946436,0.2413695432923036,0.25360524450492083,0.3650744646672289,0.3972672245037656
2016-01-07,0.20734806711107626,0.23960327592843955,0.12908028352511836,0.21926527594377643,0.2828683369564867,0.19960670783324236,0.26502513537971895,0.22280265918013722,0.2488026460455731,0.30772943268474406,0.43402428919298486,0.25141138858688034,0.25357408036078916,0.39280526477424477,0.41981256370424763
2016-01-08,0.20684717437947486,0.23170354711282687,0.13092759399995874,0.22456145818511397,0.28041620603387735,0.2007871772469651,0.2650836379578857,0.22191188610714124,0.24922069317795864,0.3089004217387333,0.433852461717867,0.2515183684812173,0.2508914230850588,0.3841635628315096,0.43367132077248427
2016-01-11,0.20730808575622783,0.21902860282868855,0.14404250225438883,0.2312720770135546,0.2829304270681264,0.20184786208726077,0.2653680452509469,0.2238170885837971,0.24769332822891368,0.308773617910384,0.4353872240324081,0.259225820193812,0.2509535984998284,0.38451617692766976,0.43085561077439355
2016-01-12,0.20817657259960196,0.21521117881448995,0.15117366537916802,0.23128056790280718,0.276113781338023,0.2075403062228198,0.26443105903299763,0.22187024040192255,0.24578371645306393,0.3087005450349765,0.4342734186085535,0.2592329649160516,0.25239075483213924,0.3845489967409758,0.43226190997505815
2016-01-13,0.20809120125612512,0.22518765432672797,0.151190819071896,0.22708843385397626,0.27662033562597793,0.20606813708165536,0.264497317730509,0.22227872334966894,0.2421796873754272,0.30963435237589126,0.4343976310831524,0.25894855810265494,0.25560531253818447,0.38360488729347364,0.43002740679856133
2016-01-14,0.20878781823806555,0.24392062936166445,0.1500711020291204,0.2306802910359192,0.2728506425993592,0.20617009998023894,0.2625187868396315,0.22712420508068684,0.24218980784284344,0.309481054982226,0.4350339066759808,0.25961933648363583,0.2534511902097999,0.3847301310489038,0.43551064764530123
2016-01-15,0.20983800438980157,0.2438350782103876,0.15019360063630632,0.23234115281307433,0.2722263547138288,0.2282028849558037,0.26317887557292885,0.19272404826205308,0.2402569805124088,0.30946319928090427,0.4337632872908717,0.2601984693897034,0.25375739443361894,0.39186416504041605,0.4409638109237592
2016-01-18,0.21139824696210455,0.2423752959857967,0.15113198964369354,0.23215363518652601,0.27213511318528527,0.2301555505782293,0.26301922424928414,0.19970310871924896,0.24320168019355373,0.3068780658687194,0.4318960659750114,0.2602559247114113,0.24030792728368752,0.3944833645902253,0.43985477992594424
2016-01-19,0.2109390529313927,0.24142647238147047,0.15099625882196743,0.23132228402998817,0.27302007468201756,0.23008795292271084,0.2628676574605182,0.19874201064353583,0.2438460849176123,0.3081084625634527,0.43395612670364964,0.2745877934659613,0.25165537113882713,0.3899151552466389,0.4400147062889354
2016-01-20,0.21170375081356066,0.2426900558210267,0.14916563157312826,0.23017398055870159,0.2758372932776636,0.23271686279345158,0.26455394395636955,0.19986467567364605,0.24616969750303747,0.30742610743286813,0.4305828572762856,0.28105444760788745,0.24424050664371783,0.39206383987490634,0.4447814720122379
2016-01-21,0.21007598396208146,0.24354531336703078,0.14878882074578256,0.23015601736137645,0.2783014242418801,0.22913655660721244,0.257348405095541,0.19688231185564598,0.24861613004279354,0.31090533374793083,0.4355424592603675,0.27923170301855715,0.2358633699651628,0.39318845219186604,0.44376237848971206
2016-01-22,0.22079122831933679,0.24351169541458734,0.14868649048552432,0.23180203522441942,0.2940402772469494,0.242389873975253,0.25811878857603243,0.19722665716598897,0.24780193817442095,0.31411614972634333,0.44802233353663173,0.28325105261105177,0.24238270708636117,0.4063794475311885,0.4501694364186342
2016-01-25,0.22084155592162322,0.243480502111905,0.14712095348232324,0.231443884697726,0.2891159057842096,0.2423875941413016,0.2582687221135275,0.1967181436975197,0.247765948586015,0.31429429949507726,0.44882469570411726,0.2780954718734487,0.24226125798314757,0.40927283603029185,0.44977091298534294
2016-01-27,0.21920276590691368,0.24338604721083576,0.1483012830876512,0.23158733207524512,0.2869724810010181,0.25113890802349537,0.25978520942847677,0.19727278058883055,0.25131073970617857,0.3164202125957942,0.4523944356025043,0.2763134349769959,0.23923662025572134,0.40967602911692064,0.4514555816148595
2016-01-28,0.220769483428556,0.24348261367069568,0.14906338272119565,0.23177702911764603,0.28750477382452433,0.24958374131779226,0.2615607388410342,0.19699940077792796,0.2522448007311884,0.31440814449654336,0.4492868417913099,0.2742904954610182,0.24202244721516153,0.41070541328485344,0.4489790125564908
2016-01-29,0.21758466121579687,0.2511582517530243,0.1603876920847741,0.22935171008570265,0.29275138561881087,0.23990140440465416,0.2464592403275902,0.19435492701052823,0.2509409637418082,0.32799541481216093,0.453837872392046,0.2883373297253218,0.24012390479402537,0.4123398158350677,0.44751115149630205
2016-02-01,0.21790135569997934,0.2513665139887517,0.1613800683273501,0.21948862662476348,0.29282352968393444,0.2423108353187147,0.24776628701771858,0.19081124922010412,0.26567165754166444,0.3231033086879618,0.4542092020228278,0.2870690291775461,0.24571871552127514,0.40702780959557733,0.4454807150917662
2016-02-02,0.21996484731025376,0.25015331527220397,0.1613808801185946,0.23776945595666926,0.30068234533299587,0.2552499845772204,0.2474109045511839,0.19039164997680103,0.26566966040825,0.33476157918894556,0.4533381632290491,0.301284149952701,0.24944365258913376,0.4325215983639797,0.44918721389263644
2016-02-03,0.22062407630419753,0.2516880513810504,0.16490974227977795,0.23323196771390317,0.3016538071743374,0.26809090179988,0.2477070598274033,0.19027218719392922,0.26727979806586416,0.3326425257079034,0.4535812005886834,0.3082632107423117,0.24970558977668805,0.43754105669732457,0.4468085351159328
2016-02-04,0.21206796491945976,0.25312856390271565,0.16494717572583567,0.23192140601303865,0.30992697842766803,0.27091227915066596,0.24749722886477066,0.1917302280513758,0.2683676685335691,0.3204928889691312,0.4530999627426485,0.3190927872000761,0.24607124799933644,0.42903255344260827,0.4375698926546988
2016-02-05,0.216413974580924,0.25193587799047784,0.16508128444147668,0.23370749381968473,0.30977656444011087,0.27107839841827597,0.24791252986645512,0.19270824226065683,0.2669428013152488,0.322980435078993,0.35405068758628544,0.3224885284723374,0.24639778225655148,0.4320002511616863,0.436126054719196
2016-02-08,0.22380245760541015,0.25547688378843575,0.16818964232728592,0.2342185907432713,0.31373159947961016,0.2706148893307249,0.25125925935600624,0.19210833083181927,0.26142966386784317,0.30396359227835085,0.3478585102090606,0.3204634467841674,0.2471018750711004,0.43170101062445354,0.4299037039343391
2016-02-09,0.21993676717449684,0.2610760621204998,0.17066045424396592,0.25111433089694185,0.3098960754092895,0.27237539754835816,0.24927043018016634,0.19197691427234062,0.26608818053894506,0.29787494485062904,0.341523158779809,0.31073636761021217,0.24650136908180423,0.4297527340340292,0.42069237707597257
2016-02-10,0.2101253429448751,0.26100614007202055,0.17091964495486786,0.25261912499946504,0.30568760930776195,0.27280860053926387,0.246798651889172,0.1964057614625842,0.25675774341726054,0.29727707368746464,0.3424115040743835,0.3078571660594922,0.24601766693065916,0.4278377820811277,0.4324945268114393
2016-02-11,0.2389283809559023,0.26409932367096595,0.17875608268141363,0.254674905745079,0.32046464458219126,0.2795434143851219,0.24942618505039968,0.1978989841131962,0.2610538182951431,0.3043616169028281,0.33332172353765205,0.30694590970417135,0.24607571244258555,0.4332218845152131,0.4766278909544618
2016-02-12,0.23976427488239274,0.26180431778681684,0.17844902228258383,0.25207715599955366,0.3335783952356455,0.28407726247247284,0.23974483540836333,0.2026072358956667,0.2633230666086193,0.3044907519080279,0.33226451152777586,0.30162023768104024,0.26858978405377015,0.43632790807073596,0.4752025630656875
2016-02-15,0.23988989333598418,0.2487074961267775,0.1818972417373725,0.2513545612423122,0.3431536156549614,0.28416335484246336,0.24153669679997686,0.20265130502660572,0.2737761966348143,0.30448206792975635,0.330262754748657,0.30514883103738216,0.27084465339392816,0.5105797313000385,0.5155999144667734
2016-02-16,0.2382516721024044,0.2440491908677186,0.18166388276940926,0.24077279424490566,0.34222837227675595,0.2879965482741318,0.24496284222184428,0.18872859549102589,0.26740092462989495,0.3081022533281342,0.32677347563764003,0.3061640121027929,0.2692472817439961,0.5104320251537775,0.5196000088501131
2016-02-17,0.23904161236380964,0.24633543700285623,0.17469752292266635,0.24393791009389398,0.3420534244951241,0.2880112339758012,0.2443664531298659,0.18830282817538135,0.2677940880314431,0.3106126541141271,0.33279850350318707,0.3057701979515106,0.2705951494650859,0.5128475080531448,0.5241607798724545
2016-02-18,0.24166685043955782,0.2505963496035733,0.18406790876095447,0.24291757187127921,0.3543919056429384,0.28769165756535203,0.2448823777954322,0.19470816679628358,0.27978091950115147,0.31035261030804795,0.3463170020645574,0.30490925225657967,0.2705943898174012,0.5100190331334803,0.525112750712044
2016-02-19,0.24133397704782,0.24913876100005658,0.18435928224824963,0.25033521868927794,0.35492154653157354,0.2885460062776079,0.24484638472104664,0.19395211930067058,0.27934951237485023,0.30872810743257895,0.3472146815094552,0.30302765328272724,0.2720263716232745,0.5101971125189838,0.5196511441050513
2016-02-22,0.24207482567567173,0.24840196708106932,0.18383003347622895,0.25158471065357074,0.35598380655029355,0.29061974093160925,0.24209027790354326,0.19650308420206433,0.28413714725198874,0.30044666089176075,0.3025810097580479,0.30279095058716754,0.27275571423734113,0.5095725569304825,0.5039660915505546
2016-02-23,0.24383012930357634,0.24724383825221571,0.18404432249930577,0.25042175665549926,0.3559344644843744,0.29503453490141607,0.2444792656645359,0.19760465471017197,0.28343549709095384,0.3022044726436341,0.30313282430968586,0.3027187200517377,0.2768607766079436,0.5092485149260393,0.5107402390171536
2016-02-24,0.24357548975762788,0.2439827760023829,0.18527316339582156,0.25153532869867956,0.35894602886616656,0.30563001559423186,0.24685717040619393,0.19590971219963738,0.28550955384080096,0.30357194339713295,0.30638558275745,0.30238080110509463,0.2736154863585452,0.5111333739039441,0.5088684932089829
2016-02-25,0.24609519115064332,0.24501813995268584,0.17956429439459368,0.248794165101969,0.3654632444667893,0.30410993781796153,0.2467932584179279,0.19646817028278268,0.2869346007698995,0.30667228030755583,0.2988667624077551,0.3017068784082832,0.2642674170861357,0.5057464474856362,0.5077647362843779
2016-02-26,0.24755317292694212,0.2429542766998982,0.17944033623760353,0.24930093115012816,0.365439544715179,0.30904858720142747,0.24883977749960834,0.19664323897440233,0.2878365317302921,0.30702343485135497,0.2975120224548301,0.2967045436776443,0.2659048527020894,0.5029902530213809,0.5185503249084297
2016-02-29,0.2524989224044621,0.2527335738149812,0.18257437640456997,0.24860833628284093,0.416644520801564,0.31059711737582685,0.2500226410054622,0.19998101042808988,0.28950028277445405,0.31023981092225494,0.29873370608795363,0.2980326355102656,0.265521191296383,0.501898036390882,0.5192156723321752
2016-03-01,0.25232984357840843,0.2635331548002671,0.1927846157338103,0.26429694945865767,0.41689314106758335,0.3129999083247768,0.32409327698561635,0.20093693886355046,0.2967553592497434,0.30236609268104137,0.29834917416610834,0.30123743936446495,0.267454888376958,0.5058526043281811,0.5631932677160054
2016-03-02,0.2580728307144749,0.26864501192101226,0.1917969075682137,0.2868254004426,0.41821596566969704,0.32009855790399167,0.2955908416399439,0.20074831677467117,0.2947576312153461,0.3003912643315361,0.2982650705322055,0.30110781289136496,0.2697148974488763,0.5116452242943548,0.6001292552015033
2016-03-03,0.2579955147096663,0.269267587290012,0.18956554604051223,0.2847642152075645,0.4128588747187871,0.3201549251252327,0.2956727331018648,0.20887608522782947,0.29513724226379984,0.30259543375594145,0.31176397627915237,0.3144205797953466,0.2726840294631758,0.5254716116914029,0.5906292139496319
2016-03-04,0.2587248724211651,0.266786328742185,0.19065466443797335,0.287761908637399,0.4144092438708837,0.32019788267221444,0.29583212948697013,0.21002831969663943,0.2894230535065455,0.30283522701299176,0.31049532708535527,0.3151566194837212,0.269932032262048,0.519616780511663,0.5912821275016725
2016-03-08,0.26121405304409423,0.2651390676939451,0.1915477713577035,0.2834086267982037,0.41371008838479695,0.31743450573625626,0.29661724050389937,0.21057436209429095,0.2862050250200177,0.3026344619914677,0.3114185321835686,0.31155374658248786,0.27001791073588355,0.5176872795908956,0.5912833874326834
2016-03-09,0.26119956372947384,0.26602379130771386,0.19184700947808575,0.2933545642222377,0.41335343815489906,0.3177501534033377,0.29662198074432683,0.20615870477525425,0.27969793472037213,0.30262879446842167,0.31071012883043836,0.31168869598026955,0.26954193428634005,0.5142894736081712,0.5880339712060413
2016-03-10,0.26091552797114276,0.272629412982591,0.19191081810012076,0.2920769463727032,0.41299715228557266,0.31777874912803666,0.29758422170330223,0.2062532143076604,0.27759346192046636,0.3016545341401468,0.31067661395389934,0.3107794411171566,0.26838775071929877,0.5135653346170679,0.5882504315183665
2016-03-11,0.2604295983217542,0.2723187593671258,0.19023730939288197,0.28101330354690945,0.4107224222869592,0.3174464666610699,0.2989519472775423,0.20600135084095922,0.2753000148069924,0.30152255009929796,0.3107236552954693,0.3108939181557672,0.2678480348137845,0.5140580248187359,0.587858345407561
2016-03-14,0.2596368152736684,0.2703524161671701,0.18987774239351882,0.286525135848329,0.403062194900512,0.3166566544018832,0.29889580551656175,0.20695055800312495,0.27124341196601975,0.30114783153187685,0.3109192889919084,0.31027922164218524,0.2587468428155059,0.5141564857964463,0.5810079301750826
2016-03-15,0.25830215097078907,0.2699752134416339,0.19194376379637754,0.2876650223597714,0.4028429262653204,0.3150361919358825,0.3037838392835354,0.2060949459656566,0.26571252264672357,0.30169760054000394,0.31785698818261177,0.3124894356237849,0.25873914949229737,0.5051509785751864,0.579475528116238
2016-03-16,0.26147856920338725,0.2677555356389376,0.1929977065880284,0.28824597998514395,0.40265687308318165,0.3150269706481079,0.3050723142110438,0.19449993847079508,0.26678448393970433,0.3005358670124011,0.31645841014121984,0.3109521913311909,0.25925235690811327,0.5049936316448719,0.5796774340153656
2016-03-17,0.26118776359799584,0.26564980419709233,0.19291165100332586,0.3037367341337034,0.40120539402115424,0.3150266294584882,0.29904778578553914,0.19830795964638773,0.264203081087467,0.28547794840383134,0.3163559931355973,0.3129765937690398,0.25932360279531597,0.5056676889440392,0.5795286783750627
2016-03-18,0.26168886962041465,0.2680488000799585,0.1984023553326854,0.3047543761389396,0.4019581788829644,0.31505070741952446,0.29639219355362967,0.20084323989772682,0.2638145106441678,0.2862544424131431,0.3175232922428452,0.31369590264027797,0.2597320409199599,0.5068776170852873,0.5795832400484492
2016-03-21,0.2618397436346944,0.26644936110543677,0.19930433579761037,0.3048363152154796,0.3998207072261753,0.3134239542964811,0.2992061418529019,0.20092033142982835,0.2665281671524597,0.2819634701138778,0.31725447258818085,0.31258671338065513,0.25922757377994915,0.5043700151394079,0.5785333885347673
2016-03-22,0.26201136673687353,0.26645431113050516,0.19975321358244766,0.30570403359965104,0.39962560514950646,0.31399231918005,0.30350458731176916,0.20143085099218763,0.26663585010925595,0.2825161396681289,0.32754961094332996,0.31249436317183465,0.25735219320630254,0.5054633225101148,0.5876012703215716
2016-03-23,0.2617467160842982,0.267600715844843,0.19942920149739274,0.3059891637448981,0.39547640667798284,0.3059264158718924,0.30317294594335387,0.20098156544610787,0.2672221783631035,0.2776842945554121,0.3187550334988888,0.31240279360448375,0.25697065532278757,0.5007993874729688,0.5875468780632715
2016-03-28,0.26368142001108513,0.2677071244430817,0.1992072607985415,0.3066196334821996,0.39548810219391217,0.30725575913403846,0.30327059665661776,0.20485724378287484,0.27135364378209753,0.29228692897069386,0.31858828462110733,0.31225059533130645,0.26121624329420745,0.5162042858396878,0.6008320625349889
2016-03-29,0.26358878993041657,0.26553149028677797,0.19832019726924224,0.30661181899603285,0.3956791818009454,0.30829341769406654,0.30347415317821047,0.20487110804406886,0.27289273636866423,0.2947333519601323,0.32447422075735605,0.3170816122420477,0.26202796146583396,0.516428788492676,0.6008426055623228
2016-03-30,0.26445031392580803,0.2637413423633545,0.20086649052689404,0.3075779333788781,0.3994724962120502,0.3109787878704241,0.3070631701468624,0.2129624166520261,0.2771440487801435,0.2970875735244719,0.3287535615419045,0.3177167763572757,0.2585004109801721,0.5328831688120516,0.6206477708971953
2016-03-31,0.263618243189667,0.26430853074743055,0.20055842383058678,0.3077943212560016,0.40071051589532103,0.31052594486253055,0.3071003846489506,0.23728549344361033,0.27962935970546204,0.2975826542034328,0.32904687976257896,0.31808297145504943,0.2591943400735665,0.5335138463858302,0.6129023635100341
2016-04-01,0.25649334384287953,0.26018079077713535,0.20070461443944418,0.3113834383871057,0.40206019421261174,0.3108693372136786,0.3104293757357774,0.23756222086639558,0.27957001855264,0.2948286715140216,0.32933579790523615,0.31951819603258746,0.26165464269514477,0.5337850117743542,0.6201291493126945
2016-04-04,0.2574293591754771,0.26683600474985375,0.20116721550350042,0.3124961933861522,0.4004875004955066,0.3112807948863038,0.3122904601203166,0.23811200246740571,0.27982454565676,0.29481920773864,0.32993693976007116,0.31843062595324506,0.27215367531745543,0.5171547033430406,0.6213682215752794
2016-04-05,0.26294088451892395,0.2702019550270244,0.20287653252968244,0.31379983427902014,0.39940718242473544,0.31777228005515573,0.30706903450902806,0.23805318918459636,0.27858819002793334,0.2962444012923821,0.3296323916840351,0.31812914019663485,0.29292018628105837,0.5181944897814268,0.6251610524488979
2016-04-06,0.26074816387834937,0.2696982260627951,0.20188381885951448,0.3116543809674956,0.388803127748186,0.31390937342313013,0.3047636172895136,0.23627263216097313,0.2818200254310145,0.2961784111963786,0.327531665582052,0.3074156246994564,0.2938681669731348,0.5048388176993581,0.6080152013552085
2016-04-07,0.2609789942008401,0.2715386981449215,0.20217575303847604,0.30949206404805607,0.38769760168482087,0.3127761870867403,0.3066526913956221,0.24328497876042351,0.280367877683401,0.2950645860780934,0.32810217295668587,0.30729474462523765,0.29453515190717433,0.5060352556478055,0.5998846960503694
2016-04-08,0.26052464666201325,0.2727119087801525,0.1902713707071815,0.30997649758806045,0.3859427621830435,0.32216523714226053,0.30646802081570595,0.23680234118148888,0.2801279946458833,0.29329046355557387,0.32336630942819783,0.3014942624587724,0.2945854198836513,0.5057824445344437,0.6058809449257788
2016-04-11,0.26006817892790896,0.2737263032866067,0.19475630389265006,0.3167261888134687,0.3846004982749954,0.3214183445302728,0.30868575050991565,0.2396299581330644,0.28044483353645755,0.2932246328986343,0.3233887799312719,0.3027270988075794,0.3030616295351768,0.5045999629606697,0.6048779162548312
2016-04-12,0.260652146870922,0.26670587655863137,0.19484130857980644,0.31722978490169335,0.3860897568636769,0.32156057245586717,0.3103309588348182,0.25666331384287155,0.2826967526229491,0.29285282591089284,0.32424838939497497,0.3027283805833335,0.299181483174063,0.5072994655545294,0.6054567696928941
2016-04-13,0.2641626039736189,0.25096236269225153,0.20187595411928344,0.3162581305745363,0.3866328761827291,0.322312767250803,0.3150996278901107,0.25399248122405627,0.2860777967958914,0.29333234638783395,0.32403449638965154,0.3022338942013983,0.2991647894721726,0.503110858410352,0.6004249382677735
2016-04-18,0.2642836644501417,0.2754533512391565,0.20181158087115775,0.31598958144009287,0.38905308258905297,0.30906580935585376,0.3150630525160877,0.2538072872266658,0.2927184439476076,0.2931176435020537,0.32389395625445977,0.3023140639218306,0.30129850862914964,0.4947130615947228,0.5881086210078467
2016-04-20,0.26320516562668383,0.27491576618751606,0.20557370945801362,0.31743825492789607,0.38692019979281284,0.308584016459264,0.3149851761220008,0.24852542039223793,0.28460151249863896,0.29408777560758154,0.3208005560253722,0.3037577290212803,0.2986333595089111,0.5074392112354986,0.5825187957131409
2016-04-21,0.26320322412869984,0.27654779792923984,0.25258753087436975,0.3182541534695631,0.38656807204312255,0.308559385831721,0.3168962771755407,0.24994422380232348,0.2867010023895994,0.2934341551032016,0.31995177056814256,0.29090202737091625,0.29182907598902297,0.5084271161197612,0.5830210214333403
2016-04-22,0.2645234951058994,0.27561246552550184,0.25263479389272525,0.3180662528204116,0.38509749012235317,0.3066317395370332,0.31613264100531585,0.24928514732692936,0.28465724166239237,0.29527030851429725,0.3180135495124189,0.2830698893971944,0.2931106791380487,0.5043693177061437,0.5756587453847622
2016-04-25,0.2647169805842564,0.27439811831523664,0.25172718715576087,0.319680035877922,0.38233700787567027,0.31064881062779953,0.3172588561290347,0.2503811650999608,0.28052829531794926,0.2921549177690424,0.3070451028617248,0.2872296631753602,0.2944598304451377,0.5066776509627552,0.5775382032126232
2016-04-26,0.26289225218195034,0.27548767070098445,0.2517941274005432,0.31872299529311365,0.3724702589492632,0.30071943801844736,0.3193954668963314,0.2512058465041635,0.28071509384696425,0.2895001364684726,0.29354661228308826,0.28233532647940013,0.28423026751025915,0.5008145547887208,0.578044096612515
2016-04-27,0.26482439558892457,0.2756767927008217,0.252484025900679,0.31923947651978934,0.37795832957696707,0.30074663193828827,0.32142620939163147,0.25175804875627533,0.28073237151382596,0.28579009384330567,0.29332878790487643,0.2810484352782596,0.29115455299938003,0.49926300665185464,0.577624771465941
2016-04-28,0.2661314438382966,0.2810084632409453,0.2530373084917854,0.3161608426762591,0.38064945304911535,0.2927601580965401,0.3278880106990029,0.25170557773564045,0.28012860871998124,0.285212945240194,0.29141557774238275,0.2781467638568052,0.29126566627114,0.503375253531237,0.5770566867187789
2016-04-29,0.2671753149274991,0.28042081075974684,0.2522542872009554,0.31708084581078416,0.3804144937654916,0.29451274073790845,0.32615532476441944,0.2600957422074597,0.28087435554692597,0.2843358574675511,0.29033645203875985,0.2767807717865643,0.29241492189004,0.5019423838557444,0.578311868868184
2016-05-02,0.26013532696577135,0.27370699204270343,0.2463018291364538,0.31917958942543695,0.37571183675481906,0.2936067955585818,0.3269611318920133,0.26018077118947885,0.28066094903168826,0.267091604599594,0.2877843616504234,0.25959695336618205,0.2946664634235849,0.5009058291228079,0.5781567242597827
2016-05-03,0.261942010392691,0.27638700285320306,0.24599822750083133,0.32159227291995846,0.3762478121114077,0.2933885255849571,0.32729033161390747,0.2665046911616351,0.26806950787028266,0.26900120281759093,0.28771701429544194,0.25700624951297224,0.2967438105109483,0.5006578687065244,0.5793529220005881
2016-05-04,0.26016317783885823,0.27700746305675594,0.2463488199069214,0.30718260449973595,0.3708067083127748,0.2804647125946871,0.3279901593592267,0.26718908824325893,0.26889789637660355,0.2554303638740839,0.28823854883308375,0.2438298612283656,0.2985796439939527,0.4922124178914911,0.585379680760342
2016-05-05,0.25772289184565755,0.2751573141775414,0.24442048525687265,0.3118163553850286,0.36930149719359806,0.2671603390205807,0.32938784756467554,0.26647900694352494,0.26768218058122495,0.2559926226939759,0.2870271194307102,0.23175641294010943,0.30134394136321696,0.4856462729061828,0.588067352255779
2016-05-06,0.2566160725550101,0.27316645466160794,0.24703952264298498,0.31280342268917505,0.3635431258070635,0.2627854661495068,0.32938669812461935,0.2661508334739837,0.26690313067832194,0.25639091755665067,0.2903267247750348,0.2221013498024243,0.3010951456759444,0.4865446737009041,0.5878679390821621
2016-05-09,0.25418340753660473,0.2746457841575665,0.24812659802271478,0.31275556996119364,0.3649618678853103,0.2661809964814715,0.33229738713641377,0.26772632711980704,0.2668715947885998,0.25028135130015433,0.2819997404685463,0.21616810754015658,0.30317552250598573,0.48326195146115253,0.5884213700980341
2016-05-10,0.2485328750071358,0.2720646837245256,0.24358968566965536,0.3125445713879225,0.36255885541724264,0.2676896062277395,0.3276011040420021,0.26771299340470694,0.2668769624274317,0.2450674133980332,0.28808586626499055,0.22230072310109866,0.30261165577772614,0.4834386037086866,0.5886578532659333
2016-05-11,0.2493359555492584,0.26087739473989857,0.2413303523124297,0.2986874020674901,0.36119122649766294,0.26494930157835195,0.32900866536119355,0.26930030560769924,0.26234672470349596,0.24085682979723236,0.28118021297016976,0.22363700013650403,0.3087810422083511,0.4834409955272092,0.5896257552303015
2016-05-12,0.24774491699681844,0.2610975514045351,0.24106690004839124,0.2975420330514457,0.35879978158873044,0.2640405197749711,0.3281517872010796,0.2675912400743384,0.26552631124380927,0.2416805792383476,0.2859335212025491,0.22286143016018983,0.3088352626134453,0.4833790609732005,0.5769366610605376
2016-05-13,0.222502379505546,0.25437612630918355,0.23480046019560813,0.2945280959551469,0.3454527830298894,0.25539057935871184,0.3202071973686098,0.3020001136777477,0.25618264889927417,0.23508605809520589,0.2885474045807197,0.2205697579058892,0.3114921861960355,0.47457271894136405,0.5432954493897032
2016-05-16,0.2221383151043311,0.2544333855147817,0.2348120390937324,0.295403040049752,0.33025701309142164,0.2518278180994494,0.3260405675468607,0.29753394988624604,0.25170035837854005,0.2311484324217016,0.29311072541412964,0.2217058086064256,0.2946381284411738,0.46812471367991154,0.5437221263701677
2016-05-17,0.22431692886948895,0.25431246252378414,0.23261268581446193,0.2959279134891902,0.33073346512770657,0.2564847074505913,0.3253613355812762,0.2988623587683663,0.2463375814004667,0.231091634448955,0.2931642235172786,0.21340197823250345,0.2924574100083546,0.38608191352783205,0.5079669661592758
2016-05-18,0.22336200255391434,0.25303973705775135,0.23262680411137726,0.29314369061025536,0.33269733748292096,0.2528870082551893,0.3199864984360618,0.2986922114973698,0.2453596142071584,0.22518864781853917,0.2931404835399122,0.21385481586530686,0.29121177132716525,0.38520364512718186,0.49871393554743376
2016-05-19,0.22340017921938,0.25124598972125534,0.23292922681339184,0.29191254379902914,0.33547448660942103,0.25325189840740114,0.323187805550423,0.30180329083038177,0.24513949962647436,0.21353124534162365,0.28356523447042276,0.2202804870020338,0.29314051248845646,0.383710689718415,0.500828235772102
2016-05-20,0.22193172681026824,0.24737754535298562,0.2262267209866449,0.2944619371681848,0.3248134430697501,0.25392151604790725,0.32281203100358086,0.30141735772540856,0.23818883504843447,0.21009416453143087,0.26560135513890487,0.2203497871187841,0.29370272053443414,0.3848527725794242,0.49890716903600946
2016-05-23,0.22120847912016267,0.24866322351233125,0.2254552208298424,0.29019395281332655,0.32785054815883063,0.2523168083912064,0.3375597243929457,0.3019618395585075,0.29535026639523776,0.21027717701821197,0.26396292786249553,0.22540820284285168,0.293053490031614,0.3904681689957587,0.49985789500703487
2016-05-24,0.22038308495428297,0.24865565507080983,0.2249505698313146,0.2870064373406996,0.3265988303315901,0.25110945390901185,0.33551429837480207,0.3012214239046522,0.2904435781586438,0.20683050936864955,0.2618316398446142,0.22545041107163388,0.2926205138295937,0.39085698051898143,0.5008846816473387
2016-05-25,0.2156449492406068,0.2508522856800059,0.2269873605275552,0.3502276271366721,0.32850642938075536,0.249013246340883,0.3346025009447545,0.3016966936345725,0.3003897879545655,0.20926608601050026,0.26188152486352606,0.22691542197596312,0.2902829609232477,0.3918924618860871,0.4906321057082825
2016-05-26,0.21947566607389046,0.2541009482701305,0.22580218416607856,0.35090273530187843,0.3295647744676438,0.23206048952454061,0.3319428525769221,0.30177267659603696,0.2982688830364023,0.20653406285894763,0.2591220380431245,0.22715881856153447,0.2899840231618427,0.3879694614067482,0.4961316661205083
2016-05-27,0.21641648300553598,0.2528192258204364,0.22579969186966412,0.3505221272470451,0.3241251156605031,0.23295747218697319,0.33247464441177615,0.30040410816986446,0.29449221953428845,0.2347092546210799,0.2591971175543412,0.2269750028861691,0.29000291088655805,0.3882919639786073,0.4930653539863265
2016-05-30,0.21525286299617893,0.25397571799358754,0.22597938198723708,0.35109205403176785,0.32414712532502815,0.23264561899744327,0.3325740690021124,0.3020764291485321,0.29448821207447196,0.23656127051680514,0.26140869482396417,0.23994668606797467,0.28905893065491106,0.3921611626414871,0.4896226253600952
2016-05-31,0.21099817731059312,0.2458070463477501,0.2229584792506888,0.3511691258851336,0.24708729912355656,0.2293443748144295,0.33391341164763155,0.3077051000289257,0.29417845173780655,0.26349638474115544,0.26008104470873367,0.23962649530445643,0.2899462456931923,0.3977703635193522,0.4906636097144721
2016-06-01,0.2101840834011817,0.23456546345111848,0.21754220948143338,0.3433898643232023,0.24516026231714128,0.2239066519685141,0.27178690040472,0.320843695452216,0.29059000969560655,0.2611983633676389,0.2598986098585229,0.24444982803740534,0.2957290770907265,0.3945476453511823,0.4499392692496707
2016-06-02,0.2034785327306353,0.22863226949465282,0.22349342477070144,0.32766208801242847,0.243466173381011,0.21539830263366977,0.26966181520009486,0.322969403541906,0.29133739582399326,0.25940045401448647,0.2598321800886591,0.24495035921598274,0.2942579450578261,0.3897677057171876,0.4059537058238819
2016-06-03,0.2117467352547554,0.2277654774413478,0.22318082506532105,0.32727163752172067,0.24289409171666484,0.21753969286698774,0.2708140656374206,0.3192633207836894,0.29214366479836223,0.2552003599813955,0.23205063766866257,0.23174827026052086,0.29546892545266246,0.36313887456914407,0.40598852703598853
2016-06-06,0.21143327613709967,0.22778716817986885,0.22316954128502514,0.3270028131522298,0.24080295006063596,0.21760951010551066,0.2697718189700081,0.32253295780024965,0.2920839157405358,0.2555268826469562,0.22821376844941813,0.23097245351320433,0.29954909104167793,0.3632563920643697,0.4055152526936684
2016-06-07,0.205235272461908,0.2279756642644501,0.22325103006796962,0.327095449485718,0.24135211593694378,0.21718732037784028,0.2707701409089904,0.32290072873146597,0.2913845320152859,0.25950976682550037,0.22733053032743444,0.23103344799926132,0.29931361677487506,0.36357682648629297,0.40611278315927607
2016-06-08,0.20760885697676135,0.22922645507123254,0.22358646184720948,0.3207857583695535,0.24043733564540978,0.21631547604588314,0.2707094875032773,0.3188901672401163,0.29161155981142384,0.2593116450114601,0.22760515477861218,0.2308841412565668,0.29939658755826215,0.36325559655440604,0.40628627742606105
2016-06-09,0.207755288910835,0.22969379003440232,0.22338333970794408,0.32091629733546745,0.24451301445389054,0.2190461208630322,0.27459301866183866,0.3191147973012808,0.2916743922228085,0.2595158892143255,0.23062947436031464,0.23426330519443592,0.2994508600411822,0.3632440184074518,0.4050275288665648
2016-06-10,0.20355071726426807,0.22992491602951956,0.22309368551058484,0.31829653278999964,0.24569549947019437,0.21866864662980126,0.2741121400417456,0.320018428720526,0.29232057051268534,0.2592142956719627,0.22989984885118575,0.23875778004459378,0.29943576727679716,0.36610216068549833,0.40706689109474686
2016-06-13,0.20223610360298652,0.2298735831302219,0.22357747869468933,0.3149791979047982,0.2486908427376422,0.2227138782323911,0.2735049555172929,0.3185007384023693,0.29465919138086716,0.2597411406790414,0.2299322996510671,0.2447288165954314,0.3032993542893887,0.3732428908854293,0.411332105868253
2016-06-14,0.20287267640331663,0.22976000009942757,0.22168949610459351,0.31131040713436847,0.2485659308928686,0.22294766493158608,0.2676009345351245,0.3172107613605364,0.2910612669867016,0.25754107003594773,0.22114823639369732,0.23218944571190614,0.30303947999876474,0.37264525840793034,0.4120732605162147
2016-06-15,0.20271411208001966,0.22896075409987368,0.22128374732039488,0.3116400063168805,0.2486596835282843,0.2355827820976111,0.2676385334748243,0.31860138393671805,0.2896744467638374,0.25713400528663216,0.2207929382822899,0.23205003724869153,0.30671229723820187,0.37372282239988,0.41201524556046376
2016-06-16,0.20571850180318815,0.22861170141081202,0.22149789508923792,0.30079143858240787,0.24293060569429173,0.23796856506611785,0.2694110915900021,0.317694691941405,0.28917709522392704,0.25676448285550807,0.22147124667839402,0.23030894567312657,0.3082388593679775,0.37260561579880935,0.4120070386243287
2016-06-17,0.20532765456118596,0.22208945784062264,0.2168784035908828,0.3001096569182756,0.24201242251620092,0.2379449332387586,0.27049459743666193,0.3169401361437809,0.29131450408095344,0.25708894057516246,0.22120733705533424,0.2299613499919728,0.3136282014578388,0.3721038853253028,0.41310048051319664
2016-06-20,0.205056266004665,0.22778389540961036,0.21681076551699957,0.30144169687417505,0.2431271373381197,0.23873039206638547,0.26815350736059823,0.3173337254121741,0.2890495651089185,0.2511499655916956,0.22438538005417527,0.22999965281637105,0.31166806092580507,0.3776927320260896,0.415768180933876
2016-06-21,0.20586093243347448,0.22764966916492055,0.21683373449367738,0.30261544661667966,0.24566467097467143,0.24212146535472356,0.26224343709854764,0.3175291851714602,0.29198133199386994,0.25003130371693083,0.20962795658620398,0.23031459042309682,0.3115123224457164,0.3760734385714036,0.40415842184005624
2016-06-22,0.20595301268130659,0.2259466453192864,0.2167164360438685,0.3020593437476607,0.2453045410013745,0.24127381111512045,0.2635543209696608,0.31818482090422573,0.29428103677373024,0.2503386757071488,0.2128399110901962,0.23025475827352887,0.3087132266120931,0.3733748744904388,0.40517763353490205
2016-06-23,0.20507680070057382,0.22678608127234612,0.21671912648810468,0.3010461247864953,0.24520049062640906,0.24596892005577733,0.26452278496432635,0.3176105819811351,0.2846672312876712,0.23787452462581604,0.21692269742531345,0.22906865017248879,0.30479218939486696,0.35333293661683385,0.38372954311298346
2016-06-24,0.20902877060592429,0.2283127557592759,0.21873563749502659,0.31476722835891413,0.2594529950190112,0.24349151344992884,0.2667552190256713,0.31759979034488917,0.2826694949654966,0.23524141627710624,0.2069983976737253,0.2221197778288043,0.30802832264109337,0.3769962073399225,0.3916507945261678
2016-06-27,0.2064596420466574,0.2330372911830274,0.21783467402667936,0.3143683562719367,0.25355054226572604,0.24074691985231048,0.2643440721787438,0.3145906948539951,0.2819786270111453,0.23670245774112467,0.20932077593645587,0.2208355641362217,0.3092325345696196,0.3508073277286219,0.3605069459599567
2016-06-28,0.20621839848150247,0.232291578174178,0.21856849146328106,0.31477604534427717,0.25136539014545023,0.2407395087171326,0.2690777039225393,0.2986687297852953,0.28384538399953724,0.23655187215520823,0.20952390014304254,0.22196032761265186,0.3106197155154015,0.3497158658601677,0.36133591097696816
2016-06-29,0.2074146931174201,0.23355933195524523,0.2234575083995486,0.3103405579514323,0.2481649120527957,0.2459654386331795,0.2659166721445283,0.2955567943491655,0.28421900352222634,0.23686275586552202,0.20553938466663407,0.21985456414424553,0.29671849036865255,0.34977987720641157,0.37805244950103056
2016-06-30,0.208099443478768,0.2241285254283135,0.22330528198566074,0.3088739728345973,0.24799342331116758,0.2509111041714488,0.26337807308477973,0.2955092408171928,0.2839251414754499,0.23749729950860263,0.2144167532705552,0.21967029230212712,0.2923111094440597,0.35363931007321936,0.384520846126118
2016-07-01,0.2017104288839512,0.2208167414809826,0.22176716431301377,0.3069323013057988,0.25994658194349207,0.23977636723806744,0.26638875688859753,0.29512047552361015,0.28562542959393783,0.2350050498219466,0.22169892020810172,0.2206383025663626,0.27095862922438324,0.351652312826969,0.3707175568305482
2016-07-04,0.20382873489039463,0.21945915619259648,0.22197061331871945,0.304662622019005,0.26696952839110555,0.23977316035149787,0.27447632081149764,0.2949424889335696,0.2821788697048112,0.23477071963518822,0.2242896126931094,0.2216447208150575,0.27121069489225336,0.33577763357487184,0.381506716434299
2016-07-05,0.20321785863121275,0.21744166183140312,0.2209105735096893,0.30213189042841115,0.2671440838642337,0.2452400114667975,0.27104858248481867,0.2898240609301533,0.28215259089129874,0.23494307390587255,0.22354110812760303,0.2215106669650552,0.2738943998591852,0.33457207944624123,0.382614739935881
2016-07-07,0.20347423452302352,0.21805770449888887,0.22166189232979674,0.3020084816492115,0.26954156995846595,0.23330415674543267,0.2719986154230759,0.28877725651029834,0.282689603534523,0.23520473579687637,0.22698936682016557,0.22089741062490387,0.2739185791484593,0.34889722496548276,0.3760442515388068
2016-07-08,0.20323182413224156,0.21568895192701182,0.21335514507969597,0.29634168393667465,0.2713505937976902,0.22945168466826607,0.27039158700970556,0.28815423960306774,0.2816280912297278,0.23469440750078008,0.22720795509220457,0.22010316313769587,0.2658761640426359,0.3439900543118558,0.3751412516413147
2016-07-11,0.20733755470814735,0.21773850105025783,0.21503260070519625,0.2958516850782775,0.26944123249001667,0.23397619969096667,0.26883246244516373,0.27301177533942733,0.2818854496082931,0.23622524137785175,0.22739252889222503,0.22040207626669017,0.2670453281743905,0.34608160843633035,0.3758216944602893
2016-07-12,0.20310873198446905,0.21707239935561293,0.2077684078297349,0.2946558066984265,0.26998175646593997,0.2331537168227953,0.2642181879060504,0.2735470855402607,0.2789934619665187,0.23528445263400713,0.22845542736351518,0.2217645976121576,0.26762802278387715,0.3552437334591094,0.37544215302411676
2016-07-13,0.20251279582861145,0.1857598192899456,0.20766515525795085,0.29398334736528375,0.26861529433314535,0.23151665783648848,0.2638497862316409,0.2775267267257779,0.27114678115267304,0.23507735810661032,0.22825347656731088,0.22160291422913403,0.2634922121325439,0.3664630524900729,0.37743976283347885
2016-07-14,0.20267455283371605,0.18783410987552943,0.20291220717213068,0.29613047443054796,0.2703255159433641,0.23062939577854966,0.2639615205324239,0.2752400212363903,0.2711812843288117,0.23543154253886434,0.2294081243416009,0.2204735953308968,0.2635380431155496,0.3414819760867353,0.3770195084252966
2016-07-15,0.20421940922421936,0.2585305564046073,0.15323246090169484,0.3000620625987789,0.26901223104880456,0.23332157213085555,0.26105097393517873,0.27439812133414315,0.2694115960710675,0.23517373516709603,0.2292046286532764,0.22033478299145956,0.271553249015913,0.34953391480311724,0.3762820083963275
2016-07-18,0.20108336051147616,0.2585213187149234,0.15348423157806848,0.29988615587359035,0.28787080941987586,0.23124759913332177,0.25918328747045727,0.2745134478346697,0.26824527154942296,0.2340909349171187,0.2292479272720608,0.2202995726446925,0.28504688036569653,0.35198965870625837,0.3782927989353167
2016-07-19,0.20091961694375274,0.2585996336638199,0.1524704477333835,0.297653509151832,0.2862156483277546,0.2256200801816116,0.25659489884854125,0.2723116560393996,0.2713602944349168,0.2330743567607029,0.2282575654150975,0.2165919022714408,0.2832303608432801,0.350698822416071,0.376911608390345
2016-07-20,0.19263020702772812,0.25674186857586856,0.15710586249756447,0.29761799538093026,0.2867901051915252,0.22581037641685942,0.25416551243410107,0.2713995229174115,0.2734861226340662,0.2360023083751856,0.23295636003802359,0.21696457820864978,0.28318758821632345,0.34497199786588695,0.3778590431878777
2016-07-21,0.19937865915224043,0.2561645960226374,0.1561565299932444,0.2972996102848965,0.27812456197882857,0.22864028076044948,0.25199017610790864,0.27644361489763036,0.27294270978281776,0.2361157750958788,0.23623879172925602,0.21645478888830275,0.27494348579568034,0.34661224624233206,0.3804930852030184
2016-07-22,0.19637609164381356,0.2518678640812225,0.15496927706275387,0.2973182180683082,0.27414496508482505,0.22237590836732424,0.2418618675687334,0.2822815791252519,0.27297094527025534,0.23499958475549207,0.23385071191048812,0.2163633631326771,0.27495041386275165,0.34267254322934887,0.38186295051569336
2016-07-25,0.1916941502565021,0.252617297850976,0.15619966039270755,0.2966176290553151,0.27688510363234076,0.22075168253819427,0.24194947114887166,0.2732247984996282,0.2716616720288071,0.23821320303135407,0.24486159799830248,0.21815926549436068,0.2713917082720431,0.34236761084791517,0.38290146216092796
2016-07-26,0.19511606396753087,0.25309007140475054,0.15522472889611794,0.2950478123498338,0.2778956741228737,0.22021609864530758,0.2400883393242666,0.27322984418100454,0.2723298137138975,0.23863031566763468,0.25886569616762095,0.21792958796762235,0.2695352939669647,0.34201569050592473,0.3849141212848312
2016-07-27,0.19235412688102319,0.2503165164480033,0.15461706689321256,0.2915005640335469,0.2770377468036194,0.21755118717969402,0.24058044478634136,0.2670844952997469,0.27232631153142356,0.23736383569471647,0.3334699554321795,0.2168731350740169,0.2631730078187193,0.3431008963525721,0.3838211687325321
2016-07-28,0.19229709675055434,0.24967626095769124,0.15475721024497993,0.29310519057212253,0.27380721811524417,0.21589691096707692,0.24401165602537092,0.2683662944599458,0.27413375681525115,0.24097203214875684,0.3332640256369742,0.216622863579929,0.2602050726682128,0.3223766279438507,0.36570940477214375
2016-07-29,0.1948602682066911,0.24954524357663543,0.15790419916764073,0.2884341774199583,0.2741235184729117,0.21586410253860058,0.243726054720078,0.2692076404071234,0.28125059252112894,0.24072171275298232,0.3337251433403262,0.21734005333514864,0.26288916803526324,0.3231462520488004,0.3614016212154005
2016-08-01,0.1961668711690748,0.25021459971655563,0.16004331883720058,0.2870402596981195,0.27360085099567927,0.21605659859148368,0.24464091943947958,0.279354581000835,0.2837654213840549,0.24048570897377308,0.3319401604675831,0.21272887007022848,0.26174808310304115,0.3268564729042226,0.36133325550400713
2016-08-02,0.19463223748466313,0.24799644245803332,0.16163835876353316,0.28842838091552647,0.2727453941607215,0.2117963357574968,0.25346478236777,0.2790195390862222,0.2837481272882248,0.24116275305929408,0.33129942020809094,0.21353719876594132,0.2603848985471235,0.32746317814107856,0.36359356070711407
2016-08-03,0.19355686218255339,0.24660731433576508,0.16177579819036111,0.28826696522210954,0.2711308250260308,0.20970765438663672,0.26284286195238393,0.28010674834836846,0.28613078916719636,0.24228120140464984,0.32704966184196566,0.20876889891451006,0.26018603874452934,0.3283905793115272,0.3671386264987339
2016-08-04,0.1921459042764491,0.2470808735855834,0.16172508695377774,0.28562181618424565,0.2697274180166614,0.21016646213082246,0.25973350531669565,0.2791605108320138,0.28778052187756203,0.24248952908064725,0.3248622652196072,0.20843846999170315,0.25763558909034445,0.3394151091091991,0.37648129214130516
2016-08-05,0.19725769985916333,0.24649196873925866,0.1609273595074007,0.28503215132884746,0.2750340798994774,0.21179311067220705,0.2596908973326365,0.27727009469940145,0.2805531274474654,0.24260872644085826,0.3181401436928104,0.20848038738674488,0.25737472847681403,0.341512663078244,0.37641069601047705
2016-08-08,0.1896156095154843,0.2476677663365341,0.1606891239046962,0.286859931363293,0.2734879538403839,0.2129816809988638,0.2612150243076754,0.2373563842315085,0.3387959554330928,0.2426558806341788,0.31618778400371045,0.21789183357244266,0.26374552856847217,0.33734356669896615,0.36153137294938065
2016-08-09,0.1889094625020439,0.24741995673956477,0.1608502620557898,0.28555557373326773,0.2739360344051813,0.21228595634840638,0.25567127508048443,0.23193370172319738,0.3389290273188669,0.24280894197705816,0.31066016993947737,0.21594643385837367,0.2638981136124469,0.3381578916843972,0.3604182971275892
2016-08-10,0.18699241335723313,0.2474150826472212,0.16421061030246353,0.28613780197538624,0.26373008093091993,0.2083473876503605,0.2560887967384837,0.23127933253129163,0.3361870315334815,0.24467652166115547,0.3116740280949628,0.21832620577758138,0.26416387542119957,0.33981994097657153,0.3604516641004754
2016-08-11,0.18708716227243424,0.2474583129144013,0.16419202144015801,0.28630256440357793,0.26185662624740896,0.20811872539731127,0.25874407286549184,0.23129191174832492,0.3460768540783315,0.2455833562639018,0.3117232961743628,0.2165567942620933,0.2642749374512276,0.3401401757295875,0.36473716710107856
2016-08-12,0.18690880404575075,0.24868089556567147,0.16371857217130345,0.2878138683848367,0.2586514646146883,0.20752407178772425,0.2532614811793944,0.227982342083557,0.34687854425514464,0.24629896572676993,0.3117232954766441,0.21447866848424135,0.261621631376577,0.3407041765302833,0.3589974317798218
2016-08-16,0.18783753527123898,0.24924617729906226,0.16600841644916148,0.2890575308201951,0.257528634008038,0.2068121368341512,0.2516489659113258,0.23054083875841172,0.34359339282940365,0.250594916829277,0.3116968652674054,0.21435835810911058,0.263024628670139,0.33991855318073305,0.35821698459042983
2016-08-17,0.18916891233757446,0.25058610136292214,0.16876703941960436,0.29139656457012,0.252853053774928,0.20542882479967858,0.2323746939675204,0.23081897579417038,0.2938776976246873,0.25003162903374887,0.31168745599929903,0.20983690941276262,0.2626841433082108,0.3390183199917684,0.35648150013682955
2016-08-18,0.19411713407117373,0.25103516128259135,0.16888007035889674,0.2918872799486135,0.25334956494876226,0.21113979384069845,0.23295651493418867,0.23067574745729158,0.29259948064270763,0.24803591926627336,0.31202911693280316,0.21078714281630392,0.2663037716701791,0.3401001016799579,0.355052463995341
2016-08-19,0.1911129901107119,0.24763722905198232,0.16655617208650772,0.20466325617484535,0.25162726956083886,0.20665473524267558,0.229142205063886,0.22628455229642655,0.2846422763233423,0.24598902116699023,0.31176051850581227,0.2085418074630525,0.2637927126567936,0.3385904953683682,0.35348549352482717
2016-08-22,0.18591126881291237,0.2427796076408368,0.16736473193267717,0.19819683734139296,0.24698876891981986,0.2107405818884203,0.22773661096948172,0.22668286316515585,0.2843842855818388,0.2481090467750614,0.3106310007225422,0.21045870780352882,0.2638075298750307,0.3397782109016935,0.3478092343382158
2016-08-23,0.183402404064108,0.24735035858342275,0.16830279625152614,0.19715363744807443,0.24505860123037174,0.21913340214156046,0.22813537678633014,0.22660960863705037,0.2834125436325689,0.2167658776697621,0.31015105077305444,0.21264323574752808,0.2644250930139175,0.3399047939907447,0.34905774774530707
2016-08-24,0.18347289115426454,0.24767037770782066,0.1671629874761758,0.19451619013611918,0.24573797055739757,0.2154940489763198,0.2260178210783563,0.22276879658645982,0.28542070064865854,0.21579160398105923,0.308741433956004,0.19783934290237593,0.2631406700884158,0.33765384915204777,0.3457834730735362
2016-08-25,0.18342418660724863,0.24897868724136105,0.17695476861520534,0.19751432309175224,0.2459028583952425,0.21855539830039622,0.22471767234069312,0.21062556868878338,0.28297363671100856,0.1764020875108321,0.30870681512867476,0.19297671341758219,0.26468169233722905,0.3335030288611813,0.3451766396165307
2016-08-26,0.18336157485870572,0.24932152579853337,0.1811858722855503,0.19791194436027157,0.24584382944016742,0.21825994171438173,0.21697894043614646,0.18742640644652211,0.28168412711876945,0.176953033765677,0.3087592922994658,0.18075233957523407,0.25537885467018406,0.3336336628122288,0.3438244196449407
2016-08-29,0.18335951387511612,0.24930544261559265,0.17983541846684503,0.20019885266319523,0.24565410301884,0.21901407804784526,0.21615084791060304,0.18672305516622667,0.2823577226948256,0.1759289232365532,0.3088716045351324,0.18064330737923193,0.2547909286625453,0.33069751924507895,0.3447010642850573
2016-08-30,0.17278961768188886,0.25235019981786927,0.18647194221298727,0.2094494993072693,0.2476107468550369,0.21775042574591114,0.21723495623045308,0.18800360559453372,0.2806333674070308,0.17858391094427128,0.30983702915003597,0.17344839215869232,0.258804614626454,0.3306966120078611,0.34581843112026955
2016-08-31,0.18034919533178337,0.25229642771405925,0.18592557023019857,0.20767702693374457,0.24825925064119933,0.22032505387504264,0.21794637282316812,0.1867580230339409,0.280642228937339,0.17439447697320848,0.30978508892995116,0.1728730400259112,0.2534315192345845,0.3338339344442381,0.3599294673047849
2016-09-01,0.17976721251639943,0.2523090816723996,0.1869793907824352,0.20755202345096152,0.24771220410860903,0.21991788657374134,0.21457275830065722,0.1868977107978171,0.2831385788451604,0.17080263599315673,0.3098138053024425,0.1730357673789872,0.28351201291102773,0.33356599566479583,0.36791318287555197
2016-09-02,0.17616658489490108,0.25103351475790775,0.18570504903429197,0.208118361569179,0.24707774292227835,0.22023116656671118,0.2148977330471123,0.18731722166488277,0.28484016561772296,0.17357610906655616,0.3100353172785166,0.1742332883113561,0.2881463109786234,0.3334497542940828,0.36774279581306285
2016-09-06,0.175150434246569,0.2457660808557793,0.18564844765331825,0.21172352555791338,0.24334600285845756,0.22121612194308718,0.20833744619353062,0.1908053316731414,0.28976939900475057,0.17322317050767477,0.3068093351090349,0.17521911235022844,0.28876324932706576,0.3386110785849439,0.3675533901370645
2016-09-07,0.17903034032620294,0.24673641390884768,0.18555065464241532,0.2136312053383933,0.2472452260792749,0.22344926318404018,0.20698005673044925,0.19024090955401624,0.28811173390571326,0.17347612385690497,0.3067818572838526,0.1730831141391172,0.28882114015362675,0.33497687772179546,0.36610549380404683
2016-09-08,0.1825461705665135,0.2483740629135904,0.18748840909293532,0.21972188841585227,0.24177938647664943,0.2198033967010259,0.207135873271444,0.19046097784968793,0.2847476802422327,0.18933763846085824,0.3080560245323833,0.1646818632436115,0.2861285533749831,0.33163298455221235,0.36565041138226145
2016-09-09,0.18212983655752296,0.24829713915073368,0.19009563268055693,0.2197206717871328,0.250469034663748,0.2201095067897585,0.2138232610795152,0.1913574709623919,0.2853297904971766,0.1908386615291384,0.30802826786949644,0.1653666220587602,0.28641348057716226,0.33558402284857425,0.3647752125427615
2016-09-12,0.17964651209771293,0.24981680655889543,0.18915214970578242,0.21908605373675094,0.2534224297587627,0.21953046332955756,0.2172056803276842,0.19049490583757844,0.2863432055048556,0.19286185912018494,0.31018146440768224,0.17640432576777762,0.28144697954233944,0.35479009071456974,0.402437185646954
2016-09-14,0.1779639356403512,0.2501117106657712,0.18862529436027617,0.21818367619160453,0.25382426131375757,0.2203748660946618,0.2153464470552471,0.19247409362800585,0.29207805712269436,0.19382865226370197,0.30920743344269963,0.17728068568934569,0.2803113757614424,0.35477485943610226,0.401544637491048
2016-09-15,0.17762712129941405,0.25001985780605324,0.18830284358424487,0.21827922982332934,0.2533738895286895,0.22256571379748896,0.21593233423681682,0.1927810424066228,0.288714551298198,0.19163385582953185,0.3077932347177847,0.17789440936195053,0.273414715762193,0.3559412527319606,0.3981128477980436
2016-09-16,0.17779548583831364,0.24702422807536997,0.1870372937472926,0.21530780083720122,0.2523729867449466,0.22077869196431932,0.21806531480735974,0.19404382114776575,0.29094692545279344,0.1914951500048104,0.30580669974199004,0.18283526228014207,0.26953928908283953,0.3532587919559481,0.394318220053074
2016-09-19,0.17741164994527883,0.24710311176556213,0.18614351486586792,0.21324992687206706,0.2519377645732741,0.2195200834989873,0.2185780759791922,0.19523900614340506,0.2896577685633024,0.1911931160742161,0.305740525655047,0.18268316878025542,0.26946321335615236,0.3530522010373634,0.4015792375841469
2016-09-20,0.17821369451610014,0.2476058877926646,0.1859463242778946,0.21377107535165074,0.2529824317946247,0.2206463606782173,0.21791325031960448,0.19471297335192067,0.28837525431698235,0.19138613159881945,0.3035538799761893,0.18273500485838554,0.2707658445141464,0.35324134035496885,0.40521966450406666
2016-09-21,0.17763210003635807,0.2467974748595567,0.18659985233806034,0.21376696004970847,0.25421984953167354,0.21533344651266137,0.2178230593365163,0.19406446267527083,0.28888329913107375,0.18845617334295311,0.3004513702021586,0.1840970861239773,0.27123036331340566,0.3537251557045225,0.40379434423878263
2016-09-22,0.17388269747600527,0.24574925341297268,0.18475691183287551,0.19499290955729867,0.23800836322658206,0.2187049233809939,0.2147855570991523,0.19813599485698635,0.28896444021141127,0.18940786867400053,0.30021027838241576,0.1899051679135182,0.2694825064906501,0.3275908222712005,0.4037786054414786
2016-09-23,0.17341923502833684,0.24315254286476787,0.18344228267055823,0.19487417209558486,0.23800746000413753,0.21872281186625248,0.21391631093254102,0.1980056234754129,0.2873832222742224,0.18336574369493025,0.2947279908792239,0.1898801488396333,0.26832339096868774,0.3288783676964613,0.4041888675479177
2016-09-26,0.17489742992760843,0.24317868540019377,0.18266092640354964,0.19584241647136016,0.2560569010184855,0.22727605635744055,0.2119925726470505,0.19750163246724362,0.2845917145949113,0.185620325284694,0.29446145352379227,0.18827769501604646,0.2685184067693839,0.3294720508749279,0.40579904911334963
2016-09-27,0.1734832729068815,0.24086616727262097,0.17735096965678745,0.19490394394827487,0.2556104778271598,0.22022162333112863,0.212438615235416,0.196924846598332,0.2844343012650269,0.1854059251166088,0.2945098161755326,0.19077156008397617,0.27044217952819083,0.3298348630108243,0.375163448072713
2016-09-28,0.1713997510927211,0.24078503886341993,0.17652506890704983,0.19715489507500317,0.2570253072689036,0.21284858568992737,0.21231424105466215,0.19668718194571252,0.28494281011706685,0.18494905559359784,0.2865499659660943,0.1907662477836687,0.26704495911003107,0.3322855931670329,0.366091673529576
2016-09-29,0.17119071231010288,0.24117508849813563,0.1817118265341445,0.20369496526632885,0.24553768434077686,0.21711301232014896,0.20478021975428443,0.19911055002490546,0.29414173366550866,0.20065555826438228,0.28193497729524547,0.19289487264643468,0.2689248490382718,0.33770325197572026,0.4221772425657415
2016-09-30,0.16933161430161756,0.24058960590950518,0.18437375966336816,0.20250120853146622,0.24305090178039776,0.21773129079691397,0.19894173680849625,0.20075022356389038,0.2967560497952217,0.20055916378488667,0.28114767961992,0.19484031583042696,0.26692656802742554,0.33833129345404184,0.41946795920431795
2016-10-03,0.17113068482502544,0.2404966290676101,0.18363537812139188,0.20255602102970904,0.24374879422437185,0.21643669741038116,0.19879960971199295,0.20967183450778307,0.30418010106232957,0.2043757012386897,0.28345521714175614,0.20036834807053133,0.26686550566074924,0.34077550386449973,0.42940497838603164
2016-10-04,0.17078515847910633,0.24018899095187943,0.18390941029243432,0.20396525878192576,0.25973112608454113,0.21755721935963465,0.1967891102326497,0.2102594679507529,0.3032451010113534,0.205117931624788,0.2795095131320052,0.20070792489682845,0.26939431879546893,0.32605713801679453,0.42894126787713954
2016-10-05,0.17267620921227075,0.24043191874643968,0.18352933065700075,0.20429208909885022,0.26378530285761626,0.21724867532668926,0.1967439008615716,0.20946804730341928,0.3035100055761078,0.20550087955323265,0.2786813874688276,0.20073402649318123,0.26602773364687937,0.32620688332338954,0.4350483462695705
2016-10-06,0.1664319078835813,0.2392359308106751,0.18001275881371462,0.20313743901031436,0.2639323827666587,0.21600932310510854,0.1959778380895612,0.209016082675373,0.30179975108826285,0.203757966369197,0.27664902481820264,0.2005037805929008,0.2642956838445526,0.32282952268344456,0.4353247488810595
2016-10-07,0.16628063834872214,0.24045105559823662,0.1795457694293507,0.20313733526940578,0.26396063065519465,0.21590475781060933,0.1964782287040865,0.2079849079929213,0.30661381893853834,0.2032849696379763,0.2765763155455709,0.20085046117620053,0.2636523314216423,0.32066076368283497,0.43390975866291637
2016-10-10,0.16369926403864649,0.24126904278873848,0.17879941683300735,0.20372804696451552,0.25915377172755255,0.21683924590988674,0.196538750637386,0.2045605623294252,0.30686119405051276,0.20339289294509819,0.27694467625114283,0.20375740217201027,0.26423841482181504,0.313373122056117,0.4317928407435298
2016-10-13,0.16432539332995252,0.24483053405953364,0.17906947345442958,0.19685067135463793,0.2593506905559661,0.21763128705648074,0.1962103841433881,0.20644721680908892,0.30891835859099537,0.20612755452512657,0.2769751766768707,0.20170365598025486,0.26882802332957106,0.3147030979804076,0.4396976102782111
2016-10-14,0.16482442098126793,0.17277272546196612,0.17133627677261773,0.1904915244629632,0.2604520278000617,0.21568878768816718,0.196419722128499,0.23066239468707828,0.3070123936060173,0.20675843912558078,0.27696753624906933,0.20322690125576323,0.2585503029291248,0.3064105516266168,0.4410520312320272
2016-10-17,0.16768540867977424,0.17182897422870447,0.1714330050165522,0.19531445118228724,0.23484083168034028,0.21877491838509713,0.19654210300820538,0.23355152002694474,0.3076107407346557,0.2082287628534177,0.2769447229518099,0.20445966512619296,0.2460758776820735,0.30333252051054,0.4422015243552221
2016-10-18,0.16894351147097716,0.1750579036082018,0.1788303561966134,0.21460696393360787,0.23557135080971336,0.2187363173737277,0.20198090885296727,0.23595636884930402,0.30563542231670726,0.20950079053578904,0.27698412984921755,0.2068098831699881,0.24925126150238067,0.3096811644325528,0.44649793153690276
2016-10-19,0.1687111469935529,0.17508688762958766,0.18398105735910622,0.21460516494890253,0.23492464383742648,0.2186952468435742,0.20874936176236242,0.2371870422292406,0.30527097890965327,0.20648051489571342,0.27154659809180226,0.20739432561670418,0.2493637613563831,0.309264761827161,0.44025719230729554
2016-10-20,0.15881125902073498,0.17524907924288563,0.18342865324848162,0.21462152525740177,0.23435030287697314,0.216466365851055,0.208706407701196,0.230111739866454,0.3053833389192403,0.20669549339189988,0.2704968115445137,0.20818373361846368,0.24825806423817126,0.3065841557813443,0.4409034758692427
2016-10-21,0.16054188100272454,0.17673258290942098,0.1838676334936725,0.22008217817042128,0.23499234552190473,0.21532041217298598,0.2088104039106664,0.22127195654345533,0.30478442292596925,0.2060621648658839,0.27193174356483635,0.20957606814215538,0.24843976678514387,0.3066646013494975,0.43895022546245394
2016-10-24,0.16082646205596113,0.17719167151681253,0.19207797637642407,0.22010437338428282,0.24745826526148337,0.21656644385161578,0.2084421623228616,0.22079632560933912,0.304815364633738,0.20047981249103564,0.26475245554698085,0.21927688176688923,0.24684820929067616,0.3064471459137216,0.43305509466799413
2016-10-25,0.15684649352417518,0.17736926830336588,0.19150321274605403,0.2210139834743333,0.2478787688492076,0.2166089316895267,0.209472327495763,0.2210791461628045,0.3040860706631181,0.20012894796186964,0.2591145752890245,0.21928503059159282,0.2500938200870149,0.3114582697872093,0.43178359365519386
2016-10-26,0.1691254255321115,0.1773627469941303,0.1944967503717514,0.2258344771198963,0.24709291329081562,0.21620141889453817,0.20663961187805488,0.22003470190405255,0.30474493072721215,0.19946202215090197,0.15074430820901696,0.2196784263649044,0.25318435712298454,0.32203788176326936,0.43251417162938655
2016-10-27,0.1693282021376497,0.17799858685654082,0.19674271105806873,0.22795049338707526,0.2456042742029544,0.2161495433977232,0.20185807993667312,0.2175255567594038,0.3054242454113266,0.19534964174253808,0.15752355815455132,0.21929745348728982,0.2563043867694832,0.3203741423279926,0.4343808925279527
2016-10-28,0.16865858477379037,0.17822949104306793,0.19505136336605092,0.2535580119729429,0.2475366571248389,0.21629843510475477,0.20139158614792194,0.21768963507609193,0.305416788432745,0.19489773213937933,0.15727351718066324,0.21867851779351052,0.2523223466782293,0.3216200732422882,0.4353188204934136
2016-11-01,0.17001848150790533,0.17714355009874463,0.18744456854690736,0.2532930581123421,0.24660514200799524,0.21913152419527196,0.2025281632950177,0.2144534147228001,0.3026853758929132,0.19539850481457013,0.1571929159757177,0.21793039078150725,0.25190767006718445,0.3225368600433452,0.4354445132887025
2016-11-02,0.16929767212529834,0.17775528417886238,0.18604939013238037,0.2500481934166196,0.26380676484260984,0.22006222378040172,0.18435714824106503,0.21185288745157801,0.3034594199713903,0.2015536306585956,0.16325369023754638,0.2241740040922843,0.2543396102542239,0.3228779510451219,0.4380066642387017
2016-11-03,0.16884016161555784,0.17967323213384434,0.19030367808076187,0.2500336464835485,0.26637797133625113,0.22342236478127397,0.17600121733506918,0.2115352884697676,0.3006803633689635,0.20051294394022348,0.1604953507618846,0.22452516442344353,0.25411336751390423,0.3264604619459957,0.43641523080445643
2016-11-04,0.1698379061888133,0.17875665454455916,0.19238998453984518,0.24985307318638425,0.26645546718326746,0.22254382317787968,0.19174482694284378,0.21222306611308508,0.29907469848660273,0.24619707932916637,0.19891047402261594,0.2228392634070265,0.24976053415095828,0.3146512319371383,0.4273045843928725
2016-11-07,0.16314664954042088,0.17955323343383295,0.19243301551773076,0.26045521681656303,0.26301930545340324,0.22136689864191247,0.20136940906574316,0.2199690050069403,0.29910230864948484,0.24683834354626769,0.19720695860502716,0.22279094641709205,0.2496677467191642,0.3153400535741099,0.4324272943162027
2016-11-08,0.1646546992997503,0.1784659537033168,0.1925229874634249,0.2616554665736251,0.26363762498729737,0.22080688788089883,0.20031644176564004,0.21986002625961462,0.2364546316596618,0.25206639676301623,0.19653571201842576,0.2122973552695899,0.24089236679038178,0.31582340485946275,0.43212820898835735
2016-11-09,0.16514838592797446,0.18437562107584635,0.19249994497763884,0.27524709787681834,0.2632343125491464,0.22080583248825666,0.20842768778143267,0.2202092662622,0.24657938338428578,0.26788335342289954,0.22348562991905868,0.21457417558188785,0.24175336550810447,0.31869469923300053,0.5549599679157005
2016-11-10,0.1649964360982046,0.18798535569110833,0.19078382608682753,0.27773820298304913,0.2660684193688366,0.21962566810046968,0.20951811802579703,0.22024160576260868,0.251427450874736,0.2680620361169785,0.22162468900621013,0.21297286539717544,0.24794277826368796,0.36986106707037003,0.5698965786132647
2016-11-11,0.16527283093433442,0.19108990700641623,0.19068407742266327,0.2828003350524222,0.26702996507344834,0.22226500337632699,0.21553633865445243,0.2259485878085045,0.24852799427574307,0.2774036888005881,0.22222347889832875,0.22107133271125942,0.25163510277710815,0.373637143374993,0.5843826285925986
2016-11-15,0.17853067209666668,0.18981822442833335,0.19326022822078043,0.2821006513908053,0.26689118732582834,0.22266877371209773,0.21906750103921666,0.24426694160806373,0.2651028700202615,0.2772620233119282,0.2244072338283623,0.24580480372609523,0.2516308522234622,0.407622592827019,0.5846527731382973
2016-11-16,0.18365839555075564,0.1937957464289889,0.19218600468545632,0.28650505545113003,0.2685477568654591,0.22234645428610153,0.22554749049123263,0.24120245725197087,0.2691426799087272,0.2771879146546781,0.23362480910480157,0.24701665384376356,0.255357055859963,0.4070358058346167,0.5904483698422726
2016-11-17,0.18323845767803965,0.1921115302119104,0.19198025775564082,0.28463951145987515,0.26803449743946783,0.22364483874102117,0.225554902444823,0.24086131891594337,0.2677960826858725,0.27717421486150523,0.23364261102555509,0.2469253743523083,0.2663853394406176,0.401330752239865,0.5955320548190083
2016-11-18,0.17635258441592844,0.19229361035266854,0.19193057991356052,0.2844599642494759,0.2669978097028071,0.2352255537902186,0.22727319394169554,0.24185898051502755,0.26843932157608436,0.2843671088176729,0.23328764937667384,0.2524969102748854,0.26658513493686153,0.40262149060392,0.6015815134236332
2016-11-21,0.18106727910081435,0.19301608258845748,0.19343548437134753,0.28408078516169494,0.2669747055355776,0.2409986406050752,0.2291087904758375,0.24147024154815916,0.2678676100745934,0.28435727477901146,0.23899648104586366,0.2642930282286529,0.26760104347222535,0.4082880057143088,0.6144734045775854
2016-11-22,0.18141193315540843,0.19309934648798036,0.19820073627769502,0.2842091402956955,0.265870366529015,0.2383532231715741,0.22817015363620385,0.24082076249530274,0.2676907967715418,0.2825130139071019,0.23920294052179913,0.2703911409074973,0.2699496098202691,0.409494658509225,0.6174321555752095
2016-11-23,0.18102383498922797,0.18656644202805725,0.19708480531976622,0.28420437321101927,0.2655817497636269,0.2437233774935919,0.22764018156253732,0.24081551900735892,0.2720078530181958,0.28438042935726165,0.2391874469928568,0.27036986148704684,0.2693189103421269,0.416816443745158,0.6282316381007098
2016-11-24,0.19196979811663412,0.1843229564711906,0.19747119876060582,0.28530776686270987,0.2663755860927835,0.24473956514981687,0.22767156853307768,0.25261308130324445,0.2679631849928102,0.2882248400877816,0.23869962992516094,0.2809312480457521,0.26990651432831403,0.4166196771109248,0.6306207797397202
2016-11-25,0.19386206777703038,0.20983357266756353,0.20043038933896662,0.30994740369179613,0.2642637170835977,0.24933364693589483,0.23172303435082814,0.2529911340685113,0.2675480369317531,0.3044913743118089,0.24138836179815237,0.2847645000334104,0.2678074436895219,0.4174515886002299,0.6302293009634875
2016-11-28,0.1939056438633323,0.20768127869260555,0.19338236286739247,0.3099584600805847,0.26754250518574124,0.25149894300239484,0.2364138102688256,0.257196908820967,0.2675438436944228,0.30353851789520503,0.24124790509340818,0.291376604607259,0.2956631004305706,0.4172463282587626,0.630670674694872
2016-11-29,0.19423834075620192,0.2080645700852885,0.18913903803009813,0.3070870227834597,0.2670056081891223,0.25140363949531974,0.2372562245276402,0.25628459851713203,0.26868850289621227,0.3041556319446576,0.24130852588691967,0.2915289057322872,0.29843882511852776,0.4168370181671249,0.6319307680652722
2016-11-30,0.19592917708487737,0.20489330789557758,0.18316236481383671,0.30135344017280585,0.26615407554918086,0.24991246061281672,0.23443385022336455,0.25569408152742407,0.26836875006524635,0.30109796938571687,0.24008842385809287,0.295320130841738,0.29151741260581615,0.417308912051829,0.6291830519826289
2016-12-01,0.18952449673090005,0.20476555098373353,0.1834642290647463,0.3036371623395981,0.265285096302808,0.24829924511222698,0.23336924119793032,0.2510299854545965,0.2684292980703866,0.3032578458689314,0.24142093505793286,0.295903527703856,0.2942486988215834,0.4159467355002698,0.6249065383082599
2016-12-02,0.19725607306543794,0.20585435437924604,0.18389989066527845,0.3037396856765358,0.26562260224453316,0.24821875462654258,0.23655167367533414,0.2513400455869465,0.2675133797970468,0.3029843231387384,0.24447082896612551,0.2958188814697067,0.2641627546806799,0.4158828415051567,0.6216985037703758
2016-12-05,0.1981179917519278,0.20568100276806525,0.1845206666075403,0.3073172662098961,0.26626462768794124,0.24792506004445833,0.239274169117198,0.2509165248278044,0.27391250784559207,0.3014827951726466,0.24411122231700885,0.29426043818214004,0.2640339916079584,0.417090397831798,0.6261557876373425
2016-12-06,0.1981631790870012,0.20409623488112483,0.18464833356677116,0.3054786926910424,0.2664957180701071,0.24391640719681115,0.23985241802049978,0.24783797927025747,0.26841117225467337,0.3019493144832079,0.24465303303903774,0.2922863697173836,0.2638450410699231,0.4132860765609958,0.6280825186085975
2016-12-07,0.19561321624184455,0.20304420078270044,0.18552343051717723,0.30654673375480396,0.262970984369174,0.24208535370431536,0.24081830851717478,0.2459108196474808,0.26736163222103165,0.3246192017134227,0.2447876773493538,0.2904499419777186,0.26372120767901414,0.4143409599260022,0.6307881179247098
2016-12-08,0.19561795823494013,0.20480898930015543,0.18450302610116898,0.3036527389446958,0.26531312135189244,0.24208519250010033,0.24727801219824996,0.24630005828633342,0.26958883648442117,0.31619762606775864,0.24331102967171517,0.2900533605421321,0.26368611635195455,0.41977502623321006,0.6270301969237225
2016-12-09,0.19571982108632804,0.2050811844537592,0.18197158935708901,0.3055615825510042,0.2577496722879596,0.24198664122340177,0.2442688018987606,0.24537293132977134,0.26956830522150876,0.3154754649309701,0.24386088321838198,0.2897699461710528,0.2632385080577349,0.4172549973190755,0.6278939700093928
2016-12-12,0.1993563946442092,0.20280796423297842,0.18294360302377516,0.3048252488601386,0.2557524048560388,0.2290496154514727,0.24194930834865247,0.24450415107780385,0.27082237769842493,0.31510327291738016,0.2424591643291604,0.2837887303265076,0.2625092055163755,0.4023375738806546,0.60838297528279
2016-12-13,0.1988750784076518,0.20432044363791085,0.1888963098872033,0.3115661257336393,0.25384487989129195,0.22645711374819705,0.24407134674324626,0.24296940706694295,0.26171445108724095,0.31608030208193694,0.24241448967553203,0.283202829633243,0.2623368862984372,0.4028315368959588,0.6085293822243738
2016-12-14,0.19869525056153728,0.20532552035418566,0.18927177521489852,0.3129743120182915,0.2591941944146864,0.2247856932859711,0.24221947848318737,0.24452199647458508,0.2618392977308771,0.315633710450403,0.24243979603190124,0.2821966650757651,0.26595964450143367,0.4007206536606824,0.608630067384197
2016-12-15,0.19875586041354404,0.20246285980781967,0.1892087113808972,0.3128203241523858,0.25999716799139977,0.2290331248086807,0.24051054658244794,0.24272160424956785,0.26060947198080686,0.32594096406472006,0.2437773508591249,0.28297574957240607,0.2672234702673319,0.39782021510364296,0.6078514143268033
2016-12-16,0.19905935525134075,0.20438546207325745,0.1894757638923955,0.3127973196692016,0.264655595753182,0.22749304884306779,0.24178044602768312,0.24256536841664803,0.258862704903557,0.32593802004930117,0.24372670070767308,0.28338270986114195,0.27229435647934425,0.39893028791902063,0.6013870374983538
2016-12-19,0.1978351897014144,0.20336920306994485,0.1893906097941414,0.31261171154794215,0.2638588657101102,0.22615794493522892,0.24174443673822335,0.24409906005268817,0.25895711304071944,0.3285889444309787,0.2450430213157469,0.28519506881281387,0.27230344339413953,0.3992294757571891,0.5991827153136304
2016-12-20,0.19766479676398993,0.20367629918813565,0.18952341789309207,0.31284290880036375,0.26355616091760287,0.22728046957637954,0.2425694440692069,0.24678624747076983,0.2593370167100099,0.32859475307866276,0.2454439709539866,0.2850546688398209,0.2722866690904815,0.400614802969121,0.5997625810690265
2016-12-21,0.19669848343014568,0.20458100243449168,0.19016278681055956,0.311583154483828,0.26235677995644396,0.22500048540779946,0.24376893134459793,0.2432326429261135,0.25950351865760496,0.3294163384741268,0.24550291654346415,0.28044202477383134,0.270023203864006,0.3987846123951497,0.6000986907129583
2016-12-22,0.19722678260465834,0.20505528463237815,0.19009748449489325,0.31159884515336517,0.27235124046467357,0.2287069079102917,0.24399349283943772,0.24381666810805586,0.25967872836668004,0.329422966261117,0.24491213574196133,0.28221904439948825,0.27697334801625534,0.4029133200837115,0.5997618406751082
2016-12-23,0.19637478135425343,0.20491134393529625,0.19045324040667624,0.31199555732194073,0.25743424914465546,0.21959837502725146,0.24162862813038463,0.2442802912575116,0.260534058144965,0.3328507287232064,0.24467825735190699,0.2844863940937947,0.2755177928197632,0.40274854001784965,0.5992419972838405
2016-12-26,0.19630510037128626,0.20499511150367378,0.18936793774457178,0.31239422609051604,0.2609271872294071,0.22018694089498167,0.24120985363051503,0.2447788606002464,0.2603360009547587,0.3340601803287786,0.24473920677767258,0.28224764870255614,0.27351864539942256,0.4068653615166869,0.6166207067346428
2016-12-27,0.1963916517092675,0.2079908551638242,0.19414051018739906,0.31086782594828316,0.25947547649939695,0.22016743538955733,0.25560090115471296,0.24523553312761928,0.2609742566016289,0.3364150995730333,0.24719647313002677,0.2841352683718626,0.2706347856525513,0.4064122937371581,0.6190989028663766
2016-12-28,0.1951418306379334,0.2071453443672371,0.18894701736941918,0.30468265810973705,0.25905784251187614,0.21525976594561713,0.25581018389759963,0.24367376393520634,0.2527659109963144,0.32864892678094876,0.24502567199614841,0.28417898874839376,0.26809365333119844,0.40185839076840146,0.5852307142630191
2016-12-29,0.194640286939587,0.20698708871236,0.18707258001500987,0.30382370537727843,0.2547996433863731,0.21650820475314694,0.2533663601001454,0.24378540688648126,0.24957343365625662,0.3281097512889097,0.2443631598175244,0.2828451028379803,0.2691106383152764,0.4012905132499218,0.5804802954484279
2016-12-30,0.19310609521726174,0.21051480876064924,0.18731083571237483,0.30455874015102524,0.2537175608121621,0.21432144308507067,0.2580511149443399,0.23638087902522273,0.2364240611891109,0.3299166964116548,0.24173631223584924,0.28102971178576197,0.2678869840473626,0.3987569165263961,0.5718275051317979
2017-01-02,0.19299347865066457,0.21010784856758577,0.18728095454447538,0.30277663531250093,0.2323021380384924,0.21344252598698799,0.25794728966212643,0.2358813302883079,0.2365083889560745,0.32947337572509144,0.24216910087919893,0.2805763768904286,0.2681321980765372,0.4044474789083422,0.589428136094789
2017-01-03,0.19185121149733012,0.2100945178788781,0.18805468209692275,0.3021768204137666,0.22565186536221096,0.2135055550672922,0.2585719606445021,0.23460721427847964,0.23652720255273285,0.32962962715997357,0.24173130946182833,0.28191922818321635,0.2711007647775433,0.40489042125053665,0.5838630008680866
2017-01-04,0.19661192909666314,0.20851394037944668,0.1918438156247929,0.30259684969565764,0.22608680386232594,0.2076607405158353,0.2578908036431617,0.23823402907024632,0.23644028563214978,0.3295358639679027,0.2401382592982583,0.28344434694302856,0.2787984042730378,0.40494337165604954,0.5944320932199281
2017-01-05,0.19707278393335773,0.20642133093915957,0.19289638996055186,0.3078333798616582,0.23028333509206492,0.2072757162024271,0.2577838549108653,0.23865945776658157,0.2332291714842537,0.3304722927668143,0.24137952519614167,0.2828990819232848,0.28222024239991383,0.40148735281183107,0.5947179999699435
2017-01-06,0.20489511485167008,0.20900287399572637,0.19807059698310153,0.3186610558962326,0.23150181153650967,0.20617691174700672,0.2599860217692816,0.23739058986122766,0.23470850678877964,0.3300677901045772,0.24129543617540353,0.28025048830757365,0.28138711481825784,0.3971253226234577,0.5943809427092257
2017-01-09,0.20499648512025487,0.20370787938813442,0.1982075742988917,0.3188785633942686,0.23356117389825487,0.20448083671142464,0.26104512209995456,0.2361364022531895,0.23329443847936338,0.3286773538400724,0.2492300496237501,0.2802174766375354,0.2749925765097156,0.39656935273197885,0.589077735352362
2017-01-10,0.2034721099100863,0.19807043409649788,0.1986910858072485,0.3183005483428933,0.23174524835264226,0.20493637804701484,0.2621183991666838,0.2091266653728976,0.2332816588028487,0.32904057067434045,0.2492085113320106,0.27940827255023565,0.275052015403706,0.3992035224880772,0.5880543456557398
2017-01-11,0.20680154987305874,0.19790871984607902,0.1982878552127098,0.313149850494801,0.2319107733684327,0.20389915040457607,0.2624011671094048,0.2069403681652941,0.24574726306906344,0.3298018049564691,0.2492008383545123,0.27703699393111975,0.2738073593284302,0.4061051345779619,0.5864781705985325
2017-01-12,0.20556650889093117,0.20605696657494635,0.19518818553697623,0.30423628671594843,0.23183195221255037,0.23202620428468337,0.2596598251937983,0.20363419555650383,0.24565137019972613,0.32840959302165357,0.2500316270870212,0.2731855376390626,0.271769894951028,0.40039702903730967,0.5819951944408251
2017-01-13,0.20548871650597825,0.21166669417746412,0.18806415233771706,0.30532613445058654,0.23199122247920897,0.23484779508742618,0.2570029232091197,0.20373619470538246,0.24290186235151834,0.3290405691232134,0.2503779821903035,0.274152892684291,0.2720404775326023,0.400464996102108,0.5820514486660489
2017-01-16,0.205801428339919,0.21538643319185766,0.1880532824970286,0.3054833031812798,0.2337219887306397,0.2349590590748242,0.2571374326866933,0.20274794537012175,0.24387792475700554,0.32992192019787603,0.250231297917714,0.2742253040904559,0.2719923136100241,0.40389332356568747,0.5882989472015774
2017-01-17,0.2044771586470712,0.2135733000529074,0.18753828799904212,0.30297923784497766,0.23662718639748256,0.241491018293514,0.2582417171622999,0.20255021780048982,0.24660129902868075,0.33064966755526276,0.24908772454497694,0.2728462390145754,0.2719822066331542,0.40437276735492766,0.5882089284432381
2017-01-18,0.20439627072160285,0.2127891627632156,0.17678939916987765,0.3021964853887607,0.22082337096054683,0.24394011132657645,0.25832470072331587,0.20295216701910113,0.25288360552775313,0.33067888902119197,0.2493299117639197,0.2653787606160675,0.27287186814563896,0.40882077674617945,0.588187279845156
2017-01-19,0.20447728357051437,0.2128145818552719,0.17726162912558135,0.30189079461013346,0.2209193793429598,0.24419654956582904,0.25841109326661305,0.20253208785782764,0.25314180418973425,0.3310315156411604,0.23732303467950752,0.2656916282867936,0.27152390196128773,0.40498215141685123,0.5882358069127042
2017-01-20,0.19292845455311952,0.21355880690382,0.1721509952432991,0.302339998596206,0.224090052956603,0.24887594402717678,0.25851235832583885,0.20203348472682253,0.25322295413137536,0.33046018954562606,0.23557699051690942,0.26813799254249504,0.2696776415576107,0.4000123251767139,0.5904357221248135
2017-01-23,0.19522966720654983,0.21288847198348337,0.1665332499162549,0.2985022219796665,0.22552205627757654,0.2492189516004868,0.25808951369320016,0.198739779652809,0.25137551031170424,0.3299392108484418,0.22914005159278,0.2680703820685407,0.26748248838465377,0.40075799906352705,0.5903027067347124
2017-01-24,0.19473994777933729,0.21307058062631593,0.1666431051796269,0.27991125116260646,0.22405622270000822,0.2509036555631074,0.2580786886158078,0.1984825922862464,0.24567379526322683,0.33128399884970267,0.23076782659595266,0.2721463094399991,0.2668763753590901,0.39902516201612737,0.589664849543341
2017-01-25,0.24104581295036506,0.21329295402312087,0.17007548580837714,0.28044647879180307,0.22580250121840525,0.2492164808384673,0.2597175697571986,0.19172893490653223,0.245419240655369,0.3308030713145358,0.23082794920004268,0.2857185624272532,0.268817797949042,0.3952942983814124,0.5970430513994359
2017-01-27,0.24241538804501284,0.21312670000297584,0.17339755732391715,0.27969124018234154,0.20783040982830167,0.25838076934332793,0.2668018423818191,0.19210588391349942,0.24568178717635572,0.3273068215921838,0.22771494686052646,0.28127339994570755,0.27609832323572603,0.3944563649899192,0.5941865591980205
2017-01-30,0.2435311395478397,0.2117864314970543,0.1667434908650796,0.27991649709017113,0.2055455378891703,0.2547298652380524,0.26610739096373764,0.19192559198242587,0.24752084100849633,0.3266025969577171,0.22840736933804445,0.27955855594170465,0.30802182197169753,0.3923027128948339,0.5941069131266238
2017-01-31,0.2430672198936456,0.21614345831069262,0.16908243044254206,0.2933043818675387,0.20528629417027322,0.25850540364645946,0.25621358980633274,0.19171455538186566,0.24766066888833604,0.2921942134420229,0.1978255364030784,0.2797440460337314,0.3075884729950618,0.3922518836281452,0.5921966080113561
2017-02-01,0.24313129795419913,0.21692238285997006,0.16892988213558588,0.285181936495899,0.20605878237795933,0.2587848948668177,0.26522098223964713,0.18461405091452382,0.25732559023037666,0.2925423172126521,0.197245788708997,0.279829602173133,0.308215322595362,0.3925758480775418,0.6033059137424881
2017-02-02,0.24220512887500692,0.2212233393713852,0.16890744872968114,0.28669238930961227,0.20487005278510687,0.2587552581792096,0.2670785564622552,0.1872256977671883,0.2539164635077378,0.2908625037309123,0.20798731090467729,0.27992873657504624,0.31119999195487613,0.39177442344367525,0.6040966840637882
2017-02-03,0.24085520216135245,0.2154904411450137,0.16755820110689504,0.28442975947626853,0.20468066741518934,0.2589573515615205,0.25975274104671786,0.18944014145479926,0.24351730064742758,0.2795981843615509,0.18002942663291943,0.2846853701217952,0.3095477257211936,0.3888945565588109,0.4848566354984712
2017-02-06,0.240875684594724,0.21166336370437458,0.167811801637799,0.2829083661342486,0.20142385654437792,0.2593795690915534,0.2601216583077567,0.20326701151974655,0.2403097914631141,0.2929010887561102,0.18247499357415142,0.28439033962092475,0.3059820866299009,0.33931941477528893,0.47174786673197017
2017-02-07,0.2415712335766952,0.20843609099496588,0.16776074359606238,0.27759306950389595,0.20399408282377113,0.25555310116967034,0.25028261185872347,0.20462719520404132,0.22870004570662544,0.2855228212635202,0.18309786091431074,0.2781070449618421,0.30168889603218674,0.33516923727835235,0.4460458775556769
2017-02-08,0.23314118711046913,0.20883433441383464,0.1660831317317965,0.2778652681551209,0.20374165759419535,0.2548660095337796,0.24595213105325225,0.1804165918158816,0.20400108365721825,0.2859351291545469,0.18195918366999897,0.25076700261251805,0.3018857356217088,0.29075989292049964,0.44407917799180124
2017-02-09,0.22791317880286582,0.20630555124942157,0.16712578457277066,0.2751139551338896,0.20284905478853124,0.2595004174234701,0.23815523370232763,0.18041280741472304,0.2001224771581027,0.28309648435691287,0.17204465009802203,0.24874205847088915,0.2991486502982241,0.295556712557576,0.4296651083879623
2017-02-10,0.22874208687722944,0.21023742242613502,0.1640348036720793,0.2812165050300113,0.2028849714498414,0.2597908762087947,0.24121092105423417,0.18052840885265084,0.1957792610403549,0.2830331139058952,0.17463371887865062,0.25003006658664445,0.28559831727851986,0.2971599047513884,0.42628739532926974
2017-02-13,0.2316344536730371,0.21135270286771576,0.16502554237531186,0.2810258444569434,0.20329794727814993,0.24281151322513725,0.2396043376693621,0.1783973644231627,0.19466060405036215,0.2762809653877114,0.174513103441263,0.24609601035518971,0.28286712246670925,0.29365928025784965,0.42072173722626977
2017-02-14,0.22737828475063598,0.21017120340604287,0.16406974299635205,0.2814546750955333,0.20617684600258135,0.2370943998369129,0.23636764263234858,0.17832022091166846,0.19734231877470812,0.2766435032893015,0.1680942751688957,0.23579242146951804,0.2861735059182556,0.2823302111705389,0.393880784718543
2017-02-15,0.22732388046351887,0.21067349066344215,0.16005469312798126,0.28327078089749486,0.2061278444960183,0.23673434907427982,0.23648501721123566,0.17844760991845676,0.1986147294314685,0.2882743046883155,0.16904646233621867,0.23136505574181668,0.2865242638977189,0.2875430320897621,0.42061169132724474
2017-02-16,0.2280096717020688,0.218993855007838,0.16161273090494757,0.2851632505690697,0.20603384198877978,0.2252871465733415,0.24257209629342233,0.17869367349273266,0.1954715681329884,0.2996770926186383,0.16924380245498327,0.23373821586909524,0.28498706728430606,0.28055772802572226,0.41199112231238966
2017-02-17,0.21814539718894713,0.21986174337487413,0.1635404737680203,0.2844585514607901,0.20489310813374398,0.22192345408667194,0.24203964984067436,0.16418894895456904,0.19450167117394063,0.30660345428377866,0.16908674640569724,0.22393003663158698,0.28529204995400553,0.28000143210670647,0.4044811319758036
2017-02-20,0.21664227188777466,0.19523796152938325,0.15107565094122222,0.2553307426569711,0.20501772000133386,0.21582125486436465,0.23921189066344928,0.16436678791728038,0.19424951699797846,0.2913254938028025,0.16439085144096624,0.21804088532491378,0.2858823748330453,0.2862702050511763,0.4065234720857834
2017-02-21,0.21650384979269086,0.19528625078106182,0.1497925021638728,0.2571571396906328,0.19979109877783077,0.2132280023839197,0.23753314480257803,0.16145503476357217,0.19477982946896974,0.2918512441595846,0.16428499670061877,0.21067589239360526,0.2719467814371811,0.2859095714746561,0.40680413799007076
2017-02-22,0.2160876936399666,0.20065927623886656,0.14870265261861415,0.25594637470909976,0.19993026129441338,0.2240773321891105,0.2358908962663136,0.16157167447320034,0.19362801755539114,0.29099978548637495,0.16404545252034558,0.21969245668410325,0.27011114763895866,0.2880576865855224,0.40623733752990177
2017-02-23,0.21770971283023036,0.20415532486316537,0.1566215832457539,0.25663712308296466,0.19792551818557505,0.22466453553329238,0.2360786062823357,0.16167823627712016,0.19319240703100965,0.2911440305144207,0.164000749020662,0.21310259354961714,0.2712849609018003,0.28698449809819065,0.4073018927714908
2017-02-27,0.21741796392672916,0.2042362362281778,0.15678199612590454,0.2532693625239989,0.1971912274582641,0.22402171276080574,0.23639035724497687,0.16228605675559746,0.19268297618063238,0.28894253480374277,0.16206934670313555,0.2183847450472582,0.2750286673738363,0.28643176562599565,0.40513236209853265
2017-02-28,0.208223910279845,0.20268806591859936,0.1524947195314283,0.25312816305873254,0.19748052006723577,0.22623144072572535,0.2324459166871291,0.16375680038521043,0.19274586447198097,0.2893696010769161,0.1586307531943933,0.21786247281102022,0.2795885840811903,0.2855859144105637,0.4038354319319935
2017-03-01,0.2143614013408368,0.2039299640973407,0.1513123113995907,0.24803485515298698,0.19532851666640036,0.2293087823300766,0.2345700052678194,0.16376167775299064,0.18613693268645226,0.2927887405729526,0.16827369182151608,0.22065954322489312,0.2759569081143774,0.2923118478699895,0.40038380826798536
2017-03-02,0.2155789706786309,0.20385404985533284,0.15135344822885535,0.24780873515654492,0.19425024132693042,0.2348406223055075,0.23558780363207202,0.16424579663387098,0.1865334166909299,0.297136219948225,0.1704001386035071,0.2189714777960446,0.2782723520059749,0.2932878333624282,0.435914617579453
2017-03-03,0.21653756026479448,0.20429778895370979,0.15011861155057335,0.24364371507638272,0.19398733905598198,0.23485268828721487,0.23533047617010522,0.16417036319691594,0.18680615575540566,0.27205853318463064,0.17039110295030419,0.2484281550063199,0.2782632292647388,0.29075193872664135,0.430115752706391
2017-03-06,0.2143848095811838,0.20096389310919785,0.14905400957665552,0.2420204957352336,0.18918531245466857,0.23688300832945225,0.23031621225398308,0.16574251593359218,0.18466094631430732,0.26999301395968145,0.1690723471898542,0.24846594586593218,0.27863195816117325,0.2764154180878392,0.4301040992147679
2017-03-07,0.21416672409011092,0.20297734682409763,0.14936436127716168,0.23978759357890336,0.1897313225195275,0.23685372012656083,0.22938170814714678,0.16598956276272686,0.1853388099682412,0.2700614738483863,0.1686132866368801,0.2488934250321558,0.2786214381426918,0.2806827968512459,0.4297277975057166
2017-03-08,0.20966031599389376,0.2028817429655086,0.14752220177323896,0.2420716724299916,0.19011126140396734,0.23615130871080586,0.22626132340067326,0.16573994422291638,0.18297701775073258,0.2698862506230599,0.1672441483425417,0.24964632572790754,0.27788010582416517,0.2821644034766488,0.43037799093393764
2017-03-09,0.2096779919062045,0.20130352238852794,0.14837413602239566,0.2334339916185158,0.19286775661547786,0.23662302644140829,0.2248424252377417,0.17140773460252604,0.18089276308605842,0.269193051763446,0.19349375419403553,0.25202894140818305,0.27794382187928557,0.2820369376088914,0.4294821745075766
2017-03-10,0.20928887028719886,0.201411610237361,0.14834334080884512,0.2376148023929675,0.1896160086139866,0.23662245985268152,0.2238789286697634,0.170666330576355,0.182972255549076,0.2686566869423078,0.19382317023820833,0.25421455945628496,0.2743262276494973,0.28152505128974337,0.42975177023746297
2017-03-14,0.20926674823005173,0.20227181854857054,0.1594032834337409,0.23822300928366247,0.1870682962989483,0.23511802172475488,0.22231789191894466,0.1696457446901584,0.18513353934312565,0.26436730085618754,0.19403840580639872,0.24931003695343829,0.27379690746170504,0.282010872071687,0.433880563473065
2017-03-15,0.20865341514790295,0.20598841335099488,0.16151525084009138,0.23822028065872336,0.18170813958862503,0.23544780521928727,0.21942392078858713,0.16846877473351018,0.1840349648202931,0.2643096421743312,0.1940141561453424,0.24988366080780594,0.2675851662217926,0.28131345134100116,0.4333165677696801
2017-03-16,0.20894990140333122,0.20873834511413603,0.1628959220664116,0.23767594430992894,0.18217828412395054,0.2377564884185174,0.2194619179895259,0.16663355294932766,0.18500223262914847,0.2593668940030185,0.1932013683081974,0.2483668227024147,0.2657259964393068,0.29215515935239755,0.434194654860627
2017-03-17,0.2091675323333108,0.20939588905290926,0.16299983474340654,0.23760184143939414,0.18249336805123997,0.2371264103471246,0.2370861318155254,0.1633658023884207,0.18376999262344393,0.2590769168768512,0.19302721311119084,0.2473662931653611,0.27770060330766566,0.2891351161381788,0.4352243744414277
2017-03-20,0.2093738557607174,0.21167013998819206,0.1644385756359402,0.2376045329040958,0.18187399497477888,0.23675795804501656,0.23365334570048865,0.162654800603637,0.1824461625838797,0.2545117202530263,0.19301427980899225,0.24751984799143809,0.27766265047528393,0.29072750233075006,0.4295059650094579
2017-03-21,0.2078976576791649,0.20968497374015926,0.16433306509299678,0.2385894426456012,0.17261869243575434,0.23344390476750682,0.23637414642296167,0.1600030941797993,0.18094170875393362,0.25523952972481845,0.20853433688367504,0.24660620738609682,0.268535817048394,0.2821232334264952,0.4267450024057608
2017-03-22,0.20761948236784358,0.20993516536733817,0.1635932323423034,0.23674498144698275,0.17215928970357894,0.23411285343473498,0.2430171254014115,0.15972132188947558,0.18123960114363877,0.2514684359697548,0.20869066082964013,0.2438241046498185,0.2782113308998978,0.28493539991196376,0.4278654053127561
2017-03-23,0.2075561673409983,0.2108329050777516,0.16663299247031968,0.23782607533297956,0.16701157099649158,0.23804586263110744,0.24417661239215968,0.15951014412116601,0.18139600229671737,0.24735490813728842,0.2087162585832965,0.24294343376472968,0.278226533656641,0.2782083170945738,0.3939932646281754
2017-03-24,0.20842224602420775,0.20926329570820518,0.16265789210328913,0.23966592897187572,0.16759753665557303,0.2380113504557715,0.2327293234406984,0.15913087557693129,0.18122600621196513,0.2457228956697256,0.20517387177871527,0.24191309636668376,0.2776332009800291,0.27270658187349883,0.39108722287720293
2017-03-27,0.21005343746746602,0.20934840517745146,0.1669114855751302,0.23941371784290794,0.1707198026909774,0.23861089475757438,0.23266339171814232,0.16247131590204741,0.18119137638944627,0.24918393415471898,0.20333213697409727,0.24191684804713934,0.27801794413044695,0.2821313115295561,0.39089027451920805
2017-03-28,0.21280425973634987,0.2091716798164126,0.16700142621941794,0.24307304615001635,0.17111685500962376,0.2367748806293667,0.2331013525509597,0.16098558414920974,0.18004956720854795,0.24842171973775565,0.20353973314218365,0.24209197610658853,0.2774361730267226,0.28194676060240115,0.3884727576265778
2017-03-29,0.2127524091684884,0.20606777976532764,0.16767562965105684,0.2417801501250696,0.17110254449283285,0.23668149980879097,0.22942269901876444,0.16029650350184058,0.1819819542037407,0.24653719702905064,0.20354484885962484,0.23978231367662786,0.2778534385481067,0.2818326741073371,0.38860567957569286
2017-03-30,0.21207908596636846,0.20551297864864848,0.16734841291124058,0.24224673218299317,0.17395884731429473,0.2369466446562998,0.22930083506214488,0.16213056498782344,0.1819278894234721,0.24637768336143245,0.20276516147068396,0.23932849708862505,0.278074286499988,0.2740392687710738,0.3676800703037608
2017-03-31,0.21171986487895383,0.20502795157045658,0.1657568486808872,0.24176297280605272,0.17442872236888124,0.23956466987767755,0.22998274002725103,0.1626942922746662,0.18218409772447408,0.2463501168870848,0.2037827034404214,0.23820950617175046,0.2740859904506855,0.27350148339331315,0.36804968232960195
2017-04-03,0.2045754113890302,0.20680864641454547,0.16631619552641236,0.23957558034821877,0.1728133364162347,0.24006745316592812,0.22966360568631516,0.15854117583824365,0.18113070460878014,0.2465402947453917,0.22314246819094452,0.2370536235622033,0.2726210755329647,0.27355324122685387,0.3542413944242809
2017-04-05,0.2060288055400124,0.20849075482326662,0.16572952411331293,0.2359273176037551,0.16462740676817045,0.24110118160913724,0.23080651618420148,0.15880394051257618,0.18175976494885906,0.24609010936675196,0.22051144235255576,0.23701957327244125,0.2693073807862128,0.26708690126309254,0.35577470492865765
2017-04-06,0.20111677853095972,0.20246844123831947,0.1592506994165474,0.22351684103151953,0.1623148016120804,0.2410877368935946,0.23114910217034645,0.15897420324393483,0.1818920112500905,0.24622912645553569,0.21999510490141128,0.2377021019954641,0.26972789461354413,0.2685906869364803,0.3654474897244068
2017-04-07,0.20685924687283697,0.2059756959268413,0.15980109546381208,0.22331093686469733,0.1564530921987108,0.24075429280590435,0.23051918801395355,0.1586518181978422,0.1819351041442012,0.2529401078983091,0.21511979653911395,0.23960058777557894,0.26974069716372606,0.2716168448076059,0.36712252430047104
2017-04-10,0.20686120256040658,0.21435249915498197,0.1622604291730678,0.22330338007347741,0.1563405363208358,0.24133649310811406,0.2294466892035819,0.15855007612511193,0.18368729160717506,0.2522271500415936,0.21551276566037936,0.2404554774145605,0.26953423249622394,0.2681941289632204,0.366866130734643
2017-04-11,0.20322733106957197,0.21641636752771018,0.1635885206319851,0.2235846489455657,0.15710928637051325,0.23987963794812184,0.23667320026597902,0.1605806312939893,0.17091634302133693,0.2505677999432436,0.21545378337404206,0.2407556266895109,0.2702230218427793,0.26002703999452464,0.36756948075111523
2017-04-12,0.20334573386615545,0.20601666800629986,0.1660445351649644,0.22341461121973288,0.15604203291049357,0.21179232532971604,0.23495110657732593,0.1595371997466696,0.1697951759962972,0.2530747180763552,0.21538684836724453,0.24098158043672682,0.27006424209364976,0.2643796639469235,0.3675396783328619
2017-04-13,0.2033186550757027,0.21504321096645618,0.16760351337552729,0.22307378003844602,0.15587280386519262,0.20948832987137922,0.2332318047544067,0.16168793577597923,0.17252646202237434,0.2533038535333095,0.21482054862579497,0.2389887544974946,0.2774637885306822,0.27144819176776264,0.3666947806386331
2017-04-17,0.2036654848582867,0.2114168048169083,0.16817341435974986,0.22564491009547008,0.1542520524639252,0.21962702646043344,0.23300799099684655,0.16718534184336303,0.1727800537552432,0.25597830932852134,0.21558866587528067,0.23824735950720835,0.27719184203463837,0.26590367374712,0.38985088241247046
2017-04-18,0.20357795678511056,0.21145502851576667,0.16793025349086058,0.22584842216688875,0.15188618278614704,0.2129584651164949,0.23198767793436553,0.16727869498487644,0.1709531399519908,0.258111791790307,0.21665201048555155,0.23826774332875136,0.2777376796569102,0.27108601241152713,0.4025722324328111
2017-04-19,0.20448630514125374,0.21137262350983788,0.16874167470170845,0.22639182236814173,0.14780911034190647,0.2145905604202305,0.23172147026980877,0.16788263265470352,0.16721423260871737,0.25819647683199654,0.21644110549401147,0.23920367000158557,0.2758516121889761,0.2632920780377873,0.40518708753460797
2017-04-20,0.2054996837515888,0.2115721603592687,0.16779692591845793,0.22913956321023543,0.14420534365908777,0.21429335786929693,0.23053578322053697,0.16818338248249165,0.17058974295347226,0.25840728783986444,0.21658356649520455,0.23948761219159456,0.27561642453812796,0.26384177124068414,0.40597519705432844
2017-04-21,0.2061802852511706,0.21080003209989778,0.1716346151656058,0.22673232391559842,0.14121312170058983,0.2146302134374326,0.23407582034818486,0.1680624124272661,0.1691199519351984,0.26351625796959,0.21640455696246974,0.23581938696153829,0.2749239214334067,0.2583957210703818,0.41871329994612333
2017-04-24,0.20717909289438752,0.210707942537353,0.17149841161203888,0.22685677692824716,0.13897681165617778,0.2145323331981317,0.23241946034046274,0.16963808626675708,0.16903206303016688,0.2624299144839438,0.21611762491737593,0.23574592799886532,0.2749189254640004,0.2562170732859202,0.4228849294858769
2017-04-25,0.20590515396452155,0.21029094804491022,0.1716956034701278,0.23132832183921118,0.13749092329287307,0.21227105226924942,0.23451432060908067,0.16962945705833787,0.1733687382250015,0.26126715350063734,0.21469332858876722,0.231470040204886,0.27881484749761726,0.25663667888256897,0.42377999783919224
2017-04-26,0.15225122618669307,0.21201937204885876,0.16886622089532194,0.23608910594813867,0.13288670300456298,0.21197831752675533,0.24039561762570935,0.17237708155392112,0.17772072282222134,0.26062039541453036,0.21502139910312287,0.23308080751725363,0.2766649589007754,0.2555268219891945,0.42464699662029626
2017-04-27,0.15250688505051027,0.21315325083207276,0.16584464391209464,0.23601680556513543,0.1330946378173508,0.1988797567311984,0.23438017737740915,0.19135539649067262,0.17589182913801896,0.2608965086608155,0.21509308320747372,0.2371466609199861,0.26548211023578405,0.25791282204887744,0.4230505599964097
2017-04-28,0.1543588197451374,0.21293611347259309,0.1661319202187137,0.23750173166959979,0.15843092259216704,0.1980723571997809,0.24150182741581075,0.1912024952615853,0.17788300887870714,0.2610294358985948,0.21423849603611506,0.2377513371419042,0.2277813213528382,0.25661839960292127,0.4262924428773621
2017-05-02,0.15713611658210833,0.2083777508158289,0.1619575121310498,0.22317351820731257,0.17160947218639255,0.19651177603935838,0.24121682467742656,0.19000235291596027,0.18043648981556623,0.2592185257135216,0.21429849010818974,0.23735891081748708,0.23204078422891497,0.257222530493426,0.42497072088105514
2017-05-03,0.15733034113541483,0.20825845517118124,0.16154234324544056,0.2232461694809226,0.17056799283436935,0.19585476382717995,0.22406592008592197,0.18932279128415935,0.1684379336104578,0.2587977661018199,0.21473228010728906,0.23735259251914378,0.23141765056398295,0.2522977117952331,0.4064340920214237
2017-05-04,0.1587651765174381,0.20396252100439433,0.1618826260982269,0.21636199160951547,0.17184948862958685,0.19487937722508092,0.2232550088228831,0.18777032270880709,0.16835474838802789,0.2536088087958776,0.20300567966592262,0.23962222149048634,0.22613777182205164,0.25218588047197366,0.407680057850433
2017-05-05,0.15756168235985582,0.20441994170705732,0.16186626581767966,0.19810145813954522,0.18002375900223413,0.19807630820928315,0.2251136263391145,0.18569664815875644,0.17290563599579675,0.2529002010352597,0.1994984713701055,0.23520365240347957,0.22621461482738398,0.25468666076787594,0.4076606107556599
2017-05-08,0.15775577441982624,0.20671418686975526,0.16168730051812177,0.20307246796161135,0.18106269485445595,0.19734513115190366,0.22556058707740415,0.17189079247928268,0.17005008725433066,0.23744609801562652,0.1979317534804027,0.23519631776065134,0.22949821928946315,0.25468383556728064,0.42372449999914474
2017-05-09,0.15743615234565464,0.20617765119610454,0.16275438553019356,0.2035224033546466,0.17772639471513224,0.1975393925966536,0.22579373528042507,0.16082097477655197,0.16788184547530205,0.23723457270895895,0.19756753270316033,0.23540501992218907,0.2318832810973656,0.25489877141067135,0.4227290267111415
2017-05-10,0.16133607805237732,0.20588446989990228,0.16771989558959527,0.20393733919479526,0.178577508492946,0.19767261364056768,0.22594404177180813,0.17169997229592768,0.1795539204200564,0.23640862462604828,0.19686549063811173,0.23607431950425903,0.28380600608195633,0.2556957257127941,0.42271332508562764
2017-05-11,0.16190541815962708,0.2048426857975246,0.1672470203678467,0.19952409062859622,0.1839583302888497,0.19431439488989172,0.22584596633050388,0.17319196313387372,0.17942646169425516,0.2362600556263777,0.19660886514165302,0.23715973848782407,0.2860540331620324,0.25230809888631084,0.42246612933866257
2017-05-12,0.16414429793598656,0.20379728833215158,0.16699184642865372,0.1919277475913523,0.18437015539176996,0.19304330881614357,0.22390610962512592,0.17349711363192608,0.17952910224876428,0.23720066915945026,0.19479348391293128,0.23651091037146296,0.2858635706076472,0.2499838176443949,0.4243254640684465
2017-05-15,0.16464265445345053,0.20258502698956785,0.16584445009045473,0.19198817769902363,0.18521489331379992,0.19149250904535137,0.22392858692756382,0.1859497899348837,0.17954439898043142,0.23720784221257976,0.21062132601848849,0.23593324718252165,0.2859277843383492,0.2659388045096741,0.4241518301929225
2017-05-16,0.16781944825280787,0.20260377663405307,0.16921326488429947,0.19064032764078695,0.18192880635610206,0.19069560436480237,0.22737582313237792,0.19077462354288055,0.17612281747103684,0.23667431235556866,0.2139128558406275,0.230846251285589,0.28487916442991423,0.2659578534219212,0.4238464085138927
2017-05-17,0.1682377076233305,0.20231820047310997,0.17025241103192185,0.1959596672100591,0.18190753673157228,0.19069801363523467,0.22710694960822983,0.1919044904289441,0.1817187570673182,0.2211105868552609,0.21340467568051438,0.23428676271714455,0.284171814482784,0.30982798437427383,0.3929687798704232
2017-05-18,0.16934594949933748,0.19269603210672084,0.17804226915443622,0.19465968351068969,0.1857646970216396,0.1902757687408796,0.22285454253034054,0.19191193332129652,0.19322277273147806,0.20387696441911166,0.21711188400912348,0.23751007024754792,0.2857109253387399,0.3088593498946595,0.39999873705170874
2017-05-19,0.1702376057699036,0.1914315813993586,0.1778664753220405,0.19611242658161415,0.18582476171098833,0.19120220837069318,0.23050939296003073,0.19205572531617893,0.19347605459259756,0.18591848627276414,0.21754593366899402,0.23718990808095575,0.2851465472707142,0.30895174773148304,0.4002189929259788
2017-05-22,0.17020476469627405,0.1903268359005471,0.1778738022226713,0.1963378650326088,0.1878891799885874,0.18946506695769574,0.2600528694886161,0.19245468126769194,0.19514397068533765,0.18957437289743925,0.22007634091437664,0.2369513987163626,0.2833063084005621,0.2981823026474405,0.3997149975398319
2017-05-23,0.17035491794206964,0.19027253680279144,0.17867901356234003,0.19377845252778267,0.1891404067378935,0.18960278045063025,0.26015535529112704,0.19038331830501767,0.19630491081924825,0.20569466177842155,0.2209450897688959,0.24130916745836828,0.274699125531754,0.2982069732882702,0.40981041964308207
2017-05-24,0.17064468964821133,0.18458360335295115,0.1786713190025266,0.1941357153654315,0.18925979041795932,0.17745050676062246,0.2602251456901201,0.19127310272685452,0.2000051223104425,0.20816622156296724,0.2254176703493937,0.23188809196770718,0.27524076374324746,0.29827310562292586,0.41775184337515897
2017-05-25,0.17188161386247364,0.19077489262246816,0.17731717223714238,0.20013595575901064,0.18931175997715832,0.1769797269067535,0.259941721200843,0.1914384477557097,0.2000964242112082,0.21076333290522173,0.23535678563285337,0.23269956781739415,0.27396499304209276,0.298242082015714,0.4186120262929184
2017-05-26,0.16916576553047033,0.19246608062286305,0.17702164669313697,0.2009233358339376,0.19039514187521825,0.1770003057831526,0.2658493192442245,0.19636426720470418,0.20880603571269613,0.2248466967033485,0.23487349981116,0.2294283330877446,0.26752646919126244,0.3184034269336928,0.4169791971652881
2017-05-29,0.1691502678681588,0.1936392935966129,0.17801872951643885,0.30707745893220356,0.190213847580784,0.17479508365958216,0.2675303265797548,0.19441983976224206,0.2077681243098836,0.32020632580635383,0.23536735740559342,0.22894518429170427,0.26217514087829785,0.3188827276365887,0.46105789192504487
2017-05-30,0.16259551495170943,0.19326526101140654,0.17798680140276282,0.31213268484579515,0.19368609335870096,0.18200680236012315,0.26624281774843195,0.1945297664995169,0.2050738368559509,0.31660960536651,0.23396746753641592,0.2253341955907929,0.2621591589602596,0.31057181280160007,0.4619466797972759
2017-05-31,0.160575601820342,0.1970638552573244,0.17804095415172871,0.3124841981026129,0.1941423102809632,0.17487295187907084,0.26401610540222126,0.1938380537254356,0.2087314631434276,0.313807543526084,0.23515960984456755,0.22544174210462078,0.2598407837377458,0.3110400543920626,0.42799250753454116
2017-06-01,0.15949635526000494,0.1974124059486442,0.17859405416145394,0.3153753940209728,0.1966314200619981,0.17493439746147726,0.26233885005339275,0.19433464017724686,0.21149566253103141,0.3129198460430821,0.2351376332605058,0.20738458436549115,0.2612168286925523,0.31265119113041534,0.4281946687341134
2017-06-02,0.15845479581689792,0.19731134334091613,0.18188386896610972,0.3157544604407339,0.19632490376921014,0.17411356970434902,0.2632991432359386,0.19299034758845648,0.2115589191975235,0.31543566979604304,0.236981358811399,0.20799139045049986,0.2617960369105512,0.31325340572171784,0.42844584267975633
2017-06-05,0.15810266728238243,0.19665635182424343,0.18193664898512255,0.3165424887113046,0.19533715725863693,0.17353890009067574,0.26360474700437353,0.19339933888209773,0.21157546184354306,0.31543623466869075,0.2372511890349333,0.20771538705854786,0.26184085819231867,0.3099400719218841,0.4282761844772103
2017-06-06,0.15761588222340517,0.20043475275436629,0.1824464217385254,0.31754074759151585,0.19821036573920817,0.18291133474057789,0.2679160915431327,0.19376633583441946,0.2117832541982689,0.31617943287321676,0.23770324199186557,0.21449856771850168,0.2625853573219626,0.30709129305322264,0.426896684650743
2017-06-07,0.15756153914974674,0.2037238823656502,0.18163414821510424,0.3197509167963944,0.19594099004416177,0.18227847902117675,0.26792019471510775,0.18813680082948542,0.21155322675748336,0.31771346037052334,0.21555582705276363,0.2105662093643665,0.26331544498645615,0.306729990755917,0.42714664624392434
2017-06-08,0.15834870316935856,0.20269657276929087,0.18234908138155062,0.31597612842408046,0.19490793476377108,0.18158959540886702,0.2675180464867462,0.18604061849945353,0.2103751074979099,0.32734800938877556,0.22942122012888927,0.20904242346108162,0.26366196117989826,0.3082470726245754,0.4269777496404153
2017-06-09,0.1580451198356184,0.20129475780950692,0.17702364958119637,0.31881466845306206,0.1951637425258618,0.17859103821316671,0.2700433506070343,0.18590124513664888,0.20859792124603665,0.31605941314798824,0.2285846075266528,0.21180766816257032,0.2627218733717568,0.30921257111456296,0.4341147757710366
2017-06-12,0.1590753240351701,0.1995018535751986,0.17982894189932883,0.32485532426025054,0.19501593229875605,0.17818917542100204,0.2705081530200175,0.185804667977924,0.21084852742586163,0.31863051894176225,0.22859664028932292,0.21207196006760543,0.2629225550510029,0.3081468239892918,0.4344168904739401
2017-06-13,0.15888834730141682,0.19658642383350616,0.1817680401275795,0.32491781867529246,0.19469320337517754,0.17698180065459504,0.27048857616512406,0.1855076560480577,0.21012029818366876,0.3189145722187356,0.22836394562506748,0.21246856242110843,0.2627597926465024,0.2955583262794492,0.43326653924701325
2017-06-14,0.15939906016253894,0.19503015853322644,0.1828061118769412,0.32517396208673804,0.1942844794741588,0.1761976992833711,0.25672388208253805,0.18436959760854785,0.21016201123208586,0.3194261447456449,0.23071729246831618,0.2116685738521408,0.25044652978111737,0.29643610307696006,0.4327123142319316
2017-06-15,0.15982597236988155,0.1921689620873906,0.18428382929359352,0.3252910567748753,0.1953758902177892,0.175562150924979,0.25695577843492295,0.18303545089034923,0.21250555315497408,0.3204082883026052,0.23202098508054483,0.2154697757204294,0.2501129344852496,0.2955123516282467,0.43428353522931135
2017-06-16,0.16424547536054965,0.19197239820484732,0.18984288624064388,0.325146322362279,0.19142986420738678,0.17647002753507132,0.25550104068974827,0.18383443555250475,0.21115518374296072,0.3235270018422514,0.21660505996535834,0.21423940054427937,0.2501465816526305,0.29552438718698687,0.434345010952766
2017-06-19,0.16433125217282143,0.19288032594174637,0.18982420065119734,0.3251519280652312,0.19127655921557388,0.17562572534185697,0.24914290197958744,0.18405625432375122,0.21075193913193735,0.3230336098455718,0.21749628060193452,0.21726212112777127,0.24004358681728397,0.3017366403668421,0.43210772762156685
2017-06-20,0.16464359337942708,0.19364626808245475,0.18587244669441055,0.3248011989660664,0.1952821572430629,0.17099218255737123,0.24898253588336203,0.18458818200602806,0.20978838473461722,0.3227493195269103,0.21793315227239207,0.21726334287090163,0.2401770327717447,0.30046959892840663,0.4321474447120124
2017-06-21,0.16375459885343624,0.1930418419417032,0.18588972046318047,0.32379937029344574,0.2005943684424985,0.1713789590746245,0.248103225604894,0.18529217369271897,0.21485240630351538,0.32359161168623357,0.21804472837041372,0.21700363349945698,0.2399990309203459,0.30095438887955867,0.4322981885588571
2017-06-22,0.16220713837031753,0.19307774549651874,0.18220011175772688,0.32369154972097847,0.2047829118386272,0.17103620306662198,0.24837291382365753,0.18222204322160226,0.21576122755820693,0.32629027171103364,0.22170274623988526,0.2163281120813753,0.23977326408191912,0.292385064881317,0.43245949357368174
2017-06-23,0.16192150504941474,0.19270799561277865,0.18220229527054177,0.32069544031051606,0.20562332971324698,0.17028925154166227,0.24814455103865818,0.18719485911618275,0.21494471235722049,0.3260627340324771,0.2217448349596987,0.2163966560160898,0.2395936507674965,0.29401694116968974,0.43515588238396574
2017-06-27,0.1638367182814204,0.19542990656239884,0.1812544135202203,0.3202315997655994,0.2076540092317875,0.16996860270092354,0.2476959988952983,0.18763474027530777,0.21300215031643868,0.3252602884725749,0.22182604079373758,0.2158669384171385,0.24008013286949784,0.2938613212312115,0.4388726118143671
2017-06-28,0.16353860599755743,0.1951988747700366,0.18125238959456966,0.3276005351546859,0.20653091478230526,0.1713462571968558,0.24945317843305914,0.1849271893693737,0.2131952649596271,0.3254639581757701,0.22121127299552523,0.21601599027680657,0.23926330919207942,0.2943637709128619,0.43967265960139845
2017-06-29,0.17179513058745635,0.19573842827398902,0.1813808649060285,0.32782315050232835,0.20579503228066004,0.16755369029550962,0.24910840653960142,0.1860095795222519,0.212638643689067,0.32620444846987356,0.2207347240310814,0.21560648099566218,0.24045069674207845,0.2986342214868533,0.44011609082792347
2017-06-30,0.1721926040573133,0.19465558166068622,0.17815430346828173,0.32856333287231243,0.20530106434174697,0.16691248482496931,0.2600905341093949,0.18320405285749278,0.21421242556290554,0.33524280399577894,0.20464282777042275,0.21559840260612734,0.2354226664711533,0.30079642352846625,0.4411437112315152
2017-07-03,0.170462953717628,0.19666440578626493,0.1778657235347534,0.3277710149390618,0.20708500298233268,0.16727195607581982,0.28263351525024544,0.1826284474100984,0.21387197436376185,0.3353012289075872,0.20470240281074653,0.21417356661912657,0.23526130633007192,0.2998748016288129,0.44086594486640895
2017-07-04,0.1713583697519334,0.19783060110071637,0.17718145028770618,0.3280354991743079,0.20674014988109937,0.1675128242945657,0.28200411613168247,0.1853517414240679,0.21436897031396196,0.33539009324308644,0.20882155038949676,0.2129036031882505,0.2351527095460327,0.2986319208537721,0.43317369011274803
2017-07-05,0.16326357215418527,0.19581104444858846,0.1777020556836455,0.32782725145094826,0.2108957298726572,0.1678992215811321,0.2850815659878947,0.18612324574480396,0.21467018389580936,0.33059943927994334,0.20703277528076594,0.2111974018411292,0.23557444315771967,0.29618153553153254,0.431869823129472
2017-07-06,0.1632730025181098,0.18681498671767446,0.17499715263596335,0.3277976223392259,0.211040587109861,0.16740612144556635,0.2866492169682246,0.18612400087179032,0.21216466100242423,0.33062916537633263,0.2060530491604309,0.21227535082968368,0.2367838866470158,0.29644912313493893,0.4322309068845111
2017-07-07,0.16355305601309877,0.18614346033830895,0.17349751110826966,0.3284329682375686,0.2111584396827454,0.16798541016785948,0.2820319657497223,0.18534821169022367,0.21328621568213169,0.3308693530759212,0.20785333088919247,0.2130538962157095,0.23659796134230884,0.29455761897419613,0.43150629641556665
2017-07-10,0.16343757778147144,0.19218386253369127,0.1882619536886343,0.32810826411723276,0.21501936040451447,0.16685291042678738,0.28221779214018317,0.18599126529253654,0.21204605884744138,0.3334142490113024,0.20802758288345943,0.21223735149814668,0.25749565171520244,0.29069767556807086,0.43150464468958905
2017-07-11,0.16502027547225706,0.17837314259374706,0.19117740116905627,0.3266183948263147,0.21559337500958037,0.172153370995051,0.2820190999158061,0.18423255879153186,0.21034434038232233,0.33162812517174256,0.20980021902531124,0.2138231318981915,0.255070167085306,0.28348665938281603,0.4343151195248599
2017-07-12,0.16434399826471266,0.1777979912593857,0.19057693838021122,0.3249893100629445,0.21838745375462254,0.15857020495537633,0.282403201703859,0.179449380195929,0.20985265013873702,0.3291397543337165,0.20925489124790775,0.21394109897098806,0.25508812793708163,0.28324204919951995,0.4036435015262252
2017-07-13,0.16372438177799115,0.17779633751797735,0.19052099784894794,0.3249914197759322,0.22227730437667903,0.15567259939326344,0.287649218529854,0.17989585439543684,0.20967891197964553,0.3291261086310365,0.20761281891792696,0.2151773774516732,0.25608600854238717,0.27626425022278195,0.3913675637803972
2017-07-14,0.1653110956388192,0.17798452065875212,0.19304866464678067,0.3243260374076376,0.22214018289491716,0.15619524289865613,0.2879898007951957,0.17927780728676024,0.20685842172579133,0.3295408861644888,0.2069292220319917,0.21335535223128357,0.2564298282662305,0.2776745133880423,0.3884613144787225
2017-07-17,0.16288058773913364,0.1787714485793543,0.2003233624640111,0.32312621606678044,0.22362045192464866,0.15606851278798506,0.2989826501567702,0.1798102166800844,0.20453803348047728,0.32901550373247745,0.2071314743084679,0.214617582145486,0.256214391851572,0.2775345912932268,0.3880668550804945
2017-07-18,0.16136833930327044,0.1784444901422318,0.19716754890527446,0.3209495522515739,0.22436991143951474,0.15042202596579665,0.3954950681714857,0.18012558940425774,0.2056298804856665,0.326739602653774,0.2076322924857842,0.21462614139880845,0.2562417812431931,0.27655313782441626,0.3683376058712835
2017-07-19,0.16139544324737096,0.1790194217262832,0.19756572918498136,0.3223049326906807,0.22460783692687125,0.15022003124066605,0.3980291778912697,0.17982651242776904,0.2079252421032324,0.3291269701010953,0.21138810910870223,0.2143354526405288,0.2628479323347504,0.27718721734424434,0.36111900292324445
2017-07-20,0.1647152173980425,0.18061646482665134,0.19822923381683483,0.3199860086533932,0.22799359858463702,0.15239500073187845,0.39712792873232444,0.1812275176670836,0.20197074015294084,0.3298673106740558,0.21095530701869353,0.2163083451433375,0.25861123236027433,0.27795799165887386,0.35903081938460546
2017-07-21,0.16893591615982798,0.17810041765699203,0.2338520250126531,0.31675234061565904,0.22816727100612072,0.15260029251249604,0.3911363859023255,0.17996411433078377,0.1985739430070035,0.3303636845919817,0.20898889856509836,0.20608749220157518,0.26250173264143983,0.27862078087395453,0.3585204720410935
2017-07-24,0.16630403432556404,0.17777544711605525,0.23576435948396515,0.31761640561136506,0.2282673715670755,0.15173915855735717,0.3904378176873824,0.15729156181202475,0.1986347260761491,0.3303559327734795,0.21483698486593578,0.20446441960520087,0.2652765329652813,0.27629989108056674,0.3586747130140878
2017-07-25,0.16287091465063017,0.1769755124107804,0.23623349083830716,0.31788947422845293,0.2099665607936383,0.15166840971474593,0.3862907061133353,0.1573844763581288,0.19518308856300998,0.330073580631391,0.21489470026288812,0.2033088696313691,0.26641388679215794,0.2763297541293193,0.35608649512933166
2017-07-26,0.15947362199607865,0.1769303259452778,0.2363213264032759,0.3178773400453519,0.1985437888403776,0.15162608079228987,0.3864655571262424,0.15770744760121194,0.19266743053733865,0.3332528051841861,0.21459628190163776,0.2031007896959982,0.26149454321592164,0.27769321517413825,0.35450879752332254
2017-07-27,0.1608356904361164,0.18245439449480272,0.23633977952744414,0.31803460281577933,0.19853941980514672,0.15215347654987355,0.3880107461939499,0.15774686490655912,0.19296615058054886,0.33393912710074286,0.22488620777459317,0.20291042304036636,0.26713659190915723,0.2773687283317208,0.3544011949103113
2017-07-28,0.16034218962190194,0.19009325516805053,0.23637426972471648,0.3189676137600285,0.1996736310975689,0.15323936214505873,0.38753897334481907,0.15778012453821672,0.19457400329919447,0.3417021804818785,0.25582793448736246,0.20422530226224359,0.2677627258348092,0.2807301581251304,0.35521899085999337
2017-07-31,0.16094993953615966,0.19107389714023015,0.2364333047434566,0.31877086288019385,0.2024327868966443,0.14843726710451738,0.3890537541025874,0.15781421308681154,0.19052687905407234,0.3482230569522913,0.26435354423002033,0.2024881215904589,0.26824179989990143,0.28017789761024636,0.35570127354748904
2017-08-01,0.16171778372283713,0.18959391984779647,0.23969550800081865,0.3285193753781533,0.20172725227002417,0.14850719118889757,0.38791523383190274,0.15897183004450974,0.19081600012561595,0.34734996522979006,0.2680000288471727,0.20298532981004128,0.2667406889159985,0.2797070017488549,0.332628917433037
2017-08-02,0.1621515028163089,0.19159745596803868,0.239038652952635,0.3275464682787437,0.20274910993486442,0.16927292499298027,0.38818989192112874,0.15911474649449728,0.19086494360537,0.34860286216595804,0.2711040326318826,0.20262659372912636,0.26368894956746736,0.2805454548273362,0.3316315481416027
2017-08-03,0.15944453579738058,0.1926201039371634,0.2382735683540714,0.3279747014072837,0.20140436745650422,0.1690948528757159,0.38915604417626887,0.1446694960698809,0.17920728045242967,0.34909120622511997,0.2740132507861545,0.1989326983020055,0.2134759850692398,0.2841488523583763,0.3329488070166195
2017-08-04,0.1584538871507889,0.19263478814532609,0.23778245870862738,0.327417247941175,0.19690251048154997,0.17549391950539317,0.38877364044052126,0.1437221475933204,0.18041631870851246,0.34946432057268373,0.28308279327902863,0.19764884001269686,0.21028650817452305,0.2886541128753073,0.3308750982558756
2017-08-07,0.15397613763723064,0.19090714717246346,0.23830441503403857,0.3255565260157485,0.1961462879318334,0.17811223529281628,0.38859569279504264,0.1438421405043885,0.2049465561053288,0.3482585200813422,0.28416344221638185,0.1977188975753801,0.21118656327915888,0.2967373166242333,0.32627246349984185
2017-08-08,0.15054537615640282,0.18909921018556944,0.23828759349757908,0.32788474047830446,0.19552068664332806,0.18279287245941764,0.3904224246181786,0.12989262289227768,0.20534589275627338,0.34842916426533227,0.28905360790067014,0.19946673933445175,0.21095859478035292,0.28926565973851326,0.35177904439464874
2017-08-09,0.14789488922120164,0.18929230326779936,0.23627587481575404,0.3284106333328925,0.19668741118635236,0.184842126410118,0.38843408119777445,0.12367985955827943,0.20556651620739846,0.36189178930165056,0.28793789803859926,0.205171767239515,0.2044983591147408,0.29329449602283564,0.35099069621273454
2017-08-10,0.14672137141918223,0.19069934875885183,0.23524391739351466,0.32789044995276634,0.19778958503823865,0.18470042702073283,0.3882178197760336,0.12456702085310639,0.20132340163862655,0.3650316933313237,0.3024503718583232,0.20047514811529799,0.20445680910802413,0.24619391438807567,0.38346002441774035
2017-08-11,0.1458016550043816,0.1902445316944659,0.2285620885664053,0.3254449881290373,0.20005348607688675,0.19012989626228927,0.38742149727507247,0.128061751770996,0.1895736212216623,0.36623773876814547,0.31131378317180486,0.1933616720913979,0.20223315691698923,0.24529065740814723,0.392677450941833
2017-08-14,0.1467691460763575,0.19055841417207964,0.22741821542329835,0.32407760989997236,0.20226087953175018,0.19241153802157845,0.3824488809033681,0.13174936009162463,0.19078346863494175,0.38274266230660897,0.311205248889026,0.1964245099971607,0.20488363540504184,0.25952427147833357,0.5281046122846633
2017-08-16,0.15092171471356333,0.19100754918906118,0.22750415632657128,0.3358139349871383,0.20012864054691565,0.19319443864554456,0.36604215260053996,0.1306345282552769,0.1997647358702424,0.38792948473291095,0.3101386681654367,0.20341100429394476,0.2049692243260768,0.25897638152444846,0.5277037225941017
2017-08-17,0.1530686194884853,0.2129137517376332,0.2273648173300836,0.33606735930841486,0.19840804724887023,0.20738122281067012,0.36546001995017663,0.13088350868064422,0.19997536496825297,0.3808765273939923,0.3101060156758757,0.22240344432642614,0.20867320532204617,0.2604410674748722,0.5244678243283595
2017-08-18,0.15324767665181852,0.2912927941001477,0.2272503013050138,0.3366011333571532,0.19832514975605,0.211680356171531,0.36576013318959116,0.12954361478559426,0.19572262979142693,0.3860569598101511,0.30799532497269255,0.22912730170857717,0.20809113181725464,0.25761528317222626,0.5200996516281424
2017-08-21,0.15000132962354218,0.30479487870688304,0.22340147399227298,0.33410288875720107,0.20325226044372455,0.21259310669278358,0.36575492917050606,0.1296709129501346,0.19584564204021965,0.38616804703230845,0.304339180778002,0.23018423990277237,0.20837232898811903,0.2586260162360187,0.5186871054367126
2017-08-22,0.1489307382027145,0.30348022462199903,0.22383399323237588,0.3359522822953611,0.20479166260315604,0.21939329693626844,0.3603064112353175,0.12080322517724376,0.1853718230596788,0.3819653480163505,0.3108464371909896,0.24844271523527028,0.20828765694841583,0.2359754822175212,0.521683291850576
2017-08-23,0.15001952377963226,0.306081976624963,0.2230095378033566,0.23657814734196184,0.20486716494708096,0.2212094806646285,0.35716220697231177,0.12041515034583625,0.1859726697475663,0.3027441088746674,0.3152070970324987,0.24853266605361596,0.2125604622949327,0.23845368438610995,0.5001718957281355
2017-08-24,0.15031585605560524,0.3086330532921366,0.22310451301085898,0.2331845934014721,0.20139852688047544,0.2135669236012686,0.35624171714144165,0.12030523500084121,0.1874508238819426,0.3081964239588542,0.31721434494986833,0.24888003910748152,0.21173135587798436,0.23837737134487114,0.4980516681752424
2017-08-28,0.1502936256155178,0.31338392270431464,0.2231285647467004,0.23317090962805184,0.20163036979676874,0.21882505492636656,0.3563432837218714,0.18294830757957778,0.17936799217009738,0.31035413522496086,0.31618834004964647,0.2496272213444498,0.21173333716294518,0.23615869131875802,0.5039840535503783
2017-08-29,0.15216758706770786,0.31406482464189484,0.2223362571702265,0.2307602947130184,0.2030609093316698,0.22708876703815123,0.3561181948980533,0.1847107130034079,0.1760141545126479,0.3129008806533974,0.3161382629293894,0.23905134280371607,0.2123830616845183,0.2343687221790345,0.5030993299588075
2017-08-30,0.15277724693018818,0.3140512700172518,0.21911255365954446,0.2329166731506655,0.20385927715688817,0.22597996241542545,0.3546602088157324,0.18554300880059799,0.17773927101063586,0.31152550371067295,0.31445151442970487,0.2404794369366132,0.21019229959680524,0.23302247072416454,0.5030968958914122
2017-08-31,0.15303596105374292,0.3142945392485027,0.22525764552273728,0.23270132373729385,0.2030143331631396,0.22613324048506483,0.35386548151369673,0.1861510685204294,0.1764469892646888,0.3116694757482527,0.3145473385652704,0.2403158034521251,0.21027028531962325,0.2329812202370546,0.5033640915935302
2017-09-01,0.15682122811672417,0.3111895587169129,0.22563390314534099,0.23247572090157761,0.20187778467273135,0.2184198739734203,0.3519955815297947,0.18854316711272912,0.1758390229825557,0.3107799768359331,0.3760024478511835,0.23265467063710438,0.21103758263543856,0.23477299869697876,0.5077114242776545
2017-09-04,0.15977277368526765,0.3119839757770226,0.2214002500637117,0.23090357172609433,0.20333044746478904,0.21836006265533264,0.3518331399397803,0.19401294464317803,0.17665832435194906,0.31549760346040906,0.37636760510912576,0.23700710324535137,0.2131946483684957,0.235985038940311,0.5092791773553141
2017-09-05,0.1597728304246113,0.31191398100790396,0.22083311365981545,0.2369183737271339,0.20318932554532862,0.2187225413337098,0.35183150720656625,0.19958422409415036,0.1770702648261202,0.3093990459120076,0.3676513003203148,0.23463273399414153,0.21732465509450327,0.23487117605567734,0.510168736544264
2017-09-06,0.16004036890047302,0.31179978821709486,0.21769351216149332,0.2302826755274138,0.20269591163324266,0.21871465045729,0.3536189760010259,0.2003637371147787,0.17693723434968175,0.31722952936056836,0.36770203699571413,0.22987846275945903,0.21861394844420687,0.23379370338025093,0.49945345326854707
2017-09-07,0.15911564363306313,0.30982841731752214,0.21315753872350107,0.22429349477520175,0.20256599885973184,0.2202063062423278,0.3554109240571209,0.20529026280392446,0.17407890414520966,0.3168348740729477,0.36899956100630843,0.23165125394487476,0.2199339718575609,0.23397928290758324,0.49926661352989743
2017-09-08,0.16147780149550084,0.3105851419542748,0.20987260672456887,0.22382943947901468,0.20243356259460177,0.22110850488574943,0.355765514763872,0.2059084580937954,0.17411276925355387,0.3180842693925122,0.37271916094282453,0.2317950223362265,0.22130043070162653,0.23382076634869894,0.49932620693588964
2017-09-11,0.16087105563959178,0.31073812635937104,0.20790778436357013,0.22832738754204757,0.20301833200134836,0.22337966675193713,0.35440019728987127,0.20723498964734002,0.1736098628601405,0.31806135335410707,0.37061387614831853,0.23205024974582758,0.22120285844600227,0.23166352434337498,0.49858425063309564
2017-09-12,0.1629963773512617,0.3108800797249136,0.20692654977366293,0.22744685420767224,0.20130698804064343,0.2229689571154915,0.355552699922946,0.20849477746786949,0.17017561729588843,0.32600867016822627,0.36954798453681864,0.22974184452863902,0.2212861062746046,0.23725155753369873,0.49797456986511407
2017-09-13,0.15777103351277083,0.3099718541234576,0.2019670511351997,0.22645164882336044,0.20185772546598763,0.2231554439717118,0.3562447341300157,0.21241827302497787,0.1701170561377389,0.3332704838227691,0.37361852586807964,0.23287135831269348,0.22227214356303626,0.23779491286829305,0.4993409241974781
2017-09-14,0.15972337850748536,0.3099803446605629,0.2215049210535263,0.22625416296554,0.20252911216522745,0.22322518159983892,0.3549332560143277,0.2122592803784122,0.16999921180373556,0.3442671793067232,0.37536903091639734,0.23054227836788999,0.2226554151386059,0.230217714957083,0.4993087040591622
2017-09-15,0.15950890200437012,0.3106767686086905,0.22177390885183423,0.22545294091822463,0.22108199961130426,0.22221207807030502,0.35515641168665857,0.21379898085167287,0.16959076391255912,0.3442412179863898,0.3763299838632257,0.2303735585393917,0.22323954800826176,0.23029598713020635,0.4994746010500577
2017-09-18,0.1602831794731558,0.3106893013415028,0.22261387261201254,0.2242698753814437,0.2156037074502469,0.22211474288796473,0.35535546644837235,0.21418857105227415,0.16421943274182788,0.3438608002935043,0.3776375285854086,0.22970101541254292,0.22323773878335426,0.2302738544248935,0.4993297295691913
2017-09-19,0.1634605153489567,0.31072720568152584,0.2223771999126649,0.22274631914826537,0.20853015446784398,0.22191480353962892,0.3549509894224264,0.21451311864975312,0.16335763600196657,0.3418855102169194,0.37608699824728764,0.2277654671786046,0.2234049117632806,0.22934850390643388,0.4992814698983474
2017-09-20,0.1628268845891721,0.3106413488443074,0.2226154217977716,0.21917477625917606,0.2070879986206096,0.2219437042236321,0.35646775676078213,0.2103654288193923,0.16408164945089865,0.34358068819052534,0.3827112555698288,0.2288960354252234,0.22352005764588714,0.2267237854630986,0.4977776919522532
2017-09-21,0.16143127670912852,0.3087349697239515,0.22255214298211803,0.22352633468529987,0.20638021145206242,0.22194385683718243,0.3563856318449153,0.210699370017609,0.16481378250566364,0.3486335446564749,0.41314789365670934,0.22887505263930683,0.22236182809210822,0.22705713283508402,0.4980057219894641
2017-09-22,0.16210479121830695,0.30971886025559986,0.2227192398878615,0.21612095072140927,0.205738930351398,0.2229464057133538,0.3557239982834701,0.21037430057433076,0.16774553309126133,0.34926625094888425,0.41375716256247924,0.2332712933359015,0.222017400151287,0.2503462682668859,0.513028792578489
2017-09-25,0.16043482874890602,0.3095024826391697,0.22382545226030673,0.2176536944675566,0.20569457552853518,0.22243905664822364,0.3573147625060605,0.20862748079898027,0.16766327223985167,0.3492114520567945,0.4149963661620688,0.23696269490581398,0.22245476196153893,0.2510468443475167,0.5176455403631257
2017-09-26,0.16031981452367386,0.31026409094393714,0.2240800860425208,0.21516531569830977,0.22055987940199528,0.22252548615443474,0.34690246375952916,0.21049556833629193,0.1666641813945952,0.34133813391988554,0.4153345836126984,0.23719880228842208,0.22231319513911862,0.25178217612768344,0.5178188099275494
2017-09-27,0.16253260879649914,0.30828582983263964,0.2247142159325753,0.2149713131423953,0.22028511484685961,0.22194802604673464,0.32312250262649933,0.21082766568487793,0.16753855755724958,0.344773207523004,0.41879234440594404,0.2364073337032727,0.22214383733676704,0.25246457743962225,0.5275512944401288
2017-09-28,0.16964200964531573,0.3074238136719439,0.22567897848491913,0.21379333683929946,0.2205752830145672,0.2217184354674082,0.3240080277313847,0.20865705927016456,0.16691558709323667,0.34542598496055127,0.4219978823165772,0.23709405600746872,0.22264258836166625,0.2518753583063208,0.5281797207805955
2017-09-29,0.16982329088350898,0.30679750650937837,0.22901209070586806,0.21368098536327207,0.2179824654737587,0.22200117581725598,0.3231080726049249,0.20904261235774357,0.16640128492998185,0.34594251674821386,0.4221677706923005,0.2392530370439724,0.2253702673066727,0.2518754231669062,0.5285785993442923
2017-10-03,0.16988406234521744,0.30687004797991546,0.22958778765691704,0.21396111943986015,0.21746401846193475,0.22168242814014819,0.3215199198255557,0.21049420628172327,0.16643808368857277,0.3455390271687972,0.42223703605945867,0.26102166393087944,0.22537921510629758,0.252381101374583,0.5286089948105737
2017-10-04,0.17530055283182888,0.30601553984550955,0.22960786922945525,0.21360987331994613,0.21598480374172696,0.22154846198106407,0.3260885472676342,0.2098666547497341,0.1642498031240647,0.3511863084851783,0.4238863712379144,0.26071087220665334,0.2276054678217168,0.2524188821155289,0.5283786119719777
2017-10-05,0.17529169297319622,0.3021877619772818,0.21455011573537225,0.2242552817868382,0.21375804179237223,0.22402547053929983,0.32621933379376333,0.2098925201646424,0.1641475964386696,0.3467967534352616,0.4234720778658535,0.26900211217872677,0.20072371350208937,0.2519337510521626,0.5317315153541092
2017-10-06,0.17418636699419404,0.30213586288453315,0.2113741886157053,0.22517259506811613,0.21366200015814701,0.22779552263725525,0.3263500101896826,0.21090729604335054,0.1634631127620541,0.35337314858145585,0.42292115288544563,0.2697550186093076,0.196060963558961,0.26623992901239757,0.530432607482535
2017-10-09,0.17496200546922527,0.30225993334772266,0.21137434376085104,0.22621841816449156,0.2151587436367151,0.22830511944565066,0.3270214526818892,0.2115024489145758,0.1640445176395167,0.3534029342635871,0.4241143936527716,0.27026959476320717,0.1965508919489323,0.26638849124067593,0.5305042008618259
2017-10-10,0.17493612526553018,0.30326288874586027,0.21137765918395118,0.22627992170270678,0.2087636295552015,0.22829197781381363,0.31963483722691133,0.21111240613178733,0.16386816809370292,0.3526853102400408,0.4241025394381618,0.2780618526575238,0.195478098405944,0.2676097114004112,0.5305684520487951
2017-10-11,0.1743609662339948,0.3032603587221331,0.20945505874757034,0.22612641179676893,0.20924307841405562,0.22494282455317427,0.31963298845485955,0.21106781241339526,0.16369630018126952,0.3524219545008076,0.42507224202227856,0.27845998187933046,0.21981854993056626,0.26819385759787956,0.5304815794133236
2017-10-12,0.1760730937021758,0.302127378747803,0.20355756237421496,0.2271820832839133,0.2083564657604242,0.22541171310322553,0.31325154837926794,0.2116248228338916,0.17822694391877228,0.3566418539334493,0.4249477614582267,0.2778285491098365,0.2203109852340771,0.268936099487124,0.5305445529058623
2017-10-13,0.18156278163951378,0.3021905092118097,0.2036040795870375,0.22693589509443202,0.20749476138132575,0.225273827005319,0.18367148057360216,0.21174527878383087,0.17759417803614516,0.3560843113222878,0.4248388351427268,0.27728797716990394,0.2707800294356803,0.2733210913525411,0.5291289880698025
2017-10-16,0.1786004767236635,0.3027388955943647,0.20347788021741256,0.22660399620119343,0.20875796642337283,0.22537941133815984,0.176572457896765,0.21137134690584355,0.17725537294606897,0.35769628538438997,0.4249719113366019,0.2776171378033505,0.28347561966667856,0.27259245406243393,0.5285796565585704
2017-10-17,0.1758948423904188,0.3025334962715345,0.20290919985735403,0.22419560846982917,0.2062682480762266,0.2231976959906588,0.17622496552800737,0.21145514506024568,0.17874737861265963,0.35693625850812166,0.425013364270406,0.2772045884873096,0.28843649956946876,0.27204130385059,0.5333960924056996
2017-10-18,0.17437970600902822,0.3018286627216903,0.1609929145351957,0.23478581052706976,0.20860243994049865,0.22402454465395716,0.17817612773424052,0.21386935889977107,0.17967479925446733,0.3572390171517104,0.4248660316699016,0.27022491950615746,0.285587887094878,0.2715738190502184,0.5293227453505382
2017-10-19,0.17756428717641248,0.30098380918806794,0.15739810902730375,0.23427438482032006,0.21023412533752114,0.2268668848805163,0.1750072710661454,0.21403869327497327,0.1823537498386589,0.3571726329364039,0.4224819746209995,0.2663840150073146,0.2869436097612822,0.2710653036776432,0.5303674093941223
2017-10-23,0.18027933734151352,0.30232415774673205,0.1603009836690137,0.22990429400077156,0.21032374620712926,0.22763553973475825,0.1755441809961149,0.21393208224393845,0.18237477977069108,0.3572963535254257,0.4224878054004879,0.2666119145482229,0.301383508824853,0.2711399719070082,0.5331236645762939
2017-10-24,0.1802718013192855,0.30350149511110447,0.1602916941086316,0.23347447447574338,0.21593556748630635,0.23175265377341825,0.17453563306918884,0.2135980734481774,0.1833231998253763,0.35424056524465874,0.4222059464356325,0.266608213822644,0.3014052897233262,0.26860035565577417,0.5330010501280047
2017-10-25,0.20926385168220324,0.30068479735065745,0.16085646894663533,0.23831239190720158,0.21539110806277556,0.231728217500912,0.1725289993207842,0.21523327895369895,0.18319786451622375,0.35584105741676725,0.4176012226456521,0.26893914412050385,0.300203649470822,0.2677674099058033,0.5346828947180611
2017-10-26,0.20781790691201982,0.29651144494461373,0.16225353933072909,0.24009894184882036,0.2144378609344933,0.2307847199540752,0.17090130658892141,0.21513896628843182,0.18341158121362422,0.3489269890815804,0.3998477627581033,0.26753027868229756,0.30052973854113696,0.26526149509030267,0.5325461663687272
2017-10-27,0.20802061484886347,0.2949532702631252,0.1665378013050587,0.23977413362717173,0.22015790647600683,0.23337830700456405,0.16584677641652482,0.21511200955336085,0.18361845086638237,0.34974682819766784,0.3964898810055994,0.26734613363175913,0.31987652116677423,0.2614654390532953,0.5327040344540322
2017-10-30,0.2075915669074928,0.2948100847079589,0.1624868725514774,0.22772827447959887,0.21985266129270856,0.23324835593060544,0.16719766735838562,0.21428415152816585,0.19285870529083338,0.3498336219923509,0.39606201487418413,0.26703735972781906,0.32061588508740363,0.26328999073752624,0.53417446343737
2017-10-31,0.20753860841322969,0.29448582661606426,0.16243102316756095,0.22857565064942995,0.2224984555226525,0.21992208016126044,0.1666902883225639,0.2142545900869023,0.19780238387893007,0.3473217116162779,0.3934954706713145,0.26688620396695256,0.3205912387321423,0.26719984437703176,0.5537839393278222
2017-11-01,0.20529323465508018,0.2942297462043342,0.15899858108242326,0.22870420713693906,0.22258460348844436,0.21998603314224158,0.16791327085161328,0.215121091789769,0.1987167455041208,0.34622987557902823,0.3957104190158638,0.26672828141809435,0.3596566290701264,0.26354240360578224,0.5572636982591476
2017-11-02,0.20556831735072187,0.2943364951549472,0.1590140291725662,0.24672356416803515,0.22566952715029306,0.21292615654962826,0.17065003644357668,0.21509448479355256,0.19939707730828093,0.3476379828455988,0.39108332324189793,0.2666135701674919,0.35884003853313107,0.25834307842468807,0.5573243713403513
2017-11-03,0.20575170271556595,0.29279286803512156,0.1587447049589099,0.24728705557983122,0.23637397853950082,0.21071767041100456,0.17058040665846652,0.2173509376864259,0.17531725454431177,0.35096609147776014,0.3896548265427232,0.26597580662171827,0.35826724726929876,0.24558251299495798,0.5599159018006342
2017-11-06,0.20495948627220972,0.29270473255090707,0.16272102496075155,0.24362644917315993,0.24547403674934254,0.2092319534924651,0.1656716223340928,0.2211617352542621,0.1742443280802929,0.352508622740104,0.3751956016576145,0.2655407196902658,0.3606905182372833,0.2405051038685647,0.5410912471048637
2017-11-07,0.20486372260909683,0.29849348293234157,0.16318345748382704,0.24510765901293274,0.2531599253859693,0.20763680227141476,0.16548619752768143,0.22209554221926175,0.17387358446089962,0.3391077490113404,0.37198955130745265,0.2621830856866953,0.36884800448218347,0.24078756846786348,0.5463050192774379
2017-11-08,0.20474505387728517,0.29750280013252844,0.16287640395769626,0.2531364881505984,0.25198208270442596,0.20873351190959616,0.16547136944794752,0.2218529488529952,0.1719163563951012,0.33478164569353164,0.3565790896946795,0.2631008425377905,0.37818612160993664,0.24072972148364954,0.5198148612170735
2017-11-09,0.20490500460817151,0.29722311542493185,0.16260608238419672,0.25285644715709654,0.24823558371904833,0.20408276864843075,0.17001051827378813,0.21924346689226593,0.17636822943259822,0.3309627899021833,0.3510133724334473,0.26360836355666123,0.3790939715055647,0.23998969197931766,0.5055214535337906
2017-11-10,0.20541433185822522,0.297393633892131,0.16228479678019014,0.2526824998405693,0.24763438436680443,0.20224833940683895,0.17061419912525264,0.21763277295709987,0.18034226166358894,0.31847946988665693,0.35159814273012846,0.26128985235140834,0.37739396996710783,0.22327157135138467,0.3789043472326111
2017-11-13,0.20197764243013763,0.297895952995657,0.16462944844096086,0.23822290120515996,0.2600072901636611,0.20111110309802854,0.16074371555939235,0.2187949358363307,0.168421829736844,0.31370919536315606,0.35170939786682853,0.2564677329980931,0.37840395400557236,0.22531380394520895,0.38347485814128945
2017-11-14,0.2007417668901357,0.28150953975562837,0.16415637636706393,0.23809012747848193,0.26156068489296985,0.18446843087945022,0.1609048520283609,0.2199480591448991,0.17182005403983958,0.3149357370472082,0.35271549487300574,0.23715340642029303,0.37669690250031435,0.22508921662121473,0.38223579037979627
2017-11-15,0.20187637526030797,0.2006065699815876,0.16481746435493627,0.239594045146986,0.2673584658862115,0.18315830559301155,0.16165198661858846,0.22051893308243922,0.17302973226457274,0.3169069150189115,0.3512143706775865,0.2311673886766175,0.3800946735006368,0.22663530220188868,0.3825871459581015
2017-11-16,0.19978398192662278,0.18125160672887758,0.16490870382518152,0.2396856195623641,0.2623835675835366,0.1840810704198583,0.16265638142961328,0.22149242028061367,0.17269100195875478,0.31383141580518387,0.346450336092215,0.2347454523407362,0.37988098476112075,0.22716900317067104,0.38336215265006823
2017-11-17,0.20002177275464322,0.1858349412084849,0.1650178143242865,0.24664756993449946,0.2621869943365809,0.17642133729937962,0.16433715075976474,0.22139451839909455,0.1716148195027707,0.3127307215610561,0.3431554363630262,0.22550706774955437,0.3798960326559409,0.2305388206275263,0.40354048992092895
2017-11-20,0.2019424703675287,0.18384797594011534,0.165118443470753,0.2449512497750955,0.263189462266731,0.17681772929282077,0.16481693101174955,0.22136976704844505,0.1705038898131582,0.3126110129857034,0.343736473580005,0.22550140818350622,0.37762606029068896,0.22591763442894514,0.38714939251947666
2017-11-21,0.2024031703110393,0.17924969171820254,0.16507432209292902,0.2540565124104226,0.263102471348921,0.1777542587548571,0.16649238859381252,0.22126802743505794,0.1703214060344368,0.317517566531558,0.35512333148932157,0.24354282802523586,0.37963825824672426,0.22686967456903243,0.3910354453945486
2017-11-22,0.20251416340953937,0.1677051299935923,0.1648523953435656,0.25926395394337837,0.2629266212182206,0.17130381978157364,0.16762450858167946,0.17976808018073254,0.17093678649102292,0.31536158876552955,0.35408788031122623,0.25463135090752315,0.38030801201902253,0.22647870744469545,0.3833618913495777
2017-11-23,0.20101516359794766,0.17239963135546468,0.16495273194675877,0.2600896321730994,0.2583821130508641,0.1612024146721131,0.16712441317308366,0.1772685804891165,0.17048851197383746,0.31275358897904165,0.3577655198426167,0.2534428296709866,0.3790257608645554,0.2253471714962186,0.3837371398208533
2017-11-24,0.2011361542719311,0.17583165331025216,0.16505049657857304,0.2582727010011689,0.2585788601660349,0.16103151746850622,0.1680451697490632,0.17876081510594638,0.16930143423563163,0.31297796490480434,0.3579808314439055,0.25208292809242583,0.37904231308435127,0.22471017468011215,0.38639346113679
2017-11-27,0.20123915116965996,0.17520294944346104,0.15592724659789603,0.258576972925682,0.2589774346680722,0.17386271267956785,0.1682354386951278,0.177238184308283,0.17019416961725856,0.3124478029344679,0.3572770539176368,0.2525532743282129,0.37885352084560925,0.22560730340165894,0.38769416907500825
2017-11-28,0.1990453381154472,0.17798597461709606,0.1548782183890977,0.25698733621104825,0.2594865815723897,0.1788501143335975,0.16839787884298582,0.1741621816800109,0.17026630232097742,0.3141077156778798,0.29751681190830004,0.255845076605958,0.3788546930668308,0.22214250869585578,0.38402084864396063
2017-11-29,0.19670224594103522,0.1716514399591528,0.15702896333318273,0.2542904068996779,0.2589512120971677,0.1792480487768682,0.168797517211788,0.16765967297295387,0.16950295430768744,0.3089803605879725,0.29701014001123904,0.25285523074684435,0.3772349376193903,0.22179431464779725,0.38146168451638957
2017-11-30,0.2027959940426747,0.17252557811028613,0.1637919128691538,0.25135268750416495,0.26005806786724267,0.17927876370186271,0.16927858387139566,0.16589343805678128,0.1688060371182655,0.3078841592295756,0.2968231939521706,0.2522925697245625,0.3730553552723694,0.22623533063905307,0.3813461461396893
2017-12-01,0.2024118342328446,0.17617495112869663,0.1646755154794114,0.2611036640274031,0.2603209223272314,0.17926260048446999,0.16198512688670283,0.16486833266382664,0.1686907935026002,0.3033680905110659,0.30019036401165555,0.26361937299928473,0.3765931000548648,0.23000079310943183,0.38808743256200384
2017-12-04,0.2028962870127482,0.18418127618799604,0.16422836492805254,0.2611213699257861,0.2608836915504851,0.17798234777567787,0.15759098416874287,0.1588946074894977,0.17017276348781393,0.30344301833835735,0.29917996426085713,0.26302005231936837,0.37512449068567616,0.23078000978723276,0.38867097469773637
2017-12-05,0.20083266437247457,0.1817405920628573,0.1698257396874165,0.262824634986942,0.26388767289198284,0.17931918912415434,0.15687429660747917,0.1580699409422212,0.1699752640861131,0.3004464017653776,0.29499923640126274,0.2623331177815395,0.37481759380830765,0.23379492672613192,0.388314448911954
2017-12-06,0.20082228490252385,0.18106141057086134,0.1697746819056355,0.2597746969758191,0.2657663423509851,0.17723750418196768,0.15720405116222505,0.1561429627828725,0.170028128839813,0.3039429155517926,0.29512943074942266,0.2633133135157608,0.3765490482499739,0.2341827189070167,0.38831581691239886
2017-12-07,0.19836588218518342,0.1815173459497318,0.16888220286085745,0.28058406018556453,0.2656325368440436,0.1849752321356633,0.1545609428927292,0.15656258278708912,0.1869977447180785,0.29645111692853876,0.29512051563006547,0.2649651422612683,0.3969678104146951,0.2341385910052751,0.3913694758112652
2017-12-08,0.19896090876252226,0.18143226665115034,0.16892866112406724,0.28064853690648617,0.26688779836116655,0.1839763342691693,0.1658142821764731,0.15217850885420858,0.19204423143434896,0.2879969283646349,0.2912324758385086,0.2618750303809666,0.3973532972230041,0.23564287601463674,0.3887148118165185
2017-12-11,0.1973341458584181,0.18079182727486584,0.15268905348449255,0.28101394418751735,0.2663271488461227,0.18567109791866226,0.16895872008009558,0.15227794231641528,0.19204809981576215,0.2763824740808118,0.2893436497159198,0.26133422156062613,0.3970813334814669,0.2355675043553028,0.38871488769112555
2017-12-12,0.197967410694191,0.17800768517118937,0.15230132551121184,0.28087880110778657,0.2544008293608234,0.18728274083748142,0.17156065835583964,0.14987249380806955,0.19217244967178487,0.27854950475691503,0.2928457984697331,0.26123709549083496,0.39878598982837055,0.2374166940707969,0.3915609452936233
2017-12-13,0.19869333526333463,0.17889735463192663,0.1502012630417618,0.2809290277106181,0.2533079527082979,0.18717935536216565,0.17182249876843192,0.14854253326365047,0.19319931236442933,0.27901010130566467,0.29152074680623485,0.26164288451025297,0.4003245265595571,0.23825737813746004,0.39590946589113696
2017-12-14,0.19656094402897972,0.17951024950971373,0.15054336699724075,0.2835068039687063,0.25327488777365403,0.1873278554405262,0.17685988771165903,0.14914894594431627,0.2004035843694159,0.27839937274226056,0.2949176996084892,0.2639426544322651,0.3998474262122588,0.2384674812366029,0.3955421881822356
2017-12-15,0.1955847746180327,0.18015646868751056,0.1495497450711102,0.2895508706633043,0.25337207661382094,0.18659065960869767,0.1744799054740402,0.14845754183752163,0.20005932554128275,0.2756366780915601,0.29227254839169203,0.2643464652740822,0.4003136198956731,0.23753365462865053,0.39630323638778053
2017-12-18,0.1957281288089813,0.18060388896686244,0.15569872721597988,0.287117154936079,0.25286038034747155,0.18657411125483778,0.1741763886712399,0.1481717723472262,0.19963713490103346,0.27338427092013484,0.24963446825945385,0.2682176073521542,0.4009223480191724,0.23927337195171328,0.3919770826954398
2017-12-19,0.19521910687590968,0.18062959909198653,0.15651743468377288,0.28691213824224854,0.2526175219252556,0.18581275498724167,0.17422095744884192,0.14862264760210805,0.19839498507267436,0.2725009527495997,0.2486052101771575,0.2623706528995127,0.400502023726128,0.2170754277796316,0.36687212751384246
2017-12-20,0.1906413218540015,0.1813472016634726,0.15809435865583227,0.28539905761568335,0.2539626089164456,0.1870093860506942,0.16774006909868355,0.14852147469783822,0.19857767977086507,0.27047804059553865,0.2490870374236143,0.25652873752077304,0.4005407493933361,0.21308695626540822,0.36487674969225015
2017-12-21,0.19032825643009607,0.1804636719796279,0.15779814137770357,0.28464946472758434,0.24170001170902902,0.18763373794152624,0.16774881090770916,0.14621964591597772,0.19794752671549487,0.2704385451449286,0.24597119650348948,0.2581441851025882,0.4009450396808697,0.21104179073860507,0.36552028891623917
2017-12-22,0.18781407882043136,0.18190946326739263,0.159105469277552,0.284643041305749,0.24709387500328725,0.1858016499812817,0.16475349919443522,0.14611509117044386,0.19739772935862418,0.26498446484384175,0.23967029945242654,0.25953468868660295,0.400555163022167,0.21065662308599314,0.3426920121805494
2017-12-26,0.18049200607737984,0.1818138027941213,0.15811407764334268,0.28413677323362024,0.24684278304859136,0.18636836919055158,0.16320511790718173,0.14706460384225536,0.19687678550945756,0.2671363007774999,0.23247662884435086,0.25742121800280193,0.40162806620478647,0.2123416273753283,0.3464717117920808
2017-12-27,0.18043717196171094,0.18196524311596549,0.15368824980971063,0.28626031082813375,0.24710619402003017,0.18624224824608393,0.16189684665182508,0.14806939940589614,0.1970259525518711,0.2966323551246907,0.23136555046573012,0.25834077844598624,0.4030457968859549,0.21228007525758555,0.3505672939424154
2017-12-28,0.18125983769022844,0.1820867676259453,0.1528978082021804,0.28678859486035035,0.2469572900336504,0.18681834002336653,0.16006902423589825,0.14613914102016326,0.1997188440723264,0.29838919146174303,0.2325770006172429,0.24588339752509036,0.4020727162272431,0.21362902121641586,0.3676946639756838
2017-12-29,0.17536768458325913,0.18191479475382458,0.15761025996229064,0.287939158388357,0.2473325798458928,0.18689692630881036,0.15324358591337583,0.15009811860467834,0.20037556778684,0.2926474679721753,0.2286494357605098,0.2508361362745354,0.3990847720222643,0.21392171301405918,0.37029586533984676
2018-01-01,0.17637030473554616,0.18326401799535524,0.1579973508735559,0.28031192991016063,0.24931916936579596,0.18353627569366707,0.15254453826094905,0.14848188799460016,0.20047606190017286,0.2920160320121631,0.22882938073617376,0.24437424483331224,0.3994344219772328,0.21633122038554756,0.3697789593894933
2018-01-02,0.17594859270227498,0.1804724006113584,0.15729623146951976,0.28227953002305517,0.2516191354919492,0.17586515170543168,0.15281501677673445,0.1466490793287409,0.20411989690829824,0.2854581795450694,0.22854259883298444,0.24263300577356492,0.40311988034562785,0.19631561743747253,0.3714901635163145
2018-01-03,0.17462854186055124,0.1816585322560302,0.16834692741721588,0.28174553064889,0.2513290653975478,0.17667108441654686,0.15211942432356731,0.14547309427428734,0.20401027241045752,0.2857959902685287,0.23456278308050055,0.24325107083054648,0.40207672433998326,0.19621638938328645,0.3721022560774419
2018-01-04,0.1741691518980917,0.18099232835116774,0.1685534448647339,0.2817135012166647,0.25795581257092887,0.17654787627229115,0.15159174013843044,0.14539483917396887,0.2057369628268327,0.2880522516912809,0.24305331671710192,0.2359875530803323,0.40168096152742294,0.20665297816440034,0.37175042505074196
2018-01-05,0.1729632554378524,0.18075176407481447,0.1677023405920323,0.28180453596124233,0.25768424065233625,0.1764058998634728,0.15188115761145338,0.14549903704525066,0.20553415522598276,0.2882020728041854,0.24629104960291404,0.24250700710526374,0.39528586204078053,0.20601798563061643,0.37016544668810397
2018-01-08,0.17074839270861517,0.18594836727117925,0.16698061833559275,0.28316663970805445,0.2582517695968297,0.17510880421328168,0.15285928782557037,0.14492293002825474,0.1913101466375135,0.28706093505131036,0.24624121740865657,0.24426331089999104,0.4069879021527372,0.20481845707810822,0.3700815550716166
2018-01-09,0.16344259634772865,0.18603989408401905,0.17063656519547182,0.28347927812840057,0.25836824519450785,0.17517727215589168,0.1573383468854955,0.1511255435913686,0.19209158432530452,0.2870033506134643,0.24570934159106037,0.24492339142717187,0.37973480110925345,0.19763687125290386,0.37479696418778097
2018-01-10,0.16393178124957491,0.18620127260006814,0.1799259438927745,0.2844178721531022,0.2573298614253528,0.17805281867562983,0.15719086690729867,0.1505711045300263,0.1915545180335505,0.2830455038216061,0.24372680064226454,0.24480631633989683,0.36626003803779494,0.1974375506020198,0.3749789784346933
2018-01-11,0.16733271685326437,0.1892081453729343,0.18390652627137086,0.2859993775035978,0.25689946905256894,0.17803879335646777,0.1571967174252919,0.14884498845545083,0.18967765942008943,0.2830878930043662,0.24292715484106056,0.24353455822873446,0.36356233647702474,0.1973468824353397,0.371137081548717
2018-01-12,0.16415303944959278,0.1882079475623641,0.18205377769645867,0.2775429182535422,0.2558372420225187,0.17650170026866707,0.15633303552047004,0.14591479153883039,0.18724142471225158,0.2821856998104644,0.2435805586577979,0.24373536586205286,0.36376275380776457,0.19707939350689524,0.37181580857045005
2018-01-15,0.16405180292921961,0.18820943996607437,0.18282193357744453,0.2793769457583208,0.258124012865307,0.1732629350077166,0.1562497180378395,0.14590535089128007,0.18547186771137705,0.2828407558565168,0.24372778827444497,0.24461588672884985,0.3611634887803593,0.1990996404893704,0.3685413781580349
2018-01-16,0.16153249829753918,0.20083824784985593,0.20998294438269888,0.282802931482058,0.25794239130533103,0.17179250910433108,0.16147362627364364,0.14588881833377698,0.18609934376219756,0.28243706610503766,0.24545843854108404,0.2518042457937737,0.34805354013588163,0.20468294158136438,0.3765158885882764
2018-01-17,0.1616734101470694,0.20293819678196498,0.21421870175349877,0.2798854977225468,0.2545232464575114,0.16296778819833524,0.16515056798775207,0.14596953764906576,0.18822030881205595,0.28191445452194114,0.246046976933064,0.2548684835482761,0.34768956560647685,0.2047830424781679,0.3766882659122475
2018-01-18,0.12731083670292653,0.20272380178879496,0.2139862277256261,0.27506810617767974,0.2553358043728373,0.16326316680255362,0.17379881780119089,0.14375587367144974,0.19512845634541842,0.27938979421154353,0.24708947697260486,0.2510945974689123,0.34361467350763075,0.21374314339449674,0.3915025005983728
2018-01-19,0.12906331539185895,0.20325044160846722,0.21392607743355313,0.2729128654836104,0.25546036140812334,0.1626663839793004,0.17382593239215527,0.144740690815389,0.19567746971508784,0.2790633916348602,0.24800462350541314,0.252829813319187,0.34342578244230754,0.21136202686130404,0.39186584641978334
2018-01-22,0.1300659423930457,0.20308327604617538,0.2159809932838824,0.27845919636982386,0.25466533535479063,0.16020994970006333,0.1738676065752009,0.14479751997318158,0.19585219018716246,0.26919139635235434,0.24433745733893547,0.257515760370122,0.3282722816044292,0.2112350633839092,0.39159512874861224
2018-01-23,0.13005795514884896,0.20676680416477042,0.21841938705734623,0.2832200130990781,0.261468637012794,0.16003790459951264,0.17194644051915026,0.1457470790607635,0.18471023181453614,0.26917134212704097,0.2423480091811406,0.26114400525375836,0.3267737036623982,0.22207982087974434,0.3951735666290019
2018-01-24,0.12991300000656922,0.20482010690408867,0.21867910965065404,0.2858722474441775,0.2592847829278606,0.1603647329155262,0.17533589446770437,0.14575168749293416,0.17887678065974302,0.2701868366301282,0.24400546787520233,0.2695404276061909,0.3534319462787318,0.22318192343905552,0.37085826053468046
2018-01-25,0.1316112812661523,0.20653529321410966,0.21915119436888963,0.28616645985648403,0.26064345405743683,0.16193459247895067,0.172702419522888,0.14716670894601236,0.18176471646779355,0.27082743490130295,0.23921072492750198,0.27214658269367775,0.3064485454937815,0.2236441204791667,0.368356187411418
2018-01-29,0.13708791767961237,0.2058190621861071,0.2192379687535894,0.2702208466605406,0.26074816731296074,0.1621426998774191,0.17467444524588854,0.14718225671564986,0.18339435129093346,0.2668327919428561,0.26541822474096555,0.27214619816962876,0.309568202877859,0.2261351597051261,0.36805720412818943
2018-01-30,0.1465436532164904,0.2079780189334653,0.2208401488496574,0.26909716642183584,0.2503072216115567,0.1608783855048287,0.17470752279613963,0.1446284110604583,0.1834759461263678,0.26292849928951423,0.26889377759391964,0.2710753632954315,0.3102154789297176,0.22723530045348875,0.36428356613093454
2018-01-31,0.15038816935802565,0.21253802662160937,0.21823047325573464,0.2691271528200124,0.2383415533351353,0.15829506401836013,0.17714235371212494,0.13560227604716946,0.18360318474378284,0.2636385216176236,0.27721127954071256,0.27233845082148495,0.30904967364139946,0.24731436310798546,0.3659465313691016
2018-02-01,0.15152511498227098,0.20662292185245598,0.2193434806121113,0.267220034016042,0.24737957213272277,0.1586100247729133,0.17941237411871547,0.1393375177465385,0.18518505778780703,0.27443606126685477,0.2834631388951813,0.2867137230098194,0.3020984586484787,0.2451825324812798,0.3616182732312809
2018-02-02,0.16577395167569434,0.20638156342949882,0.21934459341652246,0.25681882670354095,0.24813369531444265,0.16345561696148284,0.17941422849601749,0.14215452012179672,0.18530804873084852,0.27205601581288696,0.28400241479026656,0.30536940347669506,0.3018906036030878,0.25772870773846773,0.4040819968349263
2018-02-05,0.17179187115655256,0.2069557816693488,0.21971121632458515,0.2577849073721014,0.24973274449526808,0.16267622267349527,0.17614928127203489,0.14209642101508474,0.18565824079543755,0.27244540772358933,0.2830052353621054,0.3100197240396227,0.31276165794198524,0.2567422487250764,0.405726274866851
2018-02-06,0.17911221402133187,0.21547464875636824,0.22148303747429307,0.2703626729987761,0.25173189783254,0.16224859966083474,0.18139197961807754,0.14548032475790454,0.18213258680400501,0.27222761236595466,0.2830575063735233,0.3103948017096565,0.312761835664069,0.2567240030226827,0.4046100092552362
2018-02-07,0.17914202815634686,0.21380172965171848,0.22284210993981543,0.2708496696351571,0.24557070070339435,0.16662571289928843,0.17939315256312646,0.1447930100078554,0.18238456289493546,0.27190064581842643,0.2836885386417936,0.31077703679968477,0.3144964154212118,0.2547149363613907,0.40024162303073124
2018-02-08,0.18132829614100313,0.21737431397501678,0.22287718235506251,0.270502274476919,0.24467557298713438,0.16779974910971293,0.1789391089946172,0.1436778479234304,0.18213363336078678,0.2989954070733469,0.29164344352718835,0.3096586499558719,0.3144639816260714,0.25580215308542836,0.40018351965886584
2018-02-09,0.18415778169825833,0.22342410057522535,0.22498545332605696,0.27376685595278133,0.23959079500517008,0.16486551563739574,0.17814875331762553,0.14152560429661298,0.18157083785283695,0.285696695164605,0.2918978867007677,0.3097573199271906,0.31303202411124725,0.25782272178213983,0.39918974652309297
2018-02-12,0.18501179804978435,0.21119592863301326,0.22673939824055345,0.2746510837492753,0.2420334897319772,0.16396896911563147,0.1782441385654484,0.1503043337772601,0.19071798832874465,0.28603680532375547,0.29125450085251436,0.3101800704808497,0.3128283366758592,0.2692415432331493,0.39819273686229295
2018-02-14,0.1847062144714694,0.20769224413886228,0.22841672723128573,0.273701103242922,0.24829922564689388,0.16483567478856445,0.17899714645379647,0.15421964318847134,0.19067951227023675,0.2897271249999795,0.2916969493927245,0.31141130309727894,0.31698774088996523,0.26653561496336836,0.3711387526889544
2018-02-15,0.18144725319374572,0.20764073786932932,0.22844656061160423,0.27200409905247824,0.24834627249235144,0.16089386011368856,0.1791491957950634,0.17906414548666924,0.19063685147577256,0.28970270939688564,0.2890274832510782,0.31224498041359783,0.31788533653659146,0.2675978573968361,0.36960364511797317
2018-02-16,0.18080199555940565,0.20847127463027246,0.2286803505744561,0.2756023519566669,0.24877054574881463,0.1577538867770123,0.1774279531796693,0.17900101533251617,0.18954949580959177,0.2784274810812403,0.26773842635739187,0.3205730631679459,0.3165307665584863,0.268428796883644,0.36980626085516555
2018-02-19,0.1809415629775736,0.20840319084467177,0.22878755093813086,0.2746817854878109,0.24946303232656075,0.15754975476250468,0.17760458832754542,0.17675952967812475,0.18986680438578243,0.28294968453165203,0.27202736814076456,0.321171633255749,0.31700054525132554,0.2950300225509024,0.36961216071643344
2018-02-20,0.18195788595295245,0.20282001126603513,0.22898074810618474,0.2736331412926413,0.25007635440709985,0.15814443345102183,0.17776114148901315,0.1776923281140938,0.18983891663455216,0.28089783204499025,0.26858417536807183,0.3212457573985766,0.317870772448001,0.2951055108076128,0.368972436509181
2018-02-21,0.18210307795396838,0.20055537338046583,0.2289559667893158,0.2819889182698216,0.25209114304663566,0.15954552931434124,0.18066984771508365,0.17554529241754935,0.18966363493539953,0.30681158623390037,0.2684870075508705,0.32166924211883435,0.318052647144808,0.2965848641011609,0.36693209788572495
2018-02-22,0.1847444023768606,0.1996348326045471,0.22850596047228303,0.2823380758803228,0.2539278785820265,0.14275228356506733,0.18045605218395852,0.17619324044066315,0.19177939228790966,0.31298181415960713,0.271222870544896,0.32559081808208173,0.3181150877858889,0.29631684028310096,0.36435711707948915
2018-02-23,0.18472936955705888,0.19715719502931767,0.22909307546249696,0.2880729753884367,0.25494798566589366,0.14386451493259966,0.1799322813376874,0.1764904974998387,0.19679399746099652,0.32908690037749183,0.27483269053349924,0.3236521081778987,0.32170092002755574,0.32378603249441235,0.3667703824131195
2018-02-26,0.18971004103763892,0.20017506487569345,0.2287650947546036,0.289780899099555,0.25470493342437306,0.14381211981879474,0.18098300514270235,0.17680184484536085,0.19670846778319984,0.3327785601965715,0.27589941661245304,0.32350992986491145,0.3211356846323213,0.323495561001838,0.36774156361091576
2018-02-27,0.1832931664565236,0.1998357339006667,0.22396998368351398,0.28760761324049394,0.25467885440072724,0.14803481497356097,0.18016347467649635,0.1755744293840977,0.19681061461993968,0.33429825405293834,0.27875364268932623,0.33070261061161954,0.3235851332902556,0.321450504687708,0.3696419483740147
2018-02-28,0.18332719559711083,0.19803795880304628,0.22333652403783266,0.27692395040988377,0.25436563282208774,0.15023972029417926,0.1803665473410804,0.17538021309701152,0.19740348387057455,0.33186899499618455,0.27504266173730635,0.3220122102579253,0.32015685066679855,0.3188645854656492,0.36563448990416086
2018-03-01,0.18256542865271425,0.19335997111261202,0.22332999700977063,0.27700489054417,0.25389067562770923,0.14992840533872825,0.18060659864587325,0.1768268217474802,0.19766951168576102,0.33116324726295887,0.2749934827804518,0.32366481248973267,0.3201288914421911,0.31840237631168994,0.36499475879883825
2018-03-05,0.18262561371585678,0.19373536379824605,0.21859893686112963,0.27902043439355145,0.2553587100988572,0.1463647870435911,0.1828175552551059,0.18045744403895222,0.19853410716889025,0.33468131673715734,0.2773057172440315,0.32446747395182013,0.31968901576029907,0.3217934167587033,0.3650086727045857
2018-03-06,0.18613053107637992,0.19409079818523822,0.22042864873492712,0.2836199371199372,0.2534465834677896,0.14562448172009568,0.1843748576502494,0.18053946128829781,0.20132853086780697,0.3375049994255303,0.27720582248283937,0.3240457127045688,0.32029630547228166,0.3209102082331724,0.36939355399288565
2018-03-07,0.1861396648603688,0.19437283399025523,0.2205322589316218,0.2673682927654284,0.25711999030068977,0.13407381402409516,0.1857800795485636,0.17823358898871838,0.18555902103546404,0.33865321746842986,0.27833318657966344,0.3228224470897938,0.2919837401513295,0.31715697877726345,0.3629992414562545
2018-03-08,0.18589164172928868,0.19517723490978953,0.2202237984840786,0.26743056897486694,0.25499727171097025,0.13638893088965498,0.17154585407177836,0.17603852573367093,0.18201675536271786,0.33803540210135113,0.2782140437807567,0.32174829450281284,0.2876371161597738,0.3179053590952888,0.36432307563657323
2018-03-09,0.18587094322623215,0.1952896863678082,0.21508697533641716,0.2692624048937323,0.2545259584185772,0.13502698329991064,0.16848361262969963,0.17651567534747925,0.18195025707927112,0.33799423183592897,0.27839169005155634,0.32261733709667806,0.2853430460987585,0.3310910756859366,0.3696468813376032
2018-03-12,0.18752392341011975,0.1982041534334231,0.21860392969419018,0.26928654956382014,0.2535022006063794,0.15780212612548186,0.18569459098244157,0.17595807538306435,0.1822171585606018,0.3372090579026098,0.272326102821398,0.32438197279107484,0.3038480432292689,0.3349270686865715,0.37263635523563743
2018-03-13,0.18870516114254118,0.19744867674206618,0.22233494989789268,0.26942130639536543,0.2544009074318717,0.15913479016243895,0.18455229306224627,0.17746154839789297,0.18116316617938708,0.33949156657540935,0.274269517141942,0.3297342032531627,0.3046984658172236,0.3345635580863187,0.36956848467665426
2018-03-14,0.18798451205097472,0.19727945884546927,0.22308580661297836,0.2734297031319052,0.2566287070676858,0.15844735935828175,0.18036513143413538,0.17736325451298365,0.1746454348760529,0.3395926726806185,0.2702212466647747,0.32697843388700565,0.3043832518386957,0.3352223969196866,0.36971353429347653
2018-03-15,0.18784806158929673,0.19674511662562508,0.22301075332959688,0.2680922803924249,0.2562014389460976,0.15846003739006279,0.1814247140763947,0.17837772415570624,0.1755383264338888,0.33958419917242183,0.2642586833109488,0.32704739976907843,0.3043962782832,0.3351181951778018,0.37024031871321966
2018-03-16,0.19353130207272815,0.1973551312894306,0.21941359703284294,0.26559932882194626,0.2587144098770771,0.16939200961738077,0.18531361196727242,0.17713619607358064,0.175569809218032,0.340604064654819,0.2655752194698444,0.32735094702413664,0.3019481227911356,0.33548845898264096,0.37032747039172287
2018-03-19,0.19496599448724697,0.20109108884975382,0.2237049662196593,0.28009194043874364,0.2575249797575785,0.16942803615881835,0.18540130136577854,0.1771502656958914,0.175052557825508,0.3411525162501332,0.2660578815038358,0.32839134051362817,0.3075473489786408,0.34492473537435586,0.3849749712886158
2018-03-20,0.19425458335300586,0.20197437571281113,0.22463571801833082,0.28846979099241465,0.2572835518915709,0.1687108097766966,0.18527259363720172,0.18323828891329755,0.17500124860702168,0.34440827432868937,0.2668363466646349,0.32917761983053767,0.3071492249339607,0.3513965203291218,0.3714379250778132
2018-03-21,0.1944310761589874,0.2018241255634522,0.22476698484999252,0.28981791832120396,0.257979504520048,0.1749084812991663,0.18526770142103524,0.1828929458184606,0.17491775879006022,0.34476401979763643,0.2671029502497755,0.32777833009859164,0.3228136774118742,0.3508006715210341,0.37139515434474474
2018-03-22,0.19442749368033124,0.20007798006886637,0.2279983164905022,0.2914421373968274,0.2539919423584575,0.17508647537294458,0.18534863458555795,0.18287402477362247,0.17484003833796238,0.3449822909782171,0.26834266056591455,0.3271937768749685,0.3218971724022767,0.3507651596726739,0.37163463657874773
2018-03-23,0.19627778364891088,0.19986663505521554,0.22920644386122288,0.2913813854579876,0.2543870401231408,0.17480951018581695,0.18597430786057695,0.18272873733185668,0.17483567151779417,0.3431956558792456,0.2687281610000536,0.32797043487738065,0.3154262175614166,0.35191553239725276,0.37612238957186955
2018-03-26,0.19620263582069805,0.20143445749502625,0.23943510981496488,0.29013969220503105,0.25495679033253676,0.17452369991139008,0.18620589236434384,0.18144317234787438,0.1748880688853925,0.31481360982922907,0.2682514714711539,0.3253824984710962,0.31886374291602815,0.35693706058097185,0.38138049049483047
2018-03-27,0.19612659654776296,0.2014416696104451,0.23911291344680174,0.2883635664212537,0.25507600777164724,0.17452540121454638,0.18631630711857247,0.19581886545753238,0.1774633312680908,0.3140900826447372,0.2665806234243263,0.32457411763506167,0.32052011060963526,0.35622803755884547,0.3565676565635557
2018-03-28,0.19596751567809056,0.20554950318945675,0.24159109425349143,0.29165484098324745,0.25445341009952976,0.17492168302767228,0.18784246102384564,0.19382661950322083,0.17664665062050972,0.31592762011803466,0.26696645709315925,0.3304750453544477,0.3268352287091232,0.3612919183836257,0.3589831922706248
2018-04-02,0.21598440521562565,0.20466887503306494,0.2496678688974632,0.29140750943867877,0.25434017158930355,0.1751007709773852,0.1891083832056539,0.19536119686546932,0.18453613924851145,0.3207617195202029,0.2726479977221705,0.3374719416226191,0.3269633816007727,0.3621598552313248,0.35877614143198666
2018-04-03,0.21615956622644678,0.2043724857178023,0.2519383085058433,0.3016458957886977,0.25059767407466865,0.17319498879096326,0.1887448783195678,0.19546146025647013,0.1804980795981467,0.32098653328884413,0.272539807543391,0.3371132453257899,0.3282021825582564,0.3613406347455461,0.3597853320697573
2018-04-04,0.2216537013894788,0.20601277776060378,0.24656839200202763,0.303678490186148,0.2493704700823353,0.17514007334691867,0.18871774286387583,0.19543700945363798,0.18339636974464976,0.32209202477993726,0.26818383343744445,0.3402213005448541,0.3290943234835727,0.3659126140537583,0.3594072149516005
2018-04-05,0.23342306026457807,0.20906777629007095,0.2489130522509133,0.30526645838302885,0.24154894158468201,0.17784456008836827,0.18888186773970544,0.1955268345479271,0.18201121638911694,0.3195155679812206,0.2606370852890697,0.34097736345751783,0.32791190487660915,0.3663948332566649,0.36983145708774234
2018-04-06,0.23343056481808697,0.21279198523491402,0.24904949156528855,0.3052352817776239,0.2414438764522319,0.17789585839366398,0.18882147164099408,0.1957844643862112,0.18661842089852604,0.32042434112909535,0.2546747753208616,0.3345265375205742,0.3208233254450627,0.36599675308073476,0.3690450837015367
2018-04-09,0.23348787450349756,0.2102575254628751,0.24892075764858093,0.3034287900902265,0.24214184520824908,0.1779074785939562,0.19167754941848547,0.19486489037961596,0.18596304748587206,0.3164977067343682,0.2545635144314511,0.33469272991083737,0.311009624441652,0.36600793028771134,0.36973385716275703
2018-04-10,0.23377763728367137,0.21010905367437263,0.24535466662512406,0.3049075650931562,0.24327125176233422,0.17819401105337396,0.18788305125816882,0.19146101523761067,0.1846992269382322,0.31627667687785116,0.25436934327822436,0.33846357577824676,0.31286914148259065,0.370909707113767,0.3681051744880862
2018-04-11,0.2337711610735512,0.20997815031018163,0.23641642131300036,0.3042588734385883,0.24423611507941842,0.1754005305622409,0.1880550233509734,0.1910706798509275,0.18439009636504228,0.3214975170612503,0.2534876882244863,0.3415752593258223,0.31292148889610155,0.37183447151481325,0.36834062369147375
2018-04-12,0.23241438546193585,0.21631552026778836,0.2346259457670584,0.30812590050460087,0.24423686832564537,0.17577282371506814,0.18958261354468578,0.19440267810997294,0.1837322526344913,0.3217119164611271,0.25578739549032836,0.3468921634508263,0.3104285677937928,0.37277887072180466,0.3698593231284071
2018-04-13,0.23373793901697232,0.21668222470725348,0.24082996708754142,0.3124230242062821,0.24235254743299758,0.17623401665729221,0.1890679944119721,0.19284946224095761,0.18411427393236063,0.321585624281886,0.2570006443040694,0.34692092355058196,0.310240704416514,0.37284426546900384,0.37040258770123957
2018-04-16,0.23467638835776575,0.22766602488605547,0.24136708121636444,0.3110253759033025,0.2391354976299038,0.18010108948171438,0.19140437905861357,0.19274283434023823,0.18781651372679006,0.3222273536597426,0.257443596518111,0.3463905344819823,0.31005969142668494,0.37040269151460326,0.37357943673747196
2018-04-17,0.23485405988634492,0.21421326930684573,0.214781128605943,0.3077536121882651,0.23905284674054705,0.18302050898551886,0.18740313463153135,0.20117324816929985,0.1865282791607535,0.3231297460958499,0.25498698112492335,0.34250358017874427,0.3117584669450393,0.3689320500218171,0.36883579557634655
2018-04-18,0.23545609372450813,0.2072966327603576,0.22069939120291024,0.31015909657356305,0.2392637827562365,0.18352995068677883,0.19355899805809296,0.2014772942018835,0.1845161431621093,0.3221347554249944,0.25378477717520304,0.3406886597130138,0.3118150408122224,0.36870935089339646,0.3676852696750926
2018-04-19,0.23285595783333488,0.20770941692543923,0.22070507460833697,0.3104432949775716,0.23982668240143165,0.18207851990215804,0.18577772655176325,0.20389290298332513,0.1759049948695229,0.3215343128868421,0.2560050780435091,0.3515603633084813,0.3187847415054498,0.3724162723302007,0.3575066844714872
2018-04-20,0.2316320261050171,0.22295138852290486,0.2232969166073541,0.32669586944702084,0.24038710496706087,0.18604465703763956,0.1858173705036149,0.20282940681786876,0.17801490312990698,0.32150923781531326,0.25449959103741837,0.34971234446942334,0.32093374665556224,0.37535337464241875,0.35966134564274754
2018-04-23,0.23190194422428584,0.22320202647525617,0.21897798235804555,0.322234255735335,0.22811693642384312,0.18623494254390235,0.18576473470806026,0.21238276962847896,0.17810495399878426,0.3235051209462714,0.2549601794912207,0.34561507232880334,0.3202578654569402,0.3753986909091587,0.359614085868492
2018-04-24,0.23205254916029375,0.22555510974771062,0.226645011301215,0.32261461880415354,0.21759411710430043,0.18647110818237655,0.1844837324276028,0.2125176419420378,0.1781940553890602,0.32364591252687885,0.25447325289748196,0.34644922473319406,0.3208960978355741,0.3672268008454576,0.35382178834492634
2018-04-25,0.23197569999272805,0.22527005436458894,0.22661394797920678,0.31920874209439815,0.2163885093368735,0.18628124786685646,0.18134844435485975,0.2139469143786566,0.17971794281321626,0.32249572125852544,0.25292064922701324,0.34222861340510496,0.30126874590245584,0.36648547465132425,0.3554592413629732
2018-04-26,0.23283606140937188,0.22639485762772119,0.22967848323489906,0.31863040509087426,0.21654356364891014,0.18462076943282324,0.18411240075367144,0.22168722303946117,0.17383326467272045,0.3219028532364113,0.2527074682511538,0.34010461230955924,0.3040686219960838,0.3661409792724674,0.3534922876473464
2018-04-27,0.22933435378392755,0.22653009536186577,0.2322771397455738,0.32499301271941283,0.21458760017348272,0.1849301307081896,0.1796081702943525,0.22165549952352187,0.17442065164723541,0.32417076328917266,0.22435144549689187,0.34001636614843433,0.299449817498504,0.3666353415905745,0.35511149126014363
2018-04-30,0.22589550934150987,0.2267564530991928,0.23234382063633233,0.3248493234754627,0.21459705062509904,0.18536199948467394,0.18013845634145711,0.23045150906124998,0.1750117835916339,0.32432812879308726,0.2210376386207918,0.3420207192684406,0.2991118018506322,0.36730840544693805,0.3552654731559548
2018-05-02,0.234997943988626,0.22373167576723407,0.2331286383075844,0.32473977341872334,0.21437557882477598,0.1866477477214964,0.18230900284226875,0.2359397339658443,0.17856897575490058,0.32560124341049995,0.20984471372991986,0.3398739048638147,0.29912785130750946,0.3621920940200704,0.3598262629165835
2018-05-03,0.2380780204848081,0.22499496042176487,0.2335612034285407,0.32629245036968774,0.19775445128412114,0.19159013239260547,0.1810338952915267,0.23230364471071333,0.1814956514102127,0.32468257818728313,0.20063018695884635,0.32462903580292063,0.2996463677061016,0.36456147238457004,0.3582381795489893
2018-05-04,0.22802216424032035,0.22566267957420744,0.23370037673664348,0.3264808121951795,0.19674009494464098,0.1899786659883006,0.1900277171997356,0.22506439130458672,0.1817236276007407,0.3316437175010766,0.1984363777968251,0.3149784437394252,0.29282449069841954,0.3573531787547474,0.3106156257440302
2018-05-07,0.22287748129185928,0.22599705631280773,0.23693786718529855,0.3256674901841189,0.19706522007874186,0.18975036168183979,0.19155221254432397,0.22525802706226378,0.17606089715431913,0.3310005737729662,0.20157679424458075,0.3135614110265435,0.27889933924145455,0.36194972348497145,0.31027904315464266
2018-05-08,0.21454376740726094,0.2210442430957638,0.2358584305366349,0.3170680426380929,0.1939453024108343,0.189483426862878,0.18657423993136005,0.22109989874774194,0.17108311047960356,0.3305429876147431,0.2006754964997995,0.31320053261704905,0.27947381649973074,0.36193182106656974,0.31607107016709113
2018-05-09,0.21472152550602153,0.22115867541875026,0.23385750756454382,0.3166974445813679,0.18713227446202257,0.18671068941484797,0.1862752571021864,0.22094015672570896,0.17255121511902546,0.3310357732358837,0.2003040548751265,0.3166412254585822,0.2768195381695076,0.3628591011800921,0.3162181551620543
2018-05-10,0.21368714378640247,0.21655795544650816,0.23382498071694482,0.31749811393247285,0.1963748418452385,0.18686025309412183,0.1868128628470286,0.22412404367708524,0.17039089759315892,0.304510275511252,0.20159551012381813,0.3190951763732077,0.28149872107695845,0.36238507396670905,0.32199220865789374
2018-05-11,0.21042160651574543,0.21230452970420757,0.23229702487550777,0.3138861111437513,0.19597199712872979,0.1872586812661551,0.18712723160113584,0.2513057532885855,0.17291145285328058,0.3200565524581416,0.20102035896811796,0.3218638899660028,0.3066109723930608,0.3627719136250305,0.32209129916701207
2018-05-14,0.2099012856823061,0.21217901849522755,0.2303255841110201,0.31315743797953244,0.19186644900300512,0.1929705774320044,0.18677178590782645,0.24803983909484237,0.1648598032210353,0.3189984702543524,0.20303830438326714,0.31936342976074095,0.3067617235309426,0.352227857272577,0.3270768416351552
2018-05-15,0.21012720072382246,0.2119065105835124,0.22789075064574119,0.3053119373792839,0.18406243342263487,0.19227677491824094,0.18618911283493095,0.24698174462046069,0.16485482291554002,0.31640548411923525,0.2024481272079878,0.3127764623977728,0.301938541800096,0.3566735215812142,0.32758299631459564
2018-05-16,0.21028020831791056,0.21023111207533837,0.22987371543674923,0.3044133111515055,0.18463519213352406,0.19229076562587313,0.1878773419798461,0.2336041865807871,0.166992834313237,0.31687972710898726,0.2022679494940246,0.311696100561318,0.3026603710929399,0.3564121538178531,0.32890867284700287
2018-05-17,0.2114896425229811,0.2094520665101845,0.23153366697554964,0.29445931518629903,0.18579436971186847,0.19563156717559058,0.1943620058079022,0.23366089454831543,0.16946130436737014,0.31960097870835213,0.20174701603038023,0.2927361480207039,0.3024134940708184,0.3568025090582814,0.3256510365155744
2018-05-18,0.2137783454480103,0.2093955946992267,0.2413398990519987,0.29414776952163796,0.1890752308257425,0.19576285134788232,0.1946289691522337,0.23180519968307242,0.17212085902438437,0.3219329200916141,0.19448782089004954,0.28026014127105886,0.3031824825069778,0.34170451984525024,0.334609209200261
2018-05-21,0.21495173040323154,0.20940006169898487,0.24263773842203779,0.29560942277413005,0.1883099276256551,0.19709174726486625,0.1944251466037621,0.23710164442411544,0.17527490985629968,0.3335409451773338,0.21346184185423717,0.2855434545952355,0.30230537363643406,0.3447618145822343,0.3358719467107442
2018-05-22,0.21663275961011633,0.21000333211522937,0.24252282702816755,0.2872791750933002,0.1851640791348984,0.1957816749949459,0.193000204970818,0.23829348931142294,0.1768276678910345,0.31562145799712643,0.2501887697026215,0.28531209506585486,0.3024413291919777,0.3435149282991022,0.3388397173853835
2018-05-23,0.21554722502574186,0.2094262160076461,0.24258439164006745,0.2879159544927696,0.21021774927209097,0.19536775761750935,0.19696856835440918,0.2372441363539669,0.17753332666596097,0.3084379947899248,0.25318340020398145,0.2770702236052684,0.30312939293286023,0.36635557014662884,0.3395970798749858
2018-05-24,0.21702757483030127,0.21800771017800422,0.24198271824797102,0.2839993910605167,0.2237552166045122,0.19318269809766772,0.19669592908683542,0.23726357854809157,0.1730828952900697,0.2918019125529262,0.2501220391952097,0.2769339168298761,0.3125788096289871,0.34208166734036216,0.3354902948054655
2018-05-25,0.21491832855466925,0.21573347632836104,0.24117091113363182,0.2834333525877351,0.24427283234108713,0.19302851824291284,0.19667503882063872,0.23732479765796274,0.17637527017643462,0.2894096434152944,0.2484735703839384,0.28435104869310995,0.3141144811035106,0.35146700609162274,0.34129000230460554
2018-05-28,0.21305318074484958,0.21647316398159713,0.24123335051588574,0.2957968516333882,0.24362767243089614,0.1925530720824989,0.1977715165685856,0.23691631396887733,0.1760356420248243,0.3245001071188197,0.24669993602978446,0.278562499455978,0.31163120318564935,0.35268909606562643,0.34106652194624887
2018-05-29,0.21442992604163316,0.21303446737737072,0.24099295577220012,0.29580748605877555,0.24363012306290197,0.1915934805088662,0.19770590563498633,0.24000735272252438,0.17664952400611286,0.32276020029682445,0.24687466069100153,0.28207556862466565,0.3126791161892258,0.3526626607248918,0.3394052883212915
2018-05-30,0.21580121370603622,0.21208731623185423,0.24135592287484234,0.29675136966847543,0.2435489456606214,0.1917555713961703,0.19827825754251197,0.2394889091792114,0.17501896926396485,0.323272463722854,0.24736735122082606,0.28226756339021614,0.3130068689147514,0.3526018795599785,0.34029096216211563
2018-05-31,0.22007665554588907,0.21426279900396963,0.24153377289162375,0.2992656843938919,0.24433762468129636,0.19366608344255654,0.19581090560895822,0.2363394100655178,0.17839974335005127,0.3236333907948223,0.24465177350183923,0.29048612293369985,0.3119879353070996,0.3484287033339238,0.3408205495197784
2018-06-01,0.2188758478576717,0.21501224991318035,0.24032043796690128,0.29752071929184915,0.2500992768452664,0.19778876088399594,0.193751966592071,0.2398622764889784,0.179896217700281,0.3187291509827071,0.2448130416026702,0.2936729386532314,0.31565968932749155,0.3515045273087349,0.3370528155442932
2018-06-04,0.2207546795972495,0.2163867176683648,0.24017040747138862,0.29605446648256184,0.24767560734171176,0.19990016279293363,0.19239685160229347,0.24121586478110119,0.1802879564598968,0.3185651526576581,0.2513219071750436,0.29605256005599845,0.3170498226976235,0.35082336688046933,0.3454916552999793
2018-06-05,0.2204987032836825,0.21802298898749903,0.24279392100091113,0.29585331655888547,0.24728296071319644,0.19876375647307165,0.1925413174050966,0.250384660190479,0.17929626782450256,0.3169158443666023,0.25323097142343703,0.29498990146865295,0.31971186575433935,0.350089735804119,0.34419966904703325
2018-06-06,0.22065961484225738,0.21933561142440353,0.24539275698249907,0.2954624647665651,0.24746776265342213,0.1991016454847415,0.19360407995540835,0.25263891880318007,0.17981417025784838,0.323847020868048,0.25302023364774945,0.2948323089299006,0.33203739499698115,0.33892518049693593,0.3382212932833839
2018-06-07,0.21936608721969067,0.21731040856949932,0.2457002279756962,0.29656575684456615,0.24484431488808195,0.17966665513926394,0.1740310938615713,0.2519230444239174,0.18293688154647167,0.3229133433314848,0.25228557295677667,0.3087695411310531,0.31598533628238323,0.3438548828724362,0.33335415624915954
2018-06-08,0.21614097818126768,0.21748361453635842,0.2414865028943359,0.29667882126144485,0.24404183787406628,0.1789877461324417,0.17569274523617967,0.25189143884206744,0.18583190424660512,0.3610746712764279,0.27122694757451765,0.32085889670046724,0.31499565878699065,0.34326550012155166,0.3339105870081441
2018-06-11,0.2158551151819121,0.21735361763828975,0.24107718022673202,0.29059602659181316,0.24191194222912957,0.1789930609588994,0.17557944581008492,0.25083426708227,0.18416297115119679,0.3618911698708285,0.27209779549912533,0.32278419386461277,0.32122941022275303,0.34455386108843306,0.33519724850258664
2018-06-12,0.21586547557605854,0.21753096519199325,0.24184558852032595,0.2898973438611868,0.24284017674731606,0.17899608414031745,0.17450484696704818,0.2519902835240354,0.1838570560784894,0.361900058233189,0.29237946436936896,0.32408136278354743,0.323690764503784,0.34464164663649133,0.3335306659417055
2018-06-13,0.2091787170996328,0.21782368342096672,0.241987141199218,0.2900053737227267,0.24084064383005546,0.16902075293076405,0.17081551850093904,0.25165506803226767,0.18436458319643279,0.35802696546644835,0.2959435393251277,0.3214653280062036,0.32423265118306693,0.3452436481068643,0.33337043697767776
2018-06-14,0.20688109805419871,0.21281185887629814,0.2379299989233347,0.28127833546147524,0.24142493836598306,0.1681676189013905,0.1704779029711372,0.252361808625168,0.1828663197140991,0.35990205977701795,0.2951298686855876,0.3204336962929053,0.3136682927881037,0.3343764868535739,0.31579436844913755
2018-06-15,0.20629018781206757,0.22081503103386863,0.23493234362664073,0.2718431951203902,0.24215107115590426,0.170519830458433,0.17200976940744744,0.24947343111362963,0.18680130879187823,0.3597244319029565,0.30153799556363836,0.34726386259541986,0.3138207690724383,0.3281510431318372,0.32111776831845396
2018-06-18,0.21142610735596534,0.22238869551120446,0.2345316077456181,0.27034098615179697,0.2415704235468866,0.16325940959942523,0.17199215777100124,0.25173100070328963,0.1890404306315185,0.35916988438784764,0.30226610094806833,0.34819111599046887,0.3015825425125048,0.3271869263554789,0.3210127997464488
2018-06-19,0.21306484073663137,0.2265623559619973,0.23275429543542817,0.2731635600386915,0.23798783848038774,0.1631574942896179,0.17211558505858826,0.25161363374399565,0.19331469766733952,0.36132291756910034,0.30004283269532045,0.3481467891139367,0.301488778479326,0.32738148785437715,0.32242645011627363
2018-06-20,0.21157778320001,0.22642432922081324,0.23161092660003876,0.27366765443364993,0.238650734481634,0.16362279628845036,0.17205344772739048,0.25126591079368044,0.19319473657270594,0.36036375408168025,0.29853879585668486,0.34777275204133196,0.30137370491052684,0.3249184990272142,0.31221070277572976
2018-06-21,0.2129279750861068,0.2250184102153158,0.21922776521503182,0.27402566865432554,0.24039275190722215,0.16494930735796673,0.17306028208551544,0.25193955904439436,0.19409752497983357,0.36250599996702226,0.3013210971872343,0.3511515830848681,0.29789072291427277,0.32078862527031116,0.3056806736877541
2018-06-22,0.21257909717188356,0.22494545466192764,0.21922106335541378,0.2743726540142368,0.24010771925356547,0.1667719066326099,0.1760465688017514,0.2428555093518348,0.19038674996602362,0.37127465431919315,0.3015926142065682,0.34757128000015025,0.29781206620741313,0.3196879451854086,0.3061315040577964
2018-06-25,0.2122346567764563,0.22354107873632414,0.21200828714443878,0.2694292349022877,0.24186696312441755,0.16926517486214607,0.17500391012743588,0.24232719514896667,0.19034357176390998,0.369219810923321,0.3038181743847367,0.3410713089996448,0.2894471564844261,0.3130907704784383,0.3037491351285741
2018-06-26,0.19292594246664352,0.2235222980161665,0.20156902125928042,0.27083602572666976,0.24149993806982506,0.1696013377676149,0.17449401513181037,0.2437291104570587,0.18449518127589148,0.3660717117337484,0.30092712269364297,0.33497397360711223,0.29102512952292814,0.31347172961542136,0.3038743795220948
2018-06-27,0.19344398004083183,0.22421135797632202,0.19826558207559689,0.26866039578264994,0.24136742279880477,0.17060089281007587,0.17536993116538777,0.24493111667849762,0.18439488396254022,0.36617326742183565,0.30154157918458885,0.33497085733948206,0.28938354392627585,0.3142112979057662,0.30537339331090546
2018-06-28,0.18650197323432574,0.22310487377279065,0.1981447526939688,0.3050617423115248,0.24265620851203884,0.17181405873409727,0.17638561271012637,0.2505849567590332,0.1807699246431179,0.3664802538722119,0.2994046936332028,0.33110373566802276,0.2875957584793634,0.3076709897188422,0.30998462528291937
2018-06-29,0.17301558377905243,0.22112201641177487,0.1983811451435786,0.30460056918206546,0.25096919554805286,0.17472401981272695,0.18162083366242981,0.25058257192473793,0.18170147928576813,0.3664395002812919,0.30444689811679093,0.33731000649318765,0.28845606384175276,0.3075177088383832,0.3020436968697227
2018-07-02,0.17352176903653452,0.2200419525108443,0.19795073384495987,0.3046156512088885,0.25324349071969676,0.19051282430692953,0.18326798601295805,0.2505992130720709,0.17764609768171336,0.3661323313829861,0.3042541894288772,0.3387347055708081,0.2942860865538612,0.30757997916957736,0.30531889078616314
2018-07-03,0.17415649546274625,0.21816481036872626,0.19808955950627288,0.30442693300568635,0.2545602066852734,0.19177071440224353,0.18011822557458065,0.2505871826698489,0.17759841910709415,0.3675549607032937,0.3055127771090467,0.33745212927730306,0.29373465603201016,0.30830492588565067,0.3053704708807536
2018-07-04,0.1738564457894012,0.21911808584105572,0.19787795493011662,0.3030330906433002,0.25394476691960105,0.19300211744403656,0.1802213297320987,0.24974920407527865,0.17787053110001383,0.3675734258377383,0.30743256207961944,0.3357280087583178,0.2927933480728488,0.3036966714445607,0.2966427794093233
2018-07-05,0.17325983261357766,0.24073905366781062,0.1988522588276266,0.30342467992828076,0.25268682698536404,0.193072030548391,0.19019144031262553,0.24988823895287796,0.177804867090378,0.3674210842565327,0.3077399632756201,0.3387972032825327,0.2935461796307548,0.3040175979119132,0.29923742297923145
2018-07-06,0.1730521971355984,0.23172377397913796,0.1986873056670701,0.29916353208507823,0.2527976200012461,0.19383840499619123,0.18827794065869982,0.24777211726050913,0.17787236308007676,0.3682711653253104,0.3061945311152048,0.3386934226866844,0.2924482283663532,0.30246439673885167,0.3038480164917812
2018-07-09,0.17205366961963944,0.2322279797021621,0.19175856103603722,0.29457211378229153,0.25432068965897375,0.1935703500126298,0.1882187352092901,0.2480761950510423,0.17830364617345462,0.3697051355663991,0.3094603163250448,0.3399169277410161,0.29223082468547185,0.30230747345848175,0.3035675827597558
2018-07-10,0.1710020848629192,0.2205613970745039,0.19555291802547758,0.2953613516384615,0.254511889435025,0.1931714203001721,0.18711355018900383,0.24847474167012665,0.17504792881860823,0.3696653480991215,0.3095506764626223,0.3396385110039914,0.2940633701402018,0.3062197037176336,0.31096192365350406
2018-07-11,0.1708823246492286,0.2208970632434541,0.19287083233949873,0.29560681694078206,0.254567804726891,0.18968356573930534,0.18613469693013865,0.244017288487493,0.175758725291363,0.36856094544435025,0.31032201839320855,0.3396496465343614,0.2941676304130397,0.30924379968037413,0.31054341982032463
2018-07-12,0.16895333673151028,0.2258008274574149,0.19241568995004432,0.2942337706349751,0.25431187071249595,0.18963220904327951,0.17698326475241247,0.2464820153870028,0.1760032816327186,0.3686664760459212,0.3136618568290441,0.3394932920670881,0.29386799384693485,0.30854109572882704,0.3091359672562479
2018-07-13,0.16947266968963712,0.2277895800815027,0.19277076022207565,0.2937260769804801,0.2595189718932308,0.1897698973728479,0.1836625693346686,0.24471997948534746,0.17660343459907835,0.3689565064267595,0.31433283732807715,0.33077622591754074,0.2876852473430368,0.3003553561381576,0.3078814817969905
2018-07-16,0.16924372957787484,0.2150213500876897,0.1892155873455996,0.27718402713730667,0.25923393385905846,0.19117234607092207,0.1836832934999182,0.24484833038115048,0.17350038548673186,0.3813810486186109,0.36532826034052096,0.33643035306552965,0.29189089503681004,0.328658711004985,0.32175723559304964
2018-07-17,0.16876191028648524,0.21510978555746985,0.18933033642197789,0.27881418745651915,0.26165602108859126,0.19110276378157925,0.18409815976152033,0.2435899612905806,0.17783204515092285,0.38372035795236614,0.36618398367753807,0.34716516591566465,0.2927191697033814,0.3333537038065987,0.3224131717768907
2018-07-18,0.16861941992920668,0.20611113661125538,0.17546753749273092,0.27338058627768924,0.26735312103089115,0.19105173957225394,0.18432797263830264,0.2440285158172374,0.17930349350887656,0.3835522192557774,0.365895511225981,0.3448219554996612,0.29324569509809567,0.3484758426015076,0.3347017904463352
2018-07-19,0.1871940064704255,0.20657364620044805,0.1756144713961011,0.2733068309940933,0.2663216982526519,0.19095351571105634,0.18729850662072775,0.24405374633236235,0.17770547994281868,0.3837362709062295,0.36639873600392325,0.3447205620527517,0.28896719987785596,0.3472336933014137,0.33269622793837633
2018-07-20,0.18709917349525534,0.209883546276413,0.17176075789405817,0.2787720380468283,0.2693565973675608,0.1917394732678937,0.18481266900753027,0.23463619113713435,0.17789264839958713,0.38745966678953936,0.36494304397890853,0.34769469143210424,0.28532908334987894,0.3471521594131827,0.3328622232242641
2018-07-23,0.18710277194992814,0.20975600059738697,0.1741706679038621,0.2741251193592396,0.2696900481745491,0.1947273848605688,0.19956960444572794,0.23466837799900891,0.1767880842571463,0.38504808629394455,0.36450877623449385,0.35244693008632316,0.29796298219620276,0.3493805358229027,0.344198890634485
2018-07-24,0.1884622902744234,0.21056007250448297,0.17498958188646127,0.2749586666959258,0.26999487491900936,0.19384076103241976,0.19932107341207625,0.22469381459326696,0.1762689640923673,0.38479802170999544,0.3661144273525963,0.35121569267247,0.2979584925882513,0.3516508843449381,0.3711180212527227
2018-07-25,0.17257430862008313,0.2103551019870204,0.1739415394265684,0.275745828407525,0.27149505202579005,0.20943084126627343,0.1949557580504916,0.2203100604849341,0.17241845695240418,0.3814058279391676,0.3661727395482865,0.3508795822077437,0.2987321879196249,0.34669939828637186,0.37016809416565105
2018-07-26,0.1679847439867628,0.20917594710063214,0.17299036888620045,0.2786937074974173,0.27546198775067043,0.20623769040727355,0.1943208795114486,0.21903913069548397,0.16780421696322617,0.37294979030782316,0.3687290021262158,0.35049808878630656,0.3004189632615689,0.34427246853299587,0.37825122689616103
2018-07-27,0.16798573864475944,0.2080136539858348,0.17411099576343206,0.28026198498239,0.27567170531387586,0.20453329021512337,0.2142153862707556,0.21939280682094953,0.1684844625340393,0.36595146879427237,0.3716425890472107,0.3441139999898227,0.30148501018407553,0.3492516711323382,0.377826482881844
2018-07-30,0.1674542950803167,0.2114797399412412,0.17049373379627958,0.28163917356886764,0.2747508813264497,0.2051293288512401,0.2118561784412457,0.22229284480246642,0.16771407921702913,0.36581095297294514,0.37016065975279916,0.34247584925874225,0.3197142180077577,0.3447653764657773,0.37520670746045137
2018-07-31,0.16730371446037384,0.20888246428252277,0.17154273683310395,0.2918832473222283,0.2756987063113659,0.20493411912231324,0.2134278258521731,0.23577879775894336,0.17834372508610524,0.36599332169453264,0.374858722061616,0.3457648835912067,0.32186386071873785,0.3469354901179086,0.3785205504183909
2018-08-01,0.1669115147890207,0.21012263975101428,0.17052030193226111,0.29188686839452344,0.2765480760877185,0.20497760788939773,0.2147148579425822,0.24189675586075374,0.17836169990153064,0.36550573946299914,0.3772527047918896,0.3425729277810426,0.32330925962550777,0.34696826706899175,0.37944819760211657
2018-08-02,0.17483808822941257,0.20994941283962593,0.1709368224173883,0.29309762939910655,0.2690255076950432,0.2040066664040013,0.2147780289779673,0.23983188457513968,0.17873591161669347,0.3634146346027893,0.3718159356363622,0.34075354925194695,0.3225790366833524,0.3457499985868015,0.3773135544957817
2018-08-03,0.17803435742944937,0.20953334797874842,0.17044874296132898,0.29371063114181273,0.2691339052259648,0.20439262771961766,0.21562668695314105,0.2258469509528341,0.17839321128889757,0.3461340304338202,0.3744085845661733,0.3387323565106295,0.2970224820825494,0.3425155024151046,0.37753777922767895
2018-08-06,0.1830512100484454,0.20962530289821202,0.1706007968621995,0.29397464012987956,0.27124866415269827,0.19712712410239236,0.21628412953250892,0.22901813780931912,0.18008298075460988,0.3486485671016675,0.37665680801008766,0.33721030142932873,0.30283953335287445,0.34228703675441574,0.370666333585162
2018-08-07,0.1820016641447164,0.2096668464852553,0.1702555923086439,0.2950229521174548,0.27083580745487346,0.19878809756075652,0.21504388374021918,0.22898354672760102,0.18573480457334351,0.3487065084888435,0.37681747493264844,0.33620559550155604,0.3035050963505507,0.3463916909856609,0.37039373674742626
2018-08-08,0.1820944913885333,0.2096601985056833,0.16817507217604072,0.2953715511838116,0.276962174512646,0.1988630379131421,0.21344770142957148,0.23183037383447763,0.18581995861927583,0.34875142018031957,0.37667972468933375,0.3356272516944638,0.3017715037646699,0.3465500892876049,0.37019743536289357
2018-08-09,0.18214040855184918,0.2098266905938168,0.16598267292257243,0.2962043176596572,0.2783052508441025,0.19890187858047004,0.20689285046675301,0.23220009223052895,0.1835823012345925,0.3479290200290166,0.37620796250285427,0.33529162017524167,0.31454947728353577,0.3461200572284667,0.3919276651998507
2018-08-10,0.1785315501224888,0.2097527130791111,0.15007245046277973,0.29136859489697636,0.27609528521418075,0.19930086557476773,0.20615645214050674,0.2350459206582485,0.17908197422806454,0.3476704739712411,0.37714234763702775,0.33771368488330056,0.31280337672321035,0.34171619267225056,0.38550817375487084
2018-08-13,0.17625831973054096,0.21119161697280234,0.14783939141474092,0.2940884033049629,0.2782058260646866,0.19848780537529373,0.20617554967926544,0.23207862660126988,0.17756247812704465,0.3337711238402358,0.36460813164051625,0.42843297647301787,0.31266793315460567,0.3391481306375164,0.38430989327647813
2018-08-14,0.1749313671297455,0.21054151141439528,0.14932047354956773,0.2967953338556894,0.2782571137771884,0.19861665704898687,0.2041465254534486,0.23046345801088092,0.17574336365404544,0.3563970320218192,0.3449668227187347,0.44238956637544924,0.3131028035169687,0.3410475059207466,0.39160299172742236
2018-08-16,0.1905233959642072,0.21070610748434174,0.15474206280316744,0.29520897498357057,0.2577471572881209,0.1990658795260417,0.19952181924634865,0.23048618012925157,0.17209872060533965,0.35969133177326046,0.34476794358887536,0.44224169027796456,0.31275246676514173,0.3166581310595717,0.39235561683923065
2018-08-17,0.18994900174024953,0.2032147125024794,0.1546802987931914,0.2982030740153278,0.24229791407201418,0.19840640170073182,0.2028884508469225,0.23048878301790865,0.17623789905565626,0.3577505930764447,0.3445466803085419,0.4495950374062207,0.30068448168996537,0.31830959101358525,0.39362850318615966
2018-08-20,0.18797295739933087,0.2156313118171417,0.15848550146989407,0.29713955303692025,0.2338170433570624,0.19853890034336907,0.2024010043811288,0.23046822869713124,0.17718656270519006,0.35771312432993096,0.34439658741121776,0.44690287559902586,0.2994388093249989,0.31678219046566747,0.3908923046482197
2018-08-21,0.188797755520135,0.2137878244259776,0.15995152532874088,0.29229470018431586,0.23460168744971813,0.19853480219499917,0.20173743590309856,0.22961775781962404,0.17838611356319625,0.33079735554947864,0.34429170015670096,0.4480062592434082,0.29955063212746097,0.3214566486661244,0.3940161186317056
2018-08-23,0.18940348174348148,0.21426664222551087,0.159866099840978,0.2960237664263337,0.23556835366343384,0.20265550081078446,0.20152815377613356,0.2560150461969869,0.1774619870106775,0.3306932843607431,0.34559726391649975,0.4514987907220029,0.2988756320753465,0.32368648663489547,0.3950908800289598
2018-08-24,0.1871560387149018,0.21646839106704469,0.15909536648459346,0.29607323517368217,0.2373607921683711,0.2024985951123162,0.2010235796673937,0.258978202593545,0.1824564071887382,0.3318928275427707,0.3451504511436015,0.45731282032161097,0.29837139853398725,0.3238583236928912,0.39438793783138776
2018-08-27,0.18342247610637982,0.22031076820349577,0.16055763255348884,0.2918457779779173,0.23331952608563997,0.20187883535412768,0.20147225952292008,0.25840028251645747,0.17748684117054128,0.32668236313662213,0.3435749606008025,0.4492275574325495,0.3034316065667263,0.324283776280759,0.39396585156342273
2018-08-28,0.18261096240114066,0.21906698750613565,0.16000639149451237,0.2898361259204497,0.22745012650199048,0.19963861847132003,0.20135238642798928,0.2541908027154433,0.1719900810462734,0.3267742985162141,0.34511511341331497,0.44812334935364606,0.2986403866496125,0.32087044281747806,0.39280784158285786
2018-08-29,0.181438639504326,0.21925063398539685,0.15983875453080337,0.289714705503723,0.22762498197175915,0.1994490866706632,0.2009278069752619,0.2534244651871845,0.17493554791739735,0.3251524988877519,0.3430712506193032,0.44841060331119925,0.2923787581420726,0.3205710955955255,0.3862902979135886
2018-08-30,0.18218155319634619,0.2161722179661312,0.15399740553240251,0.28982134274673205,0.22765734519452482,0.2039401891222805,0.20433932638312588,0.24511097965433085,0.17566704657788665,0.3277243672627727,0.3407805390416163,0.4483900100756678,0.2920238831514869,0.3233503938060827,0.38747831651125986
2018-08-31,0.18194749332335855,0.21716077266815215,0.15197842761788313,0.30245691755216975,0.229084587455975,0.20447475978601917,0.20378401542522992,0.2461200961097698,0.17498191143395822,0.3235346324997205,0.35199485316797535,0.4480869738942815,0.2790707681483691,0.3237223314626373,0.38749510520823227
2018-09-03,0.18399360355491118,0.21690003074090872,0.15357910265673683,0.30691027079663064,0.22990985431668992,0.20610394050813483,0.20948139506005592,0.2533315738843369,0.1802084957891769,0.32318209035974427,0.35972633884914174,0.4411759128228548,0.2790731391686078,0.3141652136821903,0.3952321138283894
2018-09-04,0.18431970124144628,0.22286726051289102,0.1557334544303212,0.31028279309833795,0.2322761749709273,0.20640677499224083,0.20944497448520258,0.26647257021661136,0.19218472715638862,0.28225736868257273,0.35076154615227656,0.4308706914715235,0.28035170546223237,0.31528265923043364,0.407853419419378
2018-09-05,0.18652251345232496,0.22443366372914214,0.15856339360561134,0.30979876797275924,0.23235924875423422,0.2064210485248555,0.20937930104369304,0.2810881990693265,0.19959230989193846,0.2820682375107818,0.3507495659874514,0.43644445144350974,0.2755961436706043,0.3125291419474724,0.4064649578902414
2018-09-06,0.19040712064539872,0.2245155815090785,0.15851804836304845,0.3098888524752214,0.23136911097341678,0.2100904379097102,0.20936701755710374,0.28069000913691977,0.19930139364083277,0.2839900508366693,0.3364366279502932,0.4362371274828919,0.2722741620064274,0.3114374993601272,0.4061653531007561
2018-09-07,0.19191518017550468,0.22377613466489912,0.15889104120025307,0.3099576322960771,0.23284094319034954,0.20956114805551168,0.20817948922758506,0.28139108470221197,0.19822918143886858,0.2875914553612055,0.3350396782375163,0.44143821850061554,0.28709808241972795,0.31396895519831075,0.4079359274759666
2018-09-10,0.19435796840458214,0.2236571125726864,0.1569491943082514,0.30694544423138714,0.23542910836900566,0.2079805812202423,0.21025765097818966,0.2818770999257827,0.20338967624757318,0.2975624863664836,0.34019999539164036,0.44482566084338937,0.2871966994602104,0.31473224263217836,0.40962292054532823
2018-09-11,0.19548959672535576,0.21438526058822757,0.15750443890799173,0.3111192478883812,0.23261578080188394,0.20522586481135205,0.21934063535961615,0.2878296576027034,0.20478722554801065,0.29625025835669316,0.33502520836130234,0.4276582149002085,0.2918741898957157,0.3233054139654303,0.40916416159723135
2018-09-12,0.19722075619797497,0.21343916252249007,0.1584417710774595,0.3119137575121434,0.2324617489929232,0.20502469500087406,0.22789088670037533,0.29279740567985685,0.2054811214353975,0.30206483103823484,0.33379767617846795,0.4260910723609621,0.28921815496920245,0.3248130060119375,0.4115539832536863
2018-09-14,0.1972300352447547,0.21035675339018922,0.15199187034323383,0.31317854304925336,0.23741517499590545,0.21203784962194844,0.2278169720498382,0.29285727712445775,0.20532750670997407,0.3021817535570063,0.33617033577826605,0.4263817694778721,0.29150699872813257,0.3255700457101224,0.41470774627494567
2018-09-17,0.1944059712945011,0.21213216752510952,0.15119431244202358,0.3128899494759375,0.23611113416680998,0.214956165934843,0.23011019499762242,0.29416929688078425,0.2076312127547597,0.30771311490200315,0.33551740679297304,0.42556876527460863,0.291667569343065,0.32450155327994507,0.41308064763242264
2018-09-18,0.195238732188967,0.21357989474731334,0.15046048048182017,0.3146843868347862,0.23368547944790677,0.21594854859915308,0.22844224345951417,0.29337173799471467,0.20780051983487682,0.3055159235023299,0.33205030813150177,0.42246598769105737,0.2947258803206774,0.3240012513870408,0.42520597508528285
2018-09-19,0.19598265937570675,0.21358405871390862,0.15018775321442587,0.31659472726317806,0.23884399477034457,0.21487124817200023,0.22848004310406278,0.2941409342935656,0.21104269117052774,0.2953198978486987,0.33207651049147235,0.43264476614681535,0.2936983323609322,0.32471743343976234,0.42516781675939475
2018-09-21,0.20960722275011404,0.2154248283689722,0.14957717440178286,0.3288733645128931,0.23765925386206319,0.21193675454039404,0.2284913377852132,0.3051094008852355,0.21888731542352788,0.29836308012821183,0.3320125650103352,0.4355231963195441,0.2936976735843852,0.32439910253872883,0.4233048965486651
2018-09-24,0.2155572375001406,0.2180329407664559,0.15134089982557616,0.32938275694546887,0.2370990349029287,0.2118759357890246,0.23265194453546353,0.3029850260574068,0.2270102532564784,0.30092955455379133,0.3311003892232806,0.43854489963868604,0.30223108065567184,0.32810949058526806,0.4489476586419027
2018-09-25,0.22555943457576735,0.21812522623095235,0.1541382524325057,0.32101508586804217,0.23532244341020506,0.2112308190140003,0.2324051026048399,0.3026423713343534,0.23575346508035463,0.3053590024238266,0.33315901923762553,0.4423183275008603,0.3024523821385448,0.32803256882245496,0.4547967842384646
2018-09-26,0.22482179199076055,0.2181994269128232,0.16732154171078675,0.2860859524279731,0.23285493486670145,0.2110899113550015,0.2388641255954346,0.2990979880839504,0.23724464541006712,0.3030054291893185,0.3334245671320994,0.44200695002869517,0.30219854036924243,0.3284483244481539,0.45295837454886617
2018-09-27,0.22859249787195524,0.21743626959489187,0.16520300245100586,0.28450488278503183,0.23262932384054014,0.20723083695050212,0.23528597912245972,0.3006927231390492,0.2354040009850174,0.304271063140437,0.3322277663393831,0.438908915472964,0.30228958443851595,0.3212406648763604,0.466797538217813
2018-09-28,0.22861040242134167,0.21403946209784175,0.16652646731847953,0.2845916812912539,0.22904910492473224,0.19106284575991866,0.23514885228476592,0.30168701426783845,0.23992177363921496,0.3056950978886406,0.33250114380848306,0.44051397435289247,0.3110857561424527,0.3367994252416869,0.4771403057384919
2018-10-01,0.22868289694575328,0.21686676169401337,0.1694362658234359,0.28647156274521945,0.22832069927516166,0.19281830501359723,0.23486315828437787,0.30226795482793334,0.2400633470381058,0.30565237610939866,0.33222850450621744,0.44257166428563693,0.3181386413456419,0.3363476757455325,0.4790844880873057
2018-10-03,0.23028331959037232,0.22277197526629236,0.17103876967213152,0.28704136537772823,0.227818640071937,0.19272313260105958,0.2351796971069956,0.30699285522121506,0.24067677725590214,0.30900569686197743,0.3308551284686059,0.4414331047590763,0.3214795509363399,0.336245871718754,0.48099613138096325
2018-10-04,0.2331361402871595,0.21028760709122957,0.1718642895008068,0.2989502407802037,0.2520635323350918,0.19251039523308172,0.23503533008244704,0.3062599479341348,0.24357123114333562,0.3145786677836143,0.34503662042413497,0.4391379273704682,0.3247453506632375,0.3349371088242942,0.4820663097832367
2018-10-05,0.23499632038235174,0.21542859665437547,0.17123336236454312,0.29660461188135506,0.39569619542449574,0.1970052924529532,0.24753885503449313,0.30674325951844256,0.251081094294259,0.31270315013195166,0.34424648894813764,0.43490706696445147,0.33253763759912025,0.3390318145828827,0.4908558012548557
2018-10-08,0.25804631105916315,0.21703994193149506,0.18003160241094032,0.30184347995672495,0.3967609455870847,0.19668738407018205,0.24847382028411902,0.3067268139059082,0.2527948805565796,0.3111023682121799,0.34350147624166505,0.43570945159753277,0.33294860740608834,0.3403676719380108,0.49249222450091973
2018-10-09,0.25820367069320127,0.21712276499285102,0.1772324379894806,0.3012739721338895,0.39891846255542673,0.1954368346524138,0.2501287245318878,0.30692077449271266,0.2528132027749405,0.3108346750835123,0.3573381872262669,0.43641229655102626,0.3325951189297172,0.34013893260493844,0.4860827518930039
2018-10-10,0.26369048471008666,0.2217509368091473,0.18212182233677465,0.3012246425077055,0.39994786884519445,0.19699296481172293,0.2503006433740389,0.3043615504279986,0.26448493080688845,0.3115795669388253,0.3574121794730612,0.4376444125912655,0.33544695656644374,0.33889424522560707,0.5063309261541902
2018-10-11,0.2655664488462684,0.23248146313287743,0.1763783168022217,0.30058177040840084,0.4044388249271262,0.19721579282987864,0.2526942441484264,0.3038592789420319,0.26779280996437704,0.31675443808529835,0.35508668310487473,0.4377108851148165,0.3409236436793759,0.3539699554827495,0.5208517269519014
2018-10-12,0.28316144608093924,0.2302820169336257,0.17711771445461544,0.29966927471611554,0.40378754924487326,0.1967041902843674,0.25962911157122626,0.31104723721603045,0.27643492043522855,0.316379779223979,0.3534615086272488,0.4339986632691026,0.34321007891348826,0.36236626699758123,0.5243429068618644
2018-10-15,0.2831534061553842,0.23671965330873773,0.1777717730694147,0.295647415736808,0.40517762368571525,0.19394326524767674,0.2649788719946519,0.3108717516383315,0.2768289145843839,0.3020216014004151,0.31219533204485644,0.42676390272377135,0.33810719126495775,0.33167896002151004,0.5143173341430757
2018-10-16,0.2835063129124721,0.2368499215036695,0.17804926297552373,0.3011041203790013,0.40976786692981215,0.1941644598745952,0.26455063398699186,0.304646154971707,0.2756475724027961,0.29741827378995395,0.31012400646326027,0.42323761452935366,0.3382317032949215,0.3281364432772478,0.5141257671046414
2018-10-17,0.2835597640842258,0.23825674894947335,0.179418882450387,0.3010357375542404,0.408940943006825,0.194769496428107,0.26550794881326517,0.3039071471239753,0.2804132443062269,0.29948088878704054,0.31038584082221504,0.42324645917679704,0.33860808118631813,0.3158660945779985,0.5338447900923915
2018-10-19,0.27821348182390837,0.24694365253473793,0.1794511317860645,0.31356953020446815,0.40915549844747584,0.1955178247237224,0.2640032737912581,0.30418027141251175,0.28062562889536413,0.3034435573327208,0.3077156066999038,0.42150211845652596,0.3340556633096626,0.3147358492220156,0.5492415679434877
2018-10-22,0.2832902387204629,0.24247827161746585,0.17805223888795807,0.3124487841734746,0.41039294526857883,0.1994169185811444,0.26413597534358324,0.3039958279068115,0.2808147204618336,0.2989948281890085,0.30927504984063026,0.4174426964597111,0.33400068248114767,0.31710727582428283,0.5491734733641446
2018-10-23,0.28402809859515477,0.2514860993356585,0.1917978914353864,0.3115490516283924,0.4100314348155976,0.19702122632406552,0.25390412370599474,0.30950030219706615,0.28092579077272406,0.3178904616538977,0.311995475110581,0.4150380068111215,0.3224012009254315,0.31255060515820826,0.5417146836910185
2018-10-24,0.28204472117760365,0.2503156963165494,0.18948060106687944,0.3105984632015577,0.41108039646896544,0.19847135316629624,0.25398123967944486,0.3119453930855503,0.28353969203963,0.3184896267250907,0.31304748172809294,0.41501247094218746,0.39124704682916356,0.31034258656759944,0.5260856090802617
2018-10-25,0.282557982075024,0.25091139519195255,0.19870206749652244,0.312949409038251,0.41165070170887264,0.17871816781550035,0.25396886666247004,0.31181866465221064,0.2838591980490338,0.32104584829844474,0.315897828905106,0.41667426355098713,0.41125393296995794,0.30915985143965846,0.5233565420039921
2018-10-26,0.28592797853835394,0.2547915130840495,0.1965124337483255,0.30937804824622184,0.4117145858947341,0.18088712101567558,0.2583083214158188,0.31128226960175687,0.28393642830185456,0.321365943298818,0.3135304389001717,0.42026284901649275,0.41021056295500186,0.30980269914513964,0.5171707771567847
2018-10-29,0.287722727269063,0.2576303185625287,0.20232097351235218,0.3084109374828393,0.4136904304956873,0.1799043184327702,0.2337912741679551,0.3123444978468004,0.2861223052563111,0.3292777691294026,0.32607089441479314,0.43359297196436103,0.40807333308340626,0.3150718798224916,0.5376752131728227
2018-10-30,0.2884736574468271,0.2600702634983342,0.20253026068632804,0.3132426718154806,0.4128157925448987,0.17960779330669044,0.23569529619625773,0.3109052061229661,0.28687800987099477,0.3314284634596125,0.3279607013929741,0.4347666499653012,0.3922445653825811,0.31683939959484114,0.5382771867913383
2018-10-31,0.2884007081613103,0.2723586653492229,0.20242265936229561,0.35026634007956725,0.41228270521786364,0.1789501392560488,0.23501220562486114,0.31316989040878185,0.28837548256163115,0.3373260804456272,0.32726986297632576,0.4364002549759146,0.3893079187072363,0.3171275654203548,0.5330810045616181
2018-11-01,0.28830842996358047,0.2783186994507728,0.2030473875811506,0.35669704876445374,0.41205671146058026,0.18238614246727022,0.23384087037918042,0.3089737673652411,0.28867093188875204,0.33803985456279745,0.3324531232724682,0.4391285902144978,0.38896723384181864,0.3161585122995106,0.5404069275429818
2018-11-02,0.28867077470297486,0.27866187179624347,0.2166566446510917,0.3652217727025927,0.4141946717015792,0.18278445880178765,0.23784401149360776,0.3137035022650454,0.2888388298880994,0.33742034407844307,0.3313074433422565,0.44089585313221824,0.3926742698222229,0.32245426789735165,0.5377341717961185
2018-11-05,0.2840303734428517,0.2784492781724258,0.21858933579190534,0.3648860872112417,0.4152547941397496,0.1917450692234353,0.2365302173974228,0.3032329022541299,0.29199028119522497,0.33685585811937985,0.32807285770187156,0.44083184774476514,0.3936717792549957,0.3226235980359177,0.5391300830418944
2018-11-06,0.2815395887415518,0.27840558840124036,0.21822359075028497,0.3647807192388562,0.4143406151389876,0.19190310813854947,0.2366625593924404,0.3022318898303543,0.2914905750376999,0.3362402913854765,0.3257082437849796,0.44644410081619945,0.38808785817538355,0.32265898358341555,0.5391285732740709
2018-11-07,0.28223781142837523,0.2795895594932324,0.21822513319125864,0.3637457256053772,0.4141335875076622,0.19011869896683645,0.23776370729272017,0.3025064105489907,0.2889525827339062,0.3355051171888547,0.3251501935904518,0.44504185642332095,0.38813938994045283,0.3146365132410098,0.5384952029401778
2018-11-09,0.2820774662487283,0.2837217770071755,0.218389949208782,0.3642714212400404,0.40937875915807054,0.1900362248164192,0.23845766827839565,0.29902535264619484,0.28690356325981403,0.33924509058352753,0.32826674768240166,0.44571772736292703,0.38902215342849195,0.31561459636063677,0.5384216760738197
2018-11-12,0.2840952124779784,0.2828829238226351,0.21886610852761976,0.3661877768169101,0.40732207347734317,0.18843384034022564,0.23912926059764292,0.2986532185196738,0.28664213951088546,0.34033056459649147,0.3282799360588219,0.44596705935346337,0.37868434504572634,0.3165046662384723,0.5234246221700561
2018-11-13,0.28471445621950314,0.2827933620070365,0.2191761190232422,0.36618837762757694,0.40735028515947586,0.1956730824256348,0.23977475929953448,0.29700966196994744,0.2874752448136616,0.3484243217638743,0.32770837438107314,0.44327330350153415,0.37837964054456946,0.3155035468438112,0.5220633919534264
2018-11-14,0.290947394985965,0.2829851363623741,0.21906986783846083,0.3731127569326533,0.4100190397407135,0.19473646744097006,0.23952394331279286,0.2997365426593192,0.2860057319219782,0.37857606280287354,0.3270309368897278,0.3556357185016582,0.37967743909308765,0.3141086456921467,0.5313959344796271
2018-11-15,0.2973794527787728,0.283234392586567,0.21870226859802008,0.3734267841346603,0.41091531389565167,0.19976103542406728,0.23920088659782862,0.30009550675977614,0.2864486196131443,0.35118951725283487,0.3256697932190072,0.37301200911118404,0.3804678496526602,0.31208830992055164,0.5312884645990529
2018-11-16,0.28848797670530446,0.2816872641753803,0.2143809442638544,0.3747110112346088,0.41157644236209634,0.19858640949409084,0.23995374584644508,0.30340190815117113,0.2902650028012931,0.34563936925466177,0.3191980270652662,0.37622768224038916,0.42707343400616843,0.31404766437918713,0.5293854191249158
2018-11-19,0.2870793558062493,0.28171161968036423,0.2174273889010316,0.37066719403145104,0.41187602740175505,0.1989895516588996,0.24377390537904173,0.3104502322417022,0.28710956285073835,0.34908711385680524,0.32168950686166337,0.36672320572883615,0.42799336832763846,0.3121453287092364,0.5299053079332884
2018-11-20,0.28637914983123175,0.2759393127413669,0.22846298273292595,0.3766086500649056,0.40570478008012906,0.20510948922315259,0.24377895318066622,0.3108355610382252,0.28477058593025906,0.34927436706300385,0.32938337384320154,0.37037602085497495,0.42887043679313824,0.31170519777033323,0.5282935780125144
2018-11-21,0.28628724664010013,0.2845053300435866,0.2325156960179864,0.3753836063041326,0.4054567457762599,0.20327029448453987,0.2440746274851836,0.3106703123377033,0.2866814093920086,0.34919881000696273,0.3540283632646242,0.37040636659944065,0.4288112387439291,0.30915995508707234,0.5339737520012606
2018-11-22,0.2854387328034512,0.2836818554727556,0.2376127302688562,0.3719011021499802,0.40488258449321807,0.19890741899306055,0.2441295972882903,0.28373760345733784,0.28622218489955964,0.3492775943579449,0.3514980130198933,0.36516383330655483,0.429510889791684,0.31001463516233274,0.5358345828342197
2018-11-26,0.28513827002337916,0.2826191033308081,0.24834998395126337,0.37143492702212755,0.4095373013296134,0.19943795184677712,0.24742616048678864,0.2841511961061872,0.28424207016304054,0.3524121800266947,0.35363841148244296,0.35925009753775633,0.4318518538500769,0.31126498151072374,0.5357060004516909
2018-11-27,0.28297093583246025,0.28312603610274234,0.2511524046390494,0.36705194227135135,0.40902191257608284,0.19848477596878764,0.246390933412001,0.28454614941009193,0.28422697850009854,0.3572061900493408,0.3542780394400669,0.3604794184142146,0.4291680836910984,0.31185148235289417,0.5357235373725573
2018-11-28,0.28305296393007967,0.29701831926307093,0.2514923142437797,0.367210365027388,0.4109154556878508,0.19806103570153105,0.2467736167076337,0.2869877642466264,0.2845236985897623,0.3580577021598478,0.3536139412872639,0.35787241224802585,0.4372146050019793,0.30992469128574274,0.5361068553068059
2018-11-29,0.2988868242796621,0.29675017201040577,0.25303499311290917,0.3682713391282304,0.4102241176979536,0.19713472183066122,0.2501154111897467,0.2874207676954214,0.2857596708519689,0.35796911545998267,0.35799369570548223,0.3569052632065705,0.4379154229006515,0.3122128869627565,0.5361848818906587
2018-11-30,0.3007704257514877,0.2973416593008236,0.2600437043783253,0.37255857597506886,0.4100490021127208,0.1918880081609318,0.245305873801253,0.28924370560052515,0.30123760838745084,0.35362692422530484,0.36102916440400157,0.35805298215870646,0.43540253593663947,0.3078976505251012,0.5347866915721573
2018-12-03,0.30058914424777156,0.29510731693324554,0.26048141570854405,0.36031463225634136,0.4102481090351075,0.20356333833332171,0.24585150524699506,0.2837878667886143,0.3044447529510105,0.37908961024662197,0.35173190269648774,0.3599186453175459,0.43780025273968,0.30933010583332343,0.5358044166522387
2018-12-04,0.2992769165205528,0.29874187102282346,0.25942041705835434,0.357871548096552,0.4137423049875732,0.20357697169432235,0.2427314956969399,0.2803450403215105,0.3002611445391356,0.3810072287723739,0.34306616224925157,0.36840691537936465,0.43777817627772314,0.30932392566497385,0.5355380772834474
2018-12-05,0.29958245623617574,0.2930111429980981,0.25768839839096985,0.35430352479752414,0.4137603318341792,0.20486144697688355,0.24587444273595313,0.269698488302209,0.29229616846558265,0.4010846127892733,0.3415236674780633,0.36902235938436617,0.4382849265770087,0.3174527331016385,0.5280764286375658
2018-12-06,0.30252726062226387,0.29477542522907474,0.25737607864380585,0.36417411197196764,0.4162015510461862,0.20522849993387843,0.24609319773215946,0.25787031779165426,0.2963172297308725,0.40218404716398815,0.34198030630964305,0.3678190836967542,0.4404765500433984,0.3183314349524832,0.5389000018925458
2018-12-07,0.3470105634919823,0.2982961021854904,0.25716108803082316,0.36318644987674203,0.4159159682358111,0.20082832757306762,0.2462476099232944,0.2583521624891933,0.2966178088148562,0.39895212113061973,0.34412131889805847,0.36748915887386235,0.44045130392353443,0.3173067848681483,0.5425656557558498
2018-12-10,0.3701301877483565,0.30033045304243294,0.25976860834552595,0.3634943487219352,0.4161201462425951,0.20103922717057293,0.2472982633603117,0.25742700321786827,0.2967901929606287,0.4007913151637916,0.34032054282240726,0.3644658197749342,0.4315611248760956,0.3099409105551883,0.5446741412133542
2018-12-11,0.37009087444402244,0.3008862569790987,0.25989839284966165,0.36415338060375907,0.415380511755253,0.20252208628538176,0.24901019562277688,0.26045449028832385,0.29374238553210946,0.41786678293093854,0.3362122656115986,0.36063655375688997,0.4322306286197562,0.3097270570841794,0.5476299703064514
2018-12-12,0.3701574750272739,0.3009943174566411,0.2600767742827425,0.3622253051741347,0.41954812755575716,0.2099793169664132,0.24199701580393584,0.2583715359770887,0.29176569295572113,0.42164421021903536,0.3493330251813779,0.362930750690458,0.44551485518710254,0.31427838096912447,0.5535988714973462
2018-12-13,0.37065563918475136,0.3058863653511385,0.26372439086628496,0.36193717467593584,0.4202718668922082,0.21008271978034065,0.2317685565149863,0.25261196255572255,0.29626195517255727,0.41575889407962935,0.34939489849574756,0.36300359373609387,0.44560861350817843,0.31118438150677297,0.5515184242992047
2018-12-14,0.3706923290824542,0.30596604452108217,0.2658869839380695,0.3572264441489759,0.4204712397776392,0.20368873425067097,0.23179659388292762,0.25257585800777327,0.2946313952020555,0.41098091834678296,0.34689188171103713,0.3647614303126009,0.4583651582898928,0.3090650446952231,0.5466672148419468
2018-12-17,0.3745292577014599,0.3070586275899569,0.26877412359953057,0.3573896891132641,0.4211131486591574,0.20667780821771828,0.2320751165597009,0.252114275148532,0.2933219092782455,0.4094704908239222,0.3470813029777706,0.36898003430913257,0.4588301489447289,0.31253578093785916,0.5449274604627714
2018-12-18,0.37438831135462236,0.3108705907993095,0.2698374537600899,0.35706519854684127,0.42001162058729274,0.2069523846553534,0.23202229404816618,0.2525074534514755,0.29302142963620087,0.4162405282004992,0.3474422153676649,0.3691623136091617,0.4575970691308682,0.3129042814080617,0.5362819985717614
2018-12-19,0.37444532862957797,0.3127309006756018,0.27197302962091024,0.3543916790534144,0.4161859106818062,0.20966270123503725,0.2346646059128152,0.25168916044625267,0.2927620861214452,0.4161504217901894,0.34763176274008595,0.3576959586602323,0.4587180435482432,0.3111739405765329,0.5588975203409641
2018-12-20,0.36617824986859343,0.31028487983371456,0.2753991553697564,0.34431251746513386,0.41384204831953436,0.20956537805569164,0.23255297215572138,0.23696338890810956,0.2889735450939184,0.4168082169828972,0.3453314508805142,0.35438569460610264,0.46004004257159387,0.31078997056961616,0.5589082541448347
2018-12-21,0.36204701563928243,0.3140014203044322,0.2834638133815625,0.3437190197097301,0.41378492885432194,0.21062001752622256,0.23295222562209997,0.24022753670538677,0.28252265334194515,0.41621551080850017,0.3457528490582106,0.35050889218810155,0.4567869964865893,0.30643268011380853,0.5392090342619371
2018-12-24,0.35744260368032577,0.3131624609039,0.2837460096796651,0.34310013149014285,0.4129924647272581,0.2150154943353535,0.23165371857858882,0.24113127477966662,0.2765509261381764,0.41044008788129255,0.3427600792779176,0.34728088916658656,0.456026495802453,0.3066240790794439,0.5419054183458382
2018-12-26,0.35670065783438304,0.3127347621577944,0.27787358438527643,0.342375496621868,0.4129595908242843,0.21401598835724198,0.22571308575346863,0.243393077567915,0.27442128229214446,0.4120996980325166,0.3430778951517175,0.3474002581914507,0.46282844242186,0.30493497190467334,0.5388934599907093
2018-12-27,0.3534513311544633,0.31494970291877633,0.27794734925671455,0.3455981835427802,0.4129617011578341,0.21829227336064863,0.2279794753810131,0.24235382555312635,0.2746672480015799,0.4118775779890877,0.3408197193250719,0.34736401229381286,0.46275457574601514,0.30538245002730885,0.5254049091834325
2018-12-28,0.35342071450647616,0.31446786866313364,0.276565701981248,0.34596869652475004,0.41271783310644206,0.21954873783476017,0.2259508988827757,0.24750058994462276,0.27171441069886154,0.4201232172093065,0.34167911190273237,0.34305298675338153,0.45100749044180416,0.2910958825358696,0.5131308410539532
2018-12-31,0.3518676834311864,0.31058162329978345,0.27389790291892113,0.3447477705157027,0.4119017193236599,0.21636357380454618,0.2259494278499591,0.2490873720648727,0.2718172072018309,0.4188318270479779,0.34115817995433295,0.34171409996187857,0.4460888402865363,0.2932173816726928,0.510071127951069
2019-01-01,0.348826405381338,0.30775596432954166,0.2746614238836222,0.34403719168797753,0.41071374617829937,0.2151013783102664,0.22582930958990102,0.2417457185901768,0.2691422908978253,0.41838728974130956,0.3408308128851598,0.34169713833903026,0.44532203838165163,0.29359173679972916,0.5079692885061573
2019-01-02,0.34590763358007515,0.30244920645164397,0.27449706581720273,0.3344564516682565,0.3992198403919358,0.21597536204068166,0.2193090128091045,0.24170098582511926,0.2655057049798472,0.4158950574766697,0.325908338563662,0.3380943668481549,0.44424032008467895,0.3050653420523255,0.5137080290195215
2019-01-03,0.3427875201760539,0.2978748549128624,0.27448611437694964,0.3394740418048786,0.269509508884024,0.2164552759236486,0.20603082208811657,0.24290253556565358,0.2563130449566312,0.4159362389399359,0.32626656110391816,0.3379021034185486,0.4371757501696543,0.3052402577261605,0.4985731389163917
2019-01-04,0.3291600983090194,0.29754449830613816,0.269949590044479,0.3361154277611379,0.27101471693081547,0.21946527141244623,0.20498392174162938,0.2528203628192739,0.2547131376194933,0.4146896660222346,0.32266814229149277,0.3372908282377999,0.43987277549084797,0.30592875703398753,0.4983667067839148
2019-01-07,0.3292148021969017,0.2993879417888236,0.26868235771536814,0.3366620802651688,0.2692523580805788,0.22296272306551831,0.20164575029742884,0.2526867051842177,0.2543438572256104,0.41363338892994117,0.3095694022814215,0.33712267635661664,0.43739626762648787,0.30155520958917226,0.5004737178820611
2019-01-08,0.3269470750810825,0.2954364801559691,0.2661442916876567,0.3366021881484324,0.2679413536575502,0.2207495385856588,0.2021090414764318,0.25536066011161934,0.24767810399576265,0.42379192172407726,0.30874173290314766,0.33962458258356426,0.4362585713749732,0.2996145205990419,0.4829992341123624
2019-01-09,0.32421833844474984,0.2850153143455308,0.266114779431334,0.3365955645500016,0.26250254098267595,0.2204585736889792,0.20251640751714495,0.2563482800947556,0.2418387645732166,0.42138538133031905,0.30882029920766885,0.34047962637412826,0.4308132378796874,0.28759088577741015,0.4637382055877688
2019-01-10,0.3125765842410499,0.28475270609653686,0.2662925168444575,0.3365598977855047,0.2564050618202213,0.2212723905600924,0.18816676443305633,0.2495984320512286,0.2326585000214244,0.4209117445858976,0.3087064658100845,0.3410260015119805,0.43006220598114664,0.2749970800885167,0.46112983824277676
2019-01-11,0.3125810811006077,0.278464933203604,0.26590629911689734,0.33681657442577356,0.2544578150060475,0.22109533411461985,0.1847548857206413,0.25116430460341715,0.23020475025523846,0.41889169697357814,0.29341995233176194,0.3410798597815035,0.4305027721006637,0.2752297625417411,0.4613253827640882
2019-01-14,0.3131924201342368,0.2836636720405264,0.2847160305826875,0.3338438264529916,0.24372434441472604,0.2231346605500448,0.18497071699575157,0.25125362393992834,0.230227268465203,0.42031780983075245,0.2934875374097192,0.3400682247951495,0.4310918986880338,0.27486938504188385,0.4614871787958655
2019-01-15,0.31319375458766124,0.2910926701165783,0.30546203305041186,0.34349958620961496,0.2421917054340843,0.22305287297857318,0.18364657687348518,0.251166195292282,0.2257751854310049,0.42001427384238893,0.29364748197677565,0.33944094681005926,0.4300233801486518,0.2693831983138509,0.424170608723117
2019-01-16,0.31129997326575326,0.28465816128140303,0.3081804523569385,0.33321835974253544,0.24239173753471718,0.2228293746337421,0.1834110482682506,0.25373295731701717,0.22597751434944893,0.4149962507277617,0.2939080148005492,0.33999658002502436,0.4307811374718513,0.2693277551627326,0.40957337747241723
2019-01-17,0.3064771353758851,0.28460057577861314,0.3082071558221159,0.33065175966518123,0.23655899251301787,0.21840968384159104,0.18326274395835218,0.2541805658823945,0.22650548309219234,0.4302892780086463,0.29255950537168596,0.3397176107113758,0.4308060658071172,0.2672815776259836,0.4094692376758031
2019-01-18,0.30772375181925576,0.27561135971948264,0.3023432364301662,0.32960928814660984,0.23803117652863215,0.2183621439707628,0.1832291604824877,0.24509214265318446,0.2246226778499359,0.44993498883733296,0.2905627046137713,0.33974124906862707,0.4515005562735611,0.2672376468602922,0.41249102749659083
2019-01-21,0.3107153872231036,0.2762505680031845,0.3070234168720596,0.32975861368248705,0.2371617959074334,0.2176036996060229,0.18319835791581537,0.24281761500177954,0.21938940914014968,0.4528749246532219,0.2884148950136649,0.3443299931516225,0.39741243023817024,0.26652040676978406,0.41283595482106916
2019-01-22,0.3125855764143196,0.27593442659021444,0.3048272801830703,0.3255248449631561,0.2354051724081794,0.2175845289932827,0.18319505918842433,0.24294837431598604,0.21791130057662078,0.46667811902973055,0.28704699653973875,0.3469442103813287,0.3767557506237024,0.27319193771056,0.41279703129070583
2019-01-23,0.30966954891720966,0.2741298305284822,0.3058352178425554,0.3258668705108953,0.23139206849362404,0.21641310478499343,0.19790496039495964,0.24309535643328167,0.21951092431415306,0.47149153554824186,0.28692578805990215,0.34244685722949814,0.3765743901723688,0.275035933227313,0.4140274591046086
2019-01-24,0.3075443611673878,0.27243404117101816,0.3009847635708868,0.32481438212299185,0.2280167381834702,0.21650032270725608,0.1973263008961007,0.2428806512397223,0.21822836810819152,0.4653313074107857,0.26639954437056573,0.3259213405334737,0.3758304282208229,0.2603113783055145,0.39036885473510213
2019-01-25,0.3061299434641371,0.2691451327743647,0.3006789490359868,0.31887954716281836,0.22691867261208015,0.21731166775516972,0.19455147462567912,0.24355810524928725,0.21820534718091247,0.46424756540998885,0.2619754924597732,0.32608818326025635,0.37752722526564053,0.2605250893642187,0.45243949807934924
2019-01-28,0.30616288415233445,0.25694654210845597,0.3000645511384221,0.26628817106605135,0.2268418623724938,0.2173604625934717,0.1971022603664513,0.22784064238514729,0.20705217173710252,0.4597828790558164,0.2612873063868293,0.3256651924467993,0.3779442082393985,0.25984889352391005,0.4577797565940918
2019-01-29,0.305966744157544,0.24930166740378368,0.30105392898055366,0.25850414182637577,0.22634590142523586,0.21531318262414098,0.19808441375128144,0.22414357802136964,0.20623271263265902,0.46375272015432367,0.2541606923563035,0.32542306238479657,0.3782341081227152,0.25925512212111557,0.4491699773766083
2019-01-30,0.3077227196547524,0.24886928525752247,0.2921784884108424,0.24843281064380612,0.2224493172712702,0.2147315644785225,0.1943800920714903,0.21868961866375006,0.20669337943901955,0.46380814470363074,0.2517062246544515,0.32442132098703397,0.3748650251997349,0.27530284802921046,0.44868912898907126
2019-01-31,0.3121189062876845,0.2566717541482304,0.29185034557681455,0.2526701205653509,0.22223971958765396,0.20835118440831657,0.19409108353178783,0.21851513847528237,0.203608214958648,0.4651874587182044,0.25464766929987587,0.32413791910646517,0.3744869991543873,0.2787255598122607,0.4469765395640167
2019-02-01,0.3119276692510732,0.2571482105553577,0.2919642136995331,0.2555679701382816,0.22181000565025846,0.2082427091500596,0.19397862250783152,0.21511288250925323,0.2058174630435246,0.4637401064599449,0.2584622822654088,0.3166691074869434,0.3760035669011871,0.2787355349857854,0.44705626934195214
2019-02-04,0.31252623269672863,0.2561911823820651,0.29203299613402395,0.25554965849107747,0.23135707691089877,0.21151072213504948,0.1949034527552236,0.21515647921906042,0.20582243188756633,0.4643019776072967,0.2624918633824573,0.32526687120717107,0.37766309572599394,0.2780924187585772,0.4477770840998261
2019-02-05,0.3125943671509755,0.2506220904089851,0.29263884761695186,0.2541369459132616,0.23545895107946177,0.21210009371204996,0.19504836146442142,0.2152995924695116,0.21632077955866827,0.4598869655776029,0.26471272757913833,0.32449983327534027,0.3751167589589923,0.28047555147365133,0.4496144374029747
2019-02-06,0.31128568124223766,0.25108334272375804,0.2927125834766023,0.29805449379180854,0.24215498853652964,0.2157033859510255,0.1951839376084957,0.21381810310459862,0.2163974700600652,0.46184134065701465,0.2661608544049575,0.3238302868121454,0.3742036851498236,0.2934064025267374,0.4484936678180057
2019-02-07,0.3107940104950826,0.2511046968546739,0.29244878663164914,0.29867986300004484,0.24275238261330814,0.2084206989034967,0.19483987872247183,0.21416728768469645,0.21651414762081958,0.46437057839153445,0.26643691740985975,0.3242397254095833,0.3743936535815528,0.292908064031096,0.4484962338476897
2019-02-08,0.3038249945500099,0.24756129420871154,0.29222414834184324,0.2868153222460979,0.2399012939054162,0.2152161927266586,0.19805627892684863,0.2266229646149472,0.2268786771523419,0.4408252758697769,0.2698596385321112,0.32811615823587326,0.37381159025744115,0.3033096214906259,0.4395397109207075
2019-02-11,0.29890937776547605,0.24752148262833049,0.29189743279993235,0.28428289592419087,0.2521909300482087,0.2122333866446147,0.1978482804265487,0.23866691645707017,0.2264652397567335,0.4406405538043721,0.29470833361613064,0.36007855733051414,0.3733960449644083,0.3090352660304814,0.43020315672262793
2019-02-12,0.29895102888191083,0.2495123492839717,0.2916040820275398,0.28268228651938127,0.2507066322794186,0.21796363266917856,0.19773710787026494,0.2351006626434414,0.23205061700009594,0.44219842774566137,0.2957460051842316,0.3580745389237058,0.31988220876031537,0.3073267555676754,0.4338737643455048
2019-02-14,0.299696547718002,0.25177053266480337,0.28925031838400156,0.28253753777578167,0.26099603256424836,0.21936602437919375,0.18953854068963277,0.22724416120874488,0.23867832392435248,0.4398458524594085,0.29309093853390666,0.3599519507562127,0.3255502262738604,0.3056267360895215,0.4338771762136737
2019-02-15,0.29954424579004457,0.24891566539970006,0.2788373606114915,0.27484553411670004,0.26516992497527014,0.2290972218779699,0.19023870792081268,0.22729196988303818,0.24068991618338587,0.4464027637314231,0.29588937652391706,0.35635984542895716,0.32572653359017123,0.304973516612115,0.43603399417833194
2019-02-18,0.2997488138164536,0.2365687991035524,0.2740552581911531,0.2681631947533466,0.2671735233473713,0.229380261456308,0.19369855557986504,0.23032625579273455,0.24033347502167168,0.44615041133917765,0.26416421532095546,0.3572916108154968,0.32583680166520457,0.30262115000460355,0.4257588999931366
2019-02-19,0.29942838602270716,0.2424090845243992,0.2787227181829439,0.2706966747465986,0.2691375242072443,0.23457426744493448,0.19374538896370863,0.23224939473197267,0.2417253219379545,0.44574764892683727,0.2650667261090663,0.35727379573461965,0.32483138676368134,0.3014619022652335,0.4333807417888896
2019-02-20,0.29962426214346816,0.2457692597492934,0.27321641645694705,0.2753213837934153,0.2689143801380461,0.24042030423833605,0.1898451775555574,0.23040109488636495,0.24439958407186854,0.4453894180388615,0.2623016599268662,0.35257986401561625,0.3240440656702212,0.3136436280057228,0.4333384014299234
2019-02-21,0.2996552042297314,0.2415723356993313,0.26909468057587954,0.27564767246078226,0.2720060775089277,0.2401177639726275,0.18985042893922394,0.23086092811598616,0.2506389231341912,0.4427211948072952,0.2659167228146928,0.35435744132884883,0.3219528135909212,0.31396984998967825,0.4343511891175757
2019-02-22,0.3104190325677207,0.2263197914214425,0.2689416026287435,0.275718985353409,0.2686922652448063,0.2430842532839537,0.18902642360061497,0.22851383640487496,0.24945271157018173,0.44182313716195665,0.2688242489971339,0.35446716290318314,0.31089249971750876,0.3142548774827637,0.43660635597227293
2019-02-25,0.29649204619667235,0.23120622568034827,0.26949030911755,0.2733929632476896,0.26692369961057555,0.24260888428492053,0.18568864223297094,0.2294224670433487,0.24810201563165174,0.44282330874909986,0.2614435496825049,0.3615912776845668,0.31102706704841315,0.31207015695902474,0.4347474749370329
2019-02-26,0.294548578731399,0.2338749792729267,0.26343020842830017,0.2689574737271442,0.2669033205615853,0.2408451199537505,0.18550136631402306,0.2275229636424447,0.23032050701310486,0.44118343051694986,0.2565995667054581,0.36359511251699395,0.3102931167886326,0.31177938217088375,0.4349807152496091
2019-02-27,0.2961651331366681,0.23504901309115567,0.27373311493287084,0.2697295627965666,0.265193745812463,0.2327950548289022,0.18447073498779898,0.22817671977187165,0.2253473133521972,0.4148124828090818,0.2533230490824684,0.36062279194358987,0.3091004957501404,0.3102072011444466,0.4346281875855876
2019-02-28,0.29620790879753484,0.23120389839740957,0.2733140590088864,0.2685188186490703,0.2733147135351314,0.23446710968987916,0.1844917426905425,0.22660020017544547,0.22534811378341882,0.4110253925803438,0.2519975624208898,0.3529804613959247,0.3093075243746805,0.3112221963748246,0.428258839015335
2019-03-01,0.2960439580805859,0.2314646122471939,0.27538572817894735,0.26848345234888477,0.2708092145450205,0.23353825701520628,0.17897079882876718,0.22871083263652583,0.22577284703966424,0.3858506015204646,0.25108484923534385,0.3531823050815391,0.31440613006699136,0.3029796282981787,0.42774717503718196
2019-03-05,0.2918541173943474,0.22943747341889675,0.28228956206825656,0.25919780676654186,0.27636531928422325,0.23917924781701114,0.18079780123561703,0.22609571645790655,0.2141289302608163,0.3861592222309945,0.2500367570399055,0.353591217555995,0.3089240948801855,0.3068319220757134,0.42519827100724505
2019-03-06,0.2347305639231663,0.22576247001581856,0.28404559920076505,0.26050234963350716,0.27600191149037856,0.2382270812757177,0.1820238621499795,0.22835030484889332,0.21573801798460293,0.3835789919535236,0.2487144287453637,0.35189491857997796,0.3090675335578916,0.3068306743712694,0.42112907759347085
2019-03-07,0.1945534366549292,0.22342066160644206,0.2884998680125484,0.2630818814771723,0.276385998884649,0.24019834769729403,0.18205372172437984,0.2295455269731578,0.21529205386077593,0.38085208097073675,0.248912626190414,0.3475986579551372,0.3029438096581721,0.3055911778740926,0.4152001755753169
2019-03-08,0.19154852283650745,0.22542352704724508,0.3017287088897609,0.262572245504895,0.2775350452967038,0.25303456659610585,0.17989640548154778,0.22552402227952542,0.21575464034359298,0.36281631217306376,0.25311815661875847,0.34858891073771336,0.30094474270790467,0.3101654083218826,0.4112988394381444
2019-03-11,0.18985211492958076,0.22525993734756086,0.30187561555138476,0.2619025228599566,0.27487712048776386,0.24923359621547111,0.17977743867365187,0.2233517567187653,0.21594167254045268,0.3608180816728142,0.23328842215476772,0.3475926953246975,0.3264725493936178,0.30409688134262447,0.4009563503756689
2019-03-12,0.18575835147517072,0.2183180999032146,0.29755283786698583,0.26204704550598773,0.27487282745194985,0.24929345267236103,0.17980904487726795,0.22313843400833608,0.20799153404685805,0.3604365377363876,0.23523246530033962,0.35642402804569184,0.3428805976634168,0.30282570570431533,0.4202712715106663
2019-03-13,0.18526493995204463,0.21703555329978264,0.296841907731622,0.2653768597945751,0.2724160911742818,0.25109321888027825,0.1798070036685142,0.2309233824931928,0.20800429833427805,0.36599175548836577,0.2353719702612921,0.3599520668094049,0.3373362895339801,0.3062183217485325,0.42272203633776145
2019-03-14,0.17699884088704546,0.21421742399784635,0.29439945336903794,0.26485488064607,0.2723085737125225,0.2592723625240934,0.17754427327648223,0.22819289846053623,0.20774741475706437,0.3681609372606303,0.23491781427876968,0.3577741337787219,0.33705503620712624,0.3037371856665458,0.43433362736609676
2019-03-15,0.19705341597384615,0.20899515282459027,0.2974835435384643,0.2637040400655675,0.27968284592036957,0.2645323063397813,0.18033136307200842,0.2431004589709905,0.21458968518068444,0.363764033582536,0.234193020379676,0.35754453912500445,0.338210522464998,0.3036187243508343,0.4371072074781091
2019-03-18,0.19752435273951022,0.20714090830921422,0.29935904107854716,0.2656031449238587,0.2804185950387797,0.2633122686323677,0.17722889884391244,0.24510480344971727,0.2144136587625409,0.3604048552383899,0.23339474817014408,0.3559533246154689,0.3398844606335015,0.3061308113285114,0.4094371620899739
2019-03-19,0.19699843787981697,0.2095903237659634,0.29576639691736467,0.2657091083600099,0.2818247580591498,0.26571586029166017,0.1814873105517233,0.2500852978199887,0.21129572259253274,0.36002217008483295,0.23498925880586113,0.35588885294139383,0.3392963434493128,0.30581717947394166,0.41100706277985793
2019-03-20,0.19614320150552966,0.20280537381513208,0.28862701515589956,0.26330222226210526,0.29052547430257175,0.2800793213533207,0.17577868220742876,0.24910908099744664,0.2101221302881881,0.3599967053376709,0.23637628394932256,0.35867789775749964,0.33464309878036985,0.31041937457806595,0.41340401757997036
2019-03-22,0.19729902310470546,0.2028743943632351,0.287595153769186,0.2634013162495372,0.29035575991654516,0.285776115954067,0.17574402900570654,0.24908259108527053,0.20985325901489718,0.36004921863926886,0.23622953174400493,0.3582579772769823,0.33510145611977893,0.30989855604409905,0.4020757533873234
2019-03-25,0.2018871896936129,0.2035842024512097,0.28959146946111214,0.26283013540986905,0.3009337359564407,0.2853418350541893,0.17741495304924534,0.24782934646857663,0.2097740040741443,0.3580529244057152,0.23656096148255634,0.3582311962809609,0.32826029364491055,0.31019081507076673,0.4091160968176889
2019-03-26,0.20785743426819434,0.2018991331483658,0.28985990313337945,0.2649025230340364,0.2995743396692749,0.2938447341360485,0.1756128799493322,0.24768940335895587,0.20963078991703588,0.3580904835692896,0.2346610926032512,0.35693332915968473,0.32728459965793316,0.30925925455110514,0.41527377395945564
2019-03-27,0.20866058808184726,0.20187589665925426,0.2895265008683448,0.26527543661693265,0.2995117515162964,0.2996321632925651,0.1753932345370718,0.2434329269794506,0.20908514845264065,0.3528734579793651,0.23380936006233619,0.3569733188573435,0.329117119939776,0.3086142408345509,0.4202407468999786
2019-03-28,0.20764982370547908,0.20274042030985592,0.2895037456837481,0.2646598123384291,0.3048071618191783,0.30013669698844875,0.18141811300493046,0.24386289547538045,0.20878471040170427,0.35484687887111616,0.23672922706887833,0.35986916184445433,0.33112980487669336,0.3091893271134425,0.42171948257045905
2019-04-01,0.2073277330430993,0.2069355223217483,0.2931282813472674,0.2664454164408155,0.3042939376350006,0.3003325843805987,0.18254660404621573,0.24529790614824792,0.2109149279807661,0.35485102468635904,0.24329316954246524,0.39027393408492717,0.3346855912892866,0.32995635874624274,0.42094561323391316
2019-04-02,0.20647561800488234,0.2069119959827947,0.2929798411604865,0.2657740967539604,0.303332152439708,0.2990400155362645,0.18173420362568662,0.24643455352134505,0.2138857382797982,0.3563586834231349,0.24317894880754942,0.39077551612037964,0.3434980488556078,0.31780973625707837,0.41351332713007793
2019-04-03,0.20643104341604496,0.20795003419240427,0.29297659970269135,0.26132188491503927,0.29684244507970187,0.2940009571053869,0.18167359345157388,0.24785427930029433,0.2134351789519056,0.35759771949136826,0.24377743822402925,0.3906359448160673,0.3460586358279008,0.3133139034382915,0.4138237925621434
2019-04-04,0.20654971684237133,0.2067472444761754,0.29374818735713465,0.2593132099777667,0.29372711959400455,0.29270708648278443,0.18152622296374693,0.23910975667912482,0.21645361861758422,0.3575875643180772,0.2432857928270818,0.38830947753752165,0.3435738596773906,0.31319785497125496,0.41338844457552704
2019-04-05,0.20728289847584336,0.20650597437227264,0.29450678827749904,0.2589037038024025,0.2928269324782082,0.29104059117494885,0.1815275796197019,0.23876689262318543,0.21819152184360915,0.35743868907235765,0.24117019540765885,0.38835863273431864,0.34338913654919817,0.3203654213534298,0.41038190820801734
2019-04-08,0.20493214832210582,0.2069546188478114,0.2946153635353994,0.25979763057241734,0.2931327850713253,0.2898329000260629,0.18121080164624032,0.23639587832713727,0.21594214351424504,0.3483095049267525,0.24111150250695257,0.38501662484327287,0.34280604214754223,0.3197575306797653,0.44673704775275225
2019-04-09,0.20462548835647812,0.20772254464153375,0.30360236004497815,0.25971337208983836,0.29132157665074127,0.28964446524019327,0.1774956870072946,0.23190766993892795,0.21596952142405562,0.3501736623892856,0.24015589799302683,0.3856975907335308,0.342177889526032,0.31500208808828767,0.44832609202472984
2019-04-10,0.2019290680037292,0.2091840071660563,0.30661305191521354,0.2597187924898938,0.28932713477758626,0.29015231519580215,0.17777886922966885,0.22980984651204497,0.21597199039621692,0.34952042930014887,0.24020414256791825,0.38519399854824166,0.34883724099024666,0.31720876107999346,0.4569143434543915
2019-04-11,0.20238161191820456,0.21131913331097293,0.30632770524708813,0.26113161034697585,0.28894502870731914,0.2905521827355745,0.17347051438939237,0.228629972753148,0.21599817832385318,0.3508211609477249,0.24203513705680604,0.38510208000554447,0.35052966916935263,0.31789941597300264,0.4574748998030686
2019-04-12,0.2011067511965363,0.20493366682294745,0.28698400586765255,0.25379729216976377,0.28865874401385844,0.28795081419265284,0.184838127876967,0.23220878188643015,0.21747012244944272,0.3497128594747804,0.24189274260088525,0.3841747937923703,0.3508692778621395,0.3175641537036028,0.4598082801137204
2019-04-15,0.20558178827155404,0.20054502271859867,0.2671568347873108,0.2437578451508472,0.2886597872323445,0.28802890404164844,0.18429346826898133,0.23196673536676682,0.2123651095748967,0.35092048395753117,0.24206631448274207,0.38421709401446175,0.35051201952832695,0.32498761900870393,0.4577628595222835
2019-04-16,0.20478964952765075,0.19868411904321676,0.2699104789874731,0.24266487999836991,0.2923863089301577,0.2880973410598797,0.1836072537758556,0.23092063428667264,0.2130072831864727,0.35127142697041525,0.24253004007263523,0.38312914033046025,0.34964906078654434,0.3249359025404295,0.456784987947581
2019-04-18,0.20540695023384523,0.19944810177018918,0.27076212430769936,0.24237008668062895,0.2913994003660408,0.2894932583951806,0.18471631621582288,0.23302280361696465,0.2122868755270514,0.32777214916450026,0.24349914028612143,0.383033854137369,0.3496078359704685,0.3276133471458405,0.4566048198243241
2019-04-22,0.20444240321860868,0.19969152853657218,0.2644014328747307,0.24243966266501665,0.29338623391299634,0.2891963044001237,0.18472406167760527,0.23285846270761063,0.21126593362739177,0.2786922821550192,0.2427070997261817,0.38736554315385696,0.3234026688646739,0.3295260536967279,0.46878083908119567
2019-04-23,0.19997387207353984,0.19674302875054267,0.2592244904381267,0.2423222496765102,0.3000089699323761,0.29152243680981105,0.1845408908922658,0.23294335479848124,0.21089814357351805,0.28263446452422697,0.24327534941349366,0.3834551240123824,0.3249641715013119,0.33277516847403077,0.467588084584266
2019-04-24,0.1970834597005764,0.19815773714608292,0.25482624091205314,0.24423894325240966,0.3048214140623274,0.29119315551022995,0.1854814036635696,0.2333269605597143,0.21095707158912144,0.26355758102451404,0.24273503002790187,0.38096761987568656,0.3249123840608784,0.3251215282014093,0.4689785946843263
2019-04-25,0.19563477902879153,0.19573672919217516,0.25375195772748477,0.24405618308203456,0.30403790139432274,0.28987780115400424,0.16237377483969895,0.23282426200547793,0.20807126388266603,0.26064195228186116,0.2466849974600918,0.38216794816156385,0.3252240366017089,0.32934524367079043,0.4687580400908812
2019-04-26,0.19662358496965857,0.19715391156625864,0.25383081672035396,0.24387470797468264,0.30276781042083944,0.28971785200127154,0.16214075806899536,0.23306165710037377,0.2077902211014727,0.25756416664332343,0.24772449464284904,0.3807750182279429,0.3255877984780947,0.3550979980956638,0.4687947411687962
2019-04-30,0.19669184110642515,0.20044792110969745,0.254716523978216,0.24542197025481174,0.30275453873822794,0.28802311018538856,0.16400288338365057,0.23289021242052144,0.21299490501740564,0.25946730847405736,0.24912797331614744,0.38102552923175315,0.3259654174654546,0.35465810881795623,0.40808609892973546
2019-05-02,0.19796921157083402,0.20832756239040934,0.25747103848426617,0.24511963205805434,0.30269657271419464,0.28877754027262076,0.1614462986418794,0.24004975410266416,0.2263629803125333,0.25501843570579946,0.24617444443900247,0.38051235435887765,0.3259116639011508,0.35268604190174047,0.4011578719733243
2019-05-03,0.19745606325206358,0.20933373868352695,0.25701832524371526,0.2503108483062428,0.30234295833747477,0.2902271612513893,0.15981868990158138,0.240539743516284,0.23383321309338478,0.2500008081553621,0.2447428188999183,0.3763431519544693,0.32818032121331236,0.3539784824071464,0.40724290789625767
2019-05-06,0.19084628243931806,0.20977853573269614,0.2563010281529033,0.24480257769482086,0.30117537850184184,0.29051974171243816,0.15851787995540956,0.24111326773225095,0.23319055488665327,0.24880650988911776,0.24478250566382986,0.37499980691634377,0.32646141023696656,0.3423076982741554,0.410134390118996
2019-05-07,0.18375312029245827,0.19931711218826823,0.25506706731813267,0.2412183968049869,0.3010080596484049,0.2910918888568055,0.1616683292606612,0.24151887458601679,0.23326032348297626,0.2488687591912237,0.2418397093319997,0.37697066197214146,0.3314626761907162,0.34132440078631227,0.4135354521744574
2019-05-08,0.1841490937040191,0.1985625810022489,0.2558713258774259,0.24068233836482344,0.30391310215880996,0.29652326132529994,0.16148053725645928,0.2432507778330323,0.22970424628344974,0.2526427038535264,0.23846100813057503,0.3761479317727636,0.33004052916458426,0.34287474853996047,0.4135421572963299
2019-05-09,0.18477727980618489,0.1986597610642845,0.25584850530257763,0.2411844999985844,0.29843142888668656,0.29759028988339925,0.15883382354607928,0.24379178032031207,0.230444380516162,0.24893404384921947,0.23448528919022615,0.3704928015696853,0.33349746157946825,0.3433116614971283,0.4129085821304285
2019-05-10,0.18526634488120455,0.19893238005432096,0.2553434527617607,0.2412491748748434,0.296975152432092,0.29794419157501845,0.15782968494812932,0.244250717507394,0.22416455258491452,0.24768663102758254,0.22647469828283523,0.3718639989843393,0.33745459152505475,0.36395624138863825,0.4102007403728344
2019-05-13,0.18594737374821899,0.19762176826630323,0.25483311324721536,0.17773053754952467,0.2950248751035247,0.3017212057124257,0.16737903277331864,0.2448313925843075,0.22369514274745944,0.30910459629404835,0.2314893635298788,0.37175639018730705,0.3397641396592911,0.35816940713342205,0.4111472358452596
2019-05-14,0.18628097754088005,0.1981346404574398,0.2569146686060959,0.18991647698954986,0.29484696964918145,0.30257293312253775,0.16996230998590459,0.2444245760313533,0.22314740049126472,0.3156402445481526,0.2303108999745653,0.3748638702922972,0.35730360183449666,0.3579240082348158,0.4117428222942555
2019-05-15,0.18580460287462305,0.1982188027209089,0.2571483953130335,0.18991034282931496,0.2900057467519062,0.29749489165978815,0.16658022851073664,0.2316837016331005,0.21448551039696093,0.3186132483266321,0.2270958129513485,0.3714954232927935,0.3592918380924072,0.34877109045447036,0.4125200551930637
2019-05-16,0.18720923295055922,0.2044715125854895,0.2576646422626898,0.18962947692442472,0.27695652779281393,0.2968799815919699,0.16733062800305387,0.22049695730297966,0.2160970271048391,0.3187569338572066,0.19505493154389572,0.29946324930839746,0.36163987694506106,0.3459034939111259,0.4127075069874817
2019-05-17,0.197980216655568,0.2034177313811663,0.25756178900619525,0.18968139993611854,0.27641647045383255,0.29417666951035853,0.17223302726705977,0.22355976233932598,0.21322232463805368,0.3165771475788623,0.1979000383496838,0.29900545179029386,0.36179544450536794,0.344655832413147,0.4089436971859542
2019-05-20,0.2042070051340404,0.20154211760080817,0.2589374273453962,0.1901486398727044,0.27873321224893755,0.29732188247458996,0.17501250595130563,0.229461035703011,0.2066061307331881,0.3167138350826681,0.22983749649135302,0.31399552830621824,0.3599968491294264,0.34982210388153706,0.42290764453605556
2019-05-21,0.20553242599017948,0.2047143625514835,0.2600999585982856,0.19020349562892372,0.2779313263287658,0.2885605480712029,0.1748604353155545,0.2308054715644133,0.20451297782511568,0.3064085787984628,0.22376588981593715,0.3167508963169585,0.36521677570161454,0.34714096968845565,0.42015560232654764
2019-05-22,0.20495948945866083,0.20472836703158714,0.26158345377476305,0.1991570368235031,0.2775576190999801,0.2884680150161551,0.16947361866274016,0.2283445556294877,0.20081930514054963,0.3100673045656504,0.22393334793824235,0.3135802327278667,0.36526903024438573,0.3470108001697231,0.41971890114314125
2019-05-23,0.20496034975812727,0.20105227321267952,0.2527550609116956,0.1975632517114984,0.2801459088191703,0.2818424271664358,0.18848022625787614,0.22678370463955214,0.19927596002081754,0.31273131138093246,0.22326023798245404,0.31452160572786797,0.3655919803212438,0.34816733538885924,0.41621210771755157
2019-05-24,0.20503217206992705,0.19686844691804728,0.24805710839814576,0.18955832175942539,0.2728417957382764,0.2780143237279896,0.18895408658681023,0.2284169125733114,0.19630994797193632,0.31002203923982813,0.22378318051316382,0.31564758829621836,0.37319868949503765,0.3476277487378052,0.4330372003093866
2019-05-27,0.20573816292194644,0.19595680455142214,0.24838922627332832,0.18945687640482542,0.27127895156313264,0.2838684117934268,0.18875520554003322,0.23868953348092947,0.19089087562566265,0.30789761448671765,0.21856119263947182,0.31684586444257895,0.37436067138619855,0.36655492314265753,0.4354580997365322
2019-05-28,0.18827216408076283,0.2045826491823964,0.24796690087244347,0.191970552794509,0.2710956748193529,0.2808281039549504,0.18929563165180663,0.23871501874424414,0.19076539190683942,0.30800756134416823,0.2146020162867923,0.3169798926044419,0.3750988501991548,0.3670627761456867,0.43393079081528574
2019-05-29,0.18828699400393034,0.19656037751622168,0.24611715634404854,0.1915398896473386,0.27526960621627466,0.2824876567949587,0.18882132774200408,0.23784082426163233,0.19040857739986847,0.31185581160782333,0.2159035080359821,0.30911083531868466,0.3776852879046143,0.37119218787532904,0.43415486901874917
2019-05-30,0.18894562129200707,0.19447096835329147,0.2463857883693867,0.19136413736656305,0.2769385665313826,0.2891163502785716,0.18849076177024485,0.23852431551628597,0.19047109481888808,0.3163042242904834,0.21793610998273585,0.30442344556046647,0.37957723201730215,0.37180016179504993,0.4333145292394512
2019-05-31,0.18615891871196977,0.1937825063125755,0.23621792293689675,0.2048267345370596,0.27795412453378154,0.28932316240068756,0.2024991475865961,0.23959247389279473,0.1921437127302305,0.31463748552229376,0.21883010014250615,0.309669753184624,0.378852869520582,0.37150330880435306,0.4343219562978793
2019-06-03,0.1857398355275125,0.19467483218253157,0.23650877660155176,0.20438610873220822,0.2664705332266814,0.28760091047789865,0.20241620644807343,0.24090882461505328,0.1953516322024487,0.31652957119987496,0.22112690436139978,0.36432459811941825,0.3786718752906444,0.3726554863710972,0.43686538492590166
2019-06-04,0.18538582517157945,0.19528675904090997,0.23422867687916654,0.2054516308436246,0.2675444506184882,0.28797982434490593,0.2018995245422295,0.2391049767996147,0.1948340354958278,0.31734106405312357,0.22552141239760418,0.36672384149423104,0.37125374389503113,0.3714930162197416,0.43633870335274144
2019-06-06,0.1871040931314895,0.19351520486192542,0.22466069236217442,0.20063216845310544,0.25678891620556477,0.2835860773471287,0.20111431841997726,0.23906440914964433,0.19918382615780028,0.3160982325713657,0.22553873103979266,0.36073610794382366,0.3711897519525204,0.37065815569063193,0.42908261170362816
2019-06-07,0.18730611112651516,0.1937456833337874,0.22329855622696218,0.20084751469641682,0.25808745165538427,0.2836798980768535,0.19975256393462204,0.23662166896679343,0.19738125290470518,0.31578684390469663,0.23103520067280267,0.36969724765159834,0.37134443620199736,0.3707550230018068,0.42879434086241497
2019-06-10,0.1878149072817552,0.19569265289623936,0.21330311563321777,0.20388992571110612,0.25785219317520436,0.2806575289689092,0.19970461090744357,0.2368962991982659,0.20858224186749924,0.3138810534642654,0.2342519966455949,0.37092514440805363,0.37182486855385627,0.3712236122058937,0.42851550206999517
2019-06-11,0.18777148626550783,0.1930408122661795,0.19334496715687646,0.20418308250203332,0.26209544860495343,0.26852743502659443,0.19924555118982257,0.23606874820181803,0.20789380311446143,0.31837800097513697,0.22947367445987515,0.3695587832760489,0.3719619095845586,0.36873687493015855,0.4289291193971451
2019-06-12,0.1915833553037916,0.19303594089494916,0.19302872692220302,0.2071857845286089,0.26065826000832526,0.26868633859636215,0.199113183018363,0.23352460378911385,0.2037890429424068,0.31761343587681873,0.22965522800597007,0.3660390019607526,0.3366125364550785,0.3693179692746165,0.4358133376762788
2019-06-13,0.19216845785219921,0.19251522325626202,0.19287658816726846,0.2073115096813635,0.26132880429755184,0.26869615801089325,0.19884669348832587,0.23316501561382547,0.20389548839831942,0.31293826362293803,0.2273343476129494,0.35615495621747556,0.3198666231307606,0.36907177720213613,0.4171644486473662
2019-06-14,0.19768043162191415,0.19268498054468464,0.1901734957821919,0.2044068678812224,0.25923380219411185,0.2673920336685979,0.19960321332445127,0.22804548625885104,0.20424657271189212,0.3086957764238353,0.22788275203095437,0.3477839024666252,0.3143399184653247,0.3664188227868572,0.4216049708445396
2019-06-17,0.1990199843691048,0.19267856108925718,0.18969953307355364,0.2045636638006363,0.2666290925073403,0.2571595612471816,0.20065373290497868,0.22808328366244768,0.20804562131619048,0.30807373567764335,0.2279592702967706,0.34791395934261254,0.3188347704937719,0.38420841505737413,0.41161314435097257
2019-06-18,0.17887697729970348,0.19227554115469542,0.18391949176963782,0.20289934481869473,0.25935725096966206,0.25047354055635035,0.19817408239960985,0.20978194938011338,0.202480068486049,0.30856737811041224,0.22984639316650932,0.3476652459402505,0.3172226005913875,0.3841577954867397,0.4099251934597383
2019-06-19,0.1832627081823518,0.19047440515546413,0.17973004407060517,0.2018147642847038,0.2587984303501111,0.25269150803304424,0.1978169666047276,0.20905849998918077,0.1985305144649051,0.30862223965113617,0.23177298136181373,0.3475206068541332,0.3149538832290969,0.3941676518837484,0.41141568004722034
2019-06-20,0.18485210332926388,0.18773965644187096,0.187640885356488,0.2025980021569988,0.2628875285026189,0.24947614086104858,0.19307971001049762,0.20454801767049377,0.20031031698365867,0.32074566373025887,0.22992519340587123,0.3472786413343258,0.3157800920499689,0.3951850867283309,0.41420204215803547
2019-06-21,0.18971652127865393,0.1825585589459778,0.1856820436673172,0.2072846214273789,0.2534183193999075,0.2336521212146568,0.19395796912118368,0.20249940459263135,0.1991536275300788,0.3209869312763847,0.2274414531486711,0.3478086516176503,0.31674218174486346,0.3917427803516985,0.41194282476653993
2019-06-24,0.19019159591039503,0.18277419505307796,0.1861536438835065,0.20970013326505912,0.2638288178551494,0.21803896211622742,0.1946836604241882,0.2028845285109292,0.20122293436099387,0.32115537197067795,0.22917761003813353,0.34642395776428486,0.316146430114697,0.3939463153284855,0.4113415411444019
2019-06-25,0.18497030930148367,0.18145337551755086,0.18284713415852588,0.20981043040598596,0.2506978992859861,0.2219599712807522,0.19448074540352359,0.20214768217870205,0.2025897438400358,0.32019220596027204,0.22880519375930433,0.3480898881569897,0.3147648968009128,0.39705554006522653,0.4054406804943627
2019-06-26,0.1781411983652969,0.1819167297798093,0.18215547580795077,0.20509402587724226,0.249396400746612,0.20728969146662596,0.19432825990530808,0.2005975648716377,0.20880644632913414,0.32855317611309326,0.23185031016087254,0.34949513946648697,0.31563601541645336,0.4001504514561903,0.4094786948078088
2019-06-27,0.17783539592045303,0.1835805671173285,0.1849927193199371,0.20934639544142644,0.2519039109424687,0.1995162688346687,0.19629543345282546,0.1974995583605733,0.20879217398494268,0.3288614963189383,0.23176306969605792,0.34949865782189604,0.3134837183799327,0.39989480118513454,0.40465398496396177
2019-06-28,0.17790139392020124,0.18223955807773654,0.18561333892897255,0.2089381548766162,0.24820439802247518,0.19918105820669785,0.18972103320656256,0.19566309447255245,0.20949658932198276,0.3247421658634288,0.22953396566940307,0.3530091616895464,0.31111489836695955,0.39888194427320134,0.4040427577976466
2019-07-01,0.17782654338662499,0.1756680501239779,0.1780956136679851,0.20505537480056624,0.2618982101048674,0.19946244299593865,0.18925611971213838,0.19323876148218005,0.20769832749965703,0.3253278735566359,0.23758920217334167,0.32120183100805244,0.3046549254840702,0.38113589929128777,0.4044848477793253
2019-07-02,0.1786063983390831,0.177017540169293,0.1785947412561308,0.2053065140472799,0.268266801463046,0.19949349310942335,0.1892498419876001,0.19167859248785854,0.20654948493994113,0.3265921244195477,0.2383370548864348,0.32111965433910944,0.2918577900212173,0.3808844052141305,0.4027241387882319
2019-07-03,0.17823656547228242,0.17788946068328107,0.17904945374718365,0.20411749968183204,0.2667336644437543,0.19936319104723155,0.19039806434708081,0.18997202994491988,0.2076470480593474,0.32538385998453234,0.238296038831883,0.32204776870881957,0.2890615298255143,0.38044199087032976,0.4019869290009767
2019-07-04,0.17912852511714852,0.1774402795559823,0.17754073180954336,0.2040607792901133,0.2667773896915388,0.19906837700064703,0.1904165066643622,0.18985530412240337,0.2074250425881301,0.32497189966026674,0.23829439228057078,0.32309942091373606,0.29146140897221395,0.380108130504392,0.40194709947139445
2019-07-05,0.1798080956015399,0.17991575552810168,0.1977036785726988,0.21071259953410723,0.2757375542894866,0.22298744213694552,0.19096744990460846,0.19008935069237926,0.2054227263899315,0.3352926071059453,0.23804876865909522,0.323970401186357,0.2915237103084454,0.3789541853073699,0.40974826040357626
2019-07-08,0.189738218358014,0.17842172175276055,0.2011068296147803,0.20844371185133176,0.29872794067186004,0.24582033888306296,0.19111121745227017,0.19044973299988469,0.207156471457589,0.33757568459509174,0.23789558785053594,0.3236983508258979,0.29569669989322483,0.3811390797963297,0.37452760236564575
2019-07-09,0.190768475206463,0.17772963620123292,0.185108205309447,0.2083179438922534,0.2989998819130012,0.24572998513128747,0.19176261527239066,0.1912918314440858,0.2074447020601988,0.3545549678374022,0.23786140356895108,0.3240123930770005,0.29632680098431696,0.38070145232164615,0.3726778212764705
2019-07-10,0.19111901024629402,0.17669222353022923,0.17699900632209237,0.2082039529129253,0.29979087855099024,0.24512600305566523,0.19155142796459546,0.19317924180368976,0.2075729938035599,0.3563365494229792,0.2378048353039212,0.3236499963853416,0.28840334752863206,0.3837519544838988,0.3681814579472185
2019-07-11,0.19085758143809356,0.17513857023728718,0.177129733384288,0.20857471602869054,0.3003765757061341,0.24412605244526453,0.19217641775227684,0.193102669105704,0.20746352831189505,0.3575041431880837,0.24165587201834038,0.323496786106055,0.2865328954235129,0.3844374622798954,0.3792626975259619
2019-07-12,0.19087882152602081,0.1752225874945096,0.1880764835713898,0.20795500192974173,0.3034614461179657,0.24469044478361018,0.1799666147353919,0.19131839907698966,0.20588635776581912,0.3615525597893842,0.24225881856194648,0.3294649553389605,0.28657463560918994,0.38789545059507646,0.37640088613066724
2019-07-15,0.18840411914705868,0.22224839080891814,0.18519367452827817,0.2091722721988871,0.30351099179723307,0.24432171455627572,0.18208545783354932,0.19454338812423694,0.2055447030996889,0.36952142049997844,0.24268982243176906,0.33079719336168484,0.28720184129122883,0.3801336174069761,0.3750558535758258
2019-07-16,0.1881452774888593,0.22216212472897137,0.17945343478962772,0.20902728338430512,0.299506681570707,0.24904180423695155,0.181810563180921,0.19552584050626204,0.2054516782428984,0.3727254324843601,0.24464118159173445,0.3308021130140418,0.2872009484963269,0.38231650592974165,0.37904477063491926
2019-07-17,0.19069209991587496,0.22183175402018288,0.17666947560128712,0.2147838151408694,0.3010006191198241,0.2485810068325779,0.18143118942495934,0.19153577994444343,0.2090552145312194,0.37294567415598173,0.2440854427108015,0.33092504444388127,0.2884084764490911,0.3807537228381962,0.37912162236438046
2019-07-18,0.18919841577740829,0.22184512482382082,0.19123886188991213,0.2141051258044524,0.311696559387027,0.25024561488356073,0.18085663135254634,0.19185685464557567,0.20989268407463915,0.3714808286442409,0.24418568341126146,0.3238274357866792,0.28927795149490027,0.38125299777128246,0.3702221014220171
2019-07-19,0.19748516368071628,0.22235842374045503,0.19237219888741533,0.21628596883182957,0.30142741028597647,0.25244298468134835,0.1832297867217983,0.19215594965393012,0.21577640150540453,0.36613296249882715,0.24526328604475303,0.32456144002291953,0.28823661286603214,0.38085674594634816,0.3719018875151926
2019-07-22,0.2072469045244289,0.22149902904251745,0.19165491415221791,0.21225882794870957,0.2973268366374606,0.25287876364098716,0.1834495339396113,0.19674884847898755,0.21584872377253234,0.36901106583037996,0.2441114920926343,0.3238600609043315,0.2842234429937931,0.38248292288216423,0.369249051341311
2019-07-23,0.2136854583433978,0.22035816583923684,0.19074894301574286,0.21230001851208735,0.29822226537917484,0.25476472125965227,0.19047182900027587,0.19877990031097523,0.21582121921159564,0.36738838277264485,0.2399858348953412,0.3228554070971046,0.2832874600151912,0.3792513544567462,0.3680247753689651
2019-07-24,0.21217304433000955,0.21946993998623895,0.19075146618493127,0.21254398784645903,0.29836523187161135,0.25476196617775926,0.19043855861033795,0.19758991657816688,0.2250802127581097,0.36760751586208,0.23919678458656635,0.32628518852923133,0.28410445884285257,0.35591032142992524,0.3695871543023735
2019-07-25,0.21291797132512832,0.21753224011843827,0.18867379486893612,0.21051050393309828,0.29811747346724593,0.2568050151855389,0.19055631026745354,0.1973535482113483,0.22179858166781244,0.3711841031583045,0.2415335537679595,0.3237947272230943,0.28198082219851334,0.35275056513632125,0.3692849281051531
2019-07-26,0.2140400468915531,0.21045377014317823,0.1868475291029988,0.21127928428291537,0.2989669540733889,0.25683155841032396,0.18983444017773252,0.18827949248180703,0.20736228637591952,0.3706754732574712,0.2450746068573554,0.32211255073174,0.28229569673018157,0.35407027511585754,0.37197710787273847
2019-07-29,0.21409910259518952,0.20926013481698272,0.18626688490355175,0.207978101417818,0.298584063838609,0.25503847999479873,0.1905700977411661,0.18680326424831753,0.19733146212411504,0.37289802084654783,0.24770729398329216,0.32209642498900043,0.2786748000135709,0.3569405448667431,0.3653186842571571
2019-07-30,0.21383261876606283,0.20841952111274384,0.1862602873927635,0.207827957363959,0.2990268667895043,0.25498881120627453,0.18967126048527122,0.1862846729837757,0.20054690168901157,0.38537008508431286,0.2570540396466991,0.3258741844211337,0.2866458521151222,0.36400778883459606,0.36269783399439665
2019-07-31,0.21535072709478015,0.2079690926048535,0.18658232845013864,0.2078015466669263,0.29804222223832205,0.2548574189275547,0.18760243204368218,0.18654189925927453,0.20042060109064222,0.3939916689435523,0.2568014647063948,0.32299388267390433,0.2859211523808248,0.3749770301782903,0.35877891310409016
2019-08-01,0.21786957554886202,0.21803187974322494,0.19051314975276462,0.20817811840495815,0.2976580837785535,0.2500619571503287,0.1883077417870617,0.18432616860420117,0.20062441771119813,0.3919237716632573,0.2571514416376674,0.3233520874919657,0.29821676689755133,0.37770374957025465,0.3651801918385521
2019-08-02,0.21656356980827896,0.2185444214748405,0.19661519488555615,0.21075851996604697,0.2989970453952611,0.25267121326890357,0.18937760171413223,0.18622516618177104,0.19984046814509904,0.39247999635373815,0.25711713257192487,0.335268409640574,0.31727849520651,0.38057451465011755,0.3649485194077542
2019-08-05,0.22625206040586782,0.21800509167329715,0.19684348367315777,0.21561948989840318,0.30005056280489273,0.25475440734180954,0.19193583137508013,0.19054261025645383,0.19974901851770505,0.3927610085564696,0.2568987016624791,0.334718940161991,0.3232584985226439,0.3628857703414946,0.37413603491865555
2019-08-06,0.22822411300041875,0.21814853172498389,0.19788128853933604,0.2275127115723902,0.29955734267349776,0.2519416501445427,0.1838596256304823,0.19109772705257488,0.20069888375827966,0.34500301249118,0.2548454645458397,0.3382716094694394,0.3259602773082293,0.35881811014727527,0.37532058012741804
2019-08-07,0.228402002278571,0.2172160570636984,0.1983796945679563,0.21907193818799417,0.29954484894137534,0.2496279337001405,0.18354594970363616,0.19004060549775129,0.20002092014178607,0.32742272656591914,0.2547884516342668,0.3362898323804066,0.30659155605879046,0.37148962782082934,0.37585510226291724
2019-08-08,0.2303823545306958,0.21924816920812953,0.20006006461631548,0.22011555943294797,0.2996444502175983,0.24959856409200512,0.18592115283178384,0.18991630962681202,0.2023971428056935,0.32472838116949565,0.2551260374631403,0.3366839097305539,0.3058963769899318,0.37777971408628597,0.3775963683425211
2019-08-09,0.23229348594596186,0.21448849704802753,0.19969186511249196,0.22497564144904036,0.2958972168160794,0.24811536501517048,0.1871281583937276,0.19845387672572148,0.20130999711036673,0.32533121432233386,0.2550635155429922,0.3355965883069616,0.3031152004685735,0.3767583871379801,0.37972977072711356
2019-08-13,0.2246626309269048,0.22333123605259753,0.20267887775899485,0.23548000287872098,0.2977693623579474,0.2581973536797169,0.1892513817645417,0.19724764779235793,0.20359513326806455,0.335093428094998,0.25230523049129217,0.34113708598597253,0.3228574886476723,0.3830591264909353,0.3802335861449356
2019-08-14,0.21836612658554294,0.22453922834371723,0.20770237203404143,0.2454840419877354,0.27396424542422687,0.25043289607546604,0.18585084474759242,0.1905160415892465,0.2040084120978373,0.3508170068983252,0.22677278185055647,0.3310781228589398,0.3195369149817133,0.39014303623419555,0.3626536620785055
2019-08-16,0.21763029678537457,0.22082384539590919,0.20708709827598407,0.24522609899850023,0.27534056846399846,0.2503628811515383,0.19039522964916233,0.18750153456534427,0.20135032031251324,0.35022847874966406,0.218297534576109,0.36471543409059126,0.31377709632139833,0.3880718921137028,0.36285487344531503
2019-08-19,0.21744244490021397,0.22085608096892093,0.20772750161159909,0.24147393524418065,0.27319264109316754,0.25061699351218597,0.1904366939366565,0.18714921269820867,0.20164843541102073,0.3492069491267512,0.2187733346030076,0.3639415735511304,0.31285121161107804,0.38814115053679404,0.3620932153446058
2019-08-20,0.21768154029523337,0.22175121954868046,0.20814669204284028,0.24097863530621078,0.272455434503571,0.25095075027931807,0.17908231296236732,0.18781731939979054,0.21205531425114507,0.3469487082310874,0.22165035539335443,0.36317251995554106,0.31282800494819935,0.38708816360754933,0.35377492661518795
2019-08-21,0.21707418367715775,0.22128086334014677,0.20799461530620877,0.24071382879041334,0.2769888699306218,0.25079756909364886,0.18147253103195413,0.21155737295041957,0.2115617080062393,0.34729801395987997,0.2242588585199491,0.36272898563073513,0.3012903028462408,0.38338805265394094,0.3366961732819838
2019-08-22,0.218872998919824,0.22160914705771723,0.20753073879573475,0.24147260472523588,0.2809979144915276,0.24695092665424148,0.18132733882139562,0.2022982840647094,0.21500021154577192,0.34749790597839325,0.22716417893357335,0.36139821204113887,0.30075372434612296,0.3622602967571595,0.4606628130507264
2019-08-23,0.21780008143788407,0.21528970610063858,0.2063941026659345,0.23925664674433625,0.29863848398462756,0.25691171489458237,0.1832392828346195,0.20238444409252052,0.2167076897649489,0.35327955822594237,0.22714638530805056,0.36144568550524075,0.30047408870952896,0.371761663150628,0.4754035803928617
2019-08-26,0.22591377224196918,0.21525714607613364,0.20548337554472207,0.24033033141346855,0.299056873718059,0.2574780774079774,0.19354336206131323,0.20225255404386805,0.22360872511872049,0.3516165894361914,0.22598434443410872,0.3618074378946558,0.2982976880432151,0.3704388173403774,0.487415311613348
2019-08-27,0.22450028126579907,0.22052888769702997,0.20478881373292362,0.24391312981581895,0.30148487694567017,0.2545338521773026,0.19580367404636637,0.20175732633924745,0.25665673988745685,0.34761650505324565,0.22444557762798975,0.3619618915566197,0.3033636257441708,0.380859781338611,0.4875713157893084
2019-08-28,0.2251296851084387,0.22465935449632915,0.20468852215649924,0.23681363544901496,0.3050101779002662,0.25868762906436793,0.1839882034460308,0.19976171204948096,0.25569073513287083,0.3477948739947269,0.2244734810707276,0.36237642229366457,0.3034951414474868,0.38734640332571607,0.4889272215921603
2019-08-29,0.22909730719499707,0.2242429725905829,0.20068679256947103,0.236812235649823,0.30817752605355386,0.26496590071412046,0.18731586843585588,0.19962414624361352,0.2536264671221277,0.36211233145841354,0.22186181849903586,0.307639812750299,0.3028744268587104,0.38395680483940486,0.4857589521938753
2019-08-30,0.2305342847426191,0.2228688719390353,0.20598365010077416,0.23583593526600846,0.30896856514223076,0.2639075025949986,0.19186694385240574,0.19886220456019013,0.25457677725885514,0.36785952102408226,0.21917493396944812,0.30523942850540775,0.30354380361603345,0.38996404772404014,0.48759044129553586
2019-09-03,0.23069346087882964,0.22292037305778045,0.20568719130596966,0.2366289824001591,0.31425297872309715,0.270417362016812,0.193021504694837,0.20164432670364335,0.251394015193644,0.3698251976057101,0.21992602958377142,0.3060253784384132,0.3090095610962884,0.39379500161455877,0.48791960185353234
2019-09-04,0.23152850283912252,0.22326771583471555,0.204948312750716,0.23378611900078955,0.3171374129205043,0.27215026829591377,0.1939340612949262,0.20406121830705667,0.25689470095923134,0.3742513085184784,0.21937051330123916,0.2945768908649025,0.31326444746174387,0.39833858216077306,0.48799927456907205
2019-09-05,0.23230149239413786,0.2220945799654258,0.20404913292550597,0.22936100294537995,0.33700018186439656,0.2814767897832409,0.19109487671401226,0.20244548429891546,0.24969332259216168,0.3747720766551186,0.22488971971156094,0.2929372341362725,0.31125701185788945,0.40009197933648966,0.4909436726466061
2019-09-06,0.23697950201243814,0.22235855424148793,0.20521735163803526,0.2424141904410459,0.33491734441338156,0.2879503005398641,0.19093962857302388,0.20177255843538092,0.24966107513737523,0.370679056984224,0.22801118967384593,0.2929335004865592,0.31142613337631175,0.40467701636428205,0.49376887599183433
2019-09-09,0.23870331746129508,0.22444284159975864,0.2080245163571869,0.24073838735033193,0.33526955121787383,0.2878286474398519,0.19171846829601394,0.2041953338120357,0.24965369642468332,0.3709291560770876,0.22755239898521232,0.2931600409422462,0.31383693047762734,0.3992222864995434,0.4887881690931826
2019-09-11,0.23702983934153207,0.22590075408071222,0.21490853798224993,0.2419235328688725,0.3385671608288018,0.28912849279375624,0.19176267923197132,0.20402569669685247,0.24976923212366525,0.37242000387671315,0.22760713410107375,0.29281290395708093,0.3131373991531307,0.40866050588170283,0.4964353967925523
2019-09-12,0.23470727516897866,0.22606109815201209,0.2159997437948457,0.24180247992485462,0.33849817442979585,0.2896374152661214,0.19236410643544236,0.20563875804087683,0.24979354480903754,0.3730095550907876,0.22661096507957507,0.29658832796217655,0.31059644192670743,0.40861788414259126,0.49055194327205337
2019-09-13,0.23690680476319648,0.2278625372448546,0.21622572434866363,0.2419037300966521,0.33942519910969443,0.2913211130493074,0.19153873105902305,0.20633195460615678,0.24614333584913267,0.3700179917609153,0.22821167348110846,0.29611403555708415,0.30695880808534914,0.3941302793925073,0.49402481997444253
2019-09-16,0.23729407262943328,0.2268404060367895,0.21725539285153458,0.24324124462539454,0.3401809984552981,0.2915471878136574,0.19146438718690478,0.20714220513093753,0.24748397367572886,0.3692078241405768,0.22666125270093207,0.2978374843679284,0.3069354725938333,0.39508372556537547,0.49669288918335336
2019-09-17,0.23470779342353432,0.2268976472866605,0.21700721768833378,0.245731701479493,0.3395133165415202,0.2915733412680335,0.19086125398904547,0.20648961328853405,0.24785349351940383,0.37013803916917576,0.22409015325442483,0.29949850364699665,0.3069906643537967,0.3899361403678173,0.501412673956886
2019-09-18,0.23414827177919578,0.22695875581021632,0.2125911389161913,0.24612792302952413,0.3347104931995228,0.2930878857159546,0.19219874233411488,0.20635672353442341,0.25307943437277103,0.36201304363720854,0.22393482843484563,0.2988253207893491,0.304672913377299,0.39827845111646215,0.49823384950745536
2019-09-19,0.2316131217525373,0.22788399540011764,0.21335515216822454,0.2454628170380205,0.3364149586167344,0.2932930205844816,0.1923272608298887,0.20735327226436348,0.2532033744495762,0.3606918135501011,0.22380732469770398,0.29775936018276516,0.3036973040871012,0.40401534445493686,0.4970173734687941
2019-09-20,0.260406654402854,0.23127994838092575,0.21751422168688195,0.24326268261310544,0.3688116972298358,0.2940771867388349,0.19201322169086815,0.24225856383101063,0.3169218557079431,0.36081766042125346,0.23375902952987043,0.3082161487484729,0.32446784035554993,0.4302820858418996,0.5258464620360039
2019-09-23,0.29234667853149454,0.2544802307964077,0.22268678249007115,0.2486534919570935,0.37145452975842735,0.2966375211134505,0.2426191443896793,0.2436245936528588,0.34283887215426007,0.3615160145066021,0.23980855392914893,0.3063129152379511,0.3276358779178052,0.43020266716009065,0.5258323023296877
2019-09-24,0.29401866227005174,0.26497443093703005,0.22304953382172707,0.25618350025100955,0.3724558651917797,0.29538718478020104,0.2428537572900952,0.24812398292041787,0.33796704429325386,0.354437486482382,0.2379277577963263,0.30612887282070744,0.3271221587494724,0.42673608954081993,0.5164593094354022
2019-09-25,0.2945997765335695,0.2636663051489428,0.22205299862698707,0.2518476024423389,0.37048395759765185,0.2975951883472327,0.250127187557211,0.24807021275783722,0.33955244100700793,0.3544356553387649,0.2378262587913517,0.3087279718858726,0.3292647095503725,0.428392082202675,0.5346268180391015
2019-09-26,0.2958870527843134,0.2652720121724728,0.22215616788301226,0.2524641728548387,0.38154581290073647,0.2967004740005322,0.251495278351181,0.2566858004017109,0.3411427096183184,0.35515449597627563,0.23733125675706346,0.3005014483089806,0.329374854846533,0.4369444650579425,0.5398751243277752
2019-09-27,0.296387804385583,0.2652559893925361,0.22152706739164665,0.25396145871119785,0.3816537737569706,0.296148376606964,0.25237533414503877,0.25867408187293645,0.34564153427315936,0.35835661024107285,0.2254184699295257,0.30317693574567955,0.33056522860660875,0.4436365605126851,0.5405246706321791
2019-09-30,0.29587823890711085,0.270882714224543,0.22296922830186308,0.25485453978403777,0.3760199231412372,0.296239495604146,0.25898239129064676,0.2589702071487167,0.3489311277971334,0.3604210115343246,0.2254622201137541,0.3023968977350003,0.34565729104674486,0.44353860264179357,0.5408742568103653
2019-10-01,0.29587781557680826,0.27164911324234736,0.22809854121764975,0.2544959540062443,0.3788513035910909,0.2960740560017477,0.2595892792191563,0.2597306473518626,0.3490998599400572,0.36075192429887926,0.22426112025350978,0.30416378577268166,0.35759316961269094,0.44508508233557936,0.5594658392807156
2019-10-03,0.2978257720596057,0.2726388427260891,0.22929761556661218,0.25461859043015966,0.37847245762286535,0.2959426792117771,0.2639270036872242,0.25967577939121667,0.3478291228327168,0.36035039754801174,0.2245076664271796,0.30330734529394504,0.354871185448298,0.44891636464463036,0.5662997114782332
2019-10-04,0.30483462738807493,0.2690026915810377,0.21518210522178174,0.2480815265298169,0.3746938265869052,0.2807605042787669,0.26547523552429797,0.26359754249938183,0.3501464878579638,0.3491814940450393,0.22935620712121263,0.3030969068972581,0.35595404248041523,0.4459031423813191,0.5621061873919307
2019-10-07,0.2993230348164644,0.269314365364358,0.21256894453858882,0.24833213033536755,0.36052722507448887,0.26290328275132346,0.2682305099600502,0.2623576191955838,0.3568594996603604,0.34755822164940664,0.2293103633802136,0.303216512652086,0.3532287141380257,0.44647251545782823,0.5619604433773238
2019-10-09,0.30726538753358895,0.2698110849872385,0.21267958344975474,0.2483239484271816,0.3600462733632411,0.26416184130216,0.2690823933474038,0.26304869928486335,0.3632670592427828,0.3305982867866591,0.23212174980779565,0.3014644447252628,0.36785548929565887,0.4543591369769825,0.5649411342434654
2019-10-10,0.30931566654664394,0.269851315431084,0.21277589002184902,0.24826037451077027,0.3596135103851156,0.26411340897315194,0.27063415413759445,0.2615141858377414,0.3637154151666714,0.3295763806297001,0.2330674899323256,0.30161492550135366,0.38088569420772067,0.4525823873622268,0.5657628724180231
2019-10-11,0.30915702950360013,0.2813036514457964,0.2126278931021989,0.24767036662530403,0.3642351917632025,0.26421338112235937,0.2698705774567303,0.2622098834897812,0.36455895234999536,0.3280963667491735,0.22713557113978688,0.30548725737219823,0.3818119818643382,0.45547014801386115,0.5587639262629129
2019-10-14,0.3091895214917887,0.29132170410244984,0.20582526525179642,0.24771324032238948,0.37647710875676305,0.2645251995396574,0.2699187049669724,0.261578161411983,0.3647620745307356,0.32738559862620553,0.22628346988154263,0.2968629631242865,0.3844653068028642,0.45396908116478857,0.5752543511727742
2019-10-15,0.3097572211988894,0.25541591948261244,0.2056352882904386,0.24538128598589545,0.3800347450228486,0.26625558941820276,0.2705287311209045,0.259101732239446,0.36708365068008886,0.3181161314721746,0.22718059176661198,0.29829698497815704,0.3868499648579201,0.45525067611743075,0.5756564276150355
2019-10-16,0.30992283726546355,0.2551332240340643,0.21075083025541874,0.2458199673100516,0.3821813364620873,0.26343087855792574,0.2719540709537692,0.25891675968935024,0.3663071778922592,0.31422311712339845,0.2243580032231822,0.2982922938547219,0.38686962861532903,0.45284827407477674,0.5745318007500625
2019-10-17,0.3069001723719534,0.2539414544671628,0.2108711543684402,0.24247356255230165,0.38097288662894013,0.26327025070312526,0.27264030040175347,0.25918243056629875,0.3671157240678909,0.3141326507125243,0.2250040654272878,0.2980496611289201,0.3856588873548641,0.4569529745553128,0.5773431157073455
2019-10-18,0.3071128560373379,0.2539499298632062,0.19636598912257208,0.243391084575715,0.371622028482357,0.2647629690815813,0.2727502106337605,0.2604192835706793,0.36695410202378476,0.3136856358968264,0.2248284968577211,0.2991124587702704,0.38510237048967494,0.4568221399648954,0.5756245493909747
2019-10-22,0.30241443316541206,0.416976776660456,0.19795817308541436,0.24523076762845053,0.3717012046054103,0.2604808033389125,0.2717321473693011,0.2602559551584621,0.36235387091804394,0.3135595868758442,0.2309307418178232,0.2982805582775277,0.38849611335716683,0.45634319816532615,0.5857601672678003
2019-10-23,0.2962136349251258,0.4205259210286325,0.19810096999155558,0.24591405542834022,0.3711743770768331,0.25997728423821886,0.27099008270576247,0.25513067498457026,0.36263756738701314,0.31035231366309857,0.23076319174443405,0.29801067896117756,0.3962645120802395,0.45476504148595565,0.5868236051545407
2019-10-24,0.29146893848831507,0.4221815499290446,0.20153707090973205,0.24588033177223326,0.3704694042320681,0.2576487868031243,0.26655988791682855,0.2599203686214295,0.3627578595128518,0.3103934164519632,0.22897953868285603,0.29923705200837997,0.4016966541132879,0.45538808484011156,0.587042784636771
2019-10-25,0.29346325856144845,0.4223652854043572,0.20371656178531888,0.2438460354662902,0.3705773669392043,0.2585235434204017,0.26666262722662365,0.2599889319062753,0.3554344373908542,0.31529020426768417,0.2303299294041424,0.29621137421125426,0.40058867369039736,0.45248206049885914,0.5882878361387117
2019-10-27,0.292842058449463,0.4236451809508401,0.2033306122264117,0.2436899931819357,0.3705870284779914,0.256827344338898,0.2670424434502345,0.2600272429004288,0.3553175839969716,0.3101312480916678,0.22675144547423115,0.29625084813921576,0.40086755184236933,0.4525499195302373,0.5883393828325773
2019-10-29,0.2918027751941855,0.4235652293828134,0.20345389731221794,0.2527099033198269,0.3710351963535243,0.2573316787121257,0.2673823213933679,0.2608782138576415,0.3588290710631694,0.3105661143002864,0.22381854586407376,0.3252829554511808,0.40713341024261124,0.47505461116355735,0.5865843173683282
2019-10-30,0.29144370517193746,0.4248242922475243,0.20329442563272807,0.25277514616334773,0.371079178402985,0.2570299494831346,0.271655686657707,0.262235081990619,0.3618175111813008,0.31008374321241955,0.22257772460921246,0.3279947145333473,0.40932437570303576,0.4722061828858901,0.586447170479666
2019-10-31,0.2914574653111962,0.432710949065372,0.20671491065396208,0.2560225448143562,0.3705908754800023,0.25827486329545096,0.27178552031985037,0.2613820359819346,0.35895639079636177,0.29373664888095474,0.20994148570955784,0.32505477600544236,0.40528967467911453,0.46593831937360003,0.586312967558343
2019-11-01,0.29026107905494175,0.4327976743593531,0.20536840142068613,0.26101917517054696,0.37214360455790363,0.2584988637769015,0.27324701594840395,0.2610491170909367,0.3585791944641334,0.2830070073020742,0.21095721872432924,0.32640690083838864,0.402014489020227,0.46967647344286273,0.586592839091861
2019-11-04,0.2885576555056769,0.4333945235830555,0.20179792372756353,0.2583290300571186,0.3733807527317384,0.2589078103269026,0.27257114393867765,0.2607425141583867,0.3595538827835648,0.28284848276399593,0.20974190479576743,0.3325934970809529,0.39270495590468596,0.46900177383796365,0.582546975489574
2019-11-05,0.2892069680055043,0.434386098983871,0.1960602473967642,0.2568792144344003,0.3714577478207222,0.2516626954494106,0.27212282517651604,0.2605540118340083,0.35955395896962644,0.28464933210101856,0.209824275510308,0.3212174087584197,0.3748542963924035,0.46665230694686666,0.5824525105037343
2019-11-06,0.28204688731334115,0.4372478632871247,0.19607672341977953,0.25508276973678423,0.36902169678923696,0.249102362343766,0.26988208762061916,0.256706736861453,0.3591010291509559,0.2842557620493209,0.2113783902638902,0.32081480329810824,0.37249202474879295,0.46390031500324364,0.5805925069461044
2019-11-07,0.2804788709397501,0.43788929339240973,0.1958788753125818,0.24659454902380273,0.37128017593371976,0.24665479758669615,0.2719900407397607,0.25634938608937313,0.3579552587993854,0.2903864683066466,0.2092888406651314,0.3231482526024553,0.3675037316734639,0.4638393559506761,0.579512439870977
2019-11-08,0.2806627143332496,0.4390699733037871,0.19536227563048014,0.24649769771851932,0.3752982435296661,0.2493374168222146,0.271939719883088,0.2590758402782342,0.3611256666627643,0.3032535299108238,0.21288628538849064,0.3272958823037957,0.3675544662725031,0.4531271121159973,0.588122599505612
2019-11-11,0.27920402471875566,0.437681890254942,0.1936208582569002,0.24626596914018437,0.3753993522559542,0.24829959495800732,0.2701422648035025,0.2657446358795726,0.3619014972851586,0.30215213633733345,0.21285821022650983,0.3260948569159282,0.3662381670146354,0.44599174329299024,0.585726573706898
2019-11-13,0.2771034639863355,0.43906473489612724,0.19465299287319038,0.24323839334729544,0.37574389735393254,0.24803000761924834,0.2723394632836753,0.25989424661754595,0.3733254375117868,0.3049215435681702,0.21687392514319073,0.3274011677336703,0.3665625358722011,0.4453716620158172,0.5876283317719402
2019-11-14,0.2757647429706472,0.4367203569676151,0.19086043500329167,0.22941703227021087,0.3733790190085548,0.23728413935332598,0.2644653545971051,0.25891154849333375,0.368271308695629,0.2928026403670473,0.2176253233530254,0.32522339009193,0.3515828411537579,0.43913045245285265,0.5900982814338424
2019-11-15,0.27579905201080096,0.43576572804397995,0.18138210501328286,0.2228554936456109,0.3731873957498344,0.2381201617385785,0.26515457963815736,0.25826438688559405,0.36784484794266353,0.2751407320336807,0.2142244893993575,0.32205996972607004,0.3875559521407613,0.4298246015843832,0.59041821551725
2019-11-18,0.2757280417644844,0.43580267331256867,0.18252731897152674,0.22285778006680523,0.3739486402336599,0.23810176858015783,0.26282765035113215,0.2605558366996371,0.37039901608652587,0.2787326142376899,0.2133676064700101,0.27520049901659277,0.39586628303205856,0.43651074627202674,0.5908573127742474
2019-11-19,0.27574687151461885,0.4363608749564699,0.1811100565854264,0.22229153392044695,0.37308342972153485,0.23732052367618228,0.26283243215009316,0.2605106847558361,0.37014815109608884,0.27323297159895005,0.2131177875892455,0.27471597841645273,0.4218585509250411,0.4382966583938523,0.5910894732841403
2019-11-20,0.2776481489685411,0.43432249279958823,0.18123096831588367,0.22277868948696108,0.3723782481277122,0.23681053091480392,0.2597130374270365,0.2597413759885378,0.36162291065824137,0.29630004054514064,0.2212762928973396,0.2749855910478619,0.4215010488920073,0.4385985504168664,0.5915261870301183
2019-11-21,0.2777531843562005,0.4338735768050242,0.18141804618422755,0.22371034994618128,0.3687982702821256,0.23877998307248385,0.2595287306838058,0.23897713588763114,0.36324763966820245,0.2959147531001192,0.21786064517050358,0.27914527597867944,0.4248882550450701,0.43524465186073774,0.5879596404621933
2019-11-22,0.27722173928327476,0.43729702703725676,0.18500865161075958,0.22468704268399023,0.3651401320325391,0.23646543843760945,0.2596494016157563,0.23774933814695795,0.36347941072565065,0.2961891755013611,0.21599079513508126,0.2783888171699026,0.4258276822804595,0.43714068138721524,0.48028189519688014
2019-11-25,0.28013289918132195,0.43719691071136196,0.1849597197046857,0.2257417993866226,0.35731870828710716,0.22684373056554483,0.257193053384611,0.24102675269716245,0.36323262555026453,0.29078713189554667,0.218040948582401,0.27798513451560847,0.449059408701617,0.44238176075633173,0.4710184579794872
2019-11-26,0.2742644247813443,0.4375630022934034,0.18955704343671703,0.22503395203953727,0.3568517590158048,0.22657220769932576,0.2515630485542426,0.24065088284068084,0.3599281349191795,0.2902283155840177,0.21910935926990235,0.2767499983437623,0.4587465923927416,0.4396654616741772,0.46278255327788953
2019-11-27,0.27407486166390155,0.4358811957560074,0.1907175313646415,0.21987664381939753,0.35749862481901556,0.22012873491994048,0.25106787126008584,0.24052233167342954,0.34055810870332637,0.2917072588354391,0.21747715878046922,0.2761086276010242,0.4519917762306585,0.43447098269405526,0.4655661698369593
2019-11-28,0.2727568885516334,0.43350838065377023,0.1906316035585722,0.21667818097906116,0.3494759162857364,0.21345359428888247,0.25105748430725405,0.24065224721154635,0.34046432263833026,0.29106157679616085,0.2155384653534774,0.26973708091144116,0.45144015567173557,0.42729990410900004,0.4644510862522702
2019-11-29,0.26828699318920174,0.43342975804954903,0.19135459423506476,0.21731207928653065,0.3489308359536151,0.20641712511619226,0.2477764183421381,0.24147187524297434,0.3410513542009619,0.27385728342708915,0.2209689090150014,0.26974366985224174,0.4512258691710828,0.4280682581883147,0.46448818933832753
2019-12-02,0.26699976981958284,0.4327920416416612,0.1854155351572499,0.2206464689424611,0.35209071727865326,0.20587101936878588,0.2452418868692127,0.2407605866762946,0.3408526375247896,0.26749528517784155,0.22278854542125923,0.27162726792362707,0.45583864106601113,0.4271497625652494,0.4637745918136316
2019-12-03,0.2655976884379004,0.4332963022766603,0.18586040813366053,0.21878863974654655,0.3448054756654241,0.19513772660135623,0.24288228302255974,0.2406774730937387,0.3416978068117586,0.2643875540442535,0.22190093393147847,0.27144856514474647,0.45047321408353136,0.4325451210424815,0.4592573975801881
2019-12-04,0.26531151109503404,0.4341598035660814,0.19103125694129333,0.2210683594550995,0.3453869387528246,0.19247200823992774,0.2426030828425318,0.2377858993806664,0.3363698034041098,0.2614885407351353,0.21570790020141672,0.288478323820195,0.44840074452558204,0.4326377017702008,0.4592226067775718
2019-12-05,0.2638283684122525,0.4331931555738599,0.19156498694378654,0.21993881631784493,0.3299121362013044,0.17917545103676602,0.24455540294339145,0.2372826048015244,0.3356132994894711,0.2624921666144918,0.20726404894513215,0.28905158974033757,0.45431200518128434,0.43506266452236303,0.4539357058248291
2019-12-06,0.26197762784189144,0.43279080721906704,0.19076700455432746,0.20781257240104323,0.3290134075549325,0.1694011855375134,0.24642943678488693,0.23828560078228683,0.3356421403012058,0.26334555525777925,0.20328550243515023,0.2901190015644346,0.45479208933597204,0.4316322306351829,0.44866276409553707
2019-12-09,0.26030975069732787,0.43229224807381267,0.1882298169190288,0.20712896437693046,0.3281893168855118,0.16933901416907707,0.24657466967071595,0.23613571915603052,0.3358223311696682,0.2628776699202598,0.20351130708612286,0.29935207856931095,0.4535573698638052,0.43156118733208215,0.4491345552146189
2019-12-10,0.2603079559184305,0.4319028887916538,0.1797471171162457,0.205825835942618,0.32348041271086125,0.17337329924937056,0.2510878098565227,0.2361389216155777,0.33538856853515664,0.2609081770251429,0.20363813295860825,0.304024434715576,0.45327023941802086,0.4263379502646703,0.44372033640536473
2019-12-11,0.2598458100053475,0.4324240192783193,0.17822881980216582,0.20854045654842804,0.32667207664894565,0.1801932955334457,0.2505078683924898,0.2333917203789617,0.3358246227487785,0.25970973085428545,0.20380269264439024,0.30213281730834846,0.4510808871994614,0.4262868238964376,0.4461163984746986
2019-12-12,0.2595720721348729,0.4338435278017991,0.1781345718153821,0.20844828715698172,0.3249155557713592,0.17951751785841455,0.25054250927608446,0.2328964434995777,0.33618823613858195,0.2593118193632081,0.20209218220692154,0.3021924358821711,0.45053698994700386,0.43072369625221435,0.4405411385604685
2019-12-13,0.26099336384463456,0.43497158424413923,0.1816062334253613,0.20710572543638456,0.3236744058097176,0.18078437041645729,0.25185721118226073,0.23262861686039965,0.33562068169705583,0.2597059446006505,0.21119524556097638,0.3043350133388285,0.45449539749437073,0.43080330502906033,0.436368411431087
2019-12-16,0.25759387395512917,0.43494272058636146,0.1800374790882997,0.204872225118583,0.3236245182208564,0.17715926170560709,0.25437051619904827,0.23346861994135118,0.3349830739717003,0.25865837806277314,0.21108792751032468,0.3042664792459891,0.45479008384290404,0.4213260409491846,0.42654221457261504
2019-12-17,0.2570450805988983,0.4376964659572409,0.18053961362900608,0.20302848939132276,0.32083419284988485,0.17520214826064479,0.25628622343502655,0.2331319250000782,0.32859668015938986,0.25963996701087877,0.21116791730744433,0.3030667257413471,0.46034205049451754,0.423274782575195,0.42683993313196633
2019-12-18,0.2561154021568961,0.43737604839175753,0.18128193058316724,0.19974138569088293,0.3177922135902853,0.17633728198283172,0.2575250703729551,0.23095498026021638,0.3288244953281559,0.26263501959146374,0.21341893123748656,0.303401912762149,0.4606791364500944,0.4145506106129828,0.4265020045220203
2019-12-19,0.2275695205560761,0.43579913767667133,0.17753896167586775,0.19992702137353532,0.2775097016354439,0.17383793845379716,0.25743847817445165,0.1926871922571117,0.2693788765634384,0.26426456475710336,0.19854835388857361,0.29217925953665164,0.4504559970014818,0.391972921649247,0.3958218959531524
2019-12-20,0.18982498850642188,0.4234224522117876,0.169473280331361,0.19145486260493594,0.27408784488815896,0.16189561864652527,0.21363114827407617,0.20654164250327728,0.2345816696272426,0.26383896508338617,0.19160904139345314,0.2931309375659717,0.44682070745060043,0.3940916398562333,0.39545858097031533
2019-12-23,0.18792336037707122,0.41578627991408884,0.16984908934882484,0.18350562648343244,0.2712022589542383,0.16112614770585876,0.2140354612434324,0.2071628884551556,0.2348676459341918,0.26406799202702674,0.19373708397675204,0.2924875946805116,0.44681177259593996,0.3916656704394522,0.3971708356238887
2019-12-24,0.18657084079978067,0.41582154401129306,0.16952662495045992,0.18400065686246922,0.2705906418174612,0.1583750596742523,0.20341691902272893,0.20720938258691718,0.23291416136376564,0.2635866087104295,0.19373802090065972,0.29074472649926575,0.4437880126366458,0.38746401202575453,0.3658365866654243
2019-12-26,0.18546035406534184,0.41522204454649997,0.1696558029678543,0.18307811549798278,0.2576122287857452,0.15974166456812913,0.20243975372903442,0.19480320616469354,0.23057406763372829,0.2652202533768363,0.19511130507571028,0.29081374785076897,0.4470120586843254,0.38139497502493264,0.36098344665111376
2019-12-27,0.18477069936919743,0.415900547735765,0.17130921307443525,0.18199935129424222,0.24421644999646877,0.159695710160663,0.20115166307091664,0.19245773406329678,0.22503314532582874,0.26040800431697203,0.19321367797918154,0.2935845372997775,0.4472419038790594,0.3687266729194597,0.3591276416028717
2019-12-30,0.18483393348669622,0.4111523893366512,0.16956509667525968,0.18009278474846538,0.24424494825267518,0.15958063566386935,0.19284709691766402,0.19292143410834137,0.21951992316584654,0.2524844698356238,0.1919174578366331,0.29346727325904076,0.43686271909924207,0.3689293006086384,0.35579284019534885
2019-12-31,0.1849863975790963,0.4101280669966691,0.16246779733732694,0.18636550610867914,0.23808635261574496,0.16535274158788582,0.19069259778218645,0.19032960169556737,0.2192151164408252,0.25186145846518376,0.19194113810008556,0.29244201093591465,0.4263818563142784,0.36440821959194875,0.3162652337917411
2020-01-01,0.1807243248613926,0.41004309204045397,0.16197551495688312,0.1861247332616329,0.23908280993944864,0.1705575940599183,0.18434462042345956,0.1903624589386576,0.21890333555730285,0.2518581302622754,0.19157258985953338,0.2931555864138449,0.4244732430152417,0.35646481298437727,0.3126758224344122
2020-01-02,0.16703847552889972,0.409484679521544,0.1613581999502617,0.18578240673210508,0.23813096439802264,0.17030275616468424,0.18241376546115198,0.1855594463290099,0.21468788879705347,0.25138777410377294,0.18572149211229994,0.30729979292250964,0.42230912060940307,0.35822836693873455,0.31120936017148726
2020-01-03,0.1678099957347486,0.4107071661869202,0.1626055615682722,0.18655140807987725,0.23329658115869004,0.17202243410677764,0.1780143606464117,0.18558377393273304,0.20085844095169977,0.25183939068556294,0.18595775620647187,0.3073686023354424,0.42245336946572376,0.35271376309224955,0.31062769677676644
2020-01-06,0.15093054903060377,0.41088566065399884,0.16268768855151367,0.18659488222411685,0.23574356952417108,0.17078812946541305,0.17618011674913528,0.18396981959599915,0.187439667799774,0.2527228942572941,0.1829616194033952,0.3086971933541173,0.4122357902513722,0.3522184592069855,0.31943135514321314
2020-01-07,0.14795564250861637,0.41194483731697934,0.1639447781857252,0.18717659374469559,0.23581880377416306,0.1730406836193794,0.17340905107874624,0.1848658049008714,0.18718852963853516,0.253713570244752,0.18107169431819778,0.30876964716357685,0.4020720289776635,0.3482622027370104,0.30787017334261835
2020-01-08,0.14949496819010552,0.40364453955289464,0.16403809600339295,0.18658638895097318,0.23156250068481524,0.17307851792354742,0.173477146561677,0.18281266307618224,0.18492759439973572,0.25584224218096396,0.18085183046063233,0.3046500704182326,0.40539435955332626,0.3458530986220731,0.3064601278813135
2020-01-09,0.14983604082794344,0.3985300718857756,0.16114857227835597,0.1866979463849714,0.20786998933236592,0.17252543992894268,0.1741329173912398,0.18516619844299745,0.1844859149266954,0.2527100083539759,0.1813136617782635,0.30470945852918974,0.4021714884277523,0.345766446521817,0.29500618083495816
2020-01-10,0.14681761017081435,0.39709087916026087,0.16202744975139288,0.18671720291713367,0.20069088807854218,0.1709064082611237,0.17260360230320118,0.18472319136978338,0.17796044656486634,0.2529714471871392,0.18003382405826443,0.30150179351185397,0.39843434171411357,0.34548228433750683,0.29719949596280537
2020-01-13,0.14622330230056577,0.40907521425600857,0.1579191697593627,0.18725134374555683,0.19638912447574344,0.1689002325270043,0.1699987558228306,0.1809556236317105,0.18238096811590826,0.25272903362275845,0.1801766860285854,0.30152354304984097,0.40116759731451546,0.3458730301804607,0.30091389540820385
2020-01-14,0.14744948987984033,0.40904474594111184,0.15867263971355172,0.1883937234202723,0.19640516245806103,0.16990166901693166,0.17250301483266528,0.18178389432889938,0.18102249999452166,0.252684678433262,0.17955937148745052,0.30176987812801004,0.4011823842174762,0.343630431765786,0.2986181850046787
2020-01-15,0.14696499816849623,0.40964377385343,0.17431600666436375,0.1868297496752646,0.19326033746148388,0.16525792879602166,0.17254177474379298,0.17622392228411668,0.18112431864016512,0.25286764585742644,0.18097991224196205,0.30152699092269897,0.4009282228965952,0.3435398471772543,0.29477876547704657
2020-01-16,0.14925594088152458,0.23080010684036378,0.17095390602565483,0.18349125489886114,0.19264312779032478,0.17015128568730953,0.17179328058768498,0.18726772963597157,0.18284353214198373,0.25241589469189807,0.17000171013453053,0.3198071642862791,0.39702887620593946,0.34383448976081354,0.2771408011030975
2020-01-17,0.14788854199845106,0.22686471344896053,0.1709115514749503,0.18262145252939074,0.1914145054717319,0.17019379231099585,0.17082275510314632,0.1874412297757992,0.1808735937989524,0.2532786443888816,0.18213500833778942,0.3213231529894356,0.4011576162974061,0.3439301797998965,0.27257626585718603
2020-01-20,0.17776199470389448,0.22020196560326183,0.1684571687486998,0.18262061895437007,0.19449288719196378,0.17684960105170408,0.17108103832568222,0.18192515427282632,0.18095841642833782,0.2547573795365856,0.1826703068929516,0.32022479318119695,0.39779542238116017,0.3451552794936039,0.2744172006119172
2020-01-21,0.17505552117392945,0.22135527267936853,0.16617085837978898,0.1817312990896311,0.19409899504454595,0.17549388756925036,0.17313033531638714,0.1821620277859539,0.1807542077462931,0.2489366609529225,0.18093106560064767,0.3192359378167681,0.39777488864523375,0.3524976553525277,0.2729434371706621
2020-01-22,0.1822009353871185,0.2197010670193896,0.16633589340815758,0.1812192155412201,0.21892724339657552,0.19584446682878925,0.17148045536396161,0.18541678216660534,0.18072803258318867,0.2490508947700188,0.180655029842668,0.3191307183808822,0.39711957724568686,0.35274757503925097,0.2717113059567038
2020-01-23,0.18262170901289193,0.22196007005749557,0.16763594352911385,0.165896621075422,0.21743652264030347,0.19654058905051466,0.16959680753554596,0.18455937455640375,0.17016730752543768,0.24876991723288402,0.1814389607315319,0.29451345273812285,0.3884995380059444,0.32656814204224477,0.2718279691359045
2020-01-24,0.1884439325727244,0.22077107178298808,0.16761099844728378,0.17272881480308533,0.21731373309930196,0.19706469114949043,0.16129166555092522,0.18286513420860087,0.1748494723758606,0.24646941985044293,0.17828600432764832,0.29320543573248453,0.3872431381072459,0.3260389168956641,0.2717887124446858
2020-01-27,0.1910529197169325,0.2091202121258762,0.16416712405293651,0.16721372270922177,0.2165023539227459,0.19704264324190515,0.16330724605846975,0.1833134685423707,0.17464239913184915,0.24591986416692033,0.2055501829781222,0.2933563167405785,0.38990271099004675,0.33690794417158537,0.27775779309319315
2020-01-28,0.1911583917335255,0.20915964676973584,0.16438175542563185,0.15693573166917268,0.21235309514889741,0.1974163574024217,0.16279368702143474,0.18653157944592855,0.174714475873392,0.2459927377804253,0.20410698280130468,0.2919599722490616,0.40312253604062337,0.33190771389866197,0.2777115247253723
2020-01-29,0.1914665524317401,0.20239418299310155,0.16552687652065878,0.15711067684309615,0.20702195601659007,0.19833112896281108,0.17233068309534105,0.1941808851020463,0.17519155465012085,0.24639498996121678,0.2048151184096662,0.28356964393574263,0.402986959935116,0.3295635757284648,0.2769220463584757
2020-01-30,0.19068902280016792,0.19997970862343295,0.17179990863402153,0.16053881521594002,0.208825409128613,0.19857146520957294,0.17216537345818952,0.19831432785687822,0.1751319230440542,0.24619851649340943,0.20461470881769772,0.2835190046153147,0.4024751512237141,0.3288229310780564,0.280064853572011
2020-01-31,0.2051324871751353,0.19563909681297223,0.17425969678044373,0.1609704086412837,0.23560792884691512,0.19894606939258327,0.17247823390165445,0.1997001217908347,0.17522937886306506,0.2488043899463487,0.20448004588295035,0.2867438035286256,0.3954372008063432,0.3324564218683579,0.27380243256772513
2020-02-03,0.20572287564457575,0.19628681772403217,0.1726082034570555,0.16113352740720321,0.2523145288509829,0.20335856582226555,0.2896069443695878,0.23488048680579618,0.17623078518062749,0.25372645724804,0.2051240480331101,0.28137743378601815,0.3979377241109822,0.3326729428193453,0.36657576368294986
2020-02-04,0.2063624750039707,0.1995814107432323,0.17315730428552267,0.16734896071562794,0.2563325161202023,0.20330881572289186,0.3005004277883643,0.23228132587765452,0.17097305215345143,0.24205308835568456,0.21008832030232685,0.274980370835101,0.3977778393760953,0.3388291684582627,0.37126287632947264
2020-02-05,0.2058060810038217,0.19942482976416764,0.1741869264489948,0.1673824718423125,0.25639024757892204,0.20304521915524631,0.30080106187762085,0.22562617015920353,0.16947759174279506,0.24203523503311042,0.2224189209062811,0.27586022142972594,0.4002920084998024,0.35313686718209064,0.3743473574441361
2020-02-06,0.20625868915033285,0.19871059356244059,0.1728061975118505,0.16311013685348524,0.2569318740114533,0.20371295185595975,0.29908412008261753,0.22595396234015333,0.13775892867472836,0.23817605818680268,0.2185922557090944,0.27211184914753134,0.40102400407888017,0.35229225344844817,0.37503764196477624
2020-02-07,0.20771495720369199,0.1954293281110375,0.172832742828004,0.16372434407178726,0.260158794689181,0.2145728803399512,0.2990526708146991,0.22589209753464637,0.13552592757424445,0.23793081014304313,0.21694362552136304,0.26976121837793504,0.4002978370174124,0.35204895494534494,0.3816169221471484
2020-02-10,0.20622866029031806,0.19580985599449013,0.17458485425032544,0.16519808860100488,0.26491040499877194,0.2167628402538317,0.2991347864004561,0.227175560919473,0.1468492715699199,0.24237296049951793,0.21744876914624553,0.2670944382778326,0.3667113288120684,0.37352885055207813,0.38150486957488633
2020-02-11,0.20637218793483056,0.19582443346746115,0.1729431129721711,0.16567727986599795,0.2650568285361413,0.22529759313298206,0.3001606051811001,0.22608191205381428,0.14321329487142145,0.23791530208076161,0.21859190369582357,0.26915624067733634,0.36014366467831804,0.3654080754868895,0.3796408857733833
2020-02-12,0.21103126655458845,0.1956065685779798,0.17500659268991037,0.16324088624333882,0.2651006706377179,0.22529231690012416,0.3002351508091292,0.22859705183574613,0.14256571762909012,0.23857040597441462,0.21860484300250882,0.2702063808807816,0.3304686718601537,0.36282452651307817,0.379896000662495
2020-02-13,0.21091630601100844,0.19731421987888687,0.17468734707637842,0.1626252039079308,0.2653451094638901,0.2270982647666488,0.2998226343181962,0.2285166628486231,0.1425412257435719,0.2083880392416185,0.22230161836009443,0.27017683713352875,0.33007724320175175,0.3639746384805245,0.3786383562648424
2020-02-14,0.21117595028847538,0.19818491462052212,0.1744859751354125,0.1619307390430034,0.26544113563644145,0.2292167453540798,0.29979223284677714,0.2285098499192718,0.1418572989545329,0.2081030776375564,0.22169861271224822,0.26673829518805536,0.3358523431819095,0.3579828815647568,0.3793341501756886
2020-02-17,0.20828731104875228,0.18821923091234544,0.1706615770196879,0.15865289587752873,0.2668438624612204,0.22855183389111516,0.29986044862484235,0.22964818489023645,0.13796513481035602,0.2091544255221789,0.2216857838687577,0.26658944078742786,0.33389907309882194,0.3499204935633369,0.384657096758204
2020-02-18,0.20378818867775222,0.18870521959694359,0.1706659949860001,0.15743349758125075,0.26452893405426187,0.22869006934579847,0.2997956844857017,0.22775040262935806,0.13802565661284905,0.20631731851366777,0.22182905607633113,0.27438114291421895,0.31000851835452353,0.33702443442237107,0.3838545671181862
2020-02-19,0.2040428739991316,0.186750204005095,0.16650200825861128,0.15741021087498577,0.2709453786908484,0.23246942837451565,0.3013118001045631,0.23178235919945708,0.13807538747573933,0.2048076274227049,0.22042700657882694,0.27434922292867225,0.2962693342821757,0.33641091175320426,0.3928600629718887
2020-02-20,0.2044626296192806,0.18698125999627935,0.1661447193434359,0.16023008201317593,0.26869819336283374,0.2322959412313573,0.30135019191185186,0.2344504431103151,0.13680442636182136,0.20109107719962518,0.22115078205351374,0.274822543929336,0.29624878549521877,0.3394240948398113,0.39584713758401024
2020-02-24,0.20469004181871617,0.18665149132983042,0.166669801821418,0.16225598871550712,0.28165641415904646,0.23412370092897006,0.30375857937490885,0.23613840493872268,0.13754925670395726,0.20362609963475303,0.22742258933065057,0.2728089254661373,0.30365548522607927,0.360319452976203,0.4018923028142212
2020-02-25,0.20473554739636138,0.18549269348222017,0.16558001648784693,0.16152830355565567,0.2814163251517954,0.23376048835859126,0.3037895613761625,0.23377219049969072,0.13495225943492722,0.20582375203908232,0.2307920050401606,0.2727907166826314,0.30328293899211833,0.36087916541122167,0.4036604578571218
2020-02-26,0.20398148152559567,0.19027535903266493,0.16938043834808703,0.1597351026182175,0.27872641378797947,0.23376926443925775,0.30486092129511283,0.23458269318319194,0.13441020139610643,0.21381661776986305,0.22874710785236704,0.2715018819571825,0.29532719950188996,0.36027835783456236,0.4057415445533769
2020-02-27,0.2042225071703588,0.19061183089918357,0.18318460851326293,0.15972302819646136,0.28198085449247123,0.2334688203777718,0.3048873074631434,0.232201011041664,0.13344338802426395,0.22693854311856382,0.22856738897453388,0.2713960295665812,0.29613808356193294,0.3451259787355344,0.40727015682680495
2020-02-28,0.21814149841610542,0.22626481496726472,0.19770720306275416,0.2283512986237803,0.27825600284619184,0.23776950872767136,0.30496230545767783,0.2410976322614798,0.1386454111376198,0.23433323550575708,0.24761538889051782,0.2672824899852069,0.29836183453820747,0.3751543161701255,0.4126390010305585
2020-03-02,0.21974612662842025,0.22707422944155176,0.19710429561903547,0.22954819246176966,0.2830188519147261,0.24250957852148328,0.302832277989054,0.24418339308509088,0.13723165364003384,0.23313628494428038,0.24807388149842427,0.2673895217380072,0.2916179886460546,0.383938914991168,0.4132188274645658
2020-03-03,0.22036029207883678,0.22756826941706157,0.1983205184906157,0.229667037398904,0.30241478910973274,0.2617242842094763,0.3020902498772651,0.2446239873279984,0.14768893643552541,0.268896147223996,0.26603877825700817,0.26572638124411824,0.29114324917714013,0.4065365102877207,0.41372450323923243
2020-03-04,0.22079248065533108,0.2295732102846021,0.2043547521004626,0.23439493227003091,0.30236075218517094,0.26226720392166897,0.30784825095459784,0.24521717917318592,0.14962096775150846,0.27641558451794374,0.27880002562270917,0.2543682699914551,0.29194739594168345,0.409687977697947,0.41448940137044843
2020-03-05,0.22779898551848154,0.2297522270261896,0.2037360732498953,0.23759701353235793,0.3023103859973838,0.2577078088769966,0.3052513291526978,0.2445441352966448,0.15560884167062594,0.2763843731145717,0.2786128192406311,0.24972977114290965,0.2940221318220937,0.4091474102590087,0.41466774275020973
2020-03-06,0.2271190516877608,0.23337647776898515,0.20994727526001475,0.23891558410070204,0.3075069926644368,0.25618227230322027,0.310261592731418,0.245540254479461,0.15811302589742612,0.276766219529833,0.27868816574321764,0.25480515893646705,0.29515151976578174,0.4289370642378271,0.41735828998802843
2020-03-09,0.23332286758575066,0.2467485187773134,0.22530577243931652,0.2583935283700845,0.43697057060915645,0.2578469442083763,0.3126572470342842,0.2515258393573073,0.166542540091536,0.27820276540312744,0.2882590696106416,0.2626785082738462,0.30953752195172807,0.4539066333468555,0.4348253953905428
2020-03-11,0.23257059790264945,0.25105839246664935,0.2215531625367197,0.25818115812302955,0.44035119735189854,0.25669468151981123,0.3106086246028298,0.2509582010767876,0.16994623774610815,0.2790948331667102,0.28478221676479126,0.2577375997390619,0.30478986527662283,0.46999229180964214,0.4341804719498114
2020-03-12,0.2807337865621016,0.2989707535768681,0.25707584921392773,0.305966025078703,0.5036219128258779,0.30747686804978286,0.38040541421143526,0.25825229959200596,0.23330542106917518,0.3222328079350255,0.3034977270492502,0.302085741047224,0.32785355684194145,0.47503107607978107,0.4955272896830133
2020-03-13,0.2805183096802811,0.2976249151651936,0.2565040043582944,0.3065307484791573,0.5209359042816738,0.3190797160934274,0.38991805929093476,0.2700733147214434,0.2348005490582106,0.3663290726844399,0.30438714519077115,0.3017726441128184,0.3371525921093226,0.5488071896339657,0.5150313758624058
2020-03-16,0.3026800420050194,0.35006924819179236,0.308664537888351,0.34389283826899214,0.5440372461481562,0.3506106917367021,0.4249670285692054,0.2826554689265993,0.2366437278355502,0.37081346763508766,0.3054434947656969,0.30614539031507887,0.35672801285172934,0.5914772886134502,0.5556079428031709
2020-03-17,0.31356260734590785,0.3618926437464581,0.31491686098611343,0.3444080570612089,0.5433082856239559,0.35463167149429414,0.42703732259005067,0.28305396157259494,0.2366027561135537,0.3703018130829271,0.3072123623083781,0.31290848777377606,0.35615141199667466,0.5920673143391989,0.557296418457583
2020-03-18,0.3845528386689863,0.36792113401671356,0.3140830357751502,0.34729873641763703,0.621648745281862,0.3914608170953059,0.4285078676221692,0.3052768377119351,0.27239374110841147,0.37193352096393073,0.31806243681858193,0.3750775789835924,0.37932634346195687,0.5865200504460251,0.5583637546485457
2020-03-19,0.3919259435215083,0.3711048240251707,0.3223018378241049,0.3849732198850187,0.6512016072760363,0.39384941651492816,0.45980437976623734,0.30834311403756964,0.30761940859841913,0.37200401578830466,0.3177246238916828,0.40832746339125275,0.3907943057108031,0.5882618898682845,0.5795450092231995
2020-03-20,0.403652071704659,0.40357645198640174,0.3944308857094319,0.42981626438712867,0.7642394456672371,0.40300196468828914,0.4956476073355792,0.3488056328464364,0.33863766366329057,0.3732613310590382,0.3844152504110177,0.519948500936469,0.3993233007094716,0.6250384528438779,0.6121390754572846
2020-03-23,0.47833914597188965,0.44985253189730434,0.40514584499460254,0.5288652508201603,0.786927535898275,0.4165760297875246,0.5498702352227347,0.389509952398705,0.43106738206784784,0.43434189624634645,0.39465914307664623,0.6042597021603298,0.4672667725067625,0.646501310120742,0.639513412402349
2020-03-24,0.4921511409263905,0.5172267909330196,0.4142211145501456,0.5338200086474869,0.7918470603842377,0.41840854198186295,0.5517327026461547,0.39916587474300713,0.48806108448533453,0.44004980326522275,0.39963798046847226,0.6010042042506453,0.4659587237691204,0.6464523584632184,0.6386982770637344
2020-03-25,0.5545464487488992,0.5210784189955036,0.4136894134534511,0.5442651840208618,0.7918301441723131,0.42417761973619683,0.5513924486791941,0.42528083752285567,0.4949279110068316,0.44715364699925403,0.4021867106562825,0.6034554460214849,0.4831321545106438,0.6581263987300606,0.6422693122731772
2020-03-26,0.5718193950004073,0.5370010911691393,0.4263705901697652,0.543659598793141,0.8012299782465185,0.42104577792659387,0.5690612497176366,0.4305155954288836,0.5094286193134836,0.4494310074047667,0.4024029155443965,0.6052836583645987,0.5224453970773982,0.6581166282600732,0.6918471904922917
2020-03-27,0.5735093161837008,0.5377516166085248,0.4260654138165492,0.5445029612468089,0.8012722561796642,0.4289971486948979,0.5779417848683323,0.43122899428663947,0.5110349038835372,0.44920970674390964,0.4030981811113927,0.6100630118817362,0.5312214502961172,0.6591163078028335,0.6921088601663252
2020-03-30,0.5926936589088463,0.5434730179276648,0.4261500394081436,0.554049078376563,0.8009394830945381,0.4292951015183813,0.5785803775304866,0.43727622911486125,0.5123497065204188,0.44983383233709234,0.4064500625772013,0.6115951672168897,0.5375145176419738,0.6704923513822376,0.695935532305466
2020-03-31,0.5926980960506,0.5448625931700181,0.45041922837891113,0.5761785880590248,0.8203975786573219,0.43496751220330826,0.6040324587646317,0.4441273516985087,0.5444851834370525,0.46498442458409234,0.4150018253829748,0.6174679370439391,0.5396116769392019,0.6859971403456661,0.7060188503019011
2020-04-01,0.6176913348555821,0.5576805199541855,0.45514073887364415,0.6060470080379763,0.822403025456114,0.4400761013806107,0.606107399075472,0.4514428962929653,0.5520970873992257,0.46685659743539787,0.41544270720840804,0.6225375912655339,0.5467213358419079,0.6855134179636764,0.7063778339518153
2020-04-03,0.6197488083120554,0.5596178958960236,0.4633706907853841,0.6074644704004878,0.8350359316758312,0.43879741759176305,0.6247737775609544,0.45726921602894305,0.5519175188139257,0.5069508162522768,0.4166089574358312,0.6526446783423185,0.546515562304039,0.6893505214912649,0.7040236446672647
2020-04-07,0.6300968074020744,0.5913421282488283,0.48591916301161714,0.6202218435043656,0.841154970539413,0.44353509701697874,0.6267635437118374,0.525820742911316,0.594632272857817,0.5560736534089055,0.5022865645717617,0.656209867330839,0.5874935027329669,0.7178943730977332,0.7217885530256543
2020-04-08,0.6297504359096946,0.5909534719872503,0.48629989561964193,0.6214217546676586,0.8428782134764232,0.455533399052184,0.6269083999804154,0.5256587344035838,0.5959379862523724,0.5641874957694428,0.5045996544581424,0.6596184421612534,0.588804938059714,0.7160871249672016,0.7140697651647815
2020-04-09,0.6482383214790786,0.5902916107140094,0.4886593557550428,0.6225481448873796,0.8475220662939256,0.4582275193980305,0.6319182638498194,0.5257493526119194,0.5962515651735109,0.5699217418295358,0.5064383824150648,0.6601615890791634,0.6003736812484188,0.721451583718467,0.7337710281245519
2020-04-13,0.6486192103177106,0.5811852198427522,0.4926026557867668,0.6242687882556331,0.8482617038115249,0.45928203613992363,0.6325334844279301,0.5268293952051191,0.5988738371757288,0.570889321946299,0.510253127098953,0.6601664941935671,0.6058474876173209,0.7191714873381404,0.7371204405634906
2020-04-15,0.6592031470693843,0.5811803784496367,0.49213282059966423,0.6257320370240079,0.8482700065597839,0.45923379623980787,0.6383375895327978,0.5330312601742971,0.6060359760795521,0.5741386602845979,0.5106211117440059,0.6733119490964034,0.6059480337214325,0.7194947572897809,0.7368759121117855
2020-04-16,0.6622774298663795,0.5825944556060865,0.488690967017084,0.6294164144330788,0.8493282955930717,0.47662397190791284,0.6388508833151475,0.5364413593745365,0.6059884639129799,0.5776237014363208,0.5100344651664047,0.6796407021841572,0.6075062038208116,0.7201604280738537,0.7399714413753063
2020-04-17,0.6703562800584322,0.5829891921663177,0.48794335433400626,0.629391468378236,0.8499969622846171,0.47578955884958773,0.6393612290587927,0.5376953670914948,0.6054374858033292,0.5784965635226563,0.5106917349954397,0.6742517173601856,0.6070854762135858,0.7216062394501128,0.7417988217770485
2020-04-20,0.6703383609834686,0.5891836262563839,0.49088319458307406,0.6335870751665285,0.8510505232594011,0.48247147022512077,0.6436165379398313,0.5396516825252382,0.6052601118000218,0.5823972426699602,0.5103239474232096,0.6834757664726115,0.5989535857843753,0.7220762613313302,0.7406701036753806
2020-04-21,0.6686565430907806,0.5920852235272414,0.49126089131723427,0.6344604080096925,0.8585264655900511,0.4812046394776653,0.6431422722383037,0.5396001563306635,0.6056755477004383,0.581805153975703,0.5168901229802721,0.6972675881667663,0.5994196042751978,0.7336514209757168,0.7406950876729866
2020-04-22,0.6702762248038723,0.5929057677415208,0.4915131187170569,0.6351957862278568,0.8647140365773079,0.4811462305359754,0.6439375214906191,0.5437086393263153,0.6091903669513847,0.5816642256765151,0.5168931811327859,0.697267572258696,0.5993148585561152,0.7333193424097725,0.7414677186309822
2020-04-23,0.6935170039441623,0.6052893969541482,0.49289879753305166,0.6359622959645953,0.8633146746687895,0.47609157935230156,0.6440287310054694,0.5436609624152176,0.6091925458386491,0.5816782490179507,0.5174467923903375,0.6995946392977724,0.5996511378297811,0.7339250212746402,0.7445413566942193
2020-04-24,0.6928007578362144,0.6069367394560115,0.49242292736318716,0.6394319219090713,0.862722940794324,0.4763701484966879,0.6439991243913299,0.5437060799994337,0.614426750208356,0.5823714853654585,0.51727107603206,0.6967397164315156,0.5985549416138557,0.7328343675091283,0.7518115859440097
2020-04-27,0.6998984815238962,0.6074546681492949,0.495979804378314,0.638123600656172,0.8633150029906147,0.4758190242139022,0.6439447612986983,0.5464847322932925,0.6239090422766443,0.5823751856329736,0.5175237447930168,0.7029251674628562,0.5985477763251635,0.7338311707875447,0.7572917527653812
2020-04-28,0.7006873730563041,0.6074526822695061,0.4961881231833854,0.6394637320892224,0.8640269226302257,0.47683411869707615,0.6435382768799824,0.5484356170604116,0.6246083935313282,0.5867350653405577,0.5088164571047943,0.7020742105005756,0.5983231170376263,0.7308718548224394,0.7631181973632442
2020-04-29,0.7005652723370694,0.6097770198398479,0.4966074453885579,0.6407556328270265,0.8655322649710444,0.4766485457216561,0.6440984579265914,0.547299292043546,0.6246098412433936,0.5866177658708346,0.5106743223076144,0.7018821627139707,0.5925488448349389,0.7333503951942766,0.7662649038589945
2020-04-30,0.7019988399701614,0.6208636665092433,0.5114741591585249,0.6446627825271152,0.9108721878602125,0.4899928482832417,0.6413504981388453,0.5464751460667046,0.6243093752105683,0.5894855324867817,0.5099374189371301,0.702335752904116,0.5970943447738123,0.7432078659218723,0.7715116509362511
2020-05-04,0.7113711122754375,0.6316475587758001,0.5096474311740323,0.6623689929568255,0.9138363983273903,0.49517181687408607,0.6465206406326716,0.5473696697527834,0.6261880842728758,0.5881422321914607,0.5099706965401666,0.702872974537271,0.6010904621105327,0.7597649721514187,0.7912317925594232
2020-05-05,0.7081442961165604,0.6315892538622284,0.5120784526779794,0.6618180400832593,0.9088193236526142,0.4961236758710208,0.646298134386748,0.5467927315854674,0.6307982419198641,0.5884389967052094,0.5127343345536802,0.7028269316662302,0.6009823184690755,0.7591628184186106,0.7920141857884028
2020-05-06,0.7083798978571518,0.6316260127458009,0.5134325311425675,0.6631282898676294,0.9036770171545693,0.49696453364742854,0.6124337341018304,0.5332266626295729,0.6305321149893419,0.5825996031525411,0.5126075585600802,0.7034280734139364,0.6023363184080525,0.7609562036999292,0.765389357541165
2020-05-07,0.710672069281251,0.6288808289977538,0.5130160899454758,0.6624507473188289,0.9063066327392019,0.5032214307247259,0.6068156085102373,0.5334509814300399,0.6324211770018435,0.5816583668993683,0.5096850751346526,0.7046611555953504,0.605599515744132,0.7557330346653633,0.7511199872629142
2020-05-08,0.7117924827633987,0.6297114916332139,0.5124339449872762,0.6685127343869134,0.9062729974026857,0.5083089999601847,0.6071642784770782,0.5387504953005143,0.6348165887700863,0.5861547715849973,0.5087430768518374,0.708842655876946,0.6030467953757063,0.7459189798101818,0.746689105365564
2020-05-11,0.7128361073724807,0.6296191026209438,0.5122878862194796,0.6682539639240946,0.9068071469523555,0.5078236965010015,0.6069874722186891,0.5394389705325472,0.6361646084517953,0.586547664159548,0.5137345979972169,0.7088599156645753,0.6013163948406085,0.7465649433592764,0.7489845216618495
2020-05-12,0.714040751695066,0.6295749074919308,0.5133387029914612,0.6680445309208306,0.9058166206899475,0.5181169536767487,0.6142031066311024,0.5396555998986952,0.6371790906227214,0.5865508104969673,0.516657747449586,0.7082736745082273,0.6072042922463968,0.7464665206745569,0.7492174353421891
2020-05-13,0.7161407707927693,0.6298978546740303,0.5143396823321563,0.6702690400448215,0.9061245635384211,0.518531466775542,0.6139640339020243,0.5513360580210515,0.6344767580911613,0.5866525492011275,0.5163334351762633,0.7084805624149478,0.6074187749734851,0.739979877257504,0.7532772693290263
2020-05-14,0.7159942175885159,0.6384410953614056,0.5152769524826888,0.6767567955019174,0.9072821983362366,0.519601009437955,0.6134966160931683,0.5519542129163848,0.6347784563939984,0.5866334786322073,0.5169655080595099,0.7072870082807098,0.6102826305703866,0.7411915430856838,0.7543957354443681
2020-05-15,0.7140213994250287,0.63813615797504,0.5142907220053986,0.6765618688247309,0.9072926001600689,0.5212769367818076,0.6136509991635128,0.551221164689203,0.6347842116138512,0.5873598848046534,0.5169750420224938,0.7147338974426607,0.6122538873414122,0.7423304823080434,0.75555632674686
2020-05-18,0.7210118371319709,0.6385563153660236,0.5143638487378668,0.6759738771477906,0.9107626110438908,0.5221296720620549,0.6136967321583559,0.5517086193475562,0.6348998976584416,0.5884681220313539,0.5123696016572772,0.7260653329469423,0.6153623564076052,0.7430736582130814,0.7593592289225595
2020-05-19,0.7222931166245028,0.6387398036619256,0.5154597183477,0.677130061566413,0.9187836008745437,0.5238878437428356,0.6180921655250878,0.5517894685940344,0.6343364980926504,0.5884446142185107,0.512121051926873,0.7261349441200168,0.6505587700083924,0.7450113462785015,0.7587870969945072
2020-05-20,0.724858361930453,0.6386670672061743,0.5154153172690025,0.6782482979374564,0.916955227672819,0.5245889409015428,0.6210143625928277,0.551370633834788,0.6343923198741318,0.5902933205973511,0.5240375663235812,0.726492653933855,0.6508518189776227,0.7510820158913183,0.7696614242891646
2020-05-21,0.7248078036270899,0.6382726042871392,0.5181816966283298,0.67790369453501,0.9171996820053664,0.5272981837570956,0.640641483235353,0.5508600355434884,0.634377730267641,0.5918380840613247,0.5244238439793515,0.722039727462977,0.6476330013933163,0.7511323834708573,0.7696692478676425
2020-05-22,0.7250073952150959,0.6415539999437279,0.5168310153729132,0.679623890787943,0.9158437106063585,0.5251944679249462,0.6404946491236269,0.5489090892595182,0.6352698226750562,0.5910067992895204,0.5246159814473608,0.7219221440217177,0.6472956458430701,0.7528142621926953,0.7641650067202609
2020-05-26,0.724970576603096,0.6423130184960535,0.516806490526638,0.6798426565190839,0.9158646763657773,0.527700260735918,0.6433107975009378,0.5508237013539963,0.6350249721760572,0.593228777282803,0.5246471847605769,0.7252164894100138,0.6586612511744274,0.7524759441615135,0.7637054464899405
2020-05-27,0.7356976945824757,0.6471201840643868,0.5362000418033714,0.6802761454865067,0.9116407774298716,0.5287166026157867,0.6418469901676022,0.5501935887895756,0.6356034080573582,0.5932930643513675,0.5214769674876232,0.7259519189570821,0.6557655380108598,0.746029995126981,0.7619638959255219
2020-05-28,0.736240590422746,0.647108049745618,0.536357469113214,0.6810102300005202,0.9119601131181574,0.5292098789863646,0.6419320328312749,0.5510838437419072,0.6385356159956449,0.591749108491907,0.517232644142931,0.72597743018988,0.6555574569389456,0.74776906789114,0.7677477378655084
2020-05-29,0.7362346056446238,0.6462336152159214,0.5544198902738408,0.6810326446194559,0.9183538140032226,0.5312694311926126,0.6450968411314474,0.5543874033874383,0.639200938110097,0.5888392429266361,0.5243139221907133,0.7267207865097608,0.656800346232246,0.7476617712784445,0.7743185647603725
2020-06-01,0.7373454002369138,0.646718312910046,0.5505829127309243,0.6838927712344013,0.9168963658491651,0.5312785364166898,0.6457465560062012,0.556259788683165,0.6396123280585486,0.5868478862835177,0.5287346137970954,0.7263211944830135,0.6568406873064572,0.762164441575366,0.7744134694783846
2020-06-02,0.7517445029608639,0.6355520206011126,0.5432304361548874,0.666406530932474,0.9163037537616621,0.5298120302205388,0.6467435120749713,0.5529510379922687,0.6380374921814874,0.5802244013450341,0.5198731066792908,0.7237802479785465,0.6559269762635852,0.7479734422134227,0.775571998150716
2020-06-03,0.7546696419187514,0.6353328144565421,0.5449019980874492,0.6660624190494642,0.91490700012657,0.5291552242430545,0.6462910168583045,0.5532814727871772,0.6382570306232498,0.5795258874378502,0.5197608201557246,0.7238480105415185,0.6560678668588382,0.7422787227450761,0.7751061120708296
2020-06-04,0.7573160922957548,0.6353780755121383,0.5463362206481441,0.675357097461669,0.9107260671820331,0.5193729503606743,0.6469346867848338,0.5532745386044057,0.6379516939475984,0.5704153402178409,0.5124620558452595,0.7243951845193903,0.6601492634822971,0.7298257912055681,0.7743158840775434
2020-06-05,0.7571347807725708,0.6346546725654734,0.5447772944403281,0.6727215291799635,0.9118030478086996,0.523013012323574,0.6430384189094517,0.5530933489532822,0.6376912959529704,0.5679803438158775,0.506681150531603,0.7231958786442363,0.6608596513209105,0.7387054513444976,0.7742240225115086
2020-06-08,0.7547394449815862,0.6365850545071784,0.5495386920296345,0.6732926304367175,0.916257644454397,0.5232153317687511,0.6436410084575468,0.554105910542139,0.6372714797032955,0.5686658793317839,0.5081287261386944,0.722837217784595,0.659942543238893,0.7393288846777205,0.7757443154122038
2020-06-09,0.7558233990949085,0.6351663493385384,0.5517397558675597,0.6723367156087203,0.9114867340999752,0.520889270284072,0.6394717028629053,0.5549442844946662,0.6363901731987589,0.5694329740272265,0.512888011073588,0.7217451333336433,0.6623218638055821,0.7273953599413443,0.7720375369246582
2020-06-10,0.7548160510184128,0.6275460413294721,0.5452339016128428,0.6660177732582957,0.8492864946883533,0.5190824707847926,0.6369326406611808,0.5525237671041209,0.6339604979019864,0.5676135001517231,0.5065304411731802,0.7197815988924068,0.6552683406207622,0.7084785644428945,0.7636494571501821
2020-06-11,0.7561099723396595,0.6260629986366674,0.5465538500048126,0.6685634022964025,0.8455471096249414,0.519074537685811,0.6388924945073138,0.5527134448441916,0.6333306687648302,0.5770752268865773,0.5053274700129182,0.719752302875914,0.6579517235691719,0.6967039922066679,0.7663840927896726
2020-06-12,0.7398823380766709,0.6040469019324503,0.5313308917422248,0.6500055924796123,0.8027842759872077,0.4892079526832047,0.5919511594966795,0.549122211918708,0.610739325997587,0.5496135918275769,0.4933631647261931,0.7091819405647443,0.6459137247870089,0.6914188974671793,0.7264025047366002
2020-06-15,0.7413072950347197,0.6034807018946765,0.5338021178085013,0.649831439266629,0.7968167782125198,0.48911336187479976,0.5921078837752329,0.5434899507493676,0.6093832915609984,0.5257471011381882,0.493308516085601,0.7092182569132364,0.6373466871262276,0.636893420216987,0.7228770667460106
2020-06-16,0.7332065186565732,0.5715960265246921,0.49916015589571977,0.6316809666684831,0.772797339307942,0.4645135552959952,0.5586521829692439,0.5366259532258757,0.6075678925102109,0.5176618593581782,0.49057714991907464,0.7092043329871823,0.6265862041695307,0.5917101820270092,0.6888469705137131
2020-06-17,0.7294955585810354,0.5611164283795465,0.4940229987642048,0.6312841894615054,0.7725490575209162,0.46119090711949395,0.5606839700986397,0.5369224196083171,0.6074790066167054,0.5176604230501223,0.48892853169935063,0.70692630957168,0.6274519991114345,0.5894105264023094,0.6874975361145681
2020-06-18,0.6961133101232245,0.5545542567608789,0.49183273211709994,0.6290347701693156,0.7256359200459636,0.42472842651857007,0.5630552476902959,0.5159388261146196,0.5880166729938328,0.5153065266173211,0.4790294117939544,0.6749160603522791,0.6113645177868515,0.5922916034239176,0.685157001356525
2020-06-19,0.693235589591618,0.5547332290665288,0.481629435570807,0.6035569476654525,0.6896290938008219,0.42006604585926854,0.5450095265216857,0.5113155423482669,0.5642370039520076,0.5147409999369117,0.47671254159742477,0.6537277221458185,0.6066053897842256,0.5878993468660725,0.6881696805792343
2020-06-22,0.6927603585358256,0.5367348144922484,0.43839894247206795,0.5772708800296872,0.5830901848230109,0.4165968980891093,0.5178481614109708,0.4873925340895734,0.5520201573678435,0.5145813175604467,0.4320634567374006,0.573668788895375,0.6025148057939511,0.5566240488279097,0.6664455838410038
2020-06-23,0.6371567673911588,0.4922448550850278,0.42387692524886994,0.48024129597245085,0.5381875199037854,0.410158144621508,0.4508946140146461,0.4539527058352719,0.46878628407751105,0.45326597733845253,0.4198612180196432,0.4800284117563772,0.5446656252268561,0.5239691488535492,0.6406086650713084
2020-06-24,0.6347610910680022,0.43147667998441047,0.41980887117181725,0.4759680148195555,0.5399035726843376,0.41840976696791365,0.44925787576705084,0.44762404824080426,0.4233742234476497,0.45735784341740304,0.4190770289971808,0.48007144174396177,0.5511608509875885,0.5258751594284282,0.6435933156662492
2020-06-25,0.5897212262433933,0.431031822124989,0.4189454247508318,0.46795572066250823,0.5403975664471105,0.41645619061811723,0.45820984379632634,0.42487425123645867,0.41891445274823036,0.4528501183071406,0.4187949841053302,0.4791740786807856,0.5386574969050363,0.5154865564520429,0.6440090350170918
2020-06-26,0.57869231690254,0.43549954622779785,0.4144822389710259,0.4659589882666309,0.5343766927927668,0.41660453100600153,0.45034670109188674,0.42064300470580196,0.40598860347962995,0.4499626719213329,0.4190171016723667,0.48287501358663015,0.5033958586567066,0.5150043095607636,0.6024766681128502
2020-06-29,0.5778601991165853,0.43777057062111246,0.41881384857292325,0.46945086762046173,0.5366330853286835,0.4119350453523563,0.44303946047000947,0.42008603315914356,0.40251245029554344,0.44978622458796363,0.41834931403469827,0.4763204913429861,0.4929212661384506,0.5123212951221012,0.6040469373262953
2020-06-30,0.5560648982931334,0.42881688160236825,0.41887742830852126,0.46068381782658,0.5359582189563282,0.4105182410259186,0.44057738740062313,0.41720657356262153,0.399892140719394,0.4503227804259459,0.41679449243970623,0.4595402632839406,0.4856108966379304,0.4802883409676319,0.5934246309655102
2020-07-01,0.5561295131695208,0.4270625473666493,0.39658623390623915,0.4352969862885824,0.5145198291011979,0.40998384865575266,0.42012793145036403,0.4119244819214647,0.36592557724917896,0.4379077864197343,0.41031204529220133,0.4573042277669918,0.4842221623512867,0.46634596934967215,0.5853580493976945
2020-07-02,0.5239793564392271,0.4109015576935785,0.3906199880223004,0.39043999662170176,0.5082744937906092,0.40150307638534616,0.4147056353068455,0.4031997706279793,0.35049785153228685,0.4335449030613302,0.4095256258144452,0.4506173014164026,0.4737338265429094,0.46950040022606937,0.580793707724127
2020-07-03,0.5181963320295963,0.4052578349688035,0.3745436207478347,0.3893194447920035,0.4936394841736916,0.3996046981330743,0.3919528026181321,0.3962112285548036,0.35039169679222965,0.3923296086000701,0.40877439114692476,0.41179642052067633,0.4794623715262188,0.45888247779193403,0.5813088320775176
2020-07-06,0.5092021627420668,0.3634352086217767,0.3523790828201489,0.3761517888107416,0.48721775298693665,0.3970875276694135,0.3909463753125172,0.2969643878078553,0.28467726835167656,0.3245566480643049,0.2977399867712758,0.4096736469517384,0.4290680324760231,0.42726897311371437,0.5652517678374435
2020-07-07,0.5086771280153384,0.3694158424543044,0.3526695607047615,0.37518022597943684,0.4881642183603399,0.39223431102937084,0.3940987415062895,0.2965481958235205,0.2805266697019161,0.3115402275417614,0.29514979975264716,0.40549302768571693,0.4286916179653583,0.431058604567071,0.5631548632444335
2020-07-08,0.4887066208649747,0.374032695647607,0.35156803407022785,0.37169526343094944,0.4826734177036652,0.39162878038783555,0.38792947797261845,0.2968451837480742,0.2804541816767633,0.3010301360451988,0.294598244128237,0.4069858475310533,0.41407474047563153,0.42582131161008235,0.5467761700214484
2020-07-09,0.48753622081001735,0.3741628495878031,0.34188570619817865,0.3653102009405927,0.47952941723578735,0.3900778490970826,0.3855061617138894,0.29538103616492284,0.26899301483380195,0.299158170558789,0.2863881372218703,0.4071184287959997,0.4037516134552344,0.42894110530549107,0.5308476417330869
2020-07-10,0.47041141337180065,0.37423108292458035,0.34007817747058416,0.36422203477760373,0.4811697044084284,0.38955483298841626,0.3765485618159484,0.2813995288391898,0.2543722180381903,0.29676653610279163,0.28458961965330376,0.3863980324081292,0.40397133564629684,0.4308221981722982,0.5312757841968269
2020-07-13,0.46406819465944926,0.37106168224026115,0.34287920694963264,0.37056880923784435,0.4804024786376984,0.3708328146871579,0.3759847551482878,0.2733133675851163,0.25573936109319334,0.29066589757444666,0.28338027746469874,0.3769993840409716,0.40313331898234656,0.43056342602319925,0.5273401333950792
2020-07-14,0.45837447087907673,0.3736901540236517,0.34385290579903544,0.36890829555270777,0.48180693596990143,0.37401718866308575,0.3762769096751334,0.2655514607593894,0.2591205063913612,0.29089705251406067,0.28441690069820136,0.3700784019782811,0.40313776413163216,0.4315531607081762,0.5276638026769574
2020-07-15,0.45831187596865247,0.3849180234650788,0.47512207157115555,0.3686053340369867,0.47855133782628506,0.3663178764666272,0.3671607559257582,0.262308123043565,0.25948877840805223,0.2822036259031864,0.28184342439874566,0.3535298944500419,0.41066366706356083,0.4281547035160284,0.5279479249487469
2020-07-16,0.4521296225725115,0.4215322252128852,0.4730640318133086,0.3696006245019367,0.45977399581537304,0.3660902210278473,0.3709373281742526,0.2716952177586691,0.2666552655076918,0.28270795691964706,0.2730562681432917,0.3256754519168225,0.4089926613382945,0.39896646986398054,0.5275094192484119
2020-07-17,0.4508321096788021,0.42242081954426386,0.47335062377396175,0.3692930654284848,0.4553885366346781,0.3681547624726087,0.3700517680223541,0.26289564746973193,0.26532069560459937,0.28303089602801557,0.27295623272575814,0.3369377263836335,0.4091109212744413,0.4015831902841352,0.5282441752738037
2020-07-20,0.4175951045104669,0.41257538413365785,0.477006418607267,0.37625937936470333,0.4520345935135162,0.3657989987627226,0.369768633278208,0.26181271205190537,0.282417957020777,0.29466778135566946,0.2728576251504462,0.3337981220577295,0.4091022729690391,0.40155226099518954,0.5257892072551453
2020-07-21,0.4213233789976359,0.40528976876764533,0.47438442331750946,0.3663239188875011,0.45458337481953187,0.36517648927439567,0.36974469203492205,0.2618086950711153,0.28065411654093264,0.2939696651805865,0.27422961971046556,0.331853390459646,0.410337896561171,0.4013963798262633,0.5087743476072091
2020-07-22,0.4092502510269664,0.408846055293864,0.47631211535062556,0.3657428952068819,0.4542214396789237,0.3675786198120649,0.37196306850008154,0.2539628404195361,0.26089405961342665,0.29361019030524194,0.274265291315549,0.32143718522789144,0.41028922198517703,0.4056581392937489,0.5036424769216243
2020-07-23,0.4104736098767152,0.4095858556346693,0.47464878756267903,0.3693352918546258,0.45399354535105624,0.3648450759969283,0.37373595512347796,0.25061995588938163,0.25829215943487,0.28592953231660373,0.2757082047589818,0.3283530844381841,0.4084462603014855,0.40562939432067957,0.4980484131687486
2020-07-24,0.4122050428342649,0.40844591489871,0.47490265306860097,0.37301762919262155,0.45531126614389755,0.3657981477710249,0.373279350643354,0.2504498796404302,0.2584294340697258,0.28843940775970944,0.2751722936203341,0.32926384017645993,0.408005004369058,0.40338181421525104,0.49844426296890265
2020-07-27,0.4119190831124447,0.39668106218414556,0.4641202673855913,0.36925769328591324,0.3650089136378876,0.350404585584229,0.3751927326358072,0.2453347865144953,0.2600329782994586,0.28592671946841214,0.27509940258618437,0.32724164928142757,0.4016081140766177,0.3902422847499398,0.4941216386622279
2020-07-28,0.4044562355154423,0.3742789829138279,0.4650778368435214,0.3291909756359041,0.35506133950417035,0.34263457280192006,0.3629402075383466,0.24129392784611553,0.2544370118852536,0.28742770499535086,0.27562388423099454,0.34648470015520705,0.39576572462025883,0.34754429902267103,0.4601470069051929
2020-07-29,0.3987515795013972,0.37540182897307006,0.45851718996903557,0.33037373439977236,0.35174570545814743,0.3416787231225931,0.36292049655326597,0.2484577146874164,0.24013227097209233,0.28732814069823237,0.29697978625685695,0.3471340432962343,0.3952665904159259,0.35559438835340285,0.4495788084533298
2020-07-30,0.39881993309195474,0.37355154699591037,0.4597702721060352,0.3302861433934127,0.35429228715062716,0.33992488489849787,0.3429432018512819,0.2482921232889067,0.24013310295020798,0.29487033136814145,0.31259395404856355,0.35005471756665724,0.39269903445447335,0.3580455424518618,0.4471433198945438
2020-07-31,0.3918860338272362,0.3731970313370772,0.4588624048171621,0.3292461897901647,0.341396182833184,0.32771568312689175,0.33998977368027805,0.24757594588315557,0.2327400583226427,0.3059543918494918,0.31230125954260934,0.34921166237213747,0.3865336258743453,0.35741537123793216,0.4470296506909949
2020-08-03,0.40137623809278644,0.37434247998301184,0.4586957448968187,0.3234924782838591,0.3472769227078102,0.3199029259194625,0.338061168615391,0.23389406751367467,0.23047839132542813,0.30203628592321835,0.3036170318233909,0.36808174326669557,0.38764707811217314,0.3571407995611245,0.44884065511968885
2020-08-04,0.39839697103788596,0.3751303461446697,0.45903025073983134,0.33003262142117645,0.3461602122984361,0.31979689728898847,0.3380057051492973,0.23260824974524008,0.22859011188012898,0.30269066185351756,0.2987458521232932,0.37979233429406206,0.387026047771391,0.35732336442603924,0.45006229707680895
2020-08-05,0.3941160928432543,0.3758539208887263,0.460289217775303,0.3306521882527473,0.34629404232106303,0.29646164869620745,0.32941658128343326,0.23252140665711626,0.22703534098589365,0.3027007552138046,0.29456505761506596,0.38000130734103854,0.3781344638977058,0.3754141880641483,0.4469261941681624
2020-08-06,0.39126114911230314,0.3784574483398709,0.4600616864904615,0.3299419135157396,0.34375805594237746,0.2946561273983048,0.32997876636610374,0.20503033435747256,0.2255428744008426,0.29741176192215885,0.2949388288562736,0.3784653350314984,0.3778972376218385,0.3809059440338407,0.44274936127704717
2020-08-07,0.3902081455420362,0.3631010213134798,0.4578491365301701,0.30791654142459535,0.3396294595908625,0.2835283978216297,0.32877301074488585,0.20245747025593927,0.22725230854018352,0.2987340052542477,0.2932723983620153,0.38174549250789497,0.37340587798873076,0.3735286285113105,0.43874131584370607
2020-08-10,0.3908007185201606,0.36189713764002646,0.4564034456299774,0.31053096837717675,0.3397406880661514,0.2873449354712841,0.3294315704875684,0.2016200235572858,0.2272590979272604,0.30299248023777686,0.29664494426768534,0.3738224224273468,0.36971511174799004,0.3732092549636954,0.44859883331606454
2020-08-11,0.37193522971714293,0.3617111544289655,0.4551896262632008,0.3099806084858677,0.3279460718557505,0.28395211197291137,0.33114594299481875,0.19996970230340763,0.23020470205530175,0.3003676651201964,0.29828414035287953,0.34743750689639297,0.36585679425898865,0.3672966535037566,0.4389406629164413
2020-08-12,0.3747150664543722,0.3617097377351507,0.45689835056171135,0.3118702524798717,0.3059468853471592,0.27968091317707167,0.32444369549124447,0.1998939439962209,0.23424372207043576,0.30315896089664834,0.3013211999226531,0.3530571956795734,0.28156952233400107,0.36734212772509034,0.43850726168118925
2020-08-13,0.37160581602208476,0.36219199712710365,0.4569017391449642,0.31150185788963847,0.30540749892334146,0.27797550175998215,0.32206923516263763,0.19922884362835522,0.2342163335937621,0.3013615432984497,0.2803834252211873,0.3530195815578504,0.2846234148807254,0.3613169891942019,0.4222607544284445
2020-08-14,0.3742296245374298,0.36224431742076196,0.45613484552924527,0.31173724670910424,0.3068239419723332,0.2730420880564511,0.2906361252853886,0.19982654498233465,0.2337555461005246,0.3004706169895943,0.27768330881636616,0.35366125916794083,0.2854814561865317,0.36136130228712754,0.42894373263605595
2020-08-17,0.3749616266087699,0.35889331009531683,0.45664412023137174,0.3170127099621526,0.31131624083471315,0.31588266178384794,0.2895794422280268,0.1996993260386477,0.23366457647346317,0.30079565367611383,0.2771321097913632,0.3537698353820188,0.28651768937305855,0.3520817794428127,0.4305300565757231
2020-08-18,0.3791668842448921,0.3558016583598692,0.45642492670027845,0.31533675368450276,0.3123744924979933,0.31291162504138265,0.28427472124813263,0.1924601412019691,0.23409419099961687,0.2969595362203962,0.27638788423021493,0.3495323570999847,0.2631733456218415,0.352145013680427,0.45100696273899177
2020-08-19,0.36381153806505495,0.3514103604226466,0.44096968556153066,0.3165560042922105,0.3128696452362698,0.3110133284756973,0.28430324908740023,0.19403181816124576,0.2338284817374387,0.2939269820778257,0.27707569461566617,0.3499618934120734,0.2655817182811199,0.3511638969295912,0.4509348882409578
2020-08-20,0.3646915170851136,0.3519544229418058,0.44302082000257514,0.31659277113212847,0.3189884166571827,0.3398759954298248,0.2853097249771525,0.1915871121998949,0.22620465921796246,0.29266735591680515,0.277301151896775,0.3498388701066566,0.26830119499372956,0.349128124076992,0.4433562334735365
2020-08-21,0.3644751500709586,0.3514126611974466,0.424192324024755,0.3165263712454103,0.29950103348421514,0.3504072318249729,0.27667920440231203,0.18472796949610404,0.2243064229546105,0.2878320622777369,0.2612747635579128,0.3501850027022439,0.26662655699773163,0.3502325710770383,0.434006127987296
2020-08-24,0.36924373687098555,0.3514072283880558,0.4242321010119665,0.31650063894490005,0.2989348846685133,0.35071014642971826,0.27486060544077345,0.18041968900666033,0.2225416263546861,0.2845556044516568,0.2535978037539543,0.3498634590352224,0.26685815085028575,0.32659454199913857,0.43691784435902165
2020-08-25,0.3362543489872198,0.352454342776574,0.4252540059944369,0.31843323779512195,0.2993265979301946,0.35135382879950194,0.27297123815072805,0.1808337472865029,0.22273332186534328,0.28540146092429103,0.2524293866805071,0.3510762817924523,0.2669832406697903,0.3284100738042235,0.43219722333760713
2020-08-26,0.3339460703571833,0.3516304609833627,0.4221264356214281,0.31936980776865886,0.29605945219412505,0.3488979924922356,0.27294537028433796,0.1742581194992811,0.2205554516421227,0.2852689703808181,0.2505248519145781,0.3510743282012721,0.27140669535583833,0.32758018378444237,0.4343613741996324
2020-08-27,0.32531104815864836,0.3520587739332648,0.4203832631571117,0.3039004903452745,0.29587199153202054,0.34895118919664764,0.2708590084291298,0.1729118439680649,0.21727400243636635,0.2755458573097167,0.25010517245175795,0.35086832514392974,0.25936365781915416,0.3275460496364365,0.4790666244670808
2020-08-28,0.33182369852103344,0.35318459933599416,0.4202338246079034,0.3057691885621745,0.2913711524395306,0.3450797251727884,0.27114018254391214,0.17261788495022556,0.21783180312562322,0.28906454944520454,0.25207207680123606,0.3506273630397562,0.26066003121572606,0.30844313528337725,0.4805319299566547
2020-08-31,0.34525980621963775,0.351643268980848,0.4153541003185919,0.30721649283396374,0.27793311449723673,0.36100294695628304,0.27420867556689327,0.17095238892842834,0.21989178935043718,0.3182472743216705,0.2559241022150408,0.35303466318171994,0.2632061508781456,0.3121502713918977,0.5092953851018867
2020-09-01,0.34349809117259517,0.3535719782817139,0.4073249560479125,0.30974043804231033,0.28418247853164225,0.36776213909375044,0.2742904085562682,0.17082592187958823,0.22061453740802933,0.31470448817591723,0.24672165708759633,0.3551012766165354,0.29038384500507547,0.3191645955193252,0.5102185910077294
2020-09-02,0.3412722308112466,0.3535366379405264,0.4068452255350202,0.30992166172471325,0.283209104770061,0.3682843763653058,0.2744983393772163,0.17269316863086548,0.21908465028135193,0.31595068455939135,0.2465989111216595,0.3554464164991575,0.2908742313584554,0.31531142719776256,0.5083032693545361
2020-09-03,0.33940654330602527,0.35113440715430744,0.4083014665315598,0.3065570024239294,0.2832660625261361,0.3693107066658404,0.26972063488756914,0.1796348850492008,0.2214191850900727,0.29867618395636175,0.24721819220057414,0.3549314276593132,0.2893904977238487,0.3049578831010117,0.5027653096703031
2020-09-04,0.33891944150683995,0.3513031675911543,0.40852282612215035,0.3007037650204671,0.27616524762259603,0.37405762138532,0.27504042467645246,0.18022929395464626,0.2229521399027324,0.3012818842580403,0.2516178437889788,0.3525196108784555,0.29299194330544504,0.317826804134706,0.5035386290408796
2020-09-07,0.3353249147786357,0.3504972424438194,0.4057624672729604,0.29921055325423584,0.27838149901328824,0.36898637672057494,0.266340907948584,0.18116579172389166,0.22281030184998948,0.3004759978626861,0.2552794831756798,0.35255673818256844,0.2925445006440946,0.30605539228631645,0.49257625579418596
2020-09-08,0.3339076384390839,0.3498202551055112,0.40547439746784836,0.29085208432894155,0.28295385302400095,0.37103508144535285,0.26530094844044405,0.1843371397453837,0.22249232003698088,0.30399739708090345,0.2578192448249614,0.34708356496068865,0.29956053440507396,0.3208698564238947,0.49330513413889315
2020-09-09,0.33162067605097323,0.3516251112076712,0.4033182116844974,0.290981023235397,0.28616715218059746,0.369886281809465,0.26625829671744383,0.1849716306773359,0.22043347594175025,0.3052389424820658,0.25974411935575403,0.3508080428621406,0.29183951400832725,0.3245761437703468,0.49104967183174214
2020-09-10,0.31728443404267137,0.3514808609972965,0.4032768065188869,0.291568704064939,0.2876966646647604,0.36897028997781367,0.2597419950727366,0.1854178908953678,0.22090498558819577,0.30522668218191445,0.2610216336729061,0.35054437012957873,0.2928303279840787,0.32489565883897487,0.48989765013231695
2020-09-11,0.3176796419499446,0.34979377767016334,0.40592311977000944,0.29303130604326133,0.281899743133268,0.3690817909045958,0.2582907706030645,0.1854993383166829,0.2217265925975959,0.30510120107561506,0.2610651360079043,0.3493262551312515,0.2896939420756638,0.32506899621108537,0.4520598001401553
2020-09-14,0.3090337796479896,0.35454988287530653,0.4122034058681936,0.29739342128729174,0.28177693631178136,0.36594979799053023,0.2582865152299536,0.18798341905880236,0.22368750425421616,0.30716336405105055,0.2617014464603656,0.3476186445449809,0.2953473414576073,0.325042600126266,0.4518745368799367
2020-09-15,0.30595227584264134,0.35249330712031224,0.41218633839384594,0.2965071971930107,0.2808794991048948,0.3460575247866712,0.25886195556176916,0.18052645358148733,0.22243690287576287,0.3088011190664867,0.26144991642659565,0.35160988743211147,0.30059399264380326,0.3235595231529002,0.4375239786915916
2020-09-16,0.29838493335468097,0.35237521690803936,0.4111683924380698,0.296652327828781,0.275518816359388,0.339431825490711,0.250660935208731,0.18056005952984922,0.22903442412979363,0.3049292252633043,0.2714754561383542,0.3516333039081914,0.29216916157117934,0.32056058179951863,0.43715177847031
2020-09-17,0.29411015079179315,0.348551710001305,0.41127322525327875,0.2953781098119014,0.2735538754504577,0.3396012826267292,0.22557426678620515,0.18043977562952276,0.22990280152837422,0.30603286257263385,0.2828066316331331,0.3654860430234536,0.2920551407536676,0.32173831763787386,0.443478914740406
2020-09-18,0.2909423352190801,0.3252198907646943,0.4078911583331491,0.29703348605011404,0.2673515619060783,0.3420083676189484,0.2149090369357644,0.1800490914623043,0.23033618791230123,0.30700872212439,0.35074434626018236,0.3602231969364913,0.3005115477515059,0.3226854263777178,0.44532313102361243
2020-09-21,0.29044260697668556,0.3203208242687551,0.4048837922070462,0.29062686479602085,0.2773384346778127,0.34291811046340576,0.2168633022214187,0.19787930343353233,0.246633956286286,0.31732902069072527,0.3599997349136605,0.3574937766522285,0.3176237747007655,0.34426808727715874,0.45984430996585807
2020-09-22,0.2914678209031378,0.3207349364424672,0.40480237060236457,0.2912984033274534,0.27983493715832947,0.3425225441592817,0.21599621042482847,0.1909281258029013,0.2431592281133007,0.31519505568582057,0.35914035328244903,0.36067051073380485,0.3175746557260848,0.34284276899382266,0.4591694093279571
2020-09-23,0.2916083743859414,0.32020241847367265,0.40439711976989506,0.2931164214821398,0.28366530066139917,0.34464150658491777,0.19697362901438514,0.18814631971970092,0.24153270457949477,0.3154534582371641,0.359699556399862,0.3567920647394992,0.3538396107908487,0.35043026417623285,0.458638561648814
2020-09-24,0.2950703426722674,0.33031019299912906,0.4103938215333642,0.313416358402995,0.2815710862720803,0.34936180711085907,0.2051086932152931,0.18848103765262178,0.241553592318759,0.32309311558873643,0.3621275309458835,0.3776273222731404,0.3589500603054326,0.35899042272268417,0.46092602631800417
2020-09-25,0.2953534176007872,0.33690290232712244,0.4134677283966399,0.31643027050325934,0.2909617911075722,0.35283812227333106,0.21177151270775546,0.19991354041583742,0.2448547638020406,0.3230722706213035,0.362892255231342,0.3841138442482565,0.3632305256948342,0.36037795809252327,0.4659661253440809
2020-09-28,0.29773965765378474,0.3370619461378763,0.4131578509030691,0.3138308483869125,0.30319564044711045,0.3588440345599816,0.21203204027480216,0.1993369581849886,0.2415304102782446,0.3336583717231552,0.36200007303344717,0.3832954925119231,0.36416495881895133,0.35979485963274754,0.47129549369867296
2020-09-29,0.29859863434434536,0.32947429039744347,0.41324988156573356,0.31628380854686333,0.3092598559022939,0.3585328027038765,0.2095846220032693,0.19898471258285128,0.23978986587237203,0.33410605414826466,0.360117343528639,0.38346916018438487,0.3644369788689948,0.35841057993512826,0.4722071011745155
2020-09-30,0.2980144774786202,0.32419199136251314,0.4122557625558977,0.3198796180301477,0.30917173889981053,0.35695717975524915,0.21045979176505938,0.2029560376502522,0.24192599702042653,0.3348549813114895,0.36072408418810187,0.3829218163129197,0.36924514697540733,0.36322375071655577,0.4642619063897663
2020-10-01,0.3032808099571496,0.3242093236822464,0.4117134529089089,0.3253068503494468,0.30831846892661435,0.35693929906852995,0.21049117068564305,0.2032875565341887,0.24180245725839147,0.33573011625624377,0.36296336036280946,0.38946517112846896,0.373176458173706,0.35918682310870326,0.46599985737738797
2020-10-05,0.302455248028032,0.32837400166322034,0.4299719662207776,0.3241533544275574,0.3060026848153681,0.3566640874831205,0.21089361444116428,0.20309090043375555,0.2404013241818366,0.33820207439215405,0.3630314952921764,0.3897070827002213,0.3729620116823219,0.3691349967000888,0.46730933040326683
2020-10-06,0.30400649141166924,0.3270351240663354,0.4300847235218544,0.30854938094446177,0.3058346976358368,0.3565651984125625,0.20767997218107032,0.20320785220386706,0.24018075877462913,0.3376419369630808,0.3635496751430348,0.38901016210627737,0.3697117531290488,0.37016822124109366,0.4636382415596042
2020-10-07,0.2991325733050288,0.3239010401155022,0.42885163618879296,0.3083593357614625,0.30590197270960956,0.35437804850450355,0.20731232954354092,0.20574435940903554,0.23788935849193496,0.3382243536333705,0.3625681327297014,0.39027514352613785,0.3693415220278861,0.3703320982790491,0.46478551395582823
2020-10-08,0.29890450324905465,0.3055674643518057,0.30152575198388415,0.30563223700668324,0.3100565545188676,0.35426577674931164,0.20569669370284338,0.20731903209509833,0.23777127107789509,0.3414108554512257,0.3631054933651853,0.3939352034763399,0.36102899609076394,0.37027373622321474,0.46245835570441163
2020-10-09,0.29442021328286827,0.23932009374854024,0.3093786699819911,0.29967848017703635,0.31556337149697106,0.3530657587498425,0.20116124925822365,0.19645542643283478,0.22824358311193532,0.3440827423008682,0.36042820184724006,0.3900013274585487,0.361203366748018,0.37115535069390704,0.4640894571852089
2020-10-12,0.29453346514494677,0.24127661738457382,0.30896631803538577,0.29950813825855715,0.2943998812374813,0.3511072335429458,0.20923360640565317,0.19487722507476177,0.22525696293361583,0.3437753365331568,0.360052126948352,0.38333815671464383,0.36258498368130754,0.3674586351951211,0.4636875857598601
2020-10-13,0.2984306699755298,0.23604237230708194,0.3033309785662351,0.29223259772373067,0.2943974488994133,0.35011766803028,0.2099883817621043,0.19666565603243744,0.19768514722092054,0.3366445379665451,0.3605567802572514,0.3831646658889593,0.3601961794068497,0.3678829466313984,0.4639083831505576
2020-10-14,0.29218250782432864,0.24017462931818093,0.3386322647275255,0.29729976246414314,0.29356743085374937,0.3596586934743413,0.21138237071923016,0.19658071633065982,0.192211759091728,0.3353534800927289,0.3595358220590762,0.38511652344239616,0.3597311543560065,0.3679645536716044,0.4655053023723194
2020-10-15,0.29864897613665176,0.2425508783161725,0.3405081080474924,0.31288267490008115,0.29420971503947146,0.3562438213395129,0.20703930162514667,0.1963303158077058,0.1906848189723024,0.33888038749188354,0.36121947989779185,0.38707885474098974,0.36424721600533316,0.3639371558915823,0.4681921168038143
2020-10-16,0.29768801402646206,0.2424362652772014,0.3411131318091383,0.30828241328668043,0.29745301948923875,0.358066634104801,0.2014749290842849,0.19664205945933672,0.19050569348252083,0.3391979868196788,0.36021925804264493,0.3831776986175372,0.36501456193863785,0.3789371227753804,0.4766726823532769
2020-10-19,0.30186124993831015,0.24120374961171917,0.34065376940931963,0.3030345409075632,0.3032618395504615,0.3591419451765487,0.2049357785677823,0.21697407366318278,0.19091901849662307,0.33704951137723843,0.3584044176899762,0.3813248135858563,0.3647291938139275,0.3768567591411112,0.47309332192879394
2020-10-20,0.29903777687903,0.2362957034624412,0.3401729493094936,0.3067425718454528,0.3075595914880547,0.35781351953497115,0.20311176827326588,0.21770357603089463,0.22432477840421766,0.3343593979801249,0.3568161363870791,0.3811027739863435,0.36780100286228196,0.3758855283044956,0.4714477384596781
2020-10-21,0.28582513120262115,0.23534858067501904,0.33874726520888093,0.30260509924516094,0.3075806076006335,0.3597440871134244,0.20318742700911316,0.2174326132006498,0.24125190864699916,0.3333850883295694,0.3571421579545688,0.3710814887005114,0.3756030343261186,0.3790213816531165,0.4692550208663284
2020-10-22,0.28572604892842535,0.23758115678196798,0.3387340448389393,0.302271049048013,0.3097408611841452,0.3645060738570816,0.20295808914013902,0.20988326621114745,0.24411523928768727,0.3310783422046433,0.3364405182488534,0.37263560572498156,0.38116513641693717,0.37061090053830914,0.4684815161613458
2020-10-23,0.28604440280652305,0.23741322711674867,0.3362386624987198,0.3025647676960704,0.30691059411462707,0.3646209969594193,0.20311640539048872,0.20978042367433772,0.24413959196656218,0.3232436212398879,0.3218896232951024,0.364178537787162,0.37983772332061055,0.3734088995690656,0.4690015177898999
2020-10-26,0.28879966341932906,0.2386091321391123,0.33567425472151124,0.3121989970348582,0.3069057663948041,0.36462632884534274,0.20391755190360059,0.21615387082374737,0.24412706493036632,0.312917566109238,0.3225311672241765,0.3608730754497345,0.3795606746068273,0.38165665927061043,0.47396349482990496
2020-10-27,0.3674071901795647,0.24162833904822797,0.33824130220526916,0.3110431335070482,0.3033805373909986,0.37205900200401415,0.20392068270127875,0.24854957551014767,0.2486651199492126,0.3100582465409345,0.32582625998592707,0.34042204256840325,0.37903487114449474,0.3800775004610029,0.4722025039363891
2020-10-28,0.3709099379662462,0.24291071183257923,0.3381067517651745,0.31024307289458375,0.30343804043727474,0.3736023252378138,0.20390587054519022,0.24893131666237783,0.24805688158494324,0.30848791236276313,0.32888301810951515,0.33042290771814486,0.39051466995483813,0.382953154682934,0.483936410884942
2020-10-29,0.3713141350081018,0.24251068631119665,0.33698813796709304,0.3176736064384274,0.3072219778091337,0.3756777918039544,0.2044428025178825,0.24915383267664007,0.24733030345290272,0.30964886562873534,0.32846082366500057,0.32984228655086884,0.3880574902031549,0.3611062340452637,0.4857611914746444
2020-10-30,0.373114192536493,0.23880062180950914,0.33720886714391135,0.3167056017307861,0.3059607258693807,0.3764394930598526,0.20311305379301048,0.2506710976123679,0.24936800469792975,0.31268888269462947,0.32923784724151656,0.3305418451537504,0.39448037951134945,0.35575358978952076,0.49022175601426626
2020-11-02,0.37510260684026253,0.23493612410125073,0.3390967495363885,0.31674409921022467,0.30679215101772384,0.3779206644960209,0.2041488033117631,0.2504579479069694,0.24697968478092086,0.312644575582248,0.3295194578265768,0.3310105221677447,0.41134152858727924,0.3575194692546518,0.49630302852525515
2020-11-03,0.37466059712576233,0.23606736006275728,0.3390291559811648,0.3133799401982628,0.30734855882381645,0.3816322420037078,0.2065347590226275,0.2514906904715795,0.24692070866941657,0.3128794925700823,0.3256138590297339,0.33008538449187197,0.4113886746183968,0.3567481975121452,0.4877842047701438
2020-11-04,0.3769803613524832,0.24238174279127275,0.34098431272006374,0.31451589326375173,0.307348121442407,0.3822086692180237,0.20058743846104385,0.25167756322465107,0.2490751388667933,0.3237961209503937,0.3233792261953618,0.32711722033926344,0.41077783500407744,0.3556621792094299,0.4868535346129373
2020-11-05,0.37656925085810444,0.24260066137697095,0.33942141763537387,0.31247378059240627,0.31000458427802996,0.38423702673997645,0.21040480316820012,0.2527067993858676,0.24739338675109382,0.32388465376353787,0.32117781813683494,0.321941079579195,0.4114896458750603,0.37216528883256106,0.4879450969680099
2020-11-06,0.37903499593611323,0.24243098256784917,0.33946846624925575,0.3128797291251828,0.30994859068544894,0.38337241392152327,0.20921213356233762,0.2540013476608004,0.24760567194833188,0.3212078131369404,0.32210055874744076,0.32451243195310825,0.4103813692672325,0.3720819189118357,0.4882500075008728
2020-11-09,0.37514015422060765,0.2453672596311664,0.34045399525301356,0.3156262610588609,0.30844913162646503,0.38572663595021317,0.20400923621556535,0.2561801423847328,0.24857337753866543,0.3184210057152281,0.32232963067509185,0.3233787713414498,0.42300087624139454,0.375325705568231,0.484497601996294
2020-11-10,0.37502431870096625,0.26087572441488227,0.3449852701734355,0.33464549821602696,0.31074332406857674,0.35357838354184656,0.21386491638404365,0.27093519056650983,0.24650910284128502,0.3273242358239285,0.331941984571589,0.3282875599316881,0.42275900694179497,0.37439787026877114,0.4880445549739575
2020-11-11,0.3749736468043471,0.2659337677744049,0.34553223796414995,0.33505076754505536,0.312389968829521,0.3550098906493585,0.2295462402928023,0.27069142843829974,0.2451084541410325,0.33366535868463554,0.34110868585569637,0.3633292739688859,0.42598846101945825,0.3999426556103838,0.46995020582637614
2020-11-12,0.3803196654434947,0.2652976175800114,0.3446131846115738,0.3335503157403096,0.31201016408386584,0.3579012583783189,0.23176710448098606,0.2693282032975171,0.24497782111180916,0.3339422564138024,0.3416956805805058,0.37328160114275916,0.42415669711103793,0.39964460850011146,0.4700364759580237
2020-11-13,0.37860479275178655,0.2649350502921607,0.34150092419269834,0.3339261782726265,0.30449809524786425,0.32860590236436643,0.2304458762289385,0.2689435475850412,0.24497983646972316,0.3337500696717862,0.34171056503388136,0.3995799424909484,0.4228121265949583,0.4033135911944263,0.4687969514787784
2020-11-14,0.37851253822032904,0.2643661997098216,0.3411792134204972,0.333761344605719,0.3040932179430439,0.3121317023069781,0.2308334156655696,0.2654620255851309,0.24496996493409834,0.33210746915058054,0.34171145862784363,0.39848356143466085,0.42328768416669976,0.40310446768280894,0.4688168682593299
2020-11-17,0.3736331012457413,0.26531586120700373,0.34107329341282305,0.3319360907350912,0.30593281926972793,0.3152841666198946,0.2311628497281005,0.2657091906774987,0.24456076068985189,0.3325771314358808,0.34390736135662797,0.3985609220116538,0.42260062807102095,0.4210391907276481,0.466631970607829
2020-11-18,0.37466857025856803,0.2657376900312601,0.34101374482368324,0.3308545654058455,0.3063889075987332,0.31423328671635725,0.2334518664724011,0.264905123196032,0.24455418602340198,0.3317139902622185,0.34514086027432966,0.3971908431198347,0.42316759419365507,0.42068455594268306,0.4663629320976293
2020-11-19,0.37225883987597486,0.26672113164763056,0.3418384627467416,0.33236342830491283,0.30536414842218523,0.316380135857558,0.23766454002183043,0.26457343850857107,0.2444774093573164,0.3324560325260893,0.345141029145778,0.39618625176275135,0.4217677833361722,0.4210528089689411,0.4698909522855973
2020-11-20,0.375839263420459,0.2664423869616364,0.3420557381530108,0.3337823224034769,0.30425575551939643,0.3202845707405031,0.24132624249385456,0.2713425903604114,0.24586741478074295,0.3315507348537477,0.34563477763209527,0.3973065953002586,0.4271611991843846,0.4220199871554193,0.4261977557471161
2020-11-23,0.3712385787472091,0.2715508679289498,0.34517882881962864,0.3372661488761227,0.33578493853246383,0.322850420299294,0.24106439204448257,0.2735293801971586,0.2457094307178268,0.3208662458575013,0.3505399480254304,0.39741972847394785,0.4248217270903587,0.42258517844415483,0.42696733691387356
2020-11-24,0.3571516609789536,0.2707298246400313,0.3450339331844725,0.33576139977180636,0.3331680969856539,0.30609420471778,0.24176249045563822,0.27302659530780293,0.24320175620258752,0.29447640924430424,0.3474938552262948,0.4002526312979966,0.42319752915166864,0.4177626289717082,0.3881830859646296
2020-11-25,0.36401978501717414,0.27276627069699294,0.3474449526958344,0.33570727803760403,0.35097656882234857,0.29704046623543445,0.2422663510103775,0.27244812937933666,0.24176623854192558,0.2995773069818535,0.34912755545954316,0.405965046894262,0.4024810268672029,0.41365982314016003,0.39513173096768667
2020-11-26,0.36398327410570286,0.27261428798041987,0.34791707375229464,0.3360184256187574,0.3505288981598229,0.2966459830232428,0.2421643144226779,0.27174340793744317,0.24114877338543486,0.2991930204160383,0.3510228470066594,0.40799814565371834,0.4026429745811843,0.4225126823310486,0.3953271897518789
2020-11-27,0.36068644667327887,0.27372224288057745,0.3443112144629642,0.33284827733990563,0.351799413543236,0.29592765030175094,0.24250110391254842,0.26780139285515786,0.245503138753366,0.29700954906234045,0.3510583489072395,0.4087696517598108,0.4008084970323246,0.4229301847883012,0.3943334505082808
2020-12-01,0.3617195893008798,0.2777285971541275,0.339356338220071,0.33679471217772067,0.3592319952954269,0.2898395522845307,0.23652119357707022,0.2729232538644318,0.24455321365120433,0.3139726983231114,0.34666661714920954,0.411748060859998,0.40435211856075604,0.41359463436501837,0.3981989902134542
2020-12-02,0.36913140031471897,0.27768904012852785,0.3401842568856275,0.3366392867992141,0.3657898442445233,0.28624257853857793,0.2356670145197373,0.27303832876442885,0.24495293030988813,0.3144873345921177,0.34407365181611405,0.4154567865072209,0.4041424717117128,0.4169075848154803,0.398889012776041
2020-12-03,0.36720105775574047,0.2786490664140965,0.3396459272147431,0.3366467241184846,0.3716016514554355,0.29419195516073016,0.23536683717782472,0.2714927815985886,0.24599642074190356,0.3108879925004397,0.3430818982110636,0.4165691289464487,0.3988062206473366,0.4071043361500918,0.3973660223880085
2020-12-04,0.36433164058006734,0.2768324261329242,0.3396333856488372,0.3367276994792095,0.3679094748961034,0.29407323486316034,0.23075939843157695,0.2731477214251566,0.24607515790758985,0.3185957990390981,0.34155713721211167,0.41122208797907484,0.402463549133546,0.40438772756561525,0.4036961166248473
2020-12-07,0.36591242456100315,0.27625196857947004,0.3403312217174947,0.33838570509317906,0.3687339238566247,0.29486980502386556,0.2356151681828844,0.2750718860242381,0.24609051361457485,0.32138372547526595,0.343551899556491,0.41138930254336425,0.4063210910475865,0.4019005378675869,0.40585085417928873
2020-12-08,0.3658889830113112,0.27640057481338054,0.336519747226649,0.3386713423338003,0.36922334965456727,0.29669359591580957,0.23543152012946664,0.27478239579510877,0.2444385335446723,0.32541060647127684,0.3436851208293838,0.41123170976960965,0.40620436290584894,0.4019525335703309,0.40432174754184574
2020-12-09,0.3647608866284402,0.2707256961408027,0.32541307541976855,0.33340150331181406,0.3692255501254289,0.2963648055915148,0.23665777582725656,0.272688366477935,0.2430051433316085,0.3223307663660684,0.34313143914196725,0.41179644852625036,0.39908080174723604,0.4019063622468141,0.40684083228097184
2020-12-10,0.36444759495529744,0.2714510873408638,0.32644582567061775,0.3335655457988906,0.36921313232893693,0.29757837028205386,0.24536930853494318,0.2862861709729839,0.25124353321623905,0.3205582133408831,0.34171863895059507,0.41273369521812364,0.39628547452142565,0.4019219007327475,0.40915591259986145
2020-12-11,0.3643232082622607,0.26964340566931877,0.3258691091844099,0.33444231738336994,0.383211265246587,0.3144069816594458,0.24632648391568926,0.28588852210975024,0.243669232210602,0.317383130598399,0.33220343630123644,0.41473606690339554,0.39589735864184833,0.40222380268127733,0.3986651281246705
2020-12-14,0.36154180400810804,0.26932984373897406,0.3270528696757277,0.33512748956479144,0.39337494533824535,0.31550559109821563,0.24470676508532863,0.28595114412854306,0.24447535114382274,0.31700732964824957,0.32073592472621354,0.402711482507402,0.39572424687855967,0.39958303093848246,0.3923888662167105
2020-12-15,0.356699309706565,0.2692922051893133,0.3262602551045126,0.33443091748776427,0.39418547202218046,0.3137271324971669,0.2464230629996408,0.29010703947242805,0.24435839246451313,0.31489740394247584,0.2365020677960092,0.3997749661506877,0.39031208040840387,0.398370106609054,0.3895520474078475
2020-12-16,0.3569479489951195,0.26947034603975156,0.3256751156935634,0.3309806860175593,0.3832533184819114,0.30940982905021425,0.24222957818324187,0.2759605399501327,0.22643175103995758,0.30433151908338824,0.22499058172018235,0.4002631785515928,0.37599646402922166,0.3753520086106857,0.4114560383634969
2020-12-17,0.35435320735875653,0.26980807403088375,0.3259542289793355,0.3300510034628644,0.3805811477233651,0.30911139186800846,0.24145082404662507,0.27350741415145013,0.22548805267265662,0.30478516611265366,0.2251855420898089,0.3960221856209947,0.3759445435318259,0.37776116748492605,0.4084098915869468
2020-12-18,0.35574324799118345,0.2735016683990888,0.3274307373939789,0.3290058598743485,0.3798607552411089,0.30222829527554,0.2399551428367642,0.2730492920358495,0.22469797986709167,0.3035370370132803,0.2326187181255666,0.3961520322317703,0.3371370059256753,0.36823917948297535,0.4104860216784067
2020-12-21,0.35310577820874495,0.2574911743857519,0.3249892061413642,0.3154863436035824,0.4287468295127891,0.3227505767484514,0.25587889928721813,0.2734556271015298,0.23103744981535212,0.30628356150914576,0.23897948314887332,0.37475718635775834,0.33971808551098526,0.3738601150451356,0.4356959967135851
2020-12-22,0.3547633246734976,0.25734446740852596,0.3245527306955606,0.32136392464037944,0.42468137100740094,0.320067978848345,0.25182266816288956,0.2693964708019274,0.22719305760850766,0.31076019959880796,0.23945411467571517,0.37103834929072455,0.3279768728815549,0.3726582902704377,0.4328219194352776
2020-12-23,0.35372072934353516,0.26151443972058525,0.3434328713350355,0.32120086322602204,0.41728311515507005,0.31450629961187804,0.2534656058815462,0.2695968720404183,0.2253279907850593,0.3004665893999766,0.2405913376643526,0.37041451213093474,0.3285290417607713,0.3745036317223529,0.43330335060959535
2020-12-24,0.3525366681383007,0.2637490244014736,0.34429509685249315,0.31905735169808436,0.41032225277402823,0.30953431044983093,0.24776362636641075,0.27003747701604813,0.22534958214719802,0.3041920319332403,0.24001204504051626,0.3706532890808111,0.32759962142882076,0.3733994637947988,0.43200699350312
2020-12-28,0.35272786252977567,0.26358714780391507,0.3442596206082633,0.31439084483918506,0.41025653394263006,0.3094802469252047,0.24689535427120665,0.26800610596542535,0.22270459411764273,0.3033378763478168,0.23640777140267355,0.36707905316675726,0.31868129302072407,0.36572110209238495,0.4326948873871332
2020-12-29,0.34995316969844287,0.26348639772564003,0.34411215402119516,0.30763505752498393,0.41080105005735607,0.31239464005923595,0.24660297291998295,0.27134160268664703,0.22262106680532928,0.3027014220974415,0.2348843266180169,0.3623507613795289,0.3151955951880112,0.366201209412549,0.4327851409826938
2020-12-30,0.3499762484254919,0.25781902704471504,0.31812391743240204,0.30655121362377913,0.41078497642155964,0.31198478584869466,0.24538616010590697,0.27145752872586787,0.22221982018230257,0.2977782681211012,0.23414140222825267,0.36116808831457675,0.3128713523176554,0.35760195572468734,0.43251231941048307
2020-12-31,0.35128623369375633,0.2578500068524744,0.3167672505325943,0.3077049135601303,0.41102102457152223,0.3116997422757326,0.24705610539517386,0.27028043583112876,0.21976732747155492,0.29856851887099245,0.23431032823089526,0.36124650725151713,0.3145408420693029,0.3548377361257436,0.4331333821324768
2021-01-01,0.3498689688406172,0.25743702858975487,0.3156226511198822,0.3075892949301044,0.4104013702080052,0.30944279800781826,0.24997110596004693,0.26907925570154445,0.21942123573940348,0.2957066404800728,0.23430404545717648,0.3588689303148296,0.313687666682429,0.35137285203565305,0.4293025962342282
2021-01-04,0.3519581369206718,0.25626726542758815,0.28349690636251,0.30950934376868694,0.41040774274242803,0.3092958869071558,0.24753071739773436,0.26869653265881677,0.219419353273287,0.2932375401935775,0.23190541559581437,0.3523990951428544,0.3136777798769933,0.3780415304984355,0.4308494789137744
2021-01-05,0.3522407797887774,0.25560578762138453,0.2761451877564632,0.3087509360852453,0.41167124511515313,0.3114506928465585,0.24903519780268624,0.2662180221731575,0.21797358005198386,0.28911906475200755,0.23130321241239718,0.36122909961118266,0.31426232897442097,0.37998162226036025,0.4293370372899951
2021-01-06,0.3513509548886067,0.25332317245322583,0.2756730412792005,0.3094567026898114,0.4103830263033154,0.31129632593155143,0.2535493208907486,0.2654556576111875,0.21795186378059833,0.28911284507545115,0.2298155259950128,0.3612961796563138,0.31133023932102605,0.3799518046800913,0.42877599988177667
2021-01-07,0.3509857262100341,0.25234714382535267,0.2754387548284216,0.3089898788649642,0.4102157867894074,0.31210302584015887,0.25374399229862477,0.26759744327952,0.2179437693006034,0.2854067682593558,0.22895547329761096,0.3606605853922018,0.3188576446542292,0.3897923379870913,0.4284969459581954
2021-01-08,0.3510359515347542,0.2605733723467581,0.26023952126984695,0.32331109630445104,0.4054445995234237,0.3029576362999746,0.25209065300106615,0.2679370040924282,0.21688189757705845,0.2909961074973743,0.22950139453895466,0.36092429629083844,0.31952408997615916,0.3927434002540927,0.4269778814990169
2021-01-11,0.34498943668177146,0.2706653479713094,0.2629302392593224,0.31059979745010075,0.4036810285629499,0.30445337264643524,0.24878789119325034,0.26752079248589133,0.21593737495781515,0.285446868128956,0.22940973740559328,0.3578874702035787,0.30956768004904717,0.3982563536419405,0.42308424615037155
2021-01-12,0.3474140630161312,0.2695891194621289,0.2651098500564908,0.3123885749536259,0.4030970923105903,0.3037650534661469,0.25093221452864445,0.27064060446774324,0.21602614222333416,0.28825307834084424,0.23078857653935217,0.3587367805985647,0.3150462583786717,0.388870894058765,0.4439604862886564
2021-01-13,0.34557414578964546,0.2698305877206768,0.2649147330369285,0.3123071381020005,0.4007990841767452,0.305415816218113,0.25299235002930065,0.25741075563545995,0.2155623547304875,0.28930653244782917,0.23204862602547197,0.3605194128719769,0.3150230193604987,0.38930326418999284,0.451208920910661
2021-01-14,0.3447865467980546,0.27140347857158037,0.2664666540705165,0.3104760591685646,0.3947231840567827,0.30394312164359244,0.25311938692478486,0.257051587308447,0.18076194437310814,0.28940481552749053,0.23208942520361805,0.3612031526995391,0.3140787710693789,0.3886199959762647,0.4510657922879138
2021-01-15,0.3464260947396284,0.27481872563172793,0.2770214551785822,0.32488560635264147,0.40420322450310053,0.3050786431907303,0.2544372067911733,0.25785420492850814,0.1589459293829742,0.28978432989701725,0.23505793852318888,0.3604443300724145,0.31550686906795106,0.3870691612192549,0.4506402059432258
2021-01-18,0.34748509867361127,0.2776044349092544,0.28008833325196036,0.3247104856379269,0.4185763638364942,0.30763099387807036,0.25457877827571757,0.2585817279401633,0.15499770347975914,0.3008740824359882,0.24352456894530064,0.3565127816345123,0.3190905812747013,0.40931521212003574,0.4517760792663357
2021-01-19,0.3482198959399334,0.2775755011765701,0.27971061676614983,0.32472267574039904,0.4188997287765294,0.3082734831536387,0.25456041048425077,0.25859414536972797,0.15499432712024686,0.3042436174526338,0.24394487255027567,0.3554014488701072,0.3191098614319433,0.4068770820278375,0.456060121099586
2021-01-20,0.34623687527977487,0.2780404629483019,0.28537564906484497,0.31862166194897457,0.417256451049819,0.3098076420321697,0.25287634026748385,0.25452001026300813,0.1549164192427959,0.3003605405063679,0.24336184930537463,0.354261782350919,0.3188563491083608,0.3965951818392827,0.44889325400099267
2021-01-21,0.2511623057740271,0.27408926774553805,0.2818808903358861,0.3206205291358329,0.42563272252084977,0.3034180510677901,0.25583689450240144,0.22396278581377774,0.14795281700978619,0.303247202758224,0.23848611475742262,0.3581637276015475,0.3245657031543488,0.4062770918705543,0.453871230800492
2021-01-22,0.2485664990288989,0.2719439157760278,0.28207355581927207,0.3183057424685864,0.4282695782450025,0.3051292633423505,0.25688788821014613,0.22406636451286424,0.14744362579428982,0.30279988533372665,0.23077908040177236,0.3551850940254403,0.31596845591539885,0.40923561982006473,0.4492482717095991
2021-01-25,0.2514725587829157,0.27359752926990555,0.285571457544334,0.31112409038469163,0.4242130435555941,0.3032142387393961,0.25789500437617785,0.22461643275858736,0.14733756410331877,0.3018458723386773,0.23140572078711913,0.360563049763631,0.3157068737681384,0.4086522375575895,0.44570710302592764
2021-01-27,0.2519610592361105,0.27508047136949293,0.2873947592669412,0.3141069685321008,0.42709743779677567,0.30552878091036084,0.2584927354657201,0.22235471330509984,0.14292490384997517,0.3072048240887194,0.24100087081930985,0.367431349462336,0.3065982778383823,0.4192582266725226,0.4550194660904514
2021-01-28,0.2542791182163106,0.27848066283059125,0.29402324005016794,0.3165291895506567,0.4269983637997087,0.3034216534031764,0.2626786643400096,0.22303556965533625,0.139140994966699,0.30823594877459576,0.2411886664694136,0.36309611379914974,0.2886316116814158,0.41636980076079666,0.4499707724660837
2021-01-29,0.25433500286911026,0.2851520738689831,0.3035688337726407,0.31947832778793833,0.4318244756044009,0.29987564478431494,0.26354646862895603,0.22484565574986615,0.1512217465541588,0.31017154417955906,0.2664054586979241,0.3658289194471106,0.2963553515613347,0.4259932301168825,0.4529558025593136
2021-02-01,0.2709333845005339,0.28138408085353245,0.3014517772874578,0.3202667080641112,0.4345004788115988,0.30677090605675383,0.2900346912618449,0.22452583410946655,0.14626315848981866,0.3011247451997252,0.2756383664797272,0.37302658492327834,0.3086019951675527,0.4377639557338657,0.49187002779171307
2021-02-02,0.27350263711684814,0.28129223477461035,0.30247791225010207,0.3202013374374487,0.4351490906637959,0.3077218568852489,0.28565304242982315,0.22322745591279247,0.1457888307930073,0.3062372393218076,0.2768247085829959,0.37363653390698676,0.31476276404864817,0.42737656117375317,0.4970754410624129
2021-02-03,0.26939037511214997,0.28155831944117243,0.3028846794621228,0.3230135384460581,0.43514919105863786,0.3130051134118697,0.2859452982007709,0.2217208116190751,0.1458216494636892,0.31137378822466927,0.28721786476091204,0.37091902487230466,0.31251924480303217,0.4278096552679634,0.4997863792713479
2021-02-04,0.27620628269599184,0.2791118715691353,0.302499349508199,0.3209126938667337,0.4429565665831998,0.31214438581311177,0.3080334837879062,0.21847332183723486,0.14909832110659887,0.311352268303097,0.2872505189788649,0.3707502758812432,0.3014033925274953,0.42577640737890976,0.505416122292533
2021-02-05,0.2848213118304391,0.26549417658531277,0.29696065372390723,0.2959644478173765,0.43945740989559745,0.30911438084052795,0.30427002355047617,0.20038759701251513,0.148923114590432,0.2991099006480434,0.2829756271247878,0.365747607703734,0.3090485521953829,0.43257406663928344,0.5004967181350378
2021-02-08,0.27989151594340117,0.2638980953352934,0.2989540622612902,0.2971778034599614,0.43912955433092526,0.3080947771230858,0.2964288883984993,0.2004312410013654,0.15386900941705123,0.29413203958509665,0.27243938958771013,0.33155109227382773,0.3095984684327503,0.4128746045157587,0.5015234215521505
2021-02-09,0.2726933530114402,0.26352203361381193,0.29873646761081896,0.29781559897948306,0.4380063168578332,0.3041823891370033,0.2988486449036016,0.2007175128444287,0.15340268822686645,0.2952453490117195,0.27149647460831516,0.321391649188185,0.3095959746428052,0.41326684601603764,0.5045237901510171
2021-02-10,0.2726238201351667,0.2641802077961172,0.29842582104675036,0.2974307557652105,0.43920707949349724,0.3040259636337554,0.2990475413655188,0.2011610906985533,0.15494433413187503,0.2950649152021322,0.27134555006952454,0.2894202149523883,0.3108829650974073,0.4127385656317161,0.5046220968913159
2021-02-11,0.27264238845849337,0.2641425149326897,0.2989733091398245,0.2979047431783074,0.4398127940240414,0.30366350955169547,0.29936707063563683,0.2029864050161419,0.15650424304515698,0.29834155164845605,0.271269637253645,0.2893227317545144,0.31104245972056466,0.41258365679110287,0.5051712723874262
2021-02-12,0.2716626566912703,0.26407977795377197,0.29915547733994013,0.2978877952265371,0.4414079919077692,0.30060500197957707,0.31147101766622926,0.20285738833678088,0.15805772439230023,0.30431630022755674,0.26905400496692383,0.2892736670798476,0.31472952352943717,0.39926451487271725,0.5046545292326652
2021-02-15,0.27139485410906855,0.26244475191547534,0.2983959644922834,0.2981501158981678,0.4417723317211512,0.30098686157283455,0.3086226099711284,0.20343388721228955,0.1579949150315327,0.3030003106132607,0.269148707777119,0.3808118346039397,0.3134942553007299,0.39956544049159054,0.5049128420805435
2021-02-16,0.2731083766109123,0.2630515821701017,0.29795012124553155,0.2957730451415391,0.4526265492932705,0.3046940127081109,0.30649903789136973,0.2058506511701202,0.1586037734368714,0.3014719135773723,0.2692137504372966,0.3860598840452231,0.3094446527528766,0.4058879048665738,0.49817028844159533
2021-02-17,0.26655000524461253,0.26374157592271824,0.30073171907503937,0.29483189559532436,0.45184770906023125,0.3027888175307623,0.30446129921888937,0.20359146276096415,0.157183246798867,0.30316813162519546,0.2720329127121589,0.38469856333754293,0.30391886581874616,0.4053991546008257,0.497530705818727
2021-02-18,0.2706087178814343,0.256347805933539,0.29669475486708713,0.2935847072657048,0.4614144948023974,0.3109030148410251,0.3041849473644679,0.20440675532429486,0.15710967319609495,0.3024944262979609,0.2628471310628371,0.39552657078461406,0.3028573414888131,0.40434852588396997,0.5024992350329459
2021-02-19,0.26920933348483317,0.2563934456723685,0.2973264641128177,0.2952777471368774,0.4756422198278148,0.31104029534219774,0.3022962857709821,0.20419938204464402,0.15778188355670864,0.3037490752549684,0.26176646884052146,0.4126497035083553,0.3041289160819617,0.41378499215802633,0.5051771807073971
2021-02-22,0.2606228028873878,0.2559364299177187,0.30100800745637823,0.3072637329263785,0.46146826873665786,0.31448150851001383,0.3041636883921183,0.2062036887966842,0.15799331194613653,0.3011312807995498,0.27389325720408286,0.40606132439526776,0.30332725679849265,0.4137576313914075,0.5009830427357932
2021-02-23,0.2717657101321551,0.2557863789996744,0.30098286717008305,0.30717853145785134,0.47196742189441127,0.31530739198399105,0.30428915001739043,0.20452088309729827,0.15798449986003926,0.30165943352508706,0.2708313676734674,0.40494671056681525,0.304070586655995,0.4220562960347263,0.5047399889236762
2021-02-24,0.2743022078661729,0.25420124621688633,0.3009464269903278,0.30524661392194824,0.46861156666485093,0.3153056770612194,0.30387438349669776,0.20512170196397655,0.15518599242055334,0.3019723799744401,0.2705274424896042,0.4052822732114047,0.3032300855367517,0.42161713684838287,0.5057473973798957
2021-02-25,0.2727006235386968,0.24542200165808484,0.301263288086354,0.297466727021091,0.4716318662427254,0.3270600186858684,0.3038459730840313,0.2002879987974482,0.15517215217778157,0.2835048974347178,0.27150635350295366,0.3948480785991693,0.29656808558886777,0.42247132536347803,0.5010804128373089
2021-02-26,0.29246419246637034,0.2483828488353893,0.3057035327984887,0.3095166126143854,0.49055604675674913,0.32719216526000483,0.30859059926759386,0.19967972128087874,0.15600445434640123,0.2883323010329075,0.2721844439436285,0.3926210701484155,0.3087214341882494,0.4270392340413519,0.5083331440901273
2021-03-01,0.3018971889824689,0.2472642010471722,0.3060816032750128,0.3114916430304651,0.4940903264804597,0.31857292345962923,0.3098675932174977,0.19932595642010503,0.15728580321530547,0.28976440305239165,0.2704966671913437,0.3916944171090132,0.32170172164507993,0.4257496418595093,0.5085890270088792
2021-03-02,0.30059218690216566,0.2534222598608197,0.3148564532865231,0.3182121289118599,0.4991978234680623,0.32672252001618785,0.310509958469755,0.19856307530144723,0.15883512052901214,0.2815206127027492,0.2711706163144279,0.39060474228018893,0.3183434118319148,0.42582521576364185,0.5045611115688098
2021-03-03,0.3051366945715467,0.2594067948577046,0.3146924666081762,0.3153867961244876,0.49831416965287745,0.326167587885893,0.3066535786100775,0.19721173616817234,0.16001043926679595,0.2796285352540537,0.27024350026126964,0.39153879309691353,0.31298060318130194,0.43827175611898717,0.5053651312956191
2021-03-04,0.30486665657366896,0.26039838052113135,0.3139536260635138,0.3146934898236031,0.4986448770528256,0.3264948995579929,0.30654445967549543,0.19720447205356206,0.16023427870988774,0.275649742818149,0.27268035767920257,0.39190939387424806,0.31328524515227035,0.4421291133576357,0.5042953294185755
2021-03-05,0.3010079480924053,0.25940396665484183,0.32546310945070295,0.3151957898966054,0.4996654354387301,0.32949404607430693,0.30555471876161217,0.1977580351644037,0.16004424773163534,0.27718783463983576,0.27402368385268755,0.40896085695059586,0.31455280325654333,0.4479066797626843,0.5072588378844428
2021-03-08,0.30039166711349846,0.2600419267528784,0.32535944232126757,0.315598693370004,0.5020950942724813,0.32950256055075205,0.29693207235415475,0.17416219195649144,0.1465419291480293,0.2766749099154883,0.27403901002054604,0.4063710275415375,0.3158762172089214,0.4478985534999073,0.5062858992978736
2021-03-09,0.30728548895296404,0.2599040687700563,0.32477981662128647,0.31743601849913944,0.49185871126513264,0.31266265659698445,0.294885551166256,0.17425125780954434,0.1477697701307706,0.27678899847899147,0.27431085124128185,0.40484289094439163,0.3163086974397588,0.4560151966160979,0.5082786855277566
2021-03-10,0.3071388458835323,0.26151456472027834,0.32467924933338027,0.31885092211775967,0.48531528676553876,0.3099645562575049,0.29513577468606045,0.17262669718449106,0.14941842684665127,0.2786985143105149,0.2756550909669007,0.4047414001613827,0.3165567182987995,0.4582276470619779,0.5042784735774533
2021-03-12,0.30843773258965373,0.2604682112264248,0.3247541729465174,0.3170951510261641,0.4845802949221374,0.30946710126252225,0.2945733021451458,0.16901927863101618,0.15137273708571217,0.2814891460605042,0.2772034491512475,0.40691702589832807,0.31665295368335905,0.45802956084128293,0.5069155075377535
2021-03-15,0.30893345333208005,0.2602274615583025,0.3236581407083236,0.3198179915819714,0.4828587569706984,0.3096317339212767,0.29455060343904016,0.16886599114779485,0.1518435985908733,0.2826705809882922,0.2792876511156339,0.4063759292549839,0.3130794158978285,0.4594684192259713,0.47199669334684813
2021-03-16,0.3090337235620728,0.2597994546364592,0.3233849019005275,0.3194838246435739,0.48175290029187234,0.31010496647513097,0.29538921807542146,0.16906797799409506,0.1536689857912934,0.2821885756635892,0.2841796931086303,0.4087388873298515,0.31398157451987146,0.4601406792753721,0.471704095085077
2021-03-17,0.3108212053291645,0.2552197313311605,0.3260364833461822,0.3198881887035168,0.4906346358637635,0.31529254482546065,0.29629842724320327,0.17179565468590638,0.15398683623075451,0.2887052381541903,0.2784552084280642,0.41244152950183405,0.31449690017177995,0.4638218578962955,0.48051343256875745
2021-03-18,0.31214022098763905,0.2659550700296878,0.324691362361166,0.3178449507163144,0.4491246862507695,0.29382452362334677,0.28187056371721353,0.17341354868276615,0.14585343140534845,0.27928044266403407,0.2794328327687866,0.4104247972829887,0.303999798750355,0.4476415333187895,0.454784210895298
2021-03-19,0.31165513394676275,0.25620964650510375,0.32005916553239644,0.30718655494629704,0.4490661925181244,0.3060825354008611,0.2856599259546158,0.17126706534127936,0.14684254888135467,0.27359240738296237,0.2783136837238104,0.4073035436401394,0.3018529504459516,0.45379226544988505,0.45386154832596887
2021-03-22,0.31120591694214095,0.25366849889923465,0.2981927519390364,0.31086944085182705,0.44975046634508714,0.30654661941169303,0.28386805351669586,0.17090729808114846,0.15835228702701823,0.2762704520604486,0.28013806493285187,0.4079919079536013,0.30084656601646664,0.45014610642705527,0.44751759732413166
2021-03-23,0.30811812156887003,0.2517002320418002,0.29745452009620965,0.3108414221150688,0.4505072276745986,0.30677473689318946,0.2864211355838789,0.17098644751312692,0.15833483090361042,0.2708027674504886,0.28049615219652474,0.40785859425286547,0.29823455844351304,0.4503299191799866,0.44719608971799996
2021-03-24,0.30800264227449903,0.25350206151313875,0.29854281243637065,0.31430341642049325,0.4533083245703697,0.3114584202419103,0.29276290143794437,0.17265979499209688,0.1590786780111986,0.2706683285908195,0.2804741601791421,0.4077422120647397,0.298648499232171,0.46330472642715503,0.4558722046982677
2021-03-25,0.3082483808334644,0.2553132590546462,0.30425673794366226,0.3158453518091344,0.4568725447095928,0.31481164295303027,0.29537390724439017,0.17223997148848896,0.1678937066745755,0.2724765123625531,0.2810390000198325,0.4161453388749644,0.3051261559463929,0.4664951248101331,0.45915010052804417
2021-03-26,0.3076659338280502,0.2551791398687419,0.3048716780721731,0.3171611602878495,0.4568797420688957,0.31542493278812,0.29543878774523413,0.18003811106090473,0.17196475334731634,0.2745293341436704,0.2814719100065278,0.4167337542827253,0.3105070355536341,0.4808843889459656,0.45803766460163325
2021-03-30,0.30747658455973736,0.2650959402879211,0.31271573398770774,0.32072863917390654,0.45711344943232723,0.3221919500894315,0.29654106352080273,0.19569633936685846,0.1840596477187414,0.27540198849256464,0.2866858069233838,0.41926340277046104,0.3093863160518439,0.4877426537164453,0.456813564095264
2021-03-31,0.30883223266115384,0.26665658801753206,0.313445911516733,0.32498462328340805,0.4582157399574713,0.3230882619191426,0.2951679459422904,0.19549961754401807,0.1840330183596812,0.27510461280012893,0.2860751653421249,0.4198809789328101,0.3091513237787726,0.48812082742029783,0.4576700928801425
2021-04-01,0.31431481259821203,0.26422543781307783,0.3107757044798178,0.32108053807373543,0.45316446804610844,0.32380783215167835,0.29536560521161226,0.19555860661335905,0.18384911143358298,0.2772389203888362,0.2880210208274014,0.4199205610990442,0.30935695276864167,0.47964496671836093,0.45630769861012976
2021-04-05,0.31809725305324105,0.26631823143137884,0.30977925333298234,0.32126136457790994,0.45127820348377923,0.32384999575875656,0.3033692860389903,0.19541736213937083,0.18940293217836032,0.2773097794844444,0.2879874784491579,0.4124935026136436,0.31038680995462037,0.47743743367778024,0.46922823579400474
2021-04-06,0.3180729911804143,0.265404851084456,0.30983600576592524,0.3212341272673533,0.4495893064716713,0.3239789827383891,0.2971710218814804,0.19733188334607882,0.18982125359521668,0.2799027404961564,0.28982271737951226,0.4141514887870313,0.3075373583138296,0.47788931541830176,0.4691805363401098
2021-04-07,0.31914587096438396,0.26400767117332025,0.31382652496397373,0.32198169109542346,0.44940137131332086,0.3236093259695768,0.29588800242127516,0.19738433346178128,0.19410916082361246,0.2795921582107318,0.29213877862368837,0.4203204173986637,0.29965224444638144,0.4655877356973865,0.4688483917757093
2021-04-08,0.3184595638087041,0.2524894266857285,0.2917234370861265,0.3049494729294944,0.44665460434400367,0.3175863937788979,0.29555657757298603,0.19919448322985592,0.19714375374666662,0.27320555483620707,0.29057313382206934,0.4193141971002359,0.2990729652828866,0.47367244892919713,0.4691187456167424
2021-04-09,0.31759767770513103,0.23255656788264897,0.2832437835775604,0.3043021091513355,0.44512993080856555,0.319823893038965,0.29550276803655656,0.19916195333767944,0.19665516091690916,0.2832714488622638,0.29069276337257804,0.41921259895243956,0.29805210004693816,0.4726983582012656,0.4689808902240689
2021-04-12,0.32189078362386453,0.2336034731618847,0.2898758533561069,0.3043112645488032,0.4594587517304898,0.32829623825093424,0.3031139435784065,0.19470005335311527,0.19656318693299965,0.2864525756868712,0.30863131206626304,0.42768158437606113,0.30171710443964067,0.4873298355258888,0.5009586963006287
2021-04-13,0.32388961612623984,0.23639316826216536,0.2965553965577491,0.3130509256274502,0.4657450944533671,0.3261969612030076,0.30127306591776004,0.19837110787595863,0.20010038573687441,0.28632376663094233,0.3202534014120811,0.42661843512109304,0.3031903033152424,0.489628894272121,0.4967433120128909
2021-04-15,0.3236197839732196,0.24120299587720861,0.30197722531620286,0.31191302338735544,0.4696749532821951,0.3264154477929778,0.30064848114522574,0.20060799710411342,0.20105470907860254,0.28649691808558414,0.32172691820243954,0.42613371775740594,0.3033595686910313,0.4906810889841658,0.5001643078330713
2021-04-16,0.32237598767845294,0.23831718850115688,0.34608048841428,0.3013212843598415,0.46556019512357066,0.3249684199770677,0.2987654361600855,0.20365187290516268,0.1983189039603328,0.28893070269208626,0.3205955539929039,0.42385052761009406,0.29233503427190294,0.49133529403807097,0.5015960154901359
2021-04-19,0.3299489221445343,0.23300950321845673,0.3443955492780808,0.3014749988213858,0.46256762999385537,0.32678101371150586,0.2990302958700351,0.2032342304895967,0.19976467727805367,0.27794410274514403,0.3160789177499767,0.42777858975338223,0.2924763717735366,0.47549524211750127,0.5166899079850894
2021-04-20,0.32649587882224895,0.23365234981168703,0.34459083512081967,0.3032282674132894,0.4617998910308892,0.3239628113000738,0.29957137321605676,0.20264515648086534,0.19988872022898171,0.2736185213744419,0.32525769975302665,0.43229782463326566,0.2921917589899384,0.47428311265831474,0.5083840401480174
2021-04-22,0.3302215752449808,0.2310231946027934,0.3450147951057429,0.29958444296301023,0.4616265155471387,0.3226386056221368,0.30042416014689444,0.20560997073775414,0.20001683018927696,0.2741703962437114,0.3256318476379792,0.43328670488723803,0.2917609589740996,0.4769093447187465,0.521303790324178
2021-04-23,0.3291840022821985,0.23256697158734616,0.34857837731279967,0.3004103221830599,0.45305491987371604,0.327035510577581,0.2981726409283449,0.20635310240925017,0.20712382968608706,0.2707275504926339,0.3298119083498538,0.4270558227729722,0.2892359787767461,0.46985092498212017,0.5202061814030536
2021-04-26,0.32918271414991096,0.2330402388816852,0.34897886283985435,0.2977589808688315,0.4506157102900914,0.3235492544806938,0.2967526190570423,0.20841827723215953,0.21619209881683846,0.26931387574399324,0.32974127803663816,0.4277379463116493,0.2898282363810331,0.4644418266249746,0.5135523556718056
2021-04-27,0.3272215134031209,0.23182123549282177,0.3472631224996537,0.2975691210009176,0.4491458566202404,0.32292506772021395,0.2953339413647535,0.20776523592008037,0.21617256788217412,0.2670617150649442,0.3292661656488417,0.4229886862021814,0.2908092757619036,0.4692387191250771,0.5169303135298049
2021-04-28,0.33319499266806973,0.22877876426821425,0.3452880753979112,0.29327449898344177,0.44711932280551014,0.32050693800215213,0.29402431456561867,0.20780812512033056,0.21918059353525293,0.2597704772326962,0.32153259172213433,0.4165106500367113,0.29171120555886476,0.45985783886696807,0.5103440336302381
2021-04-29,0.3294384478929978,0.22501259223401218,0.3377947284557593,0.2915200052180688,0.44685986432461466,0.3209370109795795,0.2915236349926715,0.2072083303906876,0.2192175497047239,0.258595305364502,0.321811667897823,0.4167768880129857,0.29194018534815,0.47227184521448096,0.5101818969927299
2021-04-30,0.33570484916445015,0.2161091397175816,0.33000404565430597,0.2904995222797154,0.44886776741723944,0.3146501509575745,0.29004917604014585,0.20504493407469976,0.2115343684879438,0.248884823443155,0.3004294693830156,0.41439517585902996,0.2857588390217582,0.46298746882505165,0.5085715868585362
2021-05-03,0.31946530699211095,0.21359008261129614,0.3310078466859518,0.28739360848912276,0.44616448031070194,0.3093840386875835,0.2601754557093167,0.20664561371311374,0.21130383793936147,0.24892842639592033,0.2886413707943997,0.40759746068870784,0.28246105103048197,0.4536890659674981,0.46151158022952227
2021-05-04,0.311829373971395,0.21622764228860555,0.33094427909478846,0.2855128448407643,0.445543569066968,0.3067518389072627,0.2594272607150478,0.20630089834913934,0.21100272971878895,0.24516199387047558,0.29267865347436883,0.4073558958354131,0.27353647412610665,0.4541394762867081,0.45098202417010946
2021-05-05,0.3152451782319386,0.21597176697139614,0.33191849396747397,0.2806725258070137,0.44597871061712,0.30137953882764185,0.2599435298181377,0.20629558741712836,0.21102319280695664,0.26514728175577773,0.28551544166825665,0.4174880114151307,0.2729696283292622,0.4537826164771688,0.4509427488622475
2021-05-06,0.30894088333025904,0.21764945571677152,0.34207239944024864,0.28200176550724987,0.43762999724545976,0.29919411590157596,0.22670395493499115,0.20716399849355382,0.2076604558745067,0.2655573291969038,0.285484491964535,0.4174891074929034,0.2717723034098971,0.4555384272605486,0.43771048360789117
2021-05-07,0.2982503674191728,0.2177893351365587,0.3409874000202565,0.28121478115437376,0.43791355283520583,0.30141601016181174,0.22459894829885055,0.20717358524447022,0.20658842070244626,0.2654633915687869,0.2800408370361235,0.418551238914755,0.26633079968320683,0.4691816159435411,0.4427024777272285
2021-05-10,0.2995328240964116,0.2132117123181121,0.3404915918338003,0.27757798091219843,0.4381823591240991,0.30502293603494496,0.22453450481570084,0.20680930190454738,0.20471524258311927,0.27080012563546646,0.28509336459458867,0.41832887065002444,0.26030470873312755,0.4696084757938318,0.4445471321470998
2021-05-11,0.3051940903917847,0.21370745013976541,0.34218174763696835,0.2785741801348911,0.4431853932473466,0.31814331405875007,0.22241071381617608,0.2067020558328805,0.2046138050362489,0.2710206545884128,0.2853461463544119,0.4193036500794407,0.2605653104455548,0.4686684455505438,0.4431302946660697
2021-05-12,0.30766452362566243,0.21326506295837042,0.3455749253746413,0.28031775376804086,0.4462817262319648,0.31809239796111555,0.22222687801956162,0.2068475672170756,0.20368271360533063,0.27164703417116837,0.2850949254433612,0.4206165246569737,0.25997139292195504,0.47955001507912687,0.4418286134417275
2021-05-14,0.3075390757832572,0.21385851675077683,0.34787000830267284,0.280168277898369,0.44816950613834855,0.32058363424141717,0.2409695789558287,0.21429803749417184,0.20571415636137438,0.2693625164878115,0.28845884386954573,0.4226309511005734,0.2583286319334696,0.490065021478179,0.4551165554623144
2021-05-17,0.31140297699975333,0.21309799778793753,0.347363549043986,0.2799019523160182,0.4448284924373108,0.3187842252927652,0.22673197557804442,0.21500140401866824,0.20405936068562536,0.26394365338776354,0.28850305612294996,0.42247681691235756,0.2581353680854907,0.4865420089857029,0.4612708648851791
2021-05-18,0.3091886938946109,0.21366884647202916,0.34821356360284617,0.2814333725637307,0.4449737231646958,0.3180558505480139,0.22781640539977624,0.21454968004047303,0.2042142669356361,0.2640387569935765,0.28636998081045434,0.3374216321134005,0.26086502472764506,0.48553818715242986,0.4601263374516586
2021-05-19,0.30763739843776966,0.21140442136095272,0.3479717045924379,0.28135968761127833,0.43319956017095523,0.31332553081213194,0.2288725351993244,0.21464862905869028,0.20338635027697577,0.26607798871475075,0.2862445654704067,0.3319159249431139,0.26231814855373237,0.48364207596598896,0.46081993376277103
2021-05-20,0.3073099427924918,0.2107978474005776,0.3461411268180243,0.2812093576181601,0.43734991062959105,0.312536747424331,0.2289371628115111,0.20760389666749435,0.2134906829438469,0.2687694812206826,0.28245346467263666,0.33136334918966626,0.2635331499102237,0.4983803973760418,0.4608978672018586
2021-05-21,0.3110783216672335,0.21128964025680005,0.34627352205265316,0.27432530073482975,0.4039816621747789,0.3024822375647646,0.2296396917344246,0.20318523927979065,0.21354885598052897,0.2680093194703091,0.28271666450552374,0.32122303059506263,0.2669754886166069,0.4981812993125584,0.45805706861678386
2021-05-24,0.31106009168733284,0.21157613000558245,0.34565501353528677,0.2723469636406967,0.38963407890338103,0.3022231175289124,0.22930563201699,0.20403856687874505,0.2156583001951966,0.26588091744067405,0.2822109100654817,0.2949640443585368,0.2662262218288981,0.4918010196665907,0.46193572139504785
2021-05-25,0.3107439690441578,0.2077930839880419,0.3401910298556344,0.25739963838092206,0.3899112830341085,0.29869664086758196,0.22640217223790407,0.20105458412733457,0.2198907921778958,0.26206337806409624,0.2644626688585716,0.2980267956108908,0.26371458807481196,0.49121961061675035,0.46018312014101825
2021-05-26,0.3007921361686365,0.2139495575096263,0.34071024929996646,0.25875726896761053,0.37409532019865815,0.3009010847782675,0.22601183176530054,0.20095764797168564,0.22040844507069365,0.26145999755191923,0.2648901522905838,0.29498658536204875,0.26329799825702344,0.48023073877961897,0.46222142507627445
2021-05-27,0.30097889472280026,0.21377591267682383,0.3424039354990828,0.25810137736127214,0.3742738087562302,0.301341581436386,0.22604481298390366,0.20112634273445593,0.21642348260846672,0.2616921337668649,0.2630645265761951,0.29219752502587015,0.26243900207572124,0.4800124514194014,0.4621353499661554
2021-05-28,0.3019987792357025,0.21375419666434636,0.3423841572839278,0.25821343139025954,0.36084182430760386,0.28741262349459823,0.22662959200502117,0.2008535823158067,0.21646205066175717,0.2765495712059294,0.2649523004628194,0.2934333767525513,0.26183371173394865,0.47918017562280185,0.4625729801144594
2021-05-31,0.2749179898871081,0.21029499266007534,0.33656496457567614,0.2433253805373027,0.3335907135632407,0.2884551350852257,0.22278626633387014,0.20164798802574946,0.21525471939764304,0.27123114398667153,0.26613413878132586,0.2927439165410458,0.2538458152950659,0.4708246503749802,0.45617557824596255
2021-06-01,0.2646596167039014,0.20991087219296622,0.336421487961531,0.24123370222340704,0.3222248032892144,0.28776572763833447,0.22138699868113346,0.20058560961279828,0.21343106446251175,0.2695885839099719,0.2660897066943508,0.2958067897456335,0.2377983687067321,0.47395358935198245,0.4549692568557674
2021-06-02,0.2650972680533764,0.20232387139132668,0.3290176445914828,0.23397479136024724,0.3158476695291485,0.2776110454507173,0.2277303184907409,0.19841890326360015,0.21301818620981214,0.26843666684428913,0.26461250375685963,0.29643178857497154,0.23555920669208977,0.47478713216988033,0.45367377016354277
2021-06-03,0.26027626700193035,0.19382108515606958,0.3294250531883148,0.23344263768974388,0.3260171644141451,0.2778618461006221,0.22773032251675626,0.19853833201049673,0.21249190573405358,0.26682319091056506,0.262234737589963,0.3096730368371071,0.2349390114838472,0.4639589134823294,0.4507280442301559
2021-06-04,0.26028392908341985,0.19271210773974573,0.32932998793298157,0.23284140031822942,0.32816532499820233,0.2756312950138931,0.22773646258290692,0.20356636194122565,0.21224300154462372,0.2661126216503456,0.26125351631641325,0.3109569806317705,0.23363574245575167,0.45967181903717597,0.4504414765423024
2021-06-07,0.2587792400526115,0.19132971737882395,0.3164162405457489,0.23369630614457168,0.3261297750505092,0.28534627505101223,0.22895809557157573,0.2034213462586256,0.21430800304718037,0.2644907450079247,0.25849084964684144,0.29225133985367924,0.23261483560196303,0.45225184547238995,0.44779154697840684
2021-06-08,0.2596978317271752,0.19206967303733108,0.31507112634620205,0.23719842070661357,0.321311146291512,0.28351521162651805,0.22979406965068044,0.20344976722531313,0.2159803334204466,0.2644400509366208,0.2589452671043802,0.2926693231710647,0.2341030103546198,0.45472956471291126,0.4495310660426052
2021-06-09,0.25006301258434316,0.1916454032276726,0.31686628905473385,0.2343462108156137,0.32037767071613854,0.28438004346344137,0.23009669030338367,0.20350151142524048,0.21537594975402508,0.2650900798630677,0.2589588346526607,0.2925784753743708,0.2350616750290846,0.44468584370340475,0.4506281312081909
2021-06-10,0.2507422276727385,0.18917054495940905,0.3169720509509866,0.2318636285913307,0.3173128683277041,0.2844086322198295,0.2311685202132214,0.20350701960105294,0.2132440353611233,0.2618274247464266,0.25920524896899927,0.2925651716838087,0.23530565195695508,0.44332419779675686,0.46337320263301424
2021-06-11,0.24922491691454607,0.19147765812059975,0.3166656380939483,0.23185394680492385,0.3173407968554011,0.2840960368227988,0.23122152902287527,0.20170872267997483,0.2115922580281555,0.2583556833201885,0.26209914331426504,0.28881008200585384,0.23583805405742894,0.44708848833198966,0.46240771616658616
2021-06-14,0.2503156352934343,0.19235028715811475,0.31712106723089845,0.22740803508847215,0.31744885429573466,0.28343319906144815,0.23134258035329505,0.2013872423052753,0.21215595289434028,0.2570009035201128,0.25786319963790444,0.28867355964275976,0.23584990073352952,0.4460956820994815,0.4672274286013141
2021-06-15,0.24997543242858378,0.1924542107446688,0.31794184567870165,0.22748593515126211,0.3173375268342597,0.28285810099449166,0.2302416211253031,0.20123071576996648,0.21217421705078587,0.25706013101537395,0.2555591605551604,0.28662230764209945,0.23484595190726737,0.4430849117666341,0.47178467380673883
2021-06-16,0.247596484723971,0.19256163726698025,0.313545466772081,0.22702300606172837,0.29905875773304935,0.27817085295364175,0.22882784187986124,0.19984329126324277,0.2116552736657406,0.24948995934448348,0.25059723770866765,0.281514124703726,0.23452339891710805,0.44316727061761857,0.46342282023054576
2021-06-17,0.24437199644276972,0.17690953479776245,0.308266534933125,0.22210038244590813,0.30048013092366194,0.27593802507319126,0.2192051376159845,0.19675720518295065,0.21089178059894043,0.2465897148638047,0.24480546222340158,0.28234338915933394,0.23612404749703772,0.444873685107248,0.46729810957859125
2021-06-18,0.24437545775848057,0.17689776042660463,0.3112161440915857,0.22246695240538422,0.31203577185651593,0.2702088646355455,0.21326551832942703,0.2005034293517116,0.2119007089586814,0.24651293445554734,0.2439335008802329,0.2820465696472975,0.23909266269713073,0.44150730801460036,0.46751463999552834
2021-06-21,0.24451459614767446,0.1732741012098073,0.3134745110114729,0.2179332426134644,0.31148493617266776,0.2804545187468714,0.21110209431309748,0.20003873270971742,0.20483107585345345,0.24320258709164666,0.24205997282409514,0.28105629765587775,0.23895354518078918,0.4414102846561276,0.4692600786031085
2021-06-22,0.24485369754814637,0.17368258275736861,0.31662514835387506,0.21830684278210497,0.30769941327544764,0.2792935433511274,0.20871124894815826,0.20164175118165173,0.20483062257655393,0.24341305373673702,0.24207729812953555,0.28002157586388843,0.2392775506625804,0.44088126090682045,0.4694758933743979
2021-06-23,0.24363701559922657,0.17166554396523442,0.3228660270145295,0.21338459158487602,0.3039361109631717,0.2749093824170553,0.20106775113718847,0.19930043498763267,0.2039125913166738,0.2432163552508327,0.24168849025612488,0.2793568561024601,0.23840517446222076,0.4251006446732393,0.4601497559225236
2021-06-24,0.24262964096018955,0.1827739671182944,0.31656238346749405,0.21136106731267254,0.2990508026646891,0.267770073284353,0.19693277634265458,0.19687379181766448,0.19615955176669517,0.24021023780761605,0.2420594269419221,0.2686964799444769,0.23068050942420704,0.4229770507832377,0.4574723084571609
2021-06-25,0.24244652338106937,0.1832840631925692,0.31683130263602693,0.2072610161163381,0.300084351756656,0.2698340972167547,0.19766819916410122,0.191460028003644,0.1937263731669619,0.23817848783628182,0.24206826576637563,0.30488379234353974,0.22431655484218396,0.41662784702997935,0.45786242036150354
2021-06-28,0.24213067965924442,0.16942773433753672,0.3108158540775345,0.20266582108983175,0.30023406656687884,0.26164908583386454,0.1948893481659251,0.17726076066990953,0.1829453122831451,0.23611026790431044,0.23957922895736916,0.30123554242880846,0.22483294214717772,0.41041047506280504,0.4578866783483458
2021-06-29,0.24208578088768995,0.1674356094607542,0.3106871531539189,0.19817876814886906,0.30359316628757377,0.26139095150195374,0.19094564570611008,0.17753428732897963,0.1830333565821447,0.23607410950523328,0.23950407991228256,0.3095850634802311,0.22555704822045314,0.4115498808267025,0.45686283216854556
2021-06-30,0.23401937967111347,0.16714943368115293,0.31068929987530847,0.1984409874784772,0.3030070740897191,0.2615236088461322,0.19031318921998178,0.17720281965278822,0.18304744029689335,0.2327920507401894,0.23825031083157447,0.30938635300563117,0.22517085594233488,0.395157294080581,0.4577300993859808
2021-07-01,0.2288526494913288,0.1669278750670849,0.31038229827259317,0.19957021440261355,0.30254819010423867,0.2596688060587458,0.17727578798733218,0.17526537220410898,0.17979168613751476,0.23365311366729014,0.24160560256391764,0.31025381728428325,0.2235661514320509,0.39552533001304,0.44509604816990955
2021-07-02,0.2285673074815031,0.1670103501712416,0.3105896591564639,0.19895559434386717,0.3027440174412817,0.2595285924284434,0.17735700019669712,0.17387667206247875,0.18119581340362884,0.23125187589199198,0.2406469824182483,0.30884957085046744,0.22321893536411305,0.3994172706442705,0.44559026386778333
2021-07-05,0.2276613487180352,0.1656160064173888,0.3078104548388436,0.20035047554288637,0.30505521956548237,0.25950035481993405,0.17746927157605266,0.16956368469871078,0.17598917270911116,0.23134123542103166,0.24004663396974818,0.3008104717002861,0.2201408045184849,0.3999313625611307,0.45004092638865123
2021-07-06,0.22938447436864562,0.16725013377635295,0.3083188700193573,0.19953329474180578,0.30393809553032286,0.26000491483760574,0.17775097300288256,0.16757859053456917,0.17116436015430816,0.23117619618953644,0.2399883369153421,0.3010586184762591,0.22025240806734125,0.38916747529056,0.4500580896134722
2021-07-07,0.22873961197323123,0.16724269606164066,0.3068743150208603,0.19386558162607923,0.30570136564590766,0.2556947596900128,0.17824646018753434,0.1696723921610034,0.17102656387075527,0.22016554846422362,0.2386323165558238,0.30101323077257797,0.22053490825834304,0.39376462251565325,0.45071981434462144
2021-07-08,0.22200446280198938,0.16552309687957498,0.2944587696492816,0.19408973079776692,0.28633771864660346,0.24262980417100677,0.16235519437593832,0.16972583735856706,0.17134636874071166,0.21634996686355956,0.22107314624197907,0.28869425173742136,0.20366726322781725,0.37921039858501965,0.3802374875916033
2021-07-09,0.21882804091601177,0.15917197139743555,0.2866402227411833,0.17910860282414648,0.27553335947988594,0.24118439326122093,0.15889434917218798,0.16490466315387348,0.1681441551932152,0.21499810973760894,0.19966339083329634,0.2886042694880968,0.20101030383448357,0.3824596867619893,0.38295713431925815
2021-07-12,0.21933397584834674,0.15006343987853799,0.2822948315805293,0.1781485085036621,0.2696726476337084,0.24102846920950322,0.1576770469656049,0.1607452212531391,0.16591903623163354,0.21430602378413,0.19828971715977037,0.2886291595799785,0.2022100986142511,0.38253509397351454,0.3822796438181004
2021-07-13,0.21987356024346819,0.14951240888685607,0.21840505197360358,0.1755051904213639,0.2683054842975691,0.2423509976656969,0.15737270887940039,0.15449261028145295,0.1662249782506878,0.2148610047079403,0.19931836139380185,0.28606155672750017,0.20213569797433548,0.381422495426965,0.3814250847767522
2021-07-14,0.20679395281865817,0.15392164943849912,0.25919457039156424,0.18209378476359497,0.2538636006221535,0.23062270126011633,0.1571954566425024,0.15428194643301898,0.16388353917344622,0.21406774397798603,0.1984586872142775,0.28009594985427927,0.19462636652447068,0.3812647283474347,0.3567650263101543
2021-07-15,0.20673929490188828,0.15224316391967885,0.2625189245999253,0.18838735917058663,0.26369862485838996,0.23098419891566072,0.15703371052760315,0.15451090215302613,0.16428703418542895,0.2140162707011667,0.18333918267402244,0.27177959041255906,0.19491504873097473,0.3813054500211555,0.36051602872281263
2021-07-16,0.20159381247524386,0.1569811585371973,0.2540785746507687,0.18593867845502535,0.26377615668641047,0.23243279606238273,0.15615775924941577,0.14963656988941537,0.16388510468039222,0.213657298002672,0.1827079337769261,0.2700151421619646,0.20434982169166627,0.3787214936082687,0.34883447956713187
2021-07-19,0.20406101960456247,0.15552547581241208,0.24935084945804992,0.18232070455598703,0.2666722552994244,0.22452150610226068,0.15602993012915936,0.14821552697953072,0.15499908962622727,0.21345912541652742,0.17424337289796746,0.2736427450316649,0.20196403669875246,0.3800500261836358,0.34484914771610686
2021-07-20,0.20309931037562806,0.15533108443897545,0.2504289681554225,0.1819390714714897,0.26960195819086064,0.2312014849314954,0.15639547933518327,0.14585683942679964,0.14248537249230472,0.21696241797277,0.1769770213265245,0.2727347577650917,0.20704489216655772,0.38498131557515347,0.3496956883572109
2021-07-22,0.20294494491850504,0.16249492539114405,0.2554262458167204,0.2131686994038221,0.27406123449953324,0.2309929116452346,0.15639651652137193,0.14584925632299384,0.14252901673479346,0.2187670174004424,0.17737440167865928,0.27671545459763014,0.22111587430043014,0.3825337884645974,0.3489380900233231
2021-07-23,0.19030534971586147,0.1625059437702462,0.25928223697841063,0.21353324178959965,0.27398533944936504,0.23015883289855477,0.16485231932283143,0.14504208575212627,0.13825074184829972,0.2191983740387824,0.17759628236842467,0.27988622285625064,0.2178973010527925,0.381784796654085,0.3476289836964198
2021-07-26,0.19153772116920662,0.16280674094335298,0.2618665748292388,0.2149603200996215,0.27452349071996646,0.2298073132194399,0.16486055278634654,0.14502492475838064,0.1404174053264449,0.22061730290420573,0.17645830293564232,0.29279776669868307,0.21809789897588303,0.3636419814734177,0.3470208332872102
2021-07-27,0.18745035311860542,0.1627371087683783,0.26182571844058833,0.21106641166107526,0.2630684296459193,0.22957738565652988,0.1658719749004295,0.14273332879200162,0.14115336461418893,0.22364019577948474,0.2787786908188937,0.29136546095639,0.2179358528447258,0.36608567240362266,0.34602570073718986
2021-07-28,0.19320806978785052,0.16245648161167536,0.26021590993091,0.2108957097631234,0.2629553250997451,0.23095248839379245,0.1647812278940978,0.14358662315566662,0.14194277864387278,0.22327476578967917,0.2822286899818517,0.2932848404861147,0.22619956436037558,0.36503262276358234,0.3484172463452725
2021-07-29,0.1933453394356144,0.15727927926250293,0.2587734351351106,0.21107276637674052,0.2606221727977317,0.23057670087788237,0.1671659210162297,0.14438836143198006,0.14236541604801103,0.22263128882699462,0.27962194292371906,0.2923763768078578,0.2248877554769592,0.38749566053711637,0.34948271320290825
2021-07-30,0.18835786160535994,0.15758059383513173,0.2576609530436742,0.2542284274222981,0.2594883478751021,0.231544099672942,0.16683555898932464,0.1468887886383198,0.142460726303325,0.278189259491819,0.2773332308390719,0.2780934727379605,0.224180444201682,0.3902526211039228,0.3503025849623681
2021-08-02,0.18759785885686558,0.15702152933893057,0.24334011631086871,0.2526699045211376,0.2606484789233148,0.23087461206795504,0.16783547760237,0.1456860196416743,0.15056010108276768,0.2776872976367972,0.27727836724017124,0.27808665258749404,0.2244717856069483,0.3898850438541808,0.3582525513627887
2021-08-03,0.18947421335150985,0.15731000932917177,0.24404055710588937,0.2532880580744546,0.2601330267069781,0.2281906652077591,0.16775100762220863,0.15903657727652937,0.15556374586411204,0.281677363584892,0.2774709836759315,0.27693519315818566,0.22822676630661504,0.3624252429735548,0.3548864067022547
2021-08-04,0.20274366138652303,0.15562613303599163,0.24148548028964834,0.25425621142609955,0.2566926585772541,0.2229932189164831,0.16837852706005055,0.16156773017971768,0.15266647030655825,0.27831005516036844,0.27100798093487505,0.27770872824062365,0.22878157035719082,0.35865539776636357,0.3527403469982828
2021-08-05,0.19499291786320366,0.15414794329100767,0.2391695025176583,0.25552614054702955,0.24548025487635503,0.2040405367934261,0.17910149710072742,0.16205639710310993,0.1536073166591896,0.2771873274663113,0.2710073625695209,0.2734931185596622,0.24396826986960923,0.3598877734708067,0.3524930787877832
2021-08-06,0.1900490095215327,0.15402381363595843,0.23468597126000043,0.25275705419407585,0.2397689490634089,0.20469877352781574,0.17923055195963897,0.16243490961306825,0.15334614896829596,0.27658879718404344,0.2709996776555733,0.26936237734418017,0.2442653448618499,0.34753628989543506,0.35710599233395995
2021-08-09,0.18938538470512686,0.15223700361951426,0.23086754768419848,0.2519796973877621,0.2384092330777915,0.20228901692886608,0.15548570684210827,0.1519808824638071,0.150111572223823,0.27401182206702224,0.26880326133762233,0.27053229408197477,0.2462526111064024,0.3370233486380222,0.33471906683878966
2021-08-10,0.1877188303296687,0.152027498427299,0.2315532713217112,0.2558075783668598,0.23730508623142305,0.20680676951327112,0.1603242477542458,0.1500907149812281,0.15010171612535114,0.2735134768212753,0.26838508507046577,0.27139385270664773,0.2539523920113945,0.34215844549342966,0.33417740034568866
2021-08-11,0.1910134763025765,0.15201970366482156,0.2303932033736349,0.25478200580672183,0.23808804196472175,0.21160170811061318,0.15877577360319542,0.1500076899330419,0.15001942508425226,0.2764730359221101,0.2682820735434763,0.27276673350622954,0.24812107576695755,0.34668470466857965,0.33493336419155273
2021-08-12,0.18880217512427133,0.15160029606679182,0.23043981525277446,0.2688056608249156,0.23747846483072527,0.21474083880787442,0.15700453487488228,0.14695635048484265,0.15001059659316343,0.2745055385840427,0.2681867932517684,0.2744675725364539,0.24535230063435637,0.34487910773801284,0.3346089658489453
2021-08-13,0.1866884946813359,0.15268605438547114,0.23107951175723226,0.2684558015561222,0.23060833951771012,0.21539948068496784,0.1585252998670359,0.14607942097180573,0.13661218530241676,0.2694242544337462,0.26931246639586814,0.27743218200708025,0.2458782490579532,0.3264532789611836,0.3349085090129435
2021-08-16,0.17740408356409484,0.1530404916663011,0.23108070295207409,0.270830600981619,0.23034355322849062,0.2147871428364169,0.15755314696840217,0.14417942790042068,0.1427085372629816,0.2693627115001855,0.2693816778713024,0.3077706056597326,0.24406065880477304,0.33390720591097656,0.3359234069223386
2021-08-17,0.17750884512804388,0.15617511424809116,0.23956729850757064,0.2764933685083236,0.23227633072589088,0.21647173023301913,0.15684163020995612,0.15060780349325228,0.13936763725231274,0.26938070167378597,0.26898338650917436,0.40354908902857656,0.245044862400315,0.33163812126409187,0.3322660123782964
2021-08-18,0.182972272131325,0.15686418972440877,0.24085652172551425,0.2768687300726484,0.2308651001045938,0.21700328734712887,0.15673559711508853,0.15073183977884538,0.1333946709649346,0.26927207141327064,0.26832301370617534,0.4059049842060418,0.2454980954772908,0.33179349165861033,0.33219504417421314
2021-08-20,0.19051534604829848,0.15030646646894366,0.2415432183317807,0.2781440517166271,0.2361347423182866,0.21747799367461398,0.1566966180558732,0.1657100315382039,0.16198203176484197,0.2754448205952737,0.2735506618286068,0.4064340873136825,0.24809386792881874,0.3749079978168604,0.34204245324040783
2021-08-23,0.18607525909534478,0.15030879363738703,0.23793372555808784,0.2781530754974223,0.2364058521608283,0.21738592320404332,0.1588082868473998,0.17011802501255072,0.16315812064660626,0.27500708046678923,0.2739000809694627,0.4067168346156665,0.24752141094101024,0.376048834616746,0.3370825988956438
2021-08-24,0.18430658592639576,0.15302989815086818,0.23772327312213992,0.2837506546174236,0.23771723379167192,0.21590652357146986,0.1579914790099581,0.16962561293594994,0.16645659451535558,0.2606762732736351,0.27534248013918194,0.4049370484830986,0.2478024484326582,0.38090905522328256,0.3409771689573057
2021-08-25,0.18419434113020866,0.15334853242898186,0.23798267423420771,0.2831730502539119,0.2406466378181578,0.21409627127720743,0.15392838981059254,0.16895527452233738,0.16658861262518487,0.26074442957705735,0.27109147240159714,0.4073852244043932,0.24665171704798627,0.38075179267553777,0.3452123081463682
2021-08-26,0.18391908507479002,0.15330763656920177,0.2382484941728679,0.2850001350262799,0.22975451045308637,0.2153075022314758,0.15442285543688966,0.16925805652603976,0.17201148380339013,0.26219563152226655,0.271425079425687,0.40860088084080803,0.2624479068284671,0.3781663282458078,0.3450327575168253
2021-08-27,0.18455330108030474,0.15492541620192316,0.23862813498185556,0.28276790399165774,0.2305987895960364,0.21492506641502415,0.14292203515479085,0.1690410051927617,0.17155738923866753,0.26303818513299276,0.2758635506211764,0.40879341190338203,0.2630874259700862,0.37660375830840975,0.34521913102280527
2021-08-30,0.18292167573296778,0.15597147642027379,0.23812863639796988,0.28666504141308013,0.22373711533921606,0.2163608079050797,0.14436446830770458,0.17057370561340576,0.17241707895129046,0.26525246845054745,0.27847904316041366,0.4005637830724721,0.2757941950673548,0.3837846904731373,0.3459140034690498
2021-08-31,0.18427606790195095,0.1554511461091266,0.23911995815535134,0.288043031688364,0.2180783173949433,0.21699109910923886,0.14772381169646123,0.16714919178469292,0.17219393909124417,0.265320087274093,0.2787928457286252,0.4062956520893008,0.3085586577839532,0.3835985676493622,0.3458223401317496
2021-09-01,0.18434282124089924,0.16094430449160532,0.23820248513163453,0.28896661109111144,0.2184532514594979,0.1997818258247016,0.14668653141743557,0.1703610614364979,0.170134520100173,0.26609164713913,0.280086877634096,0.40292067903674755,0.3084881075663938,0.3890870095935729,0.35385779881616375
2021-09-02,0.18630624618614441,0.1586305825736275,0.2394307778261053,0.28708318411099537,0.21904663651229656,0.200712702558085,0.14520034241017885,0.17430173425682033,0.17048191785548997,0.2660556740051218,0.2825015753802215,0.4019216645086748,0.3068731402055226,0.38699238122735197,0.3536075862517411
2021-09-03,0.18675595843184162,0.15879477987307605,0.2375578226171848,0.28624537591548244,0.23233251593929916,0.19805170420950943,0.14493572174546518,0.1742800529888387,0.16989279281991007,0.2650950442561128,0.28251515741238575,0.4028040624307657,0.3067946948003062,0.3862497579311207,0.35091493458361533
2021-09-06,0.18682528016131852,0.16138471575439933,0.25277024638837065,0.28637644358682707,0.23357551595823006,0.19814065075012216,0.14294728897373057,0.17446066607550548,0.17205537159010706,0.26575432676707966,0.2811447433391741,0.4034370265845849,0.30711967063204065,0.3864809436570021,0.33495466016024295
2021-09-07,0.18706075017429782,0.16292999573842032,0.2564816070290735,0.2904157035844133,0.23520219349473626,0.19831152626963777,0.14421433886478705,0.17457083714067081,0.1713964688439674,0.26896169080755483,0.2734588182578799,0.4082957739433978,0.3092365829081396,0.38030355549483486,0.3392232526612019
2021-09-08,0.19367968349442866,0.1636102620598056,0.25930324647090974,0.2906490282450605,0.23472094775862307,0.19965101707876923,0.14416811957872233,0.1840984536134817,0.17215617282584458,0.26882673614716296,0.27353433050702075,0.41034819315477233,0.3093605285122892,0.3803532341025239,0.3307554356061457
2021-09-09,0.19367462996679058,0.16331434050952084,0.25861577033220506,0.29023089244152944,0.24114178180245166,0.1997330686820928,0.14469868436242697,0.19334341455497223,0.1710877143792107,0.26840878503256527,0.273080915306184,0.41123256477338316,0.3131152484362519,0.38061035234975815,0.32514371505782924
2021-09-13,0.19467802234001905,0.16330890810305473,0.2588541422034934,0.2906328517091075,0.24058947497579755,0.19678370916856497,0.1451637001300309,0.19139972771944092,0.17125587183264895,0.267729485647938,0.27329727342792526,0.41093466217806174,0.3118581958598013,0.37515027311473376,0.3266113624491944
2021-09-14,0.19680648495307496,0.16292555303094294,0.2587871682848588,0.291232662157726,0.23962876979796027,0.19300476249222734,0.14432575612085757,0.1931526603921764,0.17113259573455844,0.2672279501717049,0.269835396637655,0.40867988053742677,0.30926744408540496,0.3744207638466361,0.31986146021210893
2021-09-15,0.19662406869985596,0.16494823582392648,0.2557415477095579,0.2897510850762903,0.23683591288288722,0.23130664242780952,0.14377332294395725,0.1875480901627146,0.16952954280656568,0.2672971060314709,0.27025990476031486,0.4080114010685132,0.3188595015994569,0.3731297637029345,0.31927489706047124
2021-09-16,0.19963025648561497,0.1654615128000487,0.2545476650001173,0.290634406763806,0.23666480405832213,0.21806592680973097,0.1992308653545702,0.187932536924269,0.1693900545995955,0.2673179314973187,0.27048044424912226,0.40867567185774034,0.3201996163826571,0.3745219863801553,0.3155458303757045
2021-09-17,0.22496904084412048,0.16597481732189703,0.2504354824278645,0.2898081154011527,0.23678669106624936,0.2181620622824474,0.19921927708205978,0.18585833407151045,0.1699943961789583,0.2688909433478359,0.2707737709937776,0.40868351273247777,0.3198243036839082,0.3833919040117683,0.31653670222697783
2021-09-20,0.2234015027899537,0.1654144066603169,0.24159079911302356,0.2923574306741341,0.23616747673130542,0.21808565987291703,0.19943943641887474,0.1859453390365343,0.1704764993489842,0.27182562553620077,0.2742634730003551,0.408944041127769,0.31982607844237243,0.43364784787068955,0.3243202058653145
2021-09-21,0.2234179799156338,0.15207249730806985,0.24024600486509068,0.29210988432129553,0.2569555629954222,0.21882604926869118,0.20878395437952127,0.18589496886991771,0.17017263070360247,0.2722721467421019,0.2766650614221452,0.4069404520376669,0.3183159761832953,0.4372193843689366,0.3264799151610126
2021-09-22,0.22542056863325088,0.15124872504348608,0.23996030133402843,0.2983949356862565,0.25745653039697486,0.215621443866829,0.2087179969445895,0.18773273280763206,0.17001509129031603,0.27185885867535703,0.27626278361853646,0.3829093645638327,0.3182099735262117,0.4278694895426283,0.40048743784973545
2021-09-23,0.22796546589345204,0.15359185758182078,0.2401270403432527,0.2979078904746102,0.2633161353822032,0.21719112385663844,0.20819771316775534,0.18815928728120995,0.17034430512109158,0.27181373485745847,0.27391380720571035,0.38789547322416057,0.31732189482330486,0.4272008658225887,0.4362351870992674
2021-09-24,0.22472825019884468,0.1542897867454166,0.23874388865601526,0.29540679098552913,0.25924679808851453,0.21893419621431348,0.2119014125538135,0.18805150351730565,0.1701257738181711,0.2718314110679694,0.27351606413233837,0.41195357196081983,0.3161881258521896,0.4334297808089061,0.43361864250236054
2021-09-27,0.22464353951757352,0.1621550038952066,0.2505715684368281,0.3062241821873031,0.2622522007626503,0.22112915988352,0.21160031036629348,0.19000731727857675,0.17118177582682137,0.27270534183941675,0.27355118498045494,0.41999058923106813,0.31676666606945225,0.4332443389641347,0.4310720952370734
2021-09-28,0.22642343502172874,0.16534087297065653,0.2540252421647002,0.31554451253166305,0.26316094446452465,0.23430864394652876,0.2120426956172535,0.19051092330648695,0.16788672740468943,0.2732563154625905,0.2687226288514512,0.42636712342281063,0.32767237121235543,0.4333426334838037,0.43522154036794153
2021-09-29,0.23055196670499054,0.16522925506733183,0.2538755172733383,0.31775651057012666,0.26444309159737833,0.26790153431906744,0.21173018457438245,0.1904605846569242,0.16581706849386466,0.2876411039477513,0.2696453819960871,0.42569375270123366,0.32810556230168,0.43042609690467315,0.43515128605764836
2021-09-30,0.232242338457529,0.16640939568343988,0.25494247996184677,0.3170833776959874,0.26217010769599536,0.26783070109130613,0.21279507920046295,0.19072430611421531,0.16578730481032844,0.28768795923179596,0.2694871972218541,0.42590354901326927,0.3289573904461388,0.4294353985369294,0.43162556140730624
2021-10-01,0.23164550826323946,0.16529565644308605,0.2541051675176543,0.31257854551980974,0.2627736466994371,0.2691464061251391,0.21247314028320993,0.18937255427392458,0.16668704342546894,0.2866366133293087,0.2717755205614632,0.426036828612603,0.3323427473118239,0.4293170506170339,0.4305699391136824
2021-10-04,0.23173808239058966,0.16592483665451807,0.25413169228081806,0.31358410820275856,0.26071059876368413,0.27930827598096214,0.212418483759755,0.187904732010905,0.1677020105226652,0.28637827340892735,0.27436492449320277,0.4273671400148084,0.3323937635020681,0.42211142242297284,0.4308824906289672
2021-10-05,0.22879097556502148,0.16638031829516559,0.25415395458344553,0.31327087383527763,0.33232489687176503,0.2793823017596884,0.21229610572659444,0.18782000784891964,0.16661316628864015,0.28468799917731075,0.2723984349970819,0.42780299791375764,0.33416138919453825,0.41906071485139906,0.4299413015619293
2021-10-06,0.23027337186697494,0.16842936596070465,0.2562296125063807,0.3162265393125356,0.3351284549844077,0.28197013471926763,0.21492540906277222,0.18998524005101036,0.16809824868852538,0.29035747882829144,0.27379989079237477,0.4306408483057649,0.3342549316673205,0.41523685148435,0.4259197831305522
2021-10-07,0.23020413133357728,0.16793810355123817,0.2566637092630728,0.31825514406671945,0.35179869462681224,0.28228907699136274,0.2150252601698292,0.1905567730515061,0.16966510258958245,0.2948145837834075,0.27436746252935534,0.4309400517447246,0.3324305326213929,0.41481153282881317,0.42599108632032734
2021-10-08,0.23074146790380137,0.171724634056548,0.2613801231402096,0.3180308778467209,0.351196273768071,0.28265648928545817,0.21561777055258932,0.19074680828826637,0.17010114801708479,0.29266394459052336,0.27414568501075137,0.4319021227628234,0.33231616857820445,0.41514367595657997,0.4281369063704905
2021-10-11,0.2337611702298732,0.17247101705662365,0.22422799131427254,0.3222286536369603,0.3535040982934292,0.2864377463926097,0.2209470324472296,0.18979494188315071,0.17209818957750184,0.2934172038727932,0.2747018870591179,0.43194490670526303,0.3330328373603029,0.4147663870699268,0.42860960193758735
2021-10-12,0.23429675920451665,0.17271232570996323,0.21971983780820056,0.3209323451143893,0.34591633563473184,0.28624703127806594,0.22151335481030024,0.19246386405480392,0.17145835571478654,0.2933238119414346,0.27484331985000165,0.432320753208709,0.33268381042714473,0.415060621528907,0.42442988998757175
2021-10-13,0.23443955624291804,0.1710108622563294,0.22283949560897956,0.3214963990685186,0.3503181865735023,0.285365284877918,0.22968677670191925,0.1929356887808312,0.17076664382706805,0.2942062999291362,0.27493336192292755,0.4323584702026617,0.3286161197491298,0.41524498771519824,0.422683492631128
2021-10-14,0.23154329936804788,0.16966401827484706,0.2446553654856174,0.3219796280618378,0.3474369832347627,0.2857314101238084,0.23579157373953855,0.19277388871266446,0.17077028777358852,0.2943410870547679,0.27526168848693805,0.4301443785280294,0.32874045557175313,0.4156108469844363,0.4234035550242853
2021-10-18,0.22991407193786745,0.1908029734405403,0.2430428811953255,0.3264718370057877,0.34499224497983694,0.27963691667963486,0.23858357213550885,0.19277498204214832,0.1736784469881894,0.29148256222010815,0.2757919435394649,0.4301308076942235,0.3244969364868653,0.41447540825378765,0.418736848243768
2021-10-19,0.2306374415135875,0.18688509283653731,0.23762142923411875,0.31724479617786316,0.3473880551084392,0.2797196049954917,0.27558034601509224,0.1926011203383892,0.1754141411307955,0.29171870674255307,0.27665492202048503,0.4275275226131631,0.31626238753442903,0.41553913719395613,0.43892454726324776
2021-10-20,0.23174796980362575,0.18879070080088822,0.23552295505950396,0.3172193701073658,0.35217176969445313,0.2844553182964208,0.2713566167814251,0.19242556293661964,0.17669542372477579,0.29379654467480504,0.27654990806668023,0.4328185758868792,0.32472535563757904,0.41717072668408467,0.4389846012364092
2021-10-21,0.2629049739507538,0.19753128252627133,0.23386380635613951,0.31726545839566817,0.3514409927208127,0.28476764737176585,0.27162611231047357,0.19242257406526542,0.17762409487779554,0.29297380206851004,0.2794149496688744,0.4225956658942287,0.3269419393118496,0.418930505388296,0.4404712281748679
2021-10-22,0.25692250728044064,0.20206301441641347,0.23848976631102137,0.3177563935066721,0.35165092296806166,0.288675514992154,0.27982654343516045,0.19381320465758967,0.17710428263426128,0.28936938389733674,0.17995324303100751,0.42585103258159707,0.3264471966171304,0.4167875974563229,0.4410622897063981
2021-10-25,0.2500977815685618,0.20278510634710753,0.24351201855162607,0.3174813031576163,0.35404883181262264,0.2862016678298383,0.2816880650807006,0.19545465766819006,0.17966492926161534,0.28930296825520957,0.17469937006811345,0.4305144340709732,0.31264257297458853,0.4132913348941352,0.4449889207623716
2021-10-26,0.25283223623942297,0.2027230883214016,0.24333864779638045,0.3201960330202469,0.35410805293197745,0.28664558555098274,0.28061829933697435,0.20647150047840762,0.18208536442636788,0.28658947102792925,0.1728508283456293,0.43331978275413446,0.3125451424236527,0.39622702096962276,0.4481848311089982
2021-10-27,0.25470303401781175,0.2043620395901551,0.24283816217733528,0.2883329106497788,0.3626813232485048,0.2882629304625134,0.2803185851047896,0.2062709931021348,0.18191193434518146,0.20226851182897101,0.17200595834371563,0.43329752998525206,0.3114013837312355,0.39568505517481234,0.4478732301845749
2021-10-28,0.2714248426663949,0.2054485106636078,0.24717303693547618,0.29334471121755507,0.3788522388496436,0.2950800857728585,0.30434336576964094,0.20630966494352845,0.1761617302072909,0.20741088668288254,0.17668631712576804,0.43329340897482954,0.3146609463189539,0.39627087798508304,0.4508757293095297
2021-10-29,0.28071924266173387,0.2084084306781421,0.2487406603774633,0.30411000153963763,0.37966537343737505,0.304798917764944,0.3041458700865177,0.1960677055842016,0.17186844542744592,0.2035602912456584,0.18112372446479072,0.43310173338491315,0.31170200084670796,0.3972459109740164,0.4506835934632661
2021-11-01,0.2741204805469036,0.21183338776718827,0.24966182749649418,0.30802746635991063,0.38208366164995416,0.3054512516316698,0.3053109058467277,0.19431663180703382,0.1718584768852342,0.20659002354316666,0.19068240156393804,0.4341130843959485,0.3191707956905834,0.40457723632119585,0.45197154189111133
2021-11-02,0.27347148726872544,0.21183624891744843,0.24957018376034895,0.3060075029169028,0.38182611682947315,0.30543537120343,0.2990136969929945,0.19469470172908493,0.17091760101173245,0.20673350734637536,0.19209663694876286,0.43483205934844515,0.3090953926626586,0.40907637100144545,0.4628773200564998
2021-11-03,0.2770391135821819,0.21180058788651723,0.24932925202569986,0.30535403926186144,0.3822768315507927,0.3051699399329722,0.3003661009895182,0.19342425022774876,0.17352834191953392,0.21840800731172408,0.19241250058125348,0.4401837841859217,0.312004589491164,0.409002735721991,0.45946784911260324
2021-11-04,0.27742019164121773,0.21136071311271865,0.2492178285857619,0.3037992985980865,0.380332998548645,0.30427319813595843,0.30245845196098864,0.19306447427753495,0.1725719739926964,0.21906457756924697,0.1919164724801277,0.43772703844213756,0.30997263387353313,0.40839139391825524,0.4593918000080762
2021-11-08,0.2813246493068537,0.21338181724297509,0.24858364383697873,0.3060305525765176,0.3810866195386219,0.30289238978044203,0.30083978667350125,0.19360553258382274,0.17954376979747094,0.21905942426800915,0.19102104109505694,0.4373506881879857,0.3017085300254879,0.40553081223875803,0.4584961435614533
2021-11-09,0.2794685601161262,0.21341864236172814,0.24830203354799887,0.3059905215672376,0.3802925881231243,0.30229040734845325,0.3007280948329076,0.1935942341473669,0.187328181156191,0.21595335813909652,0.19069740888392456,0.4402863750572405,0.3016105496459393,0.39770052403407663,0.45887444645373127
2021-11-10,0.28071611934071433,0.21305647432296895,0.24890262255324128,0.29165337824416604,0.37950006599549374,0.301458083445174,0.30111461984668964,0.1935111360715272,0.19226197448591842,0.21721454933035286,0.19085436647245382,0.4374269540491042,0.3071742683125168,0.40128042000634145,0.4594763484985032
2021-11-11,0.28198152775576435,0.21161575700086738,0.24968124218451196,0.29830209586791134,0.38498845360699513,0.30117489863130564,0.30053918085417164,0.19341832581396592,0.19331360675605733,0.22137058526241446,0.18873697980607798,0.4356945934162393,0.30563087078430656,0.3992137093464859,0.46933857683179087
2021-11-12,0.28215246510981246,0.21824349588718597,0.2559061352324499,0.307780280084473,0.3844048307202793,0.3012850072832325,0.3012512083554483,0.1957181835584157,0.19004825658613503,0.22320659590195957,0.18902531600534198,0.4151160604009703,0.3073593536612866,0.39017036209700545,0.4713768327988893
2021-11-15,0.28265091828771727,0.21396322584361177,0.24676263087672776,0.30130056708858455,0.3833765199331755,0.2996546510272541,0.3034179572026104,0.19291185852987228,0.19106576506023876,0.22327785047294682,0.1886987350413248,0.361972549959823,0.3065953603723899,0.39469164204108154,0.47092796388552643
2021-11-16,0.27880097597194414,0.21371422729586972,0.24605943102705735,0.30206127551416134,0.38318297297746434,0.30294155047912286,0.3045930471651162,0.19207856732442602,0.19277127784014111,0.22557638561508464,0.19021431401793665,0.3575417821074294,0.307257611984484,0.3952791417283645,0.4710640617852706
2021-11-17,0.27441478046175627,0.21382386182165655,0.24384985971777812,0.30161315874441197,0.3772776434128429,0.30003870489537227,0.30609630140970717,0.17831576096030188,0.17066296856861396,0.21868827695309428,0.1821738512069527,0.4376165371781054,0.30705859280056347,0.35837782149636904,0.4558401209730818
2021-11-18,0.2764910637539746,0.21402215638768993,0.2447242231593163,0.30893115200076576,0.38071158029752505,0.3003319862773158,0.30535841083450593,0.1719465783609405,0.17160591920225515,0.2187126353060533,0.18620225881427122,0.4415298833707153,0.3069453293112968,0.36160177559111617,0.4561311628931414
2021-11-22,0.2860440271278686,0.2142366390860051,0.24554132192683722,0.3042676514485937,0.3828389272638647,0.31219970139415476,0.31146501763015183,0.17555484657425724,0.16973009936753075,0.22276237408599797,0.18564728181004628,0.44521799457875005,0.31533557532581663,0.3552320875549708,0.46189318519115474
2021-11-23,0.2866418388469884,0.21531876609035722,0.24548849996147135,0.3051271653891673,0.38144599578169697,0.3156465234235391,0.3114632985074731,0.17623534405190483,0.17549940577854814,0.22591426281107346,0.18507957639391087,0.44395333126730485,0.3159788786166023,0.358845242283986,0.45866768935145114
2021-11-24,0.28757134468225176,0.2205856296107225,0.24619895904745448,0.3060677611512959,0.39030100553422853,0.3149579503099219,0.31310937523378396,0.1757405634616328,0.16953470483033542,0.22533004967792794,0.18452085527587364,0.4432928959816612,0.30138063163529544,0.35889453688034134,0.4597671449877894
2021-11-25,0.287834238844704,0.22169107932811638,0.2454475298998077,0.3069995862268206,0.39035804854547435,0.31508051659063613,0.3142717006726506,0.17587831850692276,0.1712299893385253,0.2235698552864811,0.17921004055094486,0.4562174113904553,0.3008508010576252,0.3584277686785044,0.45948730738379057
2021-11-26,0.2972700705490641,0.22442536171833843,0.25025542892797104,0.30768587932490704,0.4044119327775201,0.33090133617201084,0.321269392662878,0.17465392571436272,0.1692249645824653,0.22356160765468258,0.18980004169423173,0.4562562325613655,0.3008900810159573,0.36116648021053605,0.48535375811852755
2021-11-29,0.30156143950008274,0.2242726807803402,0.2505673006502562,0.3054260965802909,0.40762984831820975,0.3333680719005468,0.3208596215609202,0.1739326932678724,0.16933442777852023,0.22676960911853786,0.19093113085749858,0.44819743281703406,0.266681275004327,0.3607126903641122,0.4856640593530699
2021-11-30,0.307968535143783,0.22226518142722276,0.2514997628394785,0.3048442174064576,0.4086711476587727,0.33314606774256544,0.3202961859022146,0.17042093845015488,0.16938876415463908,0.22656287528851535,0.18934386267556222,0.4480084331428805,0.26899559365822723,0.3648264927788978,0.4800867934520023
2021-12-01,0.30666252146502226,0.22189841624501364,0.24974985692760937,0.3103516531227367,0.40784963722302464,0.3328169333868746,0.32033050810842634,0.16688311076719084,0.16437469717952488,0.22747540884330253,0.18679279829290932,0.4504600636935241,0.26978107095255693,0.36495338104520125,0.4807115533059035
2021-12-02,0.3064280373009844,0.2249218867425091,0.2525667093121133,0.31438014827716043,0.40229563418164044,0.3329906910561498,0.32172686597879785,0.16729457868656392,0.16536308587645854,0.23506487416219138,0.1878497604016138,0.45018239066487836,0.26939750031584964,0.369100341954305,0.4801296693782675
2021-12-03,0.3106235760359342,0.2227416493764032,0.23260590874199039,0.31755696063914723,0.4014212127438622,0.3342050254948149,0.32353191845888685,0.16824272569477536,0.1646685358274756,0.23778334283623914,0.1896290201214834,0.45447453160338597,0.27254127116148014,0.36956823852518794,0.48009378235282446
2021-12-06,0.31217461174920985,0.2261057435993045,0.23543968098086504,0.32019255193238166,0.4021624902405483,0.3372039632128036,0.32486272583722847,0.1702704395758533,0.1665848744256099,0.23817360584509317,0.19404510382304832,0.4546439921349763,0.2757111436973491,0.36965553179323135,0.47952569398610634
2021-12-07,0.31178642441069576,0.22630897305416942,0.2344987031293184,0.3212128486372867,0.40308971623068585,0.3367956610398595,0.32571274459157257,0.166173702406372,0.166338958466787,0.2380089323985613,0.19428025680597663,0.4535359787234221,0.2755053077955866,0.37855060002472074,0.48517538501030527
2021-12-08,0.31244450950348257,0.2315354493828123,0.23660070097076394,0.32283312758957716,0.401246280350483,0.33787149778310605,0.32773308772257037,0.15357437656787554,0.17840587196547444,0.2412457502237784,0.1959094428473227,0.4513970200003676,0.2739724419185489,0.3805727547523143,0.48564746779204454
2021-12-09,0.31164846075898034,0.2317488749942139,0.2350991681270437,0.3226912179730329,0.401845293762989,0.33864973617874217,0.3404658871242062,0.15474943875010094,0.18055919125211356,0.24107287446653355,0.19605905915502844,0.45344628481768673,0.2733443798937327,0.37960981939929755,0.4844014622929474
2021-12-10,0.31103865571151446,0.23167688917581133,0.2353430928019539,0.3218403411307271,0.40181613978284875,0.33841755005785806,0.34013598970809233,0.15333672291427797,0.18060649812783103,0.24109856276073616,0.19605753422497837,0.4533343436781894,0.27357489824933234,0.37970042777411883,0.4943513997247077
2021-12-13,0.31213806231662045,0.2305624673867657,0.2366024784416828,0.3241958834721794,0.3971288875235073,0.3054489949010164,0.3405101557226664,0.15581558005280982,0.18175303508687854,0.2411280293313393,0.1954978901247184,0.4532069338831621,0.2585164311053668,0.38002028599332216,0.49533289569493544
2021-12-14,0.31176712623653985,0.2303491366004709,0.23599476181560283,0.32297343819976937,0.3971853084142266,0.3055273453439305,0.3154092577287738,0.15835437080500378,0.18173945593408375,0.24172151837757044,0.19658282204308009,0.45186367410669853,0.2599593485772388,0.37966775454335694,0.4953092336377356
2021-12-15,0.29302261780206346,0.23098711106604553,0.23811484301314653,0.3230372249512549,0.39946517873229836,0.30551683766354903,0.31801928387596023,0.15751419222258572,0.18247563973402356,0.24556881807822417,0.19664884661910054,0.4519037294547516,0.2590171700595302,0.3741008295840773,0.493784693690008
2021-12-16,0.2930337389513123,0.23483891400097784,0.23948533027534585,0.3213363670748895,0.3996655217191359,0.3050914088507496,0.31724502945330424,0.15681484469785992,0.18191310742097755,0.24455758474707687,0.191468666379451,0.4516386505346907,0.25913128097526095,0.31990743947183925,0.4885704470458597
2021-12-17,0.30136258483275463,0.23864605669761046,0.2536666292619661,0.3194838241314936,0.3962595733688789,0.30586975401244865,0.31234055374548353,0.15733102196877913,0.18216206356069453,0.24390334210005893,0.19113184419596937,0.48165788659675235,0.26291300931565553,0.3145433025719815,0.49399178086303946
2021-12-20,0.30557758373784,0.2401600037357709,0.2541192291727707,0.31752380418142406,0.40391432764888746,0.3122063810633316,0.31546009764505023,0.1565261618642221,0.18501281302203232,0.24382729327015834,0.19235578527424918,0.4829022479397272,0.2638125662531547,0.32979814643973177,0.4524731080690835
2021-12-21,0.302326209606397,0.23875050890530117,0.26474305376174556,0.3202226837033214,0.40029552207356134,0.31082641617221096,0.315473910443118,0.16095635721012716,0.18668591008875704,0.24695625849924926,0.19353541390654216,0.4810377635033692,0.2654718806566431,0.33567865518148227,0.41476012041713645
2021-12-22,0.3042677666493405,0.2379576138165526,0.26518285806929415,0.32140790017154686,0.39953245852117636,0.30928801250153315,0.3139855298288634,0.16093674847797515,0.18661694259003006,0.2518216624713926,0.19398554849888558,0.46018844510111373,0.2688646602384372,0.3322793382044241,0.41299982470381913
2021-12-23,0.30475969470320685,0.23470280637569005,0.2568636087227063,0.3139223487428371,0.3990700992140864,0.30809600604131804,0.3187032306368044,0.15938734755011832,0.1901230882907095,0.25133857222135375,0.1951474279928767,0.45601971124331175,0.2692581535644534,0.33228086431747095,0.41163837323081837
2021-12-24,0.30327466014062776,0.2304775410591074,0.25248973716947515,0.30713707371669197,0.3990642129306911,0.30105140738065034,0.3187924889853385,0.15909344280823817,0.19015650291161731,0.25011873276624125,0.19569350519427342,0.4504350187386999,0.2588519390308629,0.33212638034026787,0.40945664767143586
2021-12-27,0.303450270732515,0.23046721888854071,0.25248939792739333,0.3118959217734261,0.39778132591863746,0.26694889857621174,0.3187461603553127,0.15927700491950525,0.1901850155351542,0.23190657758947864,0.19960749554521323,0.45045886727366413,0.25881630185663745,0.3313419416439152,0.4098185745868065
2021-12-28,0.3027539538366186,0.22996313753674696,0.2516150390959075,0.310657782928135,0.3990453377937951,0.26942703215620695,0.3194811673582923,0.15924149087656292,0.1917387958846557,0.23763417534958386,0.1996434493323693,0.449851765333864,0.25862126560709714,0.331610404593738,0.40886960494004615
2021-12-29,0.3027580338359291,0.22944449407052372,0.25175425085523295,0.3113795202869741,0.39839180614799197,0.2685885654965506,0.3207389331131161,0.15892963215380146,0.19160081690480987,0.24413807606477228,0.20092524977177478,0.45267478130595923,0.25610313085094616,0.331467373551733,0.40886731454328784
2021-12-30,0.30282717971618517,0.22914589613163566,0.25289295169699355,0.309753839618713,0.3986445474503007,0.2625996869964146,0.3204856898107081,0.1588130098167371,0.19156547859461442,0.24405384528917487,0.19996713584517364,0.45121305018156993,0.255672789732448,0.32888798762339516,0.4083450661677456
2021-12-31,0.3071421265997013,0.22900610030886664,0.2524567898108772,0.3101822969037338,0.32957750400183944,0.26503674827012796,0.32092883091399965,0.16151596084736797,0.19270535647175016,0.24378474999659772,0.199958208126682,0.45011833860519057,0.2502122223286786,0.3298070223724731,0.4113073157438755
2022-01-03,0.30811484404714307,0.2273918805640885,0.249399559190575,0.3066548593264394,0.32438572422394135,0.2656697020342732,0.319866957557479,0.1593853948813696,0.19014895164095674,0.2382784164011938,0.1987071185161026,0.4472474906845393,0.2501883801072156,0.3312953426237721,0.41036373956280037
2022-01-04,0.30993677948053394,0.22679973649658508,0.24869799716985203,0.30431674492591776,0.31905304921904515,0.2899869655212588,0.31966992478969014,0.16014671855875126,0.18989993847481998,0.23317676496565315,0.19700605158965886,0.44714674649150393,0.25081910738321067,0.3311168752251908,0.40354218923556506
2022-01-05,0.3192331427970107,0.23254379577839746,0.24398813606062847,0.31087407932667815,0.3210426221369133,0.2893551026230015,0.3195507731151643,0.15995798101178407,0.19029372465201633,0.23322482776446346,0.19714944586876115,0.44628136858268025,0.2507758298202376,0.3349150838883512,0.4043546384666495
2022-01-06,0.31805964094517036,0.23102130027030338,0.24358101865931486,0.31026922303780985,0.31670970353184175,0.2841153739345405,0.3145221718680473,0.16278431517655118,0.1894033143638653,0.2320105266429167,0.1973086668652584,0.44632597887826664,0.25212128826560426,0.3348719243410186,0.40203807251311885
2022-01-07,0.3176522212529205,0.2309058916396871,0.24338333733954437,0.30695640686441655,0.32776780225036983,0.2842966296554216,0.31299175846299343,0.16111163038337684,0.19217510492256878,0.23190499543652057,0.19754306533690077,0.4463600968611348,0.25232187203420836,0.33361664333823354,0.40157542042432753
2022-01-10,0.320928304436564,0.2325842107748361,0.2461130964785465,0.30517274218764634,0.32498033665046183,0.28304195912923735,0.3088671870095581,0.16212883787192298,0.19279547554813303,0.22973307331039408,0.19735547241110002,0.44647395273446894,0.2521390972147865,0.3313539126479428,0.4034450692956661
2022-01-11,0.3209758406280688,0.232547341242432,0.22059493648201228,0.30372503724163386,0.3262750682164813,0.27937504963619053,0.302079276932555,0.16219383485194033,0.1930824521432087,0.23017651962712196,0.1971608223084911,0.44560159276337324,0.2518448563095407,0.33526792314710546,0.40178793497415427
2022-01-12,0.3216733712372487,0.21578082721917377,0.22067426682755556,0.29731179625713977,0.3278283492770781,0.28070527993284616,0.2976007731122638,0.1619467210139508,0.1921795415579492,0.22998395674020358,0.19488150939773843,0.44623186391890907,0.26267001991847116,0.3318705054833035,0.40291351546545345
2022-01-13,0.3221578281269146,0.21417509892840042,0.2523303299357667,0.2876086186644589,0.32476639374413174,0.2814020770771007,0.26978151151805524,0.16173430928057003,0.19299650005259195,0.2397951298742611,0.19294639164026983,0.4461796239114876,0.262673429857193,0.35453111466933235,0.38371300112102674
2022-01-14,0.3218978917359106,0.21529418204985454,0.2527308917203926,0.28814494972490057,0.3231360541620344,0.2780589216843686,0.2698093129481375,0.16487282657892344,0.19318871454218026,0.2380252573040802,0.19252231533696743,0.43896252387521134,0.25203617616545204,0.3531687876828374,0.3849863743633952
2022-01-17,0.29286921357583057,0.20711966026708453,0.2535508127060613,0.2879817029865282,0.3283066602200335,0.2776998126527375,0.27035388506155955,0.16496537963708813,0.19317998983323748,0.2385732088096935,0.1874694595577184,0.43999647659832414,0.25016501682781717,0.35198159688711084,0.38496295008783593
2022-01-18,0.2914505953985602,0.20381954588249135,0.25377128383804487,0.29813402136981826,0.32868524984001907,0.275729017756527,0.26424058568734077,0.16310424281447924,0.19421904527311862,0.23864214742010267,0.187561178638142,0.45512972014658754,0.25358342364703546,0.3554834896627449,0.3959084729032677
2022-01-19,0.2933011341571301,0.21213694282782772,0.25300607718416174,0.2981903401657957,0.333341588807975,0.2754596923219911,0.2629599328172556,0.16647706941853546,0.19321794394838285,0.23960702839784107,0.18684775136073406,0.4531486930839045,0.25533361948233935,0.35653989899791755,0.3914715645814879
2022-01-20,0.2875527171687823,0.2179338863810572,0.25357473349436915,0.2940978453307019,0.3357476897716184,0.2753581313588964,0.2614120602055684,0.1525579211749833,0.19070777135848613,0.24407695452160874,0.19126641980331052,0.4539878292845174,0.257106055240314,0.3467623803389109,0.3841991272453846
2022-01-21,0.28714952419422923,0.22066921822596233,0.25481797109954585,0.30843775713791405,0.33138167288756565,0.2743530692354035,0.26113516597714764,0.15325730273920063,0.19085162128337563,0.24395239434814592,0.19586202783275666,0.4543051369156384,0.26314469957342956,0.3511107927935774,0.38944651749725495
2022-01-24,0.28305505076438797,0.22596280756328294,0.2732869815693671,0.3225303694917496,0.31514728701764677,0.2693509774997049,0.24004075130018643,0.15574549867716778,0.1979069461163757,0.2408545442084901,0.20073124596954875,0.4628313564402162,0.2609961806984677,0.36923108017534667,0.39782167758515186
2022-01-25,0.2776845088634519,0.22222323400625124,0.2737573626958834,0.3140747911474592,0.31467890647961594,0.26327700788424535,0.24090915347382671,0.15596661418040259,0.19816305283817087,0.23933046512708098,0.19729463668685374,0.4626339916977396,0.26855274660768624,0.36867898700077784,0.4004214453225616
2022-01-27,0.27644586104523916,0.2249697839097481,0.27845998532290056,0.3171369125987846,0.31034695119990835,0.2621409192970344,0.23835962479623246,0.1619371770117257,0.1997138555222443,0.23561240361868435,0.19725707953848723,0.4701944342145034,0.25641556353838996,0.3606312816967114,0.3978956567681063
2022-01-28,0.2767239062045708,0.22515618932031106,0.2805019381985614,0.32013884895929073,0.3121121709667741,0.2712132650771551,0.24006007488425665,0.16101078516534223,0.19995679735495625,0.23855129031445793,0.19677924939396046,0.47782133709059466,0.2575808239540775,0.3535869073902824,0.38321481742447155
2022-01-31,0.277536581350471,0.23317699955996712,0.29204756658679004,0.3354497518571117,0.31425485755626714,0.27251743128800726,0.23972154366622112,0.16175134858740717,0.19855864056581493,0.22832019983401705,0.20129455038269292,0.47281641200374513,0.2566105855650193,0.35273844721454534,0.3898755873302772
2022-02-01,0.27831659627855987,0.2367539859257175,0.29253648489825407,0.33735706185874825,0.31525493517872294,0.27286657665882835,0.24703564299078695,0.16174893942833635,0.21089424567547715,0.2665759310746086,0.20139856329422867,0.4734297547012599,0.2572931598993182,0.38763478437462734,0.39711502394148873
2022-02-02,0.2792919907102004,0.23493263302276668,0.29531023539597795,0.33156895198208824,0.3134901599451852,0.2688643149859285,0.24845773854766626,0.16177516497428862,0.20580796870098245,0.26654717399507166,0.20805612442747756,0.47803258694511147,0.2563818775493943,0.38641321627782,0.392941045543655
2022-02-03,0.2806253607417209,0.24164874244357054,0.2968532803221192,0.3337326101889689,0.31695653730816703,0.26761318252996924,0.2490192182779549,0.16273618826190814,0.20160911038614518,0.26731826270063036,0.20864522947236133,0.4747273117276362,0.2563456458917854,0.3863566319815027,0.3930325467691315
2022-02-04,0.2810763963382805,0.24164671341849975,0.2971270774995229,0.33358468989986734,0.3175576563070242,0.26971637413818134,0.24837478662387616,0.1627650833923963,0.19660225879012272,0.2672536799405499,0.2079020433162872,0.4750228041368774,0.2481666701538685,0.3830604246325431,0.393232490302634
2022-02-07,0.28636130712166047,0.24349476170245896,0.2996550937531305,0.32868416076586826,0.31290086521162025,0.2698112053497706,0.2509378092586862,0.16487623019856784,0.20477611001703466,0.2641376791495359,0.208561107167942,0.4843694942306162,0.2504714783594503,0.3833095222408583,0.3886768338051036
2022-02-08,0.28541121042153167,0.23687496631481672,0.2933129293921622,0.3169725590008114,0.3197766315527397,0.26980153743973395,0.2497687287708601,0.16152841811083915,0.20366363416345687,0.2631166412110138,0.20818986077534715,0.4833428553126909,0.24682241837733815,0.3885284807955337,0.38356771824418384
2022-02-09,0.285149165137656,0.23801699840334725,0.2956379691103239,0.31858718341584485,0.32006480404339205,0.26962464161936617,0.24556124182566252,0.15713448711305067,0.20299216997242306,0.26307480143582834,0.20915189658440955,0.45502265914329465,0.24833510880555795,0.38283952867904475,0.38335514917081737
2022-02-10,0.28776920600150285,0.24108884147481588,0.29616230596605814,0.31796380488814896,0.32566190036187226,0.26673262551622734,0.24530645969482695,0.15715895631546553,0.20153376460133554,0.26109021278031885,0.2082004445934297,0.45501438300643265,0.24791593621107258,0.38426253037246044,0.38437863003136397
2022-02-11,0.2893131851917374,0.24739496757104262,0.2986715414368281,0.3220824366079452,0.32603883881075857,0.2650239380148541,0.24265238880019727,0.16081201278460613,0.19960625702219364,0.26273991874098573,0.2082240252537761,0.372041302862311,0.24752052412719483,0.38402653469151704,0.38877163570932316
2022-02-14,0.3013456704141754,0.25144413753790396,0.3049509121211508,0.3196812939094522,0.3241632537197517,0.273770894112553,0.2513540904989197,0.1613366360173834,0.2038704440093532,0.2656656185201,0.2117129238727848,0.3693466855807162,0.2575941029707194,0.3959658960700992,0.40825654600266764
2022-02-15,0.3049959213954451,0.25998875643467456,0.31675367528727094,0.32711982378604315,0.3235826095622472,0.2652258981833483,0.24730615100373396,0.16806119297787345,0.20974553890448316,0.2607538566419309,0.21373595757507213,0.3752718364884344,0.25330724018125406,0.3956249101302541,0.41370339786828675
2022-02-16,0.30415363978839977,0.25870661617498103,0.31681260219817703,0.32603490459501716,0.32750727195946716,0.26252784346092056,0.2472304488929928,0.16674154890617723,0.20439334606920254,0.2595393317345181,0.21436730235279602,0.3760135979792011,0.2506323546996201,0.393900069135338,0.4120613735833371
2022-02-17,0.3026407684085735,0.2542113372876267,0.31647628824534424,0.3249253848680363,0.31668459129604964,0.2611763182990461,0.24476992027515868,0.1667896685502332,0.20340018616271371,0.2594278136515814,0.21403959611427262,0.3756779661804033,0.2509219859864317,0.3931567734209961,0.4117053385952394
2022-02-18,0.30169445800883515,0.2531565454597738,0.3164894494998347,0.32369573344502156,0.3200802797062687,0.26124901210356594,0.24267181257146464,0.16677002305674274,0.20187085923097012,0.2593651247730077,0.21435682884922483,0.35680788176221395,0.2504401367131695,0.3930427371569339,0.4122276550162038
2022-02-21,0.2936820374373085,0.25196963072291223,0.3148960716386919,0.32226449486134673,0.30284480549244375,0.24214482268831714,0.23656325707269635,0.16714759860106412,0.2016574104182681,0.26017386212495025,0.20124380469093822,0.35702368486505237,0.24063481824835217,0.3777602610296167,0.39025936108360676
2022-02-22,0.28797785257767394,0.25194757053237693,0.3138388462502407,0.3219780295943384,0.2995354667276359,0.23880619619798357,0.23732391917740786,0.16569499061556997,0.20129435633952,0.255709953943543,0.2032941562869638,0.3646429530935699,0.2424457433669957,0.3856103745880238,0.41090303617872376
2022-02-23,0.2869526879767615,0.2514041860621898,0.31314599999996845,0.3218731645354722,0.3031763701784746,0.24074925316749587,0.23753084477171113,0.16578353835474205,0.20145256298586242,0.25633111341446163,0.20326761483435668,0.3652683339033216,0.24118244533919095,0.3766302121851394,0.4308805359257111
2022-02-24,0.30320577137172006,0.2628954045466343,0.33018057358803987,0.3348213474902831,0.30852339931554257,0.2581046076924464,0.2477663537431351,0.16425767107491535,0.20491312615795362,0.26148630081747365,0.20749169583619323,0.3758725216148383,0.2593861455349254,0.3945960630600146,0.4498946513792287
2022-02-25,0.3116352001344781,0.2605452599230665,0.33563029811895684,0.3423258517900178,0.3096005229754724,0.27559805657372805,0.2514980878538977,0.16363368368867903,0.20362494749433646,0.25752365852028936,0.21058260567562243,0.39594976388770353,0.2636397056754124,0.4136964179741725,0.48675456069962986
2022-02-28,0.30769516495870675,0.2614416790901052,0.3353700928554589,0.3415256640997162,0.3089240263071455,0.2780936321573151,0.24981055670384172,0.16293562753949997,0.20324551662286158,0.25533002588460346,0.2154440341723335,0.4002908705168367,0.26085995606638135,0.4345780590428451,0.4868790759984015
2022-03-02,0.30882803441343254,0.2574540219057432,0.3318562498180336,0.3383435655973514,0.3072434343617917,0.27751124692936424,0.2473590403915835,0.1623388048517732,0.20168147007069684,0.2586209429489903,0.23524693926305534,0.3984565092377483,0.25669864338088794,0.44805429209172304,0.4847753746432257
2022-03-03,0.30353277899097125,0.2576111428347444,0.3353793473814865,0.3402345817036434,0.31796376302934837,0.27759001497011765,0.2490680421379769,0.1638877424000392,0.20184271424337955,0.2582594168636161,0.24387897940422945,0.3992385407711015,0.25672008078464403,0.44303017690871316,0.47948946261245207
2022-03-04,0.306281738136315,0.25267092647473427,0.33456021074239056,0.3404920588911888,0.3234609876444338,0.2779853143403994,0.25234812537802337,0.16290077828274177,0.1921977015334317,0.2565678813968726,0.25129165922611674,0.40503229975123006,0.25759922644656136,0.4436890370579922,0.4822757582820462
2022-03-07,0.3094719000095756,0.25317799360314747,0.33458030296032076,0.34247550301561475,0.4172929000218957,0.27717368657400027,0.23356249148788408,0.16203217266465783,0.23014731353277973,0.25740597443831936,0.25204984052254065,0.40478442589303826,0.26715630241667343,0.4441339521592577,0.48903871561674017
2022-03-08,0.3094044649616603,0.25715408327437017,0.33954917169069343,0.3472911066509647,0.42799658697784615,0.28276110758399386,0.23418944761147,0.16212185417787112,0.23091738513455518,0.268777297863667,0.25913606520806903,0.4057257174416937,0.26816608231477534,0.4458825543774354,0.4888428350883231
2022-03-09,0.30929592719885535,0.2595632632773236,0.3385997750910401,0.3496445213024746,0.4298952788456254,0.2851471438272881,0.23480498039780953,0.16014178586133468,0.23033425066822055,0.2701495571429355,0.26184149844082377,0.40554309533189214,0.2686097621513845,0.445713957930109,0.49307061549457787
2022-03-10,0.30802057323995935,0.2597707985904018,0.33874521527858553,0.35036197818499576,0.4302957943578331,0.2857712039645907,0.22981631365719574,0.16956283237356887,0.24059617346994167,0.26918042603476283,0.26090163350620543,0.4065058873055517,0.2670976237437822,0.45351634541096186,0.5026143687238271
2022-03-11,0.30659998197234695,0.2588255277576392,0.33735464290250744,0.3503935946334959,0.4275843773050317,0.2863516118611008,0.22863224793322104,0.17304151695230985,0.24014594908356585,0.2746170368088827,0.2650954986819018,0.40829273262688304,0.26657825623196385,0.45292161803370273,0.5019734399492256
2022-03-14,0.3081512461732834,0.2663201363183159,0.33911137810815367,0.3509103975780309,0.4307039109331327,0.2862177450296175,0.22909412607095783,0.1729873798257559,0.23977364557111028,0.27392760668243327,0.26511450303933937,0.4094209154779549,0.2667024096223623,0.453045078567306,0.504474976434015
2022-03-15,0.30575324114468877,0.26672398043989887,0.3291463483386538,0.3555355102554191,0.43346434749974894,0.28503867689065343,0.22407175334593868,0.17286032028346943,0.24107302739225964,0.2739474097927593,0.2645123523519688,0.3772711358003112,0.26237745150665204,0.46316863034149114,0.49938126936485266
2022-03-16,0.3016869712237981,0.2710661739596667,0.3314622640651205,0.35461021388411224,0.4261088270509196,0.27824541989567514,0.21963046207496215,0.17765256326464346,0.2459873491325509,0.2735137078808019,0.26488169829667035,0.3794186994024727,0.26207319037920573,0.4516522204897109,0.4921687017322606
2022-03-17,0.3092480156451047,0.2736350330306004,0.32174936676827925,0.35150623818074594,0.4264351498859504,0.2782311750295643,0.2200141569196407,0.18191376985573832,0.24660914846129048,0.27533924166304347,0.26887410711728077,0.37710896676891814,0.2624947605219704,0.4517101892090984,0.4928851923503778
2022-03-21,0.31188830482849866,0.2732913898137095,0.32155439489986287,0.34992429737406466,0.42682280902676706,0.2782564084939458,0.21994625535131196,0.18718916171714717,0.2566305371506509,0.2716927713222739,0.2687301184917464,0.37712900307996716,0.26092194354181153,0.450138396029383,0.4949542872970831
2022-03-22,0.3134950173644031,0.2734329144767532,0.32239577031806516,0.3584891776140083,0.42501396578448797,0.27668126675764815,0.21854458537627058,0.1934275517890698,0.2583228294470156,0.2711055653490892,0.26812447505809556,0.3765154889223309,0.2619262137284906,0.45012671807266946,0.4944504483211713
2022-03-23,0.3149534739738025,0.27390242940067533,0.32211350184104043,0.3547862035047619,0.4233361630851042,0.27040970770543726,0.2189124332830095,0.19348275832444697,0.26035871155031387,0.2723790859055989,0.2727580940515878,0.3774280147862278,0.26534650988937786,0.450961270974004,0.4940849199177534
2022-03-24,0.3202196716738868,0.2743141887430326,0.3220307033872845,0.34851793950072685,0.4226667609510449,0.27154891470127396,0.21933018783066624,0.19343635207052215,0.26012153065858035,0.272128478698632,0.28809793821074847,0.37756509667401017,0.2652955482457926,0.45153790943792355,0.49377121228931653
2022-03-25,0.32038146158008457,0.2735209335049021,0.32190034532008627,0.350275381351535,0.42302129251590337,0.2698439554770126,0.21939241235164644,0.1949018961981155,0.25880112039461495,0.2681974164236108,0.2886288196976373,0.3783949547174332,0.26514403129587377,0.4522018959170696,0.4959969576781851
2022-03-28,0.32018308440212234,0.2735234348330608,0.3219533152841695,0.34987949873577057,0.4226442134147431,0.2691184624776256,0.21749125327759963,0.19729179743432307,0.2586616335075836,0.2622254944002032,0.2874223244081093,0.3741063548177771,0.27312536161226636,0.4514209800964287,0.4960380039798548
2022-03-29,0.3200741744135851,0.2737292580339932,0.32023309265603594,0.3492992715021053,0.42834182252140984,0.26276379543642797,0.21865423307873255,0.19759594814696863,0.25855777917822653,0.26324062451491703,0.28621256583743765,0.3745407750440195,0.27923542627982484,0.4502373514101374,0.49758824793520917
2022-03-30,0.3188964156010665,0.27434283022423034,0.3201049183881788,0.3505355792342955,0.4431302641374823,0.259213863026671,0.22389156688546955,0.20065917684061618,0.25978719829662233,0.26212873163209605,0.28677769667234515,0.3740221984060316,0.2796841048860489,0.45262569551186094,0.4968391796235721
2022-03-31,0.3173281466243863,0.27412717260406183,0.3206838785954463,0.3506747932777986,0.4435020592717496,0.2583585262096222,0.22394106096312552,0.20114818259818162,0.2629734349384401,0.2626017265418166,0.2871747874047729,0.37626871703705,0.27926219802374647,0.4497228280550589,0.4964881812020204
2022-04-01,0.31684727032293325,0.2741560814261767,0.3229322905675356,0.35067038146343427,0.4413526274249101,0.2620863647234524,0.22446105429398253,0.20099914040547062,0.26322062124417916,0.26135755873401867,0.2871768870123781,0.3761880837020309,0.27892762589208775,0.4497976497450691,0.4973847439276561
2022-04-04,0.3148460992571156,0.26850191961292436,0.3229908699348214,0.34696892359488807,0.4403220680534178,0.26192049158410224,0.22473718670262527,0.20381190036762162,0.2643293389820252,0.2635935980571611,0.2875723523755344,0.3772681161565825,0.2797611698284692,0.4486508315182057,0.49583941041196333
2022-04-05,0.3154494025630389,0.26786322570038085,0.3225199880677314,0.34349401788614914,0.4422663841217099,0.2686315284310485,0.2249602074424239,0.20383387667449035,0.2651914654202667,0.2629977658176065,0.28709075231161574,0.3772739935440554,0.27848245022426016,0.4475973437471667,0.49693386745766743
2022-04-06,0.31604287331707015,0.2703157486742969,0.32207914355621364,0.3449553028135081,0.4349000491430569,0.2728664422581492,0.22482094814751719,0.20320728710028976,0.26250373261096377,0.26301242045650075,0.28777301778974446,0.3766946282457758,0.2785750492136538,0.4487093703723096,0.4972542302219763
2022-04-07,0.3123359756882429,0.26788142849783025,0.3210045537360891,0.34486247441790896,0.43769193183656113,0.2728633106373921,0.2232500871410858,0.20245341654208981,0.26188724062050917,0.26282268725134533,0.28864202320061444,0.3763868192600424,0.2812279660630768,0.4502353531653225,0.4961104605937262
2022-04-08,0.3131093465437494,0.2678559012758343,0.3212849371249513,0.3442241244452507,0.437161136920293,0.2740826606948756,0.23744652946823694,0.20487732270824605,0.2644087027149717,0.2632890460799212,0.29383166019850093,0.3779796861739074,0.2811558909720699,0.44466866474928246,0.4968084127001677
2022-04-11,0.31221144357010333,0.2719731104121159,0.32362325578264095,0.34427485750178166,0.4344542453059196,0.2736022275445577,0.2376470058849645,0.20484778298803177,0.2636626994305753,0.26324526870107096,0.29435570125832283,0.3786368220647201,0.27094440773451234,0.4448066082910032,0.4962406326867086
2022-04-12,0.3117051988023273,0.2721981957034657,0.3034770222725794,0.3468402801800833,0.4352392428751792,0.27365514186472434,0.23925170722054398,0.20483042316500144,0.26187276172529367,0.25433475759520985,0.2938970906628406,0.3787381138861981,0.2747822884425863,0.4304665356665463,0.4975682058118846
2022-04-13,0.3122172544550903,0.2696758469678592,0.3022937636577832,0.3456062683617222,0.43792060893425433,0.27394699263068617,0.24029788960667753,0.20247954142710148,0.26141487727541274,0.25573492532311615,0.29533177715029085,0.3826019737414623,0.2728636621141067,0.4301832781670575,0.496539667925777
2022-04-18,0.3137549787409419,0.3062064145220992,0.3094458439105824,0.3567690131590933,0.43430181279057084,0.2978482132603566,0.2400674085736757,0.20354930522589718,0.2603977590941225,0.2561270873788637,0.2953233402367295,0.3903702255547461,0.2738287597059956,0.4303723485967392,0.4955355138755086
2022-04-19,0.31715346350082435,0.31368729421768504,0.3082836257458801,0.35548346820178645,0.4335520385574591,0.29881478799849526,0.24715802353221078,0.2139962161047048,0.2632108654869232,0.2558893839829716,0.29693606305388875,0.388559889904578,0.27131535081348496,0.4264235650137786,0.4896057974059916
2022-04-20,0.3158357961715081,0.31194284622099117,0.30762726130553253,0.3555438376658578,0.4270977237594581,0.29877745739605654,0.24796610296873056,0.21343891639093363,0.2634224429302365,0.2547917364421547,0.30019275689541847,0.3861009584575281,0.27295437940248873,0.4265102280677708,0.48902883943030234
2022-04-21,0.31957072028594696,0.31213830530694164,0.30756495560776664,0.3557721392111847,0.42525665988727873,0.2994349562236948,0.24699686473934804,0.2123710651721651,0.2653219875119145,0.2532139848145724,0.2980315599621559,0.3843144476123142,0.2712374935820291,0.4270201300615841,0.4936816342016774
2022-04-22,0.3216212911517949,0.31207742658657533,0.3063687010791066,0.3457439270841915,0.4231532305697794,0.30096279476327703,0.24589948612669288,0.21060216854592712,0.2651867330858895,0.2554305890782108,0.30105412336345233,0.3851937329687218,0.2645938515247653,0.4238889930487861,0.49239521816487264
2022-04-25,0.31470454869602965,0.30882080315006216,0.28835526803387906,0.33539354728145954,0.4259699759112562,0.306042557388947,0.24506470363861982,0.20885874669438279,0.2630973391885275,0.26124946213845596,0.2974867772302846,0.3801480282571182,0.2639529738543188,0.41529527222014484,0.4849352021000795
2022-04-26,0.31394323031122884,0.309864173997174,0.2862907052322197,0.33546048934555583,0.42728444034054036,0.30403938922677476,0.24550990388417096,0.21054208786402653,0.2675625100276001,0.2634510260790417,0.29758390947214747,0.3808821742162341,0.26016311293030925,0.41544447253384065,0.48998267724402095
2022-04-27,0.3113032010952755,0.30776277774704447,0.2816016683215806,0.3283608692512412,0.42810953542409447,0.30480004619304013,0.24620485145715745,0.20692008378138732,0.26712199757444893,0.2652704820222627,0.2922286354536774,0.3727865778370397,0.26000027337105097,0.41351088063536273,0.48911007028514225
2022-04-28,0.3125982085492546,0.31036628858255283,0.2805075072992688,0.32571115751350643,0.42641346956661613,0.29980479911993635,0.2462050565596817,0.20819237708655366,0.26725574014623066,0.2646858858617716,0.29265961324216727,0.36227400747715577,0.25949779773353016,0.4137020228798456,0.4890341471236432
2022-04-29,0.3111316566946731,0.30423520945357896,0.27415060497320265,0.3089702774354286,0.4272229976123126,0.303180061574077,0.24632978657330282,0.20793395787000665,0.2707713170208575,0.26465106466171756,0.2896852385558029,0.36419008881894044,0.25788967755023756,0.4138186390758773,0.48609901454596854
2022-05-02,0.31026891073454743,0.3022830946039921,0.27841054495964895,0.30850850201092966,0.429889373542253,0.3028970373873353,0.23878346374640677,0.20762930809812613,0.26051919433499493,0.22579138590388276,0.2896677828628633,0.3698049750099461,0.2572772899909014,0.386957541566309,0.4807854773826114
2022-05-04,0.30265948635966944,0.3014791225701534,0.2747507587858354,0.308476040223404,0.4371174684414159,0.30301073210997703,0.23846640581253228,0.2104857618863276,0.2705199148921349,0.2315890241007579,0.29184366100004605,0.3874954889929097,0.26272550994829363,0.3912270984749306,0.49146174678043003
2022-05-05,0.3020855345075416,0.30517801144093165,0.2767735064356872,0.3199451900985898,0.4359844617691057,0.30285795976052626,0.2383342373294614,0.21643682821376234,0.2762129579237751,0.23691216922285796,0.291641193529495,0.3884860022182463,0.2627322635085752,0.392659924279509,0.49300702602866237
2022-05-06,0.30198266941405244,0.3094895476600512,0.28291733034277294,0.3236125123479951,0.4360088573813203,0.2998125985161363,0.24026362938057363,0.22737221394818655,0.2770653040937662,0.23598088055311187,0.2918862556470312,0.3919568541417512,0.26388527051406513,0.39245887924894457,0.4965306286124079
2022-05-09,0.29608533330754827,0.31083032001418304,0.2787272279582139,0.3265197958377855,0.43580615186377475,0.2997525947127413,0.23907656198429109,0.23294003313556075,0.27160993517833903,0.2354697051544096,0.2915493243397841,0.3829227796151463,0.2609393706409345,0.39602697145646604,0.4931043968960903
2022-05-10,0.29793136558498545,0.3114211175964364,0.2788731935911098,0.3274397587073946,0.45018625112479704,0.3040830458517765,0.24097965798699997,0.23294766009691223,0.271096890476391,0.2411935313408042,0.2914988755121694,0.38368763728682553,0.26187518022148093,0.4169986660435985,0.49572858133766096
2022-05-11,0.2976518867254511,0.31177608009493657,0.277034958220876,0.3265321016247663,0.4522286816662183,0.3071452011138401,0.24343525967434024,0.23280793100118302,0.2698262270587834,0.2417239567237452,0.2906237105330183,0.3730581571974137,0.26030987952525947,0.41696801425198016,0.49882604528561525
2022-05-12,0.30042508271755863,0.3094266477037808,0.27644655943803736,0.3258455722517442,0.448227245394159,0.3121100473181014,0.24445007569990765,0.2351696808746644,0.2706483896652675,0.24115239881299932,0.29059072378611284,0.37589533219479243,0.2646827096122486,0.4226747331579256,0.49828520586978464
2022-05-13,0.29836245269013545,0.3050841132831054,0.2743080057294433,0.32126481966504766,0.4496612545397959,0.31849337715748544,0.24805417869677052,0.23417166233320572,0.2723176256751281,0.25189738208675516,0.2912822842837363,0.37514521543310053,0.267287399612217,0.42388643947025983,0.49479009988077266
2022-05-16,0.2862043981727287,0.30252048057577074,0.2658422574842875,0.31860619729548234,0.4491146644204776,0.3148975500309457,0.2403611238383011,0.23464798210380605,0.26816046824925666,0.24932236230717608,0.28649543211267336,0.38525159365825207,0.2572419160574415,0.4100403108554394,0.48221674729946395
2022-05-17,0.277242429337324,0.296998128093966,0.26576372761601214,0.3093849260177705,0.46692992330706146,0.3134917541701433,0.251960042215113,0.22650567183305984,0.2689707084276167,0.2481513362040849,0.2841124450511908,0.38295401898741316,0.25219684704296064,0.43871126697777596,0.4742131231836675
2022-05-18,0.27669616638196026,0.29710849206076323,0.26630631241656816,0.3115473980933012,0.46369784424317206,0.3129052311980955,0.2520131528999534,0.22645781756313435,0.2693148001478035,0.24787303946566325,0.2833049022826077,0.38358608955265056,0.25233597745489883,0.4380983669812838,0.4769047800522514
2022-05-19,0.285314544607722,0.3157860946464263,0.29329576944595354,0.3283748375346381,0.4637107645964929,0.31290441173844524,0.2592845031805689,0.2280561203363407,0.2718676879824029,0.24976379741080879,0.2836918084759236,0.386856884805161,0.2599353166342194,0.4496642401176919,0.47742983114332943
2022-05-20,0.29000266563603744,0.3187475627236349,0.29678118951129906,0.33216397754043875,0.46214147252851884,0.31324025208255685,0.2600249779121019,0.24934683147322975,0.28149906154988436,0.2596097913658436,0.33032606908645096,0.38619850169281905,0.26325671234113174,0.4585280355688212,0.48198960935267415
2022-05-23,0.29133157464105003,0.31784400010372343,0.29654999261433307,0.33279396387974275,0.46892215196418313,0.3130609718219707,0.26079161117788874,0.24966339812078117,0.2823145898516774,0.25531526074304406,0.33038006153207095,0.3873508852012784,0.2632255863499742,0.5263853686472645,0.4762361920124748
2022-05-24,0.2925150899120327,0.31939391561267233,0.2967273051373159,0.3407024874529369,0.4719846269399245,0.31689464157486436,0.26045415521948834,0.2509045825818151,0.28237310045590286,0.2570991015029964,0.32980529708871964,0.38200712498746003,0.26241670345189794,0.5223069895043527,0.45926868037374885
2022-05-25,0.2896196753600212,0.32115196550331976,0.3023693599935878,0.3463542992086,0.47007146338651407,0.3240063413930958,0.26050915574274797,0.2504355699688301,0.28340507640104284,0.25657025001294553,0.3302745950752836,0.3849506107379306,0.26377867365573,0.5224225533679269,0.4482355614230974
2022-05-26,0.2712294884590437,0.314342744675752,0.28808200657624217,0.3315963517565592,0.46725467540399723,0.30883500464122776,0.24789424899121726,0.2534965134931841,0.2818016916139097,0.25171961805553844,0.3256658822678531,0.38324055007322816,0.24512585667473197,0.5212187120448046,0.4286491076964944
2022-05-27,0.2651014828039001,0.3188810023527543,0.2861900738222068,0.3309310466129448,0.4781580665299795,0.300018285285517,0.24403319222872136,0.2534743153666191,0.2813969606024777,0.24995987827417918,0.32554259902648097,0.38122560212990514,0.24077500292164672,0.502817218162199,0.3888148928963103
2022-05-30,0.2687423720047992,0.3318865411814983,0.2898050990285099,0.33883327627672305,0.47787410576532974,0.2966263354445305,0.24405207371205911,0.2534092035790066,0.28154229904934786,0.2512997750439199,0.32046117682256203,0.37303519490285847,0.24462854087402372,0.4832663516308974,0.4140206044182678
2022-05-31,0.272612260474443,0.3317334778776942,0.29006119256597857,0.3401535239324145,0.4883530146888761,0.3001801549845579,0.24366990482500459,0.25230514244658575,0.2832344829356189,0.2533060102927012,0.300746283364769,0.3754329099898099,0.24165665817059526,0.4682876643501905,0.4134391441211848
2022-06-01,0.27274106201327264,0.3321275975713943,0.2852885601356671,0.3399549595453073,0.47920164886364186,0.2999778338145616,0.2417361483580285,0.25335286100496046,0.2883904591016892,0.25873168064960517,0.2921358312935102,0.37986930989373513,0.24217528213231587,0.4679203550331614,0.4139947337823466
2022-06-02,0.26863809333922234,0.3351228191725005,0.28479109614593134,0.3368295242137707,0.4772823948386898,0.29862860890453324,0.23668277360867224,0.25393214666387653,0.28866917726915226,0.262459735570968,0.28672850725799864,0.38666197400192387,0.23505954330810802,0.4682738633240909,0.408286098340948
2022-06-03,0.26391329211906356,0.33504893599921987,0.2849597255146686,0.33521998841610895,0.389722311726472,0.30435246787691744,0.23673900398327646,0.25526087447184115,0.2559906981917036,0.26201378702530215,0.28435276778651547,0.3863913881115745,0.22724093717328986,0.4678806991618277,0.4026956318178445
2022-06-06,0.2638523342256462,0.33171129726114956,0.2780092102844163,0.32936184681371333,0.3830274989299656,0.29974794794141213,0.23666098615158312,0.2559472370711233,0.25557628327537324,0.24987404779157998,0.28074239233218745,0.38640931239410037,0.22637332990998005,0.46760512019569067,0.38983444456451916
2022-06-07,0.2637800128680414,0.3296050818070917,0.27854431491240766,0.32242740189358027,0.3964056481820011,0.297724599893199,0.2366743142815753,0.25734558927578793,0.2644086848852623,0.2493502321927793,0.29057899941305254,0.38643089335442193,0.22502387914677424,0.46744616312973014,0.3883752813880466
2022-06-08,0.2638128001402988,0.32901158207142617,0.27870264167226205,0.32196508145648134,0.39685766858625926,0.2974026055399237,0.24161170943499488,0.24987362543196381,0.2572322727072484,0.24932964948226896,0.2907806464379524,0.38564570538158477,0.2335596262117004,0.4598961415361506,0.3796469066504916
2022-06-09,0.2644419912819818,0.33006769301864597,0.28003485095083724,0.3237220908583634,0.39750852374594636,0.2982376642945962,0.23996049554050805,0.2472669133605905,0.25691525689129785,0.23856857927748878,0.2936197704589563,0.38398956508456045,0.23714801726154194,0.46572099836166775,0.3796867568027557
2022-06-10,0.27553900439096973,0.322280909552581,0.2808162879857078,0.3249805621738563,0.3951106828406032,0.2982599583284737,0.23955713107763743,0.24721106856265307,0.25675867305376016,0.23955920681695403,0.2935146149426378,0.38293969736460054,0.23665092713521077,0.46702575195081775,0.3754775657576345
2022-06-13,0.2753677028603821,0.32526646575766255,0.28541672934288775,0.3354677497336181,0.3884192698102988,0.3106910790196569,0.24368339392065966,0.24714550177695896,0.25582359163114304,0.24250021986633394,0.29483303292820556,0.3815431682395146,0.23652518263151245,0.46105552450072734,0.38597246476587094
2022-06-14,0.27354406113229107,0.3203528058294399,0.2817612266608055,0.3322670777382648,0.3883878585498045,0.3113480512590093,0.24089314048892274,0.24322529730016573,0.24977255875232934,0.24263594916881726,0.29470181679816837,0.37803040438990737,0.23743058496784195,0.4574379034055603,0.3779148132763874
2022-06-15,0.264301127636483,0.31948124977479553,0.28156973628564014,0.33190200685904137,0.39063706826745637,0.31515631800605154,0.241196094151938,0.23691369265462056,0.24845594167174298,0.23637963607835238,0.2908190871799808,0.3768881513407678,0.2351104212558043,0.4537367764735156,0.3757560440114817
2022-06-16,0.2695427430056854,0.3206049845032256,0.29075691850521485,0.34076498478262895,0.4026291461899907,0.3241892576522327,0.24235306263905598,0.2330395612852046,0.2371569606703487,0.2367558359500828,0.2911331826640142,0.3770014358332557,0.24591771932003767,0.4681850555978202,0.3814140015273832
2022-06-17,0.2668789184070863,0.3170845645407508,0.29564480617596106,0.32696135290359435,0.4012610978384725,0.3264828007576115,0.23945129934914805,0.2291388517847165,0.2342976022550289,0.24184732916993648,0.29919653923220824,0.3768605277885665,0.24525257020508057,0.4685947856958882,0.3801130901545147
2022-06-20,0.2637643336069352,0.3208210248738289,0.3014446340093057,0.32953087917637586,0.4123335917527411,0.3300492174286252,0.2389524257183879,0.2326118669942833,0.23911446927992466,0.24300386864452467,0.29519905933152296,0.3822635867507416,0.2423880828786636,0.4741848188618581,0.3805383187969539
2022-06-21,0.25591823025079213,0.32562394638301384,0.30811496929736454,0.33092255265523124,0.419027904579371,0.3311227143298078,0.241838969242601,0.23247496917461136,0.24061618406994542,0.24448187232240828,0.2835351702102763,0.38198543118766676,0.24660613422077277,0.4771791546840347,0.39885942448947675
2022-06-22,0.2560860138140421,0.32575680841041177,0.3128249347907112,0.33012562873360235,0.42248930356510367,0.332811715636278,0.24435678876364306,0.23186978815690354,0.24119203369839598,0.24482081945990875,0.28310103576758655,0.3807690708415077,0.24859020667162995,0.48682001417870835,0.4007122750013212
2022-06-23,0.25671907027877244,0.3270952369324659,0.31699426844986245,0.33224486176477336,0.4222957870684139,0.3333139612948672,0.24277604516066745,0.23032327849692766,0.24116049908981424,0.24832148767933168,0.28129380632469475,0.382897933743542,0.24505957987376378,0.4870983553041039,0.40624305172035785
2022-06-24,0.25727521381632557,0.3264812765040036,0.3165508692458051,0.3320984617277616,0.4212973468356776,0.33322211012379566,0.24177141097717667,0.23220533769712232,0.24309542802233772,0.24600622188150467,0.28079472245972803,0.38264067470792695,0.2392317916557146,0.4888017850632037,0.4027868728900897
2022-06-27,0.2542108965754115,0.33011707598126583,0.31925537058323894,0.33843589670170127,0.4140104689878901,0.334092364150238,0.2388839263183523,0.2282245841996573,0.2419991364225879,0.24787496216355287,0.28046011181686586,0.38299621792797656,0.2427239095559939,0.4903087765223356,0.39876139114924614
2022-06-28,0.25540932935373745,0.3303050240905555,0.3194207271092994,0.3404277978453579,0.42958438197465515,0.33404057936307224,0.23898359374729286,0.22808513409144368,0.24022693237348444,0.24808603350807515,0.2801615646192403,0.38213888475994007,0.2421046621570348,0.49163505055422946,0.3989501731262947
2022-06-29,0.25562827211285716,0.33063938667062276,0.3168040263774505,0.34066239566946305,0.4317616279749315,0.3147797990935514,0.23865156624882597,0.2274114865212514,0.24083290989404388,0.2494285330945281,0.28008780002401584,0.3870435917912577,0.24288803318346333,0.49122035495594735,0.39736330388359553
2022-06-30,0.24670820011228367,0.3303873109242042,0.316018126888153,0.34073135625969775,0.4329563020783755,0.31462196163919287,0.23836924341278976,0.22531795188947806,0.2423348196830876,0.24637162535280846,0.279857647225955,0.3857607512202205,0.2412354372900311,0.4891355688061648,0.39838759550490627
2022-07-01,0.2444227663017948,0.33154529392349363,0.31865215306687145,0.3425484175741468,0.5097233211234243,0.30848224727799484,0.2492285743354893,0.2273714800569918,0.25081128104726785,0.24615251942630012,0.2798450800407657,0.387436124731561,0.24318536003896016,0.4895370785630209,0.40316620479612253
2022-07-04,0.24332049787533483,0.3307919427551289,0.31857322703659813,0.34148328702356456,0.5141897158313575,0.30362744881794057,0.2542076474348304,0.22746897423369042,0.2579236448205695,0.24618124525362886,0.2790547567967113,0.38798912484562126,0.24337042643019718,0.48767830146357477,0.40263582242121804
2022-07-05,0.24309044624852086,0.3306652483177154,0.3176078247883368,0.34106838543421625,0.5137844483195236,0.3035385256554784,0.25581858965447457,0.22744912368237694,0.25956015209850114,0.24675354328774002,0.2790036645861864,0.38889367207099024,0.24160402068573517,0.48803368127194763,0.4020948647862424
2022-07-06,0.24778329693321255,0.33169746943160067,0.3177680777859348,0.34170721587783554,0.5213295462907592,0.3041172175218542,0.24147149993518768,0.23016904322419657,0.2743699943347406,0.24664757267467227,0.27381379855132554,0.38930065208379416,0.2436908039869131,0.4859744472562323,0.4052535780482653
2022-07-07,0.25135115202735264,0.3283583634460756,0.3178165391255282,0.34316557035528844,0.5239293930214157,0.30467059889650544,0.24185873596400453,0.2310830083009869,0.2748414320234845,0.2486589779651569,0.27398657580815033,0.38874344435747343,0.24424313306700635,0.49890678583786674,0.406264543899062
2022-07-08,0.2505144104021063,0.32854077658733555,0.3158760953411707,0.3418408999110311,0.5241523446255514,0.30870581339738734,0.24056942605639486,0.23233737235918425,0.2746852408617999,0.24958733394817517,0.2759341748277271,0.3889331902097258,0.2421702304138816,0.4972175231222493,0.40467750330231783
2022-07-11,0.24930358838939634,0.3323915199811452,0.3170032399112548,0.3429069960306672,0.52453006432074,0.3085561559769158,0.23852032994213299,0.23241216644833768,0.27520399863813666,0.24680854675953653,0.27958148413059797,0.3845766885703886,0.2620200840075403,0.5024613741645997,0.40646228008880586
2022-07-12,0.24841365955174743,0.30184493001077156,0.30994422317501835,0.33208323983337534,0.5238862179442768,0.2835667288050244,0.23936675748919364,0.23511160061707229,0.2784108377841746,0.24641601813676406,0.27961869801233097,0.3766879199848137,0.2607759025608262,0.5009797957942798,0.4064161389297749
2022-07-13,0.2446859532512728,0.2930872556036572,0.30915514536932953,0.3271623017334933,0.5234689615373405,0.28303852166620774,0.22899687324244442,0.22534233053094407,0.2735542576001191,0.24730723250983466,0.276977491093243,0.3564785799726792,0.2666722808049127,0.5011849304525827,0.4025973211957891
2022-07-14,0.24629309522819898,0.2914889357516392,0.30791634894681696,0.32705962071481964,0.5263081350351428,0.283043846238985,0.2297016229402174,0.22203385096416983,0.27381991459365895,0.2521072545276523,0.2760729080141816,0.35709840093758305,0.26205411998754724,0.5013988264684394,0.40268835027018374
2022-07-15,0.2426581417937416,0.2882417403447254,0.3086186185481063,0.3267493546762389,0.5262736772655856,0.28227571990522776,0.23012853114554632,0.22655044158367071,0.27453902772717625,0.2475164186367135,0.2763272009082829,0.3541723662407446,0.26457979213216387,0.5033290599849748,0.39809231901029296
2022-07-18,0.2480203856374534,0.2988544730115575,0.3157966423655406,0.3368139280212558,0.5301041268374833,0.2810644425040905,0.23023746674939674,0.22718668686729745,0.2781792589409631,0.2444907314309656,0.27171645646799075,0.35369010190477546,0.2672136505168237,0.5057738560723447,0.3947449879577976
2022-07-19,0.24843537805773125,0.29736852702631367,0.31525009680149085,0.33329444563115956,0.5288661069410313,0.27610271684631643,0.22454999436168746,0.2289304772825002,0.27415403160279733,0.23893831665699497,0.268837655456543,0.3523372131564894,0.26931024844631235,0.5004653863557439,0.38760945847060324
2022-07-20,0.2482241999796038,0.29940845411743117,0.3178448572581583,0.34349543319086084,0.5347112139911592,0.2758051782818279,0.2240957738430219,0.22887374150211534,0.27133219264894637,0.23572395905229976,0.2683345109067347,0.3554248795937579,0.2645030510840724,0.5003406733243212,0.37872990105654003
2022-07-21,0.25031144125921406,0.29814546966484434,0.31665752283975823,0.34550680118596055,0.5345658293097709,0.27533877773633336,0.22342401031110598,0.22899160000968719,0.2701733490125486,0.23443932569476783,0.2686630823945334,0.35366141423336506,0.26582027914659284,0.49990371812859696,0.3792748118368674
2022-07-22,0.25051548634450843,0.2975745862787947,0.3160002527905462,0.34481075271920825,0.5345500231212986,0.27086508264968345,0.2222562892438241,0.22843653154220733,0.27011263956277626,0.23211569013584535,0.2679133968078461,0.35366925890062434,0.26563406282464885,0.49908407854781767,0.37861060471637314
2022-07-25,0.25156392492160895,0.296993539321721,0.313638518143631,0.34494743832386154,0.5335184284980271,0.26789171985472576,0.22151414450481874,0.22963076803796642,0.264527329421787,0.23168551494329961,0.2688565454660493,0.35354065050370737,0.2648651596801607,0.5022966267982595,0.37663652973954265
2022-07-26,0.2538905896380148,0.3034818040424081,0.3124462508098922,0.34399962797304706,0.5318116734716258,0.2672565587046938,0.22037468749681263,0.23103328102237775,0.2686579585520574,0.2314837997431277,0.275040582073327,0.3489983910464094,0.265456893080341,0.5004149950022361,0.37645724736861935
2022-07-27,0.25403592872431074,0.30483585352659137,0.3126625446330191,0.3437808883787909,0.5252509427737351,0.2667504447733324,0.21798153300409176,0.22752011862888674,0.2610931039297627,0.23497044115857815,0.2686791249574325,0.319753228193577,0.26184501078930084,0.499049375591496,0.36301513781952655
2022-07-28,0.26742844429136825,0.3044771268950336,0.31393073924611964,0.3382256660879697,0.524789208619475,0.26695522364495006,0.21792874902681525,0.22860945773540955,0.25093094789017434,0.22901314015919846,0.26854016890921495,0.3193050087279832,0.2626945952619673,0.5073138007813807,0.3660901809854407
2022-07-29,0.2669683081928147,0.30263562960162965,0.310977762959689,0.3355261373724977,0.5282174549049523,0.2693553110637061,0.21594727295096625,0.21706295616475607,0.2508012685855004,0.2538365434006035,0.2809151075542359,0.3123354496550936,0.2641627181812033,0.5300666321919142,0.35945344796174256
2022-08-01,0.2714715332584904,0.30046000389275457,0.31237517511584734,0.3329488699138863,0.5325372506686109,0.2737058173332812,0.21455229970540407,0.20779434061890237,0.24920472841175448,0.2598627809057005,0.2806198340376005,0.31185106597583295,0.27097850533249407,0.5280993822850935,0.359307454523407
2022-08-02,0.2711772141335678,0.2997379354615787,0.31179579290396453,0.3331605265872785,0.5180416164510004,0.2726270189345654,0.21238763202700955,0.2083932821580087,0.25262781674436274,0.25360107202146004,0.28099947428179417,0.30824845639408527,0.27076857359072676,0.5088517865052695,0.3550891383663143
2022-08-03,0.2735415504114516,0.298985330743716,0.3114424579107183,0.33515462641243376,0.5147902806439086,0.26966416881742045,0.2094950445988772,0.20886758424701377,0.2531168237088166,0.2573591964454139,0.28044072494217037,0.3083814392861183,0.27132569019347835,0.5088506736645338,0.3533613148109957
2022-08-04,0.2681070924431506,0.30081820209720567,0.31175056349923547,0.33492124346412994,0.5144259505574288,0.2718885403954813,0.20734846129697937,0.20934225269704773,0.25092940399796226,0.26125678217357967,0.28137830714873513,0.3040180786075057,0.26683101553521765,0.5016944032379035,0.3533514165970822
2022-08-05,0.2673538712795758,0.30126160030242427,0.3119734056603328,0.33471613567898206,0.5132390116553238,0.2645425745853119,0.20366749508829995,0.20870720461024447,0.25425498661583185,0.24984640197065963,0.28060616883879463,0.3033706224496896,0.2642668870794792,0.5001618409941919,0.3523707176124634
2022-08-08,0.2649228473207539,0.3002691587617426,0.3124668062405776,0.33406136310253887,0.5132424445642835,0.26291098865564105,0.1990577608131193,0.2094293532362764,0.25684425095622987,0.25016277752562804,0.2813667334918613,0.29480613132485833,0.2641210966512289,0.5000797863196037,0.34899738399810887
2022-08-10,0.2637774361722206,0.29892617249752507,0.30155378217480916,0.3335393180686264,0.4967042181494356,0.2615484345208918,0.1838977310588098,0.20939883021689382,0.252209338848585,0.2506075161448679,0.28139609496298745,0.2898603901575206,0.2628587596201423,0.47571682523886893,0.34722531189470535
2022-08-11,0.2653221362316686,0.29917509361423156,0.30400679413111975,0.3338637911096741,0.4967520457587343,0.2615941399647626,0.1877101422501363,0.20997491906968513,0.25202886756821147,0.2501059944776251,0.2814108353440246,0.28948020497880755,0.2613360580594637,0.47549554290045853,0.34222428605242683
2022-08-12,0.25582502795280476,0.27813883767736125,0.276170285496571,0.315354631938393,0.5063716718884692,0.2687894861647835,0.17702285639262388,0.20753004950476764,0.24868216467416576,0.24836565515956469,0.28127311797840615,0.28893004198132705,0.2527003633703481,0.4688063018478706,0.34061455193073065
2022-08-16,0.25052458323980215,0.27575286332534105,0.27334321191172023,0.313369022725227,0.505797388624301,0.2681034235311233,0.1750226251137629,0.1860166443923818,0.23910707725805727,0.23777640526899038,0.22759646473605388,0.2887950228798839,0.25013961985086236,0.46066982682255153,0.33568382073494574
2022-08-17,0.24906196086504612,0.275487225511596,0.273272540130761,0.31679864525449014,0.4988523251104703,0.26996250015486223,0.1691917496669805,0.18570112526904806,0.23840695501365222,0.2377506944227184,0.22742924135049367,0.28919494859844386,0.255698018747546,0.3775619936682868,0.33556008952449207
2022-08-18,0.2575031605137979,0.2742971257950324,0.27444233774945426,0.30614334335695215,0.4956883056333204,0.2658466723565091,0.1665296225580148,0.1862717178676595,0.23826254044073292,0.23633530963756724,0.22894714682606285,0.284898858415086,0.25579108807338813,0.37552484277937276,0.33494879529671856
2022-08-19,0.25782198411240687,0.27038743871477516,0.2664491844467123,0.2970787410036791,0.4949988969805861,0.25768437906260594,0.16897621384474723,0.18688205629565627,0.2377786796045423,0.23800443325447942,0.22842034560197963,0.28549982391471823,0.25434981224127684,0.3785176926765562,0.33558806171198546
2022-08-22,0.2623935197903523,0.27188386144018456,0.2695863555389543,0.29929341418790295,0.49646378587868106,0.2576536589407667,0.16927383389430603,0.18251417112748206,0.23662904448806427,0.24137073395483896,0.228555296426893,0.28155057754011026,0.2544381293721758,0.37650597488262494,0.3370070780252159
2022-08-23,0.2605336213881659,0.2711627735269346,0.2619838072228887,0.2880240772774265,0.48547965214211847,0.25377942824561933,0.16877262439566387,0.1830439657434278,0.23659812085538334,0.24191548374547267,0.22548322981795924,0.26028307790003663,0.2539743867427491,0.3789563433605007,0.3363589356630043
2022-08-24,0.2570358255199925,0.2556175646623556,0.2580652308449309,0.2780297919161034,0.486738145773097,0.25499500889924454,0.1695267739184419,0.18300450648150648,0.2367695484500062,0.23989729087532502,0.22533166001424818,0.26876222759452406,0.2505473749832911,0.379649103825997,0.30727808868251094
2022-08-25,0.24960990281156495,0.256794690394639,0.25777270587817086,0.27633741862469874,0.47552899393674153,0.24734186100572939,0.17020905844338916,0.18388910260183114,0.23348796042780723,0.231115349318438,0.22557220783797433,0.2661695561484668,0.2505763896516916,0.37951113177921225,0.3078995927679793
2022-08-26,0.2514309603070607,0.25437633567543894,0.25672623972703973,0.27194487542552725,0.4751628783655019,0.2535854785661666,0.17016396096450553,0.17502294843538538,0.22668862215520952,0.2250777357036474,0.2244449735306653,0.2559942537749877,0.25174495361365623,0.37975741039013455,0.3032040344223836
2022-08-29,0.2576836893004447,0.2639437607935588,0.26277809003992164,0.2876751438314381,0.47365008017879984,0.25418167733649655,0.16999315610148502,0.17466170190741478,0.22837847988528293,0.21982723519331968,0.2244090782258783,0.23204847425277828,0.25362307800618006,0.38163441071131043,0.3085051113603397
2022-08-30,0.26765299474598014,0.26700005752430633,0.26763444380653045,0.29921175858579635,0.47548288454844373,0.25097578559071765,0.1743963432099217,0.17359557930758795,0.22732135504042061,0.22169916261949166,0.2250652331451964,0.23065797148730263,0.25229551423318736,0.3861649100599971,0.32046174030310826
2022-09-01,0.2678440153798044,0.26956076685981517,0.2678024853381755,0.3022905022827721,0.47755971773557615,0.25481592701783395,0.17574029861130352,0.17345512431716384,0.22673890858381857,0.22688623437650177,0.22543796168828892,0.23155423058401764,0.2528476541980734,0.38765920370334817,0.32113179763065064
2022-09-02,0.2679942774356775,0.26823953380123977,0.2672381451514306,0.3014543502535325,0.46543662941143027,0.2538481470906323,0.17797110673802607,0.17131819806769408,0.2167008106505922,0.22514972765654687,0.2116555388500684,0.23093630638036602,0.2528304696945083,0.38761186733631925,0.31664555214978096
2022-09-05,0.2681901885843121,0.26840320765787307,0.26679085566009275,0.30179019228886905,0.4650178926076347,0.2558465720716255,0.17288352396748038,0.17511321865102314,0.21770282202095798,0.2277107169379515,0.21024891937483436,0.23166026709608112,0.2432702891440194,0.3870131805908574,0.314265234808633
2022-09-06,0.26860256116233994,0.2676559859699065,0.2655731687843959,0.300567445000919,0.464081926246474,0.25850829119192015,0.17305318977905865,0.1773555138301246,0.21998396201531892,0.22621680264232588,0.20163745670100888,0.23842017664680903,0.24650022076697575,0.3793192463864858,0.31386705454699737
2022-09-07,0.25559241386892567,0.26269402050689694,0.26020789298165065,0.2964783719035372,0.464210794197104,0.2591061551717084,0.1731473251942392,0.17761287431161096,0.2220028834605565,0.22405395004793024,0.20121688216554628,0.2394516579350258,0.24755029133545012,0.37724877363331716,0.3131595431984827
2022-09-08,0.24777461344719967,0.25335950192341794,0.25418373085363727,0.2833016745886788,0.4605095191725716,0.24367464447355933,0.16685786518618634,0.17785330576690325,0.22195025576257973,0.22005772417663066,0.19748679914485756,0.23736137329846776,0.2507038245399452,0.3729238123224274,0.29705554445149973
2022-09-09,0.24789513941722593,0.25702848848767407,0.2553107487137342,0.2873611775524593,0.4601132617424746,0.24189670793510332,0.16689802996059822,0.17825859058056057,0.222300645848224,0.21998757438648686,0.19653238546922075,0.23659781030529883,0.24958801084971594,0.372974034818757,0.295494113515332
2022-09-12,0.24786462762350944,0.25730635780801997,0.2553464543307938,0.2887726007227167,0.4565446680917218,0.23700597884257005,0.165279804496587,0.17829807525411245,0.22231893794597882,0.21992391177930495,0.19619868063200943,0.23660546156293583,0.2495949463527934,0.3736945027870249,0.2953232653466341
2022-09-13,0.2357166950853862,0.2543726522401491,0.24146326018166434,0.27226382709240604,0.4441838919693181,0.2238600161888127,0.16318193992450705,0.17834496211351153,0.22961072566374113,0.21878423412209416,0.19490550442710275,0.23325316571983543,0.23537039740451718,0.3503252310498292,0.28445738995511205
2022-09-14,0.2372782431695011,0.2713461540313543,0.22845443391275752,0.2786164740531255,0.4433116607012505,0.22618094662953026,0.1627600728411937,0.17526980872347583,0.22631912741468552,0.21191386063950146,0.1835364309553442,0.23553340454677907,0.23209366860684438,0.35086923076010484,0.28399081142733035
2022-09-15,0.23881456930229697,0.2755112671287034,0.22356603166275163,0.2848417982773106,0.431204412075238,0.22057256689819313,0.16353569929747094,0.17223898497753945,0.2187583699792719,0.21169304834635866,0.1849461602792728,0.23328996578989242,0.23155033645957873,0.33641852091442137,0.281911435795801
2022-09-16,0.23898047724433782,0.2820481690637466,0.2269684656954531,0.29876425038383,0.42570116468369273,0.2211679174488345,0.1610883468764643,0.18561207084215092,0.2222811073944798,0.21050412917511419,0.18114669906081954,0.23568495019901578,0.22966870216527932,0.33441833911276136,0.2877231521451791
2022-09-19,0.23824835694516244,0.2823254788574969,0.21705689084780647,0.29559369290473203,0.42113572244086267,0.21913536763045252,0.1564404815649065,0.1872825825206424,0.22346622054019943,0.20965042659540906,0.1815332600253931,0.23534429860160289,0.2256217310073291,0.31890147651530587,0.27817188856722636
2022-09-20,0.2379832286784068,0.2814011919455123,0.21393680007202298,0.29640547883970125,0.4231391187936975,0.2176190920619464,0.1564045460262614,0.1871629438538491,0.22562232793362366,0.22299142956952808,0.19027566247052913,0.26035610181429103,0.22099060624939262,0.32222848927483483,0.27444839068473176
2022-09-21,0.23921826535111274,0.28143747546150016,0.2148712804320275,0.29542456954955904,0.4229310044956176,0.22277099777984447,0.15783880654119198,0.1850585242540795,0.23183970445276844,0.22373258164063328,0.1925408997921332,0.2604219976795351,0.22231127328340422,0.32339284844393623,0.28360531468809524
2022-09-22,0.24102244546286591,0.2772653289518877,0.21284887772286404,0.2921059034529445,0.41958848872667287,0.22191119246289778,0.1569586377851922,0.18468239512335502,0.23354589602106932,0.2224221110279815,0.19307482079194652,0.258679028619265,0.2197602245233182,0.32293262459407507,0.2835018658810503
2022-09-23,0.2417370891265955,0.2770831479739086,0.2130341266611194,0.29238981108320533,0.4028504433792468,0.23109597454398398,0.15684338151043756,0.1855526339225076,0.2336446024977886,0.2229789860171905,0.1922467398516666,0.2738685025576441,0.22270227926192462,0.32240760546299846,0.2907569716266283
2022-09-26,0.24250381165064186,0.27732930962744157,0.21108182257695574,0.29245348500200113,0.40406147115454366,0.23886034028355616,0.18058756625869557,0.18545154965954452,0.23275687338668435,0.22728424942873132,0.19226273471638727,0.2729721407705658,0.22720336217603287,0.3357484883993706,0.30892260035433994
2022-09-27,0.2445029065536004,0.2781558750030481,0.2109907331785306,0.28992045224174384,0.4036336122739435,0.23855406790628694,0.1803820236061601,0.18671032767788104,0.23082629744609826,0.22640260508196122,0.19373082859532872,0.27320569481291046,0.2271550275774358,0.33725856203995735,0.3062462178499414
2022-09-28,0.24467217719922046,0.27693178234399546,0.20868170677599862,0.2894953817954195,0.2955609245195518,0.23634080185462294,0.17675934812286287,0.1838996720533811,0.2211909225370422,0.23059410499946656,0.19874860379465395,0.2722173204417532,0.22379407026226844,0.3417119715149014,0.2996531201159452
2022-09-29,0.24700903984580888,0.27669356428545827,0.21011012388051217,0.2923448052021171,0.29285922946427817,0.23680242012448924,0.1758356184833203,0.183152119705851,0.2115338931397608,0.231902165726076,0.2030422242326302,0.2772145397761452,0.2228007488907334,0.3398834587312343,0.299670982954388
2022-09-30,0.2539652335589521,0.2772602492135606,0.20800530973472167,0.29230329375447134,0.2920494983598713,0.2364673465712754,0.17145293293733377,0.18381335619858044,0.21031410428568925,0.23430293923410442,0.202540403829405,0.27661194096127717,0.24036689488716292,0.3430385851805533,0.30069728888660685
2022-10-03,0.2528462768350599,0.2775914320158134,0.2075664259222126,0.29214049460255914,0.28574025324488045,0.23412528481732334,0.17905573328896926,0.17924215739460936,0.19060558641193254,0.23469878312199588,0.20638719729069535,0.27519647216049475,0.2392785226349476,0.34380503478214514,0.3023137020149388
2022-10-04,0.25336481798838406,0.282665113794593,0.21433932484844032,0.2949237007632401,0.28365827660083703,0.23462724079314343,0.1851907262427853,0.1798224446544302,0.19220511615314056,0.23342556461660957,0.20476800094137368,0.27527672740968456,0.2378840250679353,0.33453027084917114,0.30602825978108195
2022-10-06,0.25336438057849203,0.28434219877626965,0.21560617774052948,0.29478523354945924,0.2821339651621364,0.23079152985349555,0.18611873235203938,0.17844976127944712,0.19410651498414333,0.23345247730989693,0.20233399384203332,0.2754078465947297,0.24376021928312033,0.3353023605497293,0.30868625944268385
2022-10-07,0.25335581946524066,0.27887083301815746,0.21235168545171793,0.29255134981031267,0.27530846276506504,0.23088891392635796,0.18700608396760404,0.17834315353048566,0.19402272087806313,0.2334002357488645,0.19372377796667686,0.27535988573307796,0.21833478385759075,0.3305172389855227,0.3070912361138428
2022-10-10,0.2526617994117134,0.2750303147846554,0.21270197416049208,0.2917754783388081,0.274482828852393,0.22938523527679933,0.19078213418944703,0.17477492645015208,0.1902668862774007,0.23393691046050322,0.1936033947706079,0.2768397947837322,0.218498514330955,0.3293143833908465,0.30758920679685364
2022-10-11,0.25252827498083225,0.2804082307101112,0.21517197206376315,0.295753910262818,0.27689815748565144,0.23234764514655043,0.19118804324398164,0.18918447084091505,0.19413354010834188,0.23341259578988496,0.19849471778556887,0.2766707026090894,0.21127956882275098,0.3350250517266609,0.31098566337484496
2022-10-12,0.25169042543291353,0.2796018230147601,0.21420468836694073,0.2947204595992577,0.27365679211732924,0.23682716410979368,0.19037411245953056,0.19118842359169275,0.19327385271525674,0.23010463400929498,0.19605791025894886,0.2764105852511052,0.21178766393993884,0.335009759734275,0.3143449831099577
2022-10-13,0.2511383132057017,0.2798930968751394,0.2562837841226505,0.294767456986238,0.2746061910202644,0.23641574847195837,0.19025867431198848,0.18574100693127069,0.18923214638216718,0.23128650655637406,0.19595045305717645,0.2763689726613536,0.21154134040067046,0.32997673041944775,0.3141668420002447
2022-10-14,0.24492790476457593,0.2778396472192112,0.2495823821414226,0.2864928577208205,0.27188884124817136,0.2363897317407209,0.19089269778683599,0.1858511543873558,0.18514150482712002,0.2315638184605218,0.19499722391554455,0.2765784623845165,0.2098438563724013,0.32711125456572393,0.3150051892633554
2022-10-17,0.24608487933044146,0.2785744056311972,0.24967752668794232,0.2865278855651733,0.2699381520281353,0.2391838375678148,0.1907022913090016,0.1836767273511468,0.18530783554307986,0.23058898696503025,0.19525860738285852,0.2743839624731656,0.20832801589426464,0.3259725661546126,0.31272059193763113
2022-10-18,0.24592617140222928,0.2758585328288103,0.24848638230673972,0.27630651453733923,0.2598113585618415,0.2401742035807919,0.19497034322833012,0.18856707857403718,0.18402955019909342,0.22959616369394859,0.19547674561404796,0.2729566705913647,0.21198271348256598,0.3261192457434283,0.3139617684995933
2022-10-19,0.2440260846655123,0.27588954106691416,0.24821686881767302,0.27408631806210737,0.26006052730864104,0.243485367949451,0.19749831900636913,0.19054033298266296,0.18340481392827906,0.22971633746757844,0.19218367619506274,0.272516337962501,0.21125183341831397,0.32632474461538385,0.31410751102239354
2022-10-20,0.2423899819212425,0.2744538573619647,0.24879484916660416,0.2776656718736268,0.2614884372765216,0.2437278993944885,0.19803912482613273,0.19263726990855948,0.18360102100943085,0.22962221262631663,0.19280761187413437,0.27416816086365203,0.21211911488776652,0.3266523732434873,0.31446247110666886
2022-10-21,0.24312011296744665,0.2744270176548903,0.2479272558600229,0.27663926839860453,0.2598024315005147,0.24506560766257898,0.20020183106378334,0.19186836062301574,0.18342184651117252,0.22906048710562818,0.1919291557950731,0.274108480185921,0.21208450252947234,0.32292561190832036,0.3147062378285203
2022-10-24,0.23974254577717485,0.26549072996987516,0.2440438394993145,0.2743103505587546,0.2589610033356265,0.24576571021997312,0.20029995555290692,0.19732410124664837,0.1786585617577007,0.22947035678911132,0.18440474263257275,0.2710197282345,0.21186284420935894,0.32237479937505825,0.31418012936772655
2022-10-25,0.2459505230811028,0.2643322537827566,0.24388142672078766,0.2816013506456962,0.2611292717482496,0.24685342957516185,0.2006139189914807,0.20697299649971995,0.18181928936520755,0.22196489738682423,0.1834081735578742,0.27103092028863723,0.20921448752670946,0.32181675591451026,0.3111119151088746
2022-10-27,0.23114841053312765,0.25712577312681184,0.2389232644479916,0.2755183015757831,0.26036903193364985,0.24705453402316413,0.20053859505819202,0.1985862311966655,0.18324532499421392,0.22512950046336255,0.1840665739785835,0.26956900809945084,0.20919058489413442,0.31373226400559834,0.3115972670945318
2022-10-28,0.2309933745989461,0.2538197394923932,0.23542741411642512,0.27976251970305466,0.25481125996842513,0.24778286444651182,0.20045634732696094,0.19748828680917532,0.1828875640501083,0.20293459190721216,0.16421483428840852,0.2761090932537125,0.20753665851779415,0.2807133990774903,0.3109533373393361
2022-10-31,0.2261321935642749,0.25598186175418614,0.23456632666706315,0.28114934294627547,0.24642610024942296,0.24453885435754516,0.19920351073848663,0.19792516332556287,0.18152601169057986,0.2020524174751862,0.1647452278053693,0.27509184485410554,0.20311757914651485,0.2803522733134567,0.31082821872524524
2022-11-01,0.22407095737552385,0.25998334697004366,0.23699905525836565,0.27932870975963237,0.24564804004029858,0.26142445173916434,0.19883794485551176,0.19804104237170278,0.17834610326753217,0.2050831976508187,0.1698215326744732,0.274656970591147,0.20098591665022622,0.2795298507631828,0.3104470034633938
2022-11-02,0.22087349047476582,0.2597055637478267,0.23670765189045864,0.27735543354863934,0.2458000114494735,0.26182336131231926,0.19981157279083395,0.1989547674747375,0.1814560914765682,0.2003276010796363,0.16990219002940332,0.2810266558606091,0.21237297478818942,0.2795303631873498,0.31040150823395374
2022-11-03,0.22040392334852235,0.257525542323825,0.23733970669819848,0.28297304124979294,0.2456784427267836,0.2551745806479939,0.20003982745261614,0.19259820661129157,0.1822156944130098,0.19643487546866006,0.16883961483440552,0.2781477069100557,0.2130203850593591,0.27968344061015793,0.30922287397648246
2022-11-04,0.22038562178550394,0.25739527487092057,0.23646123466027474,0.2829479611688466,0.24653806248269702,0.2558363018047094,0.20006239229752992,0.19250245985095077,0.17780155864883482,0.19660123706964472,0.17193600074592574,0.2783842547677253,0.21215489768252202,0.28532734225390904,0.3094402267060996
2022-11-07,0.2210337469090251,0.2574433436354665,0.23609133209085462,0.2829288649379497,0.24669830627817224,0.2523506007177726,0.19983366929235583,0.19029481440393772,0.24992536116078817,0.19778076862352603,0.17048396004734345,0.2772553027272481,0.21238919326948508,0.28791946585543676,0.3138213237140657
2022-11-09,0.22045159383301138,0.2567513396719306,0.2348924278415993,0.28324602364071727,0.24295732270558315,0.2541711138109941,0.20251474614763676,0.19081669375679208,0.2502333480155509,0.19991952144336794,0.17154789275393242,0.27399928817460695,0.21118218576709177,0.2855197223215433,0.3136274590669321
2022-11-10,0.21945629446081563,0.25584022688657876,0.23097235636810917,0.2802576069863213,0.24277442046195807,0.2529150151084726,0.20147879554041526,0.1911865546116596,0.2513099754766347,0.2001426313491415,0.17152993515163958,0.2734372880639643,0.21047829169498988,0.28673549034702844,0.3147366694032402
2022-11-11,0.21948323463293823,0.27090671658892224,0.23869728517776942,0.28962811891959805,0.22242878104480543,0.24554207420316412,0.2012421167226276,0.1910212147457612,0.2522179098148147,0.19908026142406535,0.17166458839456236,0.2757361197622043,0.2104161100302051,0.28431299720903536,0.3182540244621801
2022-11-14,0.22078850679750528,0.2716093226156206,0.23894673788811488,0.289035840866408,0.22298987808036197,0.24555922218561346,0.2091491830428144,0.19252720556541864,0.25187042387429764,0.19909776218218617,0.18932411246079375,0.2820852163918219,0.21005566141644197,0.2851607674324631,0.3178846474340171
2022-11-15,0.2209723618291357,0.27155190662207546,0.23695487219525588,0.2844692603516278,0.22736470986447613,0.2434561245115814,0.20950201622236483,0.19248376708651632,0.2522140795729235,0.1989123166127827,0.19190059838459855,0.282046189362025,0.2059634907647933,0.28504944716695385,0.31796345510773427
2022-11-16,0.21659753661610678,0.27001758076036375,0.2346509024674069,0.28446532650577194,0.22696976075478378,0.24484384559222686,0.20905357838160257,0.19150043095889496,0.25210708284616373,0.19850088539081964,0.18764010328408212,0.2883307946921711,0.204757780062818,0.2874135541751171,0.3155224500076426
2022-11-17,0.21504908716620083,0.2702262988675827,0.23450897073041527,0.2848926536571202,0.2263671290826868,0.24233475400054375,0.20735206720735563,0.19140935623889832,0.25131410594191766,0.19644748982019478,0.18955248619804466,0.2833640029882784,0.20474220008938254,0.2841944949192575,0.3041275401573651
2022-11-18,0.20892853254283242,0.26881038221160697,0.2278001798066906,0.280935664336653,0.22328952936890537,0.24377775106467744,0.20785235556980397,0.19157897221352282,0.25166625804917353,0.1897710918048245,0.18942694790917342,0.2773619581295632,0.20565885229911235,0.26841486979334983,0.2999955733612596
2022-11-21,0.20829222583756513,0.2672085283115063,0.22873699256980742,0.28212221455815767,0.22175628604251985,0.243145943436012,0.20935400083873382,0.1916059010119429,0.25166738966037266,0.19010187355568292,0.19089366210921033,0.27667639627657337,0.20641242630848464,0.26476764300413186,0.3013309973710719
2022-11-22,0.2080647068542129,0.26789092337923737,0.22875578252422707,0.28239897270623054,0.2193980411716007,0.2437812921757356,0.20946732311401126,0.19221680041521275,0.25161089268425824,0.18909662160188057,0.19089566483986192,0.26895922684133194,0.20686229011227175,0.26474031862217573,0.301623841912465
2022-11-23,0.20846397683969514,0.2664681212493725,0.22874792626903248,0.2827031356386484,0.22004506172515273,0.2425886565372999,0.2090421829472435,0.191667315901607,0.2514042341452963,0.18888267919333626,0.191662485252817,0.2744604464888479,0.20742743892519977,0.26472464616599745,0.3006850780213181
2022-11-24,0.20567621832712538,0.2727683291177076,0.23432962292087248,0.2856164153890674,0.2240995189309913,0.2364113190734556,0.2090586606383894,0.19245726948859856,0.2517262763595838,0.19123669853264752,0.19147849801713673,0.2881863025755252,0.20487884092758557,0.26384892724426096,0.30023332687648996
2022-11-25,0.19827033968921096,0.2592091913077846,0.2269341035796051,0.26951152739703776,0.22405842783421773,0.23413435133191787,0.20913509399188177,0.193335427721685,0.25032302863504413,0.19125276074645822,0.19130411260382016,0.2883147838921507,0.20216054322922938,0.2597371753852161,0.2955389185434532
2022-11-28,0.18468499038257385,0.2568323302520697,0.22246230053151414,0.2576807139612612,0.2213501419006975,0.23121399035330806,0.20466505373816762,0.19346963691960306,0.24988087015494442,0.18937890714110409,0.1908915697577066,0.2885670637423683,0.20381187618821953,0.25192646423203524,0.274235939584553
2022-11-29,0.18417834909595437,0.2531052164069176,0.22195743711517754,0.253659483414262,0.21293620240091146,0.22714911251786926,0.2038737195357492,0.19489778850745193,0.25088623222628925,0.1828521241825643,0.1908504477797113,0.28748376425740685,0.20308945504331963,0.25050418662451573,0.27110000173870125
2022-11-30,0.18478484302635675,0.25230626518231747,0.22171057026513952,0.2536232841625016,0.21046893914045187,0.2279646420633179,0.2017086114995488,0.1940237240440885,0.2525207065190545,0.1829961990421892,0.19113694445661836,0.2871715355483808,0.20481952387263822,0.25160595383027107,0.2756367334199488
2022-12-01,0.18420604373328126,0.2532714550187522,0.22400217838927006,0.2571812052549948,0.2112405791141078,0.22565712194450857,0.19871966688157555,0.19172413891417195,0.2510919474237678,0.18067584212906565,0.191072867620488,0.287152669108299,0.20463663299881504,0.25693810165695713,0.2800936031490684
2022-12-02,0.18269049313450933,0.2545387151698465,0.22403691811986584,0.25812734035685714,0.21006003103742343,0.22044404273751525,0.19899344031500965,0.1928266890910192,0.24842878044143993,0.18161314031578127,0.19135451806195564,0.28325669256819086,0.1974809000935548,0.25594521562900013,0.28029896951432454
2022-12-05,0.18264924053615225,0.25454745507371707,0.22356406873138426,0.25928765106716345,0.2133594130096309,0.2226143709501786,0.19887205789395898,0.19236407765250096,0.24783528240526526,0.18153609395261017,0.19202967873155546,0.28567678970952115,0.19632533159286497,0.26423217500169593,0.2812970687523437
2022-12-06,0.18121605638680524,0.2564594842647791,0.22201822362266527,0.25210618992954237,0.21412033518796494,0.22247363151809435,0.1975521044114655,0.1928058992539591,0.24782548628496295,0.1822746044136569,0.19821163819739915,0.2852923140891594,0.19400816763033796,0.2673242805911274,0.2814384345983024
2022-12-07,0.1829522358945296,0.2524615920921109,0.22233352390947841,0.24299809771578523,0.21418793055982774,0.22620170215545465,0.1981901535017978,0.19257326125188334,0.2479372430145403,0.18530390516634287,0.19813066138706745,0.2861493064184315,0.193517184015446,0.2694658317290769,0.2831206532922359
2022-12-08,0.18358354401676,0.25108164373996245,0.22125577003337407,0.23904355500286925,0.21568008958300947,0.22698476083517805,0.19851063054333645,0.19269253586670826,0.2479210259264169,0.20130016737170262,0.19815131080624485,0.28630531587969943,0.19352596409764455,0.2669314706607368,0.2837636678851022
2022-12-09,0.1838200108798415,0.2595967155222672,0.22627214162557693,0.2498218440497481,0.21798349469151584,0.22696188404789572,0.19816834186459636,0.19734711421169673,0.24172951140928953,0.20244921007870015,0.19941447064950996,0.28648771938174533,0.18978792249476914,0.26831299641908796,0.2774222814174471
2022-12-12,0.182043974674852,0.24364300250145554,0.22480952720919517,0.24333037915590916,0.21844005167093092,0.21872263902731798,0.1983576514547212,0.19861001213997864,0.2414853177914245,0.2021528277684635,0.19930413016666496,0.28573078501282057,0.19061144075081676,0.2680029780863677,0.2773268914054743
2022-12-13,0.1809415374948464,0.23737932629056976,0.2249247016891301,0.2381007276583843,0.21938238537451774,0.21615220524413603,0.19860695834001876,0.19855722273362633,0.24080788161523828,0.20071674695569772,0.1978049409658962,0.2841397058921875,0.19184373043878028,0.26489469168905816,0.2768806427702132
2022-12-14,0.1810198598275096,0.22170876746414198,0.21535255238973314,0.2211987952410115,0.22164313236361016,0.21657138849801136,0.1977348390249388,0.18969674238203396,0.2355527539408127,0.19987315174906192,0.19266546720482988,0.2823909716954663,0.19263811926505836,0.26546265208014047,0.256136965682472
2022-12-15,0.18129834374042952,0.2280727739835303,0.21677900536211206,0.2360541796851351,0.22113674199966582,0.21556017384655618,0.20013349590047397,0.18938735357231368,0.23383491608121182,0.19955886953559118,0.19351614507767423,0.2825082222459189,0.19276435717248616,0.26323482664795916,0.2582104961113388
2022-12-16,0.18242985633090586,0.22975201462372022,0.2179668506355554,0.23374698889217108,0.21833925808590007,0.2170654036120104,0.20145674092249147,0.18848451717844583,0.23298666050927647,0.18245297796359106,0.1999489288470536,0.25882726915343274,0.19167830088242543,0.2580983756328606,0.2577847042057876
2022-12-19,0.1824022546456929,0.2300750499439365,0.2170451733381694,0.23392677471584192,0.21589354425222154,0.21470348760651972,0.20190703508071198,0.19139611317537136,0.22771581873063157,0.18216054413830998,0.20133605997006804,0.25881987421503244,0.1934415863232342,0.25676991330363996,0.24976363080683675
2022-12-20,0.1807707862497863,0.22942065574443452,0.2166106078322069,0.2334735515088519,0.2119475381987853,0.21618695112355002,0.20036873239571698,0.19136654436511422,0.22656704410243209,0.18214887978873465,0.2014309943266052,0.2588948382152966,0.19567787767471673,0.25668858131225986,0.2527881466813394
2022-12-21,0.18143471044240136,0.22929101561258813,0.21586355865011705,0.2325506620026558,0.21544103076553256,0.2094022976621522,0.20237363983527482,0.19100477620678447,0.23039316468891713,0.18317035266254736,0.2007022028652973,0.2550523674658376,0.19637889822001448,0.2583064030687483,0.2504054890050439
2022-12-22,0.17811706022885054,0.22892740108034515,0.21587891744328744,0.2334410922262156,0.19770494291298693,0.19955678952177908,0.1857667273524986,0.1908714725273454,0.23087677692658903,0.17651213216019207,0.2027057830463579,0.24612938925564773,0.1909365550952321,0.24449635733391958,0.22928398951351486
2022-12-23,0.17493671647951478,0.23137911173965622,0.2226584370428973,0.2360864828707774,0.2018236389485292,0.20301160070491348,0.18858052191636293,0.1908410078312354,0.23272558983338512,0.177539772243231,0.20211255870529682,0.24815247287964734,0.19186225358698053,0.2621556203071291,0.25669659586979243
2022-12-26,0.17503257449732526,0.23141316229674444,0.22331303485283177,0.23588740851258766,0.19887530659635566,0.2049944018129946,0.18514209911858923,0.19203668119158512,0.23302069197420253,0.17207998581183426,0.19980246942677965,0.2482174958505246,0.1918982448383403,0.26178906567297117,0.2679388985910739
2022-12-27,0.17218526344533885,0.23181431911283107,0.22433328833939645,0.23205682509680317,0.1939803351512916,0.20420627871496758,0.17827391511948076,0.19214260371322572,0.23313309517431338,0.170109872960454,0.1948090686105472,0.24254568496164472,0.19193390412733674,0.28488469243801123,0.26780016974339
2022-12-28,0.16046943969887542,0.2312496843106791,0.22429337296717253,0.23239641283266826,0.19488689715734098,0.20431641082394378,0.1783464721584363,0.19152066285087704,0.2326013408812373,0.16637808603535387,0.19449121624167437,0.24392119378551982,0.16989094217542453,0.28202916920271737,0.2656559542518438
2022-12-29,0.15527557343146775,0.2291299949296874,0.2248553123784962,0.23239169687625644,0.17508918236307155,0.20440745514525074,0.1714620197059494,0.19073769156154352,0.22937137761906692,0.16629353517891798,0.19021362984424325,0.24561538913400474,0.17505152481809955,0.2824522115376721,0.2602589516661364
2022-12-30,0.14920717837211814,0.22418337888669396,0.21749193419106702,0.2278420683435031,0.1759075646644784,0.20266305045171146,0.1647578819134501,0.19017406394352415,0.22956709478456047,0.1662818556893466,0.19047029685198308,0.24603207619949,0.17849084137363014,0.27742281609303526,0.252192811313524
2023-01-02,0.14917783271617685,0.22228889886758735,0.21609112417598414,0.2282146818841388,0.18025572397336362,0.20344584335766447,0.1632462439026145,0.19020761576804493,0.22764706071949,0.1656038470480889,0.19036018872498647,0.24619286242896798,0.1717422679798498,0.2975805378383619,0.24942569025092462
2023-01-03,0.1492543599378765,0.22219077619410707,0.21701275819878593,0.2295157981355526,0.18047320312671647,0.20284490696289992,0.16286398556457707,0.1909236644869705,0.2293742706483577,0.16722729213606816,0.1901768061430286,0.24671676406619955,0.17166264290833919,0.2980149232400653,0.2493241217569267
2023-01-04,0.14860278627717688,0.22519654440992162,0.2194636994164479,0.2294077336200014,0.18668552908835262,0.20320223377491636,0.16027279566953,0.1909386914820741,0.22947813288653943,0.16626100599629623,0.1903414259007594,0.24686289498834382,0.17235471650977077,0.30241032677242985,0.2529657990279726
2023-01-05,0.14669229247464838,0.21988126917164463,0.2173521441072712,0.2246479104997776,0.18264202122101533,0.2035173433467631,0.1649535563011629,0.17772089928691806,0.22796228389780043,0.1676961561346031,0.1860694358675776,0.24477665899895756,0.16975858726552198,0.2961364868540362,0.24897489828322858
2023-01-06,0.1494085341839392,0.223210033858299,0.21782422208748303,0.2296186371689466,0.18274122231566375,0.1978741162639218,0.16355323583764422,0.17567770536257532,0.22813247229821695,0.16725886240353033,0.18538398706107315,0.24560901611989075,0.17176705459972152,0.2968992413016146,0.24512149659312196
2023-01-09,0.15188714790833974,0.22823031722518347,0.17046835883855063,0.23740719114325495,0.1803894414139488,0.1984713675954608,0.16420347964514462,0.1766196608615452,0.22805108268051047,0.16590292756771227,0.18762596044928803,0.24548929073116915,0.18060716365061355,0.2978892448152576,0.24487111529629435
2023-01-10,0.14835030702287935,0.21565256237206445,0.17017950026444756,0.23846807478991602,0.1755659253807142,0.20081129697081526,0.16542871352980568,0.1761480682250699,0.22916867625077472,0.16561271394509075,0.18698288812119512,0.24650559316509218,0.19301960096792736,0.29829869058931874,0.24383544534315985
2023-01-11,0.1459025420093198,0.2145638086537053,0.16964529085764304,0.23848973745482488,0.18052966280804045,0.1978389758050858,0.1657332517707409,0.17857190470813505,0.22893936354771924,0.1684523451558869,0.18703136250708038,0.25154193392641844,0.20597778732384825,0.2978396045114642,0.24391661073422793
2023-01-12,0.147905316331206,0.21411974823317023,0.16828576456954578,0.23856870251760282,0.1810144858622385,0.19700205664939557,0.15827559967868102,0.17187147880134976,0.22900248518058278,0.16855149989801727,0.18826523220273014,0.24899850517001149,0.20191927355360212,0.29799268498980885,0.241861836028631
2023-01-13,0.14741859021893278,0.21493199072515712,0.1681445918845689,0.23858738293324797,0.17987426884094082,0.1949361733714074,0.15372688927299683,0.1682164326071692,0.22932568237690776,0.16853559736322474,0.18738535604550985,0.24903107171948935,0.20300807277146732,0.29943953547362634,0.24078009244762588
2023-01-16,0.14748976264087033,0.2159112781921138,0.16883925800997457,0.24288534773615003,0.17846331953866681,0.19296716894758653,0.15256648371799514,0.16489951162982136,0.22988252260838934,0.16854913203665153,0.1867761303660386,0.24784069270860667,0.20174112270880112,0.2996186706513091,0.24092039758521025
2023-01-17,0.14142539073877472,0.21662635190670068,0.16929809301330542,0.24390784124013523,0.1767181960649753,0.1926892518086412,0.15156061925094627,0.16460443438542452,0.2307531218508758,0.16854475891296733,0.18696323114807042,0.24615439522706403,0.20221800790761457,0.2993689853443505,0.2402068078753651
2023-01-18,0.14135525585065656,0.21554732858090664,0.17241988050606427,0.2435893546038768,0.1767128937320462,0.19243510719192244,0.15179485132262555,0.15375071777504276,0.23090525204307036,0.16810474090246277,0.18574184080037473,0.24608505553774687,0.20406387205222531,0.3027163653830443,0.240251625744258
2023-01-19,0.13598920498727798,0.2155103923462432,0.17240959664647174,0.23427548691664254,0.17480795592656112,0.1904163156696129,0.15229087398951616,0.14322842172504072,0.22619768891194011,0.1679319645735023,0.18374646534633665,0.24627304131697064,0.204357236756694,0.30285040442681604,0.24033152385130654
2023-01-20,0.13420307524862532,0.21547811108397044,0.17197799499795582,0.2343110269306411,0.17475601235953042,0.1897442848237734,0.153164634501811,0.15086882369850024,0.2275554281336751,0.16435568738632955,0.18248231782980665,0.24635189236196905,0.20130892860273245,0.29835390171045023,0.23009586224335143
2023-01-23,0.13477514926929207,0.21700605594706154,0.1728804779691708,0.23130671188879803,0.1732335367077613,0.18633551844547397,0.15450588629325546,0.15118593111215714,0.22747333320483998,0.16207078023160135,0.18205637127380123,0.23918026094884168,0.2027590860881603,0.2935268415183749,0.23000164066313086
2023-01-24,0.13536367654268547,0.214591961026232,0.17216659450598684,0.2298723408246732,0.17346278536857973,0.1862671556378209,0.15365432684510089,0.149703799998099,0.22829907277032777,0.1536879143175362,0.185957974558898,0.2386204815148579,0.19895350391565653,0.29534312688582515,0.23122758763097975
2023-01-25,0.13527978879813674,0.20960373471957996,0.1717254942158203,0.23259758389138266,0.17313186907494998,0.15313346423817367,0.15357487133838715,0.14765198123650367,0.22839241539503866,0.14853940972662305,0.18081966452444703,0.24146755953639812,0.19869474514090898,0.2950610972539346,0.24041480107225396
2023-01-27,0.14102426438598126,0.21042282360948378,0.17259290219684909,0.23518367906813703,0.1862947867788302,0.15319024568265363,0.15609827088941508,0.1465218109982363,0.22496396048337444,0.14550562250671384,0.18947054632855256,0.23483674568994722,0.18890699286411158,0.2952729023578077,0.24087766367814714
2023-01-30,0.1421593682756424,0.2100125315377957,0.171311056843668,0.22890694623714475,0.19106521340114896,0.15407540334170453,0.15615664854111228,0.14645095020920432,0.22479663968230346,0.14562274210658624,0.18888490250613407,0.23475485474838165,0.1876152952956614,0.29763218725440577,0.24126431366619633
2023-01-31,0.14240451651471836,0.2088643934219263,0.1720460063893367,0.23271783176957597,0.19022920918144917,0.1563832436086045,0.16269256550482564,0.14707402408137224,0.2285475225625221,0.1492718916864267,0.1868686702027298,0.23451373235672848,0.18759001118098717,0.2935417115980069,0.2415087420262111
2023-02-01,0.14279287920847947,0.20984131841049938,0.17287314868922332,0.23342378107364642,0.1905168837621408,0.15646500266628222,0.17099675075476933,0.14721397208060427,0.1441396736779872,0.15258153221416,0.18664225641521506,0.2345430061972167,0.1867314914140216,0.29378900835113697,0.2370430846116057
2023-02-02,0.14386902039519472,0.21397634990925932,0.1762730235843879,0.23346867885434816,0.1910664790558604,0.1582788661405149,0.19233011726054364,0.1470771043539362,0.17081684168787614,0.15041418514515,0.18538021978851024,0.23498400533922403,0.1882778564615745,0.29609164132191096,0.2398429918229015
2023-02-03,0.1440803617700984,0.21425604930147862,0.17608216333170654,0.23322540589950613,0.1907085613216688,0.16202282498905934,0.19033706919961424,0.14673398965052017,0.1705258224703178,0.15600739662369442,0.1852635776220368,0.23251961677905308,0.19196570245420616,0.2943495735867969,0.2383017184242583
2023-02-06,0.1480805470402314,0.1972311957461755,0.16782419129077264,0.22045578329321683,0.19113800054387198,0.1619745503847571,0.19073797472086515,0.1457806773289413,0.16917419617580867,0.156248809209082,0.18525754566710542,0.2255537791619185,0.19209254275187745,0.2947233300676064,0.23233868715320713
2023-02-07,0.14977938433684665,0.19644405625278277,0.16838831498063217,0.22000408472662838,0.19052794524904534,0.16226856889083852,0.19122547621094912,0.14379155855237885,0.1696353643064164,0.15983124068731905,0.17276298127345627,0.21617450693941623,0.19191390737343103,0.3132287261818463,0.2308721958232396
2023-02-08,0.1497994466013623,0.1996244671158781,0.17128741954525692,0.22081326947162153,0.18601462805575616,0.16210035615890145,0.19093520776033357,0.1438355933578711,0.16931959037155853,0.16246184549904563,0.17102647586461187,0.2178336725914095,0.19045736770774407,0.3132041035105901,0.23193997624038906
2023-02-09,0.13718200924787144,0.20221942216868835,0.1713597027200837,0.22111810673300114,0.18843699014731052,0.16016985624809874,0.1909494527683326,0.14372278811319342,0.16982331152064295,0.16287996301653573,0.16964534779635757,0.2098441982982251,0.1906855645067224,0.31072728783024567,0.23188371551385942
2023-02-10,0.13666830451378623,0.2015072272449867,0.1716788603144834,0.22066307115628417,0.18848142746784188,0.15938338119779938,0.19181262814496042,0.14348887436983065,0.17000042540086724,0.16252209847113544,0.16740124501732048,0.2070745297306216,0.19086669638594375,0.31391293787634855,0.2336943586048871
2023-02-13,0.13616954273218473,0.20819827918063874,0.1731096388382436,0.2224431499163366,0.18776670852104452,0.16018572474050743,0.19129548516719058,0.1434052776383521,0.17057558528193062,0.16325676203068815,0.16761130866211507,0.20883056572833178,0.1900442095977852,0.3138138973592485,0.2341297484870918
2023-02-14,0.13554551080846533,0.2083586919744037,0.172159604891812,0.22078658408966306,0.18773483594643153,0.16073389632163163,0.19970107876469437,0.14274272743094418,0.17055290540572388,0.16365244335247045,0.16515145550865407,0.2127857011272413,0.187502751421399,0.3128140640635739,0.233492573620285
2023-02-15,0.13709908824140532,0.20727872871358366,0.17244786856579758,0.2513371477483921,0.18832259940046706,0.15751368935256452,0.19930636274157618,0.14340479789717367,0.1701109125394217,0.16472161589162443,0.16538506946300216,0.2366630939202948,0.1897893085320849,0.31287111571512705,0.2369570255511538
2023-02-16,0.13611491182019322,0.20733404501532812,0.1727693414874847,0.27456717915102297,0.2194267829215872,0.15825054964821264,0.1991859338531206,0.1487024936352528,0.1703937181867747,0.1639701720327563,0.1642631385798511,0.23915156793883957,0.18961227924474403,0.31425727086737754,0.24516699679018364
2023-02-17,0.13926060905644544,0.19949269572734404,0.16681833440848082,0.27048630110723115,0.21576922980311938,0.15749552244641407,0.19918361491192924,0.16062856035701006,0.17099779982698604,0.16130051519646268,0.1643135639865585,0.22000866985875867,0.18982098916480364,0.314260656217132,0.24802446508063694
2023-02-20,0.14034128754441516,0.19968935511058722,0.16526934202332788,0.2710128100035934,0.21708957245287755,0.15749707292399331,0.1990442858905788,0.16062314453903995,0.17522667047573856,0.16130038876838895,0.16518473902815217,0.21979152284418746,0.19003504092238854,0.3140588131910498,0.24668278867966578
2023-02-21,0.14038656239739208,0.19979159375077304,0.1661180221241248,0.2716217333182814,0.2168057649309978,0.1701545928825036,0.19947158828427947,0.15752642499543096,0.17601968806689341,0.1632392624366574,0.16504543428131158,0.22310328261072143,0.18893641519675575,0.31304292492894,0.24945181480955048
2023-02-22,0.14387189605094514,0.20084428725341377,0.17053961666371065,0.272120905977239,0.21695629169942424,0.1734895656745272,0.1993090345278951,0.15477419152840752,0.17315028679190628,0.1600783741947486,0.16342478028010596,0.2242517458196125,0.18959447218795222,0.314757765675611,0.2538055582785545
2023-02-23,0.1417778658909645,0.20107911385927604,0.17035136635551176,0.2721327596618292,0.21703004771973766,0.17220230751791193,0.1990006940851386,0.15451356791275786,0.170193531107939,0.16035192428437142,0.16315986386085127,0.2241999242998211,0.1875894239642981,0.3138339456302621,0.2488783503460945
2023-02-24,0.14168363288920766,0.1988534200375624,0.16656871901190448,0.2689726430829992,0.22322659751868998,0.17298360718164202,0.1997012364209249,0.15422355725809164,0.16932463664198402,0.16033745509072064,0.16418438120111006,0.22348529256816133,0.18795642296451848,0.31134922260272224,0.2434715230129561
2023-02-27,0.14694728167786825,0.20459183431202307,0.16707509475576263,0.2680534022931846,0.22308565161728228,0.17371596288947025,0.1997975722428316,0.15160692941852003,0.17057618480398762,0.16026717450899677,0.16644279383445978,0.21944280486365536,0.1880668371645033,0.31779128502435494,0.2451365751963663
2023-02-28,0.1466622400268703,0.2062819403444039,0.16779742969991768,0.2678132555691245,0.22464676804282233,0.17165650902329055,0.2026339503087476,0.15176155212047973,0.17345923696461363,0.16103418694842098,0.17269434879400264,0.21686488830641457,0.1896077785404022,0.3116993785411403,0.24264342948358597
2023-03-01,0.14835706997960688,0.20445574416332063,0.16928020272880165,0.27144162849952563,0.2260989541326148,0.17293113635431326,0.20272843248067668,0.1512715793091771,0.17733768491980212,0.16097455246330922,0.1664965932370908,0.2169172810372431,0.19006291540856876,0.3096247815711848,0.24419324445613813
2023-03-02,0.14867579925380506,0.2065894759453683,0.16815624831628592,0.27254003652318787,0.22451434427667413,0.16917257563939203,0.20348058184829793,0.15430083697898236,0.1768891983870722,0.15888661026712175,0.16782803704996516,0.21563084043334596,0.19151154608866733,0.3085058946027826,0.2429630287735367
2023-03-03,0.15300599867250822,0.20584808127951343,0.1683023983077001,0.2764133631069482,0.22308056867589932,0.1693480921551529,0.20831432646896902,0.15406842269986815,0.17707646835798238,0.14054767428580123,0.1692023335098969,0.21554366702235003,0.20432704138303437,0.31189953516799385,0.2448009887947017
2023-03-06,0.15285971092620737,0.20037044685780556,0.16199621938074052,0.26584955116420406,0.22592335391897217,0.17568102451046774,0.20824535590651366,0.1466713384721113,0.18206770600828148,0.13819735244061718,0.16755008561159054,0.215585799212178,0.20433707520727065,0.311915981474576,0.2445967571417016
2023-03-08,0.15162050665401935,0.1993253024592849,0.1616607176344463,0.2668194633081439,0.2251401001684523,0.17667469780707193,0.20889251835782882,0.14396653647411917,0.18201246081682204,0.13870118941622667,0.16633859887419805,0.21467402410446582,0.20390905649257665,0.311455962745594,0.2455015820944235
2023-03-09,0.1536219736977152,0.1968741861295835,0.16199228048139622,0.26801976805525457,0.22574881106089809,0.17671692733073494,0.21094409322806998,0.1439061515916391,0.18333448931340499,0.13808423033090692,0.16761445959983853,0.21428745542997518,0.20325305841845,0.3131828638417883,0.24722447583962354
2023-03-10,0.15444275528277127,0.19679810394525377,0.16157133657153666,0.26535015195638967,0.22181785058413817,0.1751499447950387,0.21087118061315926,0.14077761553106363,0.18347496097588462,0.1376846221576407,0.1663175789503898,0.21895518911659842,0.2023510175887938,0.3111965470469102,0.24673099237765725
2023-03-13,0.1566818572644803,0.19686990160584122,0.16081521751552424,0.28760620525425323,0.22177968686635202,0.1757299483532415,0.20811318535743895,0.138290246910757,0.18147836185225802,0.1375937041940216,0.16595436627885649,0.21935697298869822,0.20330345129608504,0.3098633739925415,0.24750145844711213
2023-03-14,0.15771245717315352,0.1965720553273631,0.16148991191834827,0.28992288103170316,0.22458158181462143,0.17467478385366178,0.20790553051166788,0.13830730887653148,0.18137576096266705,0.1368305052775345,0.14896012612928577,0.2177990281407526,0.20415450663536253,0.30992324859308756,0.24801214047942785
2023-03-15,0.15809200672870763,0.19574420065332293,0.1626122668836161,0.2898351524718671,0.22383799376396066,0.1732997662874199,0.2060344427234663,0.13550798112411475,0.17841028868115297,0.13688528969277372,0.14462381299319355,0.2172290766815556,0.20222233167929235,0.3127578533181129,0.2472840874295315
2023-03-16,0.15785296006559876,0.19680844979857962,0.1632846568670548,0.2890897730924935,0.22395079520078517,0.17168208574591906,0.20603122938466534,0.14629336273631022,0.18169042634900873,0.14139012042940488,0.14417621991732418,0.21720441782229313,0.20235559842381776,0.3196106358558798,0.2611840497237515
2023-03-17,0.15926596794008036,0.19852206659940824,0.1646250444492605,0.28913295894732094,0.22121989517785595,0.173129343148436,0.20630706594890258,0.15263039448848378,0.1789469104912616,0.1379141828215139,0.14516890775421643,0.2030560789027233,0.20232560273132807,0.3207981358856109,0.2719304772429889
2023-03-20,0.15885860597104098,0.19885250001611873,0.17201770104068637,0.29046763185854974,0.2206838410045167,0.1713995985956818,0.20558176410875686,0.15302654275655095,0.1790758293983108,0.13770225618083096,0.14246899078685155,0.20321812727111938,0.2021685396721622,0.3227005464820039,0.27314023063329324
2023-03-21,0.15922187236614538,0.19705925482871656,0.1620770541596059,0.28845522710588956,0.21760446968066813,0.16703558891772324,0.20201169871113697,0.15224057174957908,0.1797389215087518,0.13693819593092524,0.14152510224852832,0.20127224094084156,0.2015514888176663,0.3055275147748536,0.2484074676133663
2023-03-22,0.15904764247625838,0.19681683140375117,0.16123004830923676,0.28838858648250076,0.21684932657390701,0.16803933479847077,0.19700694598555418,0.15093075776132367,0.178695600090618,0.14137574204222977,0.14024874735299803,0.2014022600798198,0.2013912028547139,0.30056719837438284,0.23561852285169324
2023-03-23,0.16122473436176998,0.1967191740637231,0.1595766710153587,0.2880608002428311,0.21192808776135366,0.16782667268784318,0.1967989199127658,0.15278410162231484,0.178684637825722,0.14192078777838688,0.14101365325345647,0.20086589288820328,0.2021222577750253,0.27482006709639073,0.23568125356814665
2023-03-24,0.162202356255269,0.19707047827258398,0.1593863651208969,0.28787246982848685,0.216886013713001,0.16961145147619897,0.19741081839935407,0.15279290039855953,0.1795408238544462,0.1418860778937472,0.14115224096628035,0.19977954758000763,0.20044135473582764,0.27924702193236967,0.24712116496589123
2023-03-27,0.1632181649421323,0.1972357521090895,0.15835804027518618,0.2877219086512793,0.21692635249551992,0.17048998707602606,0.19743430235135417,0.15286764360993157,0.1789731368366201,0.1432251162884082,0.1413730388423515,0.19879600648473314,0.19518179185851162,0.277075099033256,0.2487751637130581
2023-03-28,0.1628715939122887,0.197485956874194,0.15992320597140364,0.29472002365734273,0.21949023061567424,0.17053768035381864,0.19549657901183176,0.1517617031774651,0.17812253528054092,0.1432227020520598,0.1417528026969123,0.19794934057735059,0.1950411022772901,0.27647493880995916,0.24854579756971062
2023-03-29,0.16545039950138726,0.19629977161953557,0.16105145964298226,0.29483805190661344,0.21544522700714747,0.17108306232089554,0.19578037512426805,0.1522393917834242,0.1819691756524746,0.14385424778576994,0.1426259088828017,0.1982443744287056,0.19413290791737448,0.24804049929853259,0.2479508446519263
2023-03-31,0.1658810515651648,0.2080480085539611,0.16386267317277917,0.29595246740543457,0.21618448903970702,0.17126238292089588,0.1950886146762647,0.16704606700517205,0.18161237870304786,0.14277247753119662,0.14430394242445665,0.19887417612814035,0.19450192511920833,0.24885622342949434,0.24935438051801498
2023-04-03,0.1663031225833731,0.20622179428422363,0.16081037018875943,0.29578297676290594,0.2134922295682186,0.1730299359572395,0.19496122148211045,0.16559349912443394,0.1815649608083622,0.14266565664493427,0.14473543314582346,0.20042165992338654,0.19713480603945263,0.24508244418886202,0.24732930377762202
2023-04-05,0.16652422044702203,0.20559824237950974,0.16068784041260828,0.2950687253987821,0.21387152181776561,0.17057270127376098,0.1949871030384345,0.16384392847974838,0.17762903911383846,0.14561674378547598,0.1438338819948069,0.2009673979326087,0.19712273765072036,0.24512690414055133,0.24932236659387516
2023-04-06,0.16246672858330466,0.2023135952604353,0.15955789073333648,0.2907346816680276,0.21622516208626363,0.17038403209550676,0.19494386349893514,0.16387490304444782,0.1767522067839462,0.14806950099159835,0.14304573869759823,0.20017223031484568,0.1954440269584624,0.24488869623102752,0.2640493210240881
2023-04-10,0.15975838939941822,0.19569602156466948,0.15495350724725934,0.2860081631730202,0.23305350378334902,0.17171692431896857,0.19451880199645907,0.16348635790912602,0.17740995154524497,0.147340989070714,0.142412517144179,0.2007332857245799,0.18561148949586953,0.24249806345717842,0.28913069617147197
2023-04-11,0.18879711752612852,0.19701586341517152,0.15547785203003675,0.2852455709601914,0.23367701275238814,0.16865224291278297,0.1943502257252633,0.1641653059799918,0.17666146316134562,0.14698362383429706,0.14019490360021228,0.19945580345604855,0.1741281565542973,0.24718114841602742,0.28904649144886285
2023-04-12,0.18873193815729652,0.19984590511429692,0.15585717460550197,0.28580609903893683,0.2314593177615066,0.16920144039682,0.19461533418932075,0.16372817592440506,0.17658820520120155,0.14405788221381519,0.1468067482492015,0.19504014104098333,0.15920083740199958,0.247195382113991,0.28893643246523937
2023-04-13,0.18874690597793534,0.20679933599330844,0.15696820542244658,0.28923426500732585,0.2313434698522849,0.17274635582202252,0.19373261695671745,0.1632775035609537,0.17928558180525445,0.14612447455717786,0.14646990636369286,0.1985492569302509,0.15781662521520046,0.24699735415415697,0.29024262177263893
2023-04-17,0.1905648087552787,0.27906640590702597,0.16115891384633532,0.30959171998652446,0.23166430245314446,0.1767893350931486,0.19392269850808516,0.18271917469190332,0.1819568385272644,0.14640127729783511,0.14653446926820707,0.1982755795466141,0.15783973527810544,0.24297662112279203,0.2902200192823332
2023-04-18,0.19078563876760968,0.2768343025009627,0.16381669390292258,0.3031159499379257,0.2316538916213691,0.1751532982615762,0.19456280792062258,0.18720373049573352,0.18237878844519073,0.14676640440223096,0.14806853612492574,0.19861829681032953,0.1572237335805483,0.24323875173628828,0.29186484143947117
2023-04-19,0.190429852604286,0.2782054371899455,0.16772745599655506,0.3030363383793607,0.23168623573957414,0.17802467922188026,0.1945651311060489,0.1861663599842542,0.18074353118751305,0.14783167509845127,0.14796417049468188,0.19838838291456815,0.15677948470977593,0.2434817219230344,0.29221357531874714
2023-04-20,0.1904495885339245,0.277870746130077,0.16382742889542667,0.30345324226269327,0.231678454335092,0.17955761593152134,0.19440447795446164,0.18631932793266945,0.1810015686083182,0.1477197929277602,0.1501407199221931,0.19867193112884696,0.1554006616260861,0.23664726983721812,0.2948728222621643
2023-04-21,0.18667692703383834,0.2782339958905546,0.16702819679756017,0.3066770578750189,0.2295399123473847,0.17926602553605153,0.19597875438599796,0.18594633297619928,0.18402022252384695,0.14778532691057164,0.14891220046293313,0.19846503950045988,0.15608222254149093,0.2375294352565538,0.2981933176951612
2023-04-24,0.18652114780967186,0.2780871350720849,0.176832761551306,0.30687736896365087,0.22955123640474967,0.1797970946496809,0.19591021777447182,0.17910962163288016,0.18240582540586528,0.1479507007431267,0.15190553865606263,0.19850646408125194,0.15535097620295743,0.23775921580965498,0.29671827497592984
2023-04-25,0.18554300527328393,0.2755432899157201,0.1757585817014771,0.3049315159296951,0.22944733686095053,0.17814161963102823,0.19566910108401098,0.17853023787478364,0.187217545402077,0.14300276215475424,0.15180575722993495,0.19727407529108057,0.15736432729522362,0.23796545603241473,0.29684413874036136
2023-04-26,0.18371731308711436,0.2755097160992816,0.17570016445762074,0.30468421670949214,0.22940117159742984,0.17855898421575309,0.1957096281167345,0.1812546991323303,0.18530196501571305,0.1422376699277282,0.1450638737021763,0.1967044975406533,0.15718457652749887,0.236848456639,0.29661037770736354
2023-04-27,0.18558370826270526,0.27820173610884397,0.1741731913441597,0.3029820442757654,0.23003106182828803,0.1788862379652242,0.19594392847601985,0.18121249767525574,0.18529348729520123,0.1433394318556695,0.1442931789386978,0.19258316739671041,0.1609346913613777,0.23721352794258027,0.2866813375512593
2023-04-28,0.18169672264640016,0.27759961164467684,0.1835428896307538,0.3032642255640997,0.22035138079076486,0.17917579290228938,0.19711767759113244,0.18954702089713282,0.19562293017901136,0.1445665761418032,0.1351617287611644,0.19717165188507352,0.16411936555119136,0.23739090893909656,0.2866481093317705
2023-05-02,0.18266065634394338,0.2796085005302584,0.18310609056372432,0.30883426448991175,0.22549483041545582,0.181433622842096,0.19698680388203643,0.1893784216529761,0.19647061175704783,0.14621969821699604,0.13519742670243995,0.1975094349513402,0.16547958835763169,0.24036864698325328,0.28618612428486134
2023-05-03,0.1827736645107193,0.27970291031934164,0.1830906324188811,0.30710491452560856,0.22971183230267667,0.17969150209622842,0.1934375331542799,0.18837044016931445,0.1916100603229317,0.1438803507985896,0.13507676387422698,0.19760800609225543,0.168046085627933,0.2397690179618307,0.2861552113106185
2023-05-04,0.18287913542776815,0.27844831806925263,0.18213582638571488,0.30683133169290167,0.22937775082608347,0.17898617202133163,0.18879429332982536,0.18964294740025886,0.19183991753895224,0.1409307771580107,0.13482991550298665,0.19816821099337523,0.16988333673516906,0.23749132987565083,0.2828556275859922
2023-05-05,0.18365239679603035,0.27431999036919646,0.1793360011853823,0.30703044436235266,0.2292142144904144,0.17651895636784704,0.165087573667134,0.19039004189433695,0.16808233252714308,0.1404000050922346,0.13560161843596263,0.19832874372906958,0.16847912962237307,0.23890631396711184,0.2817308794649851
2023-05-08,0.18500780507776146,0.2734938676988571,0.17941293245548628,0.30705041227873003,0.2356779852499307,0.17584656271348634,0.1651663162195727,0.1905955521956194,0.1668130188385214,0.13451501697206375,0.13658132733198405,0.19834023529655798,0.16452079199027686,0.239551584351885,0.28386506529175765
2023-05-09,0.18029176561298454,0.2722018303586139,0.17927964712090272,0.3068251123531244,0.2350561093581454,0.17640240784548958,0.16991225900074972,0.19067299722198147,0.16681338527960055,0.13450404093866603,0.13648454761956458,0.19665976136464297,0.16423363522223258,0.2348672756297247,0.285197717938232
2023-05-10,0.17780708539612042,0.27223560799661944,0.1784528672568358,0.3067683853613885,0.23531342772413724,0.17625960880132077,0.15923170636714543,0.1904149726480647,0.16661580636110934,0.1306653902839111,0.1344452689283709,0.19660587026658802,0.16408410462121342,0.21051293903395357,0.2849748152340523
2023-05-11,0.17721696290921027,0.268595638698821,0.1753358002753299,0.3064024135525208,0.2347586141666566,0.17823458760672112,0.1616436899761154,0.19056084535819687,0.1669832590778495,0.12816082094926026,0.1961361891824949,0.193677639482572,0.1627259808558453,0.2108902493201618,0.2850801890191671
2023-05-12,0.17719914113022991,0.26535910525567785,0.17515087283607425,0.30629518246362514,0.23451503018373396,0.18660454309353341,0.16127377382753372,0.1923263131153864,0.1662183735040605,0.1280207912349326,0.19846233859140844,0.19367686136736623,0.16121090250965495,0.21348383243894584,0.28385683121357386
2023-05-15,0.1774290210228636,0.2670659304973756,0.17548658754215365,0.30818425003044014,0.2345446021483991,0.1862830399187236,0.16286420493309445,0.19239618276141515,0.16616367917078376,0.12810052319399678,0.1998489274687499,0.19351410944851755,0.1611345054372694,0.2096000276772704,0.31785921485719026
2023-05-16,0.18007034480435416,0.2637898436060562,0.1738509419381176,0.3069185135156811,0.23534761517943728,0.18389447307046422,0.1642609635375152,0.1924203753070701,0.1657596232893481,0.12878475923077654,0.19953573112892597,0.19425891402020787,0.16294530337533325,0.2096720589340934,0.31648236188260465
2023-05-17,0.1850613078108321,0.26131385304642546,0.1736677408405821,0.3065111533628847,0.2357956110242733,0.18327316733014115,0.15223484289363104,0.19264795242055957,0.16602143855056573,0.12821189379667466,0.2000183212133795,0.19231490877741295,0.16251283826645485,0.2110861173015007,0.31530757357294986
2023-05-18,0.18523979948169153,0.26107016500991964,0.17316424341588754,0.28205225757878977,0.23564000744647898,0.1836356699722034,0.1577434722434336,0.19232906558661172,0.1687651041756696,0.12701718874852466,0.2016076318349045,0.1621410508145763,0.16133057770322626,0.2105331245397392,0.31815833751175104
2023-05-19,0.1856545678882738,0.2647089308945716,0.17386780418152292,0.26205053410461404,0.20765935212447822,0.1841562002548146,0.157758112344832,0.18906862333314287,0.17115603516624706,0.12715006964323977,0.202082872020458,0.14517867086608774,0.162055469612161,0.20801988616355174,0.31699692693013276
2023-05-22,0.182110563815058,0.26821937407017565,0.1808300037495568,0.2695785432623879,0.20764465317642622,0.18421740318623517,0.15909992995170125,0.1778380818327574,0.17022793998776764,0.1286171138815578,0.2044828152430735,0.162565676817789,0.1610379924589475,0.2081072180678352,0.31372172272550647
2023-05-23,0.18125780382458054,0.26823983309701904,0.1810862447959237,0.26926177512390276,0.2062552028241737,0.18419091553998634,0.16007318452036667,0.17641156375484884,0.16642402680379412,0.12909248021619577,0.2038447815152545,0.16439680419306602,0.16106755756810784,0.20853144477446214,0.31818832997181656
2023-05-24,0.1815275053824684,0.268078812302182,0.18015334542376613,0.2692741343434676,0.2061739680044123,0.1725809831607938,0.16034944617300065,0.17653715143569698,0.16497758310185423,0.1349033112076437,0.20555816280999042,0.1571439771542451,0.16108486285397625,0.20792635519941802,0.3149269290910472
2023-05-25,0.17802391071444268,0.26797304789918186,0.17825174530096582,0.2688423712978004,0.20602338311926804,0.16940668673222,0.16342333644877965,0.17494720423838134,0.16576482157925013,0.1355914952890249,0.20563634231901473,0.15574115242009418,0.1684729019533463,0.2051094499479946,0.31161570137093814
2023-05-26,0.178368611830489,0.2691127444364407,0.1824388095878958,0.27063602235792766,0.20812775442819195,0.16899015700714595,0.16283578472314336,0.17483201741356866,0.1654555535590763,0.145997872743382,0.20555739680719373,0.15673145496605603,0.1669074124192155,0.2068112329592445,0.30840016676159043
2023-05-29,0.17762506697918107,0.2690615649737612,0.18269488613746637,0.2700436782061755,0.20938120922341388,0.16944452449911204,0.1630897612566837,0.1750405138669866,0.16572714579289127,0.14596867253996834,0.20500447978080852,0.15676157455415915,0.16596777490809878,0.20666041454250514,0.3084166940994223
2023-05-30,0.1759811569028783,0.2650462596385101,0.1824178826835457,0.2714378207165477,0.20938922770590604,0.16876994376278445,0.16760442872058334,0.17579958145318592,0.16350841419993203,0.1467247488592562,0.20309814769784557,0.1572245637479383,0.16564246388100531,0.19668923452722126,0.31157986283535605
2023-05-31,0.17970624484305842,0.26383388819469733,0.18149699003485095,0.27210298907758707,0.21139041314363255,0.1708051000412122,0.16580044584218984,0.17584604190817735,0.16418573718648974,0.14939059131578336,0.19705582503257674,0.15627973674739545,0.17900738755178475,0.19363226462285663,0.31172446729817915
2023-06-01,0.2009355462298899,0.2634273760617295,0.18121164844626772,0.2677012781651525,0.20882224438819538,0.16966645949376516,0.16903924872760284,0.17625619028426992,0.15960427350784717,0.151428485941045,0.19791489234948614,0.17717508286340572,0.187169077902614,0.19126358758046344,0.31145972802419053
2023-06-02,0.19853579145683797,0.26180350042006445,0.18087095671283657,0.26583872699438066,0.20904589797160705,0.16870161099105646,0.1677618358344364,0.17227135704737356,0.15965492435424883,0.15282287509967937,0.19841874730002884,0.187483908810356,0.18527061102986123,0.1944651765134598,0.313931028413482
2023-06-05,0.19692778033375652,0.2617397431775488,0.18059385820156545,0.2629974123080284,0.20922578652792276,0.1674777428938858,0.1625307037757815,0.1739674491699316,0.15986376020916024,0.15380767702136122,0.19739755594178504,0.18782138426620368,0.17404454323773816,0.19084764553713424,0.3136454331514739
2023-06-06,0.19962892519025238,0.2606070304295197,0.18127164918767488,0.26644965388895325,0.20367909086589053,0.16051874683413586,0.16217411320666636,0.17490423382073614,0.15315883751259637,0.15396447404438487,0.19784395876207672,0.18799325595015173,0.1747082876720654,0.1891045946059576,0.31357253872664587
2023-06-07,0.20045502582477182,0.2609600424982038,0.181672328834544,0.2660492171596567,0.20370403275984758,0.16037326011213426,0.16124259252519504,0.18379005443668084,0.1719002419965578,0.15284545212006226,0.19823189245710218,0.1889301966250935,0.17790412257558397,0.19401040139675363,0.31356712926165375
2023-06-08,0.2068563513915603,0.260707190052726,0.18197975109567088,0.2677430419358056,0.20444623385448746,0.16926577940385085,0.1585409866138977,0.1856829426034535,0.17010497182414408,0.163008189173527,0.19728237009420477,0.1937028911609789,0.17877061806894998,0.1915846521450059,0.315470522805462
2023-06-09,0.2063201284124739,0.26158184676810176,0.18230602014639488,0.2682387512399518,0.20579981288921168,0.16883853054626027,0.16064489325614767,0.1857838815771981,0.1700868668630001,0.16311015646244378,0.19730424145688094,0.18678102871840568,0.17898439561715146,0.19624105065155753,0.31127918182933506
2023-06-12,0.20342420065135158,0.2613237282657195,0.1814332317311387,0.22881489797076937,0.2060831764996288,0.17134386274934324,0.15859333620230873,0.18450749815433723,0.17000358932251816,0.16306539093153422,0.196800210849381,0.1866558482666911,0.17720532793131025,0.19486131299979192,0.3064618909686349
2023-06-13,0.20247768055314236,0.2616420670453793,0.1783272263413575,0.22673271188796737,0.20348443317795886,0.1699959682688644,0.15993158040279112,0.18439429280445233,0.16993952092801748,0.16303042895547873,0.196606443103783,0.18489792512396003,0.17678505630682595,0.19691828785322346,0.30899797632286435
2023-06-14,0.20174831845305363,0.2616810102198545,0.1769993429208658,0.22674545270124988,0.20512651243914723,0.17103983763737785,0.16007872363316447,0.1808280210381997,0.16739320663945279,0.16249947956369407,0.19575531604556137,0.18566662920342916,0.17236410307356187,0.19818087293769382,0.3084001993490098
2023-06-15,0.2052422221136546,0.2616033466366273,0.18079108580357517,0.22678893614057943,0.2050743038843813,0.17056551521659646,0.16034211458473263,0.1758059304446632,0.16535039287882716,0.15899528041956706,0.2002747459883267,0.20213393318399558,0.16923045894701122,0.18513279388318027,0.3065227362650933
2023-06-16,0.20388640788311183,0.2604231497069821,0.1845535128405525,0.22614224880847325,0.2049711917002113,0.16812064237470534,0.1564034189231251,0.17176520963685768,0.1658769066101015,0.15762580540609286,0.20406252530596475,0.2025049664722575,0.1677738079432729,0.18176732456529704,0.29705981573258
2023-06-19,0.2076247877737753,0.2595195391145724,0.17714133969292045,0.22611543059859376,0.20479108522708497,0.16991065792806476,0.15611675868569455,0.173225307377228,0.16535327534667818,0.15864797335105804,0.20490978557091047,0.20324419763133098,0.16967111919029226,0.17453478163647468,0.2993985561892418
2023-06-20,0.20843305681046348,0.259486477210861,0.17741080501559975,0.22620615517125328,0.20464428365295467,0.17034467144440937,0.15552148089067835,0.17321592395912275,0.16109600216683168,0.159669075918348,0.2045835204631993,0.20168250277462105,0.1697059027633114,0.17452588704894165,0.29853005405723226
2023-06-21,0.20837786110598305,0.25953188561339463,0.1779910642259408,0.22724378664453418,0.20795613286394213,0.16684296244634558,0.15904832017154194,0.1726690133588982,0.1602539251238921,0.15618885397349214,0.2033487821495408,0.2030813262753381,0.17039622015831765,0.17476582243089678,0.3007752481879709
2023-06-22,0.2060518578699108,0.2601140642871182,0.17655038499719508,0.22725371584936208,0.20817135439284534,0.17055279140436524,0.15882179607876967,0.17608051024926166,0.16504788704356396,0.1558353662262621,0.20284840274388832,0.20457967376281075,0.16982269327482494,0.17516602773798073,0.30081196870116456
2023-06-23,0.2060092500806953,0.26104853648532234,0.1771555502742389,0.2273355827062214,0.20461057643038635,0.17018368268846093,0.1591464913699861,0.17543982726387758,0.16331708745675938,0.1554711257848222,0.20598636708344906,0.20507742398643652,0.17161343623874803,0.1680214006373385,0.2895272827004678
2023-06-26,0.20577702079159635,0.26086670284483265,0.1771225341437213,0.2274461083471824,0.20437359807203506,0.17050727793308176,0.15914844274374226,0.17495891292406782,0.16358503560897986,0.15406617562073785,0.20649526865085094,0.2049791082836716,0.17185803900697208,0.16802421803216297,0.28666954583168
2023-06-27,0.20668061759602216,0.26096032232306937,0.17449887981648554,0.21913112357192416,0.19983714798570457,0.17068918931808233,0.15916737639618098,0.1750574364945536,0.16559726676143385,0.15466460882167613,0.20622214036169947,0.20840209229343945,0.1691367193941837,0.1685377660804035,0.2869479991745863
2023-06-28,0.20539237517120448,0.26190531119283367,0.174077966242857,0.21945413098016117,0.19801076447227708,0.1721856242132149,0.15941670055355392,0.1750105596881029,0.1628985918487698,0.15911026104644307,0.20785399772839638,0.20860693127797827,0.16852793944282599,0.16790318376416996,0.2867270902945522
2023-06-30,0.20510149011797735,0.26217416584851344,0.17503016780303574,0.2199570167440824,0.19793531721659285,0.17190024725771624,0.15944610513394278,0.16277667295363843,0.1622575168763414,0.1683236651361431,0.2074968914181718,0.20709497132584828,0.16855724088368246,0.1673606977836524,0.28655748174792867
2023-07-03,0.20474552069205482,0.2611339101385511,0.17487661794548712,0.22069514627455872,0.1975994057331927,0.17061340211623952,0.1628888196752998,0.16523897089607176,0.16266458434595174,0.17252765512805304,0.20908941756018495,0.20342704134003667,0.1665194416870258,0.16775617497742282,0.2860579732617226
2023-07-04,0.20544678713442613,0.26107000729379726,0.17591355790807317,0.2258034980384728,0.19863680761836727,0.1709257824314317,0.15956572564975638,0.16517777530594452,0.1626899216204388,0.1713678868705244,0.21152211199809912,0.20238884128998552,0.17070089140033995,0.16821747746828106,0.28637016181473607
2023-07-05,0.20541375647951615,0.26110519906408847,0.1752888462276026,0.22945605304594188,0.19662706098582597,0.17084134836946813,0.1625553416303092,0.16551794068689352,0.16416551310509767,0.16909140392238797,0.21162721565510428,0.20326396490829332,0.17068646721555356,0.1677829466535483,0.2769969507721034
2023-07-06,0.2057342736834372,0.2609625451107099,0.172011252118229,0.22815694032163827,0.1787214097985539,0.17208458574059865,0.16307155971801696,0.16416172006373528,0.16437545195958675,0.16897599890070428,0.2111280881139872,0.21690134929649107,0.17060740666206167,0.1678459941901262,0.25750300830089656
2023-07-07,0.18128339424654985,0.26001172899320696,0.17098809608529061,0.23138329084727882,0.17895640540134358,0.17832409322602918,0.16282768621881624,0.16550592877969436,0.1731558762536299,0.1696063763436236,0.21234297386961995,0.22504199875175773,0.1704553644993189,0.1623428916548851,0.26241080669543926
2023-07-10,0.1818374214005558,0.25777798988421863,0.17391166451228796,0.23115773669621914,0.17822533076886599,0.17641699866867414,0.16265128421042716,0.16644512600546815,0.17361298225989377,0.16991513974790656,0.20718139545922126,0.22439054824506977,0.17278290598402715,0.17503451433464054,0.2627277463284833
2023-07-11,0.17963793241378467,0.25365261275671763,0.17257408417534695,0.22801504003927706,0.17912178896469488,0.17285055932983168,0.1645941767552453,0.16753031582496414,0.1723681556874697,0.17542926505204257,0.2074953200535965,0.22469979240877205,0.1723388089935798,0.17506044895434608,0.261830776639171
2023-07-12,0.17783764779581532,0.16302746361549958,0.16752750867608823,0.19897943883678892,0.1820906548855541,0.16817881645033214,0.1640579542185307,0.1491761773983581,0.16998971543897845,0.17526659593803526,0.20757897090195548,0.22454252880036818,0.17074993284459217,0.17514506244163336,0.26432090898850996
2023-07-13,0.17791899073126127,0.16947908518315358,0.16420001825579972,0.19988980931561923,0.1820751845443893,0.1718238351002776,0.16354865565590454,0.1464328163749747,0.16839883245388929,0.17519075430259856,0.20733677369841186,0.22523194542696207,0.17150115077377973,0.1750712301596969,0.26188753434873013
2023-07-14,0.17788486788182625,0.1843806011857701,0.16706516742876618,0.21654438175760513,0.18276323027669497,0.1672697649001914,0.16348208509546605,0.14828636907905912,0.16848475454307554,0.17401344788429116,0.2084895849088507,0.22496681427314416,0.171323795421343,0.17897687966533038,0.2613982889455966
2023-07-17,0.18054769922228436,0.18351615281708228,0.1735621459892654,0.21695736821468634,0.1858682575898461,0.16544478699272458,0.1637280703266278,0.14743836109332845,0.16671273224403815,0.1730783957885902,0.21392421835001801,0.22520695334555227,0.17233942338843466,0.17899255634345093,0.25845719839481834
2023-07-18,0.18038532444708483,0.19623701084065143,0.17182626172219767,0.2101296117092873,0.1858768271083122,0.16551688834194692,0.16008529015079526,0.14772709884461252,0.16857213972235233,0.17459434493254464,0.2146859663162555,0.22702992250218368,0.17105565384134006,0.17623934754284248,0.25463478037314785
2023-07-19,0.18114823154690474,0.19617897911799126,0.163901071402991,0.21036115915163175,0.18578365079392997,0.17357443514140672,0.16149704526542416,0.14707569359035197,0.16809155472599902,0.17468959289931124,0.21283237615525175,0.22671522859698026,0.17082939418135779,0.17624318868958777,0.25463023884909597
2023-07-20,0.18869999012402766,0.2004967086491364,0.1631753681634926,0.20877111162872677,0.18579234317830368,0.17355814847639586,0.16909477812330473,0.1469663337085674,0.163944979645439,0.1757354667311589,0.21699833412088837,0.22671252684198473,0.17081143755945885,0.17612916791250532,0.25448741809726727
2023-07-21,0.1886454758793871,0.26487610045346294,0.17628467751065854,0.21482545076636433,0.1899094529697812,0.17348183744919907,0.16964676138150903,0.14341150308217893,0.16405735344921912,0.17567582785580063,0.21825929174992775,0.22655463428787856,0.17080584065174198,0.17625163399692861,0.2544010095383139
2023-07-24,0.20135697199591074,0.2634152222145486,0.17635317013169985,0.22410568744641823,0.18922962501106338,0.17330994512171632,0.1900135223130625,0.1442009624104564,0.16806141308272848,0.17530201029413586,0.21960596842921187,0.22706247906219396,0.16809438663091028,0.17743084796891384,0.25599588055205497
2023-07-25,0.20008258914745414,0.26337299862115804,0.16837716842349257,0.22162022509554563,0.1896831931124222,0.17889216438262726,0.19029389257813312,0.1322483944060749,0.1611111714589445,0.1752189943755763,0.21979679633785743,0.22369970548771473,0.16607636131322104,0.18825313437051103,0.2630199390187977
2023-07-26,0.20058637120984754,0.2613338945465553,0.16790239670853113,0.21643450959117563,0.17769876452056144,0.17485051966318652,0.19428068009320645,0.13221329841150084,0.16411707859321095,0.17397107342557763,0.2202762639350076,0.22484007823809662,0.16407882098954846,0.18398908974027395,0.2641480196552099
2023-07-27,0.20158373563641604,0.2608585016335187,0.1676018163918359,0.22932070130625498,0.17474087093187135,0.17480956868497521,0.19733828913950216,0.13898216741254948,0.17116586833686712,0.17613674993332945,0.22039000943050335,0.22554428360265277,0.16095956283183194,0.18346506049191819,0.27963516800293414
2023-07-28,0.2007526046311189,0.2617509948097878,0.16753693646674636,0.22997423149489074,0.17484753984361773,0.1908964140736565,0.19696289898290104,0.13842762276312814,0.16965986524466548,0.17554331086983174,0.22170422969558262,0.2300099089657685,0.15961246992583003,0.1824837829343882,0.28041475302089724
2023-07-31,0.20098224670632198,0.2612301112810157,0.1684810003731799,0.23305274473101412,0.1845321903741998,0.20268393789207484,0.19696426550667062,0.13525966321266691,0.1756201225980639,0.1750652617544495,0.22178605155038272,0.24040959483561494,0.16019375744379427,0.17989671498088572,0.2804312731069425
2023-08-01,0.19820745343884313,0.2613651785835731,0.16861583900593854,0.23772101309494703,0.17546580484627397,0.2088272703985794,0.19688828792508306,0.13521616227721933,0.1752801256357158,0.1734633619485573,0.22092563029319814,0.24771340035951328,0.15968864731838822,0.17957451139175828,0.2897444762657964
2023-08-02,0.20006844474765084,0.2617926802103636,0.1700039582966472,0.2376772242304246,0.1758186481863287,0.21735780022400336,0.19428054194501185,0.13751529893187148,0.17532561159580823,0.1740286575968053,0.22098756118131072,0.24773607946587956,0.1634800996108669,0.19493314145206092,0.2901936729682675
2023-08-03,0.1999566046630597,0.2614713735051361,0.17083178081747502,0.23774374487333527,0.18092966328453178,0.21731570864576708,0.1954504592547642,0.14248311250300477,0.17541065798704172,0.17350314977732947,0.2185761667305417,0.24775738205996137,0.16449452211580076,0.19543851294421574,0.29138048669175304
2023-08-04,0.20106664301381993,0.26161319823917184,0.17681462582393073,0.24361794854437782,0.18144888852305077,0.2179488657524204,0.19368675352570086,0.14246387474556177,0.17499882131886615,0.1735328001824912,0.16008288480290636,0.2478794051924347,0.16742389071191585,0.19490424407210297,0.29114796839824364
2023-08-07,0.20109011505835672,0.2612683626721995,0.1767782120503086,0.24380442621493376,0.18037369346376736,0.20957886355844976,0.1936956125732157,0.14073794363330164,0.18498075488317836,0.17580909720281676,0.15618112378507548,0.24812182579675235,0.16736215121089856,0.19110936069802023,0.2910451776305508
2023-08-08,0.20050959878844066,0.2608261080072674,0.17800237109120934,0.2440914857122632,0.18039985333061467,0.20984820389604092,0.19145661140792503,0.14245505629805028,0.1864704756522721,0.1775983979739986,0.15536662159920725,0.2480471856126756,0.1680543921755933,0.19136387200324378,0.24988948029561303
2023-08-09,0.19903873693237484,0.26077384994957464,0.17801984524398923,0.2454888714270229,0.18273880140088844,0.20963027427242123,0.19191649552391155,0.14245968571941517,0.18617354386635668,0.174486924284374,0.16969498987246331,0.24644464271723127,0.16570945790449287,0.19358149931616878,0.24980392895802284
2023-08-10,0.19802861659461377,0.2589964448197183,0.17583206651042863,0.24526500030016282,0.1832978589844185,0.20914643141858788,0.19441388436618973,0.14403979162095362,0.18776276092230323,0.17392586803326787,0.16867133796874859,0.24530920949903906,0.16728422777085994,0.191073290239572,0.25034429608549025
2023-08-11,0.19701399270450676,0.2606558206649538,0.17847906016437848,0.24676787566843086,0.18380012870829926,0.20941876371531204,0.19073464569506932,0.14464188498035851,0.1858714451350491,0.17709050188847875,0.16580992539096728,0.24453603470028148,0.16664379730959927,0.18988271518242503,0.2491465232714083
2023-08-14,0.1962928800020003,0.2600190863610243,0.17786280126571882,0.2435702769074576,0.18277311418079745,0.20756265562320006,0.19072188333092205,0.1447277643449374,0.18363723443435528,0.17644051059426455,0.16427926099970677,0.24766857023433417,0.16647730214937753,0.1939041629999154,0.2483885616310581
2023-08-16,0.19639769834997828,0.2597672041623249,0.1717105853682581,0.2369402148504072,0.18291676654939784,0.2105088167334111,0.18956596169725026,0.14350028229177983,0.18363753197488694,0.17572699344289724,0.16295337896499967,0.24239234753498928,0.16813558774186987,0.19872545990199542,0.24882681385508154
2023-08-17,0.19676740622655736,0.2600198165760795,0.1716822652062507,0.23488911384084576,0.1834916484308729,0.21177594726835056,0.19386758335626234,0.14572607492407558,0.1833496001880817,0.1746465488202873,0.16274078658270094,0.24196590930684228,0.1679989671911429,0.19861478906505,0.2446634292467324
2023-08-18,0.1970978404627507,0.2625280049986484,0.17411554540505128,0.23803545653252026,0.18472645447536182,0.21221099664496834,0.1929149424402098,0.14645221404639758,0.18397932320851,0.17207239320015227,0.1622280364779179,0.24244132520940617,0.16803528429647807,0.19843302378848,0.2449787769720666
2023-08-21,0.19613126614422977,0.26334250144147164,0.1719268892633238,0.23814013699711983,0.18477215028022906,0.21348940694096083,0.19166967547773628,0.1473813702047582,0.18324170070632084,0.170672938277489,0.16140953853973825,0.2444206707331875,0.163513703857393,0.19864411297519072,0.24183771092275602
2023-08-22,0.19528562801076102,0.26281012100054774,0.16797465372181875,0.23702044705400316,0.18223963183370234,0.21412970457954542,0.19347814314905712,0.14709065271871638,0.18260531854535994,0.1638097774371929,0.16145144551519916,0.24402456076489953,0.16325022873191894,0.1970871560155979,0.24192672407677282
2023-08-23,0.19627993202877703,0.26271318211623085,0.16793520528583436,0.23824333977017698,0.17129609534175122,0.21393945391332578,0.19285798419265016,0.14714696536659524,0.18238526844860278,0.16643925497276918,0.16144006683821605,0.24391253596691473,0.1650188434179622,0.194942930441766,0.24116952935742036
2023-08-24,0.19460439420785802,0.26319868802964375,0.1680248574273905,0.2360623465137066,0.17411559362991536,0.21454992049334548,0.18638497776002677,0.14638390373292245,0.18292964960617555,0.16536815140983682,0.16129386946099866,0.2433733652262403,0.1647579937543694,0.193148299480921,0.23886019096620753
2023-08-25,0.18927855858189846,0.26306047772810653,0.1686912074218981,0.23520732551787868,0.16585820574057483,0.2132816726282551,0.18849696516420433,0.14627479784050698,0.17901285133032382,0.1650865178002449,0.16921319573145133,0.24454922664456827,0.1455263588237318,0.19306874932340082,0.24160403268251535
2023-08-28,0.170814941339133,0.2632362872727273,0.16800688286092202,0.23539378007978776,0.16450070117130441,0.21327477313173002,0.18677614587478203,0.14586113357908362,0.17889327411784445,0.16439044919569742,0.16887788959536182,0.23001163616929643,0.13505681007506717,0.19320940758018804,0.24332956209531323
2023-08-29,0.1704977835741119,0.2631150344791066,0.16761611120109768,0.23623352238584072,0.164233119481678,0.21362542824453795,0.18607420284847448,0.14499711581005637,0.17892767463502401,0.16369435098330481,0.17002087126199933,0.2208201671871291,0.13873731192385375,0.19225036534203832,0.2427705807747603
2023-08-30,0.17020620157963753,0.2639859910431487,0.16763600734219103,0.23451773422545033,0.16420920652286541,0.21370930998080295,0.18605168942243103,0.14409818645823733,0.1786991730865672,0.1630102635309225,0.1731307280701643,0.22071957701980308,0.13869896006061097,0.19497727029199582,0.24397649149238848
2023-08-31,0.16623624763061456,0.26026309317259216,0.16623279809506217,0.22975376879642462,0.16351450875241272,0.2138179004956028,0.18635434500498382,0.14496420850053948,0.182030026756568,0.16315423736981124,0.17442264120014184,0.22211677193414045,0.13808786687326854,0.19473567337189332,0.24351408581919234
2023-09-01,0.1662720848089528,0.26011207616217624,0.17024013764450913,0.23284834569633517,0.18424189485212056,0.23096330450508307,0.18638556312577212,0.1306683416351462,0.16141150380753339,0.16335032237351055,0.17502571687020593,0.21935440105757134,0.13517879603033792,0.2007365956824926,0.24353493090231607
2023-09-04,0.15752979612795545,0.2610012349281251,0.18979010803743135,0.23094052724227326,0.1827881138850669,0.22936388373048375,0.18705105022058055,0.13018942313624648,0.16188248642602965,0.15199032602760457,0.1756683711739435,0.21570442252029629,0.1334946683206129,0.2121933054218044,0.24252942930113008
2023-09-05,0.15740400978298044,0.2593726687406375,0.18972085999616928,0.23006111272668278,0.18028924551436593,0.23023048785906702,0.187739501335281,0.13168709592594288,0.16194548541994372,0.15633524674547777,0.1793736178453114,0.22625451755724024,0.13327470940381186,0.20654499786506353,0.244027094607144
2023-09-06,0.15708393704861714,0.2567980294259329,0.18996008358872066,0.23003238710349494,0.18034995386953437,0.2312923955202402,0.1885938028930368,0.1301809899258519,0.16381457607823474,0.15693851558311392,0.17942161977003124,0.2270706196783649,0.137101231253006,0.21042706670306197,0.24347039552781416
2023-09-07,0.15694096616805872,0.25710162227997047,0.19044426323209016,0.2316101652894134,0.18149106201105708,0.23122116203878787,0.18459463459337078,0.12906875256728545,0.1633353350840407,0.15846611648073006,0.17942574433969055,0.22685948238823614,0.13761000218381514,0.209035875467007,0.24188017773394457
2023-09-08,0.15668046802988395,0.2568473950126173,0.19116894719207397,0.23200666922269395,0.18169116464557808,0.23532382253824108,0.18516615766851383,0.1270485701239796,0.16346156233776973,0.15856640757891266,0.18015697138235706,0.22637151864300473,0.13829064023791407,0.20522503371042625,0.24416620919215623
2023-09-11,0.15402919304358056,0.25553755815059404,0.18742368477370439,0.23202509305456387,0.18233016599972585,0.23531545860546113,0.18562687081576784,0.1273138990612186,0.16332530634814088,0.15870625943904662,0.17576018152896247,0.21411572012790983,0.13856730288801225,0.20611916872581623,0.23713628328984893
2023-09-12,0.15161748670450037,0.25719600518136365,0.18198224670170518,0.23182348244058684,0.1848594341328684,0.24751702374265475,0.1850920127020569,0.12870000010571078,0.16021060866202433,0.15900679011126254,0.17135338910409395,0.21899824095848736,0.13747928007725654,0.20988428507903673,0.24518301898928904
2023-09-13,0.14804788956470216,0.2573545354620499,0.18165580929369854,0.23097767851165515,0.18704068268285434,0.24526485008901264,0.18538800581354956,0.12840460098640166,0.16153594046952996,0.1582684179689036,0.17103914856969996,0.2184539553022488,0.14541296050053384,0.20974591522212577,0.24102436970240856
2023-09-14,0.14642380830053392,0.2572549048580824,0.18148278159550837,0.23156226407628516,0.19061038312772396,0.24509685062745304,0.18606290227830793,0.13063756393015075,0.16102289252640048,0.15684480425467826,0.17104715480358518,0.2204923946570966,0.14541515436963245,0.21163165780883603,0.2424273487173592
2023-09-15,0.14664258273249076,0.2569858449969865,0.1819203382956585,0.23242811402859243,0.1887932574324414,0.24611286849711111,0.18430897602775878,0.13125816095105952,0.16149423309757582,0.1568549125867611,0.1723022888619331,0.21983823449355933,0.1511508988062053,0.21126892031057415,0.24156670098781283
2023-09-18,0.1473032660129568,0.2568255003775404,0.1827450425247977,0.23338055155526702,0.18758783936215012,0.24486419368335585,0.18504813116562405,0.12843662100598452,0.16182277452386407,0.15688504519742064,0.17623332883973267,0.2188954390103622,0.15596390679814529,0.21313557765999985,0.24182631480006225
2023-09-20,0.14740597981233908,0.2548943664750331,0.18489398256681025,0.23505232356645483,0.18496149112405819,0.24446728437121665,0.18455008885287102,0.12909244797940989,0.16418798426894124,0.1569225092613671,0.17876094321405403,0.2205380908000712,0.15557816171370706,0.2141920459390967,0.24309602786121287
2023-09-21,0.1521480634913024,0.25507428248132874,0.18515417287254207,0.23574534869887312,0.1862578252116882,0.24498424209039116,0.1862477539025301,0.1295143736045535,0.1639941363520737,0.15791705592112198,0.1787551915527938,0.22058087407032967,0.1559001325304232,0.21461967262362228,0.24430830398895878
2023-09-22,0.14992205923631657,0.25529443432532267,0.1928138102706364,0.23611854285909412,0.18764523853263224,0.245623345302704,0.1873447606067339,0.12951260968534084,0.16290020059835988,0.16039956534289368,0.18802064107361138,0.21654367486231002,0.15414589883818183,0.2154312001717189,0.24296059238294543
2023-09-25,0.15372314399916798,0.25715760697369805,0.19424273513070273,0.23499718290591548,0.18761708594711612,0.2444322959641152,0.18629378132707775,0.12951186709149395,0.1619167577237963,0.15717509016589296,0.18830742412127752,0.22106609599269336,0.15341603981336882,0.21527113002602616,0.24365738571328732
2023-09-26,0.15513192558338518,0.25030619531402887,0.1907286864139449,0.23453743264189242,0.18783674303246084,0.24432433987508756,0.18597933764458768,0.13306174331187662,0.1619369580663254,0.1463822364846419,0.187595638642225,0.22146200890930406,0.15282904275191478,0.21611911278358814,0.2432635581751893
2023-09-27,0.15514720576124288,0.2502900166390153,0.19077289079633916,0.23346563742071166,0.18603233621061555,0.24446356614067236,0.18081022830695545,0.13145737477244357,0.16258256762859274,0.1425806682041529,0.18578329778972083,0.22210588850672863,0.15360149723649832,0.21621300547803893,0.2450475316726508
2023-09-28,0.15767558580529228,0.25334553362625156,0.19678601943875745,0.2499293639914659,0.18411593917027397,0.2449970167726245,0.18398700137596932,0.1349268979711121,0.1681071376173899,0.1406441804855044,0.1847429228114048,0.22415354207823182,0.14986322084209178,0.21711249420695755,0.24716185858490067
2023-09-29,0.15765733694522505,0.25347916972112744,0.196448686307693,0.2461487929036554,0.18845095244682863,0.25322328468488975,0.18042842339952203,0.13252280872725264,0.16376762241894144,0.1471622455831165,0.19340616745708503,0.2289094678584462,0.14986236826403815,0.21906119517522465,0.24734559417205512
2023-10-03,0.15700009746644875,0.2534035704723835,0.19618439933851153,0.24646612963503634,0.204033930364185,0.2557215412092786,0.1814364462759694,0.1322464996944171,0.16049827331017294,0.1508853295702937,0.19857975873329978,0.21319692151129208,0.14986978812913226,0.21965758893417572,0.24276941894010373
2023-10-04,0.15524969333619257,0.25256773187656706,0.19620063033747318,0.2436063826724021,0.20364305433836793,0.2575023690384551,0.18075044062042367,0.1453410445220743,0.1559792085749616,0.15402462666213496,0.19829149912580085,0.20845816137159695,0.14994265573670326,0.2235904917051326,0.2440912136106059
2023-10-05,0.15521649604718368,0.2536556025458676,0.19374458715006088,0.2429068204391914,0.2034512170283828,0.2575140371689751,0.18053653574394876,0.14239848041329622,0.15593215361754928,0.1536439343420746,0.19795699294791916,0.20839025011217266,0.14640633909097373,0.2140089671751881,0.2440302732175102
2023-10-06,0.15581726219821843,0.2528863015455592,0.19354491611247346,0.2423859097099679,0.20288364398353326,0.25761446270331845,0.17990384508764543,0.14027517687158078,0.1540170819704778,0.14527981548181523,0.1971385759727247,0.2045462457833142,0.14600309304307668,0.2140634697800505,0.26000272755085235
2023-10-09,0.15732799330903174,0.2515679678712387,0.19395361603563302,0.2425057779685477,0.1998479856607572,0.25685315526998886,0.17998834996916993,0.1390367012422315,0.15405504239190557,0.14519499417463272,0.19854191007535976,0.20458722453100942,0.14595912774390646,0.21690145346218723,0.25994843036112414
2023-10-10,0.16397333639622363,0.24854221449404038,0.1938459239654262,0.2422528664589902,0.20058978054382645,0.25378488570897967,0.18116630475138612,0.13758157897262152,0.15386360199290613,0.14506879884258742,0.1976290979249115,0.2030246499580913,0.15405918896838558,0.21793313792352678,0.2705999237951063
2023-10-11,0.16516925774071692,0.23189388143592235,0.19743829983024783,0.22415106600324247,0.20014077487092213,0.2538959282547229,0.18214623160510668,0.13619811900213352,0.15314661364145907,0.14491424352486507,0.19868379905297015,0.20329457447094518,0.15461057287762664,0.2146608690331045,0.27071333541462117
2023-10-12,0.16196902402045524,0.2355060717201709,0.19182755820227046,0.22984710897921054,0.196722455338941,0.2536071505856012,0.18260001782133847,0.1365389889762389,0.15307426982050681,0.14474680367212417,0.19213282635392934,0.20612754047857093,0.15362935679142312,0.21491634631938747,0.2702790315161899
2023-10-13,0.161908755593557,0.22825997193182126,0.19390689656125076,0.22980817506965423,0.19671157496859917,0.2536728631305724,0.1828180249490119,0.14269672940895997,0.1508006184654913,0.14518758754057937,0.19341113415835462,0.20529037667073857,0.1534359956703031,0.21434695540429802,0.2696330203543915
2023-10-16,0.16113018717811936,0.22831697945703386,0.19390079430505372,0.2303217773525796,0.19715892560408046,0.2490745428855077,0.18045679724811273,0.14807918501401265,0.15098459759073143,0.14423709590181227,0.19343092429994957,0.20521954286003613,0.1540415447240698,0.2163481197099257,0.26900824540423657
2023-10-17,0.15322194599597225,0.22590618968894538,0.19400607944143863,0.23105036498807605,0.1972907345623115,0.2493213132043171,0.17182303257980341,0.14918028867828395,0.1512782401863282,0.1413885020956681,0.18893365548706995,0.20506652891487753,0.15151322409376464,0.21637070788733256,0.2688052015427497
2023-10-18,0.15321485568771442,0.1493739625557057,0.18418927735300936,0.22761821379453062,0.19369521194456005,0.2523652312948238,0.17185378980084917,0.14927670914071925,0.15141090695685222,0.1442105867398375,0.1936363775508592,0.20599075746235415,0.1515808249249433,0.21631784165410356,0.2679064158886324
2023-10-19,0.13538759174256484,0.14981348386370916,0.19416241404417253,0.22173443633499973,0.1939673396477528,0.2540564087327658,0.1529764343723803,0.16673934193653936,0.1485718249535086,0.14596975947071486,0.19076018968626915,0.20603249042130084,0.1534504680052767,0.21615497328398364,0.2677068144721879
2023-10-20,0.13939626276019734,0.15016576216618832,0.19410457638542458,0.2215272371301549,0.19285111255389684,0.25049608209925567,0.15766768913032017,0.16694116622309765,0.1452237848807319,0.14550740199859127,0.19190987437066853,0.20569127344557617,0.1529261980752589,0.2121199344641143,0.26246270133019883
2023-10-23,0.1408149868976027,0.1516040964517784,0.19877146345499214,0.22178858242031185,0.19362919053215694,0.2544537450118819,0.15087441501141377,0.16719527565089012,0.139742550646329,0.14688234947648346,0.19117334999615082,0.20460800343945187,0.15328398978623153,0.2182921683004345,0.27191575562649334
2023-10-25,0.1398224721628487,0.1548311820084327,0.19843100548871181,0.20871335561689489,0.19205550650812803,0.2584287177024873,0.14860376922669974,0.16088800929472383,0.1330649776901347,0.14065577023017617,0.191388473496549,0.2077152752891929,0.1576056008513037,0.21946201858414952,0.2549971520368506
2023-10-26,0.14440604614429545,0.15442947254280762,0.19918568717554017,0.21376528723512933,0.19627279150330057,0.24665828030000467,0.14792371942383892,0.17251740485407946,0.13250057368429058,0.14308732762991577,0.1922509587198827,0.20411602966623474,0.16242429275669165,0.22047055346784963,0.25463653350903637
2023-10-27,0.14368380138298623,0.15585447229575522,0.19767365037903464,0.20901456343135877,0.19115630445187268,0.23733046464048405,0.14760615962148663,0.17769936712396217,0.12520468089012152,0.14355919990673383,0.19112320923054463,0.19662927988147372,0.1631183469428732,0.21602191916149144,0.25998942059197144
2023-10-30,0.14508168520681605,0.1553838610502999,0.19733182316740808,0.20281272285349145,0.1958748037980535,0.23009811229555835,0.1481932305527365,0.17785095032645382,0.1264902825118138,0.14378401022016352,0.19165833891857406,0.18897830384257222,0.1649910684628729,0.21635282597730923,0.2569835774686847
2023-10-31,0.14526080060584431,0.15541391316701747,0.1963950307528218,0.2031094031737984,0.1980585443102212,0.22275855385179683,0.14722708730335785,0.1762353150624914,0.1272147676300764,0.15103215790288305,0.1919368895080526,0.18867144490078328,0.16406910048269807,0.2045206559509522,0.2569632925142211
2023-11-01,0.14615263902781686,0.15660345897305997,0.19587696517007172,0.20356085342780741,0.19222406788250407,0.2248025792199613,0.1463613967151476,0.17318876987168177,0.12765897301121643,0.15978366949782016,0.19203773798171836,0.18887876877465914,0.16325037070597312,0.20749565418932234,0.25806511494766465
2023-11-02,0.14574767818621803,0.1570541710405345,0.19026907349107158,0.19476861944963028,0.19202551119083822,0.22455523696860827,0.1472736749293569,0.17407397118677312,0.1425655779802727,0.16276579237315836,0.19203322860116598,0.19293737679562845,0.15955765008941436,0.20873542004373352,0.2581137151114888
2023-11-03,0.14566607404679155,0.15808568735150968,0.18977679622333352,0.19702073332472886,0.19580306737329434,0.2246924124999344,0.1477339701257666,0.17449740579001471,0.1302510370015132,0.15853497273730793,0.19389085869502506,0.22276093119043994,0.16013351579581664,0.20917826326457378,0.2643335295811297
2023-11-06,0.14599075333606695,0.1593424271416849,0.18780173060481217,0.1939017218128081,0.198421248123924,0.22477285430113927,0.14782559890774033,0.17421436938839072,0.13373961513476781,0.15791882584473557,0.19606240363913902,0.22277467145227361,0.16021598722889027,0.21204532121946285,0.2648960999635493
2023-11-07,0.14662178904225254,0.1592517031168652,0.18759564562145153,0.1901793170885984,0.1946729534675385,0.2260478676148704,0.1450925935309161,0.17418994230206947,0.1344275487594224,0.16209999692424049,0.1811186390101068,0.22235350797797956,0.16023810768159386,0.20907841298450042,0.2643520559360639
2023-11-08,0.14285104101094404,0.16030822665285724,0.1874850483179406,0.19022223949511077,0.19491440569550839,0.22686231728503145,0.14370305041544165,0.17275813797895326,0.1316378359836925,0.16228650353959986,0.18231376616712433,0.22116354734217353,0.15857519679015838,0.20930554914485885,0.2640278302212191
2023-11-09,0.14250992011281383,0.1600545135819523,0.1858888091282284,0.19046567374427092,0.19639022264204417,0.22627591861665777,0.14356587197268314,0.17206186361763298,0.1311301650952746,0.1588254148199167,0.18218979160132004,0.2327957892938256,0.15901664516118622,0.2095022162221499,0.26052222106000933
2023-11-10,0.14246374969302894,0.1570080181785263,0.1854954734606598,0.19254014580095766,0.19872700930629691,0.22923060175636145,0.1439697202658264,0.17243287573369598,0.13153012960179164,0.15886541152873418,0.1824667151883954,0.22973490934303173,0.15870322442120025,0.20626078600961834,0.2546729158512203
2023-11-13,0.14227625947666475,0.1526873530526174,0.18504366726520358,0.19216472469604737,0.19858567678783667,0.22691448955686855,0.1438625026180018,0.17261539479557614,0.13160470123079673,0.1581235195731984,0.18187694019227493,0.22585940370465205,0.15644365972018992,0.20298013626674338,0.2536884377379057
2023-11-15,0.14261338163691828,0.16218817309514766,0.1935148289888782,0.2076667698370395,0.20081507332377987,0.22608476104358952,0.14053688373471349,0.1699920434727212,0.13169081581731024,0.15817913030151187,0.1815839963861771,0.2246966644593265,0.159201267258093,0.20905717084507802,0.2562386460968764
2023-11-16,0.1415467210915229,0.16592637513124256,0.19395440622343904,0.21312318845977157,0.19986627589099504,0.22873828322406226,0.14134877573729004,0.16999754979332604,0.1310640201602341,0.157591074170619,0.18825185180961052,0.2278748013983832,0.15919811591701283,0.2091001466551757,0.2555524901190943
2023-11-17,0.14147439116013374,0.16476143990762504,0.1934538577635234,0.21284353631483524,0.20871625971347624,0.2271547598422062,0.1383474521021994,0.1705967373267707,0.13057395915317796,0.1577224779446964,0.18959697219644167,0.23118433405055658,0.15561298733222156,0.20848473391829953,0.25450023599190263
2023-11-20,0.14160395270217135,0.16474060593029058,0.19476480519285425,0.21315993455045643,0.20902564473685387,0.22626132726573944,0.1353141340641757,0.17081361821614097,0.1306421361080104,0.15826014753650078,0.18947592975272864,0.23106831355191518,0.15770943762152898,0.20892445958409034,0.2552822066546057
2023-11-21,0.14026242570870961,0.16468272986061044,0.1946322986424202,0.2124865177301915,0.20915174789200724,0.2266077163607232,0.13435641811828916,0.1704683739618378,0.13081866812780044,0.15736148757748036,0.18992326449767602,0.2310494394358725,0.1564525275097349,0.20978684017922525,0.2557475452799627
2023-11-22,0.14243304955872985,0.16526016905109028,0.194283319078879,0.21319689016255858,0.2066942651113959,0.22763554631300956,0.1354272200904705,0.1705394442395864,0.13026843903300234,0.15688195115817694,0.18953882169522251,0.23150873798203442,0.15657518113282418,0.20934130924953748,0.2562272197036912
2023-11-23,0.14258733615906097,0.16568194372424974,0.1941432556067355,0.21264588850884253,0.2063321685927341,0.22558212078663145,0.13110446734357298,0.17031497165932624,0.13001007026656466,0.15534096435143396,0.1845245522005538,0.2306517813681652,0.1568428835907764,0.2078107690817975,0.25217897521832877
2023-11-24,0.14202833981524937,0.16648857759168686,0.19673007701780418,0.21371870406128926,0.20765729236644503,0.2256048780855769,0.1313312341885676,0.17122030568612406,0.132816227483553,0.1546001195814733,0.1845277280766381,0.23353443548417593,0.1568395088576244,0.20812699626123288,0.2533110398996722
2023-11-28,0.14183086765930664,0.166605719560298,0.19679781702974639,0.2126679921205644,0.21397001100056207,0.22624136493582447,0.13172936855246747,0.1712505963965897,0.1358464943815475,0.15439344849215544,0.18396823044715052,0.23365661281951622,0.15291899417557328,0.20604180197410454,0.250210503142006
2023-11-29,0.1422188673649518,0.16642024513646064,0.20283890440018956,0.2150800268765422,0.2154156249675765,0.2259001142651178,0.13143543415890127,0.17176062846078052,0.14082632115491242,0.15520392999141572,0.18254111148701352,0.23425295471986907,0.1538504091277662,0.20209096993305437,0.25039823752866724
2023-11-30,0.14101397443833902,0.1665825965857196,0.20563280707815523,0.21497919242324226,0.21583670647887837,0.2264234268401956,0.13082236173982542,0.17055633678692494,0.13626389947428472,0.1594213213988743,0.18359220758677386,0.2351432087503796,0.1574192043401931,0.20174123581606887,0.2545224557076111
2023-12-01,0.14036393958432933,0.16627872743526356,0.2034607387161545,0.21039909926814068,0.1981985692432652,0.21415639597802852,0.14646013458867235,0.1703065744677573,0.1440808084736061,0.1592939607955322,0.18381573746947844,0.2357622236576545,0.1565729166924023,0.19253484559189288,0.2542925083213636
2023-12-04,0.1611534797284323,0.16442197426859997,0.1827618938238492,0.20485512151314128,0.21191129241152576,0.21402080887169272,0.14655438277006735,0.16903187649249113,0.14492430195340605,0.15929351481919352,0.18151522984096846,0.23554166436915955,0.15947413484807654,0.17756684464632383,0.2582803402227641
2023-12-05,0.16120549940956572,0.16397605139023655,0.18306685202793738,0.2048952482950667,0.21194136057943228,0.225660029286408,0.14479681274672773,0.16876110890508567,0.14492909641953755,0.15471024329427846,0.17905681469113707,0.22770912224079334,0.15970290028560666,0.17781631381545898,0.25742819201199973
2023-12-06,0.16145022934531464,0.16645409693639432,0.19754581057510068,0.20485749404371642,0.21195301145593418,0.22684837005855477,0.15250065434455978,0.17071233671228794,0.14465247875408313,0.1538906090022171,0.17992610886117893,0.2278000812980652,0.15826525287258644,0.1746938684765241,0.25685799128865616
2023-12-07,0.1601802171895264,0.16611417940745551,0.1967348470497069,0.2020330114633188,0.2140793670711042,0.22686185922322816,0.1541742263735685,0.170113814803031,0.1431630545936125,0.15267644415445308,0.1805739215368362,0.23023404301891737,0.16649368805287404,0.17695262891147873,0.2547684895508955
2023-12-08,0.16059764750747946,0.16967229134218823,0.19756754318260294,0.20184447383521595,0.21515835855120843,0.2218476380636701,0.1587903040101139,0.17119288914159614,0.14707285774788617,0.15273711218048472,0.180337744946233,0.23145410364462474,0.16528613664022057,0.17710949064157677,0.2531156305089726
2023-12-11,0.15988372368144943,0.16951301067813798,0.1963104766970286,0.20207348654819535,0.21520563332249965,0.2213273056296485,0.15811497253937257,0.17100252130818988,0.14675703818708347,0.15261895743276088,0.20809005713473258,0.22763170694439783,0.16514997360042055,0.1756637279116518,0.2575277397744009
2023-12-12,0.16144799716558428,0.1669882664337511,0.1965004918064642,0.20235680376363815,0.21476703627696284,0.21122969554017026,0.15712228036729384,0.17091805037169408,0.14805675962587028,0.15769988793327708,0.20845843585705606,0.2269352066652656,0.16581086489621644,0.17234256248869648,0.2486842964438023
2023-12-13,0.1607560005099061,0.1711261581716386,0.1967877600146461,0.20283443056490688,0.2142632274989121,0.22234180244487395,0.1571825844763371,0.17010075442869763,0.14723815783844552,0.15935432012774584,0.20823780595087965,0.2267426705772268,0.1569258355916175,0.1733167007832678,0.24990132855778543
2023-12-14,0.1636467932470628,0.1864090627380907,0.20992133178537978,0.21673479862807218,0.2118220387804477,0.2223447195996453,0.15751475658069608,0.17026644966822937,0.1464351844174456,0.15903788240083705,0.20839463645779321,0.22720735913287948,0.15707144681860824,0.17020979792326527,0.2584419906301538
2023-12-15,0.16343327387231282,0.2137063529277174,0.2165898152086528,0.22462427177289365,0.21711717274155531,0.22884229068358863,0.15758097096985763,0.1743608902164677,0.1457748882211438,0.15889912912316287,0.20662824069244667,0.22743293777348916,0.1531590812816651,0.18360949831478005,0.25695081704906375
2023-12-18,0.16244478432847295,0.21269237158670093,0.21536783006531235,0.2251995572593008,0.2184986971057603,0.2272200341600269,0.1595512143488748,0.1737303290637121,0.14436993957314187,0.1608038773224696,0.20421033563912036,0.22834545781897755,0.1486503348380767,0.18190117809189782,0.2582825602939725
2023-12-19,0.1620563516390001,0.21289239168705051,0.2156446417487914,0.22441487489593093,0.21836590248229854,0.22989534666054617,0.16077176858639705,0.19634356063932787,0.1408660120283158,0.16142813203469622,0.20088860050540416,0.22688759037109357,0.1468285191674868,0.17943939620952526,0.2556410296561137
2023-12-20,0.1587534018936126,0.21464694515654406,0.21798477528907986,0.22890171363731637,0.21899857205345782,0.24425727292934785,0.16050541925773545,0.1988403664253207,0.14126168914696258,0.1624797537412034,0.2010538278573704,0.23475157546142095,0.15097441665827896,0.19944784482572409,0.2651551212971098
2023-12-21,0.16119169583606385,0.2144600064425537,0.21205309971299902,0.22779933096431979,0.21811795718079455,0.24459297786133288,0.15914874268526227,0.19881342195103063,0.1469116245834632,0.1601004522741624,0.19353806328236964,0.23556938279881431,0.15043027356391467,0.1995357023426246,0.2684970981542546
2023-12-22,0.15830712930740784,0.21471291818878718,0.24947389447110843,0.23145161510867576,0.21829752227108337,0.2445354670663173,0.15994434800191384,0.1994274122456813,0.1516142830928313,0.15961939864030525,0.19298067152078294,0.2329194424061588,0.15193033386489477,0.20304943138169027,0.27443961959528673
2023-12-26,0.15860693836384246,0.2154139131982578,0.2509255047609508,0.230064340759104,0.21937844169362483,0.24734551641705868,0.15999871542353067,0.1975988674266817,0.15347725066167398,0.1596433851293485,0.19273357484769643,0.23398250461454878,0.1530269244741284,0.20318614767690807,0.274203652608336
2023-12-27,0.15925624925033363,0.21717007826281612,0.25076117708076556,0.22988263343178983,0.2202979610666732,0.2489481231260148,0.15710548167735017,0.19712990132616268,0.15374291687458927,0.15813551572682583,0.19465361112280735,0.2338974721124456,0.15775044018484136,0.204670745063152,0.27334738199120967
2023-12-28,0.15498956717097656,0.21326346958436027,0.24466663289361001,0.20899741740587177,0.22148307393349403,0.2510090987073908,0.15494702814888778,0.19755405518936883,0.1466405733090669,0.15765760737272486,0.1990766716927371,0.2316858366655422,0.15991870980760092,0.20351229966693493,0.26987414064401644
2023-12-29,0.1560026387099375,0.2150918890570308,0.24467631843458607,0.20988225670108862,0.22003650554450896,0.24412287646966385,0.15453576699528732,0.19838715825650044,0.14756878632397527,0.15139387477322672,0.19188427916243792,0.2287886933816618,0.16042175409222673,0.2019701824423725,0.2686402300163315
2024-01-01,0.15541220480312598,0.21517835255132997,0.24534224693705886,0.21276724557419144,0.20407632959968122,0.2405243087477148,0.15473824724514867,0.2043795367175303,0.14605288308604705,0.1475589340021862,0.18583999419881678,0.22884445200491385,0.16568893009068605,0.20121206591517057,0.26856847063750755
2024-01-02,0.16329048061079765,0.21637026976203275,0.24844390743228068,0.21421836467292912,0.2027797639903331,0.23512835105065286,0.15368056715746337,0.19757411353366236,0.14667747430225148,0.15314612784699075,0.18802408684956207,0.22647731672291618,0.16620097514679713,0.19574560077563385,0.2644771113642987
2024-01-03,0.1628663014982065,0.2235888765688585,0.25634374068386384,0.22165241408359984,0.20253187408215703,0.23432334784679157,0.15606482657648996,0.20357735686886094,0.14782795059235873,0.15253188418505498,0.18788791378292632,0.2264464878810225,0.1677391056876276,0.20662063385406884,0.2641752643535153
2024-01-04,0.16269673135115936,0.22470590478445285,0.2571100334035388,0.22096897646700975,0.2099052539338501,0.2426573810360569,0.1540306927085018,0.2058949168978576,0.1522966070426023,0.15322154473074995,0.19095149317807214,0.22655164311995452,0.16876187477010907,0.207372098052948,0.2786795331180099
2024-01-05,0.16086753208001728,0.2260540942424682,0.2570864195876937,0.220797309557824,0.21011056438185893,0.24323787953963674,0.15423836136753724,0.2096415732713157,0.15690978744378073,0.15475089479654314,0.18947363101301273,0.22645723145028895,0.1687277807727885,0.20452279721513222,0.2777754781490791
2024-01-08,0.15740126224139436,0.22504131539355623,0.25901573077013973,0.2219019961009794,0.20981124907831633,0.2432394096332848,0.15824962116270805,0.21375139295916254,0.16250038630650326,0.1547743534274664,0.19141018200481258,0.2284606320792319,0.16139324257277132,0.20526014602980722,0.269230935753962
2024-01-09,0.15651384280549627,0.2251522708308399,0.25078847891514744,0.22207952997476796,0.21047305186805929,0.2430880852936107,0.15750296350004386,0.21464966269924965,0.16447833614847185,0.15665261614116816,0.18879870311547928,0.23145678957420684,0.163144355228463,0.20645788191684258,0.27848037329024644
2024-01-10,0.15638942358571264,0.22173528309905072,0.24996368976110925,0.21494832888741233,0.21619317650419234,0.24802539491311099,0.15732331201052846,0.21466826240900488,0.16550280563762332,0.1566895382346621,0.18855221373026845,0.22703297747918816,0.16259820410270304,0.20607944168854261,0.2784691229973988
2024-01-11,0.15635635009237311,0.21905929994900927,0.24930764869407201,0.21506588144685598,0.2163542255876115,0.24827424651899924,0.1569246281820955,0.21204701707276588,0.16629173664136962,0.15625346774392534,0.18983619680123817,0.22779499941506723,0.16257631913777268,0.2056482304527027,0.2785048422719647
2024-01-12,0.15589147069877068,0.2715749261759045,0.26039270650537993,0.23388143555938115,0.2406347054876035,0.24850306359563765,0.15781283050010883,0.20794645389684643,0.166297137965101,0.15484583058796908,0.18953838318120186,0.22993646216608452,0.16274990724669328,0.20352921347567302,0.2780252756530057
2024-01-15,0.15517614856772138,0.27524570014972005,0.28831387005851633,0.23700348563772602,0.2549957749023958,0.24914107593174337,0.1566366954159007,0.20741192431240604,0.1664037084242125,0.15482166235043307,0.19154126325577245,0.23193411268132327,0.16857028413616848,0.20365595084164587,0.27776026488920996
2024-01-16,0.15357649385005634,0.27686475684844336,0.2908682258684286,0.23796352258550157,0.2550416556417067,0.24996478878310774,0.15753791302636314,0.20736882384882352,0.16793851809118374,0.15563721608764802,0.18554885928002599,0.23036679097893942,0.16931183651435794,0.20626571009759082,0.283862394753688
2024-01-17,0.1711273474563647,0.276511688140549,0.28327552676954165,0.2360500652608359,0.2570363964855867,0.24922532748419213,0.15957594603024286,0.19355491711551825,0.17073762081100227,0.15587856032536698,0.18886182581059338,0.23036111164564568,0.16910063481766235,0.22279440692040636,0.28441459538625674
2024-01-18,0.16723714939019566,0.27613088522867846,0.2822057111871475,0.23912008502800913,0.25687552886104864,0.260394768287765,0.14909425425553102,0.19642557720865106,0.17166900825338466,0.16474066120839645,0.18744940747198402,0.23048704525202018,0.1691074834806825,0.21754907345385263,0.28168212939129317
2024-01-19,0.1644513831287565,0.2745656223621899,0.2770280836914059,0.2414800729579269,0.2638947818026062,0.2617862891603041,0.1504072055696208,0.19642551546604012,0.17606508594879006,0.1595318111297062,0.1874054057088491,0.2320626749649265,0.18076544996840083,0.21584083768001305,0.2689455391479726
2024-01-23,0.16524972641340302,0.2734571056329108,0.2859693612778342,0.24297170778900753,0.2868666501064863,0.2617640402063015,0.15950396507240608,0.20111839984995494,0.18065820405113459,0.16989499427829682,0.18679420799496804,0.22616549613365872,0.18331852762476075,0.2251861600125328,0.2997495918544641
2024-01-24,0.1600383215485961,0.274702507246516,0.2864794297712952,0.2426758439550751,0.2843979795769843,0.26342043389626796,0.16031867461082383,0.19542297334299305,0.18317864696614458,0.16555706758074307,0.20022001960196104,0.22056964878323881,0.18362304051969153,0.23622917818368777,0.296845497276772
2024-01-25,0.16179091125750314,0.27400742773694686,0.289301548975341,0.27701550832065613,0.2826254960018268,0.2628632779847298,0.16457631102679612,0.19273234819433885,0.18323366209026415,0.16781270086637512,0.20076845878714084,0.2208235989899915,0.19282536414757423,0.23757387088910495,0.2944074282788584
2024-01-29,0.17247189105037727,0.27465923652064583,0.2891971345564406,0.2775592413552249,0.31921788077564217,0.2666619072686003,0.16607012201506627,0.19293516395749374,0.18106315124255168,0.17287303774297094,0.19957959587394664,0.22529650705815507,0.19204290885107264,0.2374282735429032,0.28875739892467317
2024-01-30,0.17074214258184267,0.27426665645300574,0.2892329697184821,0.27750461161317314,0.31897065486826026,0.2754947671480891,0.17466577232007446,0.19301276873421658,0.1812965426619702,0.1708678002580266,0.19954841776928853,0.22507917109318995,0.1894485517380451,0.2373263010202009,0.29081256243537335
2024-01-31,0.16959803686916833,0.272814886802259,0.28944087284571507,0.2773382817228623,0.31921379820832707,0.27271965190185365,0.17533211104892243,0.19216919905420776,0.18422198898381895,0.1763643336189461,0.22075196319396143,0.22425792346428303,0.1895934194298062,0.23392388902279185,0.29077258376465975
2024-02-01,0.16908407865683775,0.27252357923240556,0.29175242004677315,0.28006294503343626,0.32253660032667647,0.2730353654320017,0.1748808368376514,0.19400425947732813,0.17733097470183964,0.17642863263863753,0.22572811905742055,0.2243889137051498,0.19372780984598775,0.23403638674316343,0.29134612824838935
2024-02-02,0.16894234712667033,0.27435680647778143,0.29489808753260205,0.28089967219997586,0.32831270850584265,0.2786104570590423,0.17519227356506126,0.1939757150226148,0.177382513732254,0.1763471518820373,0.22347808497124028,0.19857645885551836,0.19374861046862377,0.23949035587870338,0.28832517028143845
2024-02-05,0.16978989401154,0.2743613971037027,0.29512167123879,0.28105184009819295,0.32918122996255517,0.2787853777579303,0.17522646374739664,0.19318775804442,0.1746046957174281,0.18634468450655092,0.22255593511900584,0.20163667456199652,0.20692893255170233,0.24025777838979584,0.288269878950951
2024-02-06,0.17127850537209136,0.2779195219432864,0.30180918103471,0.281881545908884,0.33446346904993934,0.27832305445153743,0.1775870719961382,0.19316701030809583,0.18143614677601122,0.18417622381998122,0.2224480439569591,0.20173608443228017,0.20905019090206522,0.24336398262252873,0.28868950396939647
2024-02-07,0.17123302427611894,0.28109272558340975,0.3027027895336261,0.2864773591154258,0.3347064287541111,0.27837995259415693,0.17641998498528896,0.1962002927812613,0.18332565226066766,0.18539380214125808,0.22199539209777408,0.20143875660396118,0.2090055223039232,0.24297826064414477,0.2963330862944563
2024-02-08,0.18611297079357433,0.2794929277310382,0.30435503980655704,0.2852110480011265,0.3321772763167781,0.2785894471553048,0.18347279176285217,0.20629251534718024,0.2017498557003717,0.1851962783915489,0.22225186149400178,0.18951142480162922,0.20846721621637276,0.24357656047283033,0.2963070447958683
2024-02-09,0.1867376383944414,0.2812189177955643,0.3038556274810252,0.28446941344057963,0.3360560754115441,0.28121138532314016,0.18321871203274512,0.20737410212759133,0.20511267045783868,0.1922167144709756,0.22168020319275436,0.19893657459919345,0.21357210271782578,0.2468407593972677,0.29623777349930647
2024-02-12,0.1906833983243617,0.2812850006783878,0.30605450074282,0.28399634521169254,0.3466946448662361,0.2883918028642017,0.18788764898475802,0.20741954952227024,0.20508820177706513,0.1920876153113148,0.22819149989886556,0.2026719575503489,0.2136408532060631,0.2543390090548182,0.3061079875744158
2024-02-13,0.19195954033014084,0.2770315534895189,0.30451207185849666,0.27480617382604955,0.3455466947047466,0.2895123929481692,0.18545663683595867,0.20732159732931488,0.20506105608641179,0.19204653883715048,0.22817845462350364,0.20397714490292035,0.21205664048725464,0.24981422691645852,0.3073233039838332
2024-02-14,0.19245356756520335,0.2748846018955118,0.3039117697409275,0.2755642005855121,0.3510930139293261,0.2894295928611542,0.18681374091154399,0.20851195574939987,0.20520718701388754,0.19575818955212854,0.2262149716482773,0.2007068011243134,0.21216057569807117,0.25392918467496645,0.30793775798727596
2024-02-15,0.192551371367248,0.2745173746568622,0.3034212688863833,0.27551541379404265,0.3483814884656033,0.2952278676560467,0.19029540918941215,0.20839097048898753,0.20689956544671984,0.19709305382189174,0.22532578986797086,0.2005771643478981,0.21191048597721546,0.25394006274287645,0.3079477232243527
2024-02-16,0.19245675379604768,0.275587904000603,0.3153758994008462,0.27522527178834666,0.348384448398338,0.2955062741411074,0.19014624411674194,0.21014594753013968,0.20755716692361134,0.19626340415648202,0.22587601132442836,0.20096320200940615,0.21054119575731928,0.25350968202457397,0.3072653473982415
2024-02-19,0.19246972601483703,0.27570324443989597,0.31749665926655884,0.27493302439697714,0.3478912310454022,0.2948903257388919,0.19184678404132116,0.2110463567153138,0.20746049464028574,0.19662808327452785,0.2273624294623198,0.2010365237481596,0.21298134100380484,0.2522566826826561,0.31029200176798244
2024-02-20,0.19440168847597836,0.2758629587109622,0.31830159701052485,0.2748245027501821,0.3475338096746164,0.2959254994485323,0.19150744797833272,0.2119616404687971,0.20744703853234978,0.19660588838893184,0.22804056701237035,0.20202454318874769,0.2128410656833358,0.252762248557944,0.3109557991416723
2024-02-21,0.19522892455657787,0.278438071981141,0.3223323427058141,0.27757683081444917,0.3494955333101826,0.30316589358305773,0.19179753552396053,0.21196008372589192,0.20742246627137587,0.1957941962579921,0.22811810487741008,0.2010056573472529,0.21304820515391845,0.2554519486595754,0.3139683562924204
2024-02-22,0.19678322403532322,0.2788522108200533,0.3206437447104098,0.280355781965503,0.34791793142209393,0.30334754364504907,0.20030598409586353,0.2110992675888504,0.20572507283959804,0.19548762093195093,0.22808785118257208,0.1965187257771017,0.2130778628607738,0.25597254620891113,0.3120946144781237
2024-02-23,0.19677564090098296,0.27906716612794186,0.32071102251181627,0.28061940225956405,0.3468029485824935,0.3034852100377647,0.20050211179429034,0.2113082742649227,0.20398587506382532,0.19484830458308947,0.2289575850672919,0.19547311389659172,0.21339697284470022,0.25605207649402395,0.31183439495558773
2024-02-26,0.197383555083909,0.2795975296397965,0.3192018202549292,0.2819197925345011,0.3465317035440703,0.30366490783412914,0.20044844226061853,0.21074495775286517,0.2009864331332307,0.19521454453658588,0.2287939816800637,0.20571489931072434,0.21523918422626404,0.25966093911360016,0.3114842547212347
2024-02-27,0.19736292025315166,0.2793761660734985,0.3185745011359114,0.2819576753130864,0.34637556154841187,0.3039485031735099,0.2007007488408949,0.21061368447569373,0.1999500010675117,0.1942854824226772,0.22771905833010547,0.2029217584148913,0.21409476810013273,0.260292570474504,0.3077650219959877
2024-02-28,0.1991474213921478,0.27926413104119396,0.3226337413743666,0.2825496760510768,0.34825260988173284,0.30063296572401244,0.18909335867768107,0.21194349607676122,0.19366068819645127,0.1953762607848626,0.2272813910250969,0.21974501314387485,0.21406595721937038,0.26394165756539223,0.3121844843632327
2024-02-29,0.18164358154092733,0.27900684864564795,0.32252687660501483,0.28331874227717807,0.3420012101516601,0.2984031065695071,0.18789545895692888,0.2126871371226243,0.19593639201040275,0.19519827126874476,0.22733592773149333,0.23680031969719814,0.2118332786080267,0.26362533402430444,0.30765348973896584
2024-03-01,0.1876347476877628,0.27978347325901326,0.32165644263309195,0.28326980447456873,0.34370511542097215,0.29232996334766703,0.18872519694893472,0.21215504312441016,0.1965248314929699,0.19790570365508486,0.24015937199335335,0.2362169800519054,0.21182913079372334,0.293753268487565,0.3076242438489473
2024-03-04,0.1875351014637893,0.2799305595540553,0.3150219438886246,0.2834444830129844,0.3477641059982905,0.29473903724998435,0.18029709927777393,0.21057708831510963,0.19856328102888182,0.1985739017965135,0.24337594582217398,0.236533585977987,0.21122761679619156,0.296228964616443,0.30987322214100377
2024-03-05,0.18774088006722858,0.2827079190045326,0.31694665115234855,0.2837426391697435,0.3456155687842612,0.29501860671428115,0.17960706219169822,0.21461800694850466,0.19851323112624994,0.19943361088090528,0.243222494813411,0.2341582757486011,0.2128355915918076,0.2950584441252222,0.30897529832030046
2024-03-06,0.194998850771167,0.28106844608187265,0.3167309976506857,0.2837659692205361,0.3449974122641001,0.2983834517836518,0.1760835174644066,0.214068873536091,0.19778236291694712,0.20115239641019525,0.2429801710168241,0.23203198587598878,0.21611990570904574,0.29462098048669816,0.31066119056878444
2024-03-07,0.1952251041397626,0.28102266928389735,0.3162756867983557,0.28472715571940693,0.34614525055650053,0.2983314241219739,0.17798653998024266,0.21422526848216913,0.19781612405216253,0.20127801741565685,0.2174616624209869,0.23200523138568832,0.21609665958706373,0.3028835639652052,0.30820253453918295
2024-03-11,0.19519147422043107,0.2812547729082827,0.3164736386780266,0.28438728915654143,0.3467753432295937,0.29797359188144373,0.1788161108052634,0.21760370794244574,0.1981049846082683,0.19696826345727747,0.21708783697233702,0.23222932072331368,0.21566589872385913,0.3080443967387702,0.3087936561053086
2024-03-12,0.19537523800999743,0.27846303202311257,0.31663102214747113,0.2837566331548844,0.34714395946257,0.29062833561502477,0.17953817051758103,0.21829930230326955,0.20005538712756782,0.1974528966943988,0.21881076673193112,0.23346809047717534,0.2157460594653289,0.30824710476504014,0.3291121327042201
2024-03-13,0.1929525876309053,0.2691942411117455,0.3113354583389069,0.27314128038024904,0.3689812626795892,0.32184842268153774,0.2017323989450638,0.21728121104058998,0.1997677412268384,0.20158437539074459,0.21841512228390983,0.23680658665652748,0.22583414932192872,0.33235576970915715,0.3335538801344137
2024-03-14,0.19373259189194506,0.25371877077776117,0.31096033254226185,0.2659635828787749,0.37031543272694506,0.3153671930770724,0.20195800947902587,0.2150645185956327,0.20236434516188567,0.2016968025799483,0.21853380413839277,0.23659952804049045,0.22705314834132506,0.3261328042001509,0.3339641172167831
2024-03-15,0.19374290943473543,0.2542390791537605,0.3108852110339846,0.2655910379033921,0.37179215047121883,0.3172849597073273,0.20008785012904268,0.21525803787095713,0.2023019035457228,0.20407564702927683,0.21862974210171776,0.23611003347598974,0.22973543536916793,0.32637901583253265,0.33602909459592284
2024-03-18,0.19374269652756199,0.25737198543252493,0.3105284277291289,0.265525676522277,0.3719898150725396,0.3145030704570814,0.19891025161921802,0.1943399238003816,0.20190908059003063,0.20427172588459905,0.21871122810851207,0.24058307925872124,0.22946325865589492,0.3450337422748847,0.33694090294395734
2024-03-19,0.1932531650030292,0.2612833687531936,0.3156130524471468,0.2622709035606313,0.37253567026499823,0.30471615686362724,0.2011985412904582,0.20333100372644652,0.2121203730962286,0.20571898854898524,0.2285744055286006,0.23299393210728236,0.22535911657345017,0.33334332231958896,0.33104965628772753
2024-03-20,0.1917880549311204,0.26144785622682926,0.3157570507639569,0.26297737451218856,0.3731841663897113,0.30346499869507965,0.20390780213078455,0.20812798114619122,0.20738005912197296,0.20575261784265947,0.22866286791443619,0.23234278036224393,0.22531051143350514,0.3363928351793443,0.32772144061848707
2024-03-21,0.19174714773613435,0.2589854429616262,0.2877432471413185,0.2614662869953122,0.3735592422695161,0.31191761332121903,0.20515375716065673,0.2071622141058579,0.2028174497751313,0.2059697310123015,0.22746461216225033,0.23143763585663302,0.2262127439890586,0.33960526311567946,0.3299173150644203
2024-03-22,0.18934284197265022,0.26484879604083417,0.2918009156002866,0.26324979168829626,0.3727987771259368,0.3088798288430571,0.20847295710183028,0.20717793075807428,0.202094234910827,0.2116986687117286,0.22851502440169627,0.23730107400295156,0.22652718481146564,0.3394800110120544,0.33001662602433235
2024-03-26,0.1898972345057955,0.2637710689355905,0.2935526069368512,0.2635699205193293,0.37186820043001645,0.30874621404135194,0.20844714571324435,0.20703916679412598,0.20652825084372492,0.21292650127913001,0.22836980421720962,0.23775908690607378,0.22798055212901744,0.3384819323339466,0.33006833297499605
2024-03-27,0.1905990039300653,0.2639523420505203,0.2953490731947566,0.26338540889696255,0.37342194095351156,0.3049230154543749,0.20576873716998278,0.20322099472382685,0.205225153918855,0.21280375746794622,0.22516317001150518,0.2389493997232235,0.22699543097241612,0.33832477923862975,0.32980071931533833
2024-03-28,0.19073272453566387,0.26359593248240293,0.29712913673637414,0.26270713741141893,0.3732293624363462,0.3050774928256066,0.2056863166372962,0.20654750141421682,0.20375246095593777,0.21274224460782595,0.22702455854413933,0.24080032393922388,0.22649569644625633,0.3400581850311681,0.3310059003793108
2024-04-01,0.19087795471353505,0.26332829150010534,0.29677145444620934,0.25960776059975804,0.37317640290547527,0.30698283016547406,0.20373874523842134,0.19883535725056103,0.20374264525286565,0.21260625324309249,0.22873500008453324,0.24216069565061166,0.22347404985911634,0.35222001808132497,0.34818502789801764
2024-04-02,0.1888630977936677,0.26295419584128416,0.2951288329683187,0.2582165635960414,0.3732363428352359,0.30573356533526336,0.20334366675525034,0.20107010653783178,0.20357519698384352,0.2073204618590137,0.22613363510051177,0.24263816077404365,0.224237489889122,0.35232645730070067,0.3483345168307484
2024-04-03,0.19100634615105008,0.2561773467718262,0.28895376612393986,0.254237246912451,0.37339570771183694,0.3075421609985652,0.20059348501509597,0.20346982459765908,0.20480120588502423,0.20757497212279719,0.22949388567714396,0.243294108649778,0.22449301054775836,0.34592904188287693,0.35654577957822287
2024-04-04,0.19247342626291183,0.254361794274872,0.2887612772474908,0.25714417430944664,0.37394623172599156,0.30017702930516593,0.20077527986340196,0.19973454781287334,0.19979008641093052,0.2072015566260315,0.22717130310537853,0.24383477376042587,0.2267135945174075,0.34525339336387684,0.3368979460166013
2024-04-05,0.1967863470218328,0.2530348735460264,0.2885714251725171,0.2585073359623518,0.37421825627457506,0.2996410418076827,0.20239268986910555,0.19718260173819432,0.19738962428763646,0.20639536726273694,0.2273637616521058,0.24438474400075846,0.22884207274280316,0.3449476203218162,0.3374219339690414
2024-04-08,0.19546078528363942,0.2527496991192237,0.2879625750404678,0.2563977559932672,0.37431780281644883,0.3032734227815744,0.19970517347124847,0.19646980564554511,0.19451697804541082,0.2073135873830909,0.22558029867729754,0.2447859555956349,0.22962515165730407,0.3436884392280158,0.33793433413775004
2024-04-09,0.19563578764891956,0.25391330796776174,0.28866180418521764,0.25726218889495717,0.3742505573887675,0.30296134886041526,0.2000003332456772,0.1955263020453332,0.19385695973589706,0.20612523986737913,0.22553106793675853,0.24929111008484747,0.22823934886705188,0.3432352040901994,0.33003558873167815
2024-04-10,0.202552481735189,0.2541659028513601,0.28848978074575804,0.258235888616866,0.3708300761382824,0.29942878415577495,0.20691553440411928,0.1963691556208073,0.1936202816596411,0.20610953097098955,0.22534015104266408,0.24943605390634455,0.23122330481111186,0.34379467270397185,0.32985521807432855
2024-04-12,0.2030748999113862,0.25356225544668476,0.28886222739755907,0.2609621116854011,0.3750222803985653,0.2994695511253232,0.20919556688878932,0.19580733788760837,0.19360042983629663,0.22359365207236265,0.2240702657421242,0.2503967323733965,0.23146520405422996,0.34480072911199466,0.3300291902165918
2024-04-15,0.2034058952893723,0.19331631897970697,0.28263608735573814,0.24476747556161546,0.37430752138816337,0.2995183662745177,0.20899634503695147,0.1962125338511103,0.19354597172193513,0.22346047056930426,0.22567375030520184,0.251347367616961,0.23057188424099653,0.3471445183836534,0.33508603342104015
2024-04-16,0.20236693463364513,0.19874873709921942,0.25499829548578384,0.24236493994344896,0.3648438346802719,0.2988777564245444,0.20891092840543446,0.19630673755257563,0.19320080182687277,0.22363525066167872,0.22364458954667654,0.24928901057175912,0.22665975849864697,0.3473199207892306,0.3359429692755884
2024-04-18,0.20242798173497117,0.19801695562210897,0.2527432624055887,0.24248791221237959,0.37195018941804503,0.3002642878010246,0.2098933999047138,0.2075533814769038,0.1933078237999455,0.22416473278221621,0.22587940639635562,0.26404619771203525,0.23957733638920964,0.3460819952848305,0.33572521435737995
2024-04-19,0.18769919868543541,0.19750488521760726,0.25594914029455745,0.2437331288608305,0.3704458286556531,0.29974836739819716,0.21119494922489856,0.20849237276239685,0.19189679998838685,0.22238630134557458,0.22231897486309565,0.2657881518239792,0.24036488654526814,0.33448098342164395,0.33403619532358786
2024-04-22,0.18866518239005278,0.200654655432342,0.2596449663207797,0.24069275922364933,0.37041993689230435,0.2952842450823128,0.21124402600576028,0.20675594922047869,0.19525430484358636,0.21674699348060486,0.22352849037912537,0.2658249499488541,0.24046390509540355,0.33417915832119843,0.33455100357980067
2024-04-23,0.18800490892143026,0.19988943934361808,0.2593947759491459,0.23395694512879914,0.3640039082981911,0.29023722805537105,0.21032262514525574,0.20960074521614236,0.1891697458436189,0.23067215131361474,0.22477905957965943,0.26404519239419444,0.24024764658290595,0.33166066163790286,0.336629579881451
2024-04-24,0.1895047775443945,0.19956298455349822,0.251616380324469,0.23293484227697941,0.3470716100719772,0.28760941507460613,0.20395329323584233,0.20523668110148996,0.18659750407923714,0.22203762652436737,0.2247906362280924,0.26489789444739814,0.23437002702724422,0.3274726248886093,0.3118702573632193
2024-04-25,0.2933816850379619,0.194681398036418,0.24831170745736467,0.22330467353084818,0.34574740264647,0.2878301285310932,0.20742735759835423,0.20722229755412358,0.18239859887195473,0.2264439647003936,0.2286349534887643,0.2661548471010029,0.22846199029823713,0.320014796852411,0.31152353789618
2024-04-26,0.29537604110151555,0.19477715729340456,0.2465096147329117,0.243648050389991,0.34560064584696176,0.2867951483724728,0.20491248795135056,0.21553806738476858,0.1831393705226919,0.22622343570028325,0.2280522766795448,0.2689301341940937,0.22290547541462083,0.320204404935533,0.3116641909952129
2024-04-29,0.2910843308854776,0.1948322551505831,0.24623868008128705,0.24391640240505716,0.30804124452497544,0.2828178956691248,0.2033953847023992,0.21626532659567255,0.18314970754054735,0.22222717148850424,0.2282800564623414,0.28013594161955385,0.222957042732696,0.3202275889195482,0.31612794287183865
2024-04-30,0.2915653973634115,0.19544550154182092,0.24624068225275367,0.24692599280685973,0.30646318449595705,0.2757480543028259,0.19643872471021093,0.21620013583645734,0.18262906440025062,0.21939019792917658,0.23062552275474005,0.28015178506865307,0.22363139988934871,0.32215571794340303,0.3126335707309856
2024-05-02,0.297082900087749,0.19473721555984758,0.24584367525998507,0.24563552236352273,0.30584034640165625,0.27701889016031095,0.19638907821057533,0.21594334664624704,0.17685794480806735,0.20980231374074487,0.21064067919520124,0.279758976862139,0.22538139828864975,0.3226903027642752,0.3105248036409429
2024-05-03,0.2989014863424087,0.19490129086974642,0.24420503867900029,0.24494950095074694,0.30338113871153977,0.27744012113462146,0.19668436173445933,0.21859495261596681,0.17607857716663464,0.20945505530004052,0.2066642496146267,0.2797332565067633,0.22683882073595749,0.3222216874863467,0.3137356943780328
2024-05-06,0.3178145582765675,0.18917897465833675,0.23850654044496605,0.24225804664340075,0.2958215842957518,0.27472554693025353,0.1964094830253402,0.21830274424641014,0.22470918087235683,0.21034587765107002,0.20716330745595743,0.28001967836803776,0.22686708552575433,0.31798329860982943,0.31310156073026696
2024-05-07,0.3187786444230686,0.1911336141666926,0.23980356608297557,0.24741698068180015,0.30002579568899385,0.27797948579607584,0.1978693788099143,0.2218536891439126,0.22910877435652588,0.200650457997931,0.2068415301057417,0.28355265022999937,0.21531987019560814,0.3194702842017339,0.32189317245659865
2024-05-08,0.3181386026576169,0.18275401203241887,0.22748592523786992,0.2457691192363157,0.2922265296976743,0.2801171440349456,0.19518801247195341,0.22304075608005208,0.224872499952014,0.20025938249453912,0.21601296257637154,0.28387284363920734,0.2127508022945366,0.3174390739940427,0.3211003596370278
2024-05-09,0.3180395282344601,0.1805939429326489,0.22891175973914607,0.24233724297740356,0.3049687956335432,0.2848287159291326,0.20920934449973133,0.22132220215149995,0.23192587773961387,0.20174489908031562,0.22415404429811883,0.2841067337814979,0.2142368220654595,0.3223048388462176,0.31441329904130194
2024-05-10,0.3106142316994419,0.18121451706301422,0.22820420289839669,0.24209507964221136,0.30727431926130633,0.28991607082402476,0.20608780038123697,0.21227011542410118,0.21645041103100382,0.20233576978081555,0.22471336681733942,0.283810613486548,0.2172173300333947,0.32194526480225,0.3155367853429451
2024-05-13,0.31070462781786123,0.17988013302455536,0.22803380614973107,0.24208061558580843,0.30537953759306957,0.2886172159258633,0.2062497649991184,0.21172751320209765,0.21427431309068476,0.19475943131071374,0.2247355015559856,0.2748167053540796,0.21458536879643453,0.31995653385872663,0.31703209022269874
2024-05-14,0.3084998179755887,0.17904699620925718,0.2238471817767521,0.24281364075331494,0.29903602802212087,0.28356673005984256,0.20168684313315738,0.213057580985692,0.21428494555458866,0.19664970229533474,0.21650483839322246,0.26853872656465455,0.21457791610313776,0.3137589385980128,0.30975799417768074
2024-05-15,0.3066399745971447,0.1787057678297985,0.2195828837326516,0.24227476450817095,0.2988693773943602,0.2832491210345071,0.20197749932544115,0.21390322667018175,0.2166182967361508,0.19783784915221556,0.2165326670684333,0.266009914994288,0.21745078100734663,0.31376221286146877,0.30677775597272966
2024-05-16,0.30752290294424356,0.18581018953137876,0.2212675834857375,0.24216172026891203,0.2915183186625779,0.2807838271769606,0.20133545220228008,0.2124846896126862,0.21829245522554308,0.19600342292991105,0.21541846386700153,0.26769552481513786,0.2227706409300522,0.3106880356213548,0.3072265110501634
2024-05-17,0.3089064263382121,0.1851740472992813,0.22070668524262602,0.24193509310336983,0.28452063254170656,0.27322477598728084,0.19828236751495817,0.21220189352106208,0.21782522396462073,0.19557148298125396,0.21598917723863884,0.26564078432271804,0.2228857510175524,0.3108586416458494,0.3071792952941439
2024-05-21,0.30888563502943484,0.18176001269964928,0.19560076030488519,0.2436150611823387,0.28497834817057816,0.2750271382643444,0.19852421495268904,0.21064144277678268,0.22005288953091706,0.19594667900141005,0.21470161287317782,0.2655966717866311,0.22285125851974652,0.32075754253265243,0.30592413948663616
2024-05-22,0.30886147669602243,0.18511743574918552,0.1945332780705578,0.24354496211070578,0.2854452766359154,0.2750955811185908,0.19857678579976695,0.20966101148996608,0.22255590370596398,0.19410193480858368,0.21478854824583787,0.2658386464307703,0.2201240809016612,0.32112742525727483,0.3040839400239472
2024-05-23,0.3068022066867783,0.18707503478520424,0.19582384260863775,0.24324238702090895,0.2878463002849685,0.2725576846772059,0.19773014558606297,0.2085495459954195,0.2225324463737503,0.2025570547129608,0.2148341950288934,0.26616457258453496,0.2226954903880477,0.3209977511954765,0.3017943843858769
2024-05-24,0.3062967159452173,0.1843905088418579,0.19240349528521639,0.2415235244890135,0.2864296501256301,0.2659166349696932,0.1988528674571155,0.20855671176503437,0.22327875501744765,0.20270536093160701,0.21492039675202737,0.2665588298344331,0.22275359411656193,0.31953026268928986,0.29701626219090654
2024-05-27,0.3054093302543067,0.18122059566224874,0.1929581917657814,0.2366661298571504,0.2892423513435507,0.2673611651079039,0.19274736945615364,0.20794108548175327,0.223350014603126,0.2034239010331869,0.21485213021596714,0.266782063835011,0.22264572499706772,0.3187886121274974,0.2967700383093583
2024-05-28,0.3055382916946056,0.18122430770281206,0.19254258853608675,0.23758572513960863,0.28971917495882094,0.2683398268746399,0.19249278684902427,0.2075292492311168,0.22347468057446362,0.20332907726716148,0.21590429720511162,0.2668324919163564,0.2228801928821725,0.3188178749874134,0.3008979630736981
2024-05-29,0.3054026873637636,0.1814227510349406,0.1932811923804089,0.23888604963685547,0.28975909280584095,0.26841638213031144,0.19221733714563768,0.20863195444944524,0.22309159662752254,0.2044399901754826,0.21639134341573876,0.2613308213145909,0.2199381976031618,0.31570447338123664,0.30068867513207387
2024-05-30,0.3054143755410625,0.1834460736874948,0.20162632375774928,0.24965432943999147,0.2924033216362584,0.2698855862011309,0.19531375305961537,0.2160302218949167,0.2235695344830025,0.2028050693433077,0.22019266769536824,0.26455574351599825,0.2186197521908247,0.3394922395601761,0.3010353122848081
2024-05-31,0.3043464606403383,0.18357161086291857,0.19634243804452267,0.24995595950258276,0.29166205971617265,0.2692313710658838,0.19500238559864866,0.2188813635032787,0.22358974525283812,0.2026316651218002,0.22164619948825193,0.25482225431386957,0.21899267009871337,0.3365853731025072,0.30140583959174255
2024-06-03,0.3076826309263699,0.1834151615952656,0.19892797329585965,0.251003610131451,0.32913528195877695,0.32623844770016913,0.19537340270581044,0.21765659592583483,0.2215530199010308,0.20259765068151359,0.22163574056782415,0.24109132352737692,0.21926872016299342,0.34592368193968104,0.33119513242834014
2024-06-04,0.31890566411268184,0.18292615732988024,0.20003298884457757,0.25116666797024517,0.4761980236841573,0.4561374746417168,0.198443102659627,0.22747537230655052,0.22901877530305195,0.20368636502853654,0.21046196945750992,0.24105402482473046,0.26128803374682347,0.3715360702146033,0.4139142551603618
2024-06-05,0.33472710780182974,0.19126570981559515,0.2110526441925184,0.25504408865166944,0.48188361787974404,0.45594177725114376,0.2114957777266587,0.2382715557795205,0.23291864725353803,0.22061621130213674,0.20766755449015376,0.2426015227841289,0.2693153530301182,0.3915591172334655,0.4210267395267581
2024-06-06,0.33498281946414715,0.19846368795942917,0.21496427728740614,0.2675218654240505,0.4824144078768305,0.4583054050627244,0.21185264776983573,0.2369963474548864,0.23372294921048417,0.21920195885412586,0.2091557785966056,0.24260156953669762,0.2651084664480671,0.3921483263833671,0.4304950499192517
2024-06-07,0.33158174036561716,0.2163963990848627,0.24065179524755687,0.2828828073407059,0.48671889148483366,0.4611430319240724,0.21228161257945025,0.238427621247307,0.23296330585070696,0.22102320265253697,0.21792846624676768,0.24328678448611088,0.27327693553483745,0.39946416520091477,0.4318347113207703
2024-06-10,0.33142789122831906,0.22088092637773743,0.2432811290148559,0.2876964473648361,0.48657963275890237,0.46170192882154476,0.21114113700033074,0.24033117581875163,0.23302161415952213,0.22123334736779557,0.21850453596902664,0.2437002635523035,0.2732960939851371,0.39320534527693446,0.4319998079833038
2024-06-11,0.3321132572132065,0.22012423845119006,0.24335106412706609,0.28795588114532056,0.4990783441137818,0.46103770251454057,0.2108988812658301,0.2368358042857361,0.23255602663570787,0.2214140612204641,0.21842553512295496,0.2384480163878298,0.27308556940922074,0.38927282661581736,0.432169874218774
2024-06-12,0.331960856250611,0.21979193115253823,0.24309931121068826,0.2895239535810578,0.4984431424233945,0.4608911905793921,0.20913796548021812,0.23629553366896763,0.232671799837636,0.2214703851067993,0.2170235972048612,0.23849184902208637,0.2731743983745329,0.38880851691897794,0.4191178668060969
2024-06-13,0.33202044883045284,0.22023873775235023,0.24331036590388108,0.2893393268584944,0.48436142631255263,0.43994539647338077,0.18928294569286225,0.23654377986440228,0.23401000204306344,0.21919911519884924,0.2174230722894951,0.23416431644984556,0.2658243620999374,0.3672527133221479,0.412049535368717
2024-06-14,0.33185997979294396,0.21306036117729624,0.23726842031569084,0.2898333337581468,0.4806746022972526,0.44005833488722235,0.18868419886800866,0.23539782259960404,0.23188787949311132,0.21873865132213663,0.21742927406016538,0.2341353942251868,0.2629953627281697,0.3663183935567896,0.41144810228558365
2024-06-18,0.331834473831744,0.2125074788988763,0.24577664978672714,0.2891324252528168,0.47915516792674545,0.43810040789656407,0.1890910573521032,0.23540895905071382,0.23160699252808842,0.21703690184440047,0.21957858613061268,0.23378477368636166,0.26029600733802,0.3671713602791504,0.4090678026975101
2024-06-19,0.33341672579984794,0.21001428991412083,0.24501557267708296,0.2887971929637735,0.4799827329036749,0.4404863616708745,0.19063128522369716,0.23550350296004058,0.23218412274127861,0.2158591521497558,0.21889642144114743,0.22898782520131117,0.2664998103049571,0.3512990990064001,0.4107191766347178
2024-06-20,0.3339063927778547,0.2034518849605716,0.23811148132372165,0.286812200491516,0.47952272281231584,0.4407376886111731,0.1862638360317116,0.22584406212168023,0.2210770854606671,0.21842091002308492,0.20886260360342226,0.2288355054163051,0.26733602884655533,0.3512128097774866,0.4105760568829716
2024-06-21,0.3335856554526887,0.20462104484614693,0.23804638656451174,0.2864306226581175,0.47865342267565464,0.4407731245836449,0.18494457628394245,0.22393594866823507,0.22198677872765687,0.21843293224580979,0.20913044547485507,0.22795458581595893,0.2715216663949521,0.3475424814114533,0.4130987549327065
2024-06-24,0.3335311268311815,0.20476786804609942,0.2362330684567906,0.2851984342277749,0.4785715711043457,0.43538732409236075,0.18383201334422983,0.22547658319986047,0.22257428740762691,0.22088959531478736,0.20950395968189534,0.22985318047275607,0.2704801162548847,0.34445472440839864,0.4074217931616459
2024-06-25,0.33366315645678524,0.19613477789683983,0.23116183408610752,0.2849607269902068,0.47916643398309733,0.435614725713646,0.18038703186741048,0.2251822896360718,0.22223188687548182,0.2133807394527887,0.20809380935484156,0.2209385927292178,0.2699689380334998,0.3456353401914217,0.4087210753328686
2024-06-26,0.333021205176567,0.1946978765949962,0.22909451750134352,0.2855520682830416,0.47890983215021354,0.435435952562102,0.18033974040166048,0.22549329324942424,0.220287118982429,0.21435504593766017,0.20689825419256486,0.2262436004997008,0.2728260290548856,0.3482360693330085,0.408295608509159
2024-06-27,0.33405285200168106,0.19851702875590801,0.23506150759345415,0.2864556192298952,0.47793786895354806,0.43993372510836104,0.1804930354675519,0.22497101610166795,0.21932155837369854,0.21420520085685907,0.21205722467989496,0.22515185932649479,0.2729967714113178,0.34849704190930836,0.4084136779269857
2024-06-28,0.33550138139385666,0.19809653462904894,0.23335792561314642,0.28619909056415965,0.47814511642340085,0.43943086704531725,0.18053190979461817,0.22083700733089195,0.21960501620401107,0.21312188443850116,0.21552715558881266,0.22121792160471304,0.2776777784122609,0.34657010485679607,0.4069837712925102
2024-07-01,0.3355078751896926,0.20011631048765108,0.2374227371274259,0.29116307956341725,0.47810250871616533,0.44092546402627025,0.18137119114242162,0.21941015639445643,0.21937178351970024,0.21271558752468975,0.2141081049455558,0.21906656847330902,0.27666031768479993,0.3339809728043291,0.3885304591577774
2024-07-02,0.3362044834601922,0.20222960847385182,0.23979309362630916,0.29060096535202823,0.47791961233759767,0.4407779929533558,0.1821890462569608,0.21806157921325608,0.22169383287712963,0.21273775823453023,0.21409671100512023,0.2191962500322404,0.28143749992029526,0.3336180670551514,0.38804215021132893
2024-07-03,0.33788910975894876,0.20214692535264872,0.23975197621221103,0.2896035944081544,0.47748345176803786,0.4394413629086165,0.1825884953595573,0.21128553120893673,0.2199047918649007,0.21328040521474304,0.21120004308414939,0.22133610004534948,0.28042656320968296,0.3337329659020513,0.3838047901468247
2024-07-04,0.338208598944893,0.20367459942107463,0.24192540027511092,0.28960841766557105,0.4752300777399063,0.4391018888072765,0.18213827418155068,0.21131983646277355,0.21988623195891394,0.2159227478717187,0.21170959119401597,0.22053593846611214,0.27791300269216557,0.3336944571292874,0.3821665057220607
2024-07-05,0.33631709244508334,0.20329437133687267,0.2419467988380459,0.287981820807852,0.48186748184541994,0.44048795794279594,0.18198347531024323,0.21234493921254863,0.22365939472740012,0.21608323481138936,0.21173896100464834,0.22289665471952994,0.27591352506909184,0.3344007845751439,0.37995543867265263
2024-07-08,0.33631293731994444,0.2035532448463858,0.24134603148829542,0.28799120048613236,0.4873684693740173,0.43796800874273745,0.18757398423743823,0.2108906253309536,0.22367802447084312,0.21631851983899728,0.21172083570285086,0.22101764884553277,0.2753744852400672,0.33528808095163204,0.37883162928168135
2024-07-09,0.3362294489744925,0.20275345904118358,0.24038313893840726,0.28673729997168873,0.4873900820071002,0.4379542874960986,0.19106151924977532,0.21200440777615837,0.22508354285071241,0.21976219231386632,0.21207948876481883,0.21127069038796373,0.27535156766922003,0.3353038951670619,0.3786667660491338
2024-07-10,0.33294302005592674,0.20295236515667775,0.24169680621456743,0.2862423867404551,0.4870157266218926,0.43845704178244604,0.1848233926029747,0.21167910614456448,0.22651407675735524,0.2204245838901004,0.21200014642465634,0.21205792099647772,0.2730005225551641,0.3384377747382649,0.3786580851239573
2024-07-11,0.33295964356124835,0.20000582146771492,0.23967528505599225,0.2828255375034973,0.48585805758481665,0.439159198039826,0.18405944805567265,0.21249647488862677,0.22441510843417703,0.20537172634796722,0.21020636395565034,0.2104617191065179,0.273191443297876,0.3378936315651229,0.3787581687168913
2024-07-12,0.33276943432125183,0.20948570442473502,0.25167030036829574,0.2847141397787716,0.4744790705697972,0.4391266815320058,0.18257791285421515,0.21240096825920746,0.22441380748371353,0.2053694880089229,0.2113130261449921,0.2080840007382839,0.2733767779517732,0.3360097437083839,0.3759637841964963
2024-07-15,0.33285642053507236,0.19302878927510672,0.24530444867403894,0.2813064939066338,0.4842640997887636,0.4410929403196662,0.18325042975401426,0.2123220889357645,0.22382545744916546,0.20558328645888688,0.21195886484625165,0.2095393625906652,0.2726758647959216,0.33679009907855434,0.3766637438640176
2024-07-16,0.3356604625618677,0.1936535841006792,0.24400307023963197,0.2793427938722019,0.4789486309727063,0.4393630619826471,0.17930006051260028,0.20085041914349222,0.22241646778356725,0.20366201140532947,0.21220524830019696,0.19088780264653887,0.2637137334705827,0.3367823741701786,0.37482261036793574
2024-07-18,0.3364370212812751,0.19502396207639608,0.2455957468230637,0.27982062704585386,0.4816498959241815,0.439681964747462,0.17834753899871333,0.19990573487836347,0.22159012474361572,0.20431971615484645,0.2120188026084564,0.18945708198320643,0.26235975122449595,0.33610046547607986,0.37483075243108355
2024-07-19,0.3359289879155131,0.19637724709293183,0.2517358093625649,0.2816486927202672,0.48851889197828213,0.44338637095027755,0.1789273696898666,0.20094992805865586,0.21964498786343956,0.2060426872264857,0.21138676819688176,0.19364523669529612,0.2645682323742862,0.35296654006947387,0.3804158707127362
2024-07-22,0.34370128965725816,0.19667246293505874,0.31886473767607354,0.2808219882289327,0.4884834896672031,0.4453046647520194,0.1825090677752193,0.1983298383394881,0.2193538416429438,0.19281979752636752,0.21311039777713334,0.1930945765082247,0.25581220102378865,0.3543508577744788,0.37937397948857216
2024-07-23,0.34224164591783884,0.19606773564085236,0.3195588342852297,0.2790286206418395,0.49069421396007434,0.4470678402954863,0.21250648607633088,0.19840772375572602,0.21963411271174868,0.19346637976382103,0.2143473143431843,0.19098596340251603,0.25552215706581705,0.3499401380446204,0.38257762090389147
2024-07-24,0.2589259216444493,0.1964681518216337,0.31959584011291864,0.2827785615985876,0.49142961103407934,0.4481394133976161,0.2093797651577685,0.19454855282928168,0.2246150287882243,0.18921201925256123,0.19598788357650282,0.18827172847709128,0.25616237302264117,0.348917861392766,0.3836051692400215
2024-07-25,0.25674999761552136,0.1963107323899403,0.3202827139695597,0.24299368033655502,0.5012885640759803,0.44762224731928557,0.21041198342101555,0.19008799256346423,0.22327649388834028,0.19616235583747474,0.19594961581782022,0.1841244917537481,0.25541598272259064,0.35014092044162215,0.3823060520333306
2024-07-26,0.25737185236709215,0.20293045649955974,0.3274523615466331,0.24298108404189667,0.5023265724068472,0.44647927998684817,0.21510151245377962,0.18878251407485966,0.22331133195328404,0.20333824114853058,0.19566235244419955,0.17879547253454744,0.27042283536237216,0.35610593766007964,0.3824172653895353
2024-07-29,0.2575704096000227,0.20147544091894048,0.32743412303211844,0.24007888860347795,0.5022453434591879,0.4467680172679852,0.21658289351127213,0.18884889714401404,0.2226205232779943,0.20102730876353386,0.19327796601748673,0.17843638901224146,0.2741845042189907,0.3548494842945123,0.3953499510758109
2024-07-30,0.24941318069881535,0.2005789726175271,0.3267078362518495,0.2402691840707895,0.5023608521554241,0.45044962101721103,0.2184560317288003,0.1890755919926525,0.2237616675832016,0.20247978093113406,0.19227028295932844,0.17920491979358688,0.27291926452151233,0.3539797919276657,0.39590853201479503
2024-07-31,0.24647921799997458,0.20145349484469188,0.32668013209932545,0.23814811392031948,0.5021130557213511,0.4514732343824827,0.21855188145843307,0.1833614024181084,0.22503940887759272,0.2026362008782076,0.19240740448072072,0.17903257421946953,0.2699312463010278,0.3541250185976895,0.39498045988950287
2024-08-01,0.226786535545782,0.20327982559978944,0.326747763687522,0.23882896976717322,0.5024155777949728,0.4495088979546668,0.21848433080677548,0.18477133893362965,0.18372833568882654,0.20185508877460406,0.19519232044436452,0.1803148616378941,0.2702446447870374,0.35506943502938465,0.3961283296775021
2024-08-02,0.22595062977586672,0.20771146525886608,0.3360425185940733,0.24164841269919277,0.5035691790588089,0.4472881808928265,0.218723867906504,0.1799817000402556,0.17906176840315896,0.20109756320566927,0.1955093131717343,0.1709324038632872,0.27111113192796515,0.35795881449213773,0.3955789678897588
2024-08-05,0.22898789508757647,0.22347939889120078,0.343877787428341,0.2529258794501228,0.519907050246426,0.44788306985091747,0.21941173854411833,0.1787159230964902,0.17877232122613793,0.20187668073424334,0.18884730103776154,0.16970895740409897,0.2746526634481383,0.37329328750619567,0.4042576967706452
2024-08-06,0.22888544858844853,0.22342949452061892,0.3424909122141092,0.2526891285674659,0.5127503824094615,0.4436835742345352,0.20460403359823373,0.17750728915037245,0.1737472353327624,0.19858358511000881,0.17705808137382872,0.16922850966931016,0.27578845204708263,0.37005111950370073,0.40343836484360607
2024-08-07,0.22785075446167916,0.2250255179472775,0.34311473048428437,0.2530840897432572,0.5327994000449141,0.4411914760988516,0.20278593624691882,0.17715936112274208,0.17400903495456205,0.2001595321397784,0.1794068480684261,0.16966784638988663,0.27328820062410936,0.37332249944299206,0.4071784664196166
2024-08-08,0.2275598426104628,0.23379568408116327,0.34609311017369615,0.25340748588400663,0.5339135091602425,0.4426759689484449,0.20242968629090788,0.17876484020133188,0.17677388446949455,0.19912210376965728,0.17913331520328243,0.17954617004557533,0.27198439921651046,0.37564666796569857,0.40733145003340415
2024-08-09,0.22762231324189333,0.23499776452694474,0.34595188913509983,0.25788896924774424,0.5353710964696929,0.4421810638843276,0.20180607044455656,0.17761139652926383,0.1768749977767562,0.1979150352748231,0.17874204727658138,0.17969229721080482,0.27217606080505946,0.37601106049577326,0.40735980923786447
2024-08-12,0.22760442778433715,0.23554361105480248,0.34612096328410596,0.25775676424967486,0.5373206662364092,0.44473864098703014,0.20156547006165432,0.17857097786452325,0.1775326425065382,0.19597521696744374,0.18393004346787092,0.1820909753323219,0.26998827920761026,0.3759176787139695,0.40607805826867543
2024-08-13,0.2278102081975887,0.2322854386763777,0.34522205004281237,0.253938315303611,0.5383758739940018,0.4456308409608217,0.20271102281772121,0.17879458800012432,0.17565789607418775,0.19585449958385748,0.1837683843075518,0.18186816276470433,0.26498303512328886,0.3781194047592646,0.4077690136014221
2024-08-14,0.22608517121933383,0.23225053171888088,0.34516745833344004,0.25477250635496385,0.5411140439970046,0.44524728838506406,0.20193931318491615,0.17793057602887483,0.17406012479885097,0.19555269029312192,0.18889750240975883,0.18375695178325643,0.26529180915982836,0.37912815535744177,0.40786254004258604
2024-08-16,0.2285118536322462,0.23309426583541834,0.3553075027276558,0.2648687699626147,0.5409669612123733,0.4440255301928003,0.20519825168513803,0.1823202352136567,0.17227300103233284,0.1954048839211855,0.18863110835560531,0.1913860860408229,0.26557595145798807,0.37177801165619023,0.4232105745215766
2024-08-19,0.22852969102330808,0.2322481936680101,0.35542352126973376,0.2648997614671829,0.5412368658551907,0.4445521804774737,0.20461482539263737,0.18323025730191317,0.16932057099998923,0.19529210574995873,0.18902234984311045,0.1887608705801853,0.2665662429577174,0.3772731118318158,0.4237390740546164
2024-08-20,0.2298268396267836,0.23172167505386165,0.3553945894060856,0.2673865288977078,0.5416204519762481,0.4445455481112493,0.2052396104995027,0.1835821626176268,0.1695221879191723,0.1850235333663302,0.18927310716919873,0.18724611947074862,0.26585498365643473,0.3761457697763685,0.4243520485156828
2024-08-21,0.22972939666992823,0.23106229824074062,0.35511237205115026,0.26817873110711865,0.5419865363808157,0.44452335963131523,0.2042768036289588,0.1853159997107842,0.1697606290363018,0.18435259342476018,0.18977696168167857,0.18684239812683703,0.26576036289646254,0.37686008860454684,0.4243248064606019
2024-08-22,0.22974739238301756,0.2310639603537832,0.352465579432341,0.2681364696430828,0.5406223926203866,0.44445588790571366,0.2025302943363025,0.18515233053480235,0.16910486055529222,0.18241869709969447,0.19272728253182503,0.1877683420599069,0.2672735530537851,0.37819157572514084,0.4243324230447857
2024-08-23,0.22955778121952122,0.23239912349665387,0.35365187223017297,0.26750610952727694,0.5403054473204585,0.443719265119832,0.20170508957241448,0.18594916265457562,0.1699101663273191,0.18367901340001686,0.19115346001285027,0.1870107781098768,0.26743975753394833,0.37819153994328897,0.4212387989246634
2024-08-26,0.22869506131570022,0.2302491079631351,0.35341301571234596,0.26602218658621907,0.5420632834002663,0.4478389106631748,0.2017973413817428,0.18514003070478213,0.16949017594233376,0.18351092103291516,0.19123801900628656,0.18923915461635393,0.26744401430844417,0.3788553553292155,0.4212071583422943
2024-08-27,0.22906578450685108,0.22662958526728288,0.3469654065005888,0.25443833448969794,0.539982187338681,0.447703489439191,0.19956865916010022,0.17480714693744992,0.16942277269407027,0.18067466930987858,0.1847113138329106,0.18163457105140238,0.26755959195512563,0.36017016907670474,0.41903764774311897
2024-08-28,0.22919591236794482,0.22879314288121808,0.3526192282924792,0.2526307657583469,0.5395255658347556,0.4476831892058547,0.20046066556817635,0.17088724620328516,0.17100086911030063,0.1814969900196435,0.18134587150191128,0.18060958354896242,0.2704932111973352,0.3581848737196707,0.41849629397211396
2024-08-29,0.2255900574737556,0.22909943093389842,0.3521240605700411,0.2524345411216219,0.5192168502487542,0.4077883439824845,0.20176798163646645,0.1710461730522018,0.17586992608869323,0.18202377263227876,0.18306180439805708,0.18161664372792158,0.26963766298048203,0.3468646119154742,0.3963578282875646
2024-08-30,0.2029090039794468,0.2271973186563968,0.3504764338057805,0.2527505166022589,0.37681648480363306,0.24788458161638896,0.19821054956919604,0.15950360433766142,0.16586365617722604,0.17820184474045525,0.1826809999438218,0.18209643273081022,0.23069206723035232,0.29671848668845435,0.30575551452135136
2024-09-02,0.1772023979682668,0.2234194244314691,0.3472372306655326,0.2502138668273349,0.3688959864049717,0.24513872104530643,0.18786411345379042,0.14390210024678052,0.1562405245232866,0.16219600001254647,0.1884428134216292,0.18134791903862205,0.2234744191394698,0.2644018146737534,0.2934115720919374
2024-09-03,0.17623504462562367,0.22042943512521906,0.3452945183667067,0.23957719360829824,0.36932642360320905,0.24187514175502756,0.18711877032004476,0.14120059415910566,0.15495760806505046,0.16031678674301786,0.18793226880786343,0.18197190039112676,0.22156696992218666,0.2617926364116729,0.2811736132416473
2024-09-04,0.17489651233323442,0.20845467774433094,0.33731927774102355,0.2234556246645197,0.3693652878175832,0.2348561536111617,0.18753572169741445,0.13897137971262652,0.15486422492014917,0.1559986660690141,0.1814766624973591,0.1826995564061788,0.20731820253438593,0.2473119986879951,0.27909281162713284
2024-09-05,0.17475857519702423,0.20134433244673422,0.3351213587731617,0.21481782446622494,0.3699498780040381,0.23436483432774,0.1874222833188055,0.13600202875649467,0.1575658473135552,0.15661536496603948,0.18387445066659475,0.1824942226098162,0.20855660435773443,0.24672731936122663,0.2797670479140881
2024-09-06,0.17277027063201478,0.2052188944418065,0.3357446383007718,0.2165316832149577,0.35435979039661214,0.2387453939076556,0.19098956460472274,0.13592383103359523,0.1574174795173318,0.15486007313696712,0.1824134541901826,0.18249322050758834,0.2090013613591056,0.24614105856411958,0.28687194099803287
2024-09-09,0.17509074875171915,0.20456903760083042,0.33676139997368254,0.2238858363323991,0.3611591805896675,0.23965911463399187,0.1941107593414058,0.13635085117868054,0.1571021834702808,0.15514999983816585,0.18252061285901888,0.18263891082098493,0.20858642599150115,0.24631202599956617,0.2885580368913836
2024-09-10,0.17472991288288614,0.20481389292115154,0.3385087601596548,0.2249759090103887,0.3620769267134696,0.24153303718641098,0.1934817994397748,0.13671238937241537,0.15498131530440892,0.15544024989750932,0.18238364572019877,0.18300148334102584,0.21205580404921018,0.24617795907628867,0.2865076481098364
2024-09-11,0.17433602166579662,0.20450896857452872,0.34098063632672726,0.22301165368814344,0.3695079273667778,0.2441525534375809,0.19349662018967256,0.13668890159104446,0.15524995964325683,0.1554808394537895,0.18287462245473085,0.1832563695100116,0.2120868908781977,0.24609509223227802,0.2865402619887
2024-09-12,0.1793694905540373,0.2073752452156682,0.34115084642265886,0.22756015995005674,0.3744846616170807,0.2561511387612878,0.19317860722280505,0.13654090898861485,0.15808888202505894,0.15619606210406392,0.18034667279957664,0.18844004301829106,0.22874285185909027,0.2517015827704044,0.28823670961480063
2024-09-13,0.176970643720539,0.20777860246048319,0.34939695457579917,0.22760887843719674,0.37346077588571086,0.25328459678738524,0.19284774630060234,0.13512671410601895,0.1570336555488374,0.15454706365870555,0.17996961797133115,0.18750069114822696,0.2223440781566942,0.25321244955191496,0.2929688721063307
2024-09-16,0.17598340764417209,0.20776495707121606,0.34837975765044593,0.22788303930728515,0.3734823254304423,0.2552548304536469,0.19348266740135006,0.13546959767524527,0.15959715570819397,0.14511057050650372,0.18015980807518234,0.1874636214319886,0.2212352267631899,0.25176473118179216,0.29090176332439094
2024-09-17,0.17643914019547088,0.20732563790018688,0.3483874671008518,0.22788409050041789,0.3731077671182962,0.25599710794423103,0.19295665904403098,0.13109511780332475,0.15827336117871368,0.1445474740048698,0.18008048932182216,0.1876990548882711,0.21806520935968468,0.25136112892222323,0.2875952589593205
2024-09-18,0.1766085810980052,0.21891742117140173,0.3527752358496967,0.2366224685488479,0.3745981679468255,0.25623422586190153,0.19277792565408142,0.13467417114155808,0.157249272928098,0.14718827340082838,0.18121883830607866,0.18598531087299566,0.2185335566806096,0.25196755925873704,0.284967840600121
2024-09-19,0.179723124541665,0.2186170726229864,0.35268254791168685,0.23496193965660703,0.37585539253992223,0.25934757420449484,0.19269055136237662,0.1369030621960523,0.15646290529172674,0.14705124567418204,0.18265625540223934,0.18591502395002554,0.21825280953823895,0.2512501322748879,0.2835725961020077
2024-09-20,0.18212061466657378,0.21848982883961374,0.35305534884804685,0.23532007760763846,0.37586842808346177,0.258778586034212,0.19353305930699966,0.14484889044889956,0.1562916156556216,0.1470667276076836,0.1830051681325221,0.1774183622204985,0.21649727377087574,0.2522309145808337,0.2913289904040142
2024-09-23,0.18131211653278723,0.2160658380730092,0.34801876973929047,0.2354545544294199,0.38102351938327655,0.251462214813047,0.19355927821252192,0.1458148790892216,0.1563593079255552,0.14679252665622153,0.1774726088273746,0.17755797082458147,0.2196229587325305,0.25304548576808283,0.298983706509478
2024-09-24,0.17967483622636576,0.215561332802763,0.3480872102980724,0.23767171579638893,0.37878250204899805,0.2515292049734352,0.19376849684352979,0.14731576704727065,0.15607149685664898,0.1467947343884423,0.16938704219719267,0.1779563063865468,0.21358064061893708,0.2689072525897883,0.29881496084454756
2024-09-25,0.18074541038910674,0.21432166533848818,0.3449803986184906,0.2359958406901326,0.37865683053879273,0.24821442372099356,0.19331572494295732,0.14688825452422205,0.1565003130459584,0.14663006700165088,0.16882594992376165,0.17680507545431368,0.21347601538489464,0.26942110006599634,0.2988227417231363
2024-09-26,0.1747448272253808,0.21171095397498077,0.34310733328340726,0.23597115607333205,0.3795266206555235,0.24855432792273682,0.19231392535906275,0.15128239387976639,0.1541361009235911,0.14843858476302263,0.16938864511736743,0.17572692845407095,0.20570186708381324,0.27436326411383544,0.29873325390604866
2024-09-27,0.1720534985469234,0.2117016034578522,0.34310073147621045,0.23587100461822266,0.37964645500007904,0.2485170691255589,0.19234501763670023,0.15160109000554362,0.15361577862218206,0.15550216083347843,0.16864094450101225,0.17422211690584702,0.21165264400430056,0.27370011886922396,0.2989921134540832
2024-09-30,0.1714864622785757,0.21385386104971726,0.3415425411054453,0.23788101521069202,0.37937959066841365,0.2495894836843559,0.19391425243058985,0.15779322924528555,0.15391551051661065,0.15676096261194242,0.16794944315449983,0.17480981115109423,0.2148217562361875,0.2749576106455203,0.30234159516316966
2024-10-01,0.17248984560277902,0.21534197258636334,0.341700989469193,0.24511483658148242,0.37297530704656245,0.24838666996441697,0.19379377230490316,0.15671592117296776,0.15147425226731312,0.1573027081775418,0.16758284380150232,0.17322256862759777,0.21569394855879662,0.27496487899993416,0.3044235537099763
2024-10-03,0.1834183261925187,0.21561375645215686,0.3467393787760134,0.24707380250366445,0.3647489799794957,0.24926909908672107,0.19023706149839315,0.15736844969806651,0.15716338584658382,0.15653426717784868,0.16764708748071652,0.18873740596731864,0.2187896765541546,0.2735624600694741,0.32482348064782846
2024-10-04,0.18396270930875006,0.21648134667532817,0.34699584993198496,0.247268318748632,0.3652381988492618,0.25078539946827216,0.19108951280847106,0.16674002903785623,0.16023718050389793,0.1535214615058268,0.17013696694646468,0.1934608746943488,0.22342806561330428,0.27352463065773513,0.32846979065867804
2024-10-07,0.1841042750457473,0.21617567744927893,0.3464617638057459,0.24715409217163953,0.36747601139829006,0.2614084637527112,0.19226559933791412,0.16733777370387454,0.1608495931553578,0.15358988966868278,0.17029531021682096,0.19284183720311904,0.22429929804924023,0.2712944031857477,0.3318477545405001
2024-10-08,0.18398222700851008,0.2163814461587487,0.34686266894728507,0.2471748012217096,0.36571723940770956,0.26104272480183477,0.1905270629633715,0.16646239581621952,0.16285809082584016,0.15110032951952734,0.17086188341003972,0.197676779759739,0.2240383367109455,0.277520898407249,0.3334970690046101
2024-10-09,0.18357117592552524,0.20523760409389624,0.33213063884809385,0.2424516877844324,0.366901453467295,0.2615341596126427,0.2027054629408621,0.17396729679830533,0.16720299391076512,0.15117397159559712,0.16642891956779596,0.19835213975235377,0.22460842727957672,0.2775515209667445,0.3335852250862513
2024-10-10,0.20246780412059068,0.2088882016787637,0.33288291558815825,0.24779546982326583,0.3513292332132685,0.25859547006674993,0.20197621006376953,0.17396528022707314,0.1705682777466983,0.16002264682913306,0.1666400364712992,0.19783544823787366,0.224682273747903,0.27684336952069755,0.3330419465534725
2024-10-11,0.1976893261488554,0.20845376457248108,0.33320022614926603,0.24895670615390725,0.3525893630661945,0.2566805275556091,0.20265187841877522,0.17356641096922146,0.1699636210486421,0.15955693020619183,0.1634724061292064,0.19789818467793627,0.221848811287832,0.2771169683862917,0.3340045161657451
2024-10-14,0.19856457997118068,0.20672310154486986,0.33989907848523243,0.2530512914124777,0.34941605914677243,0.2560323124586627,0.20479717531917627,0.17285875559643482,0.16995714733221154,0.15902815323078157,0.16444120013065508,0.19919932222776726,0.22108361899953438,0.27851575886129737,0.3362369238546708
2024-10-15,0.19935741042979674,0.20332455198915278,0.3407211499695139,0.25234076656450044,0.34246584388341306,0.24425818424922643,0.20415002478529887,0.17202691512817955,0.17256776988017017,0.1551306605205497,0.16483335670481905,0.19369719348553835,0.21913857396501882,0.259865471605033,0.3296330203294866
2024-10-16,0.18622882238278968,0.20726965556194812,0.28207215556557336,0.2533477625196959,0.34265708705724557,0.24071084723016975,0.20225060846602383,0.17270786413835204,0.17264907487827327,0.15419757020303954,0.16237325714508577,0.1951331930621873,0.2195856079980602,0.2576840143748538,0.32817749569468424
2024-10-17,0.18655632475895273,0.21128610001434578,0.28150244600918944,0.2570181184422633,0.3412221395229987,0.23911740267821022,0.16905070413084325,0.1855948390106076,0.1753182270451945,0.1544962286318214,0.15973844394642248,0.197024567348428,0.22407389316604198,0.2602678008484608,0.32808061350652534
2024-10-18,0.18441031141016115,0.23149954272420145,0.2912608098529606,0.2525090827324426,0.33937824295479924,0.23572794636383507,0.16910192091624374,0.1845592783790763,0.17419665794464204,0.1544648500891499,0.15965512026737563,0.197066885110716,0.22314480212935428,0.2635342143133387,0.32876268103073464
2024-10-21,0.2034089840760052,0.2332237007885498,0.2902687074994365,0.2526878081518728,0.32415117714005204,0.2356802046847222,0.16873682784332736,0.17849726187045972,0.17846842548514846,0.14605384992211176,0.15983065492196266,0.19650397164030758,0.22400505644619684,0.26094106867654066,0.3300684476939594
2024-10-22,0.20055526146547026,0.22511279387363403,0.2817595873287382,0.2526086995301349,0.32568319287311925,0.23969236763127258,0.16051781281298264,0.17850478564775565,0.1787521492391311,0.13559137181590197,0.1599138549566352,0.17833835352089733,0.20602796186172,0.2588086062403368,0.345333964329694
2024-10-23,0.19941931722347775,0.22626486332538376,0.28178319321906714,0.2551319170923081,0.3254322817009385,0.2424104550195742,0.15877212033076965,0.17942381294314794,0.17871158597372214,0.1463448885836403,0.16035180529627419,0.17832118746722422,0.200350252221353,0.2594559929797987,0.33098655204876715
2024-10-24,0.1993282625195951,0.22644578243663213,0.2814851427253619,0.25486452175523044,0.32550512455653247,0.23353789635431063,0.16097063948943321,0.18853655214568465,0.1842129280715386,0.14375016684219827,0.1601981539863566,0.17820997392338442,0.19981057207237748,0.2588820594002423,0.3300712672686726
2024-10-25,0.19783998112202186,0.22623738209533734,0.28187758045867733,0.2556677245654989,0.32636328536288745,0.2380708970439077,0.16609303715567608,0.18858581544402897,0.1843780451201779,0.14287964174907777,0.1607569175545647,0.17799857963478014,0.19920118333931885,0.2611938085647308,0.3333461174293228
2024-10-28,0.1983015665532222,0.22557879287125787,0.2872448346780411,0.2559232142426596,0.3217840925487587,0.23655002038267828,0.1662005878487224,0.18723882718377752,0.18432112608990098,0.1492682246505817,0.15549583798527372,0.1760990548047104,0.19874139190104162,0.26539401740253465,0.35450594209515
2024-10-29,0.19828668160309249,0.2228236541648267,0.27596252813967287,0.2504978116804389,0.31624962173026827,0.23974741359108706,0.16593311740694996,0.1868398092180163,0.18538203626740518,0.15293942025942542,0.16325499766399282,0.1768997341650329,0.20105908334416253,0.2589641809418032,0.3486341706431996
2024-10-30,0.19763637008641824,0.2124190020521656,0.26551900368858167,0.23989161318745567,0.29401174445549483,0.23833864727842177,0.1660711033708761,0.1864722086863927,0.1890891030689684,0.15399927124707458,0.16206858344982286,0.17671915112625666,0.19666355924953202,0.23535809805836927,0.3385939738561157
2024-10-31,0.19764562268881297,0.21881541279933844,0.2706170788406151,0.25062694652377265,0.2958699992650221,0.23842810582974885,0.1664987031327398,0.18667495836861675,0.18145318398138666,0.1530602849694876,0.16761562867483273,0.176657776273876,0.195830075736894,0.2353215805231879,0.33802050994401833
2024-11-01,0.19818306370367084,0.2136294300249393,0.269097602979768,0.25024327899355014,0.25331512768745157,0.23788663784731806,0.16443414909724582,0.1872446419191237,0.18173435607583147,0.15032176946009965,0.1644168122841679,0.17578400229247682,0.19577299834132972,0.23076518016343742,0.3322727400294923
2024-11-04,0.1988951967079534,0.20606444718230424,0.2686961549019903,0.25316745183893413,0.2546581244320091,0.23978419769457404,0.16588133573617742,0.1879706808073033,0.18049920740633485,0.16077374810298825,0.16519619630900598,0.16799255331304433,0.19875459538915197,0.2290097687627992,0.341327916592827
2024-11-05,0.20168908965976232,0.20387988378658883,0.2684729555272659,0.24783465977536648,0.24601310817517788,0.2395712412615004,0.16675724970996486,0.18815485902441906,0.18062279103040305,0.16091051717478727,0.16348809862739197,0.16753996648683972,0.19920570912211433,0.24011423507541862,0.3422316140691048
2024-11-06,0.20176332542022837,0.21734089561050204,0.2776822224129895,0.258384486790844,0.2389926548127726,0.2361630337867694,0.16676538579742287,0.18734531497721177,0.18049796219803899,0.16290683948157791,0.16770327402150817,0.16499855532739321,0.20031650261062747,0.24073947411048063,0.35031735493584715
2024-11-07,0.2011861097455095,0.21869213436512042,0.27776838369899015,0.26387799963409436,0.23868537472816684,0.23636128673854195,0.16624955916838463,0.1871229761222823,0.18037009695089296,0.16832847753298644,0.16776719433943255,0.20992548396285646,0.20297763738000196,0.23951690269771916,0.3517088033262121
2024-11-08,0.2011291086604364,0.21884992758634103,0.2778195733643627,0.2648972509882693,0.23563480804851292,0.23855785864261617,0.16594895941913554,0.18987726765026136,0.18152620741568468,0.16954125592943245,0.16256474373267094,0.20817609939221143,0.20273028118107117,0.2410510454355831,0.353903436424331
2024-11-11,0.19807921370378526,0.21777424928957367,0.265218971876348,0.2540126690575102,0.23790931446524252,0.2399003210181707,0.15971864250870624,0.18476565261008232,0.21161937191977764,0.1705381248563635,0.1627943254483383,0.21555968027915645,0.20272790930495072,0.23900946473030002,0.33497063390458737
2024-11-12,0.19970694749726212,0.21788249184885217,0.2653868978157999,0.2549316829924995,0.23378709544452594,0.24673961854244122,0.1604831830808976,0.1849804968619404,0.2604481729610106,0.17057679577474727,0.16233269979533108,0.21927682528475437,0.2017767777205384,0.2308501766106122,0.33575325760872954
2024-11-13,0.20122868154446746,0.21775173057008346,0.26505442942120144,0.25196081804961246,0.23350664258909276,0.24620727484054394,0.16022966148618656,0.18490414592842358,0.2602187664726329,0.17121676256853055,0.1634913162951624,0.2239502711026917,0.19957321253588145,0.2409407322157835,0.336924201369978
2024-11-14,0.20271020979174956,0.21780309280819662,0.26526909982464664,0.2502058300078141,0.23348863758546362,0.24990749050551658,0.15946490903754504,0.18734959837474563,0.26295008624491517,0.17168130352261735,0.16223064554126665,0.22269399934544357,0.1987657860748216,0.24019842499035987,0.339470468605238
2024-11-18,0.20334524800784542,0.2254232743693017,0.2687018126228311,0.25250897441176745,0.23326351259105735,0.25033326129787514,0.15955095716559645,0.19031808567682548,0.2629219426978715,0.17256545289513775,0.16854291026388152,0.22434461501844352,0.1973827458090994,0.24337276497073415,0.33950201924153395
2024-11-19,0.20347672510865053,0.2251125968486456,0.26892475876381794,0.2560229000988972,0.2358133820512261,0.2503094270007331,0.15948239317143964,0.18994721026730807,0.26273970694802157,0.17354125048066527,0.17307576289861118,0.22473840108851176,0.19615640496539774,0.24439162648752333,0.3391706686601135
2024-11-21,0.20381121926977958,0.22481546401848618,0.26832221132750156,0.2507467562990443,0.22980526288248765,0.2466761070698044,0.1649290286302413,0.18992205274197288,0.264565135945911,0.17351971715446352,0.17501498165204377,0.22414185688465427,0.19596002907760984,0.2437042073456704,0.34069467456878355
2024-11-22,0.20578052947965547,0.23606864268633837,0.2726599910229851,0.25521503170378856,0.23251303525472833,0.25248671891935204,0.1831178024629316,0.19356865539371554,0.2657086817408436,0.17330624430486213,0.17873934262167718,0.23165962230150322,0.2043162093229863,0.2468585391493894,0.3500865737991402
2024-11-25,0.20822956223256625,0.23267122175154925,0.2668700884558111,0.25603397913037856,0.2578896752050373,0.2532757845008257,0.18303935732654522,0.19291242572013306,0.26677032526827,0.17141252480047542,0.178108589649247,0.23512897872721944,0.19970476752546432,0.24707718332721995,0.35323047477948766
2024-11-26,0.2077527576359334,0.23560654018993588,0.26731955534478213,0.2553331823000354,0.2581203713319846,0.25548060509232584,0.17987178220043912,0.1927626548962721,0.2667337684812094,0.17603869809988867,0.17748096821697687,0.2339916709793344,0.1993502945030907,0.24731408638213395,0.3531354478983285
2024-11-27,0.20771798110186265,0.23536331942822808,0.26841379115318226,0.25503085342101955,0.25781210162323304,0.257413663688314,0.17951910223477732,0.1930848676214626,0.26648409309594673,0.1745074953600384,0.17431480494903015,0.23482277013883798,0.1970197032853551,0.24732457717058265,0.3517236667019077
2024-11-28,0.20957036410463706,0.2451878441829515,0.2702797052859573,0.2603968377832262,0.257154195119369,0.2586259006011281,0.1761014904062363,0.19521361095635847,0.2655840039090996,0.17522013442836012,0.1694656211174232,0.23814345874183943,0.19697089041968752,0.24772496112508155,0.35244658542141033
2024-11-29,0.20965330028924217,0.2440843241490301,0.2706213391735617,0.26036564389342715,0.26027926831995035,0.258527223332629,0.17640173874365198,0.1940814708944476,0.26589022533222717,0.18407289978019184,0.17095491666971954,0.23793460376084963,0.2150717839385882,0.24826793597837601,0.3532500011898956
2024-12-02,0.21005185625055667,0.2445775384776613,0.26252387452106657,0.26316730472325084,0.25690123520078034,0.2599598482416624,0.17614364745688627,0.19496593206443927,0.2658368695190652,0.18527028641637036,0.1742473102482273,0.24704218606186523,0.21591912906156463,0.24954556259049987,0.3592432555302937
2024-12-03,0.21000039253496997,0.24468188623603176,0.26200759190295225,0.26298081014963576,0.2602066169648202,0.2659766861851346,0.17567195731968818,0.19427839924787207,0.2651190211373838,0.18538178817882128,0.17267990645778072,0.24760746090723507,0.2170674554576486,0.24942308742567135,0.35863189032943704
2024-12-04,0.20959836194962472,0.2423847119781593,0.2614673938383326,0.2620706105680729,0.2600368834394201,0.26469393286543097,0.1732783701394659,0.1942684256596036,0.265739710649157,0.1853731516980766,0.17300513608736198,0.249130843965335,0.22197497416581427,0.2495085461808343,0.3520119936378795
2024-12-05,0.20840789536669393,0.2471353305547999,0.2619821916515197,0.2566012740413834,0.25266202854853764,0.2642099997010223,0.16763953510593382,0.19400085253105295,0.26310582340529304,0.1859879430377827,0.1785125126374644,0.24883012462880616,0.22540300997565496,0.24906832001746482,0.35074925697142567
2024-12-06,0.20841193072631498,0.24688657806822764,0.25975623519710617,0.2547147463535084,0.2519997982468231,0.26179184222290885,0.1683991821562129,0.1931541055702374,0.26261364953266575,0.1854845054851746,0.1802816547883404,0.2486774591324296,0.2219286318730416,0.249668051690448,0.3509963986027747
2024-12-09,0.20867446233145873,0.24686669723689816,0.2578831700601657,0.25469756948798294,0.2423908409086495,0.25972028514916234,0.17000312637037696,0.19569214782438188,0.26309246230254557,0.1851731403124086,0.18005306652723801,0.248885547912138,0.2219929928957687,0.25000233835290947,0.35083298208962643
2024-12-10,0.20416223095305344,0.24450469047596662,0.2525546155667529,0.2507836385754835,0.2335059482905772,0.24623039938353194,0.16836878274909908,0.19583594416289887,0.2597083933705938,0.18381872113295228,0.1797877432822982,0.2450129647665425,0.20495665915473207,0.24511865497818602,0.3499176482521276
2024-12-11,0.2040195220457908,0.24579426769545884,0.24107315847445213,0.2504615686658757,0.23303818441637006,0.24641695325872875,0.16731459667349724,0.1978495136170441,0.26437636785851065,0.1834956494675138,0.1797260442219342,0.24560240480259637,0.2047327835828399,0.24396709026940394,0.3438010511290021
2024-12-12,0.20569089695915416,0.24604097107423192,0.24109771145917516,0.2517847197775627,0.23339598645232817,0.2461448604362505,0.16802828017246996,0.1972499326656237,0.26452119528357637,0.18338280654620168,0.1802348708571096,0.24786740601625443,0.20730399237430752,0.24377282628109462,0.34442781843746967
2024-12-13,0.20955839077812036,0.2463234320183495,0.24106587939759327,0.2518235885510414,0.23267889531147903,0.2445911540930692,0.17367652088748675,0.1997641496526844,0.26397433051525343,0.18360571923385385,0.1802507840009864,0.24785932753296325,0.2240603582737626,0.24433529191124595,0.34450379477636844
2024-12-16,0.20943508903091196,0.23841484836248297,0.2346410853986766,0.24576949430137976,0.2317874863924591,0.2453127592136404,0.17369945797523612,0.19476498003065493,0.2637812732914159,0.18070004070427062,0.1838615487704858,0.24776972362697847,0.22517072405238034,0.24304753644950886,0.348395187005077
2024-12-17,0.20731364024699964,0.23848384591156185,0.2335730779554,0.24536995987152668,0.23171214626746836,0.23976713436688138,0.17358809347680032,0.1935756932022221,0.2644088886597885,0.1817694511274173,0.18618272612300124,0.24808090843056788,0.23230230105670768,0.2443667054844516,0.35074688872084153
2024-12-18,0.20386660636551157,0.2382492022516623,0.2337943055587381,0.24351187727279336,0.23257380364019173,0.24245771401318864,0.171491105121057,0.184891010421402,0.26243062547056434,0.18091229411651455,0.19131516654043168,0.2477033938676652,0.22505497473871416,0.24233744846246283,0.3441000035384857
2024-12-19,0.20159472281549828,0.24068334473254613,0.23283998716539012,0.2445827372857072,0.22175419609617328,0.24148444251856224,0.17155073938384435,0.18384799073077718,0.2624711271798861,0.18280705625314486,0.20540936760200723,0.24746581120303907,0.21960902071499155,0.2411205477548014,0.33599062660866824
2024-12-20,0.20163071188585965,0.24217106937581237,0.23888492873070447,0.25578261969767024,0.22171677244521706,0.24202065322107089,0.17159021776448097,0.18360815854301463,0.26398038400686874,0.18334543003677176,0.2072847580646605,0.24766124993253108,0.2208316358290643,0.22582488848928547,0.34451731951757275
2024-12-23,0.2011205066471589,0.24212861817773954,0.23862211504723832,0.2534796966731244,0.22517980191096834,0.23764875956872253,0.17718032668343398,0.1834621858656052,0.2642450128125584,0.1834628894139472,0.2069516047049943,0.24766666093504625,0.22119858149618413,0.22587444524636002,0.3462813485322734
2024-12-24,0.20110762835584883,0.2427088334148143,0.23902068053308906,0.25373900582351044,0.22468871974562096,0.2383895644432396,0.17686829445112434,0.17722801214367653,0.2634184303905872,0.18077335611872092,0.2068303677978858,0.24761963437533693,0.2206141401755412,0.21945248971663395,0.34613538841450836
2024-12-26,0.1989740382379756,0.2426384794256664,0.23905014130867397,0.2539370083937527,0.22445679966206414,0.23763206806101592,0.17688121910570678,0.1773982007364169,0.2635817625275001,0.17387426983037482,0.2069195411159703,0.24698322358526506,0.2183215911365207,0.21883194311270535,0.3456098551789152
2024-12-27,0.19837259981951372,0.24030784068457653,0.24006973427206788,0.2504140075900662,0.22536638747396062,0.23471379755284627,0.17651087929251125,0.17557807424565058,0.2619142928360542,0.17412354267584473,0.2132499391583732,0.24680889807122378,0.21660109434631378,0.217178023070738,0.3433021775857782
2024-12-30,0.19709296065305754,0.23867575765370982,0.2429321221218672,0.24522812368110783,0.22506553256230197,0.23501366638411603,0.17648752925614383,0.17437475599998223,0.25904442435922226,0.1759283547610578,0.21414911651180207,0.24712194181404756,0.21681440640641997,0.21812712724115135,0.3418156671264057
2024-12-31,0.19550573701345064,0.24007596289553382,0.2341106396005133,0.24732639773001003,0.23413641760966528,0.23559288934995984,0.17882395002449206,0.17435861037007053,0.25771016492919696,0.17570611787927828,0.21471119554381998,0.23617415501682684,0.21491007496744807,0.2193828930857296,0.3244285732440892
2025-01-01,0.19493474407163075,0.23858487682769508,0.23443460205309974,0.247018829813647,0.23276174103980987,0.23536133306850987,0.1752842551679682,0.1663114684004349,0.2567435771146702,0.1757558962089145,0.21435986943830046,0.23307555246789774,0.21165827764457015,0.21974487375479537,0.32100917901443937
2025-01-02,0.20162133976705404,0.2517841066457059,0.23490228230112012,0.24832523375783278,0.24531995322065672,0.22894985510323312,0.17446996396528475,0.16944159402319928,0.2560077710113011,0.1761508087428401,0.21432351590555698,0.2333265554504538,0.21072232351252834,0.2202753081084575,0.3186824115373337
2025-01-03,0.2011193396028888,0.2522384763284188,0.24357609106477837,0.25252110159976676,0.2675239502973846,0.2271101265339858,0.1768609590271333,0.17276508250611394,0.25493974453893514,0.1782433686390987,0.21672448503808417,0.23222236599900514,0.21106615785738853,0.21328608722074877,0.31723526397846197
2025-01-06,0.21184043764734264,0.25221014487708354,0.2433035897167379,0.24996897935205345,0.2676809888248471,0.2369198365428442,0.18877016291174387,0.17061227689846792,0.2536526640019148,0.17752661333723543,0.21675555502250204,0.23369082355995216,0.20966127723221487,0.2303011176104046,0.3204825923257555
2025-01-07,0.19311132511798915,0.24970962795519366,0.24176713601758743,0.24570929313671167,0.27844377135564,0.23560755657401505,0.18879955556594233,0.17333539434429765,0.25371751664986797,0.171852716658412,0.2151671256378308,0.2329770467417537,0.20970967257047138,0.23117247042912673,0.31997145127446924
2025-01-08,0.1929197114925279,0.24916263431351537,0.2424647621614059,0.24361883800684742,0.28406117501867373,0.23578403317645186,0.19276378598080665,0.17364317456150585,0.25441412287625237,0.1718843062288037,0.21695750158988278,0.24740034186605386,0.20967261930758138,0.23050433448211782,0.31889942147542144
2025-01-09,0.1919775004475518,0.2484842911071618,0.23239711450486106,0.23834571369625604,0.28749938238241046,0.23618439498690405,0.18888229049670613,0.17758221696606255,0.2567093404233648,0.17199968312259611,0.21623725073981911,0.24584628332767694,0.20967833886137147,0.23206052697818227,0.32074692000218114
2025-01-10,0.19495953295694907,0.2541105539883756,0.22957267069850282,0.2500861194654631,0.2868975163577797,0.2449718443586209,0.18991284745890047,0.1772676904199025,0.25417452390959383,0.1775561126453244,0.21732517707093305,0.24597306374005656,0.20819293122511237,0.23267739997803114,0.3268676145996728
2025-01-13,0.19499621244394783,0.2506158520975361,0.2381469450894565,0.25566150869118215,0.29181494702850236,0.25133695416897217,0.19049510063778313,0.17674479274582588,0.2537838923670922,0.18233040682877383,0.21724849719996991,0.251822279930373,0.20811288361658817,0.24178336113934312,0.34302190057375836
2025-01-14,0.19538695341485898,0.24657282410862846,0.23758013917650217,0.25154524531140626,0.2933822054950668,0.2679506854330112,0.1900767487837283,0.16400246247070863,0.2530915627599302,0.18475941000021875,0.2172698163416077,0.2538029192887707,0.20492342219268503,0.25100551682936734,0.34212468201739793
2025-01-15,0.20091022561382582,0.22816624435243665,0.225579940855088,0.2537221833220745,0.2934517705704717,0.2766671418026976,0.19004063521497724,0.16322347641803808,0.25181610754218436,0.18356510667142878,0.2169704203098862,0.25382520148320287,0.20499438902054246,0.24657101435350662,0.3420151172087231
2025-01-16,0.18064083263451713,0.22730207527193083,0.22818829999727216,0.25361203339031985,0.292496402492722,0.2787934191015297,0.1906871719283354,0.16517230716580636,0.24986612700494135,0.18346140282938198,0.22292968238994004,0.2557239640127181,0.20659295899205207,0.24809443622830654,0.34151030177780767
2025-01-17,0.18607910206866182,0.25800074079889057,0.23237176031016044,0.255758164374365,0.29047951132001704,0.27663722679778585,0.19417475531022277,0.17197973028915628,0.24973459974780152,0.18560680903290347,0.22297318491098644,0.2545233993173062,0.20660401288338273,0.24586241547276916,0.32574102657504134
2025-01-20,0.2649672520613721,0.25683710193724746,0.2670711730330174,0.2517933402408514,0.2912246876331918,0.2837027390496243,0.19438143214169917,0.17097864448859798,0.25007315083946513,0.1785422591757715,0.22261880553266905,0.2548702450567638,0.20729729814586145,0.246615032156986,0.32671545890712284
2025-01-21,0.2667493750010433,0.2569929623071262,0.26754017042616424,0.25511794781168046,0.2922392974985185,0.29004397507494667,0.19106275163822406,0.16096751367116807,0.24646417131172876,0.17892843768025732,0.22358949688605254,0.2579578973110967,0.20792135172592618,0.2479382668363301,0.3320269644646329
2025-01-22,0.2677386238787422,0.2648285606661295,0.2761331333244555,0.26012693142375726,0.28989029068571054,0.2842275940949365,0.18494062674547493,0.161353261254513,0.24659957662650397,0.18366190618516814,0.2229875824940008,0.2580632093347878,0.2075565606218263,0.2449848739340466,0.332890816520418
2025-01-23,0.2679563345394329,0.26497776339240275,0.2761115759433357,0.26201887143596453,0.2899534889461047,0.28271959737602687,0.18546308455193955,0.161132039713888,0.24701746799143726,0.1818549387000183,0.22282168152758977,0.25813355369924834,0.20761999818761775,0.24051041499539824,0.3083904626053736
2025-01-24,0.2680735378025817,0.26509742310061635,0.2761921051333523,0.26217173317408254,0.29431622322845397,0.27842551792910136,0.1847691764380625,0.16136776240471304,0.24980739169324184,0.17922509011840912,0.23889279549373246,0.26269072212137035,0.20535065891324514,0.24016170750297144,0.3114035998786954
2025-01-27,0.26616766854768126,0.26837750229036084,0.2881561088186766,0.274611094624936,0.2967599240864757,0.278228277117086,0.18400877939659796,0.163852327264691,0.24795192175531136,0.18229183156979606,0.2397364156864095,0.26307086891160314,0.21201666644842146,0.2448265959127404,0.3128140349573329
2025-01-28,0.2660936098809252,0.26328141888960566,0.28334487761832466,0.2638726549396566,0.29500327210699034,0.27813161423526206,0.18480242844476946,0.16429165111033492,0.2510252704735612,0.20429053068781944,0.23749814193861082,0.2627984145869711,0.21138198702256608,0.24837853357834805,0.3206618420798498
2025-01-29,0.2677529129878941,0.2691723590130699,0.2886426129567103,0.26671043311406917,0.2925601531032851,0.27843855227336883,0.184726258297363,0.1650562121808287,0.2509547717015001,0.2074915015361478,0.23653245763982236,0.2638949183910894,0.2125662373139592,0.25062549844527615,0.32531736701529246
2025-01-30,0.2679604279023891,0.2703995563684052,0.2865108229144064,0.26359058803434215,0.29194786665806777,0.2754941546003529,0.18417167210565114,0.16583796823934283,0.2508193263259859,0.20060729584929904,0.23731777089793757,0.263381874173747,0.21624862580732995,0.24839132835133507,0.31498368284325234
2025-01-31,0.26630448206052487,0.27077758685425013,0.2867881197776884,0.26349560606261296,0.2952889134920817,0.27648711715637625,0.19147371494350454,0.18766287170783272,0.2520389944105794,0.20066310353762123,0.24071930740711747,0.2633950504584207,0.21637916287979778,0.24279297100385352,0.31417130319371184
2025-02-01,0.2662839972132573,0.26074418157505214,0.2823701475813955,0.2544304065765038,0.29771034068531194,0.27590653816824723,0.20380117474224463,0.18769286070551383,0.25147162576993143,0.1986207468610155,0.23615713305469174,0.26357236476281065,0.2148961835294299,0.24266335525560137,0.3078077005158103
2025-02-03,0.2664332766492948,0.2598789015239391,0.28770414696338587,0.24934108925317347,0.3039965815799598,0.27740576623306723,0.20660294864296722,0.18753690132218642,0.25388096360323176,0.19452765649026385,0.2352086887066732,0.2254135260019261,0.21563923565024976,0.24099779266465834,0.30350197718590693
2025-02-04,0.27015904243892147,0.26098182496830824,0.28755090065964295,0.24649718740742307,0.30632484613077005,0.28277746195295717,0.20663747422928452,0.1859387309966055,0.2541184995240772,0.1955665542403706,0.23700841873006565,0.22540742612633716,0.21562524179561596,0.23898673419893599,0.30287695083174787
2025-02-05,0.27095576476258476,0.25893150530721964,0.2873113266326859,0.24486620007916574,0.3089066173740917,0.28226105169213705,0.2089564378419414,0.19080464057981564,0.23246231445449075,0.19537236650749218,0.2372967186051276,0.21890271697509953,0.2151625165622433,0.2373746923510773,0.3021088335995767
2025-02-06,0.26923537102525147,0.25950084189580586,0.28692726700903387,0.2442646499316212,0.31207215488724616,0.27875514565077264,0.21066763853768566,0.1898903611557536,0.17533197663399994,0.19521232013680487,0.23487506103212963,0.21642934909766012,0.2213407253571131,0.23861570939496224,0.30023273559602665
2025-02-07,0.2656820455250833,0.25987236006402464,0.2867599136977593,0.24541067490840981,0.31122429027930476,0.28050390172135886,0.21578356972320648,0.18891344799798276,0.17857691610001722,0.19390410966060756,0.23295203702742895,0.21272448741685548,0.23210951798843327,0.24560273326492907,0.29747239582080304
2025-02-10,0.2664491500730362,0.26113101929683574,0.2864560568176621,0.2451317677481195,0.31560721497725847,0.2796759005381046,0.21483020909223835,0.18247987726007187,0.17135730072155306,0.1946118016289995,0.23322596319461006,0.21289992433867078,0.2327123744792852,0.2530744591325453,0.3035713717201711
2025-02-11,0.2704609443073825,0.25424877162754095,0.28447159788833176,0.24566412188808703,0.31705758061645195,0.27971747043962053,0.21869281482938385,0.1819057439083895,0.17136444301758616,0.1969224070496797,0.22716572580157995,0.24945337556735364,0.23172603776835535,0.2549878385049337,0.3094152729599121
2025-02-12,0.271442059113305,0.25430797749670536,0.28391352587243257,0.24127035986950515,0.316066191397204,0.2798407592433585,0.21873005000662657,0.18191180555268222,0.17127517121255081,0.19373573464807017,0.22482572794683078,0.24982597385872782,0.2313469561116257,0.25651072817010817,0.31983013656169784
2025-02-13,0.2726176754276241,0.2551372168626342,0.28345816741043395,0.24131587917859065,0.31302871062964005,0.2746291280284146,0.21446641241066103,0.18252527969360313,0.16745051424807642,0.20426072048204744,0.22296544142303315,0.24912443283299995,0.23130001679423226,0.26388044056450666,0.3181696302878049
2025-02-14,0.2727025823147027,0.243713434796027,0.2791501491741709,0.23554375560674656,0.3139713426316975,0.2707380301778215,0.19844549375365836,0.18019020100990185,0.16770660941231474,0.21029517748221277,0.2251436547286646,0.2430028764803744,0.22440776743275836,0.26225318116335916,0.3075164469626285
2025-02-17,0.27117132839701374,0.24383227631431878,0.2776630166999868,0.23514428460895623,0.2973232452273443,0.2705067421612286,0.1981164499626499,0.18103891797944757,0.166380836617667,0.2109942499452369,0.22500718054220523,0.23914105232038707,0.2303179206712629,0.2618366606681521,0.30231975528613286
2025-02-18,0.27138282848351347,0.24105140419186785,0.2803142608663944,0.2399801493860552,0.297384189901097,0.27652175997143713,0.19852741422854042,0.18095958453584582,0.16260981452969342,0.20729375745098425,0.22501957560723657,0.2408182422617255,0.23051541576509188,0.2615500990716558,0.3018569256650021
2025-02-19,0.27201359258124025,0.24510931343476303,0.27937918908961745,0.24059339386293155,0.2978186285280181,0.273744805097325,0.19872288175642197,0.18144461755364644,0.16368213339822782,0.20894730456572955,0.23095461687885957,0.24023190596810548,0.23262110305160896,0.26235734696527285,0.30809262316449626
2025-02-20,0.2708126571232907,0.23502285812950696,0.27638763908825487,0.2376590598797221,0.2990932838546121,0.2806766347527404,0.19951285681139266,0.17827075858618888,0.16186620468855076,0.2084119876936329,0.2307832495061236,0.23707946084003262,0.23136884262293145,0.26442101227186515,0.30810884717904724
2025-02-21,0.2717147088651174,0.2352741749546543,0.2802634373980248,0.23784579553405347,0.29714872403726306,0.28059120793903697,0.19916849886438895,0.1784317019073318,0.1616714718265378,0.20262373695437388,0.23236947115737416,0.23804832193535955,0.21441351063064612,0.26709919433828094,0.3074508346607897
2025-02-24,0.2713452215236291,0.24064156053418193,0.29020800124034696,0.2379715331567403,0.3005741803963412,0.2814932743434511,0.19928894829490115,0.1777910344177365,0.16149007121508857,0.19963324667884705,0.23102536810140495,0.22672065771980318,0.21864932710223614,0.2693219099635017,0.300416791898431
2025-02-25,0.2712116816086343,0.24021970615809088,0.2914476412054635,0.23893857898751408,0.29788900942563257,0.2756758747669191,0.19948924736962897,0.17974116049451594,0.16149448872297562,0.20168838463407582,0.23925992521677683,0.22570025800336996,0.22282580384539857,0.2693813125486357,0.30359042778723133
2025-02-27,0.27229676017463467,0.24022483569183428,0.2918345666209787,0.23850108931870337,0.2980844102395514,0.2738989332803063,0.1988726345316137,0.1814431105322082,0.15983014817331925,0.20694329765365058,0.23893846168295796,0.22357267544548617,0.21792019367874615,0.27052886602631593,0.30557731673055516
2025-02-28,0.2764038985539513,0.24970714689927284,0.3125600963615217,0.26721576072227343,0.3017844724136797,0.2744346467041184,0.20112379064186112,0.1982751277363211,0.17838136585241082,0.2160210155929081,0.23521237034932596,0.2262066765553197,0.23671403495703275,0.27062977474125743,0.3054710616996097
2025-03-03,0.27657915147793566,0.2513018705742494,0.3155313635980462,0.2675359435688592,0.30174074606615187,0.27545311817731805,0.2008217403870609,0.19827637794498468,0.17839200837182093,0.21604286367935482,0.23388555926232596,0.23073964864806834,0.23811606017994416,0.2709001449826425,0.3081127046194017
2025-03-04,0.2766436582524999,0.2520827784004924,0.3131930575288028,0.2675372143849085,0.30226985155988284,0.2753654336028392,0.1996865953460354,0.19853093343561704,0.1757937038139686,0.216870009322444,0.23385389164358386,0.2309149094121213,0.2394954988042444,0.27015239275852276,0.30722636468496844
2025-03-05,0.27765355401247505,0.2522905602360856,0.3140982142764094,0.2774327909407598,0.30288210260643195,0.28859515355483606,0.2074781536055795,0.2040836896913822,0.18822245059043782,0.21820156538320015,0.23338918602363742,0.23012683259635744,0.2439496558910534,0.28856177556645274,0.31367407389904517
2025-03-06,0.27804201201973766,0.2504970022078433,0.31409252310476515,0.2805347436558614,0.30497448362140595,0.29817169156692247,0.20755818833012551,0.20260064062343436,0.18295306223133528,0.22265429674092868,0.23506245260191036,0.2297032743345274,0.24400355662632875,0.2950274292620935,0.3132812021432821
2025-03-07,0.2763278389711368,0.25173048747101523,0.3141465711674706,0.2782586660299506,0.3044552862681918,0.2973230779527247,0.2068759605700524,0.2049517869460993,0.1824358928515367,0.22258241816325894,0.23482576771650218,0.22854699781166807,0.2420455516581247,0.29539961723430314,0.313391920458902
2025-03-10,0.2739399498201985,0.25221749651969977,0.3151490240838271,0.2779149321939306,0.3156434422076188,0.2971184733339614,0.20210085423062532,0.20336532705449042,0.18221355880368043,0.2223092943134104,0.23567526273389885,0.22871801665879113,0.2241015351273459,0.2943730235355201,0.31725801359987876
2025-03-11,0.2741694549729988,0.25540827622194945,0.3158188369700461,0.27737473034110777,0.31719827698746933,0.2963476987780876,0.20227943851257055,0.20289804772368875,0.1825545178737032,0.23008661897919888,0.23174244058951385,0.22865451433932366,0.22660503340947752,0.2939233814156246,0.32538809023736354
2025-03-12,0.27692735335552093,0.26808993961091016,0.32249622181970106,0.28197760507666314,0.31595846459005694,0.29559828357579865,0.20516410507520422,0.20669814327494657,0.18061215709007708,0.23092820648096235,0.23013720532216003,0.22872782054384622,0.22020526802140034,0.29240590915199294,0.3231002013357759
2025-03-13,0.2767941839668225,0.2679949371717827,0.3226350412208584,0.281687588276289,0.3151623062626764,0.2927830054766121,0.2050564388927533,0.2062332393692183,0.1826768280504464,0.2306091790351218,0.22478322785129862,0.22859315485668869,0.21990735113575324,0.29186097219920215,0.32390759225829857
2025-03-17,0.2756844158498623,0.2673750170177888,0.32374884725412867,0.28090304636995256,0.31725127450878643,0.29161898694804017,0.20531288707032758,0.20522020563477214,0.18409208291687174,0.23061692529764727,0.2241749935808848,0.22860178660809832,0.2200142030752138,0.2914195188258859,0.3238211750182784
2025-03-18,0.27445009165507805,0.26677035999074206,0.3206384820246211,0.2708605614351862,0.31468874190580537,0.2904888486991906,0.2053958330502776,0.20520725977517748,0.18023325045805189,0.23016017241118425,0.22178099959787811,0.2285440556810627,0.21797238106965325,0.28869158200483463,0.31578933283320293
2025-03-19,0.27551302194503263,0.26663731442314037,0.3238475576397841,0.2741736017731958,0.31401861597464265,0.2964581773971522,0.2021417023579186,0.20502397485184493,0.18077000542186158,0.23273231740484732,0.22594926265629983,0.247580487313324,0.21777135971599162,0.30182973365236443,0.3427583203918458
2025-03-20,0.2756568189388326,0.26998685012728213,0.324272576258899,0.27556503019205075,0.31470976779037463,0.2963283767677128,0.20111210296763696,0.20746482276364028,0.18789042900600708,0.23372860604891482,0.22726352323668625,0.24826825119449022,0.23331790310714812,0.3008883190546367,0.34277627039288544
2025-03-21,0.27828039737273336,0.27100131125329735,0.32522348344412244,0.27559458997889413,0.32001374753152384,0.3015102125059899,0.20144382006379155,0.21097497181989888,0.18792856721921428,0.23588785941501425,0.22857431204706088,0.25251291606570625,0.23370432569736593,0.30209104820460914,0.3429441010226198
2025-03-24,0.292360477532033,0.2705936556591668,0.3266505108781053,0.2856437773116865,0.31871720084519545,0.3143737350439278,0.20349190842642298,0.21068744475600892,0.1880678769811266,0.23475049749195526,0.22252825791242364,0.25254418613400753,0.2339586669802098,0.30115411661497177,0.3447662823810161
2025-03-25,0.2911009348438115,0.2754624665753751,0.3253601809158624,0.2827228520820618,0.3166660651999564,0.3133055216136712,0.20347168432887322,0.21078954416656873,0.18874974755069263,0.23425881740531856,0.22776180611284622,0.2518416989369166,0.23339461711234408,0.30031105968822114,0.3444883162338933
2025-03-26,0.2890433905609415,0.2763153500015514,0.3261396263605206,0.2848951302785272,0.31240335769564054,0.32152904305779584,0.20107202099561083,0.21098855996084742,0.18803849020311544,0.23426500896274005,0.22730759186908356,0.2543348721307398,0.23347055074005094,0.3005111117372795,0.3462143637278607
2025-03-27,0.2898662185722,0.27640069321895633,0.3284589051756208,0.2853878053941548,0.31229134350473253,0.323102352180453,0.20152806760638614,0.21099497775790163,0.18761795726129818,0.23609999164167328,0.22610489599613748,0.2531946345197382,0.2341794877873444,0.299690881090149,0.34750936730156334
2025-03-28,0.2876491291951431,0.2641752528998275,0.335252819568779,0.28334307517623303,0.30432974017858855,0.3228638925580347,0.19995682487542263,0.20921765455630822,0.19179912269055802,0.23594543167757637,0.2271341241840055,0.25621997205976466,0.23380263103269242,0.29986925741053727,0.34635597651567446
2025-04-01,0.28917436626638077,0.2686629007901069,0.32985549908067846,0.28203714167544264,0.28510243991556006,0.3244992927603615,0.19839699230206326,0.20772508762531028,0.1915200359894623,0.23772720165022215,0.22630674885664365,0.25447118528497215,0.2336129729537234,0.3004684636719436,0.3492119330597754
2025-04-02,0.27992093448124744,0.27149320578292985,0.33002205909780685,0.28595422440108714,0.2836056481353421,0.31511575433289674,0.17691845455146238,0.20405305635252208,0.1986765530090493,0.23864795858619972,0.22630372778537736,0.25360576706055904,0.23537878746889643,0.2848135689629121,0.3524730835682192
2025-04-03,0.2808738916315829,0.2788472229268319,0.33436073575341674,0.2946082792139125,0.28002502435773546,0.3174502156402636,0.176879954516492,0.20496398711653432,0.19846696982245238,0.24844919240963276,0.22632932609624706,0.25401695259767304,0.23577516682324698,0.285189359960095,0.35203298921128473
2025-04-04,0.28076670637007745,0.2836011920572709,0.3417771425768474,0.30190727801585315,0.30785326189379175,0.320882376401579,0.17190792830556553,0.20537443778006712,0.19941429822802592,0.2574285002694642,0.23373062526987018,0.24191876020221756,0.2357400115740782,0.337860105297618,0.3592722674426957
2025-04-07,0.29641754925799596,0.29158896073409335,0.3411448282799873,0.3045183312215257,0.3068578562897234,0.3189847292134388,0.1725438055237145,0.20310214638913784,0.1979444684083315,0.26196233182726836,0.23598400464494174,0.24169643866758211,0.2457637816532794,0.3721571197799361,0.38162573365760827
2025-04-08,0.29330856469362715,0.2903097209665032,0.33781199675992596,0.2961021429680578,0.3144357083564903,0.30843372271939207,0.17484423667634552,0.20432539529337923,0.20389350175452678,0.25973646795689115,0.23956221298495303,0.24242934933517335,0.24869865490418458,0.3701209073922162,0.3791390282598418
2025-04-09,0.2921961030456755,0.291359598415673,0.34358925365259196,0.29781680068194205,0.3123339288597866,0.30084414853857483,0.1741487736965078,0.21313868749435017,0.21283741176565993,0.25979639462204684,0.23925257925746352,0.23678466485545607,0.24742738981679038,0.36607232008074597,0.36409739842820155
2025-04-11,0.2967583962091764,0.29173716517359016,0.34492298367487795,0.2987034553626112,0.32029997680237315,0.2960580249011087,0.17589365929554174,0.21262966315225384,0.21066717612670036,0.2620841908434429,0.2416699667325915,0.23386892956265928,0.2517322583187902,0.3736733122739052,0.36410330117975387
2025-04-15,0.2941210659939615,0.2930701219806534,0.34745281373283055,0.298095413131177,0.3208377192567319,0.28834958758525886,0.1759157463363957,0.21162930195368634,0.2110105240887752,0.26256942654637316,0.257854349062287,0.23668027704722414,0.2558091133941482,0.3760928817117523,0.3861184690553006
2025-04-16,0.2938760270363486,0.2929383742683656,0.3481412219042228,0.29786049593804675,0.3274608804054343,0.2883743423234766,0.17584018719478703,0.20947178155957502,0.21035452625352385,0.26279477656184863,0.2533815850576031,0.23666518982350152,0.2556290253543379,0.37570861656451326,0.3859674962821926
2025-04-17,0.29296518439996405,0.27138057565360396,0.35627115049898433,0.29682257603329315,0.3269132842871545,0.2892770892847687,0.1728176374845109,0.2067537810067015,0.2106184621880854,0.2710133882769368,0.2533127363437425,0.23717514378478347,0.26508289753453085,0.37385378655794893,0.3876810996775869
2025-04-21,0.2324681205030426,0.27657546972804026,0.32820546786826876,0.3164902616147084,0.33070402804945215,0.2832308189739684,0.1737026023551794,0.2074394589952499,0.21215827129883316,0.2709562850612157,0.2547432955043924,0.23734181427957282,0.2650543285158774,0.3744192286655688,0.38677465380223525
2025-04-22,0.2305828259842284,0.27840703607019746,0.3295414720173847,0.3146054436870719,0.33003443023521106,0.27427867737705386,0.18149818757704023,0.20652678527600005,0.21248866161955765,0.27036703079367735,0.2540001675631376,0.23448232118541987,0.2668700426422163,0.37335071902837647,0.38347144458183285
2025-04-23,0.23384554590545847,0.28164379566712744,0.3318692219746073,0.32462247520901755,0.3319131734062936,0.2742389391575992,0.18196801011810984,0.20725765371809884,0.21498398139118347,0.27145193940978407,0.25447540587311934,0.23473982745210722,0.2683072370575542,0.3753402324270932,0.37784001852344135
2025-04-24,0.2321027291012227,0.2810991263567521,0.32542107901107303,0.32225098253277973,0.3325868721211364,0.27433627866316923,0.18138092805047332,0.2069425659574287,0.2168112225920822,0.2690937616445874,0.25584666227629993,0.23466560848443016,0.2719507222428006,0.3748273521624819,0.37838047459618374
2025-04-25,0.23274585516615165,0.2811881868966093,0.32461692900054123,0.3231400043561035,0.3295973138189967,0.27759712424307004,0.18155751669104625,0.20789214354355734,0.21492191280109346,0.26944820466251584,0.23825153686724188,0.2363999103844843,0.27422013579698873,0.37696102572536117,0.38279259142225974
2025-04-28,0.23290825425741296,0.2765927234890468,0.31692333909890813,0.3135091609036026,0.32820617605232805,0.2783990438019878,0.1815071519509246,0.20522431028604654,0.21306520556786782,0.27345917680981796,0.23785397428521624,0.23718986596933186,0.2681794596852864,0.37516542446259776,0.38335492952416395
2025-04-29,0.23423516461086547,0.27759132034172207,0.31673281974703044,0.31764246439904903,0.33031494091164193,0.2784723304008902,0.18070068454251928,0.20505945673290285,0.20787224211404312,0.25952727531851766,0.23939293144722737,0.2378066379079967,0.26772632264257445,0.3739600526950458,0.3773028701564336
2025-04-30,0.23226839248788775,0.27003434859662356,0.3094262728599838,0.31483917758210905,0.32974598301568153,0.27864780054363464,0.18042872534229693,0.2041370204673329,0.2079633986102397,0.2588694978748961,0.23978384650032555,0.2368884886356723,0.2694332186660833,0.373401051024163,0.3766528949307494
2025-05-02,0.2327913103452765,0.2700584692832512,0.3092388691318672,0.31479868354745594,0.32709393281479104,0.2810824504739413,0.18080763689378682,0.20813355518065887,0.2146027243877983,0.25909040601144434,0.23888590149542843,0.23712944300535643,0.2662895421685632,0.37375656083846664,0.3780879558175031
2025-05-05,0.2517294825558004,0.26864514455939886,0.3089682848470767,0.3147016870688181,0.3246906707974798,0.2804259173191294,0.1763797124580058,0.18867920824342335,0.2146510284701459,0.2593163625002602,0.23572934314040145,0.23741577013858461,0.26573705185516167,0.37013840368462136,0.37892366117403065
2025-05-06,0.25212213157611746,0.2677676253117709,0.3067237878588877,0.3131762764728242,0.3229242620012305,0.28044568970818073,0.1618706868258206,0.1898868193306056,0.21322831715462304,0.2601979831114134,0.23558226584903305,0.23745567790098066,0.26766564895915645,0.370393172817091,0.3790312329317247
2025-05-07,0.25159291282368773,0.26701815004297735,0.3009229447898441,0.31289309486440114,0.31616835746899413,0.27679159912816287,0.15917445524672405,0.19036478785081634,0.21026710927734948,0.2639642171873867,0.23558613837955744,0.23720787345230598,0.26597311504807014,0.37022749297052143,0.37800055546982037
2025-05-08,0.24799220316865564,0.26316451170287136,0.3000487341456123,0.3130716362598812,0.3165396179967347,0.272837002120602,0.15910675109022568,0.18964583617603084,0.20801507715048367,0.2630030356525205,0.23473881818158832,0.24050846765213135,0.26742531057943475,0.3714096902662839,0.3822115187876623
2025-05-09,0.24739506652663332,0.2631139731007209,0.2999677792642196,0.31316280964891874,0.31057608645471363,0.274958139401772,0.15951284685798994,0.18441441108008724,0.20414709961866326,0.26391765409794854,0.23482719239745142,0.23915807024456442,0.269451663806814,0.37153736719680236,0.38819121977564935
2025-05-12,0.2501951575049207,0.31209789090784634,0.3300335838808612,0.33242625584493435,0.3183023001977429,0.2831229876348311,0.1669921913060605,0.19074090360287363,0.21315877002986036,0.27283040228818906,0.2451561759533367,0.24640490262749096,0.2645103549100916,0.39037382164281664,0.4214598372962811
2025-05-13,0.25202718270388275,0.31940699230821246,0.3322024397084976,0.33109907641295755,0.3186739912055965,0.28571881069145866,0.16393103203944728,0.1912531884917283,0.21522293231357073,0.2732187441121873,0.24592562304053467,0.24506116702779795,0.2623436490566261,0.3823855713600541,0.4212327659275931
2025-05-14,0.2515291616417328,0.32096201099856414,0.332423928881286,0.33361385584742664,0.316843701617507,0.2829047022202877,0.16300993297588057,0.1911677458186643,0.2149088261833614,0.2726494800831379,0.24483283310445583,0.24486374485554316,0.26208304111761965,0.3840091612611378,0.4168618072522188
2025-05-15,0.2473758041454129,0.3225308973002877,0.33287863046001626,0.3334981242826886,0.3155479010074789,0.2810735297079803,0.15765251484241322,0.19051443531343393,0.2151035940575562,0.27251733519640053,0.245547129291761,0.20682061994292358,0.2642601919718035,0.378685792267006,0.4168541412769302
2025-05-16,0.24620813010106823,0.3233531450212416,0.332868453786651,0.3335132675247315,0.3152181138222642,0.28108680896595145,0.157731151733485,0.1905433681518598,0.21531807223643834,0.27248880602818965,0.24557427345585423,0.20731152766135288,0.2709762853310449,0.37770335187494425,0.408252179226218
2025-05-19,0.24462660231287747,0.32469102961389873,0.3331463826302772,0.3343037184452232,0.31445271618116793,0.28119881270300023,0.15774574827624596,0.18966825113921687,0.2146886861891945,0.26505493702788174,0.24605820024063899,0.20783753882855108,0.27098517696487534,0.3735854274074237,0.4126133270515396
2025-05-20,0.24455757733868438,0.32412846720749955,0.33327905670657737,0.334864398555332,0.3123057732080295,0.27788631306440364,0.15780278402088901,0.19451119520811183,0.21734048512491064,0.2607972790133712,0.24197349948672506,0.20628482382212027,0.2712905759581911,0.37223423182522264,0.41374938654702187
2025-05-21,0.2452606950762683,0.32434737236311256,0.33347731752874094,0.3361221770414325,0.3113626046640031,0.2782352283871168,0.1578517314147022,0.19568668839822598,0.21829234047049434,0.2618558700325547,0.2419626851922629,0.20696842022025005,0.2664570139636533,0.3734718539946114,0.41730439913799466
2025-05-22,0.2447932179668322,0.3247019064775257,0.3309253398272024,0.33461609441298107,0.31618062414082354,0.27443048946488713,0.1605538218347611,0.19783267087895715,0.21706113423859216,0.2618829691668698,0.2419908200378016,0.20618701928348893,0.2662927473979074,0.37363247693848894,0.4170976923729087
2025-05-23,0.24612832607877222,0.32337495474316996,0.33088633843269344,0.3346409502075841,0.3165685606975423,0.27412975894831937,0.16732948845232906,0.201632017460067,0.21587457326010867,0.2635422116579967,0.235729276412275,0.20795012755192194,0.2642512295604763,0.3737315225488086,0.41406648606203106
2025-05-26,0.24589461361799234,0.323686412726428,0.3323828515128012,0.3342566763807986,0.3154130260849252,0.26644067729062704,0.1678286850028112,0.20389274312599426,0.2159900030144528,0.2635497307433132,0.2361708992462404,0.2075698076338877,0.26452450029790714,0.3728732861142726,0.4139578032639281
2025-05-27,0.24542896433858388,0.32373843708114125,0.3302430260488978,0.33429368956577665,0.315152275366324,0.2682651563214494,0.17355813433670655,0.20386587118749672,0.21648069812728604,0.26168148406891484,0.23336247809668834,0.20599260573004397,0.2644796291177632,0.3716011877528482,0.4130983515327227
2025-05-28,0.2452132006271694,0.3192832626852069,0.3227350920649277,0.33168847545776914,0.31176841192437793,0.26522317457258887,0.17627627459078546,0.2074909954840377,0.21627517777058283,0.26251530785430127,0.23251302840629925,0.20792460612188896,0.2593308007963881,0.3682037203563941,0.41100094383588814
2025-05-29,0.24526517447463178,0.31992071749741796,0.3232513216050127,0.33170166223650066,0.311473658975645,0.26505982473445555,0.176033652489567,0.2062654592518505,0.21617838641953066,0.2633411516159054,0.22253653491748665,0.20834276970598734,0.25510378284598983,0.36832939642693924,0.4101699510226686
2025-05-30,0.24435588624458146,0.3199270359339826,0.32206073845753624,0.3333566201213313,0.3125782447222525,0.2665406741848029,0.17513223630327282,0.20798786602525976,0.21587126596793516,0.26153629612434476,0.22237626730760127,0.20741314883042447,0.25532695856355536,0.3693286098654695,0.40674427835611066
2025-06-02,0.23957161331668173,0.30797967508408053,0.3015134255744233,0.3081107813839122,0.30818974290051226,0.26504170154125317,0.17134045446676713,0.19081141314292277,0.1997404982437067,0.25218810938943054,0.2216374667343337,0.20173251914865867,0.23260353694389174,0.36958481746192295,0.4063390069420153
2025-06-03,0.24036600641466815,0.30694876959023687,0.29778806173524497,0.3081838406882149,0.3083778292679143,0.26604042465484506,0.1716227006167262,0.19135607405898614,0.20042938215363718,0.2521044684336638,0.22165078478297373,0.201525078268249,0.2317434885176386,0.37027109501146643,0.4059872752737711
2025-06-04,0.24016272803362954,0.306435382076912,0.29715654948684006,0.3084615930048395,0.30814595386690335,0.2660068684254472,0.17088721832662082,0.18702251291287494,0.20067778613979267,0.25077349281237526,0.22163958225391786,0.20172523582171245,0.23180065307224737,0.3702612506406338,0.405597536567409
2025-06-05,0.2390168014999037,0.30496459027367634,0.29449195599044176,0.30099138251694463,0.3076503034820753,0.2534943087762772,0.16326542595630267,0.18151658954367086,0.19210984989026123,0.2508936347019442,0.2293576619519461,0.20167841010619106,0.2262447776846557,0.35761356048455845,0.4055217233670591
2025-06-06,0.24063398448598444,0.3052389580315185,0.2944789296872945,0.2973021093502109,0.306585669202805,0.24387157127934853,0.1634390521661571,0.1818133517790991,0.19157584381222792,0.2479037828109905,0.23257014431618586,0.2016891671681668,0.22664232827602074,0.3549408460082406,0.42506170462574655
2025-06-09,0.2480598655934937,0.30365941402312896,0.2956591567568579,0.2969156976503563,0.3073685400107364,0.23980177610677464,0.1632239071437061,0.1790507834485479,0.1929320035433151,0.24835484348016454,0.23203325129600366,0.20050507072686283,0.22688824025642132,0.35475044107945936,0.4252783115590205
2025-06-10,0.2475182669211238,0.3046384848211795,0.2964481387183715,0.29927598744573475,0.29457871607461045,0.24008052759770304,0.16406048752580854,0.1792734823326983,0.1933918414074594,0.2485082203850626,0.23364234441011653,0.19895340844727938,0.2272535947840868,0.3554375942161845,0.4205775193051858
2025-06-11,0.24747948534218742,0.304358632627186,0.29783531223111476,0.3005076623046685,0.29372910821292386,0.24016618898933062,0.16415221723587903,0.17975051476863949,0.19373749354574926,0.24240150316722675,0.23328757024866079,0.19874427706642303,0.22435807930799348,0.3554502411161494,0.41373127694381795
2025-06-12,0.24382065304601205,0.292606877708877,0.2902817236323173,0.29416602765127775,0.29268983168010965,0.24175359155402767,0.16368143490503903,0.17428322010460381,0.1967622654949072,0.2410258397610831,0.23179572424620556,0.19938903975753144,0.22353766039097173,0.35867993675990506,0.41704272406212983
2025-06-13,0.2447520323549404,0.29235580202623934,0.2882700027566981,0.29445974427791305,0.29381808836439666,0.2417862833558406,0.16757359531079571,0.17449022738680237,0.19403524586630547,0.24090130590436662,0.23191353882809834,0.19868594782145974,0.22303149168373987,0.3588278030747494,0.41492450362999295
2025-06-16,0.24633646546611213,0.2933303102749801,0.2871699617443101,0.29681955662710374,0.29430927391495965,0.2420089894722615,0.16737453241013522,0.17356190589110798,0.19204716161198448,0.23956716700242034,0.22211716150812366,0.20061040288370738,0.22380526330865125,0.3595988354424715,0.4146405042185583
2025-06-17,0.246368600561531,0.29392535676399995,0.28716960272977143,0.29771823147164783,0.296982245694876,0.2421671168614783,0.16740836607952803,0.17565452536089465,0.19197484207189616,0.24331245201628268,0.2272329556547623,0.20377679378857647,0.2240673549089473,0.3603123345745918,0.4154698422333721
2025-06-18,0.2449588274971225,0.29404947117609237,0.2836177150823513,0.28984277942421977,0.2967730669279119,0.235202252589702,0.16453368743302732,0.17682397238635397,0.19185629186923925,0.24075901454519047,0.22507110463439187,0.1858728118208503,0.2240896564850948,0.34850970348481686,0.39731907356755075
2025-06-19,0.24491765006730712,0.29244910019628323,0.28480756770842025,0.29212030180531745,0.29588097500099,0.2355786107948807,0.1645143914335683,0.17493956733829427,0.18581776128088515,0.2396586280843795,0.22451418588676114,0.1865278409221309,0.2087599874180403,0.3487696477902411,0.39742606582616796
2025-06-20,0.24214966508677221,0.2908798116624745,0.2834332398778699,0.2921133382286626,0.2901858935039977,0.23052381702260705,0.16474960309478026,0.17337022521502238,0.1854873997324307,0.237083230861666,0.22378937919386369,0.1824158196498699,0.21672337325536004,0.34829204260268926,0.3983918913483493
2025-06-23,0.2228546717538022,0.2952455627598374,0.28179386699006087,0.2854138437413616,0.2900523854187248,0.21076920352042589,0.16452246060771347,0.17327447879182561,0.1854289097910595,0.23707195994509164,0.2238424882036901,0.18336433701667001,0.21640614275486847,0.3480268952008345,0.3979263580079519
2025-06-24,0.22576034416838248,0.29164435736761857,0.2818560232690736,0.2854614091253096,0.2963238265809147,0.21115103745136032,0.16439492448682755,0.17305931234335675,0.18518732663252116,0.2361257936170977,0.21750745925176881,0.1832478853782719,0.21629351572079455,0.34873448816159985,0.39628000605063146
2025-06-25,0.22571756155757874,0.29243369888250614,0.2826315517757986,0.28017521322159983,0.29601726245750976,0.2006120732029394,0.16405576237352112,0.17546511586147717,0.18725553226620523,0.23635264041995047,0.2156856836851788,0.17874217039330195,0.21829515309126313,0.3490678102363006,0.3928905594886911
2025-06-26,0.22512129244252058,0.29240401237414354,0.28030288580601465,0.28119884134603623,0.2962370225786756,0.2014711937734332,0.16479440428820205,0.1766122123188697,0.1906828790993947,0.23431423731724144,0.21844815232852643,0.17893740054952514,0.22210032141777078,0.3529850506855676,0.39338899990698295
2025-06-27,0.22151493182672113,0.2893432600861922,0.2712027726278052,0.2819844976138224,0.29453816883224243,0.20107369043748402,0.16507801094782934,0.17768933979989665,0.1883508873155322,0.2353832144336845,0.2184567343101845,0.1842414373457002,0.222175938081578,0.35262467596175145,0.39224617732091704
2025-06-30,0.22413879076249668,0.2832020764140327,0.27127410421099146,0.27926445121347343,0.2944297990383306,0.19976375331650104,0.1646502802951758,0.17671342011170202,0.18770553333188975,0.2318837025837084,0.22060880564652893,0.18556348912453294,0.22278765040225842,0.3530217778821971,0.3884423356956696
2025-07-01,0.224775884223237,0.2816642139928326,0.2714279445870502,0.2782571923827209,0.2936950298903946,0.20015490387869675,0.16449552169170534,0.18184686532816352,0.1854728370003103,0.23131123865913145,0.22093563902046964,0.19603317450044014,0.22063959776933142,0.3525354757092054,0.38468149315774924
2025-07-02,0.22417959203669943,0.2717238801805125,0.26579765429274255,0.26510069831563954,0.28811716434775037,0.19546048860570317,0.1649201735558613,0.18065593958536813,0.1855888372973134,0.2211743518297566,0.22133960287923224,0.1956612852341448,0.2202862922722364,0.3593702402904936,0.3859851713818267
2025-07-03,0.22788627498625402,0.2637075259381102,0.2523861030164884,0.2528632036951695,0.24812956112434517,0.1898481369178765,0.16492229677017875,0.18019208357266328,0.18389010555050928,0.2099121923127192,0.2087703258645052,0.1977826467172845,0.22099663610612175,0.309065071936503,0.37618724116186764
2025-07-04,0.2084446983283547,0.2511461307595218,0.25112594609852557,0.24564070481122716,0.240890165207537,0.1899620809270588,0.16383775603834216,0.1799254973453513,0.18416036425166984,0.2034215209580517,0.20437252380971255,0.1974318603951233,0.20869576033198337,0.2627635296868771,0.34273491334772527
2025-07-07,0.20859444241563377,0.24872976479667688,0.2497621562205162,0.2480183342600189,0.23561088711858866,0.18938248437946464,0.1615810493455103,0.18005555550875282,0.18188867220552216,0.20191620880146072,0.2018786597530695,0.19702147427988118,0.20599640238578867,0.2632569904286458,0.3415218563738518
2025-07-08,0.2198045018138274,0.2453422432988046,0.23227012839889133,0.2366914882415683,0.23139318943625337,0.19174623825886858,0.1606477279076049,0.16942111700598414,0.17282520873214743,0.19714704202108546,0.20504633335691966,0.19680732051023533,0.20589820828405178,0.2571489088793819,0.33950203768358306
2025-07-09,0.21245774894880853,0.24563445159057348,0.23190153934730995,0.23921089270094698,0.21864273823518068,0.18064710014829022,0.1589748571117323,0.16904987900630072,0.17323391095133356,0.192234766570413,0.20561924382860602,0.19807868059972486,0.2017795471088188,0.24408299899339775,0.34132126322659684
2025-07-10,0.2138586119444516,0.24651334296747157,0.23086143834518646,0.23965629063876326,0.21786078394245292,0.1804999288772299,0.15941293139485987,0.17060417045569323,0.1728352430474811,0.1911778160590297,0.1892425219303731,0.1978150064599734,0.20569147262873655,0.24132395938337162,0.3193231670813631
2025-07-11,0.21431983491678955,0.24741398931924558,0.23559963875409667,0.23968310088407427,0.2049893976359682,0.17998080520023174,0.15819942926789102,0.17012784169293715,0.17838592637918127,0.19105196141479913,0.18991169735260188,0.20188295458308936,0.20963274673680513,0.24191827248677247,0.32179427050984133
2025-07-14,0.20586544395303907,0.2500355057388352,0.21968790980325167,0.24291072643896383,0.20514344670257986,0.17767329739940646,0.1581377251146967,0.16796013410616156,0.17801444497050276,0.17752296971362216,0.19005681720146794,0.20112909538782606,0.196138245810818,0.2418917371275275,0.3207973042326564
2025-07-15,0.2001167777887546,0.24703342123819746,0.22061191258821625,0.22184757577585268,0.19806746696788965,0.17760406338749177,0.1571793995746667,0.16848747195490968,0.1761655255921719,0.18593783141275144,0.1893469586807162,0.20401561769711318,0.19646638600946045,0.24187817573185644,0.3206791034114788
2025-07-16,0.1985261086102312,0.24424095567979723,0.22044488557439668,0.22412769484724376,0.19752733553579782,0.1762282141455602,0.14873257779684998,0.17231530539276183,0.1756364837942397,0.18852784352582694,0.189290684233247,0.2033423496846481,0.19321480470803354,0.24252804943678888,0.32061494010339403
2025-07-17,0.19516072968126863,0.23616861438996928,0.20642112331913326,0.2144228714203826,0.1941874559991419,0.17485674294130107,0.1481824272929416,0.17123530861175043,0.1712556563822092,0.18181486497616273,0.18858327368326935,0.20284689997220962,0.19082732336957864,0.2409692026397317,0.3206156992275374
2025-07-18,0.19681026440955354,0.23602889354588164,0.21154486096172181,0.21560245758466898,0.19407556541312682,0.17485599760487103,0.14825015158729402,0.17226720665625217,0.1703632807960184,0.18109378371626983,0.18751992053767197,0.2033041172725127,0.18703587116577142,0.24240845307530076,0.3195019225210825
2025-07-21,0.19765326392485388,0.2359141875776308,0.21757141446372869,0.21479044821312573,0.1927395975036025,0.1709557742468449,0.14842335002418794,0.1713579760319809,0.17079312475584923,0.18028271426175335,0.1816400281207228,0.1945732358502853,0.18413322556756404,0.23817521010121132,0.3065410276562515
2025-07-22,0.19663084189251528,0.23679070561333498,0.21762816848526179,0.21477070275001067,0.18970326118731837,0.16815796911292064,0.1496902077901757,0.17305435382610823,0.17097619002410464,0.1688486816489265,0.18039579528162936,0.19286569813035012,0.18416483255419566,0.23455860669929862,0.30676488672658364
2025-07-23,0.19602835657199708,0.23604475322873322,0.217834335504086,0.2099350983598088,0.18548189713839358,0.16704206755828618,0.14918607296298925,0.172355745088047,0.17047417585789576,0.16473587560832068,0.17596269297116748,0.1952223377396555,0.1880024276890664,0.23431641881221507,0.3062829175134487
2025-07-24,0.19776021692311122,0.23807211436126638,0.21782505878716582,0.21971323712099627,0.18528858776543355,0.16824112840922908,0.15118600407548574,0.20454956216535702,0.17099328585676668,0.1619972963954692,0.17773188049761676,0.19517051809917904,0.18308714794134484,0.23279351653256344,0.3062537397459574
2025-07-25,0.19696665509324318,0.24321606954061348,0.21910764917430137,0.22520248950473856,0.188656352698908,0.16837041883994322,0.15003648663146757,0.20310936744791783,0.16503884637831379,0.16224306177126688,0.17807563579665242,0.196316649664514,0.1819964628690525,0.23457689738612025,0.3054107367258709
2025-07-28,0.23206929250753117,0.24321235107705078,0.22159345277281411,0.22576272652693896,0.18624386085688593,0.1683682096480641,0.14543603833307384,0.2070557788683203,0.16399963011146734,0.1615805639263362,0.1778505806339832,0.19880775759334945,0.18844221131073025,0.23616341975050012,0.3175988803633858
2025-07-29,0.23202549653864515,0.24322421794328986,0.22082173600592797,0.2257998080029571,0.18558722078388354,0.1641137932635533,0.14546196823736446,0.20538110367097642,0.1635900883474197,0.161090036158466,0.177058309973632,0.20030698760285287,0.1869708871647566,0.23527471937585007,0.3140965772295907
2025-07-30,0.23122931606509736,0.24325135483512525,0.22020732158043743,0.2261931921829504,0.1850841698351039,0.1662065439176995,0.14417653641597705,0.205062890961896,0.16799108085572456,0.1583804837379057,0.17777872809758802,0.2000968960182606,0.187452394439246,0.2347815531367024,0.3161449523068916
2025-07-31,0.23145050290355154,0.24365389407842206,0.21973068209351024,0.2259503303052411,0.178892508020619,0.16802048279481288,0.14600198301832407,0.2056758509657974,0.16760413598789536,0.16072703693209642,0.18001756479879566,0.19597471882146905,0.18692907356908858,0.23674433230813566,0.3064120596567533
2025-08-01,0.23189659734903215,0.24955344451642414,0.22481245630528432,0.2282999133544154,0.18208165256513897,0.16628315005060623,0.1439433139281016,0.20707717280937338,0.16710294646501322,0.1833964759961351,0.19829608294884812,0.19626346759171942,0.1874515883344218,0.24585338536470377,0.2966063719712462
2025-08-04,0.22795790982723774,0.1880293972038988,0.1853407514196223,0.2065118300413319,0.16436903475986836,0.14244721058205653,0.1314740010222394,0.20025489350731293,0.15596394646974732,0.17111375309948534,0.1858965814143023,0.18742245712781383,0.18865073990072395,0.2282675022331459,0.2564733047007675
2025-08-05,0.22656918569003962,0.17570066738562265,0.17966769809073974,0.20711972921470853,0.1627383220877039,0.1369790588693619,0.1272476342996194,0.20013376711786557,0.1587693948247184,0.1705375907343464,0.18580681485810377,0.18772466121384154,0.18051396229540972,0.22588034796521864,0.2587139302818631
2025-08-06,0.22557529130714032,0.1751929117660166,0.18599443456190778,0.20576965642709177,0.1570828998368909,0.13616967494595014,0.12749388150890426,0.20229117185991743,0.1806668429517172,0.17601273873168438,0.1870800274788302,0.18946319846163356,0.18009400568208297,0.21220316554275614,0.2616552074562322
2025-08-07,0.2252424709389234,0.1726582203134323,0.18468133100865916,0.20563046917611333,0.15637804604009112,0.13513994952921934,0.12654085613926133,0.20062716198342068,0.18266089576040723,0.17129649023005172,0.1851137193509474,0.18402115673485359,0.17683264858646913,0.210976165095229,0.25578560981902676
2025-08-08,0.22853640794900357,0.17144413116781607,0.18582135163389882,0.20521943264961934,0.15639438178781642,0.13872287779707212,0.1257043393747707,0.203484913141316,0.18531042292724345,0.17168979641044882,0.1858367645517242,0.18492520948806046,0.18044930400715095,0.21228019972707718,0.2577548157869148
2025-08-11,0.23003995555234305,0.16786948995280798,0.18620742061220133,0.2040036438075796,0.15642126401721068,0.13842082439453113,0.1263351179912962,0.20434230103220752,0.18518894682115375,0.17436117250610267,0.18529462619287537,0.19110352249317555,0.18042929913428046,0.21237300058996839,0.2548662417304687
2025-08-12,0.22981755390818176,0.16786695036387184,0.18549813199833762,0.2062536007173702,0.1554709652025107,0.13984543627045923,0.12633919618335218,0.2017984660933152,0.18277057314249656,0.1736948259315933,0.185102185587664,0.1902083725244336,0.18026772528880802,0.21290161026239313,0.25210974471951453
2025-08-13,0.23138788360703472,0.16747331411988323,0.18520575155991287,0.20407215243714114,0.15816102122214115,0.13814098613943854,0.1264961344081989,0.19963755072555184,0.18163779001696698,0.17265019361224168,0.1932007934459169,0.24814692832030374,0.18058537618426204,0.20958435863682578,0.2450639251086362
2025-08-14,0.23151092246191723,0.16873189542951025,0.18581800787850675,0.2015581199943099,0.148080518539548,0.13530984144942518,0.12295673911368522,0.19851219535203665,0.18257328987744725,0.17210645758332363,0.19339352010421068,0.2478114427869011,0.18046274874921356,0.21883740111303118,0.24558845995685885
2025-08-18,0.2300657059133607,0.1675177642346402,0.18601606530525774,0.20150461223115584,0.1467735570509467,0.13528081371385048,0.11475088381617068,0.21972251545786112,0.1892516535565796,0.16741383538578014,0.19303548370896373,0.2461765150896725,0.1814604146379603,0.2206468972007516,0.25021334969684844
2025-08-19,0.23185278174280397,0.1661193575047563,0.1850637119007967,0.202860249436959,0.14597713935675866,0.13526233819730665,0.1110320452110295,0.21931133445324424,0.19005161109334334,0.16734599325551708,0.19476692712213953,0.24611263252139384,0.18157976614401017,0.22118447360289295,0.25091814098406917
2025-08-20,0.2318949604979892,0.1850966956043167,0.18697105985146478,0.20630128171069576,0.1455789714083971,0.13882605660630032,0.1043996815646503,0.22542279070803067,0.20388633580019147,0.16730410382046426,0.1947436784460457,0.24617439153717224,0.18242500668867734,0.2235252296532855,0.2511709016000188
2025-08-21,0.23188516545750684,0.18507216737003127,0.18700863124731926,0.20577333506279413,0.14484392325114676,0.13990554042855702,0.10085954448242215,0.22351013937722733,0.20734800336175518,0.1663423548817744,0.2012777819435319,0.24323301192228058,0.18203527585839477,0.2235213601437907,0.251192881093443
2025-08-22,0.23379304589526995,0.18437124830590199,0.18608726737647557,0.20513796942598767,0.14574456725668108,0.1402662451249376,0.10677815934912951,0.224791579150316,0.2082167787299478,0.16095611367715582,0.2011164154214972,0.242853593765584,0.18192473356238273,0.22557082867223585,0.24594532849930095
2025-08-25,0.23373711014463522,0.19484440379243498,0.1907555947561935,0.20485604421605097,0.14262470773678781,0.13633727899983186,0.10699476780668776,0.22313713693861523,0.20816509594187763,0.15995186225591523,0.20128135576960118,0.24335769269772678,0.1817091023183617,0.2243731270230446,0.2470909625794581
2025-08-26,0.2341527174276235,0.19453760000351408,0.19060074104545202,0.20503788221670438,0.14403438488469625,0.1390672291812305,0.1089913277892472,0.22360767658384734,0.21994122921937856,0.17440880714868387,0.2040793015136364,0.24408649609817612,0.18403000967573085,0.23080832346269203,0.2488117480737481
2025-08-28,0.23439414870526298,0.19798119504239137,0.19054085626649792,0.20511422524862255,0.1439317956783927,0.13726397418671857,0.10908724035606626,0.22328484281748065,0.22028674308226728,0.17512487055905027,0.20417696771584556,0.24251061162827411,0.18533134306655905,0.2305156842948784,0.24872994195765635
2025-08-29,0.23505648959766826,0.20176358468135314,0.19084576187247923,0.20521674015209093,0.14378504286305224,0.1386378480396285,0.1185975857240237,0.22343901671377717,0.22262848142905173,0.17558523339655527,0.20410812832608835,0.24498787949609174,0.181683431245123,0.23054107281682662,0.25013851267732284
2025-09-01,0.2352006723003249,0.20628170757207914,0.19080104790341224,0.20788102260157457,0.1504859162123489,0.13998841649338115,0.11956586518881344,0.22585595124802962,0.2218572706652157,0.17813332852551847,0.19660878718810226,0.2453071725359836,0.18206574535035613,0.23158664982206867,0.2445026903661144
2025-09-02,0.23396147197090084,0.20581887686325268,0.19078641860698456,0.20783051412694975,0.14932315867532392,0.14183681221942238,0.11922062499735027,0.23023328278563304,0.22227716006163617,0.17817839751413372,0.19485618244872255,0.24478229999499432,0.18242447525583083,0.22970286776943463,0.2011697020077008
2025-09-03,0.2251767014307644,0.2069318887418402,0.189949737676149,0.20760687085750457,0.1474524219201653,0.13995966848724026,0.12162995421034013,0.23046924621288023,0.2201546971059292,0.17807710860500164,0.19544980760421074,0.24491096420069136,0.1823648907901476,0.26005522680569565,0.2035300446287082
2025-09-04,0.22479604791674798,0.2053132786722716,0.19147086664350274,0.2033594193875103,0.14754360340571138,0.13941971354258287,0.12189343158066654,0.23209859559203874,0.2274576399464406,0.17814434235355042,0.18988910820212754,0.24790686879751003,0.18216745962494937,0.2593906308417485,0.20288166535731622
2025-09-05,0.22478664806192844,0.20068511129826455,0.18874077258471206,0.20214994930243552,0.14618711805670287,0.13950817633948293,0.12867255482461173,0.23196768321092476,0.22733294950583482,0.17887420975394233,0.19170559843324156,0.24966178757993346,0.1828017599126857,0.2594223990258029,0.20282104568377593
2025-09-08,0.22442871247437748,0.19958505808032181,0.18879900556053408,0.2029033379361336,0.1465654369891286,0.13751181542231486,0.12649064804783192,0.23292512661093656,0.2251485415492591,0.17944526637757563,0.19247307563614718,0.2492836837565974,0.18206440124516574,0.25485292671689763,0.19790683219454563
2025-09-09,0.22423263424977075,0.22585816281744822,0.19730192887934844,0.20941891685276753,0.1431537909693689,0.13805284700673334,0.12250842545902217,0.23409492246013783,0.22517647288916084,0.18013021334499174,0.20455591090921105,0.2493193173259457,0.18205494577013362,0.25446442732994595,0.1980243480772431
2025-09-10,0.22231027525177507,0.2275366383174219,0.20371112146761416,0.20834699009224633,0.1356095168269214,0.1379737088409798,0.12153987502848133,0.23523987944387473,0.22552931843376484,0.18016829320927336,0.20444865869830808,0.24844682285947434,0.18072410518690624,0.2533301738205005,0.1971228930011672
2025-09-11,0.2223148171918609,0.2282091719337705,0.20423563428133604,0.20570714678068283,0.13311712527593922,0.14189905473953524,0.12191577154127141,0.23391548939337126,0.22740299379800966,0.176642257171027,0.19996811541804593,0.2465031263042321,0.1819077786881283,0.2521508647198718,0.19683221407248153
2025-09-12,0.2223215334995493,0.22939319956678034,0.2045898809114713,0.20581513039530383,0.1324298938711761,0.14087672606891016,0.12186237294624022,0.23315072644375368,0.2284709793493725,0.17687685253914495,0.20091045791005038,0.2451934904097501,0.1820014613845476,0.2519291977175569,0.1966351803894
2025-09-15,0.22173730444987197,0.22979526398052558,0.20207989499899132,0.2037732912822338,0.13201909408948012,0.14013233684565074,0.12197688310738158,0.2324253492830983,0.22882425465842698,0.1777997079587419,0.20147106423142283,0.24529201211241408,0.1816541613839368,0.2514293665093413,0.20267436059574276
2025-09-16,0.2272867355513778,0.2297405809077886,0.2032558938709395,0.20386752381802148,0.13475759994332223,0.1386080013022545,0.12131197797656394,0.23022789352928308,0.2288588585945977,0.17672915572643805,0.20205551702212898,0.24506388186010528,0.17366121872011153,0.2530222382323602,0.2016655974495479
2025-09-17,0.2288942381395278,0.22533869846752308,0.20172138754789565,0.20467690680828007,0.13589577920966517,0.13782140264769915,0.12063861586726349,0.23021909845578578,0.23192255118179234,0.17720632553067203,0.20172521756046097,0.2442577082446651,0.17366482936808633,0.25331625287633613,0.20166236152351555
2025-09-18,0.22554200373852024,0.22678178091968734,0.20254261797889608,0.2047505160411715,0.12235327112468791,0.13673373786961,0.12117038295648729,0.23028038173439008,0.2315159969941491,0.1809377142987448,0.2002182497639426,0.2446191202620897,0.17363305609017893,0.25180619924768904,0.2017082562098012
2025-09-19,0.22556300545902336,0.22235765599095852,0.19961273176966424,0.20156207783027613,0.12170677411332298,0.1369733649617652,0.12080821889344495,0.22932097035008592,0.22992502776053722,0.18090864184643043,0.20011130621502965,0.24502725365681602,0.1717650130870861,0.25139299513006685,0.2015302973974706
2025-09-22,0.22553042445304824,0.22849637031462502,0.204235815717424,0.21021423317532786,0.11939791727326333,0.13149485405590922,0.12041915218454793,0.22837380523130818,0.22632976266605648,0.18151370053131655,0.200232720227189,0.24556637877148269,0.16403907537458243,0.24601467375946162,0.20113667479069203
2025-09-23,0.22731446508519781,0.2283592881197919,0.2027093633189469,0.21389311256052188,0.1185796600916114,0.13323959049879,0.12154267583718265,0.2295834601748845,0.23007596062326982,0.18076104287214292,0.19791570526376698,0.23933706923421721,0.16438613174681305,0.24668385129897508,0.20421639606718087
2025-09-24,0.22433286422902235,0.2282936914044718,0.20644451442511147,0.2142797872884377,0.11913235099161905,0.13402875016155014,0.1215763410633128,0.23029441009289187,0.22959003251140028,0.18029150134086586,0.19654232219041354,0.23877740970280958,0.16367871325094363,0.24568742190126264,0.21414525691688227
2025-09-25,0.22387004599043842,0.22839942019696374,0.20719272868685734,0.21387147595521966,0.11939856552094323,0.1400946988659777,0.12150097161352064,0.22591905322349262,0.2262744945750821,0.18002774803041638,0.1996928668077865,0.2280755542011651,0.16340623685329894,0.24576372355799764,0.2155797369664564
2025-09-26,0.2242086586384018,0.23305784384574751,0.2121350744047865,0.21878877268422162,0.11865742407957319,0.14096937977316326,0.12401991012612319,0.22593912001868624,0.22615224875824294,0.1864767065978281,0.20266212581672136,0.22970752034261946,0.1637603788246845,0.2424225720818759,0.21450934365064966
2025-09-29,0.22093853512990444,0.23272166308093511,0.21535209341842002,0.21899205439706085,0.11709775968270088,0.14200996586923775,0.12452566573733032,0.22659297236782816,0.22615738045114406,0.186493765462625,0.20201671393541296,0.22786638281726085,0.16386518628608648,0.2431500458568628,0.21564644481610706
2025-09-30,0.22090147894040452,0.23053350055333757,0.21374144568488299,0.21810742312665796,0.11668031953496669,0.1419942566522628,0.12765027461972922,0.22619775922050872,0.22681696896160375,0.18664954756990682,0.2008606638569509,0.22804139613830612,0.16561302193438338,0.2403050789721208,0.21575521394120667
2025-10-01,0.2322811248666985,0.23036197884038218,0.21397761691782066,0.21727420248694299,0.11650162203288715,0.14156735890159014,0.12809596530839082,0.22607138205537655,0.22370564336145923,0.1943122832115885,0.20415502565603155,0.2275570351060601,0.16475095882869997,0.24071928023604128,0.21803580789978114
2025-10-03,0.2237998718380026,0.22964816876722124,0.2132670172406979,0.2171184980754372,0.1157188226589315,0.1376194321960495,0.128076368942446,0.22617154517163035,0.22317971729483743,0.1942121134330281,0.20008179815343735,0.2271779033644007,0.1683033955757521,0.25013741585705973,0.2172745370225641
2025-10-06,0.22843582662088152,0.23413235272095287,0.21334103979654692,0.2246404710406126,0.11714310392214163,0.1386658359967626,0.12858788832061532,0.22701719018134514,0.2228098748671912,0.1965168689376115,0.19878340969990455,0.23307668434431258,0.16830703385476184,0.250087247670063,0.21646424808473289
2025-10-07,0.22797600636037213,0.23429338968415492,0.21298337299369335,0.22414539819283733,0.1172215478405071,0.1379798087987071,0.12813072864853078,0.22610157638171824,0.22703884775638364,0.19634439877200993,0.198771510337087,0.23104826128065797,0.16151501204151644,0.2497602198211096,0.21648880950647556
2025-10-08,0.22747583199396754,0.2393111358703412,0.20692095687728695,0.226185349118739,0.1204240834485648,0.14009700896635333,0.128130636313707,0.2261969745473235,0.2237364743666767,0.1977529017736916,0.19968364780072656,0.225969686758252,0.15584515333643945,0.24943748023754458,0.21546041647926387
2025-10-09,0.2286284741982562,0.23834085777784397,0.20532294588562708,0.22457781000933935,0.11935171178085595,0.14066415711561864,0.1273427017799846,0.22639610843396704,0.2240377376022045,0.200291910268652,0.2005354985377846,0.2259734694664392,0.15585215970539446,0.2544963348776837,0.21337287187876205
2025-10-10,0.22826075754231126,0.2375473455038665,0.2046224973072357,0.22477265199794128,0.12177334451747195,0.14264506291857273,0.1275500356386927,0.2264093019319152,0.22405000785831383,0.19303212327488414,0.2020939407553569,0.22280735228388823,0.15527642508186962,0.25573873606057446,0.21535830538105705
2025-10-13,0.22813268100300402,0.2371605757252471,0.20182033026878857,0.22112440144407675,0.12308134156879103,0.14311908463209447,0.12783321844916365,0.2240337645065137,0.22409330647262948,0.19054969581601222,0.20210644206351996,0.22281567176919545,0.15602413484863645,0.254847012785109,0.21327296791855718
2025-10-14,0.22799101560150525,0.2353612572301037,0.20324461035511523,0.216087636927178,0.12289127243455215,0.14635648632346504,0.12826364623735753,0.22485473305498208,0.22512558109127603,0.19124223440952404,0.2061185686430639,0.22386662453885797,0.15611426886294977,0.25514160838891053,0.2130224004048953
2025-10-15,0.2264392980925827,0.23609732666646133,0.19727051100930024,0.2156347871872656,0.12379711186142271,0.14718880659616693,0.12948854961547823,0.23827881482734492,0.2243795797228389,0.19092439215328058,0.20607992497458152,0.22386004199044016,0.15698553000203386,0.25527866309883107,0.2180872684601967
2025-10-16,0.2314044035629018,0.23610388072895513,0.1931496426921976,0.21574546505427228,0.123375883850678,0.14775509369634085,0.13212413250340288,0.2557154384990854,0.23056681393002107,0.19099983709403406,0.2064949121181599,0.223243594838663,0.1568146997332364,0.2552978252018504,0.22066948811358217
2025-10-17,0.23133553956411418,0.2390290099201918,0.21943834920416108,0.2166698605137394,0.12303424518229299,0.14772176395463887,0.13566314694529644,0.25510234768148154,0.23108154251464502,0.19188110492431856,0.20568573432482606,0.2236757314762253,0.1631752930438883,0.25636603320504986,0.22021622535236118
2025-10-20,0.2312601435033938,0.24091295764181264,0.21895269226913286,0.21749614973264103,0.12306291839473867,0.1472508440074069,0.13564975815535243,0.25518476033415655,0.23119058919350796,0.192149968829689,0.20963353551695962,0.2226517754678895,0.16328610706664817,0.2563621395628327,0.2209356233647578
2025-10-21,0.23017086075349735,0.24009924288803677,0.2189040162118455,0.2083257540462419,0.12301640980408393,0.14501993275499211,0.13332739941157135,0.2289439355271186,0.2303552297732609,0.1918190167607867,0.20784719188005607,0.22258821116231156,0.1632782229580374,0.2563896388948172,0.21896368606397884
2025-10-23,0.23084625274301773,0.24815985609290753,0.21967857411880942,0.20318205940997022,0.12120342784483686,0.14055373161380316,0.13413517253977927,0.22587804104594525,0.22818797206565083,0.1916318127587833,0.20748128893513026,0.22143060199473333,0.16756397056779346,0.25519098262839784,0.21908731534283563
2025-10-24,0.17404856244727648,0.24820413193264623,0.21746122521653183,0.20300928698923587,0.12269501035635248,0.1418924452040002,0.13416987720789555,0.22144818171875524,0.22820562357698024,0.19191427729833788,0.2070287676909307,0.22190066716271942,0.16032194002002859,0.253914360435527,0.20309585121052026
2025-10-27,0.17849731409591849,0.24818877481228968,0.21709815952046085,0.20334247244348364,0.12329415155536286,0.14210321830422998,0.13515445149854924,0.22123716561053017,0.23380801938598916,0.19175741515032863,0.20606487003439702,0.22040175862310984,0.1653101566781522,0.2539401589661504,0.2009790340534344
2025-10-28,0.17789610048404567,0.24817738867340197,0.2170887402313842,0.2041428055811221,0.12559089737479093,0.14083698011841914,0.13582854071684633,0.2225488965118345,0.23073761632835732,0.18975637701954967,0.20587157246335874,0.22048560751016316,0.16498934909294755,0.26000307130513084,0.19932600418805269
2025-10-29,0.17759549733185104,0.24813862411859172,0.21657572649831977,0.2042504593638997,0.1315724896014469,0.1465536012720807,0.1352941957137421,0.2223092308234153,0.230658285121622,0.1903911243002878,0.21205802283643332,0.22033308173523186,0.16358949539996365,0.25753717862680486,0.19939119877304137
2025-10-30,0.17789463287411067,0.2431265381169153,0.21167426778087592,0.20288410198469065,0.1263024975047337,0.14566947873914476,0.13428137037485238,0.2213121442447832,0.23050269347639557,0.1662155565902505,0.21190713359103833,0.2171392421719851,0.16391458548392207,0.2481257646149255,0.1986532187806609
2025-10-31,0.1814963137019152,0.24330026994896048,0.21002524552370977,0.19652800957137384,0.12476291370656852,0.1540844989572391,0.13448501876559057,0.22198015141826893,0.22958868630130333,0.16649802424549887,0.2118896821233102,0.2188738447997304,0.1617769347776599,0.23504830516501984,0.20141325519880854
2025-11-03,0.1816775626051252,0.24155679581204076,0.21002623629001052,0.19600694727859508,0.12542137948738583,0.15424113733830944,0.13749454215499132,0.2219120739503397,0.22299708183604297,0.16691446738642665,0.21124045337035338,0.2215345056645368,0.16188422052344925,0.23511106059128345,0.20739193646821485
2025-11-04,0.18258782633966597,0.24043368810710508,0.2052359681710125,0.19324707686730003,0.13288459899249747,0.15660606245766115,0.13936840817175786,0.2192075085678805,0.20635694327483456,0.16115578651175141,0.20910597965283112,0.21999136023896265,0.16581615542959424,0.23838095686135388,0.20283289673187785
2025-11-06,0.18277998082696756,0.2404516069970124,0.20506215172737483,0.1904661985479382,0.1332365636097065,0.1578780329604677,0.1392835728087748,0.21919939244611836,0.2085428845209122,0.16129510158408347,0.20917527715665477,0.22007623113225447,0.16681300469920474,0.23978359478940897,0.20705355786070928
2025-11-07,0.17769163115889144,0.23980531346388775,0.20545339638600205,0.19419806853767788,0.1330760184260419,0.15536966575693242,0.14020949953932965,0.21513812699442403,0.2100406156819934,0.16046419937615475,0.208391673401602,0.22199677109913057,0.178253461909261,0.2422110080239784,0.20421026778909981
2025-11-10,0.17630132390485215,0.2447016621241532,0.20634067428981756,0.19502758567974296,0.13340674762538451,0.15516131553940965,0.13990544756516005,0.21490060240003958,0.2103183657507954,0.1584677498896674,0.20822498772339892,0.21902034765421022,0.1789538584664919,0.24222624488199723,0.19830625736397176
2025-11-11,0.17535636574105606,0.245349908582395,0.20695058146797427,0.1913977460347509,0.1340772738773497,0.15338211471849034,0.14009172506803136,0.21266981627279966,0.2194189811474131,0.1589830623909576,0.20941099210313305,0.21907593751739254,0.1796926553168924,0.24184391715577608,0.19773103939821451
2025-11-12,0.17312245443197852,0.24666596423980153,0.2090767167741656,0.20442490799263008,0.13601807563255822,0.15342857176573724,0.13970054352011171,0.21288369549241665,0.2209417860712999,0.15860907347120298,0.20408251918247286,0.14608921170403633,0.18123935196887367,0.24391502233343237,0.19805657331037424
2025-11-13,0.17307951195265428,0.2457078761789412,0.20443660445063494,0.2028052172299553,0.13753731244348708,0.15339924576540423,0.1392516281669471,0.21222778108910842,0.21909772208488468,0.15866732451140272,0.20394387206737408,0.14671846807188493,0.18175806940962552,0.23599971650074472,0.19752609330673793
2025-11-14,0.17161745150576757,0.25100412163642394,0.2041571845844379,0.20240978225787595,0.13886518477182797,0.15243104155972373,0.1374200870405055,0.18797855725202112,0.21420145152861333,0.15950869047594154,0.2047832401572988,0.14675845435206777,0.18106891381876847,0.23611173471012387,0.19176763878814593
2025-11-17,0.1706916770542521,0.2510129158259832,0.20363360298066144,0.20013974166292636,0.13880168872486595,0.15269470573952043,0.13679335582150565,0.18600459090901622,0.21334439767166302,0.15924964257838212,0.20255769898350443,0.14807685801404363,0.18058038768778994,0.2363014935698389,0.19103782903007038
2025-11-18,0.17047253815109975,0.24013074339037596,0.20257658164391393,0.20087450025269335,0.13926377004242027,0.14688201311655083,0.1360720661422634,0.17986467999199995,0.1999878659577581,0.15939577052805362,0.20255250594262136,0.14938334964877015,0.18273194391234765,0.2343774164709875,0.1965282605640222
2025-11-19,0.17083283278238778,0.2515379415946924,0.20743237098703088,0.20175868843889505,0.14003221551233128,0.1460998658247212,0.13655022566975775,0.17970601662228228,0.19646048404512537,0.16153207666792496,0.19606573138470182,0.15048732872225057,0.18282382521019883,0.23434239421059144,0.19713338759412039
2025-11-20,0.16769964525868897,0.2512682747412079,0.2071875171008223,0.20333668122814705,0.13899441677795343,0.14572040624293373,0.13171253097408697,0.1768423495529659,0.19649563488404082,0.16188247905878397,0.1960638485171784,0.15069092056292094,0.18290351748029102,0.23107525888651922,0.19530613505880143
2025-11-21,0.16809215723592263,0.24408077146347698,0.2029894523905291,0.20112080120863793,0.13948861018291306,0.1456141450244362,0.132129210517726,0.1755742880861158,0.19653454700667092,0.16108502065425,0.19588130912892485,0.14993187940896582,0.18277835921070357,0.23748339430793414,0.1980450940306167
2025-11-24,0.1668723208173229,0.24405681795626658,0.20396428878854803,0.20388575719626317,0.13780061758252873,0.144257845017798,0.13244597471601358,0.17646743269213797,0.17997287974416012,0.14333762315936574,0.1952718243598366,0.1495788414103163,0.18051985656675487,0.23191915266517854,0.19394696548252696
2025-11-25,0.1662352346139201,0.2418079139402174,0.20409956643352217,0.20366433284874702,0.13758602321243157,0.143515383270184,0.1326006165787276,0.1769134312869449,0.18006077295783726,0.14177888731842675,0.19598213103904286,0.14884972694193604,0.17802577297756864,0.23112610549444085,0.19388400190805252
2025-11-26,0.1685879373131871,0.24027404306219255,0.20743522615003945,0.20554908684026427,0.1386126894160765,0.1428281539649275,0.12466797905516695,0.17735401895764052,0.17637266998746157,0.14443194932325934,0.19702203594890363,0.1469716478650965,0.1819625647505318,0.23413310242566218,0.19385530131108736
2025-11-27,0.16851499814091028,0.23718410977376078,0.20736205625070123,0.20353379156329912,0.1362904258087398,0.14169968079740927,0.12361179266016335,0.176036742119574,0.17724649330014414,0.1371893409418727,0.19427252884898047,0.147043531295363,0.1823562505401962,0.23434168006401493,0.19259357787020254
2025-11-28,0.16614550961646452,0.23739565853774358,0.2073093744338432,0.20354524370993243,0.136441098198113,0.13743627993445157,0.12352274065738791,0.17070185011828504,0.17666333164617914,0.13847040454594758,0.19032042702133714,0.14707072642081964,0.1822680984434162,0.2328403542001867,0.19168973160503522
2025-12-01,0.16653817276674446,0.23558077573386474,0.20708448160714973,0.20403382808186,0.13683175858661295,0.1369403188418868,0.12080583989626259,0.17027377832516247,0.17691404512274458,0.1416483773045162,0.1898276634472444,0.14664322006512764,0.18277485590372533,0.19834511763426446,0.19196799659222827
2025-12-02,0.16612434616004224,0.23431453319133547,0.2034618391193986,0.20386769314399208,0.13593912402423966,0.13715522494285176,0.11990748759901271,0.16782720115863717,0.16726518483147695,0.1423059419968118,0.19075497223977966,0.13954973980923793,0.1829019314833607,0.1982012152907586,0.19139332272536677
2025-12-03,0.1659374969878216,0.2333275864094764,0.20626602353906054,0.20129880320565072,0.1387008723333077,0.14142942127064684,0.11246243813257556,0.17013943842818552,0.16809544719289735,0.14198399123867328,0.1893843340811156,0.13846261431689913,0.18371530273110429,0.1982105740771737,0.19159905614221379
2025-12-04,0.16649273128481298,0.23330173063395632,0.2065747388054622,0.20113756255528992,0.13879851679198296,0.14088098240259717,0.11327136807889499,0.16608429871579997,0.16860916601338544,0.14068699922441075,0.18720565979303366,0.13865470574370642,0.18385864512902989,0.1977100981202438,0.19155005064473368
2025-12-05,0.16704562091353423,0.2121530423913586,0.20044612267364978,0.1948743267719805,0.13861491559167574,0.13991819482167484,0.11297132552192762,0.16449047750804316,0.17109548604088987,0.14171710947607252,0.17486508385117686,0.13803769770844426,0.1838416956793546,0.19771395068400618,0.1935675854572678
2025-12-08,0.1686403532453193,0.20928683683477284,0.19345984526146937,0.1931652313841508,0.14090541575685336,0.1416668681571846,0.11261167592340159,0.1711951501772866,0.17406097417385505,0.14246548292502326,0.17409433777168629,0.1366478845001747,0.1855442498824371,0.20258632340447985,0.21343250416873746
2025-12-09,0.16872406184192254,0.2073558698769759,0.19548977099353204,0.19727801530158373,0.1403032709747163,0.1373495910634127,0.11220439661250527,0.17111211277625654,0.17097426536592933,0.1439817044574,0.17700574793530524,0.13635188825213765,0.18443588002708847,0.2054229038617762,0.2135325205017416
2025-12-10,0.16870470175479158,0.20747889563816668,0.1948002671855751,0.19783620502432497,0.14031382412050522,0.1377943455584182,0.11269054394489558,0.17138051939228402,0.17115920986524386,0.14408028781571192,0.17573118192372122,0.1374379468821219,0.18564391844726183,0.20646612425980485,0.21372329194554004
2025-12-11,0.17480545172159453,0.2064238956960892,0.19490258861954457,0.19883239047251874,0.14023038296108828,0.13793858422780006,0.11259403107624635,0.17143500195922684,0.17111766532574355,0.14388323872713468,0.17834106043842443,0.1369654092759254,0.18638842520659687,0.21327323520680191,0.2098226150147353
2025-12-12,0.16755615213927563,0.20643354966226268,0.19397215313938337,0.1986697502103945,0.138318098583579,0.13658230532341356,0.11335056554980547,0.1751917598908453,0.17306837334497746,0.14505711459247936,0.17791544679975918,0.13971386305039388,0.1851017161407033,0.2213974827149929,0.2082293689318298
2025-12-15,0.16541349363136104,0.20622581403288254,0.1941345441103756,0.197747190341164,0.13964467524235427,0.1364171541336684,0.11253636735557852,0.1753504666465497,0.1751980733588603,0.14479528866005087,0.17792289140029635,0.1391244988708886,0.1857968186597245,0.22153915109160321,0.20820672708717844
2025-12-16,0.16540410329591215,0.20597473760340645,0.19401604812592924,0.19773177009695814,0.1419588579551651,0.1374874739552344,0.11191826444543175,0.17530643621483918,0.17546402464700583,0.14259031074603867,0.17701087641275437,0.13914208859324442,0.18812413109804244,0.2243805217555075,0.20859609083980213
2025-12-17,0.1637111446450428,0.20619562760504478,0.1943553554863815,0.19770909955169547,0.14177684359861722,0.13701245021149452,0.11221463685743378,0.1737111653077738,0.1754354409559452,0.14284179218119525,0.17714061042542306,0.14308922658799417,0.18709200673347504,0.22437673673489647,0.20953765291432772
2025-12-18,0.16362265232548476,0.20019400288791045,0.18983697313982043,0.18906272199432003,0.14186799024092492,0.13786132060878986,0.11083771905334891,0.17332115714696364,0.17639862419232352,0.15267661015777295,0.17496716940788534,0.14243931047296396,0.18775840226210455,0.22595719128257286,0.20959695348285642
2025-12-19,0.16195049852398577,0.20042050570038508,0.1896941460606703,0.1826454436136122,0.14188934997211358,0.13600836759203133,0.1093070160630749,0.17023694510578963,0.17249784764258583,0.15160583408565043,0.17459260875536534,0.145444525292967,0.18658761388546685,0.22486006180219364,0.21067593225616593
2025-12-22,0.1612864452096659,0.2089942554125297,0.1942423203810903,0.18419643915418346,0.14143159645130793,0.13287803387174857,0.10905052127469546,0.17056413633102685,0.17226674501974776,0.153751538344521,0.17410341410950692,0.14600599517677884,0.19179227502405025,0.22486608154213822,0.1995900493565629
2025-12-23,0.16031233872703296,0.21046229944427988,0.1929914141219745,0.18478443003698114,0.1415497205951849,0.12794536686656907,0.11142448545617778,0.17022331307793714,0.17233529463761035,0.15491193067458703,0.17023557398380812,0.14621695010226826,0.19372768911397678,0.22580612028237002,0.19683876518846646
2025-12-24,0.15881546373812347,0.20344000976946905,0.18655097132213586,0.1757442281956639,0.14164134059656192,0.12716633571132419,0.10857190561862402,0.16883230935152888,0.17227491116069082,0.1471281323110008,0.16883034561914592,0.14659795761635908,0.19227982885520098,0.21792744666866584,0.1964096894968989
2025-12-26,0.158711474837931,0.2033617211167441,0.1849874294118798,0.17822608562511194,0.14079092204718455,0.1260909665691116,0.10872751176410729,0.16846133413087136,0.1722604757478709,0.14904450103919048,0.16598184013460512,0.1456705488847127,0.1925209480723405,0.2174275991308314,0.19552893994530524
2025-12-29,0.1589163715667429,0.2042317427873802,0.18593155430840544,0.177121381438441,0.14074495889283337,0.12649230377982046,0.10511652761776966,0.16864522542980293,0.17098808935576512,0.1490977922762058,0.16485434661297327,0.14670398154878364,0.1921539720728032,0.22075239863678672,0.19469976886943266
2025-12-30,0.1423799136960799,0.20703587252734093,0.18576087915516945,0.17683765776735816,0.13738841961591308,0.12651897054269853,0.10350182006937157,0.16786357053153256,0.1710601494399708,0.13971001700048397,0.1613115689957566,0.1485729500574783,0.1920219402644005,0.22382299227401728,0.19396364405042177
2025-12-31,0.14495840484947198,0.2073831632438056,0.18581868154945672,0.17615610387798528,0.146152003341474,0.12965234154705968,0.10407030470682395,0.16893914039274055,0.17094087405328412,0.13949266134712904,0.16145635014736395,0.1495350390156133,0.18994301769677316,0.21851939223971054,0.1940490124394387
2026-01-01,0.13906564577273356,0.20441624303432454,0.18789075065662253,0.16902569387210534,0.1464992522668483,0.1354426316290631,0.2241202423183404,0.16821552638962142,0.17099856635643096,0.1366312723068161,0.16417434531236239,0.1383023811081446,0.1899178485507911,0.21571748151148185,0.1936128803641644
2026-01-02,0.13948093080648202,0.20255978195134972,0.18792839221476348,0.16895841525274738,0.14956677496003576,0.16592598059828198,0.23622625554479623,0.17005483398395524,0.1657410049241495,0.13675366899186175,0.16422673279631347,0.13792913225650744,0.18845456079442494,0.2154296555526696,0.19474526766661057
2026-01-05,0.1392141763372903,0.20233117894426597,0.19367856545009357,0.1689076428983661,0.14942317045158324,0.16396226631074004,0.23620185711519176,0.17807886788364724,0.1652227101624733,0.1337072732318413,0.16285832290105132,0.13814866195641776,0.18808892683989348,0.21740667638567057,0.1960181916689421
2026-01-06,0.14335695114721114,0.20168830293133905,0.19368110289846888,0.168724279487776,0.15235299660592175,0.1636149745853189,0.2391943115631227,0.1779100120232255,0.16818622907585448,0.13454566879706,0.16204706022388962,0.15895301589203256,0.18805315425270458,0.21126165114155432,0.1961227638857432
2026-01-07,0.14328013352611432,0.20403381185905772,0.19660610730807834,0.1699036875151643,0.152310748949987,0.16264543883222018,0.23834236624508903,0.17748569973005748,0.16900802146072727,0.13604204637706707,0.16068182655816432,0.16159434223938998,0.18944779057715636,0.21077920497556535,0.19347383593704914
2026-01-08,0.1436486357049344,0.20450552267741418,0.20562678815287092,0.1810956623088592,0.16479537273563086,0.1645506222192581,0.23801546146071834,0.1766951686508767,0.17680029489403573,0.13869763175905914,0.1710664676958388,0.16306472440266595,0.1900205226321264,0.21484454920400733,0.19572744238966694
2026-01-09,0.1437630932071519,0.2043639478255491,0.20408388223547877,0.17987484293621345,0.16651688187220953,0.16942517016467348,0.23853978495817557,0.1755735464334217,0.17649494890948814,0.1425135412604569,0.16643979263867067,0.1635781004357136,0.194107518753578,0.21355884553158827,0.20514043320191755
2026-01-12,0.14390087119325823,0.20459171535903287,0.2037975957241807,0.17918141175798935,0.16511292235935585,0.16891896868010486,0.23792237358106189,0.15851645958235291,0.1758793290052336,0.14262185046061013,0.16654713388250478,0.16243183095801136,0.19352529405646526,0.21809950461370076,0.20207481628493623
2026-01-13,0.13327125349036908,0.20445291087039283,0.2019818807983924,0.18230889605991143,0.17963926718152906,0.1683930044528466,0.23620513428390874,0.12967676364725586,0.16585136922385776,0.1429565100249557,0.17079687697294696,0.1630272152123225,0.19440175952950794,0.21819334252324585,0.19852492382033965
2026-01-14,0.13566649892983876,0.19908852877111666,0.17437225861825084,0.18419580026478383,0.18331443688480942,0.18151768664442058,0.2324838311022576,0.1295284758028174,0.1646216913043106,0.14508157751959713,0.1686690176118129,0.16196364005733835,0.188929523421042,0.22883549854109897,0.19852712787097881
2026-01-15,0.13537078557010104,0.19763560343248904,0.17439393892797608,0.18373725504242208,0.18315142890511302,0.1814639076279987,0.23230484073840837,0.12933175182010978,0.16458571678799375,0.14464420329013783,0.16252894955590916,0.15892565730785652,0.18451826191325543,0.2287631653917938,0.1974073850231585
2026-01-16,0.1351835075416769,0.226680292778178,0.18266363407069075,0.21035247987618017,0.18330894009792706,0.18228325368375017,0.23378321409618077,0.12998082693841564,0.16457696470512023,0.14969612758293535,0.16278184707914808,0.1590425182414369,0.18445086462219087,0.22913842417445435,0.197417113451393
2026-01-19,0.13945386392508097,0.2148006101950248,0.24724402256034445,0.21654734741634898,0.1832288686221954,0.18319874403324446,0.23492069061036744,0.12769899741016263,0.1653961606225109,0.14992694062276563,0.16275873082864378,0.160926396274692,0.1810341912742922,0.2287538321030624,0.19795301542762725
2026-01-20,0.13578402565805586,0.21690906228328277,0.2521934752287217,0.2221900858920522,0.18323480474070508,0.1843848824592682,0.23721185151411783,0.13090809241507825,0.16653826922662782,0.16722981461550937,0.1624727043876731,0.16907911631965816,0.18023766062115032,0.23507143195886873,0.21589183183360225
2026-01-21,0.13144028721007509,0.21710053164352683,0.2520758047179055,0.2221084392957023,0.18364732895299138,0.1839369898405668,0.23561573209872352,0.13244949566858907,0.1620621858441523,0.16715700104965675,0.16297169409362244,0.17028638702961232,0.1723930132673252,0.2339228702697258,0.21555909350369315
2026-01-22,0.1327177572879638,0.2170308895244972,0.251936342736202,0.22049919151674183,0.1828750681740982,0.18459484914158575,0.2357419722714354,0.1358557799149722,0.16755411770675044,0.16944463752275538,0.19651226418747564,0.16975626679783473,0.17218783972926863,0.23211610263866156,0.21556238169975822
2026-01-23,0.133238944735804,0.21685054761171663,0.252664692130573,0.22078025954092603,0.17836804165840073,0.18082747613309047,0.23419717518885574,0.1373172649277119,0.1709508148137776,0.1654298280209144,0.189597289554455,0.16988758749882274,0.17256496072479008,0.22975821623630868,0.22730717241181445
2026-01-27,0.1490931574389443,0.21546936684369905,0.2535544926141399,0.2234052788867103,0.1793928359867218,0.1869013571597339,0.23511499910027303,0.13767908037066287,0.17187161398238854,0.16518710238174866,0.17159244649585345,0.1693765216998392,0.1698553462851601,0.23495882964511688,0.24191793842773895
2026-01-28,0.14676553648308796,0.21587897794781663,0.25427103796283085,0.22286184019617225,0.24744346169664835,0.18108441877629394,0.23586170200015508,0.13812984745031395,0.1783257183394357,0.16812687195899076,0.17394000209010532,0.17016522514972926,0.17019965586891894,0.23467365277301544,0.2451609553537051
2026-01-29,0.14629358066594858,0.21625756351173916,0.2550836867903186,0.2224033807951619,0.251887425739436,0.18966322029353433,0.23489913990138267,0.13808413121383556,0.17846298525415719,0.16871412848627312,0.17550741669196657,0.16576044377210408,0.16932355847811859,0.25033594840372597,0.2418421360742056
2026-01-30,0.1469897186821433,0.21607167682736764,0.25535580202232167,0.22431211730622044,0.25313680133641153,0.1876985034861691,0.2363874604298997,0.15482515719173953,0.1835024029510457,0.1680686475319342,0.17604675585612378,0.17394944076434,0.16426635832904113,0.26530457978470867,0.24185502347838223
2026-02-02,0.14647008616637394,0.21679222432973702,0.2588681174376114,0.22630011026063612,0.2790132197782424,0.18906111083534316,0.23966083268797586,0.15964674598880355,0.17874162105437724,0.17362344768885124,0.1859274767198674,0.1739601905426169,0.16351099377259,0.26912078971500225,0.24025158807534394
2026-02-03,0.15143037093844472,0.2185852129708179,0.25683621769733844,0.22204179140363206,0.2799445748727678,0.19409169857693945,0.24042345855261693,0.1595104063258497,0.17145955832093393,0.1975733748420391,0.2075343270165927,0.17759701249740645,0.13992093386165463,0.26923257296509784,0.25477381157749474
2026-02-04,0.15230200689242826,0.2619839557252026,0.26775855291374456,0.24031150494728187,0.2903315117902043,0.1993715413430215,0.24212377412165742,0.15975222575025433,0.17133065705201614,0.19744676905612338,0.20726045350828878,0.17562448457791444,0.14169176268405376,0.27028143162347723,0.25706964948842076
2026-02-05,0.15321810007663847,0.2618904757746197,0.26728964563855917,0.24017406156094792,0.2900061052606044,0.19942328477945007,0.24219955014011071,0.15958241211844987,0.16019007544408986,0.19651833873094662,0.20631556218713415,0.1755537209796296,0.14378500983809075,0.2710437784975916,0.2565357542050026
2026-02-06,0.16793766798235646,0.2608388092825756,0.26653328470355125,0.23404141102073087,0.28817549763094097,0.1994209771435374,0.2664775746874092,0.15913638232242436,0.15895813458799526,0.19576433730597456,0.2042292408648788,0.17586173321571716,0.14817196883066172,0.2694537708792447,0.2567502484198232
2026-02-09,0.17041339056490795,0.260857731859163,0.26656874746918124,0.23380537124814005,0.28763487203289606,0.20054844835164876,0.2667605250703615,0.15957172216670684,0.1604282654984147,0.19601334193680464,0.21167439358987974,0.17618816948148763,0.14700133826130882,0.2722761275489203,0.25781985748152375
2026-02-10,0.17038637095840187,0.25562778575883854,0.26680533742042045,0.23409847702716144,0.28967266450120943,0.20196395675347897,0.266053245408428,0.16063315497711278,0.15984491218976088,0.194601839674723,0.21341757643881099,0.17615509030193932,0.148983707098005,0.27589741467630685,0.2578580582007608
2026-02-11,0.1689561772891818,0.25799614888986727,0.26716684571461363,0.23426358751062012,0.29005503587731724,0.20190013353218467,0.26635933342883394,0.16072792295903662,0.16735382800191387,0.19446526988316112,0.214612029392064,0.19369460547638015,0.14845012029707325,0.27541991335330535,0.2575197972964933
2026-02-12,0.16945612362075366,0.2828838328204041,0.2824379012507915,0.26235635529737356,0.2898991879018244,0.20139696166743176,0.2663665736080625,0.16043438270923305,0.16951946431601062,0.1944593241771914,0.2147020842653108,0.19173436365958146,0.14355166788705048,0.2750005388884271,0.2601766836067762
2026-02-13,0.17124599216205608,0.2725467207365489,0.2819636445762802,0.262017547170457,0.2980231601253963,0.20357715459286663,0.2668474830524314,0.16322260358380977,0.1743773071748021,0.1930732584794315,0.2148078695105302,0.1907016482211802,0.1432150770615216,0.2804843304376292,0.27056584792650673
2026-02-16,0.17275883073691167,0.27254033591560806,0.28194805984296284,0.26220205837750843,0.29922090547807795,0.2057842149496697,0.26860209986945893,0.16360076884995256,0.1781803677924637,0.19302542125304514,0.21478621300302808,0.1917392105822946,0.1458712208833437,0.2808383390170703,0.27767764574298504
2026-02-17,0.1724963435814037,0.2753926586160718,0.28300483217333955,0.2624777633623771,0.2989524621266883,0.20591617438879806,0.27365701116407937,0.16377089590668878,0.17850223291864792,0.1941489871206262,0.21594848880632964,0.19155841104740715,0.14590635502784036,0.2764413038026974,0.27505331299529845
2026-02-18,0.17270038947561345,0.2762025870009318,0.2835427334067538,0.2598389479570276,0.29885714682720615,0.20444913267596798,0.27786427554236576,0.16443114925690797,0.1786831837900397,0.1943742395929228,0.21390526517121983,0.19153477813074216,0.14573555447302317,0.2785908833180478,0.2748598574680121
2026-02-19,0.1785814594226555,0.27550982469422025,0.28339854891550026,0.26221706945448464,0.3078110229389799,0.2072062966818925,0.27984583031687454,0.16809665845028415,0.17959701456118038,0.194730209384077,0.21337619760203827,0.19205440841180638,0.1486561029605829,0.28198158006452667,0.282399366753909
2026-02-20,0.17707047648031748,0.2733529068031356,0.28030148889870793,0.2615140318461065,0.30847284667200314,0.21306649906926423,0.2797804423841087,0.16843230192124173,0.17963171595578759,0.19232089883604672,0.2126041598817853,0.19142449772645362,0.1457384037889775,0.280801808754541,0.2826604544983896
2026-02-23,0.18269576410302205,0.2750160530791926,0.28235216187414564,0.2620615044341739,0.30758080754365735,0.213227028295515,0.27931813883931966,0.17065684953855942,0.17856713786764414,0.1924745225945121,0.2167451247831494,0.19123463112897784,0.14727710620964043,0.2797364918532678,0.2825162846523769
2026-02-24,0.1828261906182982,0.2850410926935932,0.28701398548863355,0.29424529627908586,0.30735395806995425,0.21572892740986,0.2793026965048252,0.17044465579813653,0.17887365852638262,0.19075673535365795,0.2166652186717492,0.1913047080867992,0.15714732131427142,0.2795698345241785,0.2858080922326236
2026-02-25,0.1819262594431182,0.2863904562725997,0.287799968233167,0.29496181104092645,0.3072568872132167,0.21579375138271784,0.27974440872880396,0.17045638486322748,0.17839718203111513,0.19305636617863747,0.21683631458762057,0.19120921826953524,0.15913345478935895,0.28335934822382375,0.28460023044599336
2026-02-26,0.18187136199098794,0.28641918364233193,0.28776050336188186,0.29467847855109275,0.30712506603144446,0.21687712951038046,0.27957924830439884,0.17070597828203588,0.1774773370690561,0.19451347461546264,0.2163960209443394,0.19064107649974701,0.15952773205634546,0.28270664060053874,0.28459372094854357
2026-02-27,0.18729077998801408,0.28587549603381346,0.2844344699922084,0.29449446959416337,0.3051344182695069,0.21295931147883743,0.28051399719027753,0.17352124837653815,0.18249522081920008,0.20220910295837177,0.22253878276129646,0.1898849976166669,0.1667598019613626,0.28477785106568865,0.2851028709816819
2026-03-02,0.18729823333450216,0.28435842429009317,0.283818726316333,0.29310613454467255,0.3051119687610011,0.21491769152000886,0.28021480052602593,0.1747496322098774,0.18234053684898247,0.20263786251873958,0.22282257101947595,0.19019067502854708,0.1654193959862138,0.2853905553011751,0.2879005586632419
2026-03-04,0.1920716072895886,0.2850249127468528,0.28296233560175393,0.2929875176712979,0.3080086050033204,0.225884825283907,0.2799155914041161,0.18349082565706448,0.18155929703593854,0.20215994333398682,0.22285083616616477,0.19346604121237823,0.1699028932252244,0.3210602909197844,0.2932955190980776
2026-03-05,0.19223202515955284,0.28505876471368163,0.2824080611434159,0.291969295833382,0.30679260883250037,0.23279835326488796,0.27990015193653855,0.17557009053283718,0.1790157638454506,0.20590523080415873,0.2250196479006776,0.19299368616534282,0.16889603114665477,0.3186327813750432,0.28774173323656094
2026-03-06,0.19562721862526497,0.28514067602749066,0.2815342313006103,0.290024957206088,0.3070304962056206,0.2328848119129794,0.279927384534101,0.1755734748442591,0.17871001624279692,0.2052158612475807,0.22296200276976355,0.19365513190822917,0.1725351880443133,0.31707932666396904,0.28822523438621506
2026-03-09,0.2067173158827358,0.28537884861142365,0.28458837080550115,0.29012683791443794,0.3139277454650739,0.23472841454023657,0.2797740298668198,0.17746379612923957,0.1805668049626092,0.2051313128952476,0.2246413489939794,0.19241236471384862,0.171498464062483,0.32787166977400645,0.2880741123709697
2026-03-10,0.2025934839686607,0.2854048068932558,0.2856433583216805,0.2888085482103016,0.31415278474939906,0.23472782710706278,0.2811716796998935,0.17743042088969782,0.18243532986341204,0.20374226048725566,0.22584143906956505,0.19232071953832308,0.17180776789642846,0.3266262537064848,0.2890530177682709
2026-03-11,0.20685180404999223,0.2862872432656304,0.2858222822593203,0.28820622515975336,0.31409184922165706,0.23467147517488263,0.28120206646908286,0.17358175069681733,0.181648963997287,0.203574258494765,0.22624843029502628,0.194038788848562,0.17405178778647012,0.3205693844780514,0.2901352557859989
2026-03-12,0.2101174982959458,0.28582602003658997,0.28553011991130955,0.28966442536037096,0.3128362029325145,0.23989055368121912,0.2815935668911368,0.17469347030057586,0.1823848153113096,0.20355604817154072,0.2265371232673812,0.19656339463408354,0.17383475831061934,0.3209913462885883,0.29399136065472037
2026-03-13,0.2140095590713022,0.2863967778302912,0.28841751818271816,0.2902745645927221,0.31588968648701427,0.24170033518726408,0.28169137489812107,0.1773606848717305,0.1822805646657969,0.20454779412667187,0.23043407740142813,0.19636667968759494,0.16997441256017834,0.33697945263862555,0.29791008513110373
2026-03-16,0.21516415814620138,0.2858993446941753,0.28796160457844966,0.29061992003327863,0.3177034791568473,0.24229091195902275,0.2870021086840423,0.17820900751749624,0.18239620564871117,0.2052762651415589,0.23164572867359498,0.19302684947191356,0.1699841953869341,0.33880399110479964,0.2999030975504086
2026-03-17,0.21714186475889755,0.2836422740955269,0.2879691419015319,0.2880178955413428,0.3187129149581197,0.2410655456581805,0.2871596356840044,0.17852445130114436,0.1816569953364497,0.19816364415794824,0.23155286609102582,0.19298869928692294,0.1766310062937225,0.34891506925753246,0.3092672518705935
2026-03-18,0.21743854296143222,0.2902720765639412,0.29063395386895347,0.2965874820180229,0.3187273993673236,0.24326576392845572,0.2869346839266486,0.1775480754826586,0.1805885888222947,0.19912875159883836,0.23216746258259535,0.1916066230761536,0.1800761992592741,0.3489611669121597,0.3128799013427913
2026-03-19,0.22019579331672512,0.2883413048915104,0.2856927311810855,0.2986519334968021,0.31974837264016676,0.24515021343043586,0.2882174521224163,0.1787365403277943,0.19456561467005212,0.20099324838499075,0.23432246685804753,0.2012242746269307,0.17389960404303423,0.3535673693618705,0.32029227578422853
2026-03-20,0.21948922781031197,0.2961777608248821,0.2882695199907965,0.3075121068959549,0.32150628851723867,0.24702677671347156,0.2872086094758832,0.17930610533839453,0.19530042908676765,0.20395510479046375,0.23758827738759475,0.20350342593015128,0.17493476965886953,0.35878646986299273,0.31996607676418926
2026-03-23,0.2253463083581526,0.29635724465174634,0.28902556979907174,0.307520656783027,0.3208882483136098,0.25227270916390354,0.2924529130750696,0.18461193761077285,0.2001549978093505,0.203899427210108,0.24682743772942112,0.21102843127088314,0.18213198382931095,0.3736760587713362,0.3322972424219742
2026-03-24,0.23462987127204984,0.29964373031307423,0.2900115884371316,0.3164372352233422,0.3212156025856034,0.2525171893252303,0.2928843282382614,0.18577649146189273,0.20046817552883353,0.20285365462580146,0.24698097433948468,0.22448363941580227,0.18214398585241054,0.3750402103348865,0.3339609514766859
2026-03-25,0.23643566904174793,0.29974404790731196,0.29028853244430575,0.317922078424492,0.32137390907891145,0.2526951367509718,0.29579448181038176,0.1892038496652442,0.20717355170775925,0.2084414544845738,0.25587120491286863,0.22775958205523628,0.18606406078470508,0.3780627075234306,0.3394932537945814
2026-03-27,0.23749436307998184,0.2990993767270404,0.2927007211735061,0.31852825280868785,0.3318358525762736,0.2533610101007033,0.2958041646589512,0.1897981982469196,0.2133033128354942,0.20847187594189262,0.25769607752253487,0.22601778730568015,0.18527924291948467,0.37837679690091414,0.34097210866154254
2026-03-30,0.2406736872767802,0.2999708930805536,0.2944280469190765,0.3183279336546301,0.32929042156736194,0.2542631816348976,0.2975379416831815,0.19045069491266178,0.21464846748090569,0.21293845448117582,0.261186284467576,0.228829418447098,0.1957232685348389,0.3758682076016197,0.34588256507179554
2026-04-01,0.24065626871330834,0.3028919534277746,0.295521630822738,0.3191695348234777,0.32851376851856595,0.25411444273318773,0.23018847613512608,0.19040186407721274,0.21580434260256073,0.21573090931897063,0.2699586799144182,0.23047869625730016,0.1955153672724952,0.37638683513521737,0.3467724738008254
2026-04-02,0.2409439983117844,0.3060099017361798,0.29891578280126135,0.32431037248344124,0.3279869850384115,0.23773290767158595,0.21895010456294403,0.19028268968764214,0.21592193700720863,0.21960551301206896,0.2702700951816285,0.2304536593762309,0.19605386852432236,0.3763691639509071,0.3507094430512971
2026-04-06,0.2418729123743179,0.30433112273208496,0.29890946242427746,0.3242359878028581,0.32918595520123817,0.2401384460929303,0.21977040665614891,0.18656411964816086,0.21858719225789572,0.21960644463103593,0.27011309084068064,0.23041561657874143,0.19621624441370517,0.37565425990350276,0.3493132485939452
2026-04-07,0.2399979590378117,0.309668115803396,0.3099297250176468,0.3261875123341385,0.329367371938217,0.24051154823751145,0.21839944377247308,0.1867761907547416,0.21527374561363796,0.21825523689418205,0.2722465906724588,0.2178144215146014,0.20198895232484065,0.37611489639992907,0.3504360205308782
2026-04-08,0.26101530660594496,0.30745578871131624,0.3061382522653112,0.32569712228622466,0.32823372739732326,0.24162888355586867,0.22059060575719303,0.18714468170011717,0.21536381355050288,0.21660885992822507,0.271539393995625,0.2170451839021767,0.20515510180511104,0.37962310539082766,0.38429274719049145
2026-04-09,0.26409014075670983,0.30676890307532717,0.3006884197922678,0.32108496093105854,0.32007175985752473,0.2407609837209737,0.22069757004640542,0.18889580341191647,0.2140310025739959,0.2152279199026645,0.2674017590404446,0.21688897695585693,0.20466901719416927,0.37686613065200997,0.38456490309342506
2026-04-10,0.2647665568545095,0.3113810078504151,0.3019278949435205,0.32217840355879507,0.32057011580335104,0.23450825068179024,0.2200993886266235,0.19199471202964355,0.21607117383507765,0.2248564825751337,0.26950495120621104,0.2147232432601002,0.20199168188354447,0.37613398307731616,0.3813038495275019
2026-04-13,0.2647573645990102,0.3114789915894998,0.30170848384379934,0.32210336959932473,0.3205111365773483,0.23616699727146812,0.22261443308396361,0.19418461361323128,0.21629946166177536,0.22470730915434206,0.26942854759396867,0.21471380384553507,0.2010362297628287,0.37274435021842195,0.3801329359725438
2026-04-15,0.27196908238489687,0.31577570759020523,0.31078109769340856,0.32769732086138736,0.31428476852117065,0.2378747503898055,0.22333209374723,0.20097232882093424,0.21772184044326418,0.2315116810339031,0.2679440099582777,0.2169634882220579,0.20100107675837967,0.3729897758975116,0.386622556378285
2026-04-16,0.2713345423952617,0.31696358287010634,0.309988820718598,0.32640102952894184,0.31540450905738604,0.2297024870091501,0.2236244277523235,0.20026474267928848,0.21897090844298084,0.2291138212721251,0.2678214025695438,0.2181146199829062,0.20147134578284348,0.3664873548557378,0.3867715398195466
2026-04-17,0.2726928770089724,0.31694915775610927,0.3142255397364216,0.3277540320900547,0.31537384879675084,0.22989054279635684,0.22505499875231458,0.205694105178189,0.22615842880321915,0.23012831336707684,0.268778263332291,0.22140505070317776,0.20170144494012848,0.3665887540523896,0.38933633647124827
2026-04-20,0.2732671749095303,0.2918860082165016,0.307570935432493,0.3092098883912375,0.31522188029987847,0.22962907572304275,0.22295027062666195,0.20520726420400037,0.22646341537673037,0.2269971994609501,0.2680504408327033,0.22144997503065394,0.20168431322318597,0.36634101125272756,0.3896680227872398
2026-04-21,0.2700142393442907,0.2920214741328806,0.2650236192038658,0.3027502570104271,0.3127600497931204,0.22892166492934324,0.2238085802243751,0.2538185764973604,0.23145063809346636,0.22691094968112877,0.2684467683862648,0.2201281983652435,0.20204746377634566,0.36632394687359443,0.39104806312955537
2026-04-22,0.270933279450386,0.2978669477780232,0.2610440964272031,0.30346738690444863,0.3113489990779879,0.23027711493961017,0.22151889267601846,0.25245480531290126,0.2336322834055217,0.21354153879161894,0.26854917486878327,0.211107117957332,0.20341048778314866,0.3619162162338201,0.380033937436627
2026-04-23,0.2726651343349813,0.3000647130539836,0.2611642097064579,0.3077193621588768,0.3114172979643669,0.2312818818645952,0.22135458106232953,0.25205187836684184,0.23283475891480915,0.21380826074599601,0.32839267114887105,0.2108160204846065,0.20405990246834121,0.3628240550175577,0.3844358499508239
2026-04-24,0.27151965764052016,0.32724827929979294,0.26245103822671445,0.3192507653203617,0.3118071735469768,0.2308269997226598,0.22260125693649138,0.2501587616631902,0.2291478856787067,0.22485172054670133,0.31271240592073324,0.21110838216143477,0.2056386572908194,0.3598790563933587,0.3846705228727437
2026-04-27,0.27382001444493564,0.32901890919250987,0.2696615459896323,0.3247355405478492,0.3117553174175094,0.22997888794207966,0.22310272297312345,0.24929319751595824,0.22678507496589148,0.2663779769203145,0.3124283581137526,0.21201879877425098,0.20530204940966737,0.36028331412049874,0.37594133193848434
2026-04-28,0.2659389809062293,0.3285255652043812,0.27014821742870854,0.32005568148660674,0.3283977863639664,0.2272723203369985,0.22121308717228458,0.25075674148634697,0.22681676061413772,0.2666628899560255,0.3136477318939073,0.21322271648246635,0.20718845461578705,0.3574550282963144,0.36891950228752085
2026-04-29,0.26623351149150115,0.3308362874297023,0.26875826320654056,0.3293354191254519,0.2837504880125148,0.22935229646783398,0.23474399071715307,0.25191839878465067,0.22245354713142096,0.2659533828563115,0.31469897817557657,0.21279576944797393,0.2129217663228674,0.3572528206415344,0.36555310468158003
2026-04-30,0.2663869077507708,0.33286493304753956,0.2674527833059157,0.33007605321533773,0.28021922333823523,0.22317871002368564,0.23432067622064268,0.25205942596272435,0.2223435343676488,0.26574174367244485,0.3139085695612302,0.21237130882320093,0.21258729590259878,0.349543581583876,0.3636048770324418
2026-05-01,0.26564292867040057,0.3328297714014262,0.2668105767255676,0.3292508932422249,0.27525950435180874,0.22259408597043098,0.23321998064997337,0.24295103952837058,0.21668335648617915,0.26577081382735446,0.3136830418327743,0.207659437114439,0.21258060529322811,0.3359239183086698,0.3635490293259298
2026-05-04,0.2724054763997811,0.3330452011605746,0.2615996858560937,0.32879637253982397,0.25262641010651615,0.21940996403631471,0.22959482728960168,0.23950378603569328,0.21781683215541559,0.26340457858937866,0.3127763690229398,0.20866985539313687,0.2218831453571205,0.33166883609878894,0.3695408692073314
2026-05-05,0.26919300685457215,0.3312203409865471,0.26144831639742083,0.3295151959916858,0.2532751086415487,0.21531569646655604,0.22926940296709306,0.2407545732961145,0.2183379853684021,0.24742331578607996,0.30081668851725496,0.2043692494404321,0.21988966928345424,0.3289412723912049,0.36199532404628026
2026-05-06,0.270781108047262,0.3003787095069162,0.25081401642691353,0.3203090917957087,0.25132416189124007,0.21148471121529086,0.22800816575733715,0.24053344234816812,0.2190781695746656,0.24927455385651348,0.3072580354368234,0.2044133906071299,0.2202108608363828,0.3302197428050339,0.3633288037095337
2026-05-07,0.27093020298813425,0.30013895074591385,0.25107907784932726,0.3210475240594007,0.25169483882597365,0.21297884698878886,0.22779900160433936,0.2412332358242778,0.21935415542476783,0.24999987448289765,0.3072983814721879,0.20511396799051496,0.21806658831355535,0.3297482156132466,0.36479639993050383
2026-05-08,0.2615209577869494,0.30236265820787783,0.25064847614843166,0.32064076819832543,0.25433513302857624,0.21305550963933667,0.2022120695944332,0.24119263636777835,0.24200569745313777,0.2500028819225428,0.30809657519783223,0.21497798491246756,0.21240095064280332,0.33078018494244016,0.36618219572330024
2026-05-11,0.2592008345111356,0.30233893804006423,0.2507678004236439,0.32062915953322707,0.25372011840267605,0.21795132049592628,0.20167403121880664,0.24065644077021717,0.24414000561024898,0.25105389213790114,0.30388121992087397,0.214765490130327,0.22693683711053192,0.3281495843316935,0.36981818163770924
2026-05-12,0.2601704705366555,0.30734175044711837,0.25939730194185856,0.3305884780646538,0.2683377951679066,0.21646074495875145,0.2042166574075739,0.24121751625232699,0.24519936597190417,0.25321388360501235,0.3026250440442109,0.21561793044691885,0.22580844206171552,0.32264671543279266,0.3761812003859336
2026-05-13,0.260453256267815,0.3069776129575644,0.25957712409474715,0.3311825849715566,0.2683373256948719,0.2168324323386823,0.2052282934101299,0.24106215713527926,0.23906086233792898,0.25455284763911057,0.3018557370895683,0.2006548426116448,0.22967383021207058,0.3306502355667909,0.3768373162842042
2026-05-14,0.26240269992718507,0.2889816515117735,0.24348794702294618,0.31206546648005884,0.2690920303601002,0.21866936227740325,0.20614415448372184,0.2416492929679825,0.2375330605125745,0.25777821505761994,0.30805704697917113,0.20236384848922265,0.2554101913562779,0.3308477160594757,0.3741279282943738
2026-05-15,0.2623648868305808,0.2931527397505695,0.24083166914589177,0.31537035448742673,0.25988051499338455,0.2164207537778352,0.20541156669194696,0.2425239772496109,0.2351481501626777,0.2569594461006836,0.3119601938969748,0.2027102943069487,0.25657594360996105,0.32958238476566903,0.3701886972335185
2026-05-18,0.262473888387513,0.2973147765602956,0.2423243973644292,0.3274866688873132,0.2591495721669787,0.21751331117588266,0.20353752338065612,0.24241189771765909,0.23047002057741395,0.2583114650305065,0.3121407306981665,0.20241217918464538,0.2578154382056874,0.3359850986575162,0.36615871226756774
2026-05-19,0.266995635697227,0.3117824143424927,0.24344310972403707,0.33163713830637953,0.25929893332609916,0.21746604729177063,0.19735292966387377,0.24219624382803517,0.23050527499611922,0.25945264362685466,0.3113071548201318,0.20230973307643982,0.2588852439118245,0.3348000129860637,0.36642952608935325
2026-05-20,0.2668896620795423,0.31104929275776705,0.2423122510514019,0.33295512563011154,0.2591539229009985,0.21790167639485544,0.1924985175354023,0.24206205025781258,0.23118589776129028,0.2594547049145859,0.3119714267431397,0.2023645959417896,0.2589766648744938,0.33024960735094133,0.36695188243487314
2026-05-21,0.26321865448717413,0.31151685796296913,0.24403781613454276,0.33225453719486975,0.24894908542913272,0.21668136552419542,0.18880594230364497,0.24002589978402894,0.23048559496912135,0.25906384951310873,0.3120387460568739,0.20928286551113118,0.25770486919751423,0.32859396544478925,0.36096751414430817
2026-05-22,0.2626084849968887,0.31085642040987893,0.24641231867737046,0.33086319652133983,0.2511067311805392,0.2100146558932956,0.19288766000713273,0.2399960042725996,0.23051536876892317,0.26447244139360615,0.3125832794111428,0.20950563136360073,0.257870102874002,0.3273622413986044,0.35965137399187447
2026-05-25,0.26278542350524664,0.308943230030839,0.24630822151815807,0.3306536778535957,0.25277711531839303,0.2097366400444975,0.19355602668397717,0.23859708262561807,0.23018582598667045,0.2644720412205363,0.3119040183016869,0.20887040206324867,0.2569399702800747,0.32748753777303163,0.36019242261995693
2026-05-26,0.26323317536758806,0.29904057555111585,0.24138913264177148,0.30181815061071754,0.25330091776319436,0.2060925985603732,0.19377044163046508,0.23931057974204503,0.22964219248730255,0.26446408590028864,0.311723403991114,0.2123668821238157,0.252315093217735,0.32736538305034824,0.3571588780307462
2026-05-27,0.263047299592544,0.2980476013042334,0.2417596756369486,0.30108282637237876,0.27131455636071006,0.21042018839813412,0.19278981097237566,0.23934029681710173,0.22965040351242158,0.26192965801457685,0.3119399604754491,0.21188523562801972,0.25083146951395724,0.3254881969986964,0.35747147988881456
2026-05-28,0.26306061686650667,0.29806095978255387,0.24159788685023978,0.30108282637237876,0.2705740958697195,0.20968916751613198,0.1926581248598027,0.23908916224164561,0.22968523895871418,0.26086989065413335,0.3113174718757362,0.21185152348791533,0.2501496677116487,0.3253875580880957,0.3574706752379558
2026-05-29,0.26040929948599906,0.2973626431101379,0.2430747858100269,0.3032271838624638,0.27809187663830087,0.21797045262747197,0.19350327460244054,0.23521662678955688,0.2307117673153584,0.25964154066413864,0.30790100391948777,0.21318994040648098,0.24575265017836312,0.33026852488588393,0.35689303790549454
2026-06-01,0.26249778722561995,0.3067595639990789,0.24258789344355977,0.31231954337946227,0.27744212718429345,0.221121247257887,0.19948534811903604,0.2387090027073808,0.23090499593293404,0.2591126012540758,0.308386447562884,0.21380554433685617,0.24649314663436483,0.3309829342805122,0.3557476492524614
2026-06-02,0.2586103081937066,0.3274512590140247,0.24240774166384643,0.313975904505115,0.27508196897240045,0.22036083276560228,0.2009179236384456,0.23133917183273692,0.23037647891441773,0.25923487134296075,0.3094671025964782,0.21101188626709821,0.2437169345129531,0.29925884767389993,0.35019273577540194
2026-06-03,0.2579636854485517,0.33642828821457726,0.2494165434845311,0.3402877143664961,0.27594222251055384,0.20914764289408241,0.20547004341303618,0.23174578351719377,0.22889506667120404,0.256225317548364,0.30780077026434893,0.21494683789002816,0.2440316240193653,0.2970288186759806,0.34743295735402896
2026-06-04,0.25542540098070005,0.3380702506079673,0.2493726611813799,0.34064743416022275,0.2751875913098598,0.20861721578284853,0.2070617526634398,0.2323310847741048,0.22912236876670736,0.255839853572593,0.3075553643823761,0.21474184143806654,0.2410696521365546,0.29644218652663884,0.34663572662477754
2026-06-05,0.24694177027967007,0.3378412529657819,0.25444682585845396,0.34076580153832214,0.26946761202634595,0.20898247671675763,0.2058883132571116,0.23021631445561147,0.22816958361731024,0.2556820329327429,0.30692997631494207,0.21470466338415198,0.24210190429799516,0.28814896552776675,0.3464962561962858
2026-06-08,0.24508582197041323,0.33700151713501575,0.30596279856312947,0.3415482962429068,0.2692085735690374,0.20893833947699592,0.20475310747961292,0.23063454707559866,0.2261830160042473,0.2557232383617263,0.3036992495099685,0.21494828930476476,0.24216191670895004,0.28844681132130506,0.34969546345400543
2026-06-09,0.24226132584066704,0.3359611405936094,0.30552210548195946,0.3428900185263804,0.2723836497985136,0.21156577521589037,0.20484340334990783,0.2303366413607386,0.2265479473798617,0.2554948870726745,0.30334741163441514,0.21546734551966715,0.23784625153634156,0.2884269380944774,0.3511466091525448
2026-06-10,0.24075057809065187,0.33600124627466815,0.306696636533539,0.3424752167274668,0.2778740073990197,0.20370199686590512,0.20451791890307366,0.23149758217343525,0.22450250170763797,0.25565883220303043,0.3032746776086938,0.2132340900943541,0.23931524092033327,0.29092950839764553,0.3495245094818937
2026-06-11,0.23722940267674753,0.3391410934135274,0.3034616191630996,0.3419561921556036,0.2738710953447563,0.20165725292491987,0.2039805294680791,0.2302405069441977,0.2250278188887093,0.25443241298624814,0.3005359986045115,0.21297963044983284,0.23946384406287693,0.2704091030528186,0.3446653241652556
2026-06-12,0.241905223069067,0.3391551990382344,0.30462192134642124,0.3460990789844966,0.27724234314664215,0.20202330338233526,0.199376717333032,0.24121694784972747,0.22588074613841128,0.2539708582571569,0.2995176403676497,0.21198413793005833,0.24322413358075268,0.27081098037577994,0.351541393118748
2026-06-15,0.24116032467502052,0.34012848216714436,0.3026439323630987,0.34618695602703653,0.2755450006874332,0.204239538971031,0.19937533942443295,0.240783136109558,0.22636562758862297,0.25368185365445883,0.29938724813399664,0.21229594188570525,0.24019047787795297,0.2549314037201408,0.35780020490355385
2026-06-16,0.24125485693233606,0.3353900955469511,0.3011925673842755,0.3413000268948662,0.2785238435079818,0.20820062412553683,0.20121007697638854,0.24151076437304697,0.22622664907403717,0.25304719073351717,0.2988966142081883,0.21321940445797644,0.23842763445358428,0.2553447721405526,0.3567245446204799
2026-06-17,0.23821918741520584,0.328230448722749,0.2956058036538667,0.33477267915127523,0.27744905992126795,0.206986487360853,0.19707592007068414,0.23923900805452653,0.21498306855981472,0.25068440619629834,0.29740780820798995,0.2030054759537573,0.2375141002846827,0.2514503426606102,0.3481338092243486
2026-06-18,0.23822205013220213,0.3267239260071701,0.2947915830050569,0.3291556069114006,0.2763000248877054,0.20681148160594415,0.19663981815394685,0.23968153173705814,0.21438995417560375,0.24791903896860895,0.2947527866378419,0.20139986636976806,0.23662173990666407,0.24305008423406205,0.3516627612987803
2026-06-19,0.23133078003119095,0.35377313858142556,0.2934922575571479,0.33386026575891226,0.2764801372670455,0.20308135070599015,0.18539761711540073,0.2342919877472817,0.210296550117533,0.24721659950591932,0.2857354526133228,0.19041932612846355,0.23261143495661035,0.2208518887393351,0.3404235965035019
2026-06-22,0.2247430375833046,0.3529661097562318,0.2932053382732095,0.328083093105494,0.27557518993886954,0.20242317708705782,0.18561338118072265,0.2345709535513446,0.21030183267621858,0.24840823953568125,0.28707204419715837,0.17654220482132094,0.23259529813534408,0.21769485802326494,0.339958384272923
2026-06-23,0.22385211824186127,0.35872820203600386,0.29994641499048186,0.3274280236802913,0.27495568031737055,0.20215896426776298,0.183283320028256,0.23338583967839588,0.2040627551983617,0.24382212221072608,0.2796891327998944,0.17139187683487211,0.23054465496840382,0.2164279952516977,0.3413682426097314
2026-06-24,0.22250210281539787,0.3636590519736155,0.2984023184771116,0.332943676436723,0.260403323875207,0.20591120102616306,0.18314267208071094,0.2329702534607015,0.19761911871066737,0.24385308853869855,0.2811234415196362,0.1717217126860122,0.23201043087686088,0.21647104324232316,0.33803211839300085
2026-06-25,0.2092469604472251,0.3635910659110687,0.2957983817509732,0.3346866129163203,0.2645929022052001,0.20609648210344161,0.17621090084791713,0.23116103194165408,0.1958621352230718,0.24031694516741553,0.2792942829016048,0.16689490089116155,0.22325441833199727,0.2165577381050937,0.32805219731365814
2026-06-26,0.20904965085734184,0.36059956822916306,0.29290269190128687,0.33342111160102134,0.26280140735107654,0.2035804286344736,0.17403176471203685,0.23120486482583685,0.194774947754593,0.23757639369682082,0.2681855787160681,0.16282023698844142,0.22324976738669286,0.21454749227920852,0.3277604850766939
2026-06-29,0.22115614917776752,0.3575610558577022,0.2898132885523762,0.32911473967813276,0.2632453623955331,0.2031519403473322,0.17392739367429721,0.2325974567550452,0.20121744231990532,0.23349379565683215,0.27022124384009505,0.16307104940649828,0.22344249458564028,0.2147019074206474,0.32604763320739477
2026-06-30,0.22179998713742133,0.36310308176465833,0.29371879173377563,0.33154788582255695,0.2616464318630861,0.19969019548870248,0.1754973383699338,0.23054098279121774,0.19872069704658976,0.23411123907110684,0.27211223615072244,0.16277419252223985,0.22370032027584458,0.2142766413091907,0.32555139810884776
2026-07-01,0.22511198026617382,0.3586342954245316,0.28169879981341495,0.33525260540440943,0.2584351231032847,0.1991839692747577,0.17534239809675048,0.2396704798818593,0.20446908437450903,0.23274531834325193,0.2707166770616172,0.16302722478012144,0.22061895708861232,0.21531264335270398,0.3372539825202093
2026-07-02,0.20416977215037532,0.37933323914264916,0.28645764314000094,0.34609393571358466,0.2588607747700238,0.19681247272022853,0.1731361972846937,0.23930117960756012,0.2083943783298797,0.23264290970714724,0.27046878899950305,0.16280331199939063,0.2179132430290205,0.20744539410463303,0.30602072701684163
2026-07-03,0.19928192209342843,0.3795429942824336,0.287970294391137,0.3477659579101346,0.25826493394780065,0.1952180197414564,0.17308709524253485,0.23888570608024284,0.2038604126023103,0.23508841649841128,0.2715102596631402,0.1670935746942888,0.221218784158086,0.20863252866371343,0.30721285587644875
2026-07-06,0.21512174218355004,0.3756727964620478,0.28728625897748505,0.34646223888755057,0.2646420885570042,0.1949536668632401,0.1732246374972263,0.2375585485939103,0.2035405933296983,0.22132936395965577,0.27014840069703006,0.16723115684978132,0.22149887342541907,0.2084521106100471,0.3070216532170859
2026-07-07,0.2145614159065321,0.38059096616956145,0.2871316980691479,0.3513809173124817,0.2644401031313115,0.1919040772886281,0.1691493822381833,0.23350366236824918,0.20318033918111064,0.22138761273514565,0.27117955067078764,0.16811541492159882,0.2215014765946273,0.20868053999312902,0.31559981525531894
2026-07-08,0.21585737909134226,0.3771242340179225,0.2772295086267412,0.34567743474333434,0.265970099822618,0.19040895026362706,0.1768860473579242,0.23178691766287612,0.20733289314967276,0.21646740997083885,0.26932799791872164,0.16739253770612056,0.22464412697461855,0.2076348610707823,0.31425074545186465
2026-07-09,0.21883407818457098,0.3772538393934973,0.27707937970193497,0.34554899428943997,0.26528830466713305,0.19203799258682713,0.17695420900563485,0.23210551629951473,0.2069226476669537,0.22217988654139026,0.29670929601249546,0.16564631987966755,0.2285330827310182,0.20642535949047927,0.3241953598777751
2026-07-10,0.2174826337196554,0.3793347082749853,0.2746598440657768,0.34685914618158487,0.26538010570641435,0.1913140858420153,0.17520398548745428,0.22849170817122388,0.19891222746914466,0.2207473040393198,0.29727949800921477,0.1620852188254359,0.22884884544625084,0.2093872279723822,0.3311584730637218
2026-07-13,0.21955563796734204,0.3861302102633736,0.27712023198508157,0.3536783605644389,0.26754442532276135,0.19520179221851355,0.1754256725314493,0.232736575038901,0.19862625920300278,0.2212503632715663,0.2977062206094514,0.16234168221059309,0.22983698835158287,0.21337567206519528,0.3306838723723013
2026-07-14,0.22138867813174987,0.386318484934757,0.2756727747799388,0.3548079936725039,0.26765151690947686,0.1958691497745578,0.1743451785238381,0.1800393628748829,0.19287208951265689,0.2217286124380062,0.2975436290340376,0.16288863151033628,0.23252152412041713,0.21389451980683688,0.3310460054096757
2026-07-15,0.21951603325284447,0.3816564967940119,0.27668026180897054,0.351124606092823,0.2677088684437627,0.18942501533431297,0.17288428832007713,0.1786903119584036,0.19022180917242604,0.22176180172074747,0.29884731413467785,0.160650547519653,0.23145301537936333,0.21549449181732971,0.3340986103507121
2026-07-16,0.2166791460856153,0.37968371541183066,0.27961561152249975,0.34605035916675064,0.26667054999066714,0.18922092452118697,0.17432222239485104,0.17746868703725413,0.18930611324233068,0.22175610629789516,0.22715000037215424,0.15913114140883453,0.23114977624970773,0.21492725630712947,0.32969000361797157
2026-07-17,0.2284593635575438,0.3535889130200069,0.27840827324775774,0.3419792224827092,0.266767474401158,0.18919968253799058,0.1731504184755419,0.17687416860373226,0.19241060760898424,0.20852089228343954,0.22720982472939497,0.15930775197001404,0.22949756082128123,0.21501801153969924,0.3339817739614398
2026-07-20,0.23033398885942874,0.352796045596384,0.2712369236556838,0.3381234424925756,0.2675208272489811,0.18682827912445477,0.17308439720066857,0.17879566635796457,0.1938214880265119,0.15681816546759,0.22639778667014307,0.1586421667811174,0.23163891786065582,0.21235219190957158,0.33368510203407453
2026-07-21,0.2311561911749156,0.3523013198404333,0.2698028105879555,0.33794185046836245,0.2408945017103429,0.1869354516918554,0.17333201639735207,0.17599875766030937,0.19298237623152845,0.1563519428569851,0.22528367019021683,0.15685069050785075,0.230417948283153,0.21170548142003345,0.3332121806357114
2026-07-22,0.2316477716795215,0.3532801123927492,0.26976762713280106,0.3312488829200406,0.24186647726161797,0.1861966203967316,0.15244527946342368,0.18197378307534212,0.19213283920705282,0.1545509124481261,0.22558355563421179,0.1559662764420743,0.22537632084065692,0.21140026318921398,0.340463315547269
2026-07-23,0.23184298295571762,0.3522350147786193,0.26988488802614496,0.3310074180980258,0.24196090894912686,0.1862012670075393,0.15247785618438722,0.19253477821430848,0.1951686964428433,0.1515853984150288,0.22686567163233864,0.15568268178073402,0.22626846282313626,0.2088282611227377,0.34079409910754127
2026-07-24,0.23195459345129996,0.3523583188015826,0.2716730729601923,0.3309957826095211,0.24304309324122048,0.18618174527252707,0.15357519144441562,0.19263747167700293,0.19516307890441004,0.15244363558015941,0.22786826971143737,0.15667044394797572,0.22650826329673956,0.2092263952787442,0.3408276051931066
2026-07-27,0.22302948687214857,0.3603446015388393,0.2751576711490266,0.3313785401433524,0.2522752200371965,0.18775678900687556,0.1531676494805844,0.1926615536062952,0.19344265140277497,0.1550674930541382,0.2218946836146917,0.15510288997467195,0.21651107162011995,0.2099917217538311,0.33655136649908424
2026-07-28,0.22301615209738715,0.363606205623824,0.27703926843480897,0.338144541953679,0.25205848306428785,0.1913254999177704,0.1532531038484344,0.20123790266270083,0.19644192107091402,0.15495042020830746,0.22206162878767322,0.15530889724599845,0.21503078129567618,0.21040817972533044,0.33624162586535356
2026-07-29,0.22267048905306946,0.37488409674873907,0.2787089330332257,0.33785293500541397,0.24498024110105115,0.19077269794449944,0.15382143683264887,0.20151879239168477,0.19643697157663093,0.15230986189297122,0.21180977373878546,0.15512759745589277,0.21885867232485695,0.21325495852154136,0.3345512520899778
2026-07-30,0.22229645739184695,0.37478128068727196,0.28008177520167543,0.33730868161106503,0.24569113452117058,0.1882347854184691,0.15264064434222774,0.2022514585706883,0.19607581394772444,0.15116267861867405,0.21198881142754197,0.15452878113959548,0.2186273016621871,0.21234872489945522,0.337263514258059
2026-07-31,0.2223596027280049,0.376390182792218,0.2813991423612312,0.33810886278520685,0.24428853578846257,0.18868824364367182,0.1550895582996137,0.20275252354175705,0.16649961778407438,0.1513064994858727,0.21147983123103833,0.14093695315052732,0.21893432779018132,0.21409922628400094,0.3352158708891916
2026-08-03,0.22775636872813737,0.387119548274443,0.2870126873039779,0.33794572922684407,0.24361906383348544,0.18557325555908014,0.1614368998837746,0.20449847843504826,0.16681000124662113,0.15219897953016961,0.2191066454687981,0.14502657277002381,0.20056090612607091,0.2138458894595308,0.32965837172098195
2026-08-04,0.22585629245546895,0.38214731273466573,0.2783735035820044,0.3235520483645981,0.2198969332148318,0.1895247025871826,0.1585308296057574,0.2040665463991193,0.16533380714674353,0.14883396568409318,0.218939329419519,0.15230925450215235,0.20046047682801346,0.21384818053328183,0.33064825113583535
2026-08-05,0.2258999450641858,0.38076825309337337,0.2777767297776589,0.32181618997845823,0.21858775806847555,0.19388374332998104,0.15693305635506144,0.20406924363062903,0.16608632851445504,0.14916512175936442,0.21902609513105167,0.1562642698539675,0.19762716724754492,0.20092759256215312,0.33066150781173625
2026-08-06,0.2264561446314359,0.3772744654193121,0.277912305129969,0.31845492567174766,0.21639057781315846,0.1922915302813988,0.15579498375503428,0.2043749598126715,0.1662342434391028,0.14361354618263553,0.20916671620549418,0.1545173036056075,0.17023912525417897,0.20322014066469057,0.33058848268488966
2026-08-07,0.22629766328719195,0.3752084382865056,0.2777300045587618,0.316662464439081,0.21702688388484104,0.1925643909505905,0.154926448316322,0.19969986853170085,0.17043937840796058,0.14304037222218868,0.20155144003099604,0.1543294877076069,0.16911563367364488,0.20059038847138572,0.3245381509992425
2026-08-10,0.22536595657607553,0.37316558643015035,0.277607456420962,0.3055802577153,0.21748332992673597,0.19008666366998148,0.15648478164006926,0.20050924413323068,0.1748734721931922,0.14002852318208606,0.20240176171367474,0.1535062270027101,0.16665568923490917,0.19272830760292617,0.32827025600676013
2026-08-11,0.219134912354624,0.36062993180444364,0.2757767198602393,0.30178488754326416,0.21750448626565522,0.18995544663331823,0.15832151738106504,0.20664490431908136,0.17484606324761076,0.137538552582991,0.21974724742851173,0.158837712335446,0.16722552265416368,0.19365406669902557,0.330125029004988
2026-08-12,0.21948817951151608,0.36152716285862496,0.2749544523967246,0.29973375444742145,0.21663220708970118,0.18910921668280212,0.15862242033386809,0.20652550219101345,0.17299026580922278,0.1374972937616393,0.2191143316692363,0.16317569112366212,0.16981162301324806,0.19365318371908313,0.3312796434069948
2026-08-13,0.21923919795872876,0.36083402219956934,0.27347358167141655,0.29814137465311225,0.21690215333906568,0.19151331893980894,0.1597872832997053,0.20533123004981035,0.17339092888838536,0.1377574108180848,0.21949224960738645,0.15287257149433858,0.16846790195831512,0.1931152701189183,0.3310911242563591
2026-08-14,0.21872664893806681,0.360783204126355,0.27120391938818694,0.2984519523641568,0.21548570012080645,0.19265993587196092,0.15457080245478502,0.204573171920315,0.17492258422417106,0.1274742448071791,0.2191059279114014,0.17108509137509695,0.176173388529591,0.19322963835589577,0.33096033623620424
2026-08-17,0.2139168307436323,0.36441475345980734,0.26883311265164217,0.3001218198660685,0.21486196814002684,0.19275724466585412,0.1577349198741467,0.20825392539396403,0.17559282235104762,0.13782505936123934,0.21546378090568727,0.17258559268317816,0.178096838508426,0.19532794758398886,0.3309146454073378
2026-08-18,0.2144301460597192,0.36720404573341076,0.270393730043446,0.30004382803964225,0.2139697124383823,0.19281149261849956,0.15851829606667925,0.20758618203816862,0.17595459205234554,0.13808206045321053,0.21632181453922175,0.1684212274896513,0.17932159634028041,0.19525105658513464,0.3313094852342402
2026-08-19,0.21486046148441243,0.3670598549748633,0.2705899668566072,0.300003381904047,0.193666140416606,0.1862110127266435,0.15947947495543277,0.20758077908923883,0.17679124883669733,0.14056105492261292,0.21640151325355247,0.16937078071947964,0.1799072415790683,0.1902996389623106,0.3312710075801964
