Date,KOTAKBANK.NS,INFY.NS,WIPRO.NS,TECHM.NS,ONGC.NS,NTPC.NS,ITC.NS,NESTLEIND.NS,BRITANNIA.NS,SUNPHARMA.NS,DRREDDY.NS,APOLLOHOSP.NS,BHARTIARTL.NS,TATASTEEL.NS,DLF.NS
2015-01-01,,,,,,,,,,,,,,,
2015-01-02,0.010289109852643197,0.01965130305474161,0.008870448832724032,0.004894872322773969,0.014968647600818619,0.013688948484459784,0.003132295593115453,0.0021447516193677796,0.025689396241318718,0.004925749243228639,0.003395148996631514,0.0017319248125207132,0.005924779464536067,0.015576486416373436,0.013100443527167327
2015-01-05,-0.004010805984154264,-0.00859302426414843,0.0017942194801234823,-0.01668417095989938,0.011311604280048959,-0.0027699634568592035,0.003937113568421635,0.0005370583532642303,0.0006918690821584583,0.0006051184675897048,-0.022660862024251105,0.0033249008912938915,-0.02218904583632808,0.014485761983171086,-0.024425121138952233
2015-01-06,-0.011923143969757022,-0.02089278296964625,-0.023374626228107598,-0.010726529056758194,-0.0566329864230094,-0.03333340599395129,-0.025693077087340477,-0.0139070639583041,0.001090541791526345,-0.022014058677483295,-0.026314972482637478,-0.029780807355139216,-0.007844052658222078,-0.04847596464135184,-0.01583222606560053
2015-01-07,0.016102709807847004,0.00478450990507473,-0.007611130950971989,-0.004672289282585118,0.01470785612771941,0.024065982817995657,-0.018598369235439893,0.004185939546739625,0.0604974670171039,0.0015461610650560065,-0.008595405500197772,0.007832919327991794,0.002399911441016922,-0.019167792325874178,0.007108345389990278
2015-01-08,0.05438456537383485,0.00504175376823035,0.007207498702390902,0.016736399927351098,0.011093213283070558,0.01683633332372758,0.02503195187032148,0.004384002014268251,-0.013303273788733638,0.011113886515766724,0.008916568236546851,0.017939783044384594,0.017324042820794583,0.01555666993554583,0.060549693961885254
2015-01-09,0.015141792458788661,0.05117961707461349,0.015596307132189402,0.04429902960153509,0.026916534329354924,-0.032424983612570846,-0.015176688392301685,0.013633971041715265,-0.012137064445236434,0.013739453123246648,0.031797433434872735,-0.001509525672260148,-0.014813821825728435,0.011900473383736898,-0.034325832425489256
2015-01-12,0.007384835781238719,0.020005004196117726,0.004607292793482376,0.027477921521994908,-0.009402189699590724,-0.0017826000563223587,0.002661774777888759,0.01196298290648512,-0.006836810040832253,0.006324898551973046,0.013733563789925407,-0.00551263493441001,-0.01925246633156119,-0.007256466409954587,-0.009793210688132437
2015-01-13,0.01600981169729576,-0.012783734377784683,0.013397963802160628,0.002577932550506201,-0.022289158656899843,-0.00750001730315808,0.006287751094590899,0.03897712785024421,0.0007246299662770905,-0.002633610745131798,0.005019685333250479,0.028297949581206794,-0.00759399865682675,-0.01323261088865435,-0.023809544850292852
2015-01-14,-0.001256097988242777,0.01902919784707069,-0.020496998373733533,0.011028350484157068,0.012060644265378118,-0.008636220147002716,-0.034157090997618766,0.010008145146256142,0.0065428794653987765,-0.014944137853533546,-0.0046844098361746855,0.009086366615793429,-0.0014439547520901375,-0.03742012125041794,0.0007504657433339279
2015-01-15,0.006613072146548937,0.0026305670730124575,0.013678964181730091,-0.003492597314091239,0.0071213275479447,0.010526406521186527,0.029039404814845238,0.004018075403510846,-0.006115069233188608,0.006397426209538093,0.010067634602493047,-0.010900046352654846,0.010265882601369514,0.020963467401653002,0.10836136638962812
2015-01-16,-0.003605989497875828,-0.007473297495761866,-0.007953688677326931,0.012635799622707333,0.001731181275812066,0.00862051300905664,0.006147144293179085,0.025862493534016817,-0.0028179012204356813,0.02887747956293585,0.013963659085809432,0.03301699107966649,-0.01860576194702601,-0.003509070090052968,-0.010486924660520147
2015-01-19,-0.00422852038527477,-0.007458690333499662,0.05251769668040174,-0.005928628925004231,0.0011524755813487886,0.009615505186802986,-0.0036104407487449475,0.01270536966665281,-0.010395323267284429,0.015592720775641222,0.011595475292381696,0.012185703942148018,0.02216701749438732,0.0035214270242982515,-0.006153936065897092
2015-01-20,0.004498329054354766,0.010321005695404839,0.010612854612632727,0.0005537132588051552,0.008057809793545534,0.007760094838757059,0.0342811584649505,7.778941869918121e-05,0.006339518409442357,0.01077628427647448,-0.005325153566830609,0.008706498082757808,0.012698258377960903,0.04483408147325152,0.0020637371960441353
2015-01-21,-0.005409604767494081,0.021513892361433085,-0.0028792411324054523,-0.0018920496935517228,-0.012132627853916556,0.004550174542620411,-0.04958222585937622,0.0007771409525672013,-0.0029675539060881606,0.01564843216145073,0.008967949237186579,0.011728616918364132,0.039729267955962655,-0.012189166891395486,-0.01338808498001387
2015-01-22,-0.0003601101735283274,0.012235637987844994,0.018588238789177813,-0.013731040418578422,0.019794580487972446,-0.022996380875608624,-0.005812509551226475,0.002408423112753466,-0.007258373156848519,0.038489629096111644,0.007614432785586933,0.013715176188875411,0.0027100551708123533,0.015865277015245427,0.0340988476063675
2015-01-23,-0.0016936933498626905,0.008468525711578856,0.012193906548189748,0.008212086332529234,-0.011617840749115205,0.01212559493922738,-0.003422101111243747,0.022727584360844544,0.007100916792898149,0.007336688358922094,-0.0034659862278133557,0.04220049834638484,0.038108186946082645,-0.0007438095231663278,0.05450874004556949
2015-01-27,0.002201558272058035,-0.03546215425415955,-0.005400331736645003,0.012909960226284323,0.004157260608209201,0.008808975804963204,0.030619680731530874,0.012633696680357076,-0.0001565943569780126,-0.013811164785545893,-0.040960242973898664,0.04253934703015583,0.026295012446588828,-0.011659594664403583,0.007657801461530944
2015-01-28,-0.02679402110139495,0.0037677715260575617,0.014535288372210742,0.020130452875652072,0.01042113749998852,-0.0020958038732568074,0.005969586832755169,-0.006258184446418014,-0.00031346161307743703,-0.004649843716002966,0.00829602324387313,0.05362604007093674,-0.052257527206852394,-0.01819788163478253,0.032615604362600026
2015-01-29,-0.0146174595965477,0.00044316436527669367,-0.0074927911643489775,0.010806094881475659,-0.005651084525220451,-0.007000334668600172,0.021804901223404283,-0.012267285991294785,-0.002821740561238628,0.011047104593668422,0.03835991134545713,-0.043721401106733504,0.005888574915569267,-0.0019174471039047347,0.022079128016646354
2015-01-30,-0.006909753001422492,-0.00167809843595923,0.006387881887420788,-0.012360221390635195,-0.001563483098133367,0.01268977903938473,-0.004456768754909635,-0.014055272998141577,-0.010139555869728256,-0.002228710590265748,-0.03866726453190028,-0.0336925729412717,-0.005588117092900524,0.00012792185056653693,0.019502021613442055
2015-02-02,0.022802740003563082,-0.00235750673813373,0.030582882281824375,0.00925563787019934,-0.00426924772954318,-0.011138554012548152,-0.021435609152918533,-0.00750695198418827,0.005876067810554497,0.01236716698034579,-0.02911922997731864,0.027254696892151653,-0.03853361230759644,-0.016903341829197838,0.01795181016173486
2015-02-03,-0.03405179808580161,-0.007464515060703891,-0.005679303907177746,0.008324501495230674,0.027440265752241455,0.013727785841737061,0.014973207199340921,0.002669832675808559,0.0127097792409947,0.013077086620244316,-0.01654944293612759,-0.038981815154311206,0.03409422357555836,-0.007164488530983837,-0.016478628200160328
2015-02-04,-0.011329834858588073,0.010349608759518736,-0.003780824660489235,-0.022917893933691147,0.025316617927389817,-0.003141402838332197,0.0042343532101776216,-0.01423343586497472,-0.01566823786272198,0.018804793683922405,0.0031582463699579844,0.009832126866051949,-0.006997960344728105,0.02125450645409166,0.019106270238684164
2015-02-05,-0.0027873747883661038,0.023776605483661895,0.03076558588384737,0.005434276036276442,-0.0322886561584923,-0.018557563748367034,0.0035363903785012862,-0.011264308769423304,-0.021435054311041424,0.0006257001148057828,-0.008024089435441195,-0.01134020598546892,-0.011519000979509197,-0.025565176046680516,-0.022786418272397024
2015-02-06,-0.016305513325301946,0.016728998930465977,0.007833876118566119,-0.0025800183806792276,-0.015841533002457275,-0.0010701347544449513,0.012469553032272707,-0.0021159831106960514,0.013838742746009824,-0.03407839265747137,-0.009033194412376377,-0.02421488568688479,0.009734168352224959,-0.02795000423496885,-0.03512386773823528
2015-02-09,-0.0005130566975043438,0.008249122029478917,0.007073451771520078,-0.0139497201326233,0.015241918205117333,-0.008571607005152804,-0.01499315295829573,-0.007139146131520224,0.0015963625343040633,0.015752242147454965,0.01800100769110191,-0.024459986858047178,-0.032994245714978776,-0.05750726492820801,-0.03884978932624994
2015-02-10,0.015399844958375208,0.013073103782944573,-0.00802701174517062,-0.020546180203294573,-0.0047705675442191176,-0.01188773540963517,0.005436140940509038,-0.0060348452112032325,0.027149855948461088,-0.023262254989816156,0.010131754254213643,-0.013915701258103264,0.00014075903157784175,0.029644599946850203,0.002864459845733469
2015-02-11,0.010071902820434575,0.0028750735225080426,-0.006535999115122704,0.02868788164484104,-0.02735088313011258,0.021874025876192915,0.0033792061191249,0.012790606132549787,-0.0018363746857515961,0.006851315004248404,0.006995997419867894,0.05122389997602106,-0.00014073922126134342,0.020265576294924426,0.005395034074849203
2015-02-12,-0.0016169440563436055,0.01153252323046039,0.01315785364518729,0.02377061077898035,0.00434868993387405,0.013913592358189675,-0.0020205222120395216,-0.008203754098595861,0.019588478292296818,-0.002429953962451825,0.05671873274883721,0.01381617560746573,-0.009547796533382114,0.0008219878924735635,0.0022096407394609496
2015-02-13,0.009949031266348607,-0.00653322361945996,0.021490261060593374,-0.00781987872455081,-0.0199165894400668,0.008093150144139027,0.020653191861304432,0.030631699360250897,0.02815765878590537,0.018351999171136057,0.0038271513030285753,0.0017372650767233377,0.006521129087806665,0.00342181340224057,-0.022362377789788335
2015-02-16,-0.013020501146450703,-0.0075566633111789905,0.0012108133902459794,0.0045037380587886755,0.0026506381132769263,0.005235450256209306,0.030551655010352174,0.016165308235451592,0.005586046217684881,-0.027430808590308886,0.0021830777357176867,0.0009631687143838441,0.01788749051777505,0.008866494688963167,0.001933203601836686
2015-02-18,0.011876855777327222,0.00778931298472485,0.011338050780746567,-0.002517868563942205,-0.02305764295007451,0.014236165519171173,0.009368385060571693,0.003070708376738507,0.010618352470092685,0.0033340908820285176,0.0008952927270227118,0.0056598378446721664,-0.025875335766787355,-0.0062196414063864225,-0.03569154798389351
2015-02-19,-0.0004203761041788878,0.012279694532394636,-0.014200279840356989,-0.021471023604617168,0.0025554273808774397,0.004108174937195397,-0.010171698296287501,-0.017798045661133743,0.012306787972946598,-0.0011982937310773822,0.008541482037015768,-0.00034456649963154895,0.013352267409772578,0.021088404609835854,0.0020008883388007437
2015-02-20,-0.006884890162206725,-0.017894846965779587,-0.014404832492808328,-0.007049071554674824,-0.008247173805079666,-0.006818975669633409,0.017469518234038306,0.019171546216072866,0.00790433775252164,-0.003817956620868923,0.006207730911581333,0.023246933264805092,-0.020605643749056046,-0.0014656209299904743,0.0073212138116944825
2015-02-23,0.01432701249486823,-0.007664795597997265,-0.000384688059925975,-0.01119158146628374,-0.01768955393424476,0.0027463359815780297,-0.014644559813753122,-0.024697967459648917,-0.017711120355928922,-0.0049825490044561604,-0.004142381912284554,0.016094335984377484,-0.005867831612456964,-0.01961561908484777,-0.03171465396316475
2015-02-24,0.02540147620440525,0.00317769296771786,0.0050020130217747205,0.004516557361074813,-0.03016772716667826,0.0037658115328036423,0.013965375688198334,0.0014715256486259598,0.006115252851691011,0.001980789853743392,-0.008864943028406458,-0.003315469450738462,-0.015116560476775454,-0.022458352511739554,0.000682475547173933
2015-02-25,-0.005739364947289438,0.01971179983117577,0.01653900867340652,-0.010300068306861698,0.006665337819091732,-0.003751683400187722,0.010108629428253524,0.006098777138454636,-0.001736556006067258,-0.021637427759028882,-0.023930408712002693,-0.029381266421491636,0.019149167351392826,-0.02283486665150758,0.005455258187352596
2015-02-26,-0.006852595014134488,-0.025673327205573027,-0.008888376359278305,-0.005230233435470022,0.006937201535614612,0.049982919012881544,-0.010132761927113543,-0.004693374131873651,-0.006644449247074968,-0.028122303960917416,-0.00827900794489922,-0.010128284833441414,0.0021512764393356587,-0.016243855435905896,0.02068470716571591
2015-02-27,0.0032998357875901885,0.0033877909511201842,-0.0054718495003536205,0.0318945128218695,0.016909163750129963,0.033257195268461937,-0.004928197182018534,0.0002135387347894646,0.013523570355989056,0.015247616785554863,0.007948474729918109,0.0017694063982744979,0.016745644217369904,0.015787927145733516,0.03621252427276733
2015-03-02,0.05004687942533548,0.011453107416754094,0.015589121572075593,0.008569173860898838,-0.014472830350915511,0.0066267275096332234,-0.12814339660276253,-0.004393710876832602,0.018694976411973485,0.052679402889569626,0.03312966582733656,0.035287853172049743,-0.017314182870712402,0.005418452622144576,-0.008977087602986877
2015-03-03,0.0028473772893276017,0.00268384788967424,0.011963953936551475,0.01694011677224494,0.0014056893613381138,-0.00501563678499084,-0.0049524832402367824,0.015192756913986472,0.021791475044774078,0.0192932329447697,0.0062743757435397285,0.04168822280627005,0.000572947990526318,0.0017017996602892715,-0.02102897940542625
2015-03-04,0.0011003079069822341,-0.010096820563563647,-0.01925789558963964,-0.009970752884849388,0.00015653585090213973,-0.00756108089648222,0.007904845054042653,0.028677237579558756,-0.007447113107476255,0.06706950892580976,-0.005120351466397444,0.009684270501485681,0.005726511770236531,-0.014158161966360994,0.01850642871916741
2015-03-05,0.0014183043795605865,-0.011891753074210087,0.012585167398924346,-0.0004687711341870848,-0.0018717068322404717,0.004126558600804353,0.005809709462682333,-0.0005206811303297698,0.027061565000652044,0.03224677765308215,0.015057054173780227,-0.006629351450184617,-0.009537444660000949,-0.014074289484953262,0.00032440730528127126
2015-03-09,-0.03374047472503128,-0.02560510393716442,-0.011530259754560457,-0.023209044113156496,-0.012345650165424993,-0.040151699459396006,-0.02281574766783878,0.012109719921645112,-0.0051564286623930755,0.0021659749643940795,0.00756931792852833,-0.03219718791490034,-0.012790914357646566,-0.020247664601075188,-0.020434609528981684
2015-03-10,-0.012311426459125419,0.003630169368670888,-0.008786620371290632,0.010119550166429292,-0.005063468554607042,-0.012187170817330895,0.0005911015947821507,0.0017400336781323578,-0.019687819559224606,-0.015705888432338333,-0.00872378659591666,-0.003741241458213418,0.0713349777497172,-0.013975484874507837,-0.04039740404867609
2015-03-11,0.020848829962607063,-0.00718846312475363,0.0006877887104010938,0.028822329597726126,-0.015585123847651428,0.025341797741496475,-0.0010336849063974363,-0.015742699356890322,-0.00048688065653423873,-0.014443798581941558,0.008931598448798761,-0.008063347911560381,0.05870372008201641,-0.01899901363046841,0.0010353706444949928
2015-03-12,-0.004288072828871559,0.01654302308162725,0.0008399191083048319,-0.022127531338666295,0.008723719589094348,0.03869910563887968,0.024985142027023288,0.0066207895272039075,0.019327090704202465,0.026043362680598703,-0.01015006959498177,0.01057840174738156,0.021178219198460635,0.024285281155409733,0.030334232316366894
2015-03-13,-0.020985545004310713,0.0009466524449981417,-0.02449251807360109,-0.013511251857628914,0.005445264981063902,-0.0015651634121225388,-0.020914410409663353,-0.004080101119868895,-0.018073021295423097,-0.02369364090833015,-0.016385977292691978,0.015462619749909923,0.0061589921679128246,-0.02010798701970906,0.0531951067618428
2015-03-16,-0.01960859710795837,0.02082942283184086,0.010950371338250164,0.0033886097653368363,-0.006052958689631849,-0.02257765242820986,-0.011785561900519048,-0.003041727062546462,-0.0029902620131494473,0.018040837190074877,-0.018820950560250127,0.02955011371722005,-0.029606597428997627,-0.0009188310293019031,0.04383727455840081
2015-03-17,0.018784095705353332,-0.011536732429096253,-0.004410159624533061,0.01235899394882023,0.007051384298177643,0.01283271191654145,0.013715019622684288,0.015453517933134986,0.018809454145230164,0.011700752116123425,0.037564071064871696,0.019532735165102233,-0.004763254784552751,0.019466629649099954,0.0042604807659027966
2015-03-18,0.0024262054087649254,-0.0049095124053398775,-0.018650984474015253,-0.021796203491668886,-0.015913490535382713,-0.03294272462795844,-0.009852980607734985,0.002591579550350165,0.0026017097639090547,0.0024953114300156898,-0.0030255498777195244,-0.007029568521083496,-0.011124011235884135,-0.0024055851654325444,-0.0030301856158402307
2015-03-19,-0.012808207855168896,0.00042597821460033103,0.0057809580492267365,-0.01853224922244101,0.0087319879264951,0.013756848385172438,-0.009802585797675345,-0.005541149432239156,0.004779858034847928,0.0031116633346228717,-0.0006856691580789942,0.004407295918578802,-0.0007847776934583051,0.014619509871554914,-0.003343607469408316
2015-03-20,0.010560625466624618,0.012105192380022611,0.027714319716194646,-0.012879399011636816,-0.0017632820276285432,-0.059773720615030834,-0.017699100830124825,-0.014014446440863915,-0.03339134819810807,-0.020138292911161648,0.0005548127304548789,-0.022802640730047008,-0.004450756907912856,-0.02347015596775015,-0.02470260064605445
2015-03-23,-0.0028740582173185647,-0.010631565577682633,-0.011568163662267872,-0.03169705609633866,0.00979607427601037,0.03195884917350966,-0.00015272173348002127,-0.01792371599854503,-0.014413258960951025,-0.0023376938173710338,0.009353153533244951,-0.04030539295650848,0.007889627163996993,0.00821421410485823,-0.0034394732987916843
2015-03-24,0.003668215555866272,-0.009850170037514872,0.01108357743734345,0.004339301248312832,0.009664924560838672,0.016982941829192688,-0.0025962299335401395,-0.015734997815960328,0.02190052998673897,0.012594538306498038,0.015266171256355321,-0.0015104544968911338,0.02765797375266854,-0.012824213451447908,0.004706437310981748
2015-03-25,-0.01059112621715963,0.003459407255021807,0.013568336326127417,-0.005002623064587319,-0.01196549403730307,-0.035036033242195175,0.000612679927588955,0.0028697354283804266,0.0058639448592014976,0.014366298638708974,-0.00024196491687378252,0.05209718518496298,0.0029199421242755985,-0.012226875307358331,0.030918312112520052
2015-03-26,-0.01594359422154812,-0.032783578809026825,-0.04416885470995169,-0.007922603391071203,-0.025997362570533866,-0.02273496203192238,-0.013313068102493109,-0.02791899368858164,0.015013724000995099,-0.023145313062830297,-0.018486812401234065,-0.027038397728276542,0.01177210752453517,-0.02336378390911198,-0.034837929924887434
2015-03-27,-0.004787842227761296,0.02599718415697594,-0.031254911485042336,-0.008062459860629478,0.011107773913875185,0.01111112368192635,-0.015198618345670711,-0.004404517696363075,-0.018142140575040377,-0.016055184865945704,-0.008793767465226199,-0.023969120237516295,-0.057925574941632085,-0.001584389981800216,-0.02730690096081656
2015-03-30,0.009775450584860845,0.011739118934454007,0.018377762784329787,-0.02933908040899047,0.03361197602079824,0.013736115927477366,0.03165356462362934,0.018921667045392443,0.0037836964639477166,-0.00039557952764257553,0.002898509248322245,-0.009896761682712252,0.03426283526934193,0.023167349529216175,0.029364011989160277
2015-03-31,0.0010674704459376905,-0.004331389823581611,0.008742367859680522,0.004386393330026994,-0.028077560089893594,-0.005081246876650236,-0.005190082154687192,0.0004820243044700856,-0.0016650860769035214,0.012959926665200294,0.018523974340014737,0.021371752515748632,0.010015343791990095,-0.017524981784335703,-0.007836795513829986
2015-04-01,0.036398198161233575,-0.020014917022646794,0.006917355299389527,0.004764264786290662,0.0003266207856493786,0.006128692842295891,0.020254861523880452,-0.003483192399999724,0.008802207000459417,0.05591368333089908,0.012870007266425842,0.015191306545550232,0.022883533671922862,0.021783878935251577,0.009162622363580342
2015-04-06,0.026854222841783848,0.0019551047343437933,-0.019030143722467474,0.01683242647660843,0.03524198076131313,0.02944162296616959,0.025718133534071486,0.028628540784966683,0.017978930984325903,0.08153363961920279,0.04080767771164595,0.015215957487075382,-0.0037288702105063853,-0.017148099001767947,0.04852855122417421
2015-04-07,-0.0076918357178901164,-0.008585275350629695,-0.009820543772910084,0.014766548190735529,0.005516524737180228,0.027613546383233212,-0.001173015984671899,0.005069256938597055,0.019127634000567273,-0.01475242848724001,0.0019030886493098809,-0.006767597053661922,0.009855538204696535,0.04841240088024423,-0.03284558481351452
2015-04-08,-0.010996043622283569,0.019008938343104687,0.002032286970770736,0.02979251476994138,-0.01880897894837885,-0.0012797330775430327,0.016588230534945403,-0.015543158589320316,-0.00015503795584603797,-0.0013887474219831386,0.0191597185380612,-0.014019931741406588,0.035577539994413154,0.007795921631817748,-0.0006175782081293546
2015-04-09,0.04301538243958336,0.006566913375007921,0.0013792937420207263,-0.002826214698680163,-0.009105565789197745,0.008007950026022392,0.0025993198099425463,0.007777088008978916,0.008478134804019266,-0.032161551073201844,-0.0040475064762653945,-0.008936562078939003,-0.028510250008445648,0.029604351730512235,-0.015755207834248774
2015-04-10,-0.0057316627094974315,0.008554855881407697,0.0008913167537198952,-0.015214657399109877,-0.0012895112611464032,-0.010804150303997506,-0.0014401399051806596,-0.00035197252997365425,0.0,0.005658142403485611,0.015279804708364875,0.019056730929559507,0.011664972061815382,-0.009680693858774125,-0.005649800632178792
2015-04-13,0.016310256045032778,0.0021714287598137982,0.010522643334123005,0.00636139108784195,0.006779625214342833,0.010600732911928867,0.013991027899266761,7.101105040430156e-06,0.014179949388901214,0.027863407197995738,-0.0005399262364584878,0.0028301352495430088,0.033378009594792646,0.007295022809915119,-0.010101183726008434
2015-04-15,-0.001175844254790448,-0.01121169888840734,-0.028115913781310953,-0.006848120756017484,0.016995422623999668,-0.01875401393017717,0.009815065249792587,-0.004247416917414482,0.014868464073706011,-0.029236682785309887,-0.011000207943439366,-0.008644951203948259,-0.024782743650761718,-0.02187148112388726,-0.022002184381780143
2015-04-16,-0.01766055984939663,-0.008605552397102256,-0.007747447681092701,-0.005758813492814818,0.03310743802796501,0.011337835371418192,-0.013663868218335096,-0.00588543911203665,-0.006568417409973826,-0.02626881918184687,-0.019527971961838198,-0.007495065203788398,0.006864954248105848,0.00014822946081927135,-0.021193533028255884
2015-04-17,-0.02245502173898173,-0.0070167769013945724,-0.02508509135656367,-0.022864147527949408,0.007172164770261835,0.012171781373588653,0.004998526726406549,-0.003692791325407563,-0.01296587250135428,-0.04614182346881701,-0.009007274315903535,-0.04273343453405376,-0.02882782351957125,0.024578078603219033,-0.019653765564402126
2015-04-20,-0.011286888242896032,-0.02161299063666211,-0.01951089093140823,-0.013649532190273983,-0.024848529544219455,-0.022784685695450446,-0.028279062557445833,-0.006806144290258942,-0.05609096743395536,0.005830244649277061,-0.021976210162398035,-0.02924200751783368,-0.008991008184795368,-0.004479809125216283,-0.00611583120099779
2015-04-21,-0.013057240507699519,0.004901352383881674,0.004779220034126785,0.008224222966588313,-0.0045058305771252805,-0.01975386476806995,0.00014605831516556478,-0.009398867951276979,-0.046313288386448215,-0.08775647599198932,-0.029436321716497793,-0.0439931933324369,-0.009943020517879653,0.011031965585380332,-0.05025665358694065
2015-04-22,0.006836764231993975,-0.0022870524209663845,-0.058116467427109075,-0.012078837265064646,-0.0251288398997751,0.008919571541224913,0.00424050068034032,-0.0022938733517232635,-0.0015705269368423425,0.01638310332812498,0.031282358758430995,0.032204164303115235,0.0027619305603079347,0.008901576168873548,-0.015118725785557952
2015-04-23,0.011231456078419244,-0.007344332841612733,-0.018914734437639358,-0.02318156610640365,-0.013928878303209324,-0.02095596917045306,-0.0037857100981789626,0.005333333061662948,0.04133082739564964,-0.02665844908184989,-0.011623763213225669,0.027517066778355304,0.0011265739201919978,0.05151589829421788,-0.004385819883596986
2015-04-24,-0.006751131810350031,-0.05975492996274867,-0.020683154639092982,-0.04502616530794501,0.02890072387518461,0.0020065036326841756,0.01710043272264672,-0.008532792928856892,-0.005553717748561837,0.0057326284389758175,-0.012652914059320564,-0.001733985219061429,-0.0017506381226167766,0.002841935663715267,-0.037812124326496055
2015-04-27,-0.02294905442240014,-0.005287946572385849,0.02025994083657734,-0.00042554628710678166,-0.023670230883107157,-0.01034721804943306,-0.008909547102553206,-0.00024090447621372135,-0.03187364457201958,-0.02216605962439322,-0.028285202490735517,-0.09113363271884545,-0.02041834376985807,-0.004318513418343217,-0.05417795056190999
2015-04-28,0.0038898057653700135,-0.01196675914294354,-0.0029036849525277963,0.03635570422086154,-0.005818868915883013,0.02057352189426398,-0.0211683893473239,-0.0016427776057996724,0.011368604285218131,-0.0016732035044942917,0.007871615756301242,-0.008324298324129953,0.024936037451954718,0.006370414629021548,0.03348144803262243
2015-04-29,-0.009127999629240602,0.0001276973068502496,0.01766083219282466,0.013638248581502532,-0.004064234888648044,0.0019827224261286247,-0.02784772084304754,-0.03969685224619035,0.026992430149830993,0.016921710652237687,-0.008733166785456659,-0.0021412131777950316,-0.033437212260081006,-0.003501859287152187,0.04410603851983863
2015-04-30,0.0023312991820829687,-0.00963752592453504,-0.005631014191169292,0.007213017460937499,-0.007508813555878069,-0.008575034552413596,-0.01767499071864198,0.0010893727085692362,0.02149546378821232,-0.001754341339361587,-0.021345542892098668,-0.023905396394113487,-0.016135442236573372,-0.02594945690874073,0.020186635497618566
2015-05-04,0.00442652356658324,0.02618112373726489,0.004734652022875707,-0.015450119617453018,0.0800987042847976,0.013639438524519543,0.024352456683723434,0.03481890352563721,0.022999758947396254,0.009479671821213786,0.025617396299078665,0.056676596596882955,0.030963073492442872,0.0036077098656075446,0.013558340817649173
2015-05-05,0.06307860481450733,-0.015227443359607906,0.006929625560832875,-0.002942119491428641,0.04202781984409465,-0.012143172987415185,-0.01196248152414947,0.000874423428660176,0.04294151172260374,0.011289793313300489,0.0022384376728263877,-0.0007073374414183764,-0.014889233824591841,0.05101615320666553,0.007230813809363523
2015-05-06,-0.05062352658406344,-0.020736367901848962,-0.023031797610709837,-0.001721366616974418,-0.04164808758257976,-0.03920282881511705,-0.02421419247348644,-0.000682883925776312,-0.04164262327096946,-0.022223280434937487,-0.014473774617411839,-0.022235938702573343,0.008138397237487327,-0.03275453434750086,-0.05527650685986407
2015-05-07,-0.0318232096069172,0.01142008889935453,0.010895266835010187,0.008786054437561308,-0.023940414514076247,-0.014522798396472858,0.013192634325539077,-0.005174322319999924,-0.004872537250194209,-0.009870368124236473,-0.02102371703027528,-0.004259074522925621,0.008841673426954966,-0.00095212291989899,-0.019756753532673033
2015-05-08,0.016281735981021894,0.007176020876448419,0.004366758426260997,0.011640320091113932,-0.014216620529071244,-0.003508639215433651,0.016896678531071352,0.004248051269584385,-0.01473383216834312,0.01330976083696056,0.020576461595765094,0.014456065819875796,0.010923558026535662,-0.0016335331373864559,0.0306201536407833
2015-05-11,0.0071830671792967316,0.01823342947857598,0.0018500594854986563,0.015931527867086626,0.011093803683952963,0.020774691147035673,-0.0047256728620748145,0.001471628352754939,0.03621695868461239,0.025684537332000268,0.002760536811017733,0.05451366568056426,-0.004397856201746486,0.02836107621961692,-0.02030849153723746
2015-05-12,-0.015085153563154319,-0.023349265842696476,-0.014127286255793514,-0.023918737320090866,-0.029310432698064992,-0.02276652398953105,-0.0067393564420309415,-0.014964255958197503,-0.004730420699137761,-0.015294608472089188,0.03250321597008288,-0.009315651754185361,-0.011736361746233825,-0.06231775484590851,-0.03646837178042028
2015-05-13,0.017173774740122827,0.004930129633069713,0.015734533422117725,0.00024350693877228657,0.004682629106166569,-0.02294372398100919,0.011102833948909874,-0.00043993480235149374,0.004488832762677308,0.004633614176133394,0.007278970927810047,-0.002703845707650032,-0.022985620576707166,0.016685763827488653,-0.003983978131475885
2015-05-14,-0.010957839808025782,-0.011192112168681434,-0.010603918443498839,-0.001460258594403907,0.016232630990581365,0.004696343042280615,-0.009608205075497978,0.022830682916769707,-0.01064593174931594,-0.010115078781945952,0.0072261813766516525,0.009671267815364759,0.009018484095760781,0.01919344281129942,0.015599863326459351
2015-05-15,0.013378103770549377,0.013929252112871104,0.0036348033348341247,0.004711873345917272,0.008698661093573978,-0.021215630536955854,0.005235747135850621,0.025793335870422984,0.0024797153729005927,0.002064872897669323,-0.006521016862035989,0.0009218938899113738,0.015543824015711749,-0.006277652907505149,-0.01536024559452398
2015-05-18,0.014726199699043319,0.01595507548751174,0.010771576498531887,-0.009298688335231842,0.008936850791598339,0.00036759252433515854,0.020220289908325917,0.006549253520910847,0.013229661299647422,0.011200788375973492,0.03603688092201729,0.018939733953415194,0.013903169967696805,0.00013753618368972376,-0.0175999925004634
2015-05-19,0.009491550133811533,0.014701173172951831,0.015342285988941162,0.010855091218224144,-0.012898545872532252,-0.0003674574497236627,-0.0013512660320811332,-0.003141539003930882,0.013470590912960212,0.0001046060604199539,0.0037405019800511585,0.002004016022539634,0.0013839644578217403,0.01153379341015448,0.011400531706266426
2015-05-20,0.005409219190968928,0.012336939590800844,0.02062963803553064,0.03480013804019788,-0.009603035346043898,0.00036759252433515854,-0.0018039112221504006,-0.009546406279459796,0.0031401377885531545,0.008672457521673893,-0.0074946296645947985,0.02482565719959018,0.006407137390449291,-0.019139481129458735,-0.007648851558820446
2015-05-21,0.009207413336891124,0.0005617513167552879,0.0004430995992539266,0.02309622956282298,0.011921812362556627,-0.008813893222150093,-0.013707123637457297,-0.0018245487620700551,-0.018953475238677853,0.016470883694683414,0.0028958419271281066,-0.007577368371395443,-0.010236192994455218,-0.05272638413318942,0.0073023394037257106
2015-05-22,-0.007298772326973624,-0.0009762824165718831,-0.006645768859670942,0.0174649736957031,0.014923186192598026,0.00296398897261696,0.005345095902311137,0.006763802500219018,0.06250419092512516,0.022929864387438936,0.0064792439832757065,0.009640298783498036,-0.003909684192530016,-0.0027757997768629306,-0.007652208046505682
2015-05-25,-0.008794092394067254,-0.014488504057723395,0.0046385830346895585,-0.02788398859221375,0.020120621719937004,-0.008126931840237828,-0.03752071862448725,-0.008476737524817368,0.0313267281957359,-0.0015941290779196704,-0.015702893495183834,-0.024557762058766808,0.012661564923704294,-0.02724860612141089,-0.015422012129394314
2015-05-26,0.005308826167011338,-0.004710447762680481,-0.00861308322442611,-0.012645493515045625,-0.02139268651266757,-0.013035242016321336,-0.00883857433088453,-0.018921294085116003,0.0026525017580216748,-0.00728422257660899,-0.010654025265365186,-0.028935002851673053,0.0016255322712486198,0.0025602402841065075,-0.036273686458132004
2015-05-27,-0.005678482239666716,-0.019329299450586146,-0.010568681438015037,-0.14236655023634148,0.029457237178848406,0.013207403720221667,0.01178390683915631,0.03778663949731653,0.025898631694489804,-0.01939996061139926,0.011107048210290182,-0.010644889479463182,0.020471749844917175,-0.01412042279904846,0.021385706829857076
2015-05-28,-0.004656181037766549,0.024434699863808085,0.0039831139672901195,-0.007284496546270058,-0.012349269276318298,0.0029795445664546616,0.011803285761330162,-0.0006866645071579303,0.030440998989435863,-0.02127026322412251,-0.016366244742209712,-0.0037494831085252978,-0.014067511409008637,-0.01051354972452867,0.0
2015-05-29,0.022767876985745783,0.003248013899095792,0.012893198707879305,0.017061347402696825,0.0059469288629212524,0.014110364435489187,0.01757634287743537,-0.04337151602950817,-0.042355889239301225,0.011835134945789916,0.002069312806189494,-0.007936228193386241,0.05607970301054088,0.011703156975974904,-0.013818892316525
2015-06-01,-0.004680877375425663,0.012184053921905136,0.003293766804479903,-0.006854408880776264,-0.017432267535546497,0.014646794657138917,0.0151331225023843,-0.012049042871034588,0.009116860803740412,-0.09155353944527211,0.0009050193875348445,0.010556379979791197,-0.021146575545391677,0.0035008380530230365,0.003396866090653594
2015-06-02,-0.024016966443499044,-0.019118091803589587,-0.02617320975656634,-0.0021792752699816287,-0.011724825376152603,-0.0043304618737975975,-0.04035543024521804,0.01994686983213434,-0.022897962543916406,-0.01925595546054304,-0.01828475791740536,-0.014975117871583676,0.0036005252728354975,-0.02396497721401436,-0.042742311640404096
2015-06-03,-0.009821399043094314,0.006098838363325809,-0.0058311259623744505,-0.003731628913032581,-0.03886981846871296,0.003624561237064894,-0.02485691462530637,-0.09058891663914825,0.000996602692660442,-0.021318705257537984,-0.013156006032925549,0.004805178533261234,0.0062185669662158105,-0.01709397873534757,-0.02254639909276257
2015-06-04,0.014153608730424594,0.003537780679960578,0.013013259702030933,0.018087281020072732,-0.021114139001215282,-0.011195570645109787,-0.009198385087388239,-0.029497591611161278,0.027392766565232707,-0.01287985379256662,-0.0017647268478336864,0.0009070230154994974,-0.010221199458145813,-0.025928766364212597,0.005427463086361106
2015-06-05,-0.006337243826775807,-0.008086570375569924,0.005608530180380322,-0.00672970306194598,0.022730973695491707,0.023009907262406815,0.008952536115186538,0.0011908750073761354,0.05001153068995823,0.019662189294890053,-0.001870134682506519,-0.014951794206929603,-0.0019211970884034368,0.009900919168275069,-0.03508772201819754
2015-06-08,-0.0025802125213405525,-0.005766322569425775,-0.0014391719205645304,-0.0053294258543975515,-0.005840323624595523,-0.011424695481694003,0.00016455499250889183,-0.07362414039230314,-0.024174669674916327,-0.02164171258617842,-0.00250350219606299,0.012502623777187027,-0.012150917318494936,-0.02844732889368462,0.024708597854555148
2015-06-09,-0.016187960140633284,-0.003975026409932192,-0.020630738157442208,-0.018254372322056178,-0.016155518504935684,0.003972432047240071,-0.012321900251502482,0.07099099026886924,-0.017530345658165136,-0.022783725185588244,-0.024992209924483477,-0.03200639376309988,-0.0063331032498515905,0.008271221201758161,0.008189306054410261
2015-06-10,0.0027423484510671337,0.017268259196973945,0.03532333160713286,0.029231959422279186,0.012937724355466251,0.007194461029782939,0.0016637111810418048,0.01609567382939492,-9.63418154823481e-05,0.015358249519621836,0.013456192521587251,0.027475567309262594,0.017403987316240155,0.004101774061982866,0.010830433273320672
2015-06-11,-0.040236984062366754,-0.014236327782194413,-0.02967559549875276,0.0022468285405936594,-0.014245777719823716,-0.024643248921251804,-0.013450983224914559,0.017218204791998204,0.002040531475296925,-0.004313010670611628,-0.015995298143101966,0.012539943570834433,-0.010841829183744989,-0.02385622160387002,-0.03660728723884665
2015-06-12,0.02357733783755611,-0.011313336401121976,-0.01593252840836723,-0.010940544650171247,-0.001993694773766652,-0.0003658840195381874,0.0016833584012474478,-0.01257129138022739,0.0010950241929437166,-0.007321112073890856,0.001448856848457858,-0.03354523178453839,0.010351806066667413,-0.003850283690712053,-0.003243570513221883
2015-06-15,-0.016322051278919947,0.018169634556416625,0.006606483579481015,0.004714922973616753,0.011817727181781867,-0.004761813825770678,0.0031927709498269508,-0.021709346808382213,0.00677413635572699,0.02968474436133528,0.0009195167072741928,0.006279937525250245,-0.002772466606314139,-0.001848250951183128,0.005578615302665568
2015-06-16,-0.0004266935268520955,0.008985579407729594,-0.0011092834017224495,-0.004692796798182575,0.0016447517383728627,0.013249684498009007,0.0015076628987589213,-0.02861458201081002,-0.004383984027983234,0.002865139342199452,-0.01023924453699454,0.005565966504313069,0.0015714986569046463,-0.00858585640830789,-0.0023115943085464385
2015-06-17,0.004576926441421936,-0.0036520095993324286,0.011567602885709238,-0.00417064539125378,0.005091465338348922,-0.00472193312539404,0.007191849681510432,0.009378366840749441,0.056190216264731196,0.0045232251084212916,0.018438627063427804,-0.0037737727324855808,0.019309701074538888,0.03599936598744735,0.006024070409092808
2015-06-18,0.010238401095202798,0.006276793425437743,0.017473439821756864,-0.014477087491101548,0.022385484686581858,-0.002919835048743047,0.0026569126530964216,0.04157425676638171,-0.02686307316514913,0.014397187600540207,0.009037354880291115,0.001304699346238003,0.009826996216891759,-0.004425613019881758,-0.01520038271626789
2015-06-19,0.0158709911400019,-0.0065871661584646635,0.009800295549646565,0.005450791434669977,0.02013721263341739,-0.004026231829653559,0.0102681098922075,0.03277902269160804,0.007879006086455531,-0.01179832362044031,0.0021614240701901544,0.053472549292800986,0.017704179137168596,0.004115866130599555,-0.003741637594728786
2015-06-22,0.022399511824223284,0.028633275562540472,-0.0024040851199871316,0.013415470811716235,-0.0023499089125902373,0.0069827313761980925,0.017704899237870775,0.0024838719886466354,0.02892322300164274,0.01294413713467435,0.01215745897156384,0.03619312479620196,-0.02188912717338143,0.01869184345606789,0.0760561614084283
2015-06-23,0.016606449113051536,-0.02290382188791762,-0.00499836497052597,0.003898705619226117,0.0015706719029915384,0.016423378460429072,0.013369943026137365,-0.026800180733374757,-0.016165663387536666,0.0009336213324833142,0.005093447994308553,-0.017406767845617344,0.01366287806841937,0.007725516569262236,0.02530537685970935
2015-06-24,0.002426973474808136,-0.005297889579353066,0.014352486146392618,-0.01499288811401922,-0.0031358545442898844,-0.017594337520933867,-0.0028611344286285645,-0.020194816133452975,-0.01681453214192541,0.01562318126508444,-0.002555635344238305,0.006505954485911847,-0.01243304544644741,-0.027152033038695622,-0.025957483067524323
2015-06-25,0.01647618186792843,-0.0046728635157506915,-0.023434737485017787,-0.028424563519250046,-0.01557109286801972,-0.008771915025124977,-0.0041448681475277915,-0.027922489636157843,0.0003529847636201122,-0.0057397831981812475,0.01482016691832766,0.01327835687410106,0.004118259676586744,-0.006074576062545356,0.03276548745351526
2015-06-26,-0.018697502176283853,0.014942727065168748,0.011772121105451339,-0.015100053577788097,0.0007988212223826174,0.015486699304285478,-0.014086700338585056,0.02085139584716833,0.018673803486241924,0.0012699772592286163,0.01281028073987045,0.00649445088822409,-0.020506419324796465,-0.013379642889095544,0.015228579586569868
2015-06-29,-0.008584886417972504,-0.015021081032008166,-0.011187724708936586,-0.07368704884656152,-0.013250281134893238,0.00689906078753455,0.006494532136493758,0.018948980686017025,-0.01587155164766696,-0.02035296650572438,-0.0025353941642717315,-0.02008323260177769,-0.009690028647939664,-0.007868713732193111,-0.025000175913973632
2015-06-30,0.0126784911860236,-0.005857540830311758,-0.01031859675746094,-0.011482568977654761,0.001779816312422522,-0.0072125237723051905,0.01677693873779673,0.04631008048682239,0.02318221298754053,0.029486214912930908,0.010877089099493809,0.025482324331187023,0.014858655839157686,0.028012022518268287,-0.0008546235613345887
2015-07-01,0.01619984100236227,0.013257288497823705,0.011066489257269607,0.017475974176201614,0.013888946161978444,0.004722130386307866,-0.004918368202888823,-0.03270524183799117,-0.011364727912099748,-0.0017151511923960694,0.00397536684543498,0.011208425551459511,0.010474808472987762,0.007715187358166231,0.004277067660278355
2015-07-02,0.019243786381844874,-0.009424435855093116,0.0054272597714917215,-0.014090237952068652,-0.012424516592575263,-0.004699936672532767,0.004623774073212905,0.01581107890226474,0.005381476675944796,-0.00229051668536584,-0.007247470934621747,-0.008379109584233269,0.020497293010195428,-0.00847059404133732,-0.00511056399977039
2015-07-03,-0.004528415218664983,0.0023280221607684393,-0.011156086261964848,-0.01606508980879795,-0.0025803987250128113,0.008717847457346162,0.0017457885861009714,-0.012240290800773823,0.008902983754114357,-0.0001146851979535457,0.01128881980350993,-0.013981870701452181,0.004501749041441183,-0.01034973481120871,-0.006849432290134461
2015-07-06,0.01053286108594298,-0.007068824828372011,0.0009099230205968922,-0.014949150510244924,-0.0030728121447207712,-0.0061218832637723875,0.008872061338813353,-0.007283066669185767,0.0053957600426703944,0.009069916049245563,0.035941927127819406,-0.0013832610951712843,-0.0045966085507141985,-0.0073042260016117355,0.0137931925813366
2015-07-07,-0.012673929704542064,-0.002847307407669142,0.006817586405827081,0.014745385835879254,-0.010705319299362803,-0.02572468170278619,-0.003298012132247785,-0.005792320682164398,0.0006643508395967057,0.007338808224319093,0.006255255840896812,0.0031166975076102332,-0.002886031265758926,-0.0026754184618361654,0.01360538236710318
2015-07-08,-0.00799665025608709,-0.023457537292801867,-0.0018959645742795406,-0.002333367821036214,-0.006558675263119262,-0.0107845450837728,-0.013864428835799414,-0.014618067467844997,0.0015782973860729577,-0.015869582232709956,-0.005106686185626708,0.008209771068703464,-0.003589448182188648,-0.050469726030989315,-0.022650980757259465
2015-07-09,-0.0026869285966050205,-0.020365566810398472,-0.01420178548810691,0.008505217598203219,-0.014028745192047443,-0.014285419715420633,-0.007509473297719893,0.0056787976741334845,0.011461871018904501,0.001262551504462639,0.0030101430585620648,0.007419807261606515,0.008366411252848538,-0.009359057776268997,0.003004204777306896
2015-07-10,0.005955660495391424,-0.0005329619942903152,0.006881936319008686,-0.000632532495732252,-0.016069370925123283,-0.009534705817598632,-0.0022535520154299826,-0.011036676800816547,0.005364822063531394,0.033413587815004364,0.010357976825150494,0.0035880683288169735,-0.03364838425037364,0.0014262762156203035,-0.018827476175683144
2015-07-13,0.007894012044874499,0.013493221600199279,0.020049284895768293,0.0037974118473840246,-0.011228558297830094,0.025028710827390332,0.015165860734191128,-0.001324804618511921,0.0023071518689157244,0.015473313766732222,0.0020397788400530192,0.007113174390620758,0.0104936326330054,0.012637893700548686,0.006541845438004401
2015-07-14,-0.006014106539228736,0.022206968824501905,0.010274315338369089,0.0023118819865299844,-0.003096916709312336,0.0,-0.007310590385860016,-0.00040264150629620854,-0.005025338524657141,0.004260037855162269,0.003938149182624917,0.00837062502344832,-0.003304018594877167,-0.011601366318012007,-0.008665770453100574
2015-07-15,0.002251631358493711,0.01312747729590158,0.021842954826206906,0.006395503880778586,0.0051776541390660125,0.00037577576427882953,0.00544326365610992,0.0024859478569565496,0.0005649468966062443,0.011257278785818947,0.011144889659289836,0.01067289338456745,0.0015391369265549404,-0.0026675517481975497,0.020104733477483983
2015-07-16,0.040642634538971434,0.005132163881050866,-0.004240635564071504,0.02469008651875204,0.0013737008053202882,0.011641002210269091,0.012579773405497985,0.009651730583202456,0.003247795414906829,0.012476426433041699,0.013499394159167455,0.004400030755107753,0.004019394512324137,0.0014264930492835504,-0.0055696664963115206
2015-07-17,-0.010927512300456188,0.01294173170012436,-0.012080648444805053,0.021045140046831,0.00411538061079586,0.006310089400156427,0.013681322699795384,0.00881261751246698,0.012789704066082042,0.006692578122670767,0.0027285791332545273,-0.0074838985530201185,0.002825765599036245,0.011574122138634069,-0.015941484410550877
2015-07-20,0.004705837668692814,-0.0005989752495428879,0.012915266269428294,-0.0026884434784745226,-0.003244378459087538,0.0011067512124434131,-0.005584888988993564,-0.0012423252537633322,0.0011986253275080294,0.0003693615770596903,0.013721916520772037,-0.006583940402087318,0.008453665879408545,-0.0017604672940493282,-0.048160992803137015
2015-07-21,-0.021653486363876984,0.11126118482096103,0.014069807092947473,0.017172668227990906,-0.03632044355913311,-0.0007369517470688924,-0.022152763973047773,-0.0004196784984678015,-0.0023421392959763754,-0.15058029964337838,-0.019617240554570703,-0.004220850688077427,0.03679132117641637,-0.031211400242925902,-0.019319222272238923
2015-07-22,0.01110089951037696,-0.008538186331700004,0.013874276545028597,0.0014722839360412632,0.012800197687765191,0.014380456436067668,0.003509959725505052,-0.012837002933925756,-0.006347673958648659,0.0363864287764033,-0.0014012802377206812,0.016732308207589863,-0.013138723368352978,0.02075009266090877,0.0
2015-07-23,-0.011390849315508156,-0.004668642723954841,0.00761203574916669,-0.008132555832529587,-0.0035105642218818955,0.005816123214243518,0.0019078371981888775,0.011651148063806183,-0.0023977340623132504,-0.0068301591643280535,0.017062006785161232,0.009179277603968083,-0.014792886663255733,-0.009177710951368212,0.011256905686608087
2015-07-24,0.0060388515001661425,-0.009471706700922233,-0.037857624304109216,0.021997659790200075,-0.0035233533637746284,-0.002530024041214385,-0.0017456223221260503,-0.004371959521280333,0.015806867016890047,0.008867709797646173,-0.001150076748718032,-0.00047121642272129893,0.0023100261626944896,-0.017969703308323592,-0.0426715132638672
2015-07-27,-0.013384877317674793,-0.02050389279782372,-0.008998511398671916,0.016632443026318944,-0.04012685617749989,-0.02753576493400889,-0.009219618553206632,0.0377036377898472,0.018373708837909897,-0.014948593581705638,-0.013827398586725326,-0.014139563325875626,-0.03675971549611923,-0.05395188605367418,-0.019379927804296093
2015-07-28,0.020139795889824397,-0.0022999412864921354,-0.008902555231562914,0.007699028298492339,-0.006077115466002092,0.02123646297769577,-0.0014439353313550063,-0.011012123271885388,0.015023948202504078,-0.004309869255806231,-0.0274330061060315,-0.020520729638405566,-0.019021228634562015,-0.005982242427856943,-0.05731226440620363
2015-07-29,-0.004729925473881069,0.021216459467549242,0.014731116645691156,0.003820268795182935,-0.0003713168901726682,-0.011309443675225905,-0.02313614799799546,-0.006427215721318991,-0.0026209423364047524,0.011705226861540519,-0.00980225188359285,-0.00540666920509858,0.018658478497399322,0.0052155504213589055,0.06446558673994462
2015-07-30,-0.012604095925870529,-0.014188342457043701,-0.005045823287709195,-0.002283619536966097,0.004263632791140948,0.002583037957231804,0.03930913935390756,0.029020064670916,0.03286457368715001,-0.018680272428793776,0.05407621324860101,0.007203815988364948,-0.001676201193997029,-0.00957897754799053,0.08025601680645877
2015-07-31,-0.029854974791755695,0.0065889893403052735,0.013968263539412273,0.012110515935298771,0.006644545672175761,-0.005888904123771965,0.03180903951438219,0.004138138449115258,0.028654785260547433,0.01000915473972186,0.041654978679600774,0.02379089776508958,0.004437098945368367,-0.005037294130320946,0.04876923504681718
2015-08-03,-0.007477727213396235,0.001763927487692607,0.0009651436870723451,-0.013378772875670242,0.0034838056983723664,0.0,0.017024235245382213,-0.004899705787259068,-0.005327032039036506,0.010396439202509544,0.016633552821840203,0.013861725167080285,0.0002390232899946998,0.004252890924903996,0.003911401088613875
2015-08-04,0.0009416466612723884,-0.020112104236355455,-0.018495870944133186,0.03523686131692272,-0.02667688194068818,0.0007403981965046214,-0.004976617197563149,0.0038568172845214743,0.012368908436222625,-0.0010230116091430874,0.004307405702134837,-0.007361843486739406,-0.013487858997793256,0.03367611683069294,-0.0038961616377426456
2015-08-05,0.0015200930761942733,0.02752436152868043,0.027685944633345727,0.015773508675465786,0.013704096429721035,0.011838510695685311,0.005759588228342105,0.07679550759981568,-0.006093148375069468,0.014215433050024595,0.007220668190988766,0.00390908402524337,0.010405200953289562,0.023410086756807225,0.06127789310973908
2015-08-06,0.021534838200487627,0.0005521572722397838,-0.006517670865699987,-0.03033035231187209,0.0035182006057756787,-0.006215398581731479,-0.016726855848323896,-0.05151131278947496,-0.005243619243123998,0.004157327423526258,0.017844414420675747,0.04174233589206522,-0.0061071510611930835,-0.004956267250745383,0.002866419556179167
2015-08-07,-0.00254680368030058,0.007958175097296571,-0.004373753250391799,0.002340944144239021,0.0439195171079485,-0.015084677170006389,-0.005517805670903542,0.009636369325908944,0.0200496080238608,0.007747629138218581,-0.0018163664664647694,0.003947714137898295,-0.00819269871546291,0.004023035480716697,0.02654147042745114
2015-08-10,0.0032625279337792357,-0.008762185367859221,-0.009927930009936192,-0.007848155817144487,-0.027576154294101207,-0.018677524063892337,-0.010786985304514829,-0.024463292812360038,0.03476727388369483,-0.013205154994324286,0.0001992808460180573,0.006054679416449993,-0.0034014134866872103,-0.0034344268694739277,0.020684077915629207
2015-08-11,-0.0036760675506368745,0.021316751537463263,0.004791861759270599,0.018269206570831864,-0.018178516280480173,-0.004187364293354867,-0.002648716133700324,-0.011121834904053607,0.01594735063948427,0.00124905033544076,-0.008415933462094682,-0.01220961442802293,-0.013042358981540048,-0.05494925825737862,-0.03078721944813101
2015-08-12,-0.02632331846499736,0.031781028202084505,0.02048937368887427,0.031258543361781355,-0.0025920495215160377,-0.021024445032850836,-0.010465258291969315,-0.013146360130244727,0.0,0.028987164024974588,0.012109740381480272,-0.045414577845909854,-0.015190896826843936,0.009116768724342972,0.0
2015-08-13,0.006704313453615995,0.011883686484312816,-0.011337121145468365,-0.011209714504918034,0.001484618358432499,-0.0015621698320555932,-0.0012624888251634436,0.013305378851106608,0.009489601359280897,0.014893445319438703,0.003918009452055671,-0.019330888215358777,-0.029459127623078007,-0.06203587341482919,-0.08122235377289955
2015-08-14,0.03901553398425861,-0.007556037921149783,0.0070902289721133105,0.0068020465788865,0.0024101301933237007,0.014079402409616026,0.005689486586619719,-0.007669420845226149,-0.01621156736532059,0.021216222307988364,-0.007922068688795747,0.01174479237659054,0.026767053858369305,0.017123417273319452,0.18380740385004057
2015-08-17,0.0029260199269458553,-0.006177952550644461,0.0010431742301575397,-0.005675122970898117,-0.02366873508909606,-0.012341034000882711,-0.0039287412398797406,-0.0212800590667086,-0.014205631902223126,0.00946861943093591,-0.017920397109588038,0.016266691864876393,-0.012401912293976802,0.03851005199246904,-0.029643409880830807
2015-08-18,-0.020422596923497793,0.019436987449921617,-0.008161823156283443,0.019116099421167876,-0.012121186934068495,-0.006247513055102294,-0.006469233019394394,0.004775512380261304,0.0061432678744393066,-0.018152721249010573,0.002367770049813922,-0.01571541174198321,-0.011916989718617321,0.022695119600513847,-0.009667497031223493
2015-08-19,0.010353493533580282,0.009619117472027705,0.023811568367907654,-0.0038228535246698225,-0.000766950821678436,-0.009823502575743381,0.006511356501877286,-0.01070594037416317,-0.006919734065928385,0.042708498093921854,0.00953153761702552,0.017296981317370896,-0.007781129046265489,-0.010105144095637675,-0.010542731963239405
2015-08-20,-0.020985444512962248,-0.03487721114714737,-0.013680982671308684,-0.0024983935469639063,-0.01841903399946554,-0.0003967350066600428,0.03928667624671056,0.008559427424248645,-0.02099563245851388,0.009593163878546473,0.015196220245952352,-0.02764767022305048,-0.006665690147412806,-0.03302630589087929,-0.05288076970156663
2015-08-21,-0.013549497062424587,0.013529651682461452,-0.0013006555761448935,0.007425075480298027,0.0005862811154782044,-0.02024604314809675,0.00425083143744498,-0.009779029250000737,-0.007768872945991601,0.001334630460680497,-0.012000524218657271,-0.026789599440996903,-0.027499918077324326,-0.01780177192614507,-0.05041665425771569
2015-08-24,-0.058720949733787386,-0.050308694307141466,-0.05494792231888013,-0.06997602494219668,-0.1103729347024851,-0.06563997373600106,-0.03189720748118263,-0.008989605532417344,-0.0616061915838263,-0.049898609372738933,-0.04731339389824585,-0.037662625852016296,-0.05750249436331678,-0.13129596828435908,-0.15182094276377212
2015-08-25,-0.012584897979885712,-0.00586047109940957,-0.0056029747032447785,0.008307246585732564,0.01295539010985447,0.03339095191948793,-0.0009368829829987657,0.021106934250732623,-0.008443750111781778,-0.0005611557814343415,0.015359051843186977,0.02082484435127485,0.00014352564245134758,0.03566212988544715,0.15985489757995452
2015-08-26,-0.019078878237818286,-0.019389600434052467,0.01782738472414147,-0.03920480016722294,-0.0251461759695234,0.006294518805219695,-0.0070335942501739135,-0.01609517049826814,-0.03231556621384213,-0.019874327471141373,-0.010754385475059247,-0.020361248532082876,-0.026266515160253356,0.010306959404815297,-0.01338093009973984
2015-08-27,0.036907215786845304,0.01709580809342115,0.0007261227910544399,0.024147403785937493,0.024238616362791676,-0.006255145673150553,0.025342262551828476,-0.0011871927641279312,0.02138363737819815,0.033337186567472754,0.016965590608410963,0.03734018293882069,0.023879730855593584,0.04984931710960838,0.03752273302041487
2015-08-28,-0.004535680012565102,0.026089999324671265,0.02221813576168752,-0.006255450054806322,0.057967709185351435,0.020562413808151936,0.003991627877514503,0.007867332370812274,0.010705894803274107,-0.01723940074192709,0.012263662988678536,0.032765214534293374,0.04376617488417667,0.01126328003296817,0.003921559344146619
2015-08-31,0.0065642274908184195,-0.01498595609206721,0.014549461049819357,-0.0025177123411767033,-0.017853347485255577,-0.0012337178550905215,-0.00565742714692441,-0.022810960896817667,-0.014745227502859115,0.014101204095589459,0.029157254640427066,-0.0018989951684557083,-0.022620847196067828,-0.015505658452627191,-0.03732640731072956
2015-09-01,-0.0582323211696959,-0.004934217960125498,-0.013378877562363445,-0.005242896085560389,-0.02173029963752271,-0.00988048113394524,-0.0298324926797483,0.006403745577329145,-0.0030888271241976684,0.0033371616322677156,-0.012445823378163134,-0.021899632318508222,-0.025119826084237906,-0.04037280428016021,-0.04598731948607726
2015-09-02,-0.008228248770826174,0.009595860570572157,-0.017548522148753798,0.04626206379340214,-0.03801784739364711,-0.031185031889202408,0.014740629241088765,-0.012259431428844558,0.021346213122090507,-0.013082871199168622,-0.011519960250250927,-0.0005338895849541503,-0.006224571915268928,0.014794183719900156,0.03686194212623173
2015-09-03,0.03022842427261585,-9.102969810159678e-05,0.023274807763904226,0.008209081102221516,0.01753990462944821,0.02483645003849766,-0.00031210065699538436,0.01778264614440772,0.00831296621216504,-0.0058417842406727205,0.00215461423545249,0.011906949863964567,0.010196397203386054,0.04669722365063045,0.09936172389335107
2015-09-04,-0.03316856556237868,-0.02310452578021016,-0.023186114766806987,-0.02054052700142317,-0.01571029980131866,-0.026360511245046236,-0.009062705265875937,-0.00660249649784439,-0.006582435096749828,-0.03079255349755361,-0.03714475418239083,-0.009919087208807964,0.009372748365878758,-0.04722513943079332,-0.03192353560880179
2015-09-07,-0.00931877632025091,-0.014153305690216111,-0.0034297632560696956,0.016436898110558706,0.004443796651794507,-0.016593981935505542,-0.011510308540536696,0.0009589222286501276,-0.03040221498375051,-0.024717264875118827,-0.026240839325641474,-0.03973028198659889,-0.008285605749628888,-0.013933244050685079,-0.03468964350887582
2015-09-08,0.03288098905375758,4.742024152859514e-05,0.020829559321493996,-0.0014870482620178427,0.01703105515902159,0.016429820629773273,-0.0017548112562719709,-0.016521406841561115,-0.018672135495697573,0.009683167506902901,0.007867833513224065,0.04248496285850889,0.0018728052574539245,0.059763724212400726,0.06787947581938991
2015-09-09,0.023049696832631916,0.028239322425689606,-0.004435512047360701,-0.00707361502025905,0.0021751552321815915,0.05635665538481205,0.004793926642428614,0.014299479709522167,0.012890114977259559,-0.006571184815779563,0.015964350624309898,0.02968035232550914,0.019410245803433535,0.046994438653946924,0.017864464553101644
2015-09-10,0.000945330563918878,-0.0075778950485048124,-0.016040176056306366,0.0007498955270277552,-0.015190879684134573,-0.013647624565392369,-0.003339860533100869,0.003090688427312749,-0.005399338244919671,0.0007748445432793627,-0.016703457007887446,0.04260924758090323,-0.01142429501456721,0.002922752557228847,0.01142867636282241
2015-09-11,-0.006374954866772531,0.00953315686743239,0.01267910381900128,-0.01639195706594765,0.006390594997895072,0.0033542931801608944,0.0012765223776414203,-0.0006413674576749573,0.031228148478762208,0.0075620358630683615,0.010230211795513089,-0.02785966432421061,-0.004993714216715794,-0.030183108544481363,0.007263836752255726
2015-09-14,0.022970225555407175,0.008251064922339735,0.022446807055485296,0.0014284563409026063,0.005692969283609628,0.05223550560109991,-0.00031852869611426193,0.00920677524378477,0.012661319021650241,0.013001844509427096,0.007099716857358107,-0.0026981092382699634,0.01562956599821974,0.03799086805722052,0.01041671838953051
2015-09-15,-0.008904275789182514,-0.0005000770243055452,-0.0009622648311109483,0.02871814640148984,-0.0017418270332907326,0.007545768567044364,0.010840115652278826,-0.005696485625946601,0.027981788135922336,0.011259502895535789,-0.011415582986947448,-0.00043862741168754216,-0.008894694531707992,-0.05459041969954981,-0.02973834550833243
2015-09-16,0.0015625033804158583,0.0022288599184265845,0.016547058873527698,0.006008298254649214,0.005452783121203453,0.00788342221128202,0.016085580946385347,0.012346363933393611,-0.020650899896649366,0.023652949947497337,0.003465314027749855,-0.022603435753334122,0.024216621910258196,0.008311368329523061,0.010216583692583159
2015-09-18,0.025584958661857282,0.00254164636183285,0.019722660732325314,0.031884660197208925,0.037743925353729724,-0.008212947339486631,-0.012882183380290124,0.02302198818679413,-0.004499312348240636,0.020288528341860568,-0.0011345448303272665,0.025595822636288457,-0.007232327508128078,-0.01041220150726363,0.022249269730998833
2015-09-21,0.012245235620448547,0.0001811605561741203,0.0003377315009813753,0.010685512315072199,-0.0010453756957764515,-0.00039442677082068833,-0.011792223569624283,-0.00960434955806344,-0.0007674265434058913,-0.005799802288191991,-0.01211971142138657,-0.004852606486984046,-0.012888615448528373,-0.007233736364076204,0.012267384808173576
2015-09-22,-0.03418746707686238,0.0025345943167680574,0.006248088529086537,-0.01709227189421525,-0.018623128153756996,-0.046153586453374085,-0.0066825751754934215,-0.004590159195528631,-0.03174642917163151,0.0007220390847093583,-0.0069743870488925275,0.007552677791198725,-0.02412725721034248,-0.028041532500359678,-0.025019416685726048
2015-09-23,0.024817114280519803,0.00794619657278206,-0.008642550439981411,-0.0030475661897170214,0.008741971453169128,0.0033085150461558133,0.012653877390987667,0.011604659742001644,-0.00510269248204287,-0.004274794524268044,0.0012214485155772614,-0.0032018893993047692,-0.017161279725742995,0.004089252613174388,0.019647076250383533
2015-09-24,-0.006376344098579456,0.021769576256108758,0.020821104776292287,0.020229845028459037,-0.03825825250217785,0.006183119376339086,0.02040519450407019,-0.00124597002539939,0.001109063197502591,-0.005408536381349305,0.009086244146783384,0.028803972457098537,-0.014649155170810557,-0.026470753968508176,-0.004718669391178265
2015-09-28,-0.0203990252276931,-0.030687067030935156,-0.016748088102973013,0.01066380599928074,-0.010549468432041853,-0.009012577309828296,-0.01023106156492215,0.0011673576835815602,0.011128893721248145,-0.03464522635775802,0.055664065893102466,-0.004400538438259605,-0.016068518947157995,-0.02742270964575133,0.023705941839726963
2015-09-29,0.016222214236464083,0.014743816320291092,-0.00784241734125335,-0.0052320266734094956,0.005775077224150049,0.0033069254714523932,0.00360205358457244,-0.00638343017635401,0.017031507588762596,-0.014808213161526362,-0.026197561501992928,0.026767070993476416,-0.015109844879507728,-0.03751505861793125,0.03898124368583211
2015-09-30,-0.005218737108125371,0.035744438628429354,0.016233283263137332,-0.022878700228005866,0.013030262695877148,0.01977747693691101,0.026217335150269472,0.03043098828476487,0.037430803149196556,0.023754854951361093,0.019821504101233955,0.000833035391925474,0.04710996277506396,0.055611003883266674,0.020430658784417632
2015-10-01,-0.011186687875847978,0.00955299362939832,0.003178203522986367,0.010137152364125157,0.013080314076112654,-0.0020203074614895122,-0.00015208075722183967,0.008613475477165844,0.01323818116000619,0.026024910582919336,0.01696158138806725,0.0019077247536305464,0.004735843923830085,-0.0016463444467808008,-0.022934119612572745
2015-10-05,0.0190372596140862,0.007416505107781468,0.0009168745694514424,0.012256063110660964,0.03507635305640955,0.03400827321914801,0.002281451973090487,0.008734961315327805,0.02909265717454046,0.007800213612634277,-0.012450023343842265,0.024024589641177485,0.02003222610741262,0.06007070354504118,-0.0018628518497011415
2015-10-06,0.004134337523032494,-0.02297433539147642,-0.0015823873566463975,-0.009036581835349944,0.028482332904273155,-0.015270143660048863,0.04051589963958091,0.002570139187791698,0.012680040422375027,0.013363661429203422,0.01584835574890353,0.013488433609150974,0.007508983996599383,0.011111149015902155,0.009331896207544377
2015-10-07,0.007243748482356649,-0.01853480074223457,-0.01751911742199741,0.0027443456684852485,0.04204559838373245,0.015904550577342746,0.012833646244615915,-0.02427947457577062,-0.005638504379053,0.017858041152645443,-0.011998046874546753,-0.012875128916734813,-0.017772648562316196,0.04087904007836851,0.02366851347952381
2015-10-08,-0.010446654455998905,-0.0009264721577111334,0.0016133896565437844,-0.005827447255121299,-0.00038773224744625967,-0.013699030205509,-0.023470257265325145,0.0047180541674880505,0.009487024993593218,-0.011390645453074222,0.007066989262009216,-0.02135576712174725,-0.0032101577347719568,0.01689190548598507,0.0018065656092323135
2015-10-09,0.009026712586801988,0.031135685572720062,0.004323419715284604,-0.0031968050135420256,0.02328709565204501,0.0,0.012828109316115333,0.007710825530660159,-0.013055835303162344,-0.010320414970972913,0.0077274314839252956,0.004523210880311712,0.017713311097458107,0.042774180684558294,0.009375927169237741
2015-10-12,0.0038668083283344146,-0.03811895322360914,-0.01418059475668898,0.002761628423838758,-0.0009481295598395834,0.009921049969917162,-0.007861346747772835,-0.025005443149550333,-0.016640322133514185,-0.015669781642012826,-0.016522444652240287,0.0006187212901969108,0.005466310972704669,-0.0009956858532077506,-0.027152709211402448
2015-10-13,-0.009062779617250882,-0.020927986669756038,0.0023973379432487008,-0.0031094925286607733,-0.03606666736690867,0.0015718121753283132,0.009684605107566302,-0.016647906996034134,-0.017473993901876206,-0.01165926068542067,0.009683523632663782,-0.0020267044433108783,-0.011588246163075189,-0.02332075122907118,0.005141716908353411
2015-10-14,-0.004877570620654081,-0.0016373342503704924,-0.004185581621462431,-0.023083796713925575,0.004332470591629223,-0.01255402920554316,0.00014503485816774742,0.009541883690421749,0.021299928304964633,0.002382206310527213,-0.0073791757176947526,-0.007813788916289033,0.0024604846026119453,0.013673477765798081,-0.025210229986180388
2015-10-15,0.0009189313767168361,-0.0002278827201656064,-0.009950259700254094,-0.005017995710033585,0.020195920882944307,-0.006754062978558406,0.015402764977707761,-0.0006678695881029428,-0.000864347689417122,0.004865610424493294,0.002525541061035641,0.00038163760370912847,0.01429402732785312,0.027783248648517223,0.008620825700426549
2015-10-16,0.008952502998588185,0.006943743261127455,-0.00025987816752803816,0.0009169931091062011,0.01479942446342597,0.014399766012628268,-0.00157425767445607,0.05615045076207337,0.017098572346744945,0.002815499379015929,0.014866675404545227,-0.001248295923362508,-0.004555174592182021,-0.008814649203279346,-0.04719429447733159
2015-10-19,-0.0014408087103298106,0.015572182854931116,0.00104002100520173,-0.007695017545689242,-0.023295588626677244,0.003943634937985774,0.006163118300296366,-0.009458254505678831,0.021960925742460224,0.017349769975952167,0.018173278696758777,-0.010000079082571833,0.04018316499933894,-0.018182050240445502,0.030811039020460562
2015-10-20,-0.006531844479871096,0.012590456184285337,-0.00995592491432884,0.012001546292079057,-0.01822792294833875,0.005105830563320035,-0.006695115227830617,0.0066991433251872845,-0.0011954006225851632,-0.003753134588769469,-0.00641739557963783,-0.010556858509817912,-0.005086585009130173,-0.03059569206586399,-0.0034051493746724004
2015-10-21,0.0038990293472760396,0.011057247442894491,0.010580535952775305,-0.01578176342575832,0.0011850409339180246,0.01563108466307983,-0.00028674411733264904,-0.011198391226954096,-0.004060720722830369,-0.011727769794271814,-0.033821760039319027,-0.019460765357139365,0.026668361960252795,0.01495013397776912,-0.0216402123188697
2015-10-23,0.013097688424761555,0.010101921932661906,-0.017478552809555792,0.0012047930190361988,0.015190731308143413,0.02077729711863152,0.028116507885517894,-0.020833272631896715,-0.012231227131874634,-0.004949460290442298,0.0035460579891442023,0.016557222290479734,-0.03337832717051259,0.006546606913671704,0.009313353778448219
2015-10-26,-0.004960809845066527,0.0019566595261819586,0.002289664913786904,0.004721320935280771,-0.003303691877800774,0.0015077249734640752,-0.0051625884566294244,-0.0019511524186839324,-0.013260690222732907,0.004747755490479344,0.0029487627476763034,0.010241812242351767,-0.019214282106974512,0.014837575225346455,-0.008073776505501007
2015-10-27,-0.00219066807938606,-0.002386826228004124,0.010631990884473641,-0.007095071576702083,-0.03334007019060181,-0.0015054551611212164,-0.001402444754093457,0.006047543769216679,-0.005993626699783983,0.022333677084767967,-0.005153822234416072,-0.028900349985497398,0.0012772211154754576,-0.014820806932039354,-0.015891660487622028
2015-10-28,0.0166553476302993,0.003306084444808066,0.005042446932078226,0.019951909547500035,0.015732352098362767,-0.024123700386135316,-0.002247180857688713,-0.0026910193471965105,0.002779290600126938,-0.007813923010080992,-0.015661419157697587,-0.02537439969823463,0.01602162727218981,0.004879065614489697,-0.024025100324131854
2015-10-29,-0.011095300161040988,-0.007067325289143778,-0.005882244817501769,-0.0010007652771630848,-0.0037726694535427097,-0.011587469954393859,-0.014639868681234458,-0.007400268342270588,-0.0009080841914874682,-0.025123316108108917,0.026181236806902763,-0.018819109247966925,-0.008093468033523954,0.0018204714634484365,-0.02824846718869145
2015-10-30,0.035617428303256427,-0.0083839319919784,-0.003045554688802521,-0.01794157695180154,-0.015547016316833195,0.037905275794163806,-0.04385699190981707,-0.018536039304940966,0.013087282390701116,0.012117437409595588,0.01386988473014883,-0.004776381468959867,-0.017867375397199292,-0.004038615924204847,-0.0323921806463785
2015-11-02,-0.0016723659481235886,-0.0037432594530610874,0.004014947653952827,0.031345510813243216,0.0018220274298710315,-0.0007528097445562709,0.007619802144073207,0.016545443823374084,-0.014032074241844161,-0.02720486558391666,0.003832023913965754,0.02209104799343331,0.003151401465192105,-0.031224622755827824,0.018884156948222985
2015-11-03,-0.004952668956323625,0.012641882674287563,-0.0015647147118693638,0.001258861770501829,0.013338735463806595,0.022607353184216583,-0.006969114453528991,-0.009289082102883262,-0.002887171190091742,0.0036978104221221386,0.00904251976546111,0.005030824610310791,-0.00713970997041069,-0.013394758892456449,0.011794475310546781
2015-11-04,-0.015005043196268275,-0.007594981302077697,-0.0020898216610023557,-0.024876436393564294,0.005584154925663665,-0.004790069828906396,0.002538347510394612,0.005371854055806979,0.0012273124682464776,-0.018478906582069077,-0.0028256840252480764,0.013051432745064595,-0.003595578059560234,-0.0012728672539261687,0.0187342721603021
2015-11-05,-0.03306858829372061,-0.01222735062548419,-0.0038390969199959546,-0.014643412434194869,-0.005751395786841695,0.007034323617701954,0.0043192751167628884,-0.013677432225670083,-0.0007700817824530803,-0.04287389077154424,-0.017002450759905807,-0.01606766212802191,-0.028435484577177483,-0.04248080985347358,-0.050674263440951606
2015-11-06,0.009068573550033321,0.013714368688946488,-0.0015765814006714063,-0.0028044465980443523,0.0031917067241358232,-0.0033084263151208493,0.0016314570643647386,0.0005352991436458066,-0.015351747613190247,-0.015380895783540183,-0.14560886923115213,0.0012649917716229808,0.007874158875398551,-0.02284832108434731,0.020232540803171384
2015-11-09,0.005483755307880589,-0.0032502689898818993,-0.01701906310546919,-0.0019678446842982256,-0.008550525277084664,-0.01475507438751944,0.015842433246650467,-0.00932948271887335,-0.027300147406944864,-0.0578168654810699,-0.03566867191617573,-0.016123922006928693,-0.011645059864471619,0.009080598286243413,-0.03881859913291197
2015-11-10,-0.020072760698548353,-0.027102043249569774,-0.007496582505238658,-0.01399332154334787,-0.03308806093864791,-0.016472910811693886,-0.018364768462903913,-0.006397871385882881,-0.003021830845219564,-0.033027171954364776,-0.04868371122840642,-0.03866618900783958,-0.010738261410563443,-0.018897559120111818,-0.04521518396775004
2015-11-13,0.03517040191670118,-0.0027630795967770183,-0.00818273562857541,-0.009334253753490285,-0.0329530357064709,-0.004187584908242115,-0.02063830332943628,-0.006274240260305652,-0.04083557719379172,0.01181768400509342,0.0176837987640166,-0.018814662636034818,0.006784210015051251,0.02109604716390301,0.013333285457888255
2015-11-16,0.014187722148061077,-0.018713984596026356,0.0036264111474879623,-0.007883911371712293,0.005460736981759862,0.003058100223734428,0.025773321032705576,-0.007913124389553161,-0.022428974669588708,-0.002632790399002327,0.03528452013637873,0.024499922044459277,0.005540771323849558,0.03570630396132013,-0.00317597652226953
2015-11-17,-0.0028715669562398016,-0.017311180322255315,0.004245655289624395,0.014633034376968945,0.009558781068586208,0.00686005348201868,0.03192418315300172,0.016395218915552734,0.011243445067034008,0.019900933097154905,-0.019349195172655098,0.03262720202514613,-0.0037231237108200643,0.017129250274924068,0.014110237821974847
2015-11-18,-0.006423770267399598,-0.039095939302436045,-0.002698544450188578,-0.012989310793334985,-0.007101122801586812,0.006055806511404249,-0.003580833082334145,-0.0003779355343082047,-0.0068447945959477785,0.0005310667413065406,-0.021605182769988907,-0.013357906554599674,-0.0016444565117761378,-0.03709221449202882,-0.04398554041586966
2015-11-19,0.013822629745648074,0.02725484958993274,0.00432935407471291,0.03425578531843332,0.009969584963224642,0.007900767487315496,0.012074270166657852,0.03252907861129972,0.030121663260323395,-0.01492550765414391,-0.025497999340169497,0.01188957723294748,0.016769195365868184,0.012840348456441664,-0.03004702387253022
2015-11-20,0.0002932128003174661,0.004390380393864968,0.023260115953062765,0.0009356154502786485,0.004506693395118111,0.0014929925190643178,-0.021587650838669425,-0.013359832431519947,0.007692256480463566,-0.02242407085285203,0.021944025542219192,0.009475137284270962,0.0053010302921499,0.005464383503314796,-0.01016459940542358
2015-11-23,0.0026382544070495673,0.0012350390937883038,0.0007022244422174584,0.0076649564220145905,-0.010040830539690515,-0.007827148802551864,-0.020903099583338913,-0.008819999849163374,0.004448811475162628,-0.012054909858401741,0.016745600673918393,0.013179030686017557,-0.0068843221993012405,-0.024130416820392075,0.008801851941328875
2015-11-24,-0.009501442718384823,-0.011910159188718628,-0.010963191780228865,-0.002690169111292051,0.004747502396695413,-0.014650420014407417,-0.004002986972536204,-0.013880636407163194,-0.013169499358268943,-0.015200075787690448,-0.006321156118480831,-0.015230929406294558,0.007522110380950187,-0.0004456341123419971,0.038778563032662916
2015-11-26,0.011215966066591365,0.010805336816558597,0.010020531612836114,-0.014789314214052274,0.00880570181911966,0.013343378797931571,0.020541870910929072,-0.005415740981413841,-0.013685369799317448,0.04205620874029137,-0.08470353563773447,0.007375660539249429,0.0017567690879860542,0.015823701740576457,0.05972943000844988
2015-11-27,0.019775178019711515,0.013255382503118751,0.0007901190887817933,0.008874824256951852,0.0023418712599967417,-0.0015047883058176836,0.004521758822188415,-0.01237641962344238,0.009273154656032734,0.005367449845893768,-0.0004673414447227131,-0.004631917235415228,0.00014599962611394623,0.014699320519214076,0.0044032527254003195
2015-11-30,-0.009159122959401023,0.020209269940726582,0.0,-0.0015912902718721034,-0.005310037086816766,-0.013564512683255203,0.005226962568416482,-0.014952347767037244,-0.0026471987581454526,-0.013989196202079834,0.0034521227402106724,-0.005441840008441168,-0.022939963033636657,-0.009729808921061234,0.01709777360140663
2015-12-01,-0.005416347102187635,-0.008181147775543685,0.02105443982231625,0.01630927423558859,0.006192792668112679,0.01336906836086249,0.0002890171658618268,0.003259315931668061,0.01761994825234159,-0.00034291655459794956,0.03244392794101225,0.011622372862451602,-0.03469383800115999,0.03733618155247198,0.016379328639621216
2015-12-02,-0.011835745311463697,-0.01695999035780882,-0.007217046816611394,-0.003965835558981112,0.0008489840396972426,0.0033921795688749423,0.009097623119217024,-0.0018793123432300218,-0.003803022263016209,0.003496647197010594,0.012691178593132513,0.02901993004557224,0.0004644384388587941,0.02652092977961984,-0.007209706445751918
2015-12-03,-0.008303008310130311,-0.0027812951929663265,-0.009000611433473082,0.004814666395011935,-0.025869395875982026,0.0030054565201447225,-0.017315533379617,-0.00548779516637099,-0.009560359003899843,-0.0066956192198646125,-0.008611149494670345,-0.013556967756896854,-0.010374556418320746,-0.015173213711216271,0.015805386698460655
2015-12-04,-0.015041636918953438,-0.008224901077222624,-0.005676133955065721,-0.011518412934088285,-0.01088394786589486,-0.02322094121851792,-0.021552207894209974,0.0036247172045917875,0.0013984954158381413,0.039207580165150135,-0.008732303930963137,0.0011392678983208615,0.005476486000212333,0.0004163901661824454,-0.014718295514930424
2015-12-07,0.010456653093271262,-0.002669213728969,0.011856593123420467,0.01547515445833203,-0.01452468609089519,-0.0015337401292910835,-0.06667660347943194,0.006240455451788751,-0.01844370682132368,0.0290574562089132,-0.0048819445550802865,0.006166280004696434,-0.003734866922199709,0.013735817311426368,-0.004694736344795225
2015-12-08,0.003573219443573361,-0.0017680761878825502,-0.016231168909839666,-0.025612769042921535,-0.03639996895889841,-0.0011520720761433179,0.0038270122650412297,-0.011580595105154301,-0.0012145715061722129,-0.008297529735992182,-0.036699031091703915,-0.016999765141018752,-0.007029001117841549,-0.0361323188952799,-0.053173203515608725
2015-12-09,-0.008011660379464547,-0.01551122829996665,-0.0024704732307352373,-0.006312612857339195,0.006257026925688969,0.0007686254396204184,0.008419524631539499,-0.011269498067741357,-0.028089436812610558,-0.015241948798504601,-0.022199128658788148,0.010428169336835769,-0.02202299158457255,-0.033653087803512394,0.00045273512219590195
2015-12-10,0.013909577335186052,0.018624507408545377,-0.0003536830712911332,0.02161754386253567,0.012436600068474135,0.023434574916456175,0.01212981939733293,0.0019010908415411087,0.024665072071607286,-0.003095379302842205,3.3335979742199484e-05,0.023653100011451045,0.005790461116340406,0.027110425314077924,0.0099592776578179
2015-12-11,-0.01504627423212912,0.005203814846553412,0.0014154759405151651,-0.003340939273482446,-0.020245504113772683,-0.0033783743083323214,-0.0007783835137261663,0.026691498291038007,-0.029879885579638832,0.001321306225698482,-0.00878055787656884,-0.008898333940169256,-0.009915221779842498,0.033905742773467695,-0.030031273428817618
2015-12-14,0.009585047698858151,0.01586241037128655,0.0020321285413553714,0.012477786194011076,-0.009054827041722002,0.000753496227532402,-0.0028038624215223074,-0.004823988065582818,0.016973452468438177,0.0142516988029191,0.013944347616379416,0.01368450783658215,-0.010983706338723587,0.017019507433674086,-0.010628318284832572
2015-12-15,0.01854316893410135,0.007526777333556556,-0.014372508903220504,-0.04359424165596082,0.02061829987911401,-0.007903740254830205,0.00890377184076474,-0.006998446905741473,0.018405230313014886,0.006700422385532034,-0.005381234415155478,-0.005714256793695194,0.009962686628929962,-0.0026529580422753885,0.01167669513970604
2015-12-16,0.011505997234975585,0.016983115437606555,-0.007067564282371874,0.006539164146436738,0.04063363298014355,0.013277574500936806,-0.011456965889832471,-0.0017469025954083284,-0.022933640843476155,0.013376639295297199,0.0034397979955098634,-0.010236735646618644,0.03606047330907769,0.0014323157424855903,0.04432116853315393
2015-12-17,0.012527136350747758,0.0102658330058365,0.002072473101172312,0.012706710137034394,-0.008162216078788753,0.014976047076159293,0.003915313733324988,0.009427871567476487,0.034381644788325394,0.023147237786457886,0.0044765884263955336,0.03385850258620349,0.0063993247335545345,0.05067437696360222,0.019893928469942646
2015-12-18,-0.0010666645080320558,-0.02163303979316744,-0.003416811003297493,-0.01273603392608591,-0.0068955983526099995,0.0022129060040281257,-0.010608433460207123,-0.03575333292980043,-0.00702559608737352,-0.015082348829283831,-0.01449653432465503,0.015058515492221813,-0.010390757373878512,-0.0056398147054799175,-0.006935340557373548
2015-12-21,0.004911282842540832,0.018741545161217177,0.002977195082298323,-0.0026757130619436964,0.03225129520478753,0.004048479379017866,0.029801486628263207,0.00023748804590373318,0.01823330889709207,-0.045497740508635864,0.011852013491709057,0.0028007007877737244,0.005798549749895798,0.010952357189284001,0.013531069504501891
2015-12-22,-0.010907976622043791,-0.017853228487196504,-0.0007196393152922864,-0.00440733465615728,0.00043372398175578475,0.004398919843560778,-0.01929292058567944,0.009807386171622356,-0.008868404964267995,0.012596124729875813,-0.0027746300393237666,-0.000344528352204998,0.0071672579784221035,-0.004062728087449563,-0.022825107120642896
2015-12-23,0.0062302100570919006,0.01577883252739687,0.001530427584796712,-0.0028870729856226296,0.021687224584082232,0.014598521621497884,0.003903307427388647,0.008376883782238886,-0.007079448978586034,0.0349615496210427,0.007830373285587333,-0.013591561418940357,0.0283105678465565,0.02738924107578966,0.02335826195184576
2015-12-24,-0.0017078484274118955,-0.004087756876157367,0.0016178990641391167,-0.002123400770875916,-0.0072171516297171445,0.002158366887352159,0.006842949336723914,-0.00036312061996657263,0.004989132713323574,0.0005692864883695137,-0.00482701958172993,0.00496579406773856,0.01835427851708471,-0.004159515034516503,-0.015073113590544751
2015-12-28,0.009481733596518716,0.007661794106672115,0.007627363600448245,0.003578674013286154,0.027154336705484283,0.03338114680919446,0.007723302780043406,0.004977637360543241,-0.00218150555703156,0.026237462042843385,0.036777455914159374,0.0038278867023735508,-0.01979633072737741,-0.03512450061559336,0.006996064648679301
2015-12-29,-0.002542486778275621,-4.525342918582087e-05,0.004630795314932046,0.00028933372881190245,-0.001873428977155256,0.005904820385718157,-0.004138587528923265,0.0059521473641614975,0.025289576271551262,-0.000307981597914897,-0.0064729558175666835,0.012133171086335715,0.010550290891065295,0.004722679674634245,-0.01172381071876527
2015-12-30,0.0041770781366754495,-0.016656307944295845,-0.010548678388917931,0.011947113389108477,0.0006259201711293905,0.0017264247529451549,0.005233296497780815,0.00011113560938591505,-0.0005709160989944007,-0.0014789805319962435,0.006659939177167118,0.001575313233809883,-0.006413134340992777,0.013317769774827015,0.0008787159408991663
2015-12-31,0.015370767620703774,0.017582898693320193,0.003225197931691959,-0.006664750084263482,0.007711241380242928,0.008273183777191662,0.003827572895378273,-0.0020292798474336182,-0.0032928525225155436,0.012343366992976001,-0.0040208381893863665,0.0029408346438852817,0.021915402267773,0.004251761319008729,0.01843720666090065
2016-01-01,0.00999911330754455,-0.00013575434744617088,-0.0061617155899108544,-0.0030671468980399963,0.0031027395837148752,-0.011965978426547896,-0.0009147350644566066,-0.007352091718339282,0.0067760299329886475,-0.005608905124568686,0.0,-0.0038526962143297094,0.00029360677364964616,-0.009237721412311606,0.04784476355442968
2016-01-04,-0.03018205188197276,-0.02384072441318741,0.0022462933279696617,-0.007018664048790257,-0.018351075769253766,-0.008304395735482029,-0.007328531141852945,-0.019939066591459276,-0.004620864239459621,-0.020170273837720742,-0.0169208506365236,-0.007324709319573741,-0.04023507161806816,-0.0019426320957948162,-0.025915201684934774
2016-01-05,0.0034734885831202433,-0.004495284989605053,-0.0014345041690123628,0.010650675209811444,0.015963372668272413,-0.007327649116441681,-0.0007689505325700896,-0.00130508145120245,-0.001984689619144331,0.0017520256520360267,0.004793867151713815,0.012688724899069248,-0.010250748114980612,0.06773079245971947,0.0
2016-01-06,-0.005863557753256088,-0.004375943060032639,-0.003232229971431466,0.006131272523962172,-0.017779511494371292,-0.005623614272761368,-0.030013655634730796,0.010083945873705202,0.01179736593295111,-0.010680886882606266,-0.00794599032708554,-0.008954699950860512,-0.0038645937319539136,-0.020233306318538258,-0.030827693740726136
2016-01-07,-0.016984011530179144,-0.01734687049100081,-0.009457460689954122,-0.027232773381748232,-0.04609591103636779,-0.025450374393390485,-0.01745489153226687,-0.01408351618310133,-0.018372871839851146,-0.010291017612165665,-0.017874422960083347,-0.04033378013207123,0.00046568073423181033,-0.07013956392551735,-0.06928098038169861
2016-01-08,0.004988194313918948,0.011895369260201516,0.010820848193059174,0.022220114017988735,0.01566665706393411,0.012332129044950513,0.013081464790641428,-0.0011349726944799299,-0.015017638884764262,0.013204779923167154,0.006317540214679562,0.0056561427248327245,0.0046532922227764395,0.01480587642609743,0.05056159502652657
2016-01-11,0.00827198711505317,-0.007147354757343516,-0.03301542490182652,-0.028440155141412737,-0.020204134665357754,0.01468986247413162,0.007651584020149649,-0.028991884704969384,0.005857679149148698,-0.014984414769499854,-0.026306525161100658,-0.03111309263146189,-0.008337421510080323,-0.007689289016822198,0.0
2016-01-12,-0.012627772340533694,-0.005446867621663687,0.021304291404724784,0.00019720473828432894,-0.01840349568737809,0.025423886478441737,-0.0028474450553523933,-0.005375820691266298,0.005925946110599156,0.007542282674384282,-0.002814012653645559,0.00044100512720768315,-0.017904201335897207,-0.023445297950946298,-0.02183592449339089
2016-01-13,-0.004118174157181631,0.031858634704631905,-0.004372340027025912,-0.005813913223253864,0.008357562246408712,-0.006542690686034414,0.0019037914053547933,0.011268901532068831,-0.010692522780214597,0.010721242539212028,-0.011049618228409441,0.002864479744826065,-0.02155996233255808,0.0034588808907467516,0.003189153166598846
2016-01-14,-0.007327772401391708,0.0457819421076513,-0.002287358875186274,0.018931453483777005,0.00022364343705461032,-0.0072791120447426305,0.004750545422328445,0.020904645986845383,-0.0026159169008768135,-0.005962840415281057,0.008319138437921092,0.008386048484501307,0.00048608596519450487,-0.031832764296317095,-0.038601375352581346
2016-01-15,-0.012425223041979683,0.006090127659942546,-0.003943038430766821,0.012743219898869507,-0.01702076547395237,-0.04713671649930751,-0.010559601684016373,-0.003284923724663158,-0.013269883352567069,-0.005998609164442281,0.007169724454842541,-0.009115312694173872,-0.00858303382951997,-0.037905942877680565,-0.05857333564084988
2016-01-18,-0.012137273164077866,-0.007018066625159247,0.00745716173033073,-0.00605133042344308,-0.023012357035002706,-0.013558255958154963,0.004778655361664219,-0.02888714199614173,-0.03282448156351758,-0.002731610432514575,-0.020777450574908318,-0.010371877842451305,-0.01911135493024807,0.026991947712038833,-0.03612643985613795
2016-01-19,0.0019478616225272471,0.006846611664080626,-0.00941241851700425,-0.009470294074243046,0.01679105004843784,0.004085977299861154,-0.004280191447821324,-0.0013246823586869905,-0.011680362248419951,0.011402251296173116,0.014122464227999343,0.04325587423977417,0.033472026511808695,0.00890184176423392,0.0010411022391563218
2016-01-20,-0.00904754022193055,-0.016145434058260077,0.0010147364916901491,-0.010731976133669718,-0.021559532597818176,-0.021827377314939445,-0.01623946508016183,0.010463023209615896,-0.019502396166383273,-0.001637578672148532,-0.015571807238769608,-0.034930773404626136,-0.0022561292288424406,-0.02520999525244083,-0.040561730585339406
2016-01-21,-0.002716372412336021,0.014091618139507656,0.015206039706792795,0.0006903683433427954,-0.028129370473983784,0.006051328104824449,-0.008253882522209932,-0.010163158671854355,-0.022390587579712906,-0.024539520044421614,-0.03937142225447832,0.006290023593639171,-0.0009686813680189754,0.01551732222316149,-0.006503927385693609
2016-01-22,0.03359329440125336,-0.0007035586287122975,-0.001270894390056343,0.013600313923121554,0.04317422095716328,0.03872195888254604,0.007670008517159488,0.0032691501669865897,-0.0014506110113261528,0.020759298047936525,0.045427692980672285,0.025075904475528876,-0.034270968762767584,0.051782461355428966,0.03164199840690585
2016-01-25,-0.0030015886921427315,0.0012320405307328919,0.0035773676408104027,0.000583112367322336,0.015722540009056152,-0.0014477966088242145,0.0021050979226726607,0.0025242791335238213,-0.005084079766574545,0.022871151441469673,0.007251170193285139,0.013514747627009438,-0.004017209444592829,0.02865209601925689,-0.011105179586048952
2016-01-27,-0.009397628684946424,0.0007472041596423562,0.010053969839500576,-0.022349478881451112,-0.0056907921372659764,0.042044262873847105,0.011474095300632259,0.0048246875042783355,0.018078097064935905,0.017218955024883575,0.024024809145408277,-0.020476731743479637,0.0010081401951840263,0.010592601937906565,0.022994617838575815
2016-01-28,-0.016824821509225818,-0.00781739928311631,-0.009592053375635068,-0.005963623029273113,0.006868035125006999,0.0034783493659646947,0.017894037842238975,-0.0034167573904528847,0.0077744132412602696,0.015831463920315203,0.012848990309427544,0.012463866313746408,-0.021490881511707083,-0.01319875752465427,-0.012545828563476746
2016-01-29,0.03068219814570039,0.03125027796787072,0.02841488069123277,0.002699821634265298,0.028876678155003388,-0.012478504277822489,0.005179711373739959,0.0034832229045180796,0.007190332454859005,0.046514351898390816,0.0312833054228141,0.04516281601159533,-0.0051475255250521545,-0.017702635867160255,0.020116488240403907
2016-02-01,0.005997560421209913,0.007253842118398746,0.009506050462962268,-0.007578843612026098,-0.005303638142863609,-0.015444090471802507,0.014209737729552252,-0.007115706898450647,0.04129108152569527,-0.0007444914272094483,-0.01767886217298864,0.01724367197723553,0.02311127970673188,-0.0016019659884589643,0.004151531197055247
2016-02-02,-0.01534091589123543,0.0018747378792292047,-0.0015842119046954872,-0.04652338776359988,-0.03776971903808213,-0.044206627690348554,-0.0015396661899469422,0.0015415346020681842,-0.002731571051027948,-0.04258841753367293,-0.0006557098872437273,-0.04277889990865602,0.018880648241732523,-0.07160045950066463,-0.035142077691289186
2016-02-03,-0.01713031910966012,-0.015184423985319273,-0.016659219015812576,-0.004742402956485536,-0.016162326167717067,-0.04028332431522208,-0.007093127098143914,-0.008978412732966068,0.012603448179398402,-0.00029953614961109043,-0.013186477178282807,0.03503429899599153,-0.007941666682138582,-0.03218849837515403,0.0
2016-02-04,0.016076613709012477,0.019046467886308927,0.003854515529025493,-0.005823675136186202,0.03262137839024715,-0.02137610661277045,-0.0004658409041984335,0.014227902363090683,0.009989248869483713,0.0008384100618141765,0.00011616782013823546,-0.04216766063563271,0.014843030831659831,0.008705492394702308,0.013926062368877279
2016-02-05,0.02328991506307987,-0.004280515838891885,-0.003661186070960998,0.012035327309170007,-0.00022716294974955975,0.0040228095874024206,0.00668128771100962,-0.011630998870325038,0.002170734904768823,0.026268553313042453,0.03338694554185184,0.02391096451930297,0.00969617378467369,0.034963416289834015,0.012678289141727861
2016-02-08,-0.02731187507482513,-0.020345501696368284,-0.023122461118712967,-0.009366361400579337,-0.026824381002480968,-0.012420066379009498,-0.02685638473163854,-0.001568134299932522,-0.002620201235424835,-0.025537851851443416,-0.01246337044803969,-0.001613948211303673,0.012369904666964748,0.0010691330446999103,0.003130001331105303
2016-02-09,0.005868612204409374,-0.03749570276927283,-0.016054941029997716,-0.047593808549976524,0.019154373337660235,0.021095555314653458,-0.009040308804933783,0.00115472239247838,-0.02518379144450056,0.022018678249666968,-0.036070829517933056,-0.012658432795142449,0.004019184912419149,0.005980230743087178,-0.006760479719134738
2016-02-10,-0.014326888467956822,0.0008125765431912235,-0.009417356642960173,-0.01751234719051209,-0.02131534759140774,-0.008740883679001388,-0.010883603103594819,-0.022447766450511053,-0.021953972229316943,0.0019906951165464815,-0.02518919613574111,0.008221855109783682,-0.003042519690881429,0.0008493363611381533,-0.05340308300245589
2016-02-11,-0.05754108220683185,-0.02697232113881165,-0.026355642582964522,-0.01918746509706526,-0.04847766808020271,-0.030460909881862452,-0.03381852769115945,-0.015204929050207316,-0.032329011213103276,-0.02962326264335513,0.00010405388944101368,-0.016724014197131765,-0.00835179397171737,-0.04751798184679057,-0.10066365583986625
2016-02-12,-0.011050308925181329,0.0055626441383025416,0.00019390007899011685,-0.004514297468168782,-0.04873286470276694,0.024803639310888803,0.0051918393238932214,-0.030860178548061556,-0.022399393050235417,0.020411746296498556,-0.013135493664984121,-0.012756814884471446,0.05134436483093063,-0.03118036675571867,0.0012300906420497082
2016-02-15,0.005225154175779512,0.006545821693275222,0.01633453753226033,0.00069766449369979,0.0367400314333739,0.006857895404526193,0.011995829948885817,0.00033607561219795024,0.03530062589871785,0.0033634737534369297,0.004073854443273239,0.028441241087733937,-0.01740879580007293,0.13425263493508344,0.10135138517345266
2016-02-16,-0.007996757474442173,-0.011541077212599782,0.0016168590417919848,-0.01731340731453246,-0.0019963222562031646,0.023637829116736953,-0.02700038306989938,-0.0015719286452623438,-0.01500401020593678,-0.026346705805942117,-0.0011891210188829104,-0.014121567369250188,-0.01128903826824379,-0.0074988034680276705,-0.04406043180590469
2016-02-17,0.008141833935707554,0.01732832194866285,0.0006644677446192571,0.01584484066207348,0.0020003155306163034,0.001956774445315279,0.014720851707772598,0.004534992789464676,0.010015615453683901,0.033824768919983095,0.03678667574224237,-0.0016850220587210085,0.013479395903553959,0.026138299711170765,0.032088598749187014
2016-02-18,0.01639204505613434,0.023272967651978282,0.027232320928986198,-0.0003494501563385821,0.04367354902276399,-0.003906215349628539,0.018676039341350315,0.021713981710197228,0.038194649385523194,0.017118337558291508,0.04826565446034481,0.005697148969272314,0.005163382115537907,-0.0015918727369855779,-0.02091581187775493
2016-02-19,-0.00684448116351577,0.0034269568022962105,0.011176636426212694,0.02585016542549967,0.009804140583281384,0.018039096461900828,-0.0029466024891401377,0.005180501960813766,-0.010532094896985589,-0.00718013178571808,-0.014434804473636875,-0.0008392407897216403,0.015099756325759328,0.00956752014933926,0.016743885868366615
2016-02-22,0.014258588148724716,-0.0005323469623866872,-0.008404212684978929,-0.01997740915131274,0.015391591800789861,-0.02157149980094386,-0.01543251055238437,0.013369580288008054,0.02747276983110125,0.021117858669353673,0.016084759712721608,-0.000420238546706142,0.009354405262305354,0.007897131297371907,0.010789288224354543
2016-02-23,-0.02686660544367181,-0.0024409210461918684,-0.005158739382078337,-0.007180610652885555,0.0009329323383391319,-0.02519689541464465,-0.02017679770887415,-0.01649835841817915,0.0010361014736004481,-0.012861922956919236,-0.008719699883046217,0.006407234296029518,-0.023700979974294878,-0.006659982523339769,-0.04494382236808092
2016-02-24,-0.00682184543821962,0.0012903521230156478,-0.011112304491514013,-0.015282347906324434,-0.02423108235404048,-0.04159927174559985,-0.021102699339275,0.0013770906107537506,-0.017432468889564512,-0.018999157361723307,-0.02197394746102932,0.0009741366499347315,0.008247441496173069,-0.0222836451035191,0.0
2016-02-25,-0.01923218098465862,-0.01337368075944756,-0.00018696756206282306,-0.013624039820763767,0.032712578464723974,-0.0012644003156160322,-0.004868032819523971,-0.010866663629996554,-0.024496917210112823,0.024340357702398396,-0.006222640986632055,0.004204984045071525,-0.004321459655295623,0.0010083251957659911,-0.018823430483644987
2016-02-26,0.01466580251343852,0.009771937841534628,-0.006275379749003496,0.003482963263710115,-0.0009249509913352716,0.025738604597891124,0.01659694357949415,-0.006163797382277791,0.009866055406667185,-0.0039411186315664315,-0.0001335966950503087,-0.007682928826603597,-0.014261414220810953,0.00120921937780194,0.04616300358004777
2016-02-29,0.023792176927347475,-0.03309059393009406,-0.019321393378679885,-0.005266129097583061,-0.1015968140793636,-0.016865650582744474,0.01615381661597759,-0.020191096493134997,0.016148047721433967,-0.02064467724086716,0.014094798752141147,0.021100571671669677,-0.0077054362711886926,0.002616118558738778,0.019484216601474147
2016-03-01,0.01276975910968181,0.03819006754862686,0.029216895239436047,0.040187648149801136,-0.013395131300541485,0.028033810582384744,0.1004568127285439,0.008836111935750957,0.03100196050540216,0.016980934579672535,-0.0038536349965963,0.02278243975839578,0.016481567276566356,0.03191492752803948,0.1028669855662987
2016-03-02,0.027958094335036376,0.027144480835383566,0.0076569902928913525,0.053904022730956624,0.018015638429020875,0.03215285561832948,-0.017826930050585554,0.00513627048679588,0.007442852418252155,-0.019057923235581975,-0.003074722800936347,0.00043405624205994364,0.017617793491716105,0.04084793569670975,0.09887848553882606
2016-03-03,0.0020572253711961253,0.011505160510952628,0.005838274465173265,0.013609727007408479,0.011541460320910302,-0.003154774820775752,-0.004381305554205905,0.027480324041417648,-0.007335170293250037,0.022363025238992806,0.05734178576108606,-0.046099311150202826,0.021602680866063873,0.07288361566696167,-0.01252308331238039
2016-03-04,0.012164316880934223,0.0011543921217977982,-0.010595359784942193,-0.022739350107784162,0.017748527654290802,-0.0027692032263223476,-0.009272137074765596,0.012936574048709293,0.004697347633616289,-0.01619023205290604,0.020262730925953765,-0.013087945317718064,-0.012447620097162382,0.005225736433822625,0.013621447460011593
2016-03-08,-0.022684299751659198,-0.00615028689406294,0.00838073030364006,-0.005318386972908207,0.005730001064393475,0.011900356548788737,0.016021126311339007,0.006725932765281772,-0.012661163840393508,0.002100905985098489,-0.010206976941909529,-0.0014536703156483588,0.00683377258812623,0.011263140437526076,-0.009731339840771236
2016-03-09,0.014372128237784665,0.012935728451651585,-0.006094521911490847,0.03408671231395122,0.016844186146266926,-0.007840200029437971,-0.0010925504676752018,-0.020861243806481244,0.006651265497036318,0.0026787465858255644,0.00012425607033761388,-0.009907436238571043,0.009351305205819838,0.012337281431499703,0.004679437367985928
2016-03-10,-0.008031305515533882,-0.03054735506857098,-0.004273942819761678,0.004309077767441272,0.002192436380160423,0.001975747279617801,-0.011878932458103786,-0.0061423212173323805,-0.0011100631408479389,0.004820513058554132,-0.01108720141956654,0.0071373886966989986,0.0050808654380416485,0.004400640930584121,-0.013041414039334454
2016-03-11,-0.018255461773286297,0.0004377248774019016,0.005878501816596549,-0.017376411959112548,-0.002917075194333152,-0.003154774820775752,0.016450641989763426,-0.0028295034589834733,-0.0065439021850390855,0.0036411945501804155,0.008353600082187773,0.007656361846592796,0.0028246152051096818,-0.008931501751018645,0.004719267216428014
2016-03-14,-0.009103012628506657,-0.0015750343265716893,0.0034321324784447604,0.02652553658989132,0.015358377385985555,0.007911636179005033,0.011671216053864342,-0.011630467311462556,0.0024678576721450796,-0.0069105304062033746,0.0071010712215378025,-0.004594346425579543,0.010378233262789749,0.009011992376711353,-0.009863894775127724
2016-03-15,0.004239898825634025,-0.0059583946729422355,-0.014144371017060897,-0.021054938221200525,-0.004081444565586789,-0.000784901537034921,-0.026303573808715175,-0.009670511441539409,-0.02277666948483814,-0.02209465352133133,-0.031017540609356686,-0.03841516336956585,0.0063096211125373,0.012639163314900337,0.001897493013867324
2016-03-16,0.018373891754849714,0.015911442226534733,0.009846282891189828,0.011948747538422566,-0.000726000495874124,0.001963691516031263,0.017535786620658467,-0.008310820031050548,-0.013937459489218651,-0.008776884842951582,0.006686134392297038,0.004282956564963802,-0.012831690576711408,-0.003162064946280352,0.008996343471991741
2016-03-17,0.0,0.008069673437834712,0.0013928969838572502,0.04497644233039444,0.02784533442023318,-0.005487953704065962,0.004967824182477321,0.01698021401417593,-0.00834461265958153,-0.01017038677146842,-0.009130565303268723,0.016838263465577485,0.006646922415143752,-0.012020008927538517,-0.013608663642359797
2016-03-18,0.01159299674282499,0.02724355334627182,0.02234767339550059,0.011710156056981003,0.011071712440822168,0.004730036837168106,0.003398799864298585,0.01754019423146347,-0.004374343084988741,-0.013599156896070053,0.014653651380466037,0.00976197796004108,0.010418231368425568,0.021290955188122407,0.02188393982639436
2016-03-21,0.007437782135101267,0.001256755230490736,0.009433412441070432,-0.004772034650637913,0.009552624326450987,-0.002353884458385358,0.020631462339392392,0.008734659292764624,0.018299897234970164,0.02506117847595024,0.0034529778775351794,0.0035092644200114265,0.027156571858007794,0.004467154494231185,0.016294196904534042
2016-03-22,0.003917441201583438,-0.004142701954754857,-0.006469841967278178,-0.012038277537373965,-0.0025386813400763986,0.008651100721631222,-0.025041450901834073,0.005505206663124929,0.0060512506745629135,0.009743445765649561,-0.039060463171088466,-0.0038700965871725224,-0.007776230601901468,0.020589850707538604,0.052221615516330866
2016-03-23,-0.009530147089298557,0.015000879052954108,0.0052455625551475205,-0.008880680521556883,-0.0069411752407716465,-0.007017501959543315,0.0034037330581635494,-0.001368915076292887,-0.009522080757405016,0.001894526187477652,-0.0032865659054258645,0.0016188656084108466,0.020803709587571495,0.02388638956029543,0.005659584130103923
2016-03-28,0.01462211743291908,-0.002401164181139559,0.0007200037755699107,-0.010835436959380718,-0.0030290026161093886,0.014134397973010193,-0.005551086680702699,0.019102966334441973,-0.03658295038340864,-0.043665728055450215,-0.0040190837510629684,-0.01228327609777602,-0.023450434426187217,-0.05690420168684285,-0.06167385016288174
2016-03-29,0.002837636333141047,-0.006349091846914012,-0.00539442962355674,-0.01495687439727611,-0.007945536398572095,-0.014324431966410756,-0.007598056891079952,-0.0032875150045207358,-0.016167785380867272,-0.01841214895506449,-0.03108078383273838,-0.027780913423319897,0.01343603823659012,0.015711190776128703,0.0018778038013818055
2016-03-30,0.01839170049170158,0.007266560217813911,0.015909121858803665,0.011227616438681531,0.026619287948475234,0.020423885225995697,0.02296868807192376,0.026967975870827,0.02142726812697293,0.021841579710488723,0.025277914911488564,-0.011968258931781661,-0.001974522865336281,0.06730294404158088,0.07778803497704945
2016-03-31,-0.004679398755752406,0.010241028084470916,0.00409268824928577,0.0044410909312107005,-0.017438964206192842,-0.00808305989690794,0.0027492585803903236,0.050649625029963063,0.018192192280143793,0.01022548649646815,0.006483228243811423,0.006397430077679234,-0.00847940666559921,-0.014184335806564086,-0.0021737263386837347
2016-04-01,-0.0011018902673253228,-0.010547569063762974,-0.0037216689888395216,-0.0249498664292237,-0.024755039623435282,0.008537270006085285,0.023762433193390553,-0.020695335736080733,-0.002773139663003743,-0.005975594046547128,-0.018203317085924042,0.014782182600198368,-0.04375692263305542,-0.00609947928326271,0.053594796233828124
2016-04-04,0.010883976919180638,0.03173090906429543,0.007293393276407212,0.0160870529309316,-0.0071838510944588485,0.0088493453361973,-0.015920427311224117,0.008043446937417098,-0.007409346875866252,-6.120109560581177e-05,0.010671514833550111,0.004003073194596141,0.038902823657481767,0.008182631626558967,-0.017783334065856304
2016-04-05,-0.026989839036468455,-0.019216939312885373,-0.012803651065227961,-0.017638958497674606,-0.008683092624289124,-0.03241786594458895,-0.01285153913412096,0.009747575236966233,-0.0067125164944316085,-0.017483747213708822,-0.0039347125620496914,-0.00524250407037119,-0.05164996104907815,-0.025128859537836612,-0.04505256207171482
2016-04-06,-0.0011213828816859506,-0.015658351740393872,-0.0014309859767758226,-0.02001076676201463,0.002919590023567009,-0.005124293307246619,-0.001684609808827231,-0.0025791973631370535,0.024930548594041868,0.010926562557828756,0.0005167740250104913,0.00141041863772573,0.012102967720454272,0.05203322645278008,0.009259241550184427
2016-04-07,-0.008233550948579915,-0.015990642252505016,-0.011465593748097191,-0.018874142281421036,0.008005995851206649,0.0027732778168636507,-0.019791381213193238,0.028720667875656414,-0.0022349831266487152,0.002655776892692474,0.011427829184096128,0.003965406097161006,-0.009715993616530638,-0.014761823012638065,-0.00786373309648325
2016-04-08,0.00430189628284805,-0.013330432211796861,-0.004077347649211416,0.025649507809828664,-0.007701596393267063,0.03951014654415319,0.005478292347302682,0.014791346049697784,-0.005312467854778569,6.16215594388958e-05,0.0011197981723378714,0.011923179097713898,0.01011303732067459,-0.004942819873422932,0.042712473083854396
2016-04-11,0.008942450174466154,0.015569456270454252,0.029478643791807535,0.03016352809628864,0.007033704402852559,0.02318498651337797,0.018835545973363788,-0.017554337375705997,-0.011109930343524033,0.006837192251685442,-0.0032575074675078586,-0.012949893960919945,0.04079513569745852,0.02809684051265915,0.019425666214326398
2016-04-12,0.00901250034519796,-0.0014360279626632888,0.006716485668534888,-0.010966855172288903,0.018063674299471533,0.006686537919415425,-0.014820635581941799,0.04719158524681388,0.018367082236560472,0.007708263523177772,0.017661170049263042,-0.002697956794323275,0.0053123538941566295,-0.020081553260551832,-0.010356262249631376
2016-04-13,0.022145288245000616,-0.00803582546143422,0.02695129656202111,0.014963864190782328,0.009462715529751975,0.012177278064559482,0.02745037811258344,-0.0050915109805257375,0.02045637746254725,0.01147415321422085,0.005433508139341514,-0.0008523548309834483,0.003284633873128051,0.02573195652950555,0.020092161264404718
2016-04-18,-0.012999344149806302,0.05628063602562561,0.006326058262887901,0.011243407485953982,-0.027185255259224328,0.017134592747784394,0.01252860509732856,0.002959576075353798,0.03243248805132404,0.005701856497228652,-0.0027262329907148386,0.009828573329768275,0.023202936681413933,0.008111605668200017,0.026261753300125035
2016-04-20,0.0055608524989503305,0.003955395004336948,0.02149149766445868,0.014369281366657605,0.011081485379174305,0.012903147650259683,0.000298071915714182,-0.016073283761078527,-0.0018766475480498368,-0.01104070903224652,0.005726214480256564,0.01840105956460003,-0.007651718733491575,0.06526621426661428,-0.007596934223053298
2016-04-21,-0.0006548803136261494,-0.013910993682099915,-0.07051973641062081,-0.014889667883966062,0.014772713247297453,-0.0010615336315831225,-0.016542595636001578,-0.01145597838418111,-0.02019127270839205,0.005250037961330722,0.007221452015711893,-0.007321324388723349,0.0016821873672945298,-0.008113151090038073,-0.007252317351061022
2016-04-22,-0.015435954421826659,-0.012272881938976576,-0.001610494114112515,0.007452442726901154,0.01479222355229548,0.017711589260541505,-0.012577648539294994,0.00048597259739358023,0.012464938665849301,-0.015248045216212258,0.0034333174767093855,-0.01300623172739468,-0.01161631585549494,-0.0025384051069996527,-0.005275980621041065
2016-04-25,0.006433745099997834,0.0037975909451846146,-0.009857639792833939,-0.016461710028302656,-0.017584580957578533,-0.02297251902152808,-0.014886274772445418,-0.014757815651272654,-0.0019486427944503948,-0.01383801449900146,-0.008211308377646165,-0.02444157674391123,0.016567502971425396,-0.017531525101830536,-0.019991645274444303
2016-04-26,0.029980114924207157,0.013406730925504817,0.003620373347921202,0.007415148594798415,0.009420832052568828,-0.00106881304745865,0.02009651127989609,-0.008670879444590662,0.00717050432846289,0.006861622908734821,0.0013155168165019937,0.0006794151933247061,0.004039455891664767,0.03209099905006174,0.03413799780904703
2016-04-27,0.016622601025636063,0.006492298061758106,0.010009975847302455,0.007886460658933947,0.034997474645128035,0.0035664907136390145,0.018784425234033675,0.009467358706111595,0.00849406034588851,-0.0005525917345623466,0.003364944888988086,-0.006975762029792887,0.035099786134187294,-0.0051588249977820855,-0.0072462103612049855
2016-04-28,-0.01550870080339195,-0.02499667848754028,-0.012321468479642106,0.0018779076677744033,-0.022317446213712233,-0.025231033701338834,-0.03192948250287586,0.0037713512259609505,-0.01252888045601086,-0.014742890499748862,-0.015139886029903127,-0.0027718257356891263,-0.0009379270996016098,-0.025648104319904053,0.017842570576086958
2016-04-29,0.022382369490643983,-0.0008686074055317405,0.002259950785809872,0.012496279685937806,0.0018448479547314989,0.015676290620005195,0.006348917910560914,-0.030906744690717747,0.013112559515592093,0.011659009295233114,0.0017350434788814262,-0.0007618042479701215,-0.02441647705491401,0.010068956138279628,0.03187242521949041
2016-05-02,0.0014639174594253124,-0.005835622253490214,-0.010552861842781147,-0.018410272143701167,0.0023013876630777474,-0.005384157168711323,-0.011694216134449875,0.005029819815256076,-0.0014671621849888794,0.0006161909972082213,-0.024897093763481704,-0.004267531855260187,-0.01595148300895821,-0.011820212098310745,-0.006563734742329741
2016-05-03,-0.0149676894468187,-0.01935788094345159,-0.008477595245954705,-0.020955371706679937,-0.011251479222204597,-0.014435284735386356,-0.015880551303351975,-0.028265587236955603,-0.0039532334883622955,-0.01669115090467521,-0.017415067561864395,-0.009605467183016025,0.029485597484283144,0.005620570022960347,-0.01243676058580978
2016-05-04,0.007350249232588979,0.009381761692141888,-0.007079147308308609,-0.0005351415664409664,-0.02159773431781109,0.016477480988693394,-0.010757801430759217,-0.008825974425963667,-0.010308883317897921,0.0074537670951426716,-0.008802541585161139,0.00977603221769563,-0.018732261339500567,-0.05775296608128311,-0.051948059622311527
2016-05-05,-0.004911473236885566,0.0030285127518423494,0.005740720121511833,0.026555393999080135,-0.000712122181418029,0.006484302129480257,0.015992424152610374,-0.00025262870965270245,0.0013131616221255804,0.007771879763323053,-0.0012784950261527372,-0.003711972816599296,-0.019504769535064193,0.009277447297880714,0.033208920932205954
2016-05-06,-0.008742556618296593,-0.00918319623950059,-0.018412835811667194,-0.01314270069937351,-0.00973868611369455,0.0021473829372933295,0.0001576391988802328,0.012642598527968563,-0.0014707374994361588,-0.007465159302752156,-0.021590365714266535,0.02365962747971495,0.013261746858431067,-0.0075346066374226695,0.009240452586920522
2016-05-09,0.015506004323984302,0.014854281560344296,0.011067398773137782,0.011732435897823912,0.01511146354449222,0.02285709112451606,0.022348108248040566,-0.018063160692388558,-0.0012601263393632323,0.001118839963410112,-0.009158087560397155,0.002926538162704384,0.02144253481915781,-0.0018219760305823174,0.019904740177389302
2016-05-10,0.012607933379525704,0.011467675054493975,-0.0006494338543115985,0.008566710560630186,-0.017485683909784,-0.01780709639648359,-0.004002687190948873,0.0019695243221924397,0.0025409002652472257,-0.0039116048108041035,0.02971804580623738,-0.02656176175693037,0.005589040057649042,-0.0019774906836579342,-0.002732408573224987
2016-05-11,0.012035395856904607,-0.009029107118560975,-0.0015779687226734618,-0.018231060623763562,-0.012746456900315506,0.006043250070776773,-0.017001553614285347,0.014718142808886725,0.009411998124710719,-0.007292900433870875,-0.01906362065034639,0.014834706702084643,-0.026975822596980503,0.005334587252064704,-0.014872746042872587
2016-05-12,-0.006561425192024184,0.006781041603497462,0.008367482751052924,0.015404149749852492,0.0051156236061593585,-0.00035334442786938425,0.0006288731393866431,0.01939600313796852,0.03125589917494365,0.009104496711712207,0.03581776318877772,0.0017418976091705396,0.008916161235647202,0.0024256181357651396,0.015097284115458853
2016-05-13,-0.025455852935663215,-0.0022725776730146974,-0.00488663441600079,-0.0029094418967205993,-0.012360871055043687,-0.003181317256126026,0.00361416006109172,0.07203611867048099,0.0059768651895493186,-0.010578019389098525,-0.018257278931160026,0.0007182573590420738,-0.019884023193761813,-0.024047133861887504,-0.045792488208036164
2016-05-16,0.01411934035745177,0.006419623302434729,0.0021308634903647317,0.014902147438769386,-0.005643984445996675,-0.006383034306995161,0.03147005179547535,0.026594237396363907,-0.006245847009928918,0.003521817871560806,0.0292061491180724,0.015337590919518584,-0.004085655043504888,0.011622459401989582,0.020098242899828422
2016-05-17,-0.013017780757010433,-0.0006173409748608805,-0.0012018255531288657,-0.006469055958478909,0.03775916647258315,-0.02212721461562439,0.003339470593380689,-0.010319090960203559,0.023879558143975466,0.002569590216223938,0.005112568955685015,-0.004241491937124531,-0.006365775708641497,0.0022979481377967126,-0.0020102815702319754
2016-05-18,0.0,-0.0036239216096786153,-0.001110860948738912,0.0019637281943358786,0.019024817847094644,-0.006569305362067346,0.006656711295142781,0.0017853835851620037,-0.011328685381542858,-0.005750898158919937,0.0025018687556677133,0.013974508930517437,0.0001423404794576033,0.005807587881402343,0.026994266278592915
2016-05-19,-0.00402010530097674,-0.0033887634629058416,0.006301514773942918,-0.0015470330812341615,-0.019603022189775055,-0.005510460416647267,-0.023594897434738638,-0.01744302675780729,0.008194404820998535,-0.003520626946279082,9.923005511169869e-05,-0.026421524462144297,-0.018362709422505508,-0.008509175359829757,-0.026676980076108303
2016-05-20,-0.005523808506954886,-0.003441681253162243,0.0008287447734378617,-0.016839094471673532,0.014520095437160041,0.011451874997988165,0.01693089878533094,-0.014165793546431438,-0.021779589477231798,-0.0014509604366411688,0.0027102097921227752,0.006207384674252969,-0.008266101770361134,-0.011034620060706435,-0.010882860070337341
2016-05-23,0.0014242002294058143,-0.01131797918994537,-0.006532693656174815,0.0012612484645799782,-0.023228394343626446,-0.008765887115587678,0.049947047942649814,-0.006518896559926435,-0.08468957834211321,-0.008592926126201994,-0.0013184221070524638,0.0221184519642863,0.011405326663668003,-0.028203987944077302,-0.011817403263252091
2016-05-24,-0.006755439544991582,-0.0002104800354426617,-0.004075391892084945,0.007975447106811862,-0.007206377493453764,0.02063409843555508,0.0034596937661393046,0.0062597173696195,-0.010605604391193402,-0.015613960040072539,-0.001534697197857815,0.0014724531720848866,-0.0020240118263079587,0.013235605580405707,-0.010309216644836972
2016-05-25,0.020547232299308105,0.017596148965679737,0.015716619264592335,0.10046856707184881,0.01693699758810241,0.0241875374927516,0.022985304623956315,0.023642803216193053,0.03669829458851348,0.0170268799084905,0.008726704756676806,-0.015214121952807247,0.018832497776077428,0.021718507264704145,0.022083294318079094
2016-05-26,0.024482364100576692,0.021097976092024462,-0.002106028326392617,0.026111756274513898,0.028075142082179205,-0.004582050962495976,0.017974923849841673,-0.0006264944420719676,-0.002562190742266046,-0.0077663642909031605,0.012829624358010161,0.004478068615700881,0.0034125202879278227,0.0018484386323918134,0.04361998808956713
2016-05-27,0.01691310832526205,0.010817127895804468,0.0008257865914973461,-0.01180165589416804,-0.014117033704916016,-0.007790559714300316,-0.00869080401562572,0.0052022733816354805,-0.009145674572952234,0.05851050965541127,0.008201985135236844,0.001708765478256824,-0.004534621189551724,0.013530179750463445,0.007421914305808963
2016-05-30,6.754288014643173e-05,0.016112101930180645,0.008709407123161705,0.014274806292921882,0.0021127045791142773,0.02498202901216673,0.017197743638594387,0.021703958556843705,0.009836890082568939,-0.015576803868939004,0.01739360950837021,0.03771692262835935,0.013238357000124656,-0.021996387631605274,-0.018999490823996323
2016-05-31,0.005318953334233045,-0.014949312605764598,-0.008543147368900272,-0.005887139951427867,-0.012649776516144406,-0.0031335946761529287,-0.01528755330642384,-0.03338672139409227,-0.014511764568951424,-0.06076820877039024,0.004053568100327309,-0.021407327639385465,-0.012644010411793083,0.0372267313120378,0.026877316784098992
2016-06-01,-0.0016071917451466744,0.007648215829554994,0.016591602602856748,-0.0006477592891797057,-0.00047421497647037736,0.01012915488708721,0.02948313616340692,0.04812750879902983,0.021765049668733383,-0.010750646047290813,1.5477699060406636e-05,0.03239362507828969,0.03372260513475345,-0.006580070747575495,0.02463442368072366
2016-06-02,0.0012745717567901327,0.0026623944045762737,-0.025428223533465966,0.011389009041086862,0.01020665317920999,0.002420476482345446,-0.009408149406894162,-0.013886974056240842,0.012440497167803821,-0.010337256376545034,-0.00191610948672305,-0.008525305654353721,0.008121093227997811,0.025590810634121164,0.004132226484342194
2016-06-03,0.030818772322351196,0.00424093076431542,0.0007402034514054634,0.010162097085719024,-0.004464295110744421,0.018282252163901003,-0.011452378477470715,0.0005001511216389254,-0.012912974778283681,-0.012588183732185065,-0.005335191161573105,-0.0249036350110019,-0.021982659175519115,-0.006164601543279358,-0.012719843502621231
2016-06-06,-0.005264437255965149,-0.0001184488653604987,-0.01053978270812761,-0.02193244609698286,-0.004956434595452031,-0.0033874144894754377,0.004803573457712318,0.027627384217571382,0.0037999014657585928,-0.01756288206932699,-0.002816344840259166,-0.009110673266906844,-0.02624608010825047,-0.0020677174332158765,0.0034103673650633937
2016-06-07,0.008885701275503255,-0.007381005889933956,0.008876880465579884,-0.006115555169640019,0.010199205204187711,0.009177554545301225,0.020106951748553037,-0.004498326226552551,0.00767867926429866,0.019878777447647877,0.001507258678880019,-0.003249760055009432,0.0011469311133451843,0.014059575377524558,0.021903378986584343
2016-06-08,-0.016449649867430582,-0.01534941544288948,0.008798438567779288,-0.001211788812228498,0.013148612674633187,-0.0020210775487232713,0.0001379398147995925,0.0047516082362211165,-0.008854501077857457,-0.0010828708084281713,-0.005703477057250161,0.008261508771808534,0.010024202069865762,-0.003210616620252349,0.010347274401236062
2016-06-09,-0.008691663539828864,-0.031335406230647456,0.0003674558134383332,-0.002240398609854588,0.022711380449109697,0.01957486656821672,-0.023980072467174485,-0.007691869829007936,-0.0033028132211796457,0.006368446682725848,-0.02135160134131653,0.020392416174721317,-0.003969762713423197,0.0016103239303344452,-0.004023648707403571
2016-06-10,-0.002723456037200256,-0.004133076635165156,0.0010095076126619418,0.005800272873798695,-0.011103690606927286,0.0029791279241935253,-0.009602103747299862,0.017586797750964944,-0.01158894420793033,-0.0017502009408596475,-0.0016770222074959928,-0.023946011118325616,-0.0004269606645870283,-0.02236498067421644,-0.015056586960405682
2016-06-13,0.006926884581400561,0.0002539561206502672,-0.007609852343652301,-0.006417876370695019,-0.0226853887629046,-0.018151870115039492,-0.0022810228295828683,-0.0009399220881055603,-0.018704753489861337,0.006811492939041042,0.007322835337391753,-0.027005050490495952,-0.024779348092914044,-0.03379189566288887,-0.02759161150415812
2016-06-14,-0.005027131755729886,-0.004996051448170391,0.003510831912549861,-0.0014979066589956291,-0.002110045454649212,-0.003361403311326616,0.009716973646218374,0.007807941265395746,0.0011013218195592422,0.009712429014673729,0.0029305789400970728,0.005308276028442638,0.0007300995540324706,0.005725640612055605,0.016487901296106333
2016-06-15,0.01788330227321988,0.012723412399660905,0.007273075158814146,0.014250931850832371,0.004229197348419422,0.03979766050863076,0.0176905465891255,-0.01471358911384324,0.0005411542108304523,-0.002786209209936885,-0.0034063142687049686,-0.0025269346293824713,0.02699534856204755,0.01631030227284369,0.001131601454259945
2016-06-16,-0.014499111596948056,-0.003319664936419109,0.005209848469201139,-0.014420364963755428,-0.009358657058501363,-0.015245038577021197,-0.012932992716143787,-0.00020821261781256428,0.0016027801574249878,0.003991698302540092,-0.012472531424731148,-0.01115433961854273,-0.01534517830462101,0.0007569728459533298,-0.013564371454070079
2016-06-17,-0.004440329818114708,-0.005480576111384972,0.00390947731370983,0.0040329973695756305,-0.0044880430618113865,0.00329386585324265,0.013947719191110153,-0.00409036923262629,-0.017603955050591202,-0.015107546209093159,-0.014861226866879407,-0.009674354106835925,0.030303017640161523,-0.01527976599241998,0.02712000219728794
2016-06-20,0.0011312662070321888,0.024798776423184732,0.00905732712348395,0.016907947671561452,0.014709627414134951,0.014116984557727585,-0.005002250225875637,0.012987065827665845,-0.006592086869555702,-0.004507474325866068,0.017982316495551487,0.0039387369422254626,0.02100855417733527,0.0331849108407789,0.030122710272719733
2016-06-21,-0.006915165796005152,-0.0021923614461034635,0.007090857074336876,-0.017086240765599836,0.01730198241826897,-0.017157819801177143,0.001257087789806155,-0.0016416131547215551,-0.02187081956037551,-0.004798307170337357,-0.00258421337015613,0.005499556095074798,-0.006310039546118862,-0.006543046488981741,-0.00505386117463158
2016-06-22,-0.00990952774943843,-0.0054721915124424925,0.0038326101723760164,-0.004205588340830846,0.0036772857692353167,0.005270254944103714,-0.010599902535318617,-0.0073195250328602635,0.019046001834982507,0.0050929883758763506,0.018382827785461187,-0.0006502882443364388,0.0023466990206846283,-0.004789595795798407,0.017779089918015023
2016-06-23,0.01068508454794248,0.010087451145072368,0.0009765325977684203,-0.0026279997609132133,0.0006867419472593728,-0.022935748860648753,0.015647081314241307,-0.008906747438980789,0.004495412086144235,0.01695819188457226,0.021400205904855474,-0.002488076560000274,0.004820403429858677,0.004511861001147421,-0.01532974553995159
2016-06-24,-0.01786554547972874,-0.014072274125031536,-0.015167655408334424,-0.04573233211869243,-0.041647448860135605,0.0006708442126359682,-0.01707136648096874,0.010067538403245813,0.002856777721375714,0.002856919341298836,-0.005769974014611989,0.0022640752736140524,-0.024534131814720972,-0.06378198828258752,-0.03367130174719768
2016-06-27,0.00749412070147204,-0.023733028909123766,-0.01287933720763812,-0.004733364306144905,0.003581772744080336,0.0,0.013696512297144636,-0.0074966496001094285,0.01912289733426653,0.025173803149021845,0.02960424895421898,-0.0024500613576473596,-0.013207708584273115,-0.006876517211822364,0.009741425690757533
2016-06-28,0.005274559002132584,-0.006045020529971024,-0.010218963112431423,-0.007232675638658703,0.005710160694411881,-0.008043229471447533,0.026605274873344964,0.0071345241668265835,0.024167997557175358,-0.01117917705473781,0.008147140604743086,0.012510839268599527,0.016944433334144193,0.003220656940024602,-0.010018570471155619
2016-06-29,0.012780974777907739,0.01526973605565618,0.022400385377217003,0.007884075590903095,0.016086745398238733,0.027702888710832152,-0.005970111952904755,-0.007584394090484503,0.008460399215719283,0.006796448140946154,0.0005040527426019015,-0.0026152203109649497,-0.0025205064205757743,0.006741395075116952,0.07683666706979086
2016-06-30,0.014014274329657628,-0.005140867833985707,0.006131065162717553,0.0015843788033984563,0.0072178657389010414,0.0276134783148001,0.005733041652920212,0.007417357264685176,-0.004492612126167472,-0.00934704042377743,0.03267480755246854,-0.00015196980445209007,0.029758493106248896,0.026626338972076002,0.04385651536655111
2016-07-01,-0.013034578025073351,0.0013666895896613518,0.0017027985771542742,0.011171497506841543,0.04022195546575502,0.0028789767962900115,0.027483633265526164,0.0026720121123255947,0.01788740468489647,0.00032764313047395355,0.030280615064491867,0.010908435816806783,0.00422587640478489,0.019102342173593856,0.010003475793391114
2016-07-04,-0.012543164669545082,0.009851516125155335,0.00500967070561309,0.015057002764775618,0.031333300213037374,-0.005103740828511616,-0.02952243024188561,0.002811298910258886,0.011608649050030007,0.009759590107336402,-0.014092465579089164,0.01026425426390376,0.013574076783825939,0.00960076152983591,0.04919106927614281
2016-07-05,-0.0047718364249629275,-0.0071792482942439895,0.005786102754179012,-0.007416867996698495,-0.005602280388947056,-0.021481164730751234,-0.005512289535637871,0.0007507658744942969,-0.001636976283094782,0.004800141706701622,0.004526641312656121,0.001339801994014067,-0.019954731411058524,0.007245320697089941,-0.013845170453948952
2016-07-07,0.007428225490663687,-0.01548335605687412,-0.009469873738765178,-0.020766742765361612,-0.01798464795571919,0.0019658545887071277,0.014165355189379225,-0.0033061465657172606,-0.009554685312723965,0.00477729641346758,0.021518522371825277,0.008882819808531783,-0.006968810019447602,-0.0478046275250702,-0.010210630520248842
2016-07-08,-0.0032845272664027148,0.0008209207877378777,0.0036633140617952087,-0.0031710977484001868,-0.014563075090039512,0.005886251804024134,-0.00465601765079493,-0.015227619183983299,-0.0014595795476416429,-0.0008995826624548231,0.01034093997854768,0.009541383124601177,-0.0228430901776695,0.0020459590143373507,-0.0032236644876176834
2016-07-11,0.02300082319105945,0.01454839365713445,0.014625869109592848,0.010836215348323464,0.007612927622157928,0.025032484999214066,0.013423128548004204,0.011704580216447491,0.019322221734939582,0.014791161332611935,0.018308281275982274,-0.00602127472934888,0.013519265588120222,0.027171209598884527,0.023285794111622904
2016-07-12,0.004076108256726219,0.0012766027043609185,0.0034277985247255227,-0.002360312346293858,0.012888872809581509,0.004123247023323007,-0.003010539809884971,-0.009241464384492248,-0.0007169030741082105,-0.007541490225143166,-0.008300094192660201,0.012298757238004887,0.009587216642105156,0.04678911936738395,0.017699154241332282
2016-07-13,0.014862762036652377,0.014661698539670809,0.005518736906559907,-0.0012817411630425823,0.027424219145606443,-0.004106315669462068,-0.005233318317264035,0.02395279674361972,0.003639687629606092,-0.005746472883464304,0.005352362657228937,0.008885119423977406,0.0011011963803200242,0.045135868689018865,-0.02422352936787653
2016-07-14,0.007359520522974838,-0.014701055031453025,-0.0058367288053567945,0.022900199149667788,-0.015374722100864657,0.006660256169754408,0.006475111775118281,-0.0021578433261454366,-0.0027373032040090006,-0.012844705999702444,-0.008960986497020484,-0.014486420995690974,0.008935836094658756,0.004332613882135572,-0.0038192769625724488
2016-07-15,-0.010317737767318591,-0.08816163531688259,-0.028215965273830634,-0.027212392585139633,-0.0013009724942553147,-0.015437889095011426,0.0006029963478262346,0.010042737970394233,-0.013689808801652936,0.0024073146175360716,0.0013394724368691602,0.0063099023915000885,0.032565826174134394,0.037851231414018915,0.0028754398230026457
2016-07-18,0.006022256363938938,0.00876376252518618,-0.00459873570099123,0.005059165468364046,-0.0505975675087289,-0.004159853422011972,0.00020112132678296035,-0.002155825487074603,-0.001524665086368171,0.008177697043699306,-7.011998756512039e-05,-0.012867283906359828,-0.042887398939002175,-0.01944195308753649,-0.016884382390086272
2016-07-19,0.001287098593177216,0.004621335027795492,-0.004891624722725196,0.0019740013463731554,0.010979317334029792,0.0038559895451730775,0.0006026031432568857,0.003633501752020152,-0.019973075609720392,0.0073389273306849745,0.00508753437356213,-0.014907793516470424,0.00454982786175151,0.012580279868048772,-0.014258031367301416
2016-07-20,0.005657100522005409,-0.0035418234328661313,-0.01893504173185978,-0.004432774136290618,0.013122065566357088,0.007362349406297319,0.004818287066626237,0.0047570066211530815,0.01789818231750573,0.01897982110210017,0.025307363489313506,-0.005926730615483544,-0.002470493044354316,-0.0048617480389374634,0.036817965183845835
2016-07-21,-0.02755047546265199,-0.0029542568816791626,0.0058457061422196865,-9.889699800391671e-05,-0.005806377935381191,-0.015570673538002233,0.0013986100404062007,0.02897695414026047,0.0018866735842337778,-0.0038256242474102864,-0.01622416769545343,-0.0003375931038411828,0.012245396010805765,-0.016691329190929638,-0.020291872809089284
2016-07-22,-0.0007889993261115391,-0.006898985244094713,-0.007841325830509893,-0.0007917693761773092,-0.0006737179740099464,0.01097503464084526,-0.0029929394069508897,0.030672600383935267,0.012842909758172816,-0.009569425738854442,-0.004741309833571905,0.0009003632643471704,-0.0013591741747459585,0.008694185982290659,0.024919341061991895
2016-07-25,0.005723674661841427,0.007832442870602252,0.009484042034343165,0.0069323117698931735,0.019555020100853637,0.0057473454431899995,0.007604649596545832,0.006802385836581326,-0.00017529119614667632,0.02212053431759342,-0.0326403970948449,0.014053467048169344,0.012522071559002201,-0.004925388397793773,0.03504890655359838
2016-07-26,-0.016614413599910338,0.007262955646490932,0.005987041122503145,-0.011605210368171193,-0.010802511670471748,0.00380930490391318,0.0,0.005283195518442252,-0.009332030429268667,-0.0069648123600339895,-0.046721324852291746,0.001515199205253781,-0.005646053971273712,0.011412211601377953,-0.01769376064481898
2016-07-27,0.003059706773754556,-0.0030770168734538528,0.005584952248127495,0.0034826672574281847,-0.004902927520974876,0.00600906094038578,-0.017279102303214944,-0.012255746357437647,-0.0038955287189980092,0.011898540200482088,-0.10225477579163622,0.0015499136059615726,0.007300360966098429,-0.012914556500869812,-0.0046582434941271345
2016-07-28,-0.0048411005079673775,-0.007232692260048412,0.008467579657979174,-0.013611138068857165,-0.008510744087132038,-0.002829613723859037,0.02789011309594769,0.022745098499495464,0.018664579256360003,0.021723148099295653,-0.0068617706656181054,-0.0067425387565773764,-0.0017445770180470888,-0.014645941942894702,0.009984226336198887
2016-07-29,0.017525262211468995,-0.0033877059958311584,-0.015799748633112842,0.0049429895915575894,-0.0056470761708201644,-0.0015763204305812017,-0.0072748534916023955,-0.006763731594473299,0.031104021886652955,0.00545137802151352,-0.008244005616067418,0.01034907071657809,-0.026485657203693447,0.014863559873308452,-0.003398153126556558
2016-08-01,-0.013556036945655325,0.01061605354475148,0.023208920759588025,0.004508750741542222,-0.00590644710165944,0.006631065087524091,-0.007328164817008487,-0.03288650126552828,-0.01758823084238048,0.006867897516392718,0.015381403962167806,0.008591008068970174,0.0053862164768714305,0.027601666685743265,0.0012400464782120757
2016-08-02,0.009228203675154534,-0.0013358073758770184,-0.014524057925342282,0.018463836009422474,0.010512154809723118,-0.0003134995645793781,0.04070221559544285,-0.017038341121055733,-0.0005202515883824255,-0.008077457901330631,-0.0010569415912926594,-0.00880923442431103,-0.017033029432665936,-0.008222678943124007,-0.021052718571720086
2016-08-03,-0.005131042646191575,0.0010148370654170513,-0.0030021674353267747,-0.004607526701554732,-0.010628983160288041,-0.011609666834775045,-0.03105822768122568,-0.008319075726226366,-0.01744371894493879,0.01290847344102053,-0.012830114414176585,-0.015644275359160464,0.0029346186154188825,-0.01050148351883784,-0.021821727091808518
2016-08-04,0.00026461521257914455,-0.012074745375676987,0.00045623605830558134,0.006138111340522556,0.005028798435168458,0.009841256189607073,-0.0023743459772850306,0.00421286703638879,0.017806430520753036,0.010659993547618818,0.007927514658923496,0.013654563276869647,0.020621427950337168,0.043988343360472415,0.04849664332510928
2016-08-05,0.02373050821136946,-0.0035454768048518437,-0.0018241946362876904,-0.009800979132216003,0.027745963245135563,0.015089391654631745,0.0017851329838833863,0.006602283007728138,0.0013017767936081004,-0.007836691278050867,0.01561191617798352,0.002907655326359615,-0.006143298159540733,0.021134169572355033,0.01449285502185682
2016-08-08,-0.003680324430843762,0.010018531413808596,0.0032894186792491453,0.017371783613361558,0.0006639014878098148,-0.009910248503228525,-0.010295092181416776,0.00246394910842751,0.09275079486276439,-0.010809258985453152,0.009140416154411968,0.03148746296787941,-0.03420349338255779,-0.0056325987764649366,0.006382865219363154
2016-08-09,-0.008749144201851133,0.004357311195844815,0.004280697660814292,-0.0022832409458687364,0.012825994235477145,0.0,-0.00920176720946353,0.00545572416123119,-0.007518702108068376,-0.0041425612399133005,0.000691485859824148,-0.0021345786865232252,-0.005973686741370665,-0.01106576285380989,0.010872900707623812
2016-08-10,-0.004576731727024108,-0.0009691504858981848,-0.015779581590961933,-0.010547272336058344,0.00021846646237921874,-0.012198755065573219,-0.0046437048710420425,-0.0069062270221393884,-0.008022948733729995,-0.014107432835104183,-0.012720976372427084,-0.015616745739858384,-0.00858485667165576,-0.01345400983545264,-0.0023903334703111456
2016-08-11,0.004466294111950431,-0.004619774152332612,0.0006450023130599725,0.005832789892477042,0.010259644539433621,0.010449532929942107,0.02089241265393138,0.0006358296840505151,0.04303398024272154,-0.011496313605907083,0.0037337692210281936,0.0015937146566258331,0.00365118437023515,-0.005266008062652983,-0.030248606928000576
2016-08-12,-0.002288765935329229,-0.013737392331377496,0.0013811853969236676,-0.013497413088978005,0.009507440490341912,0.006267489511361468,0.009735985511231338,0.00667948479981928,0.01489112802432313,-0.00952676425642296,9.969291544598136e-05,0.023903492665651838,0.004186527906230086,0.017374730497339508,0.004323821112373727
2016-08-16,0.012977022855219067,-0.01011711267720694,-0.013333376651916695,-0.0210803391609361,0.0068492608242038955,0.00498294311311942,0.003935290314353468,-0.021110195210984672,-0.0039726634312720055,-0.022297138832382934,-0.0014279939088168714,-0.0024723721467845294,-0.015382291590102293,0.011741149862394495,0.015990076858380498
2016-08-17,-0.0092521892268711,-0.0175890231880117,-0.016216185182223897,-0.017186163517379782,0.011054583210344138,0.001239579582130279,-0.005488166867228195,-0.008119390823035921,0.019758287370226224,0.0029385100623100513,-0.0007318004158564095,0.0002477518548824609,0.009344312471433636,0.03349583536210554,0.0033294458827697326
2016-08-18,0.024489216858923468,-0.009581009122835549,-0.005115359931534336,-0.010849917167452539,0.014928186814518796,0.03249767820606153,-0.006109565435154174,0.00038134948177237504,-0.002142936620482816,0.004840660941031416,0.007505115864479217,-0.009061707933400553,0.021698452327975515,-0.011866632369430419,0.009653025752809574
2016-08-19,-0.0072030296277000305,-0.002051703755218348,-0.009522218163994567,0.007880695835720042,0.0010360338043950978,-0.0002997496334656846,-0.004758960126044709,0.0045317379502876065,0.00627713391159701,-0.006338603217420968,-0.00563216799680033,-0.004929263129887618,-0.004955480719202265,0.012784212646552717,0.0023903334703112566
2016-08-22,-0.007576307981707053,-0.005728165426324483,-0.008844556995715958,-0.014475829241366589,-0.009312961249072882,-0.018590603867430833,0.012552469210753703,0.008621638764550799,0.005611333479005776,-0.017479196389650564,0.0009465975330740228,-0.013677077049533137,-0.0034148817058134995,-0.010200437760398806,-0.01877790646154398
2016-08-23,0.007116616140386389,0.023831916347823334,0.007953657965643401,-0.0011794864529787175,-0.003968685639953229,-0.028414182194541837,-0.010625955018222277,0.0037651550111170717,-0.002344630840591333,-0.01006340394205918,-0.001260936444770655,-0.014485313201290206,0.010136841961120302,-0.007728752432844765,-0.010328110101908705
2016-08-24,-0.0017346068334798126,0.0170728757778289,9.615602557411229e-05,0.0026833454197376927,0.010905950290072575,0.014465145024693316,-0.004574347276109281,0.001071737861744415,0.021300749903228056,0.009641170513373432,0.01016882410109421,0.0029915144729297793,-0.003250825651005984,-0.013501408994039399,0.00798005753736386
2016-08-25,0.004826219109813401,-0.02009627247704371,-0.030116344577857612,-0.019162689628138052,-0.013278142348105093,-0.016428845279297555,0.012787304778862918,0.0017086887359289982,0.009132265112388627,-0.006171147363724705,0.0034539794256891465,-0.0018043814143889891,-0.01871808516730289,-0.0201340503267462,-0.016138678204691614
2016-08-26,6.419673977053897e-05,-0.01534528747699948,-0.02777780024656351,0.004038544227023877,0.0025233541078268917,-0.004727386570017922,0.001380861675270184,0.00020495186362556872,-0.007678395220529377,-0.012680658152295687,-0.003245390451234398,-0.002582174657472125,-0.005924799697377248,-0.00765495103622138,-0.011451517276726775
2016-08-29,0.0007683423270277157,0.002499198645017575,-0.02285727280559713,-0.02261130359847785,-0.0046143009511318,0.010449532929942107,-0.003940121831358834,-0.01168896502716521,-0.009119645813883581,0.005362388008738117,0.0038643075039992425,-0.007914188638875497,-0.003924836858243519,0.011638717853540204,-0.008766455320381228
2016-08-30,0.006078761522066323,0.017207772957598788,0.022243249855395497,0.029807579621218716,0.01854194505530482,0.013788956869004165,0.017800550184922548,-0.009457206124378281,0.010818108535894266,0.020479570602494723,0.012646880522817261,0.0007084315661400886,-0.03137791641802978,0.010702267664593812,0.024320829006544642
2016-08-31,0.026394598985931106,-0.004373277178551294,0.004494632003045895,0.012636388319473335,-0.009016391791575429,-0.015456056008062435,0.01068796724561416,-0.024223990005877494,0.005038949665891801,0.0010322322225957414,-0.0002910301526893866,0.005736561226515446,-0.0006028034707485919,-0.0202516513144253,-0.04502006042925222
2016-09-01,0.004709306928466939,0.0016412482623029412,-0.01566137517390065,0.0007464709081415055,0.0012693210262637589,-0.003139772348265679,0.003653228764662231,-0.00565495280057271,-0.014795342495347974,-0.007219634451910095,0.0025242640655047666,0.0050001353279742755,-0.06271643700910456,0.012159057679674179,-0.03939308596016755
2016-09-02,0.0035772263670741378,-0.005494005608955299,-0.0007234240862874497,0.005755174615486025,0.009087379794936234,0.007873904423506328,0.007279601155744997,-0.007551263878643133,-0.015956070886743,0.015973099321835216,0.008199755737599013,0.012935950339352909,0.025896616751971413,-0.0010678674912846242,0.008403705360327418
2016-09-06,0.0054694029113897535,0.01274413855395573,-0.0014472399501544997,0.01737863796205108,-0.000837932655256779,0.022187545229216177,-0.00114111303194675,0.019488672860689338,0.030447487987008248,0.0003833443478502563,0.0032020021272078925,0.022302924488404097,0.008153199789745047,0.030865889722454076,0.0033331572288570754
2016-09-07,-0.017052591596421918,0.008947518856799563,-0.0023817311623881565,-0.017081779893533877,0.02682868095936075,-0.014062967070677224,0.0007616688340803535,-0.0157426725677966,0.009212749865431746,-0.0043442660198744765,0.00185135242342227,-0.02003685098917085,-0.0041993519064523754,0.01088784042073776,0.008970225953383704
2016-09-08,0.019462762329653938,-0.015839295968659628,-0.016190828654123246,-0.02712720091672194,0.005511100988013773,0.0015672814642480049,0.007990830243031155,-0.004642158402642482,-0.004829427999232472,0.03829121735319241,0.015801950551320054,-0.009043209260808593,0.013275002055372243,0.033466059557864636,0.031939310212681926
2016-09-09,-0.0010978461603095013,-0.0020719312266689327,0.014136569045622771,-0.0016337920110531812,0.03512008515453924,-0.005946464407907803,-0.02491520431868466,0.011831503051305647,-0.004910473282065619,-0.01311812021025216,0.0015211943865161004,-0.008209089128453972,-0.007089997700355011,-0.020843784118266817,0.008296330271517549
2016-09-12,-0.006777945718604239,0.017865819589580445,-0.0005202119298166608,0.012109882814680173,-0.015493256519765075,-0.037468792933103234,-0.023422374626999143,-0.011785519282755508,-0.007843563138895004,-0.013041590254574298,-0.017442923719504178,-0.029672857210164105,-0.01257358462517344,-0.05397871978522861,-0.07974719940226316
2016-09-14,-0.009037211067003614,-0.007969700932619062,-0.004891594393119036,0.006144328725969483,-0.011155543220295772,0.018645728928942118,-0.001585661223434509,-0.013489094632079479,0.03265794681973144,-0.009148040502452215,0.006438014410842463,-0.01405224969954999,0.005659381228439786,0.0016072406889910962,-0.0065334488715744765
2016-09-15,0.0032879340707745452,-0.0032518111353159185,0.0008366764067297972,-0.008463647595449486,0.0012086184231252517,-0.014771872130431407,0.016081152994869674,-0.0067851503370468524,-0.002344612722482764,0.008334863653387536,-0.0058110982947851,-0.012051080932906633,0.008910645541295281,-0.020058650904582254,0.00034602987314236167
2016-09-16,-0.002473341888368341,0.01722333331809578,0.0019856109713503045,0.005510605481117814,0.007243575069057595,-0.0022818894562303127,0.017389419747243506,0.016757938308366915,-0.015885197629123105,-0.0032428945530165176,0.003408225162585099,0.020799294477654273,0.002788859534106347,-0.020606148464219154,0.01245669195336263
2016-09-19,-0.00464910994910106,0.0009905572964465925,0.001147166830522961,0.0027937214355544526,0.015381723430631933,0.013721370401486244,-0.005761536195375561,-0.010855329527469038,-0.01838574643177404,-0.0016584194063076207,0.0022856873874328443,-0.004021460916553421,0.0016995260647665322,0.007802722657686445,0.038961133744884524
2016-09-20,-0.012580137527031687,-0.010412816092067678,0.0022918934509268407,-0.009429748545787264,0.014164326721262999,-0.01127949193003508,-0.007339979203070168,0.0003945459554459685,-0.000322425419791883,-0.004792430988628249,0.00014254907960675745,-0.0022303753518815306,-0.015270784288687111,0.010922276416526211,-0.029276288060524513
2016-09-21,-0.005487384533213069,0.00533250986360545,0.0058206817584740556,-0.002271939888474739,-0.009310851352482552,0.00391132402540828,-0.012843082881491386,-0.004242829375335377,-0.003635838733639818,0.00012846368283003784,-0.0015201344114492699,0.011176513889479711,0.008302098472102948,0.011487850693058244,0.004066249036213554
2016-09-22,0.008561795270243922,0.002889139096360349,-0.004340411947343581,-0.013878314809382841,0.01625191999575648,0.019480425869313533,0.006307995566365854,0.02174044611866477,0.0008386144903052006,0.01014331340608532,-0.0011734571209051081,0.022982999441526264,0.016001444716461588,0.02014609003880974,0.037799613400247845
2016-09-23,0.0012574924342112492,-0.015347701009826187,-0.003217197904872293,-0.00032968052281001636,0.004046405395700781,-0.0006369119461124839,-0.007051788243058188,0.006868216175767827,0.005924860190421155,-0.008516078391851423,0.01044678708663871,-0.0020493613595163884,-0.00015293600185151135,-0.013916500448394764,0.013983828587147196
2016-09-26,-0.010550655195214476,-0.006378584981783786,-0.0018742348690129473,-0.012428676088080959,-0.042218216662285424,-0.03027397177040614,-0.02130605595454993,0.0014855281220558236,-0.0011839465522803794,-0.017819527105298993,0.0054836692333486425,-0.001717250645403623,-0.020186670013319752,-0.00604833715435138,-0.018922330372416307
2016-09-27,-0.004189282700611363,0.003716678125384787,0.010223265534520243,-0.002450022955994391,-0.008014532740161506,0.00032856425916105714,-0.008869352171795408,-0.002460062621707171,0.004155618770916636,0.005220971434420685,-0.0027971625367636532,0.015632715665453656,-0.017324691678452853,-0.004868365738583846,0.0029419608745708814
2016-09-28,-0.00274048181129527,-0.00076962863670893,-0.0010326086549781177,-0.016411743261894207,0.016562137273485655,0.0032852498306021882,0.004474591998011146,-0.0055021766448947185,-0.007883333245631063,-0.006946616251661819,0.003024581751536637,0.0009205361396957823,0.022077605092687413,0.03370035841910646,0.01694928342149682
2016-09-29,-0.012399418460965483,-0.00938442131966677,-0.023775110751672934,-0.030306613807355776,-0.005960397164368025,-0.02128360132577256,-0.005061928584385589,-0.015396889591450358,-0.03485396910849292,-0.03785310130077146,-0.02029473691945327,-0.01699659675011511,-0.01880350730449365,-0.03036660409905534,-0.1022436318707356
2016-09-30,0.005694875845537517,0.006655585270184838,0.014294863050689832,-0.017089878316116303,0.025984487093468234,-0.009702252895418928,-0.017704482052346093,0.012536750852195633,0.023877283062922583,0.009309080771776168,-0.008930436267265307,-0.016916088550835817,-0.005385030232690435,0.014777615998017968,0.043555770405763194
2016-10-03,0.014221323615399184,0.00197872010759359,0.0,0.0020245920705712628,0.014026951101273832,0.017567688716788377,0.003936378030978016,0.02938851175187107,0.036132434126948665,0.019321359795271498,0.017104422007598652,0.022536958217141967,0.014968185486445407,0.02297930609193477,0.04584338981247593
2016-10-04,0.004631732356280782,0.010692596957786904,0.005950519273079102,0.019015826270907032,0.051104473363317915,0.010955947714538006,-0.004539961060843312,0.008917423140476721,-0.0029263837432442763,0.00957645033013188,-0.0038602226143692464,0.010535717786934518,0.01663013143181158,0.021679240569403957,0.0035982405012169316
2016-10-05,-0.012062662926784817,-0.007338821415573071,-0.00467016764711603,-0.007930891068177348,-0.025223831958175014,0.0013135655189480122,-0.004146137414678397,0.014159432241080294,-0.004272940193936314,-0.006345411584503524,-0.008004012743677125,-0.00983656018392376,-0.007098860676818863,-0.001150338593161604,0.03585404842329232
2016-10-06,0.0010868356952695724,-0.01353821143430567,-0.003231862394355245,-0.010698556872840492,0.009375242719076082,-0.02295809737118415,-0.011656836825584715,-0.007674379523458397,0.0018783557571562248,-0.008624876384275004,-0.014728820555488853,-0.003683515788686087,0.0018650194420430921,-0.002175526142487505,-0.023599765316874688
2016-10-07,-0.0004470058511327757,-0.014454082420611747,-0.0021968129060625508,-0.0023767845134264887,-0.006687469462326345,-0.004363888296103013,0.00652905060665554,0.0006393738370116253,-0.02317568424733263,-0.0022579803012025,-0.007425728386895258,-0.014378152052079818,-0.00884246306466896,0.04283691177395266,0.005156265457720632
2016-10-10,-0.0031305385052700085,0.01718451069381599,0.00010465955348926137,0.00500320948805788,-0.0014960855577835774,-0.011126129271696317,0.004812874579866788,-0.014157774519394817,-0.002908379586978982,0.005657725786381462,0.00797222814532006,0.018528486937619215,-0.011112718880131989,0.029147692410151027,-0.012503756347545303
2016-10-13,-0.010061360960808008,0.021748533415392846,0.0026205832972476806,0.0008296500711888477,0.02172685968283594,-0.012956281177829765,-0.004789821768435343,-0.013523678468877587,-0.015206820478210759,-0.020848349370299335,-0.009257057875389774,0.001822854808480212,-0.028965215444005876,-0.010994220656625475,-0.040584653358513245
2016-10-14,0.012170685606961662,-0.02394628393577014,-0.006795556311585571,-0.007342395344008379,0.015765261271617703,0.001727348356073355,0.0039758198135888545,0.05110100591018041,0.0015939121176515858,0.007840819688214262,-0.006196517199037577,-0.014147689675099384,-0.004400925345067863,-0.003624993173815705,0.016582185431136542
2016-10-17,-0.015989810103734903,-0.004624419235395361,-0.006000193776124485,-0.025173170324295113,0.0050533492689417425,0.01724126595364006,0.002917995096137993,-0.017325550485269292,-0.0073106887281852995,-0.015492810086623399,-0.0007586658256441003,0.016271443956588527,-0.013424890036561554,-0.003637993212954993,-0.022969695636787524
2016-10-18,0.010009809443368045,0.016285147166096525,0.022450526737512355,0.04050915631761964,-0.007003115278553906,0.003389932551958408,0.022235859034592353,0.017135485132084405,-0.01264208080887197,0.01301169214350173,0.005414437025035745,0.02157101077602608,0.01775625755560606,0.03444494572895107,0.0330498771667207
2016-10-19,-0.0037969301807121436,0.002646632995717102,0.02537556231954463,-0.00047033319335909596,0.0074141663495903565,0.0070945603723244766,-0.02642816812808224,-0.01183484944778912,0.01602016788596705,0.009078654113995999,0.006616518322678511,-0.009396776790463246,0.0009782761551302421,0.0024706716997442424,-0.007915677041961389
2016-10-20,-0.0021318026942315216,-0.004943292083555373,0.000808118188222906,0.00023512774642964196,0.010051927729357812,-0.0003354854989481293,-0.00041746353675375936,0.0073979312116796425,-0.0011303861753004796,-0.0063312529711965215,0.004338760886457349,-0.008386866770932588,0.007004518695709949,0.005986187254801045,0.023271380000776443
2016-10-21,0.011846907686963615,0.012333745834322896,0.007670603751336769,0.021411823956127174,-0.005508950174712424,0.0033558932259933894,0.0033423381356305626,0.0038435002932655227,-0.0007396272094936096,0.003018099585865519,0.01130299518870026,0.012114242764898142,0.0021028366072508575,-0.003150264144780257,0.01461965228337414
2016-10-24,0.007485710261108558,-0.010787079296251445,-0.030548848658496053,-0.011402843393828799,0.04485344222159293,0.012374375096634527,0.004996853531364254,-0.002292885206173101,-0.0008456704298602791,-0.0008024700528157513,-0.00782049779830829,-0.034047326175106085,-0.010008109901681217,-0.0026919671670651013,-0.006404082098838804
2016-10-25,-0.0010161942782247468,-0.009638772949519647,-0.005269136878969349,0.01141791902751299,-0.012314066189666573,0.004294775868595391,-0.010772749259503,-0.008667579436093198,-0.0037940685419300957,0.0003347423374273628,0.03604425509959719,-0.002342363799769931,0.016794485344435506,-0.025349208918284738,-0.006767632016998704
2016-10-26,0.03172093706947643,-0.002949377090176286,-0.020461217179616353,-0.025342634498645933,0.004675330724024818,-0.0009867514124464183,0.0,0.004629276049809228,-0.008967131817402718,-0.01164024036424871,0.013028835635002789,0.006323945028738676,0.018922268391802666,-0.040096176017171636,-0.01330302067075595
2016-10-27,-0.0060382967952371525,-0.010550131914066285,-0.020888527788803346,-0.02115603102202479,0.0024131456636524717,-0.0009878980553191807,0.0182200486538473,0.016343166098581996,-0.016443018418585642,0.01110063881034673,0.02544510960430202,0.0017684635473780297,0.016997190287248554,-0.003637763961602758,-0.023018518504295038
2016-10-28,0.01580703101039549,-0.00597896709243384,0.0008661091244517305,0.0520405856923265,-0.013411793200037714,0.003625444432019398,0.0,0.007035177080591204,0.031085567674108194,-0.004686178756078685,0.01162450639906809,0.006686452576758928,-0.013153908157661598,0.02089877847894428,0.013126625399653369
2016-11-01,-0.016842674915057643,-0.00807017813644173,-0.0029213239296541627,-0.004820314126801284,0.007842712094311644,0.018062598078886882,-0.012957802233120708,-0.02739886304811423,0.005615997274159845,-0.012980862363543011,-0.010955867436936662,-0.0016420112682364874,-0.004390534330945606,0.030213452137470842,-0.006312270372070494
2016-11-02,-0.0019239640549577608,-0.008489574792142962,-0.0061853742384412325,-0.00864952917767936,-0.041155205488990765,0.009677540299563692,-0.011043995356440517,-0.005180566302147471,-0.008392071139473156,-0.026848440527386774,-0.019779992987753903,-0.027246050275783973,-0.02472817509738723,-0.010414078784004688,-0.03142761170610875
2016-11-03,0.002487492500280908,-0.014474382303469313,-0.022494116771876738,-0.0041881874077884795,-0.019064795761108866,-0.022045201571089357,0.012642262707351692,-0.006124959393522755,-0.0003329814732285774,-0.014564548423450896,0.0004752804580401282,-0.01682878839674873,-0.0020995565752351952,-0.024313704665344216,-0.011391139121974647
2016-11-04,-0.007878401574249683,0.004292447318837933,0.010947299945999633,0.004790106192940735,0.00728809724282331,0.0029403728897960946,0.03641285350128243,-0.009482462309480133,0.00015142116712385523,-0.07411391709244164,-0.05598727073731291,0.004806825467647213,-0.007282915061328388,-0.00049580914512104,-0.027234496527961838
2016-11-07,0.002751165193155547,0.007157455042623662,-0.005524841968257643,0.03441447531170572,-0.008534265049628287,0.010423715648258502,0.029913608291850968,-0.029455692380407683,0.00016643553942152778,0.005218624467624,0.008750989622026584,-0.003927985976420745,-0.003586584424926764,0.0235672724874616,0.03409888382279935
2016-11-08,0.012408880046661963,0.004754800548848914,0.003888703674176819,0.020905742891122125,0.012724706980823841,-0.006125246630280801,-0.0035087557547308634,-0.000983511288287442,-0.02028714920556063,-0.029775386061396292,0.0039753484659130756,-0.0010932837039727694,-0.002290447854349509,-0.009573348652564873,-0.00485926083781596
2016-11-09,0.012687839896819986,-0.024730193563022307,-0.010735734952844855,-0.043267403366438195,-0.002586819916445937,-0.00032430135423777706,-0.02914713311379369,-0.00988870230219141,-0.034414642155418895,0.03989608574349868,0.05243673680662231,0.013758913336309186,-0.012791114045965224,-0.02275787993611822,-0.172654484334133
2016-11-10,-0.003466559742424269,-0.01972248955725986,-0.0043635807086573886,0.01783660096445039,0.02260066188347931,0.0045423698017832415,0.011686395683624617,0.0050407821502773675,0.02559056557958317,0.008248270163540017,-0.001310027330875485,0.006208042687580351,0.025415433470600712,0.09427810251935531,0.05817887125131893
2016-11-11,-0.004455713296970698,-0.019001704828715105,-0.005843165516110305,-0.02905621317159457,-0.009239056521520572,-0.02002571706437395,-0.032264434088934535,-0.025677143632601762,-0.03894951948919967,0.03272307125342211,-0.006710865770131025,-0.029927915730164067,-0.023489622413050526,-0.02402740207679943,-0.07211163457979208
2016-11-15,-0.031939506970042886,0.002170623038513453,0.01265973016114219,0.0036097889190724874,0.00786260363488167,-0.010217685925839493,-0.02243260596508112,-0.04757611808875517,-0.04871137298044492,-0.00806698305913256,0.016721651885638122,-0.06020162233124737,0.004147131936433013,-0.07842908056644005,-0.017604083832258977
2016-11-16,-0.024064253127302315,0.018786113291767492,-0.005916073163335089,0.029353664913568167,-0.011610825239818823,0.0,-0.027789634090879978,0.00133424378124114,0.021045439897867224,-0.022052893063658985,-0.030129559354553193,-0.014711176509651924,0.02312916757656258,-0.000763338820688575,-0.05113635410733741
2016-11-17,0.007397345962202095,-0.01179725947093102,-0.015495201947865911,-0.003945050361400471,0.0031201537061997797,0.010989133327651057,0.0025989099941039484,-0.0012740945572501383,-0.018706144504400335,0.0027718936442786557,-0.0011835067074873473,-0.0028158491620712267,-0.04036791512395432,0.0,0.03270382195487498
2016-11-18,0.0038648240502852094,-0.010539942417232107,-0.002851112299562475,0.007808057245667577,0.006770373649480632,0.0477600954172992,-0.015766679661911476,-0.012806020294163556,-0.011056040134015843,0.029286521757539097,0.002400777487725936,0.023529335671139018,0.022210867461017303,-0.0194778678148102,0.03835877579993219
2016-11-21,-0.021238621497638888,-0.009673972679348553,0.0106369111406448,0.004154726444764778,0.0034533168096639866,-0.026092191457360414,-0.016019649242145717,-0.002320586260790236,-0.0028594972144686537,0.0021773747883966355,-0.025024350056431555,-0.04062655513163815,-0.013991859527770045,-0.03544545654848219,-0.06701038094322154
2016-11-22,0.009046837578030154,0.0034026248544716253,0.01946564619391733,0.013977361326951376,0.006701632379919165,-0.005164709203096973,0.00847467339742436,0.0044136589593062325,0.0040597120488712335,-0.0006516294397374001,-0.004067802897719464,0.026967949952986237,0.01485796287345198,0.01776812057360555,0.025782665142510153
2016-11-23,-0.004482763167305226,0.0066176169220832914,-0.003330200888160828,-0.0006617912995133812,0.007196825610791269,0.03731319504190167,-0.006413045336648215,0.0037156536195415146,0.021231655827812945,0.01652407698348468,0.0022264087928864917,0.009969227190605112,-0.011185934970305622,0.03875170026060726,0.051166858675145255
2016-11-24,-0.03139070460844373,0.010921143125427912,0.00412133805294812,0.012249143751670077,-0.009467734513136872,-0.017829132348346932,-0.005119235937714461,0.03509218191286689,-0.008491316040862618,-0.026807275196761515,-0.005401811892755459,0.03549374647145531,0.006155303484726149,0.01387817497849686,-0.034585742017061105
2016-11-25,0.013542643103692686,0.05073621686118113,0.031059271182901194,0.06235680080356376,0.0007213835129578072,0.028662285280321997,0.023713811686010722,0.0058460977779684065,0.0066097936084970055,0.04637357421628496,0.018237487246879347,-0.0241765320435694,-0.004629430906639476,0.026623179305917732,-0.006634178074125585
2016-11-28,-0.002658969663564048,0.002301871991430726,-0.008929591335085862,0.004309840551979471,0.023608109121648013,0.01764730141145754,0.021416117102243337,0.021050073990582785,0.0028697779898601006,0.0014002824967946914,0.0014048282466552209,0.0283089671336767,0.05913609243827089,-0.005259974231122788,0.008014136625322577
2016-11-29,-0.006332094207706862,-0.00729788086083305,0.009878421694763828,-0.01123937018954535,0.002816751435411824,-0.008214137463917082,-0.01133935204397607,1.5710311523475795e-05,0.011765566234851699,-0.012095218137776698,0.004837737730710279,-0.009338066065248674,0.01897750994177727,0.005779636608698402,0.015017658144945933
2016-11-30,0.013482480932425212,0.0030330396291220474,0.00021521346936381747,0.0027901621597397064,0.01439605800179189,0.0009201608074149714,0.006275750783201639,0.00011139864069487082,0.009133507092126125,0.004670854062713836,0.002712915514430536,-0.02448384891032196,-0.0007696300902944042,0.014916258557258644,0.0008701890762738973
2016-12-01,-0.013898919190037162,5.126588239146024e-05,0.00655529640298913,-0.02091918404498483,0.011249342265675644,-0.007661491047906144,0.004301087678244997,-0.0008983398508193297,-0.009743095640694421,0.01648335223032804,0.013090911097089375,0.009955692047715514,-0.01971655042788245,-0.013131038219522218,-0.023912730621578282
2016-12-02,-0.028726660323737052,-0.011377412525725772,-0.016869318640170494,-0.0034735678363826406,-0.003080470698199944,-0.0015442898621988999,-0.021413142979568756,-0.008450096264205564,-0.008840238820775448,-0.0015939111836806852,-0.017985453711546362,-0.007662637314009846,0.001257097803772922,-0.007812510861680888,-0.02138099482154998
2016-12-05,0.008637936159891169,-0.002955053124276019,-0.008145208801406345,-0.02323574968549924,0.014249019550074848,0.004949209247044228,0.01772405372745589,-0.0003130258332247893,0.030099331566133092,-0.010064624648671638,-0.003882940202453833,0.000793309653588814,0.025580615521430428,0.017470689990218613,0.03413740818807853
2016-12-06,0.005754882496494362,0.0050435055104876,0.0025183449946157843,0.006595713033819228,0.011340724903476485,0.004001157290451474,-0.01010548634810371,0.005924174558726181,-0.02020264006556549,-0.009745800102195612,0.008758944538987068,0.01593096121086912,0.006426903435781339,0.011970779451867752,0.021126764700353462
2016-12-07,0.00047684689936411395,-0.00010340916286188939,-0.009720468145012373,-0.021162081024407087,-0.0055232680255266065,0.00030634534408324754,-0.013031988821228802,0.0025613594953892704,-0.003228496557456606,-0.059690073705717994,-0.00378604773040514,0.006691557176764951,-0.0021285110619420067,-0.015652969792299576,-0.034913781820702705
2016-12-08,0.01947315159675944,0.018884581703051406,0.011580505958462162,0.017888422661265224,0.020868513061667038,-0.0006128232300346426,0.02684870057633737,0.007760353030677569,0.014692293293448122,0.01762040795759834,0.00876328552370853,-0.0016718906184238769,0.013103657194606377,0.04709871290054313,0.010272364181721505
2016-12-09,-0.004541668343822081,0.004773075850501574,-0.0010903498947529844,0.01714291611123442,0.01153980995453563,0.006132871159406639,0.012216119117273605,0.005962042170515547,-0.004409570111477801,-0.0039958245203898235,-0.007877252395977696,0.0008167088229769082,-0.0013536430035279157,-0.0017388347400612014,0.015915197227722055
2016-12-12,-0.020664126252439297,-0.012129202660554506,-0.009932035588220312,-0.004876055147574054,0.0151560748402233,0.00853404982712025,-0.01630358377450858,-0.0060842345517388985,-0.01596531470430418,0.005052104897100174,-0.012082770932385634,0.0011428706590865811,-0.00858422235092915,-0.014748515556261,-0.013925130633632099
2016-12-13,0.001507348627376448,0.013147877925162366,0.022489138640592543,0.03227510802458555,0.001766117131135836,-0.00392852919990172,0.014421351187985376,0.002510547574440025,-0.012898657520704293,0.011753212915602607,0.006019766723404318,0.009131808910090466,0.0025824915725329856,-0.007307839178599895,-0.010591352086732897
2016-12-14,-0.004309633573873373,0.009644573149557356,0.005498747407688631,-0.01630372460780727,-0.021474560998326564,-0.007584940805574147,-0.010609031944048719,-0.014913960141754168,0.0010208995436384871,-0.008694260990731673,-0.006046968352607207,0.00024237130958892905,-0.02242428069887137,-0.00795536977317235,0.003122256221909314
2016-12-15,-0.0041907636102378465,-0.00740193136180245,-0.0004291710412711591,0.0016785762773066093,0.014330348710723584,-0.02048319856143943,-0.014797515080158363,-0.009366696830118482,-0.007291785949048557,-0.041936784448118436,-0.012771416730533058,-0.024596304290459226,-0.0128643616197881,0.0037101806034722795,0.002223167303854856
2016-12-16,-0.007795659034743108,0.012898901750926894,-0.005577926044762926,-0.0006284556188811408,-0.0230081141383216,-0.0012485422397100487,-0.014583992889758979,-0.009964598556963633,-0.008526789005060098,-0.004000517846515783,9.65922587452539e-05,0.0068734151435072555,-0.025749709409691235,-0.012520622777794421,-0.007542031308589658
2016-12-19,0.0007647807455704037,-0.0004974822264758316,0.00010759886439704047,-0.007963994052145207,-0.0014869157411914191,-0.0006248066609042535,0.002871661975498485,-0.0138099381065937,0.001485094440060175,-0.02332558752464131,-0.012532764891821313,-0.016655057406255613,-0.015310182925411975,-0.008936291600277202,-0.0004471080832890717
2016-12-20,-0.001806447257369559,0.007465231872999745,0.006687707912922836,0.007182789149292157,-0.007696340614233299,0.012195063187395494,0.01299531561991274,-0.018704046953528675,-0.009483952345073265,-0.006880384785616478,-0.0072830795769383005,-0.01321486698880825,-0.009656123279241369,-0.016692852114050916,0.01118068739350786
2016-12-21,0.0020185010355759925,-0.010472831613554057,-0.009000299942049983,-0.004824228398392916,0.00825626025601589,0.011121436455199474,-0.015872862047687564,-0.012081836660900236,-0.008495431373953144,-0.021420615699291656,-0.0031674228034500596,4.228866692557176e-05,-0.002809720884652367,0.0024781371593427526,0.038920786845337174
2016-12-22,-0.009238718331549767,-0.016823955346920383,-0.0016218595082566623,-0.00105393012301358,-0.03275429777477956,-0.019248144204832562,0.005523632214981422,-0.013444441864228995,-0.013010695739199996,-0.00862546309712775,-0.008067724445259938,-0.0174173886848642,-0.031322309412384564,-0.030407849208214155,-0.019157002403743073
2016-12-23,-0.0019631528329355774,0.0038082392747129656,-0.006389369815351431,-0.014452923562037201,-0.010005453206029413,0.003426665501499393,-0.012524711607557859,0.006198485106824414,0.007311447005233784,0.023557372332276394,-0.00458109705190346,-0.019753301092213182,0.011291571452153537,-0.0034421721026652863,-0.012586909049779438
2016-12-26,-0.0009833991848965384,-0.00576674429425883,-0.005776598687979528,-0.0074929641826121385,-0.020471422010329476,-0.006830332570127773,0.0013351072695391153,0.005927197851132604,-0.008441784005840058,-0.01964711492608484,-0.004185433949168482,-0.009151926773942498,0.0018609464097087969,-0.027504078746378613,-0.07560436011375049
2016-12-27,0.001546986317349841,0.016484633611444144,0.019951667892696978,0.009922224522268763,0.006878262644671063,0.002813447427951976,0.040222254203118535,0.006774803821088415,0.006964118479454884,0.016114281784302964,0.01639327585935324,0.013410588023620829,0.01182009577628107,0.03235990458934612,0.02948171013482126
2016-12-28,0.0012639376953953452,-0.0004505848966246395,0.008920661757990223,0.012708257332509687,-0.0021019818061311923,0.0021821429030854933,0.005981664635632766,0.003419365036036792,0.0045103706889177975,0.0004025699793317461,0.01140065830149184,0.012180904478226617,-0.000333605039313567,-0.010066428985077813,-0.006928426576972457
2016-12-29,0.0004907491309200651,-0.00615924930753553,0.006392260340663869,0.018032384800441115,0.008952406001827118,0.01741831979010211,0.002336021896100826,0.012996915273195464,0.015336585524817092,-0.010702510773164975,-0.0010752252253690697,0.004459186104452284,0.011686333098776869,0.010040118225655537,0.026976812688897844
2016-12-30,0.008830983321744146,0.018390831433681365,0.004445605014352427,0.012844334682853509,-0.001304939666516014,0.007337249663236678,0.023940643691508612,0.009047200967046587,0.0010927064608043935,0.02489024531312789,-0.0019078761379244247,0.017023435622437244,0.008745851593027654,-0.002803748306291376,0.009057946512341486
2017-01-02,-0.006808287011916159,-0.00940047764469465,-0.006112265536650341,-0.0018410386600793416,0.004703473358485866,0.000303435792059048,-0.0028968632010578643,-0.008949506464739132,5.200011807549032e-05,0.006428572861470361,0.007515356165384901,0.007882004949704813,0.0175035504799268,0.03961689090647824,0.0655296420030933
2017-01-03,-0.004267194930729912,-0.007241997986059512,-0.009649031465786662,0.007274723951020912,0.0013002000569943828,0.0039440234110370564,0.009960620888925797,0.008871251101913114,-0.004919620012279968,0.0032331479545741892,-0.003567526662439424,0.013664740648670293,-0.02106116573594663,-0.008482182630897062,0.0029485106247510995
2017-01-04,-0.02269043760129663,0.003924143830289495,0.018415444227561695,0.018411164200641483,0.011948101422419422,-0.0036262982158663526,0.008629412026344818,-0.022770848895353413,-0.006911146942758961,0.001965070639332822,0.006151749460892697,0.012858132337046912,0.031039799899096776,0.005330991274272501,0.05417897878101652
2017-01-05,0.004815984054139522,-0.0016037663406366365,0.010092409463469565,-0.024969945745832,0.024897304513116225,0.0009097551994838859,0.005296401133876305,0.005373142850390034,0.004698048045107539,0.009571054812521185,0.014540568599509918,-0.01122061794351581,0.022937038068274296,0.03415953061265653,0.00916340865960441
2017-01-06,0.025609764681711722,-0.023992240408741927,-0.021752687746215638,-0.03759486437385828,0.014525394226800437,-0.006060550897293626,-0.01641352937511953,0.0013594113135699804,0.010171802117761919,-0.0041960962483647,0.007301834862767587,-0.008904534754652582,-0.004204359589189521,0.0005962201322760041,-0.0007895886011543007
2017-01-09,-0.010601879133022907,-0.001954386794708718,0.0043621873337624795,0.007876592655581716,-0.02246375666605749,-0.005792602010162851,0.012979069788359388,-0.0032040691876257243,0.0010188660269623284,-0.01357812020524607,-0.03132173147437267,-0.004847548005846192,-0.005629293208583186,0.0058397594872723335,-0.00039504035502346824
2017-01-10,0.004793748920192575,0.00020640944553340645,0.00953388346251649,0.00010555300021874992,0.0022730068441574325,-0.004599953721735939,0.012609381381968099,-0.0008627924487472072,-0.005900876987942727,0.010284013253032631,-0.00599621982318399,0.005207008478927078,0.0067620721114565185,0.023459755262611903,-0.010276822831370103
2017-01-11,0.022100532770395365,-0.0014941223313379437,-0.0006295961325705202,0.001161407670818182,-0.004031567575392692,0.013555214548929495,-0.00562356315618473,0.001532428983959333,0.035823430040396564,0.015112324186000059,0.00019713907818363907,0.0020053823531827053,0.008278755148807493,0.03785594322636365,-0.0015974665470476213
2017-01-12,-0.000617500823985262,0.031936787424491575,0.014699672847026113,0.015083018243903457,0.009613221397215765,0.055927205718089956,-0.011714904201305165,-0.010110300757328772,-0.012131357584325042,-0.005322053339980259,-0.011158706687601994,0.0055865199913647245,-0.0029434893173390098,-0.0015616901085722112,0.002000094896231097
2017-01-13,-0.00027488425925925597,-0.024248822549843174,0.003000931627468173,0.01517046019116175,0.008769714271714468,-0.015544039503027407,0.020437329327982034,0.007566125322248984,-0.0026461568851664508,0.012795546504406285,-0.00955639024769428,-0.015422950904617871,-0.004972138166191242,-0.002681188740927487,-0.009181631940836876
2017-01-16,0.00474054850632788,-0.020649616259401093,0.000206367367935556,-0.00276368898641588,-0.01465470781283551,-0.0020469516625992723,-0.003404645160538178,-0.0026864354170225146,0.008758585595037172,-0.014548204111035745,0.0018625270453900278,-0.009095411846445023,-0.004996758649260413,0.02710886168854154,0.046333644778145944
2017-01-17,-0.0071115461302194705,-0.00026158344846405335,-0.004847884993366414,-0.0008210242721168326,-0.017897671976870755,0.029592795819672668,0.012660759159324853,0.0020988524602070235,0.01611721360839624,0.00963463175039525,-0.0029308274182689997,-0.008074367489141032,-0.00031393645876276466,-0.009161551633565912,0.01386214915251327
2017-01-18,0.007025041740469584,-0.004814762752644808,0.001140126655282403,-0.00636868857324302,0.01642687946146526,-0.016790025271294806,-0.004365805256547617,0.003808198374651184,0.025883201443802628,0.000384951074868356,-0.009574914358618791,0.006426253321267117,-0.014442555529807333,0.031040411010813784,0.0015190740934820646
2017-01-19,-0.003966913333032562,0.007677636082637607,-0.008178985307971343,-0.004652163070189452,0.014394182711236825,0.008104258606314474,0.013155300514458457,-0.001149222775361891,0.005304668473277596,-0.010000782910246198,-0.002645901843489673,0.004469729278416157,0.010194200852945423,-0.0025622240192916257,0.004171402223313692
2017-01-20,-0.00707233109074612,-0.009811021635229733,-0.0022962499029517414,-0.026485237534547568,-0.017674897838336423,-0.02124592369836742,0.004918346817756936,-0.001970813999226384,-0.00953986610147306,-0.0029531147674862757,0.0024317518744407796,-0.021316324326263736,0.010879767893433367,-0.02707918128012088,-0.02907851737118372
2017-01-23,0.013415487806537563,0.004216249017981122,0.0038711508271147554,0.0022404002212206287,0.013177944463929947,-0.004987055613741687,0.016640499643241657,0.004110495213689225,0.004807856657318865,-0.012313596714051744,-0.00805802897880692,-0.005022919833610251,-0.00280756566959095,0.016061654153323168,0.018669650633684087
2017-01-24,0.014466089473658794,-0.0075047547807769455,0.003647653290804964,0.0004257631999216027,0.00850424544125472,0.01621457131529236,0.0007702348668991998,0.0056884875426335135,0.017862382518709197,0.012230920586879357,0.016999378974759782,0.022195201576321377,-0.009854597202758053,0.005305423973731793,0.004582029987901803
2017-01-25,0.06975193921425404,-0.009465713172583823,-0.01619941850412232,-0.009044473769926564,0.01636893191747335,-0.00580186696304652,0.021743197703062656,0.001376309796253361,-0.004272104230203078,-0.008653283551968594,0.007718684716000235,0.040403482328203566,-0.01627169928251959,0.01130856075590092,0.04446970902269909
2017-01-27,-0.012764286871588149,0.005925711980662163,-0.01720485589993681,0.0031139489962839217,-0.0019520836759093774,0.035891271532621394,-0.03050842173654389,-0.008674267514128253,-0.010191837944278137,0.007313016063905442,-0.0005841660797573089,0.008757404259553514,0.039826485088547914,-0.00042617511309350764,-0.013100378355537678
2017-01-30,-0.012037447311871174,0.007642044890834088,0.00042937592986458384,0.009633901759679597,-0.012958403692356124,-0.010140796325322499,-0.0050505112969080335,-0.00248541570555727,0.013777289638392975,0.0066356747065476895,0.0075137412168444495,0.005719779852464857,0.06764484385479297,-0.015448457321903364,0.009955707299067917
2017-01-31,-0.0018694087966185657,-0.02185694123500248,-0.016639759115824382,-0.04113659559239857,0.003467827199293616,-0.019066745949160135,0.00780938401111797,-0.008077021293795283,-0.0048478898876541665,-0.02055078581995784,0.0005800401871067784,-0.007704050778292171,0.007377327751257656,0.002164225209391857,-0.014603831864306804
2017-02-01,0.003745919362886818,-0.012761048329016256,-0.004366816114048988,-0.005528469934367286,-0.011602109449562192,-0.008412820754513994,0.044944028106779,0.010355907627574545,0.03331784148331707,-0.00942219497654273,-0.005830146746890419,0.004267928130253562,-0.00890286130854745,0.024943177053927235,0.06557959012284842
2017-02-02,-0.008557848579185845,0.020889058418931405,0.0036342956478550015,0.025350176631623533,0.0032468584844129733,0.00965464425488105,0.01705593570895414,0.013843368193916294,-0.001159267902957395,0.025338227067373875,0.03193726946706543,-0.0041286241859659345,0.02376131839621265,0.004951812113876075,-0.015298780671030632
2017-02-03,-0.006620271085263085,0.00021340967367278196,0.004608816721319631,0.041964964566131524,0.0004976732692492103,-0.003477311723569687,-0.004556963956131144,0.015715075725262206,-4.6452475930047754e-05,0.009120372742151606,0.015337114371971827,0.02841009934312333,0.0014152069379125276,-0.008701122734967925,0.013771143880005443
2017-02-06,0.0018295785821780264,-0.0009077363959451024,0.007318404898667197,-0.006139977560940535,-0.009703845784861054,0.00959591847646446,0.013733641375342831,0.035640638409667025,0.016760342901561698,0.04310547617459615,-0.0151850029555477,0.0014226756938755525,0.004098269603647786,0.0012686161703558962,0.012190929476145973
2017-02-07,0.008673574564305842,0.007484524306402118,-0.005530349829054426,-0.013926927092327346,-0.017534782989703568,-0.0034562794379922046,0.0010838099835386306,-0.028110001827432618,-0.01656015519788645,-0.008220619192722212,-0.010236397112217244,-0.007853278185762647,-0.005911101259275631,-0.001267008822475768,-0.009979263212525624
2017-02-08,-0.007435374370105552,-0.006102489571214731,0.004252754096180755,0.007964507446375446,0.005690294906318227,-0.006358451274154908,-0.00830010460372077,0.010582127799500185,0.000742982340546261,-0.011051346093689407,-0.016198469695201778,-0.016547331671102894,-0.002690106436244011,-0.00454746229682812,0.012165387476051892
2017-02-09,0.0026708480475838847,0.010144286851822892,0.011943388530315957,0.02191297755304067,-0.007715874538408607,-0.02152401360204681,0.010371087889742281,0.0005809918948236348,-0.0021807811840758307,-0.010117527206599641,0.0025368290254572656,0.0036400830667853157,0.008659651967739768,-0.022946886870954586,0.01923092347987465
2017-02-10,0.012018413711621045,0.023572799476529793,0.006974478462558498,0.030721699680875014,0.0038882590038895604,0.012782209644977671,-0.015487078444959779,-0.002985238295796111,0.004154035483683538,-0.0006868822537288155,-0.015563192558017303,-0.01184798701813039,0.0064745030980504215,0.018157892040867596,-0.0033695436737132267
2017-02-13,0.018295014297960988,0.016575601708995302,0.011081279374025588,-0.0005000948426522323,-0.007229624082835673,0.01262127013202452,-0.010060494569580691,0.003552921530865172,0.009986445063839833,-0.0005343268983938332,-0.0030576958597364756,-0.007463333835513342,0.0013982842026256659,0.00939790659568418,-0.001014213083563087
2017-02-14,-0.0035931865050177203,0.0034032137486232905,0.00474234308496313,0.009907137380361863,0.017945476626887835,-0.00956539744029905,0.000739066873241212,-0.0011370980058434954,-0.014442136342431522,-0.008247988700594844,-0.008595094927268065,0.02473587173535341,0.030442670189888332,-0.0004232700834480019,-0.0020302596767618475
2017-02-15,-0.007592133075110086,-0.0059735829655942485,-0.004195466924144853,-0.01773693611971927,-0.0038324354126351157,0.004814709840906373,0.009601109620540393,-0.0038351474168172306,-0.009334741521103473,-0.040428071210659056,-0.010232821534950975,-0.012310265533024722,-0.009892783952481277,-0.026037311101221428,-0.06985436799829825
2017-02-16,0.010455224568900467,0.030861624233740503,0.012850337991031857,0.017855223392156727,-0.004359932255798449,0.007394258385216901,-0.024689113407120766,0.006232425502899375,0.011395028569707533,0.04213136086803382,0.004070040735185465,0.019365240119279648,0.0010949148985710533,0.0214084620511108,0.027706916298032125
2017-02-17,0.005047274609452979,-0.011856484455503358,-0.011335381646151665,-0.00198188824950718,0.0015450585820004914,-0.0032296778167951734,0.005625496794378515,0.0052675027232305105,0.005262110473058135,0.04035123844179056,-0.003591752310543872,0.013142757017505557,0.010391054490255458,-0.003723946967381986,0.009932740118157035
2017-02-20,0.0006906561919075571,0.010149111609232708,0.0006309127913441959,-0.007050772628417024,0.004629947672216028,0.012076481300772102,-0.007831570813671695,0.006986756239445224,0.0028173359848415735,0.006143955494578357,-0.004789408332971701,0.005071112557283541,0.015831980612547092,0.04026059912677327,0.02704580455068606
2017-02-21,0.0010664218696245786,0.0033159649346454767,0.000315541938538777,0.015901389782229325,0.004864399420270393,0.0040747195598740404,-0.01090012901659776,0.01470400831374108,-0.005480852488121468,-0.009490453907571195,-0.0016212789681504525,0.004302139854580833,-0.03330214890161087,0.008007403877724695,-0.003420021033642917
2017-02-22,-0.002569422780217767,-0.023135276022870133,-0.0027320648529866043,9.872707117963841e-05,-0.003311957809260635,-0.03362329908498529,0.0011400289634584393,0.0033402954344647906,-0.00010809069758910272,-0.004233571161087579,0.0031616001574592545,0.03294619361787654,-0.005098559834966765,-0.014054381682811923,0.0024023449084831228
2017-02-23,0.01897349533286219,0.018885797418489947,0.02444656329296424,-0.00846567763690731,0.002044768227543514,-0.007198486383873215,0.00835063482536147,-0.002493164936352432,-0.00361258823933186,0.006265576746319557,-0.005442405242511383,-0.001960251376541211,0.014543072342014352,0.0035121572039811255,0.019171443277983258
2017-02-27,-0.012886178692237404,0.0035189411943399307,0.007508824620075405,-0.007644017905358291,-0.006632809918369231,-0.0006042945865011307,-0.003952594206662385,-0.0066046912843258365,0.009947207586804563,-0.00014850508334085522,-0.0105283269050368,-0.023080905580822098,-0.028805752624996406,-0.010602228535576241,-0.015451566996112831
2017-02-28,0.0019988103554009484,0.0,-0.0019397608711787528,-0.0008004981781399856,-0.005906341089870315,-0.014812575621372281,-0.009070082375137511,-0.013478746504403949,-0.009112836501830035,0.006746445926012035,-0.0024677422102240554,0.00665092156951963,0.026567625535890205,0.004369494842059396,0.02661187818651567
2017-03-01,0.027490299029864662,0.01259404717356194,-0.0005115089042130316,0.0007009016487005137,0.0015500930165228688,-0.01841056349732595,0.02402734743038093,-0.0006154213685979348,-0.014987298300071505,0.023048663852459628,0.0257371315774666,0.018591765566313256,-0.006572682335329927,0.036565355897570706,0.01861109626400803
2017-03-02,-0.009706886828478534,-0.0018047504416993654,0.0033773726280412752,0.00030016392068654696,-0.005932366230800068,-0.025007772568729658,-0.013966374229756329,-0.00844732530951553,-0.021015428809875725,-0.026632234208383676,-0.01806172002920592,-0.003997367397271523,-0.016264742948696065,-0.011392191974446186,-0.08058741009645665
2017-03-03,-0.008147953766755589,0.007720087850810131,0.0074459288339441265,0.0076015602145791394,0.0018163000761752812,0.0009617440593152615,-0.012086789201672388,-0.001298915753954355,-0.005587233415341175,0.01523326827425553,0.00020902082448182036,-0.05615082393887816,-0.001961498927505745,0.0009096952667377867,0.022711104753956768
2017-03-06,0.011673773637924434,0.0026183397203591863,-0.003948587543689763,-0.007444830313865891,0.0038846557067553356,0.014734330758350067,0.009749479923409021,0.013433833592912503,-0.0034715335795213464,-0.005025984576696341,-0.004266341768069504,0.0034096435365313926,0.015021852452161921,-0.004847368233938498,0.010062366037827175
2017-03-07,-0.0023812565596493807,-0.013637826194331737,0.006606884461073159,0.0,0.013415890616378157,-0.006313241610840681,0.00056783487103651,0.0073893720137958585,-0.008700474347766107,-0.004904412695630134,-0.002291232240807961,0.007596090244408993,-0.0011067236252978452,-0.021717142742463058,-0.003091535398773826
2017-03-08,0.00966970588824756,-0.011766883759787294,-0.00010064373738194465,-0.016101644878759647,-0.017566348585373537,-0.0019060137269917288,-0.000378456480989775,0.004328117670705955,0.008580681312219784,0.0011032771333703284,-0.0019282305247171339,-0.008887860645671597,-0.0011074505631312181,-0.019813337549363652,-0.017229736605216428
2017-03-09,0.0006667847712882313,0.00372094984819471,-0.02140976080177681,-0.005997142971282288,-0.017102695263443324,0.007638532354012018,0.003028712031664549,-0.021366415030495856,-0.0022036356879988617,0.006981122520704375,-0.04986307999116113,-0.01877583523394033,-0.0013862728004540026,-0.006349862766085179,-0.0021036996027878896
2017-03-10,0.0041795518876666105,0.010182396831202478,0.00526296879060717,-0.02689453494471472,0.01028237597224324,-0.0075806274856988765,-0.005661505061247851,-0.012727863250480809,0.014259502883515962,-0.003210838699455487,0.004066749587133378,-0.01627892033821543,0.01304823304656133,-0.003621165462350029,-0.0031624948325439384
2017-03-14,0.00874647222065339,0.01267327178552824,0.029360491575844083,0.008512106014354703,0.0015654787138588144,0.015913424891489614,0.013854658490384697,-0.0020143110268411313,0.017373997072816394,0.03697195118779906,0.0092604930687612,-0.004562531724890295,-0.010413934942154812,0.01026171087026162,0.03348620055024676
2017-03-15,0.00956766988665847,-0.0220814872581534,-0.013064728507353074,-0.00041675727886625324,-0.006253101053963928,-0.00595217567729156,0.004118345456096462,-0.0023613047394011044,0.004249453299174366,-0.0033185074981532114,-0.000510896544492434,0.010708315669168966,0.005815638188481964,0.013755216803763792,-0.0013642757320976306
2017-03-16,0.008588463174152405,0.016700313244361942,0.011620585725061527,0.003023059058873123,0.0057682028812402475,0.016388091483384937,0.0009323760701616113,0.007444759498449249,0.010908354190023672,0.007012876352656017,0.004416819740761024,0.010841774065044607,-0.007020851597670075,0.043001835411247136,0.01946726028627399
2017-03-17,-0.0036996673685274484,0.011128977062670353,0.007392067436341465,0.006547444456142637,-0.009384638047826965,-0.008062005909053926,0.04768061649418054,0.011658045167207476,0.00697652752597544,-0.004642505114850315,-0.005614745390730036,-0.008034278657236382,-0.038264259181407745,0.005103596047425052,-0.01071997186650131
2017-03-20,0.007485899706779042,-0.018071974566023274,-0.013386154588477583,-0.0048529721721533026,0.004473388433393399,0.009065544683205307,0.002311356954429078,0.012005623122321563,0.0012934329242226816,-0.0013427436327091424,-0.0006945931136446148,-0.0036586102377894614,0.007351699848643589,-0.01105138223715496,-0.0006775126697468048
2017-03-21,0.0057921477902160845,0.011111292733357425,0.002311304433431305,-0.010271875444908707,0.016767046881698944,0.004646821340272611,0.021284124971364227,0.006098177617002376,0.013100510180532599,-0.012030333974791696,-0.04063100326425273,-0.014194407412421284,0.0014311069273604815,-0.0005033626480315245,0.00474422104058303
2017-03-22,0.0030829941819128237,-0.004986359139453889,0.00381028006869899,-0.003249818702223184,-0.007987420119860422,-0.008634115287502575,-0.027961112843034375,0.001010057496584782,0.009531379071918034,0.004870615752593288,0.002439615045330301,-0.00925054130332359,-0.033437964260883524,-0.016720285604274743,-0.018212620531149026
2017-03-23,0.00690106198304008,0.012406319036823765,0.018879346539256492,0.014198512996580925,0.005714072337392517,0.022705827586684046,-0.008040187448905778,-0.0005360889588169604,-0.009020298152092265,0.0024235987473300025,0.0005894160477415422,0.0014366200901552162,0.0008870145967208032,0.015160589996507268,0.007901290946137562
2017-03-24,0.012900936677797015,-0.008697941734118086,0.006372582006813676,-0.01659217742639607,-0.008780928949698286,0.0012167543673697878,0.012248139065137442,0.0022641329717911773,0.0007280382822303366,0.0010666885629815326,-0.001083114566038268,-0.005653087980307614,0.005908332017837914,-0.004641705705389465,0.011247258638501512
2017-03-27,-0.00932510667105868,-0.0024723621469101564,-0.018022316440476027,-0.011283392817236115,-0.01563304476612204,-0.007594086205273354,0.0021349784123037008,0.017442055362708375,0.001804187182110617,-0.018042470693305224,0.0013697295546817312,-0.011285676593229876,-0.005286456408521989,-0.03386065409523553,-0.005392615857851113
2017-03-28,-0.013430448627300806,0.006123231994898504,0.007043672613511465,-0.027943740503115766,-0.010587523432515233,0.00948878492223959,-0.003906124774253006,0.005902225058023625,0.010728952092676769,0.010706279763858184,0.002203709337464499,-0.006007464917708871,0.0060528167825837365,0.0077651051350819955,0.010165961802677259
2017-03-29,-0.002152586601226192,-0.003187887063360595,0.009260122305480456,0.005595766358655219,0.0002674188165263658,-0.005761023993491654,0.009625542904096784,-0.0012765730559026744,0.015526053216903923,-0.01567426295373031,-0.0015544844380989131,-0.005827842060193378,0.012032060522505716,0.008746485180782582,-0.0010063878935263615
2017-03-30,0.008803715176050941,-0.006154053179139862,0.007223051997645724,0.006437615927824547,-0.016314717110281984,-0.005184633392634641,-0.0015890160529965502,0.017248706405394776,0.0011058873402436387,-0.0008727018062469893,-0.007745829925718373,0.003734574405576785,0.018413857495809927,-0.014244421416766517,0.0023506040376741755
2017-03-31,0.008148790147950224,-0.0031691164040084097,-0.0004845051867315986,-0.0044447333954271695,0.0059817640940516,0.017780524077968707,-0.008664631783709464,0.011423030236254572,-0.006229553422228418,0.0016012217266589968,0.007308856949041598,0.008133037911553398,-0.0032744290641666396,0.010889923026575543,-0.004020157124159041
2017-04-03,0.004299617112587084,-0.013157315786598511,-0.016676351847989435,-0.013176788883965451,0.004324260843379113,-0.008132436854641711,0.0044593378383444016,-0.015282958062696528,0.005245897362594176,0.006175712460080529,0.04258569328908135,0.006565575957954817,-0.02356807434363739,0.006525942627517711,-0.012108815364387349
2017-04-05,0.015868549850074798,-0.012737745780126764,0.0070005240877133446,-0.013572948581543565,0.0024217560711861097,0.01123579621561488,-0.009234605914363647,0.007524261826376666,-0.004658390130441448,-0.0024550844245087022,-0.001129759541993347,-0.011041880401561954,0.007899260951466314,0.015333944601227723,0.020088351984636432
2017-04-06,0.005056803623240569,0.003664709962091006,0.007931013439262724,-0.00011209557706670648,0.006980166486706185,0.007207210825475707,-0.01738648136390042,-0.0016972224942962688,-0.005553905069915821,-0.005501613946718442,-0.008481052473555906,-0.012630752243271037,-0.007837351665492154,0.0169266302100628,0.04405881131120393
2017-04-07,-0.023760298345482878,-0.01805731399502375,-0.0054400227113018396,-0.008279134305272051,-0.0061318404820769334,0.003279674095375107,-0.005290001436030534,0.0004382806026983488,8.916179176043926e-05,-0.030499478344266473,-0.02087852230660503,0.014756994486438746,0.008484621906297729,-0.016844371068007624,-0.01374678328961898
2017-04-10,0.00486784136896512,-0.02867901486185198,-0.014651387302354157,-0.0003384632526088893,0.0002683366854812075,-0.008915270762311356,0.0033006694163904005,0.001329153307376263,0.017692290175675085,0.002702817702437077,-0.009581755386373958,0.010971600079490607,0.0029009256435006403,0.004359263340127928,0.01620746699922071
2017-04-11,0.004217249831944381,0.014422215989588372,0.011399776296154629,0.004852694260474522,0.007508672165903674,0.0014992960457638205,0.031073234284889617,-0.010446937190493388,-0.004112265466490128,0.003968986836519139,-0.0029402101306025274,0.006043267707761979,0.013017188015792991,-0.014635932205373736,0.016587048450938502
2017-04-12,-0.0018726956128420902,0.0017576000486381194,-0.018425856595647216,-0.01695853311366413,-0.0061218494138182145,-0.012275576067597327,-0.0005319389942241015,-0.006182198336774358,0.013577057094940947,0.01916729555205543,0.006373499049611153,-0.00795318333595385,0.0017130341430005025,-0.021921810730578195,0.0037651395526434595
2017-04-13,0.00011364077416997631,-0.03865411273977404,-0.010684110538858982,-0.017594035165813482,-0.010176938389547141,-0.0018185390253828704,-0.009755200418163024,-0.012341404468426798,-0.013105053428615676,0.013904396468058966,-0.0014744877498038544,0.0025584892717733787,-0.030074017170322542,-0.02901132238828208,-0.0018756125311193417
2017-04-17,0.009209712979518336,-0.00697876032821787,-0.006257608763037381,-0.018606818205324283,-0.00919873122157433,-0.03249334124994707,-0.00017920936737136905,-0.019601640963062272,-0.005435193874946953,-0.02266338783427202,0.0076865116724871285,-0.00042495156998978434,0.0030860586700849346,-0.0024809838700868836,0.08111503825886279
2017-04-18,-0.006703490829858438,-0.0024326089493439396,0.0034533307048065787,-0.007228409945532532,-0.011742348575854544,0.015066002003482959,-0.00017916001572115814,0.004079395520558915,-0.004962625510490204,-0.017576199439395257,-0.012325018633546514,-0.008212503926978032,-0.007324931537413759,-0.027032900300876794,-0.04490155573936061
2017-04-19,-0.006861994469702815,-0.0037392058281146,0.008603204816582277,-0.010981108501937453,-0.006079212969079428,0.01978979575086992,-0.0012542633504851741,-0.006193130772554789,0.018628392456716325,-0.0027061679248149284,-0.00800843440438237,-0.01218454308125605,0.003394378581284885,0.0018894327432710245,0.026690901804174993
2017-04-20,0.015474985171364253,0.00881176575499465,0.0030103919573956084,0.014965111868036951,-0.004170046346932188,-0.007277218387674367,0.0028705929080208303,0.006541264796981583,-0.015125590674447631,-0.01115576863529677,0.001955889762926377,0.0071227431568279265,0.008236256051321167,0.008097524032489867,0.01683903578439261
2017-04-21,-0.009840757519245846,-0.00388208403442436,-0.0170083497257818,0.017003509938110284,0.0064210735135117325,0.021380439997269463,-0.01842576875664681,0.00220053011436816,-0.0008285744220536406,-0.024925479912406234,-0.0010909923091699802,0.0070295530722128685,0.0001460135512778571,-0.0078123691591655,0.06595008360695798
2017-04-24,0.017435222365925984,0.003085405615415704,0.000610584175101403,0.0037413185100048096,0.006657252900206911,-0.0038874787788067966,0.008747742965117045,-0.010371835880681912,0.0034354404235124036,0.005081412208493008,0.0012070155589112286,-0.004197052329885209,0.005396874314675282,-0.0003327672004070914,0.03761250051042042
2017-04-25,0.0025118771134344797,0.0030220243562333327,0.005594569584764342,0.020733840353701405,0.00027565696985765165,-0.00660463946233858,0.016441099808004456,0.005614018243339736,0.026356754518906733,-0.0004669669755119621,0.012687760974018802,0.00438693354179831,0.026983789054224605,0.008764063606111483,0.02022565564244272
2017-04-26,0.0026169559742741377,-0.016247911467902387,-0.006979623877649055,-0.025333507962966295,-0.007713316684991867,0.0009069102629084558,0.034127104418951504,0.016004596844748198,0.021840429896453406,0.00038923467973339676,-0.01334115778902012,0.042517674519119364,0.010171043031829585,-0.0018694649354056292,-0.03424293243499699
2017-04-27,0.018103956077489602,0.012031912776846676,0.010594106418463145,-0.004917781445775593,-0.005552664959608711,-0.00905816726434494,-0.0175316393012952,0.04325008681234399,0.00046445752670898344,-0.009023005788027061,-0.005400963691061356,0.02299980533284507,0.0009787787733075426,-0.01751870399579092,0.01199696946757256
2017-04-28,-0.01603657663176039,-0.006809279305222127,-0.0036287823150638054,-0.01882545017088355,0.041597201780007476,0.002437486893335894,-0.027291842021114343,-0.0006564523746578343,0.019549663130995043,0.007771069026348387,0.0010012770055478626,-0.009756207608261791,-0.006705825877014737,0.007625918042629909,-0.020021177073277885
2017-05-02,0.017683872367721065,0.003971955405808858,0.0013149480882475029,0.0028777685775136508,0.03135844827301826,-0.014589829037191637,0.004316444606145664,0.0025828777901217848,-0.013960417941554226,-0.014253806302913063,-0.00634816773664304,-0.004013915588448325,-0.022222240253187198,-0.009348936981764533,0.0180107356168675
2017-05-03,-0.0010349756963284884,0.01268167302587564,0.003132102441647522,0.004065646693256486,-0.00675659357092151,0.0,-0.006984167732092872,7.450953788801229e-05,0.0018327019482906604,-0.006242035578646221,0.0050141701509511805,-0.004151948727464383,-0.0035960865019168953,-0.009549532405014216,0.005017058050236667
2017-05-04,-0.012541562852976695,0.003585436645556772,0.007049958439883097,-0.0017863335647325673,-0.011512388376319627,0.003393134778635787,0.014247016302035398,0.0029705129435282362,0.0032398322076101493,0.0042140803594661325,0.0040068257727912115,0.01659597562140025,-0.0010105340391838302,0.0037431907154026334,-0.02049380782981791
2017-05-05,0.003147535115694211,-0.006558961854003509,-0.0013000465371918457,-0.01455512908233747,-0.026998280379009088,-0.018137198588006,-0.014402534113690968,-0.001343648279292231,-0.017468974710104446,-0.002058593659481023,-0.0011512410229080894,0.017651616992596875,-0.003612611575217195,-0.020002087396140622,-0.004023661330426198
2017-05-08,-0.0010457453500047897,0.015029569924289943,0.006008303417516014,0.019733779935452223,0.011697358329124219,0.005635851776671474,-0.015154342031097334,-0.0025719604367056004,0.003853528814975915,0.011028447858399515,-0.0009604627988961667,0.0010670028400974196,0.018999129628827882,-0.003920800990068196,0.061405833458022085
2017-05-09,-0.0005512092544864844,0.0012164209391030134,0.013139771401430966,0.011990992224891084,0.0008066231532333212,0.004047156908905114,-0.0053121234947913765,-0.0006483717364159647,0.014112419674637389,0.004943519560846932,-0.007440836348824975,0.009670166475728603,-0.017221731447403243,0.0037044160102930324,0.012433397953824699
2017-05-10,0.022936627515950825,-0.0031690974389226856,-0.01817663153144733,0.009854484604820968,0.009941048159901378,0.005891269547014799,0.009023660684897017,0.03214862937467178,0.0329394274034025,0.003904570006968422,0.008407129337798969,0.01997563034563732,0.07965251024928288,0.00911197571477329,-0.0005012601751048784
2017-05-11,0.009863589832578512,0.00047690551395218606,0.01000694550687986,0.010106653628150886,-0.023144410252317726,-0.012021945092236308,0.009856017806904038,-0.009219136407666806,-0.0007946010609326537,0.008789659326583932,-0.0034002429246882127,0.012340892045611396,-0.018108626609728562,0.008458037212286884,0.01730189791252723
2017-05-12,0.019054203369621492,0.02134304776335716,0.004755864915849228,0.01725160446399565,0.006808144233294122,-0.008736406516750783,-0.006145138803383299,-0.005126425288555558,-0.0011058553733493959,0.010255128820990445,-0.005088680306865712,-0.008707519516483964,-0.0024590194619258376,-0.010087050035434197,0.02711368310548745
2017-05-15,0.01953603811881588,-0.013170898466304704,-0.0014791174498414161,0.0007913800858547759,0.010278588395961297,0.005665603583423051,0.010911273670569654,-0.031020298473383834,0.010069657061212212,-0.0009921149655227612,0.03681027636720291,-0.0022150319999322265,-0.0026020575294891657,0.044309590520498876,0.010319078845167695
2017-05-16,-0.013819005877952706,0.0036257245424962115,0.0178745744133042,0.002598179026046088,-0.008567678422311764,0.0012520910782352068,0.019787911224496746,-0.019758429651980824,0.003020150042357006,-0.003209001506877862,0.01805099209202199,0.0026411387451408253,0.028010339141055107,0.0010962356898787107,0.009501163174817417
2017-05-17,-0.0090118770682035,-0.0023038188145509952,-0.009313804892891353,-0.029070520963388358,-0.0035106495287005046,-0.006564413670941405,-0.006350536014248287,0.01210052617180346,-0.02218321646264565,-0.0022224232060300553,0.004698653302908529,-0.022561672255067777,0.004274166556303305,0.08180912481769265,0.012000169583742615
2017-05-18,-0.008778317953086257,0.009393437514988223,0.02908628365486532,-0.01984442663099173,-0.01951245071667984,-0.006922689391870129,-0.013314456237426442,-0.004292895986497514,-0.031106875173413262,0.0046855981140290215,-0.021173613354500742,-0.026401974747605972,-0.013831729557941874,-0.015488723695961104,-0.03417810991335324
2017-05-19,-0.0058334588945266885,-0.003951198688100677,-0.01075366006070344,-0.014563176412339618,-0.004698351379662569,0.008238347567955273,0.02986685728668248,0.00656262708579014,0.007664287238346779,-0.0012233292457367595,-0.008398853395608197,0.011713744398338166,0.005394586216175723,0.006683671557329518,-0.00048147037872781073
2017-05-22,0.004160615231745712,0.003653792810573986,0.002789723274132516,-0.009131167736167511,-0.01610660780113171,-0.0056569427581603104,0.06079668334633692,0.00945810365640365,0.01416530509763736,-0.019903372334253433,-0.017974994722277482,3.966547120737296e-05,-0.0005365640804252392,-0.00633301566549116,-0.012042316510720186
2017-05-23,-0.001062387410251775,-0.004316638227276681,0.00997685375466717,0.008245459615406237,-0.014112477883325258,-0.007901387510374391,-0.011363770840732701,-0.0017208242588229172,-0.010802553131685988,-0.04069378089118314,-0.011212590684317902,-0.022917640363740888,-0.0017446000727416866,0.008223628192596255,-0.039005336387299194
2017-05-24,-0.004413580350373647,-0.002611326245781642,-0.0026596410015822247,0.0033673933399016587,-0.0054393353191586336,-0.003185743052178003,-0.0008326732151201499,-0.00872529816187273,-0.016944011903335943,-0.017261085301881307,-0.02428815222046743,-0.011159116362978616,-0.009545657791202755,-0.014375863067473627,-0.03424662752105334
2017-05-25,0.021792491334164943,0.029848984116727983,0.02180967817085655,0.021215350610958694,0.002590456185365797,-0.0006390040545604103,0.000499974788957136,-0.004381314843732609,-0.004386825008950712,-0.019801142103124336,-0.035402145716722844,-0.010792936600312886,0.006379815132581568,0.002792994518117764,0.024165908521204482
2017-05-26,0.008938798472975629,0.01261072602734381,0.004753386247563052,0.007394308893381885,0.009187492037289857,-0.002238848998024623,0.03016181796810513,0.023097695154242315,-0.028981042895382392,-0.04040218336206858,-0.005478294111992521,0.010039190024053513,0.007822960592136274,0.05580769805474972,-0.004873027184357892
2017-05-29,0.0036268131177998875,-0.010595385549961311,-0.00816314680134722,-0.11581036385858556,0.0,0.003205061359036643,0.021837379311440808,-0.0046929526565075985,0.00074637947726508,-0.11459529291828519,0.004742389233999278,-0.0035319941624344375,-0.0013384065646390164,-0.007914086156833644,-0.09381445807978661
2017-05-30,-0.0068143733306050835,0.011216512897234132,0.002899339788383415,0.023323190842158725,0.016500897349574162,0.03035162842645245,-0.013930576274759243,-0.0025010975175395744,0.0020625050188503025,0.01074417752409862,0.022878422892344652,-0.004451647881414056,-0.006432439573327731,0.008174120190759027,0.02389064603241975
2017-05-31,0.004262232591554893,-0.019223250781698176,-0.001212437587516657,0.004378187634057618,-0.00923604468089767,-0.006511571079912404,0.0011239288944493442,0.006711539667203725,0.031295086976323994,-0.012598494274557392,0.017127696549471105,0.0028567824823513277,0.002293032313712917,-0.013969125394833082,-0.002500035452621563
2017-06-01,-0.0035194517587311402,0.009456707833910949,0.010551006553544129,0.019743774851294082,-0.01694911675445876,0.00280892968636981,0.007697132217861835,-0.005906587330645419,0.020735136169440338,0.011662896481889451,-0.0004159300429996682,0.03488562249587579,-0.012515137479219507,-0.014959212126483878,-0.015594299017085422
2017-06-02,0.0027008180952976524,-0.002007326201969639,0.019403189315124303,0.0047771216127801,0.0,0.012138254232211043,0.015913477463741277,0.006471378517819648,-0.003965518725213113,0.01458247994636186,0.012565433638609402,0.008537105755587637,0.01730701876106311,-0.010459496629175113,-0.005940677048590581
2017-06-05,0.001813030773419877,-0.011037460582961844,0.00706965362809342,0.007883035174149677,0.010057360166515927,0.0,0.010128073410651472,0.009866783734569173,0.014394601415706587,-0.003981763434325436,-0.007300888378531822,0.0054585348700357805,-0.0022772701506627024,-0.001321309375919122,0.006829729634774795
2017-06-06,-0.0006205537317173215,0.02148629694587645,0.00900019791181128,0.014649259839711215,-0.02446657159300092,-0.027675327241083236,-0.020160667551036404,-0.005510476794004626,-0.004377962240820987,-0.01657572940058194,0.005304030060785614,0.028089519519707062,-0.009129871787150856,-0.0020354812505907205,-0.009044597328589088
2017-06-07,0.002328243054288359,-0.018430442436352612,-0.01989132617530187,-0.02141205478952335,0.0034998751316168697,-0.0015813258279531173,0.0038581459825013376,-0.0011084073032568975,0.004479966575051897,0.014376534315647005,-0.0033931301414156234,0.0009565101265205378,0.010298028199732023,0.0011215499562762243,-0.005419357564916072
2017-06-08,0.010530253796044331,-0.005045216392119856,-0.00637066275693432,-0.006251604441857572,-0.008718483941894783,0.0,-0.0020817613471946217,-0.002691193874950426,-0.0011801723305570055,0.033818766597068395,0.03762820991197957,0.014221331274434812,-0.013680306803458775,0.01660411641939774,0.007743155256104695
2017-06-09,0.00638494309145865,-0.008207378487804728,-0.01639478745340628,-0.026673295319819212,-0.007915560344040506,-0.00031666831368948323,-0.017971964801133278,0.002352471000971912,0.00925997345234486,-0.007847106599942477,-0.002825966805994007,0.0196003527919133,0.000272015667474923,0.016132173101113922,0.05207747184348377
2017-06-12,-0.008527111275715815,0.016076288378791492,-0.019741248814586942,0.02714596917449441,-0.004137202173130072,0.0009506318503149647,-0.005228871500532306,-0.0011021076820347808,-0.012619137796711088,0.01496079991399868,0.0005515253452856861,-0.008243820418353143,-0.007069013586889383,0.0026624476446726053,-0.005409777148481787
2017-06-13,-0.002559568204307028,-0.006276834637527484,-0.015863911883873594,-0.009816497899084009,0.003560704800855685,0.012978598489829185,0.0027925197333085183,0.004496622595101529,-0.0001516143820049498,0.008731539841467795,-0.0013496168179751855,-0.00957990421786481,-0.005476567508246655,0.00039336290971658805,0.005983040550136209
2017-06-14,-0.0063129165039815804,0.0008350010351252379,-0.011196941248619807,0.008388796450360614,0.002365577233996996,-0.00031241309579110865,-0.017690516441566162,-0.0008592491514274325,-0.0034608954525282565,0.004374660536780484,0.01621803501000607,-0.0018441909927875422,0.00633258537037662,-0.011698733885765589,0.014598565166605404
2017-06-15,-0.005629828474266074,-0.00678081631808769,0.01854740166443225,-0.007688604011111377,-0.013864214251926632,-0.005626720688330811,0.0068367767339339025,0.0004488543349294716,-0.013491067567450443,0.008247488134130565,0.011688527964098583,-0.018740115809811164,-0.0005470100107271003,-0.00019898285976893693,0.023181513752776883
2017-06-16,0.020828949330254698,-0.012446285106209931,-0.021468294185806425,-0.00851020246346379,0.0,0.009745481641799891,0.01623060977170665,0.010826480421559648,0.0011640782959583262,-0.02729770048528446,-0.006628478583047603,-0.009491298948708704,-0.0012319149778298177,-0.0011936197024819961,0.00833318923467452
2017-06-19,0.004986595912527703,-0.01106072641663225,-0.002742301246765555,-0.0021776591851069282,-0.006580893006416733,0.002179201378545992,0.013363802554078763,-0.003165822656765238,0.006528775995997549,-0.008126373010282184,-0.009375274135940304,-0.019125587709808434,0.0072630424255601955,0.035063109409583015,-0.004132289804915756
2017-06-20,-0.004556759437072344,0.014733744219350253,-0.0011787062542830684,0.012581844517980612,0.01836772818427157,-0.012426437600348672,-0.007076248179955114,-0.005847013715834959,-0.0023523038354756887,-0.002000443191095047,0.006999430761225778,0.0016215702831774426,-0.0024488849234046706,0.005389092498306214,0.009076978830881988
2017-06-21,0.00905350006631278,-0.00021215312151545707,0.0064898253197109845,-0.008621820997498753,-0.02542873969323667,0.005347806012018008,0.0008099355184574275,0.009030955502870919,0.024136397604458182,0.008018256402103185,0.004110271694249823,0.005962664864544331,0.001909528008738448,-0.008997601663681687,0.013363931765302262
2017-06-22,0.005998226702884857,-0.0033920840251251416,-0.003321579374644279,-0.010231488663238864,-0.02639543694733748,-0.005319359111382149,0.007606348442599664,0.0029736787316034796,-0.007778655071629559,0.020265100467588226,-0.019147299226607073,0.011422510847602041,-0.0029948416826439672,-0.005119347430965426,-0.006847421465493442
2017-06-23,-0.012726786423836733,0.003297420315550692,0.007057400425892979,-0.016152007511635147,-0.014646363514888128,-0.006920271331981476,-0.0009636180430664387,-0.020635489310396937,0.0021279767000146332,0.009467422012367388,0.0030732121951464464,-0.006442146636385093,0.0,-0.015048446728201048,-0.019152294968501904
2017-06-27,-0.01060695284951696,-0.017174686419866747,-0.0011679757962826942,-0.001576339204167887,0.011701559065321998,0.0003168312508203819,0.00434078768235624,-0.005979129081267409,-0.0005344011564648588,0.00045961087624646346,0.0035557533376342487,-0.00035167641281785844,0.014336462314528342,0.0071955809188510855,-0.023691648060334414
2017-06-28,-0.0026160296822482776,-0.0025347056828401993,0.007210998209335795,0.03196563971167943,-0.01156621630210064,0.011083056794435775,-0.012806315577616245,0.007370986965635096,-0.00312536207189662,0.0025733109357370942,-0.0005089876421074946,-0.0025397941284922565,0.015479889384016454,0.018986010372144868,0.017333399059241694
2017-06-29,-0.024532031241907504,0.005947524039122243,0.0034829966878675567,-0.008668088116655093,-0.0015813726920126392,-0.006263650207988247,0.010540242996556204,0.015056210112152302,0.00028893630009774185,-0.015675107396783905,-9.428672340083821e-05,0.0019586320176416816,0.013918282604082455,0.027756464031611472,0.01756223763807685
2017-06-30,0.007803035565814964,0.00575155381957293,-0.003663875829637564,-0.017615952564367432,-0.0034841514397981888,0.0018905906961117491,0.03867120448497663,-0.001763677741193015,0.014530368253242276,0.03501584556336623,0.014557986382752519,-0.003362435029538813,-0.0071905176050777175,0.019998103573892312,-0.017516903409957818
2017-07-03,-0.007219324005973582,0.017476350054517864,0.004838543842342835,-0.0019635520569125653,0.011442854589302609,-0.013840542663963062,0.05824193170613734,0.00023778286295450535,0.003712620823597801,-0.006658191186905471,-0.0028066709809173584,0.005727417624630249,0.006189014937675319,0.008886905272903478,0.018091411706121052
2017-07-04,0.010486278564499907,0.010768049084038722,0.0015409201151921348,-0.009311313598159177,0.005028446164015765,0.008293286062827976,-0.01532849425388183,0.016071845819931152,0.011960830479631479,0.0008149497181566545,-0.02193810209440261,-0.0072160030005331555,-0.0071980467972136974,-0.005539414795592168,0.0046356559677476206
2017-07-05,0.0010951363965563399,-0.011692611264796482,-0.008461674423880905,-0.0014562118868467477,0.018136459114784564,0.006010874495788299,-0.018383830216664232,0.00900439131695685,-0.0038953597865428735,-0.0032582280914984496,0.015722013239806376,0.0018859938965078982,-0.007909190981457592,0.004383225935158386,0.012048018609657651
2017-07-06,-0.0018233107305593022,-0.004101368104655556,-0.00019400362606591948,-0.0022539239859868943,-0.006756656968021968,-0.005974959762538368,0.01827516143332031,0.0013968228528311588,-0.0005490593108739006,-0.009170762831611778,0.001106962181774307,-0.012627688719913599,0.013287362436566141,0.008546231330094134,0.018996806031513325
2017-07-07,0.0068889393124396126,-0.012249251860212529,-0.0001937788163972609,0.009832772968703551,-0.01298705100797759,0.006327223464175802,-0.008306402322700412,-0.00693119101322115,-0.010465378881751808,0.006231549349039467,0.01405617007898452,-0.008976149503079234,0.012063774907374647,-0.002343792585136617,0.00546896558187826
2017-07-10,0.0034205446718353905,0.023145147084876028,0.040938918266628876,0.010789562462740987,0.01754344334938529,0.006287279709521032,-0.0029913149604121614,-0.00939594785350173,0.006391725338728005,0.02677599392311336,0.007688231744727991,0.0010021868557397173,0.05130870162100121,0.010842831429504152,0.004449669904312614
2017-07-11,-0.009555756245822722,0.019121252766403085,-0.018825748408715537,0.0028636752954749323,-0.013238610264654116,0.02030613022968719,-0.00870068584768946,-0.003974621779686993,-0.005086203840059977,0.0001772362148102502,-0.01282012805751287,-0.0116507128690716,-0.02526482536336916,-0.004469385633937839,-0.0204281329191085
2017-07-12,-0.001565615912225482,-0.0030757189155140585,0.002279680048031807,0.005451635303684199,0.016224487709641355,0.004592835328087519,-0.004691683104045774,0.006439313918827905,0.001379600321110619,-0.0024831089132366646,-0.0004271346980405655,-0.002795305071541798,0.0041722995598023616,0.0040406915855197845,0.007537710138747933
2017-07-13,0.005696965598888548,0.004833560202344378,0.000947699096518928,0.005035089585906816,-0.02425551706833451,-0.0009144145598941611,0.03010540691234609,-0.005320580624919358,0.006874324209708682,0.012269041082216159,0.0014497460622344693,0.015558377746676122,0.017798699085917136,0.008674520523084261,-0.0019950403576294296
2017-07-14,0.01569497147809784,-0.005117305750038992,-0.01590604842993326,-0.0007708571812173881,-0.0034610502099240437,0.02074447096699128,-0.004723348790780624,0.003706172211503267,-0.0022534952449169143,0.00570853988593667,0.0033406640143338606,0.0024800947850578403,0.009549701160352031,-0.00984121409214489,0.006996432998110924
2017-07-17,0.0025582295981976255,0.01234504541573056,0.02693868256944465,0.007456133951482036,0.010735632339444301,0.007471527393550614,-0.0355924051562555,0.009873827110195688,-0.005780763804505429,-0.0019212060392113095,0.005311110211563497,-0.011292076081633184,0.003562616457068346,0.0025071693008185125,0.013895977227527556
2017-07-18,-0.0026538011965552277,0.0015749184954090278,0.008056955978652303,-0.0014037349422462153,0.010309477355811003,-0.005932833096419343,-0.12486545968720553,-0.0037365729516785073,0.012237288588197393,0.01189967218312682,0.008045464519021994,0.007102827117795973,-0.0003673596544353508,0.006252109090360891,-0.02080294820037809
2017-07-19,0.01750058497777074,-0.005833986654680712,0.007806550316698857,0.013928070124360925,0.008039459926045378,0.0014919836674645026,0.02424878094413696,0.012491892358314605,0.016898494989567192,0.018850016587471652,0.020246511883850626,0.0019235551904335235,0.03171693820927923,0.014024553261457573,0.009997558133600037
2017-07-20,-0.014282808794242707,-0.01061363170052354,-0.007192705536083421,-0.01323258924192039,0.01748467216535854,-0.014004856686665512,-0.006690533684881039,-0.009901935583006005,-0.003967338335873372,-0.01205113096418875,-0.008615483865689666,-0.013318502523585796,-0.003441930213016531,-0.007127555066983593,0.004701872483580116
2017-07-21,0.019847088994838336,0.010985433461004002,0.06279024292814706,0.008173670954980006,-0.009044409003666765,-0.0039285972170415295,-0.002072824950922758,-0.009076570962812558,0.011329161249148623,-0.01048016110736405,0.004527076579174949,0.02776639194609687,-0.020247937424500706,-0.0070889900615023205,-0.03300497631013388
2017-07-24,-0.0065037064493070895,0.01066206438215378,0.01922732195275989,0.011020785636700836,-0.0066929349918832814,-0.004550953377951972,0.015057258638778936,0.004231088961876406,-0.001199694366381232,-0.008941724954646957,-0.023927141664981666,0.019168025371590902,0.02127412128059203,-0.008585652799392829,-0.011462038642172101
2017-07-25,-0.005035458348027322,0.0033316524538615777,-0.0068598145760270235,-0.019922177468653657,0.0003063123465625317,-0.0009144145598941611,-0.006308744148726841,-0.0023843680712979376,0.0054969771230273246,-0.008584588736355814,-0.0015948776353730265,0.001741563655029088,0.01845015733030797,0.008113074503784734,0.0015460149663053535
2017-07-26,-0.0014169892516598948,0.00020117826650833948,-0.0006907663924627938,-0.004474296429095803,0.0042866019467839855,0.014948218264684732,0.0077214912804686175,-0.004970925156516315,2.5790495162159033e-05,0.024032513830802182,0.005646082680158093,-0.001197798659244187,-0.0036231999807645465,0.023148435175937232,0.00643161370383627
2017-07-27,0.011758106841305516,-0.02313765472214724,0.0012095598950743192,-0.008150604089072755,-0.006707673492486355,-0.005710885144679212,-0.017367803269649706,0.0020629453277585252,0.006570472065987376,-0.012769709625726322,-0.032134666168116,0.00390655341781021,-0.023929605673882803,-0.00795398927552815,0.0012781365971066272
2017-07-28,0.01457702789832438,0.027083998976081824,-0.00224378964839822,0.010735541175261654,0.011356916993750188,-0.00906896669153101,0.010397008792270679,-0.0027867143774954473,0.013687404783793156,-0.037231203892638565,-0.05930508059367623,-0.018608473854095253,-0.006609680886083269,-0.01665920521999187,-0.02348735216478559
2017-07-31,0.00883762636722385,0.013886710509166456,-0.002075728193815296,0.011932981561433742,0.028224281016466346,0.0018304244970099859,-0.021608557542281304,-0.0019985700104763193,0.0038268729705079885,-0.03476758410893854,-0.03316498065185969,-0.011502596321792513,0.013670280590878381,0.02754105413175245,0.01098037190479162
2017-08-01,-0.006215448632744147,-0.005587155572802649,0.02201433924540175,0.04302178511506294,-0.011806058185015456,0.006089927837812814,0.009114448130878916,-0.009479692657447525,-0.0035954711541481554,0.004044048765550423,0.020287916271823914,0.006990013237494042,-0.004535026506043982,0.009345968743208699,0.0010344944222380192
2017-08-02,-0.004333570602333081,-0.012132763014385262,-0.0033922473277131493,-0.0009938725924829583,-0.011947404095257741,0.04025441260187135,-0.00833727463144096,0.0035286115908466087,-0.011106895451359011,-0.01920223480074379,-0.02179685961491773,0.007690298745522739,-0.0028774119539624055,-0.005503248882413603,-0.002325099289083643
2017-08-03,-0.014343624105988662,-0.00941276912325928,-0.015997117263149896,0.012684893923473606,0.0018136826691022012,0.0040735337343908995,-0.014188200177831956,0.0029353140031223024,0.0025490693860419356,-0.014707107071421421,-0.022955128359777865,-0.007827564779429919,0.02007918549590304,-0.017479072147925656,-0.014759227184549584
2017-08-04,-0.0002007764125649958,-0.00025381025244686217,0.0010376063872188368,0.004543954360074487,0.004224214630341061,0.02781803119027515,-0.002309986045408885,-0.004315438967341434,0.011216048377893584,-0.018319198189343355,-0.03631741751860995,-0.0074552533220630934,-0.007779214212291108,0.029590597155625842,-0.00236507912009587
2017-08-07,0.0017064023906137038,-0.015756147842733048,-0.005701426279887345,-0.0064792109510024565,-0.0030043901679404073,-0.016352080497552435,-0.0032057434009779007,0.005647278181438953,0.048603431604679725,-0.0016784821115262138,-0.014556592197480733,0.007908720542584735,-0.008196698198213226,0.04202482965001675,0.008166428660459468
2017-08-08,-0.010221435173629945,-0.00454416019706716,-0.0012163638791491405,-0.0199335707150764,-0.011452663101797045,-0.01891649385102634,-0.020367910538984346,-0.008686853667588257,-0.008629790974554297,-0.010285842099376996,-0.05043159412516962,-0.013406612841367682,0.0008382902738168774,0.027331012412892264,-0.06663188413580912
2017-08-09,0.0047585616073420045,0.0057061094050310235,-0.0031316244165963125,-0.011048205667764543,0.010365700113373233,0.014606762510271265,-0.0047419856905837054,0.007243904939504109,-0.0033027707468482603,-0.051963501509005194,-0.022570368757466763,-0.02437922009336213,-0.0041884571574961615,-0.018492934350866852,0.0013997022363287925
2017-08-10,0.004433723829471603,0.012276261254463794,0.005759137661752067,0.025771090104695027,-0.012069904263866005,-0.005758368470412889,0.0009162715534483112,-0.012979385311686631,0.014856325044449337,-0.028565426856873355,-0.05072381649387414,-0.00553023809287867,0.00048080779859538403,-0.0011570631712441992,-0.07967552222839336
2017-08-11,-0.004614771476864843,0.006573295589728634,0.005379255091334967,-0.0029702805028247736,-0.0247404320403507,-0.022009903954006482,-0.0058586221601458766,-0.01479855729657975,-0.004187625108807325,-0.023437670288370294,0.034302683664755085,0.0028422039152080636,-0.004084211006537775,-0.012575293282959699,-0.05498172661285683
2017-08-14,-0.009675352987356334,-0.006327779268857081,-0.0041422192291534765,-0.0014895133208834288,0.012840751058851962,0.0171749510207575,-0.0009209100088355404,0.01652602057210295,0.014151807262202665,0.04844454072117821,-0.0045247541239678,-0.021359619229194826,-0.014473477018911107,0.04524501783599888,0.16779156152953956
2017-08-16,0.01826767486910108,-0.006367914695742827,0.005025853813636738,0.04413219930455625,-0.004638496648498025,-0.00960701011413978,0.02930884509672227,0.00418654823208775,0.03364169275851436,0.02946161323233465,0.001598286869660459,-0.026694722102063584,-0.0019582729836941093,0.011943779836515178,-0.004679485548655715
2017-08-17,-0.011543598930808141,0.046810633220944364,-0.005518042242101062,0.010596420033578413,-0.002174285748563487,0.03938860169983904,0.002865110553447181,-0.004116699023025916,-0.01150016775875673,0.005249982932590935,0.002992127053601301,-0.05002385715740254,0.021091527101712693,-0.009188818121096176,0.024336349943374636
2017-08-18,-0.005510773903997457,-0.09560647351523743,-0.0008670123350823511,0.010485410733583889,0.0018675793469118407,-0.019230584591965694,0.006607523921181135,9.04263282830442e-05,0.0002234647489969266,-0.03707108062265063,-0.01454308442054053,-0.030142290360641644,0.0111684366797411,0.00039981372389075176,-0.00944919668360611
2017-08-21,-0.014233987320800945,-0.05399420387285747,-0.0013884078627136587,0.005246621097870774,-0.023306412463038995,-0.008074092087367535,-0.0008874102601211797,-0.005132771350268683,-0.005092419573302753,-0.02041905720193904,-0.02568112383746346,-0.015866651743208116,-0.004394282972755792,-0.006553153892292829,-0.01662592549781783
2017-08-22,0.0012892866546747594,0.0022899472504911422,0.008863474727885068,0.01913723701797987,0.0146359622764487,-0.024999927102798303,0.004616612618428384,-0.0022512538982282226,-0.007316981779004972,0.021496276553414795,0.027471346292979426,0.04489662722073251,0.007038047829173832,-0.0031372253137756934,-0.028270447588986003
2017-08-23,0.009579605882295228,0.01987661026906662,-0.0008613367477083855,-0.02082637287801059,0.0015676712054777386,0.015205636232926034,-0.0012373045705722507,0.00025753544787043836,0.011503153761892815,-0.0026572733171881247,0.023586925743147802,-0.005370848067094536,0.023217298814979026,0.024208942317314186,0.06075299405158341
2017-08-24,-0.008162348677011488,0.021673277151483372,-0.002069005843042371,-0.005811210432424385,-0.0015652174591368473,-0.007342217444388899,-0.0038932059574490196,-0.0005224926407082497,-0.0077817950815758374,0.029411871030503134,0.028164079058447422,-0.008603344083141229,0.002431064126415361,0.006933537918935251,0.0053779552016808285
2017-08-28,0.0040634301638247106,0.031628802680956136,0.00449215324387886,0.0001169480562004388,0.007212459489782219,0.025444095453918347,0.003553096673931444,0.06754933220269321,-0.006122275906076502,0.021118080595901256,-0.018557000660695655,0.008724063923817749,0.003349164685913175,-0.004929591478543105,-0.036640787704248945
2017-08-29,-0.01193583667230369,-0.014399697230488506,0.00017181450859116154,0.009351171839183436,-0.02085931610727454,-0.028274740184320524,-0.007788772515925357,-0.01310886905029196,-0.003748556817681048,-0.023114543340190252,-0.0035865393407235047,-0.014277100841523116,-0.014502770435834922,-0.008885721898710508,0.008328636733671457
2017-08-30,0.0072064935554283505,-0.0008624955850763394,0.0015476936022693621,-0.013897045894355142,0.007312968082363147,-0.0026722292736519604,0.006244541847513219,0.01110491758039811,0.01647663550522238,0.0050850472688848125,-0.0015426096195081396,0.014344568880940711,0.00210214569746503,0.013408450313181497,0.00798450925644878
2017-08-31,0.004787011787082296,-0.01262609687157401,0.027129279499481962,0.005637177638874613,-0.009153867170891838,0.004763299052240599,0.0008863825833642647,0.0124832701397386,-0.0024519729642086263,-0.006401604477283884,-0.008828156285898392,-0.009061734471586647,-0.0030302400265322937,-0.0009394540351247427,0.010926038722867792
2017-09-01,0.01695702934608878,0.00546471584776187,-0.008860004065038174,-0.01109413759026534,0.01911432280014802,-0.0029629770752404028,0.004782940939166647,-0.014877904456248259,0.003072549618142517,0.01049578397028772,0.09730809552571151,0.007343541120443664,-0.012041083579795497,0.02060977965285482,0.035395792653669655
2017-09-04,-0.014558417577844929,-0.02146849328378808,0.002867312410330003,-0.01724127485785598,0.011566138416695626,0.0,-0.0017630008385167706,-0.021453346744700008,-0.005726049363702468,0.02982312610601756,-0.010123718663631709,0.01943974818336147,-0.014554470892717997,-0.007140842543500225,-0.018789059156453236
2017-09-05,0.010530459693194327,0.0018883056252767538,-0.0001682278177818075,0.028238313917885005,0.006180455344591218,0.007429494212281673,-0.0008832549522655997,0.023737204595714934,0.009704765248348624,-0.017675209571706096,0.006400546107466765,-0.007960141834471579,-0.023775229828488453,0.008584085005546527,0.01755308108052467
2017-09-06,0.007841038012000423,-0.006985419146959937,-0.00016810440436576535,-0.007596154115790621,-0.0030715138004624443,0.002654811462637019,-0.025278167727604606,-0.007712239302274937,-0.00299250415599972,-0.03578329317787221,-0.0055450663767999675,-0.004216431448204272,-0.009840123866401207,0.0013801157256754237,0.006272870704140621
2017-09-07,-0.002660261391080554,0.00016789740177225454,0.005888133505836279,0.0034150856382733075,0.0,0.01382760919698689,-0.01922387786275903,0.02280040820047713,0.0031192315941959148,0.013073244362983516,0.012767878072962313,0.011535816820080536,-0.012919252682579208,-0.00030619180427904347,0.0012987195327418544
2017-09-08,0.014142004334861458,-0.012782832399057531,0.005184846150237288,0.011148818387029191,-0.0027721041049246775,-0.013815379514863335,0.00721145885080321,0.009652987399954016,0.00637153255291989,-0.01894046663848359,-0.028067942992908046,-0.010680130808126354,0.0156053858261187,0.003982881354968271,-0.004928646626804367
2017-09-11,-0.0010421063739974867,-0.006332516605649374,0.0021631477277495037,0.024837573333648333,0.007414083934637716,0.016691457483585026,0.004589604688822968,0.01302542355504488,0.0021104413270229827,-0.008274117832091421,-0.001387349513280789,0.0023785660579116463,-0.0013629451309183915,0.01098548800225374,0.004431587782223634
2017-09-12,0.015151532499099174,0.00608855756472737,-0.010127859926141403,-0.00022658518970608554,-0.004600167876176897,-0.0011726414334497504,0.01480296144328741,0.012822990091253317,0.004630816720969211,0.03412122398359663,0.0028942268442710972,-0.0009581348369500642,0.00558373251351596,0.030636982186133643,0.019724908329045165
2017-09-13,-0.0015659847097875268,-0.0003394697489641496,-0.007380268351389385,-0.001359256879585935,-0.007701329673526547,-0.008218201476954068,-0.02215026336013559,-0.020226551664062287,0.0029533363500007237,0.041270130015058415,0.023825435918086058,-0.02238288108534936,-0.00876130745036885,-0.004758975168718482,-0.01883423480178037
2017-09-14,-0.012302173269978178,0.009787777164910194,-0.04207488363611178,0.0013611069736036985,-0.010555956804923272,-0.0017757323195680685,0.0018414901788428306,-0.0007180625983629341,0.0024710563386851625,0.042316685993306624,0.016235715152010943,-0.006541326372655143,-0.006846652656553376,-0.0028693381348965374,0.004150512153568986
2017-09-15,-0.0025306063070424933,0.017761038541928897,0.008114292360342779,0.006570022771442474,0.04643851994333925,-0.007708377778637643,-0.009926443686788855,0.01589018788694241,0.003766726988584379,-0.0006674487483164793,-0.0187055553685187,-0.001928149641101773,-0.007269826689409009,0.0018444947430849012,-0.010333305319050412
2017-09-18,0.011939541870645387,0.0009358281125815271,0.01242356549977397,0.0018004199769423579,-0.009295179204402926,0.0038843188813233454,-0.008540622199964654,-0.008239418382177344,0.007218291144867939,0.00048013047065031955,0.013951712259927307,-0.0007069014769942594,0.0016413341561800632,-0.008910705657168783,0.012007477172101488
2017-09-19,0.01701001024289872,0.003465177712073997,-0.00017295774819148235,0.0059540850319599326,0.0042373009169884845,0.005951973868807858,0.003183597162935925,-0.004623800025080671,-0.004158387424735732,-0.010075808865235736,-0.00022311724579904268,-0.002782335760471377,-0.004664134529166697,0.005201364666594266,-0.005994556599726919
2017-09-20,-0.010779711201128084,0.0004932913157353891,0.009161642046652263,0.0025683403906637814,0.010849749079934634,-0.007100304296609239,0.013813575613710993,-0.00709178423486756,-0.0043821194838613575,-0.01996891332019657,0.03263387653945293,0.00855919437913144,0.0051924955644377935,0.01663220517148778,-0.004981403614130242
2017-09-21,0.005815072757486384,-0.0034513366957277247,0.0,0.025283795018943733,-0.00599154208646957,0.0023838695829347945,-0.007365099926484264,-0.007933742177579584,-0.00527460939600366,0.027992121736258202,0.07424278553658303,-0.0049232507507956935,0.00818936637561074,-0.0007999497618235152,-0.024769616280788886
2017-09-22,-0.007044522444860202,-0.012368805183662124,0.00873594295878144,-0.0040194389289334165,-0.008740345603606814,-0.013080025970900966,-0.004080719712313052,0.003267542437299431,-0.013354800394506205,-0.011161526843113778,-0.01158242285354727,-0.02492549951663392,-0.011871850996220124,-0.04817346994370475,-0.06241553549137757
2017-09-25,-0.02192011590810472,-0.0032839105812784153,-0.008660287183935966,-0.014070703427770392,0.0021282630375996092,0.0015063423390875297,-0.023095595568673244,-0.0032288672152076536,0.0025292226644153537,-0.015374026035979815,-0.016478352096197635,-0.02440343344676954,-0.014164955117957456,-0.02178897075824826,-0.03976948294685423
2017-09-26,-0.0055026133743274475,0.011783076511649782,-0.005652519017923852,-0.010177984046054633,0.04004853410263265,0.004210437250578902,0.0007624233777736578,-0.012831896332366366,0.010488186473015082,0.003261124643991975,-0.0192368497306451,0.001436420903846658,-0.0061575526219844745,0.022430690890402838,0.01560620037891125
2017-09-27,-0.014486941248040397,-0.006733604022078232,-0.006718535396574188,0.005812140405834443,-0.007001086338051188,-0.011680114991293289,-0.015050463217490262,0.006712001220980479,-0.005605772488599503,-0.025413692735900884,-0.027860384169922092,-0.0051438410656113875,-0.0036143767273024707,-0.007262060782958879,-0.05466882916009186
2017-09-28,0.02618419786474324,-0.004223139671252207,-0.008324590921203523,0.010000799946302541,0.007931953343764953,0.006363579076001047,0.0117990275807478,0.005005659919683048,0.008822054889424003,0.009096575114359906,0.030676514803785748,-0.013224614489470876,-0.010104818528693826,0.000539063036066878,0.011878646236302082
2017-09-29,-0.0029843681015147006,0.004352756177681938,-0.01976214099916873,0.007481635934866837,-0.003497626246817598,0.008431247430103816,-0.012426069083191993,0.011054088257049788,0.0010484631740561579,0.008112891026543334,-0.019638753661644692,0.012696488311205512,0.019369119775966226,0.00438666743701277,0.015137387340055097
2017-10-03,0.004290347304959585,0.004055837209702817,0.009634323130043532,0.011903481785590975,-0.0017548424978814925,0.005673259008595943,0.012001445370398711,0.012893774753683918,-0.0009669077844793872,-0.001192261603806477,0.0029199195971028047,0.04810924241402259,-0.012325143229390378,0.012642726601193033,0.019172282621858328
2017-10-04,0.02275089896264393,-0.004371423187065959,-0.0007069587179462378,0.003777232660708174,0.008497060724490524,-0.00207841651635865,0.022953420496790278,0.002880185463143947,0.00041469777865210666,0.03033925833541895,0.02228601042871925,-0.003892113316775525,-0.01949832126722728,-0.0027239676128879564,-0.004777524778522668
2017-10-05,0.0032541421188081454,0.0038347591589840135,0.0030062416038605377,-0.03031935085233506,-0.005229564187135272,0.01814932488500287,-0.00804044006035498,-0.009515196215892696,0.005021022199101166,-0.00791678802522422,0.0006491868259475009,0.029830776300465933,0.0014584551970839854,0.003034966250452964,0.027302703965018216
2017-10-06,0.0064873228226385304,0.018935954473755512,0.010578406943309915,0.013083516928323657,0.015478736046977026,0.028930416463606168,0.0033931571190761733,0.012664095063331215,-0.0004125192157005131,0.03191934044113709,-0.005566751282570781,-0.01577885894973352,0.012179133880011461,0.04606643579956482,0.0023366795713850586
2017-10-09,0.010052797121086865,0.004075439325312846,0.0006977191554513595,0.014118442487742966,-0.018118984600877797,-0.006532057344223241,0.006950946592682694,-0.007840911700534359,-0.0039777552857628296,0.0022631932633829788,0.01393184323549801,-0.010390346078595125,-0.008762860508649717,0.008388290774954621,0.008449898953957202
2017-10-10,0.0054288227801873035,0.012501435067007849,0.0006974685531784264,0.006475204962133052,-0.002050338873536006,0.0034303556789161416,-0.006716427199220387,-0.0009455265209881158,0.0009438012429612286,-0.007903600592017779,0.0009961034677159475,0.03406329046709344,0.01490952203428697,-0.009250718905425503,-0.005778864865148559
2017-10-11,-0.011177889155109977,-0.005077891480593788,0.012717513359026267,0.002037366596982837,-0.007044384176438823,-0.0037035022243004923,-0.0030051979757111935,7.522596162368167e-05,0.0062893223759430406,-0.002181449719094175,-0.0162562335684302,-0.010750667728677055,0.04927198388715781,-0.012304580162114331,-0.009590367176168901
2017-10-12,0.013172243486795798,-0.003653270776852069,0.009633743946374063,0.014874332437420756,0.0032514226577520233,0.010580305240684318,0.006028597180941064,0.012635979221563565,0.038505886572537396,0.025663013946219948,0.0032459594122846713,-0.002647217657273493,-0.008177371441282832,0.013630413794476048,0.01437824239613028
2017-10-13,0.023402147482634694,0.003019562454072311,-0.0052820229412490205,0.004006674650236075,-0.00029428719010526905,-0.004810394567743126,-0.0039326245927849834,-0.004809599934795128,0.008307079986940913,-0.008989148620578313,-0.010672833568109108,0.001816018703989064,0.07657716672228854,0.02783399622438565,0.0005784978390392936
2017-10-16,0.00013869548731437753,0.009568792270653992,-0.0041108456723721876,-0.004830985041621383,0.014146606055477129,-0.0022745976335261098,0.00582807085744852,-0.00851545843705781,-0.00918790653021384,0.024780580596586388,0.020832726608028596,0.005531367616257388,0.05198420356085931,0.0057678590223919635,0.0
2017-10-17,-0.003602743774259509,-0.009052154973322235,-0.002924104528378879,-0.0016884959436629376,-0.004940312840359895,0.002565027477010151,-0.0009344297308842009,0.012508594742575374,0.016563471155479403,-0.001369082289816026,-0.009215713410493764,-0.010586001969569603,0.027906383712716476,-0.0034270673581794364,0.033535575950389473
2017-10-18,0.016039265483765552,-0.006609283270170296,0.01690517268675018,-0.030761050574628412,0.018983367827084763,0.01222271838632527,0.011599441381169973,-0.017385503254833568,0.015286100022944504,-0.012792158219370964,0.001700742785882614,-0.006400450722114259,-0.008584635125605589,-0.004069984632529611,-0.0022377061945804133
2017-10-19,-0.016561754523882644,0.0028128945045384768,-0.009160064856028605,-0.00021802732200004726,-0.013757365981669656,-0.016849190892729293,-0.0025891527369072964,-0.0040781983807406386,-0.012345560760293917,-0.008237919712450692,-0.0051774899129326535,-0.0049371368777541,0.025543951404262133,-0.005777947449199128,-0.020185078256512723
2017-10-23,-0.015031283006367802,0.013539128723756955,0.01660657278488764,0.010363340170437718,-0.0020342507026448464,0.01085389573961959,-0.0096419950717751,0.0,0.005876954782397803,0.008679720419261239,-0.002886518502933977,0.004111009939490096,0.049815268304122196,0.009213340591883279,0.025464867121296253
2017-10-24,0.003909412841927917,-0.013837336587416815,-0.00033683300419651285,-0.01792286773030638,0.025043785935426888,0.026561347004943725,-0.00018728466245920838,0.003096965104930849,-0.006304625778504547,-0.010825384606543809,-0.0010775370417487329,-0.004846851887320258,0.009450027627663449,0.010252792243190756,-0.005301356639056398
2017-10-25,-0.05174998441070111,0.009498198418399495,0.007075648553633407,0.02924372661911856,0.004829435804311055,0.009358479193664726,0.00842670532239631,-0.01176322369844518,0.003977724403746219,-0.021139226745580553,-0.006261723371936534,-0.021895789471813032,0.027288218510344242,-0.002363622028368928,0.019915918942414512
2017-10-26,0.008262685368943812,0.0128833637375938,0.011375011608424801,0.019547072230145623,0.0028272568366678463,0.007090501894613466,-0.003156661508668668,-0.0011882697496568007,-0.008526674465283657,0.013186683444212033,-0.0019157159514771038,-0.01068511368480185,-0.008628232388081747,0.016165230019586252,0.0013751371640513543
2017-10-27,0.009912595048859885,-0.0010554311054409293,-0.017697803410948953,-0.0017810958169041102,0.03749640580884206,-0.014622331884917572,0.0035394263214940658,0.00360416475306935,-0.00158534148534617,0.03725380338319595,0.021583784417300356,0.0033721690846288954,-0.050850767244006834,-0.00329132050755776,0.01263396113745019
2017-10-30,-9.713313892267816e-05,-0.0023774992157179486,-0.012459887740727704,0.019206605199856286,0.014130405778921995,0.0035724243642984987,-0.015593006091962125,0.006833321432190731,0.03231212997072319,0.005819053392728701,0.018184257267469306,0.004870673003275483,0.015660443022589954,-0.011763969832271126,0.0192567346981547
2017-10-31,-0.0037418184821177425,-0.00993463339770062,0.002728049707437119,-0.007208372308139532,0.02411570937298202,-0.007393212075181066,0.0020742182757154115,0.002680083496948482,-0.022419461728169776,-0.000361541947437094,-0.004244508582680773,0.0067859632334421605,0.008723876492341853,-0.020118247657247457,0.07158071834585278
2017-11-01,-0.0006829267488361879,0.005640901311796398,-0.001700488168551617,0.013380291058364024,-0.000523118014334023,-0.0027587125690474723,0.015619228207734537,0.010871769068941939,0.012447372098168152,-0.007596680378720855,-0.030455391558686373,-0.004525616242703312,0.0842719602012707,0.004973073868861144,0.03625524977725725
2017-11-02,-0.004685805133415877,-0.004476425395686379,-0.0010218772214095617,-0.042067438903539145,-0.01570694732359701,-0.002766414355854452,-0.015564361160479212,-0.0040795785466241075,-0.008217387305716528,0.02688201273202262,0.024297072212093873,-0.0009673532371882176,0.007605191066440531,-0.0016966144440978548,-0.003834155199917144
2017-11-03,-0.00397235080475955,0.0040631774397374976,0.004433176892239432,-0.009616468500694642,0.03702706169462289,0.009431591450403287,-0.000940937127870578,0.017234264826736734,-0.00011814109503061054,-0.021652291024521708,0.003193260239853224,-0.009827144812509458,-0.0035897300760281414,0.003965470940913596,0.029107425817019195
2017-11-06,-0.0056623160708069165,0.0022122128115895645,0.017993426703580395,-0.006473198842888772,0.03857182503423906,-0.014839387082810185,-0.0018840684236964833,0.0244155689907124,-0.0032308963542300173,-0.01823149456616191,-0.011099189588087865,-0.010217929610199405,-0.01607400073904519,-0.002962391943510778,0.008882684677816721
2017-11-07,0.0035158276917270914,0.028857644195260157,0.008003932743291475,0.021826633704484344,-0.027352566706106307,-0.004741962100849539,0.0015100998704398183,0.013305551959911899,0.0012815037341595836,-0.025129157269646374,-0.005956613153797141,-0.009088651690831506,-0.03417522514482263,-0.019241660500667113,-0.032900719939242706
2017-11-08,-0.0018751852781313527,-0.0033489669896705765,0.0004962689927150432,0.04123256904717554,-0.006450021586948518,-0.01149095316585469,0.00037695572681561984,0.017315192812253022,0.0009679681117200634,0.019332948076557832,-0.01320445241355539,-0.014007392950345032,-0.03703701631876366,-7.220050255662969e-05,0.02467659268475364
2017-11-09,-0.005981664725519642,0.002309983354136236,0.00033070674380031306,0.0007145295931876294,-0.015320480578618567,0.009639954311634336,-0.020158393341355496,-0.0037618372785325205,0.02244548795333179,-0.0072516498808837815,0.010014460219613275,0.006774545088049422,0.018069957648865875,0.014787569169626869,-0.009352500877110592
2017-11-10,-0.011886461020732653,0.007910006159417726,0.0004958588480987736,0.0015297281359090142,0.007911403808613882,-0.008424666749996867,0.006345036293139206,-0.0018012457257665648,0.024180649914440355,-0.011331845471976854,-0.009387781705777476,0.0045697425607660325,-0.0015864759186678956,-0.0016347233845129816,-0.018645357627139036
2017-11-13,0.001308523865209299,-0.010498375595176856,-0.013381702548697083,-0.0018330047872652244,-0.03610676372242938,0.0022655789835728246,-0.012992031410348326,-0.008400521907679925,0.0019081959051963082,0.008903940262375398,-0.0015972131413068968,-0.0035992151790509297,-0.010825509674856848,-0.01594884318013845,-0.0269359127527935
2017-11-14,0.0045240320521588995,-0.0029938845713453066,-0.00033491530154383664,-0.004488869038157484,-0.011943702593506189,0.0005652938017497444,-0.006775195412327073,-0.010259149524545097,-0.019242921239470467,-0.01220541811806053,-0.010153210974407911,-0.010735944679777343,0.00030137355711001845,-0.008031240551243601,0.018536740640380023
2017-11-15,0.012309919902175004,0.0028448244848033877,-0.0067000968973581765,0.017729223612451994,-0.024450535159421638,-0.0160972177644767,-0.012667987159490135,0.010529045151244087,-0.008060989772704863,-0.04068055136273496,-0.004374452459895983,0.01196822174246659,-0.022884782773181844,-0.011305653464841137,-0.011890252062349393
2017-11-16,0.005882335070103828,0.03845350125514946,0.0038783864202858176,0.0067463216424863415,0.009011326775780537,0.012916364338127151,0.007106385246633984,-0.010095638698956688,-0.002747575628610832,0.0077282015102375645,0.010129317785110947,0.02435493319182469,0.006471499070032305,0.012688970576867797,0.02504924038789591
2017-11-17,0.005651312991707513,-0.017654875969520534,-0.00839900115317993,-0.03070603106860459,-0.008651492962596152,0.006233763991163155,0.011367759132093758,0.006175204765357156,0.0028182767032725042,0.016812436597291036,-0.004692561928473227,0.03209229524759616,0.007348443491955514,0.021636370076918432,0.0725921660708857
2017-11-20,0.016956649446498995,-0.010711131845244526,-0.0027105645857200544,-0.015994391414034248,0.013513421608765785,0.016333473839563295,0.004651285889384127,0.004473216746956776,0.002768544702193676,9.672595422482999e-05,-0.020730924620859792,0.004502842562653875,-0.001722335572449718,0.0013547076744524489,0.01697548655682879
2017-11-21,-0.010282975258501192,0.005934159525738947,-0.0011890137306916904,0.03575940613200368,0.004999695326512121,0.013854364958672205,-0.013117082480870401,0.0025374965043380993,0.011273757706435683,0.04041399559460368,0.052628037959198126,0.04548891976897407,0.02151629478229844,0.01310266173577701,-0.023061570147111188
2017-11-22,-0.0034956967346566614,5.1560968154396036e-05,0.0010203130734371957,-0.022780079104734008,0.0022112646286280846,-0.006012772222681373,0.009186703741626223,-0.017812941341282862,-0.008667090006447942,-0.005204209614233735,-0.013992453690701567,0.03764196014087928,-0.00824644322154211,-0.00042179237232931044,-0.011465809595456733
2017-11-23,-0.0040438852769981715,0.02582027303257073,-0.0025483742889108596,0.014504611308221671,0.0022065876095025416,-0.007973488122322459,0.0,-0.00021704741636729974,0.0015076457920621955,0.01774857510222283,-0.023044521020856967,-0.008655815803036315,-0.005509833439610867,0.0023205865953057625,0.013190688185556798
2017-11-24,0.008071677354791085,0.018461442589474686,-0.0028954852276790177,0.009191061834328718,-0.003852925557041198,-0.0005542718802097335,0.010071697372616928,-0.013478469345981847,-0.008437239525745488,0.008719831572042702,-0.0048562820399730144,0.004958312372689955,0.0009066188392381491,-0.005963419034525574,0.02626281509548134
2017-11-27,0.0059201907965822365,-0.010697850429336797,0.007174605855057692,0.009411218773638597,0.016851114404422107,0.03355535515781605,-0.005752658933720234,-0.0010661321790675915,0.011577347659394999,0.0037306090484403587,-0.00010905300251384809,-0.011526537832739048,0.002415291416061782,-0.008328010926632934,0.02099713722021801
2017-11-28,-0.006367745512550593,-0.014067358410726039,0.0001696544357903118,0.0019047269862286775,-0.015213398975383652,-0.019050364272379716,-0.0086788720618316,0.00047343003894440017,-0.00045847690463529656,-0.015230010480219547,-0.0016994769052609549,-0.02014119502497791,-0.012048081395848453,0.0018504201146509747,-0.01413866044541745
2017-11-29,-0.0034956967346566614,-0.002031203330751019,0.012887726168818725,-0.006303653854003333,0.00662071381360918,-0.004376444360331799,0.004085645143586891,0.0016873122163101328,0.0034305590285379495,0.007272614693809132,-0.006154755123773725,-0.00279478168846381,0.0076219804151791415,0.007743116142117312,-0.0030421691502018344
2017-11-30,-0.025286204503857657,-0.006716124194283024,-0.022601679053061763,-0.01470151546863152,-0.009865585221328854,-0.004670311656386983,-0.007750407956162442,0.020378209297171157,0.000924966360354107,-0.013069122477191497,0.0031843272377167775,0.00018068593137421374,0.0014119948099415858,-0.021358960414328942,0.016782879046395083
2017-12-01,0.004848462971418277,-0.017723669381202845,-0.008564525754102492,-0.03341863662935318,-0.005535776696816153,0.0008281058102808103,-0.00331965641070886,0.004299506026917532,-0.002003639825294945,-0.025928148266573303,-0.02195666224497783,0.03791929543631278,-0.02477573092289298,-0.01908818915731303,-0.03151121901190923
2017-12-04,-0.007163120328865014,0.027690761420465337,0.0019003195924749416,-0.0002113652568359603,0.010854810466798703,-0.006067074289430874,-0.00039178669118333787,0.0011563889222223622,-0.008884822769913425,-0.009887027651894198,0.0038049447010979343,0.007141205468133016,0.0003095490879332363,0.010133721892646053,0.013722780493912401
2017-12-05,0.0019040287301792524,-0.0010148531947832273,-0.022417542387762945,-0.015651423508190487,-0.01762131614443152,-0.017203326249765505,-0.0049002184720228215,-0.0018492030496457534,-0.00029399043965705474,0.0046089085730203205,-0.014738621620881132,0.00834451150141402,0.013111774575415236,-0.017592395870393296,0.0056768406560800955
2017-12-06,-0.00020023730348739388,0.006044613287206735,-0.003351553810735819,0.014718331638541526,-0.014293661021520743,-0.008187559002160727,-0.008863492809353501,0.002281943227584904,-0.0002939590761837918,-0.02255569586528483,-0.00414151148624331,-0.009947762347154887,-0.014674420817340716,-0.011987591998074754,0.0045592555892499664
2017-12-07,0.001950821829038496,0.009593149228245945,-0.004601713627676696,0.05304414345734432,0.00682395187960827,0.02647322786686157,0.006955615982086938,0.014055567793751278,0.03980704485908859,-0.001955755426685024,-0.0017497821797467505,0.015591067989025431,0.06463947091403477,0.030557311692243738,0.03220244423805818
2017-12-08,0.0073880891004112215,0.00205027938597957,0.006045463424585451,-0.0024130167967765237,0.01807409949416705,0.0005545792679033656,0.03493178853464873,0.01331075287295258,-0.019010416932312202,0.022533836746493785,-0.00496274069757352,0.01552259930628086,0.020303282727049954,0.014244209450219758,-0.0016752073802053236
2017-12-11,-0.0004953685024665644,0.0034436803956614526,0.022976354502483698,0.009171461981593465,-0.007489851591218621,-0.011363558791419925,0.015446310275792685,-0.0019523824770953935,0.0027495860543140793,0.01485073801051029,0.0034088095601538804,-0.0005038599799634946,0.014376746053965883,0.002507880770773463,0.004194768984695729
2017-12-12,-0.008031826555510824,0.005172495112309772,-0.005528684120040039,0.0010987344638277996,0.02459488072836913,-0.013736886984709207,-0.017652526370949717,0.007633960084041824,-0.0018691267887164242,-0.01652184371147658,0.02893440046646667,8.391371017357763e-05,-0.016613466718716552,-0.013866083680594943,-0.022974165504232147
2017-12-13,0.014494019067840203,-0.006679727128001467,-0.002084900175120641,0.004788480176344256,0.0032731009541480116,0.0008524607722610877,-0.009749632298090116,0.00038472338362982583,-0.00931061077168005,-0.007679700702379444,0.0019278694488620296,-0.005545420196072071,-0.012408078927597321,-0.013046298304095538,-0.026079559099647764
2017-12-14,0.009607013476373494,0.009315003042249081,0.004874616763622219,0.02114766718852601,0.002447132166234045,0.007100529501923747,0.020270045410952564,-0.0074285766737287595,-0.02492285635516578,-0.0047402025746280385,0.02209496308208614,0.019686056759625092,0.005702061945184411,0.007196823285625875,-0.0008777600606995062
2017-12-15,0.005318966278649029,0.009673385550894587,0.0038116439691384674,-0.026251816081534263,-0.007323077900521779,0.0008456579688012056,0.001324545391774068,-0.0035738559443324602,0.0018639119050523068,0.007678825304460402,0.026334509337057943,-0.007291478166003951,-0.004516597250654453,0.013051464289099757,0.01801395217815882
2017-12-18,-0.006698459395358403,-0.0061589613331207715,0.021056300540628126,-0.01347969403846605,0.00027294446946779516,0.0016909600424745985,-0.005290919337953559,0.010231185269577336,-0.0008716862459110519,0.02208911668134461,0.009909380633805753,-0.02107523161681113,0.016024661101846194,0.014394790530673607,-0.0006474172221675456
2017-12-19,-0.0018080124987123192,-0.012443494697520596,-0.01149429931328605,0.002732641791019841,0.011745806740061981,0.012939237771966372,0.003989232754664007,-0.004004371589954259,0.01213958073490029,-0.004340866318789605,0.0018788010543322464,0.0015773195887303082,0.019667471724284624,0.007804508642917707,0.010796801990245353
2017-12-20,-0.008469122214656788,0.011853132007228595,0.014021995035319534,-0.004845032054802245,0.015118800029776613,-0.00888615429222106,-0.0035949283653420316,0.006078075704748276,-0.002344385182155184,-0.00047415724046118157,-0.018128698546141186,-0.0008937650527517382,-0.014349603263570598,-0.01041950901178279,0.04785302751525977
2017-12-21,-0.002122999707172446,0.0061033127096188355,0.004215749836965044,-0.004665852404335702,0.0,0.009246203713578094,-0.0009495051511100305,-0.005764256196399753,-0.002675848074064513,0.0018018502345844567,-0.00180387642847879,0.016785123430481663,-0.00907542289038965,0.016789922601521123,-0.007339367268902275
2017-12-22,-0.0004949127003646137,0.01692676271439586,0.01293033004459554,0.005706740216796957,0.028723213501744338,-0.0019433238563868471,0.00018996236157931,-0.0020445350828569575,0.002947382646444563,0.005206254034549884,-0.008100337764509469,-0.012401999330728386,0.008490766728656451,-0.004757766656898754,0.0073936318484892904
2017-12-26,0.006138358943739597,-0.003608084007640233,0.004310366741541616,-0.00010128141107135225,0.0015511792311933004,-0.007232225367265088,0.003990919617615107,-0.006951446524717131,-0.00022114576673692987,0.019493453805113248,0.011831680543513468,0.0008909516628954339,0.027244432680118447,0.014693470923336616,0.03261976915066289
2017-12-27,-0.002164872950072394,-0.0013036407673503447,0.012215205591546985,0.019456804972280528,-0.005678806278501369,-0.005323761551885298,-0.007571259825869148,-0.011234851920470579,-0.0022021343454458053,0.06465915524178345,0.01694709919749493,0.01733631624975973,-0.015286808159420628,0.002494351235384107,-0.01954584727597819
2017-12-28,-0.009171180700685344,-0.0009667202574639155,0.004566323890836221,-0.01182892214893616,0.002076935224794907,-0.007605565985428386,-0.0011443702492088814,-0.0009754444974191534,-0.014593153897785371,-0.013708095807740683,0.012373422628357611,0.02683221022133897,-0.006172354918614675,0.017692826662002004,0.062424404236056
2017-12-29,0.0054242370417585395,0.008516782224816444,0.02029215710262111,0.014082857583051167,0.011398930452616973,0.00482519731892328,0.005346484387056538,0.01783291120519115,0.009258587928870465,0.004837926160685457,-0.006502070208029398,-0.022276054563256875,-0.0031994973833215923,-0.005229117226885016,-0.016868787001340535
2018-01-01,-0.010146489422954597,-0.008156954423244267,0.007318857260290246,-0.0018846994367324177,-0.014600219958963323,-0.002542207180668332,-0.0036087537408694415,-0.0009781453830741693,0.0061579821633079845,0.005077582010376336,-0.0041629477107580914,-0.001867361873722606,-0.003303882345256026,-0.013926821579969051,-0.01021774811763998
2018-01-02,0.0032501122861050558,-0.0037251138809052398,0.00679204418746604,0.021566455020894493,0.023394758030602203,0.013310654053078741,-0.00590925587110358,4.4500750495668484e-05,-0.017348212245323236,-0.0033095599944936716,0.0021004911709316954,-0.008814849809538505,-0.021500400702849753,0.0098312041851778,-0.010907850781229134
2018-01-03,-0.003090021634746254,-0.008157793867859198,-0.027455264736633178,0.010701483658504873,-0.017272146363805918,-0.010340856980124546,0.0015339622469789926,-0.00043892755885888146,0.0053481171305611586,-0.005418267526309584,-0.02913820511105647,-0.012961944432530403,0.003194178790878466,0.007746925176010944,0.017329680653216384
2018-01-04,0.0002999736284388099,-0.005776989468841975,0.005484850784224005,0.005967690461260666,0.03127420430147465,0.0002823079466998113,0.0015318699941395675,0.0011641451605262088,-0.011653790888931703,0.021351662370387325,0.03069681228876009,-0.013939570026095582,0.00926281624843761,0.034424066866617586,-0.003097032642694675
2018-01-05,0.002648959630205505,-0.003348355536479719,-0.00673835091215913,0.005549644397598641,-0.005263092876915287,0.002258614718695373,0.005161308215046567,-0.0015885110905100586,0.0038258471607499622,-0.004215596821511403,0.025966498696874174,0.031204099269087848,0.03250483402437987,0.01374540926532597,0.009514444636454567
2018-01-08,0.0030407752326286897,0.023765069987930154,0.005168797033805683,0.020648890441217427,-0.005291124020186944,0.0008452774610032687,0.010270037584108715,0.01074223911674066,0.01069107877361053,0.022202801593734556,0.0012939673817196073,-0.013040397044954521,-0.04379618485999093,-0.0025298952522787577,0.0011540551518822717
2018-01-09,0.003627773585205274,0.00511544831685673,0.01944383951694051,-0.004568194988647578,-0.0020261850877401066,-0.005347878293086805,0.018637182183209866,-0.020387291237403904,-0.011036022535218626,-0.008620715650740185,-0.007591121570719839,-0.007072078444365637,-0.012685123729027081,0.0046176834409681344,0.03688763911496307
2018-01-10,-0.007427518864952964,0.010467223751103871,0.02994963750305235,0.015453819304599437,0.00456831175600203,-0.01556301166394225,-0.004250581313561819,0.008664178418752,0.007065924699753312,-0.0023869518406443024,-0.013019823424786692,-0.00017058221977483967,-0.006669418518163939,0.0007122034285871326,-0.0018528196346382364
2018-01-11,0.015365408491332389,0.02238055986024845,-0.017141190381187776,0.017709039751105937,0.0,-0.0025870001599814785,0.0014847091824019554,0.0035236684603996427,0.010011189551921706,0.004870923464257215,-0.00018556813183745469,0.00021358485176703468,0.016488943806186374,-0.002458294937214167,0.004269438490403843
2018-01-12,0.005601056480056155,0.0024631824660823476,-0.007162795989036463,-0.001721993607109007,0.01440152082703472,-0.005763515632580374,-0.008339502152441391,-0.010801120806593456,-0.002806288167307436,-0.00765372832551503,0.009194579068133368,-0.00771936882160329,-0.010101919820317162,-0.0009080098236331491,-0.007208883346411232
2018-01-15,0.014657844738508619,0.0025035426438035913,-0.011919672779094448,-0.012710106742991889,-0.020672531412856854,0.002608598439153731,0.00018693468783159695,-0.004018096203399879,0.002453252012660334,-0.011997487778627414,-0.006495979674226771,0.01383939260479461,-0.00991075010021003,0.01720216155221599,-0.006330057582588755
2018-01-16,-0.004911697831550321,0.038570118833046285,0.05380948372205285,0.02556341366859205,0.0030517995452306046,0.001734369624138754,-0.022047812202060535,0.00214614852906303,-0.009004466335120864,0.0021683791451854173,0.015194886398481211,-0.027343239146201848,-0.01437065660516812,-0.022654605953338014,-0.034851322679625873
2018-01-17,-0.005952127797207107,0.02604992627816194,-0.018828092197473056,-0.004931395950809825,-0.007606440674526649,0.005772199702721137,0.01662207354426193,-0.001633593748631812,0.01548933532382657,0.010472462279292216,0.009377191264300366,-0.018741236804759254,0.005329402697227703,0.010773564902397448,0.01960789216233083
2018-01-18,0.018888111649593586,0.0005207401205038487,-0.001074635297636295,-0.004054808092050499,-0.008175828790565443,-0.01205176108729522,0.027626249000942238,-0.003311036977032278,-0.024906107844749226,-0.012077004884678777,-0.012179686380394017,-0.008217260800272186,-0.009802053105036235,-0.028746646577235024,-0.0472201240572484
2018-01-19,0.013425782364942629,-0.008024824174217349,0.011065015447260906,0.0004524599967046239,-0.0020609474223323154,0.0034855231282524546,0.004206354405502877,-0.007180424387483342,0.011432437718183364,-0.007976492941558222,0.011720709930736595,0.020556514083894584,0.005858452021885618,0.0016626700068917977,-0.0035970821840921596
2018-01-22,0.012776411210157379,0.005728447418164029,-0.02249573436538921,0.030023351312554514,0.03613848227557881,-0.002025933000682545,-0.003277973881237184,-0.0017772217798347478,0.0048887278169438275,0.007079278284804369,0.0024894117821656625,0.025802599757995814,-0.014460600948162927,-0.001062385709777458,0.006618490923136822
2018-01-23,0.0012567740881521683,0.02356496997290325,-0.019592594044472444,0.03292371354864709,0.03313410717434828,0.001739976083061201,0.010780101297789502,-0.00877797474997033,0.006181562696093934,0.005554161561514004,0.00955327701951636,-0.019079188581303752,0.0028529791148734773,0.03662603470977266,0.03466820295478423
2018-01-24,0.004323859722012324,0.007391322721352234,-0.0041238035154579356,0.025329051985100604,0.016879461918976046,0.007527314495749948,0.017534125632055142,-0.000894896189354677,-0.003631355953785609,0.012427723251045242,0.015473637395893913,-0.031138072449379717,-0.06624653080220821,-0.02263537681717276,-0.0026956949514430617
2018-01-25,0.011341525209380032,-0.008770689275263699,-0.006370517838721224,-0.007792112296301501,-0.011145186227583759,-0.011781311471582234,-0.0007104920634807277,-0.013453039436881364,-0.0198442777654404,-0.011422664260994031,-0.020180459402334594,0.020615608694975363,-0.014798762317495662,0.009250546490630063,-0.02066045431332786
2018-01-29,0.02082668710189428,0.006380847330204276,-0.002564371129471943,0.010610490699073383,-0.016067088805807206,-0.005234253769422437,-0.019911026641938334,0.005353135931409403,0.01437659321643503,0.013968975203590528,-0.06007373045025455,0.004410273108010676,-0.026728470854802122,0.01820203565218348,0.0017744605552667547
2018-01-30,-0.02425794245975288,-0.010355592456846585,-0.012373471007988801,-0.0030589112500513105,-0.0017059879666176947,-0.004384569675498495,-0.0016324870444690553,-0.009952295082737872,0.0028772300535724327,0.006803139256905011,-0.021615577591728163,0.0011855660687338787,0.006487502032548109,-0.009321444147095681,-0.0005905257980352019
2018-01-31,0.019208531645961147,-0.0174265308878222,-0.00522366599239199,0.016087613712831406,-0.006591960874537173,-0.0002937956851917223,-0.013808123099130709,0.0017769230642805667,-0.004558550620788693,-0.020356338046876976,-0.03503672805159419,0.01995545158629808,-0.0017023370760418377,-0.046173702168941566,-0.014966506910685018
2018-02-01,0.010821248528541272,-0.004911777052116095,-0.012963615499215875,-0.0026113659449518156,-0.042025120610714506,-0.0070482469873736076,0.014370022702100194,-0.021193653871166118,0.012029946768991717,-0.04414562051376236,-0.03028735594506815,0.047944505046832564,-0.003296499391751695,-0.011772215418936804,-0.02039181335465845
2018-02-02,-0.03122352580112331,-0.0011795630098043741,-0.0004986905356562099,0.013746750774153993,-0.011287745329225052,-0.022774522412579157,0.00018150960366347668,-0.023991778759535842,-0.002963718649106717,-0.005592693029770279,-0.015941135522713035,-0.05055186668699929,-0.03661046574323712,-0.03774666479807953,-0.08816335531109165
2018-02-05,-0.021824188967193403,-0.004417079618890152,-0.006154308116620988,0.015497598396869705,-0.020498227255808188,0.006356183593946962,0.014163716993321973,-0.00010513898763553353,-0.02322042979992356,0.011339216141195152,-0.0033198575203959857,-0.023682996669334933,0.04226353928428073,-0.00954598806057616,0.021933926233106193
2018-02-06,-0.026782937584636457,-0.02675294344967183,-0.013723981555606724,-0.035529756889098096,-0.017483587180163518,-0.005714361206123453,-0.020590696786568885,-0.016594909554742077,-0.018682118466499253,-0.010135443864810023,-0.00982754540364883,0.010048344805254628,-0.0023851942131583037,0.0006777944737128561,-0.012483614207661753
2018-02-07,0.0024183169637554958,0.0011736171591192335,-0.01798729652474851,-0.005933774747729714,0.024535075135205586,0.017715332128491967,0.006033003480792942,-0.0013253973790703366,0.004414606311691438,-0.004168215805345543,0.007491537657944303,-0.007187540395868219,-0.02026643817949103,-0.004063137166904762,-0.0008871290992186198
2018-02-08,0.014908731613177295,0.02272194690172613,0.0015550922902998199,0.008539249258669779,-0.006842102965003316,-0.01057716435217071,-0.003816220295063455,-0.002997274860208954,0.01704226994858926,0.06296650273558146,0.032703334155322894,-0.0007943797604293978,-0.001045889838972136,0.01458126370512769,0.01820203775915097
2018-02-09,-0.01877807865998471,-0.022129145601503697,-0.01656300746076389,-0.02137261399679713,-0.007154327494314661,-0.0027490422361866607,-0.010032941365578085,-0.002340127733515107,0.0028411928718632407,-0.0023967588327599154,0.006122689150972249,-0.00804023126957365,-0.016984633690814155,0.020627058002053333,-0.00130795774363468
2018-02-12,0.01061040696825244,-0.005725016058884869,0.01385945892575191,-0.008232059835254546,0.019482636349605675,0.010107454806249638,-0.00552777281141692,0.0247140528661427,0.02830133369404919,0.011068836627477374,0.004763464543936058,0.025697012662567742,0.004497113945916453,0.04056617188935796,0.020519472449517462
2018-02-14,-0.00047931696117609057,-0.004579165899942228,0.015573775273636015,0.0358262766488493,-0.027487073864217115,-0.01182559848830056,-0.012414387468334787,0.017229416489837668,-0.001749591315312271,-0.024357214624556756,-0.00950448680198357,0.03495268218436265,0.024505178392582927,-0.007151797690877593,-0.01197866275091497
2018-02-15,-0.00028786074438014175,0.015212913561477581,-0.0032373762393679284,-0.009566424736078827,0.013727938859718902,0.0015344029226371791,0.006003714108723912,0.04380613269552769,-0.001763256365793553,0.0016525059155596544,0.005725279962425889,0.013551081447582325,-0.013454530840710133,-0.01052270332155869,0.0008659309161287432
2018-02-16,0.007724349629620875,0.012203528860435409,-0.005128099127830521,-0.03516918433316252,-0.007434787916077212,-0.00245097739188338,-0.006154268819938413,0.0012726377761014263,0.005508982148953789,-0.0008680393179120172,0.00808365644286635,-0.0547207620337441,-0.02156432581075529,-0.015416339247175004,-0.023793997601749384
2018-02-19,0.005713340156578539,0.003279934701245546,-0.0036085663616365338,-0.02036440167246467,-0.008560779458307133,0.000614173165541132,-0.008819763718488804,-0.011346473604767038,-0.010173404979233691,-0.02407651355158147,-0.027805989905147932,0.03884027524851619,-0.012747137666583641,-0.059296957188806676,-0.009971338192498735
2018-02-20,-0.00984656865219602,0.0045946422034151,0.005173587495579612,0.0030568769034111654,0.009174273267164024,0.00798027022361869,-0.0032184705470569286,0.008785860133067924,0.0001689051438193978,-0.0033844868642670667,0.005413621551622061,0.011001585975975114,0.009050143301194247,0.0037758398231941825,0.007609682750161273
2018-02-21,0.008844703245881158,0.009191143974203397,0.0025732482740388196,0.03657303626609698,0.01684477652994887,-0.011571166208088401,0.018803466050041573,0.0032878821141477665,0.007530356609350974,-0.06032166927729399,0.0010398092067354092,0.009964501678268789,0.003707379409745748,-0.01589117868454104,-0.018214168927975893
2018-02-22,0.01653956832803627,0.011635164190046954,0.0015398477428334445,0.012432433484464989,-0.021298805525263753,-0.009550166163767249,-0.00410151044267848,-0.007140318133802337,0.018051308833397783,0.029862007143008906,-0.019599192307461988,0.0291034449368337,-0.008459423700589608,-0.005304545445266595,-0.005203425268283213
2018-02-23,0.007785630097435492,-0.0043938072328642,0.008030317983235058,0.03128106672349529,0.019881762040222073,0.017418252833919512,0.0073005560995349494,0.0052363349536030945,0.021839787104074082,0.05208268568937435,0.020532693824909076,-0.011914071433561935,0.02271084668443768,0.06305377906755782,0.024107249275797882
2018-02-26,0.02248229160854498,-0.014753569082620821,-0.011525525486630106,-0.014482080675340403,0.002898035919215225,-0.0036686751559349418,-0.009291879359924038,0.005598339665884522,0.0005741650381885233,-0.02405013563070224,0.012343910543918701,0.0032073296205969992,-0.005639798551272723,0.0036149767674518163,0.013324448021254431
2018-02-27,-0.010948755929359621,0.01018776104190966,0.0005144928988418673,-0.0031022372396816156,-0.009719246342111076,0.015955644913188127,-0.0005625720275715951,0.017665017563864405,-0.0025176215996316476,-0.020055624862806654,0.019236070835947583,-0.03144330137373341,0.017369866604423745,-0.012422861159312681,-0.02498364595095892
2018-02-28,-0.00228722907770873,0.019475039620987955,0.0035989049825451147,0.0034393158881134145,-0.0010610226192054872,-0.013892920768530659,-0.00506776304184442,0.00021888459044583364,0.00848107601428616,-0.01734600833269606,0.0005589398440810633,0.0053063051507640235,-0.004529916757570973,-0.00022319742649179464,0.017082696757081406
2018-03-01,0.004722386245334054,-0.01010566073847563,-0.0010245383340609093,-0.0012241073308544292,0.007434982294699299,-0.001531124294496533,-0.003961642127775722,0.011305743713203364,-0.01009165778457588,9.361372361138542e-05,-0.0025701217119856734,-0.01625056776739331,-0.0018666062753192048,0.005136923660045589,-0.008618869588995826
2018-03-05,0.003924432637935071,-0.004178465818444832,-0.005299222743780807,0.03096919145529653,-0.02187657932773912,0.0018401819974696032,-0.014204306466144234,-0.01724972777761158,-0.00837383315021134,0.02456109022567987,-0.022720053138812535,-0.013180905643069951,-0.014728287919754779,-0.028368374300964505,-0.006241595205361827
2018-03-06,-0.01595456399425621,-0.003936450962572113,-0.01374783507480093,-0.021558203115162766,-0.0008081719592143433,0.0003063757817094448,-0.014409406098035427,-0.003260465525111056,-0.01575773639007827,-0.030626242249594093,-0.001994731459017185,-0.0060795980379976244,-0.017914148797073648,0.005869781258147855,-0.028488148531091606
2018-03-07,0.0024481678841026255,-0.0062969664898933075,-0.005575992707479771,-0.013284800976652633,-0.021035849578832866,0.0009183872126867776,0.01325541966243704,0.0020290839797458826,0.012331157875888454,-0.012976144701505432,-0.012336552116976152,-0.007279564283999562,-0.025851784792669585,-0.018264450456809578,-0.005079702941722997
2018-03-08,-0.002580462176514753,0.010969482368817784,-0.0005256829684310294,-0.003037497704011516,-0.007437799479351304,0.011009083652876672,-0.004040057217705506,0.0007268597749119365,-0.007431191986165819,-0.01952941822205223,-0.0028843298444471976,0.008981927843160875,-0.004712200806932243,-0.018218263782694977,0.01369236164480303
2018-03-09,0.00013863091290478025,0.005836103356715583,-0.0005260382635898786,0.019763007974864966,-0.0013880051836017149,-0.005444790587853521,0.0015453949384423016,-0.0068353423569423866,-0.0013613992569178057,-0.015157356202910366,-0.006298402968164529,-0.011739936962109065,0.0021181081012493497,-0.045840576054478,-0.032280271964222784
2018-03-12,0.016767614970347067,0.01921070953883164,0.019821145898810677,0.0005651893347522474,0.021956759102900625,0.04105861632392349,0.04185152264329739,-0.0050080952248442445,0.005163452153798431,0.011542961887633485,0.00868591381592898,-0.01688352022039985,0.04824058662395858,0.02661723864538401,0.03004506803172835
2018-03-13,-0.015173561359296373,-0.0016446553576595635,0.02029581491983312,-0.0006457375147118638,0.011013229160493632,-0.010224972297852353,-0.002406461880211541,0.010664192919404902,0.0006471738308448938,0.02077457407370531,0.015406724968976215,-0.029876595849465892,0.01126795329929764,0.009552047311274903,0.010105434391924462
2018-03-14,-0.0019835426560901315,-0.0025342408326579635,-0.009271769683888098,0.0322215395388914,-0.01633985598179144,0.0017708066837061054,-0.005195766846713523,-0.006818048400283994,-0.009486819164508331,-0.006115033564724315,-2.2886428994062236e-05,-0.0052469292486635455,-0.008679351184466944,-0.013198620994281707,0.004775032333998563
2018-03-15,0.0036051705146296076,0.0014398651735725299,-0.0015312778414152683,-0.01134430349182225,-0.0016610080821669593,0.0011784755057799856,-0.0093265424057547,0.009427634544012298,0.009225385809056297,-0.007017851871900405,0.0005958781638333299,0.005366326987792602,-0.005087524669425525,-0.014180895262380755,0.020366593907658048
2018-03-16,-0.022935634067546062,-0.008964086101794666,0.008009405219599586,0.004510875878102283,-0.017471273003186627,-0.029723078890345977,-0.01901728687909976,-0.0031740424300327197,-0.001571354897447086,-0.025946479820147306,-0.018600318978887365,-0.02221721471439031,-0.008800112661567439,-0.018880286412863656,0.0037702071244676283
2018-03-19,-0.01107692539454419,-0.0214608349215496,-0.024006688258150555,-0.03907364128001034,-0.0016932886896329213,0.013041952898971587,-0.00518245637706749,-0.004164438434668627,-0.00926879042059936,-0.01073455562583192,-0.010410059594373244,-0.014417012032105103,-0.041031602628866515,-0.04206934643578797,-0.052805940563429576
2018-03-20,-0.0035272355948327005,0.015522050267045895,0.01714874509536135,0.03853072129979673,-0.015549809995375807,-0.0035927355758429425,0.00019299393986926816,0.023247068798215142,0.001972903394025227,0.02230491242469812,0.017595496732272453,-0.012686978755955591,0.0018764980488872318,0.031393946974414444,0.0048985136763910475
2018-03-21,0.005548664475942822,0.0025331505605297178,0.005619951121207611,-0.011919747551386362,0.00832853754840035,0.023737839716569287,-0.0005786109829675201,0.0015046338398756465,0.0019482052965371643,-0.008353854814344919,-0.007162029408739001,-0.013761113750942244,0.04445557824558377,-0.018128167573186693,0.0030176714724914344
2018-03-22,0.0018552582790982708,-0.005310335792395704,-0.02303145671190865,-0.010865054254538653,0.019082745327566375,0.003522156514978114,-0.002895248373783188,-0.0015916609828855455,0.0007757940196666535,0.007730499565518301,-0.015595321063087586,-0.005979884298623173,-0.0062171629619401925,-0.002318469698474046,-0.013191432905337308
2018-03-23,-0.01353232018942685,0.005424755045713825,-0.013173817958203937,0.006946116156357984,-0.00838456658811948,-0.005264545627182038,-0.008904421198754342,-0.005987729682088494,0.0002997566115465755,-0.011801712157346489,-0.01707534024394397,-0.013645579692612264,-0.006977695774906034,-0.02478920359350767,-0.0478423276876343
2018-03-26,0.000529673081809845,-0.01057722593201571,-0.03741433189319088,-0.004732470151768364,0.008455461972057599,-0.0011759029690247003,0.008203122540401342,0.004522805933812268,0.003791451393468037,0.0015924374182352263,0.015297051070791268,-0.003272627680445561,0.02132287639468,0.02656652499290435,0.031773323607572124
2018-03-27,0.010102441400547502,-0.001082101976876526,0.00018234947329887063,0.0020147817346460872,0.003912896539733479,0.007064679718297828,0.003099684410751591,0.036230316977882815,0.021984295100770934,0.0037757385540517774,-0.0007366142264005893,0.024675290673754624,-0.01969158324995479,0.014530272839151648,-0.006002380897385917
2018-03-28,-0.0019526712130937263,-0.01923748095074207,0.025907931535048556,0.02742707549546841,-0.01002227724433169,-0.007892384262707997,-0.013132367051505334,0.011198756316576297,0.0011682260152339197,-0.019798115445032516,-0.010416499615731434,0.033791336377764436,-0.03509198566087057,-0.032118698513090016,-0.02777779540188463
2018-04-02,0.046526065279393514,0.0047271146026517386,0.030232877165701,0.0025051175677053283,0.01209212282962624,0.004124848211589649,0.01076305978175962,0.012847799057169818,0.02745141372918325,0.025752316996557223,0.024777107396942055,0.03151258081107078,-0.009029316846072888,0.013571556528012119,-0.0012422155552339609
2018-04-03,0.006155709132619647,0.002901826979948341,-0.019851509806527945,-0.03802897677226735,-0.013614792413224608,-0.006161855598339594,0.0009679857314430773,0.00421257187447277,-0.0014195533866652177,0.004233606395015244,-0.003376946427535499,-0.0021397874269404316,0.01797011956172856,0.0015550826101007331,0.011442793302641752
2018-04-04,-0.02265938106759946,-0.014248659622732585,-0.008101350362285098,-0.015667133034347525,-0.011831343439535624,-0.016533786833059394,0.0003869584270850268,0.0008507289328121281,-0.014784804433824128,-0.015195930650671707,-0.015765540000869604,-0.026372142185136727,-0.01777710097231655,-0.033034447095848574,-0.023118533894871063
2018-04-05,0.037095472673899677,0.02077022638084025,0.016512624291445066,0.01822556291238886,0.011687866521200352,0.01441029522067061,0.004060193258931255,0.003975633764640385,0.008647600347851503,0.010552283021615594,0.009419601383545473,0.015698718946953294,-0.0029111562755615994,0.03550080808613476,0.038519596442948556
2018-04-06,0.0008046652862394588,-0.017907304534269808,-0.008034920481124752,0.0013766968376585087,-0.002817715792105102,0.0029592297045706317,0.004621641623038464,-0.0044488583068956755,0.02178436557897978,0.009949690797449007,0.006489597961585769,-0.006828077418793876,-0.022721407008498562,0.011628964137828435,-0.009212064944365328
2018-04-09,-0.000848705072653333,-0.013975672352647628,0.003873883679006207,-0.005418908706794068,0.008194329261810296,0.0011803615079093444,0.0189763864137511,0.004228953491625109,-0.002964104197612727,-0.003413775220087012,-0.0016708913215726096,-0.014122582685877516,-0.012079455262786087,-0.0017881720850723148,0.008318971095811145
2018-04-10,-0.004113642809090989,0.0019351566446139667,0.003332777187113445,0.018866307080298572,0.010089896174707569,-0.0073681386678795535,0.0033861358952136378,0.013940285251028195,-0.0055493059863001015,-0.0050895398416015425,-0.004313364621560956,0.023748931165840093,0.013804864871213685,0.02687021721873184,0.03324451260301475
2018-04-11,0.01117948707335592,0.009744776121691556,-0.0010488979616470884,0.011014666453395439,0.010820919677857477,0.0005938976680952557,-0.005811765093011401,-0.0026766902309176555,0.0002143947146566738,0.02597151967004896,-0.005397391652117167,0.021402965100566274,-0.0006485908349239677,0.010217660786801197,0.003053041320504102
2018-04-12,0.007548152732204105,0.03411161296846643,0.004025115335111185,0.030709234659933138,-0.0021955458966679275,0.005934636524353554,-0.012068647286468948,0.018946784406849604,0.005354785980629773,-0.01064346599980337,-0.019136603123887652,-0.030237814659619056,-0.013236297509299,-0.015870449151475285,-0.02177487607023787
2018-04-13,0.014542610906934428,0.007612265276861763,0.025448885736623295,0.0287225843430583,0.004126378086752203,0.008554451693818965,-0.0045810616121634284,0.005852791272409563,0.008919597566744208,-0.00562129734186656,0.014292711432281058,0.00590165721292113,-0.006049535020591468,-0.007269371405794867,0.006462536010598541
2018-04-16,0.018243372756769904,-0.03265186638449025,-0.01444848157723655,-0.004243651633799361,-0.005479426183982672,0.018426238368610903,0.014189880588603376,0.007125118092416338,0.019860299026259298,0.012475622832876843,0.005981005326695987,0.010579041640541575,-0.0033077520977811137,-0.004124235434310397,0.020213930550263326
2018-04-17,-0.006185499437949993,-0.007059757607980943,-0.017764817588794446,-0.0005980278074887435,-0.003856445491462579,0.01637013927670883,0.011911467020921052,0.030196348196954714,0.005600185789255363,-0.013958386827602864,0.0014743915542336783,-0.009462604657482054,0.014336919602989662,0.00752199403040521,0.011188795453548783
2018-04-18,-0.00935736577876145,0.0006667110359055428,0.027743576195656816,-0.0172081377973341,0.0071902491548343495,0.009042233523269605,0.028961095068557263,-0.00425454169739381,0.0036596995112279096,-0.00029285345961205245,-0.0018523053618543228,-0.006783738595513844,0.0057584474985354905,0.009311360160207727,-0.020285754725049787
2018-04-19,-4.3274477159460645e-05,0.006128042052209404,-0.0006832221574106789,0.012789336720357092,0.01015905970873865,-0.005600735156366499,0.007263619734188653,0.01897424224277655,0.006369061514856611,-0.0054687369943684505,0.016487109799424804,0.042654153154674246,0.028887497670453177,0.0338264130042798,0.01341175928888827
2018-04-20,-0.0009099351913357534,0.04025245725218629,0.0191485255759809,0.05306704693364961,-0.008698012933779586,-0.01802286020333621,-0.004146527592905569,0.0017988649270990198,-0.013612429132041526,-0.007659209986882187,-0.006740690452789133,0.010694894535246746,0.01682035713601371,-0.025323621903745486,-0.02136058869233559
2018-04-23,0.014008651424315621,0.00784941120690652,-0.002348555887734749,0.0021410640637173906,-0.007129066423532615,-0.004301936641341264,-0.002534394514612792,-0.028012601691772443,-0.0017474091920659518,0.01771232114994925,0.006432961993668274,-0.0015869381794652027,0.0021145090002190337,0.0006598194345841524,0.006168375317898933
2018-04-24,-0.0025662613490967656,-0.02795309535676227,-0.034975435326885074,-0.027493013327424154,0.008837267567934903,-0.004320235564212016,0.0018149162484493164,-0.009353962642859703,-0.0029831978516666746,0.006903226220914549,0.00683664926155414,-0.022390233483145283,0.008439923038446873,-0.014919230209102463,0.017920425201612522
2018-04-25,0.0015865851850631607,0.005067047995362506,0.0006966368278853441,0.0054199256092681836,-0.017519972700259512,-0.0057852839003340595,-0.006884009066739694,-0.00991825421316872,0.014743711678338878,-0.007242215393637896,-0.014952401013301975,-0.016804406247746484,0.03347679576526352,-0.018994107687449358,0.013898462535156364
2018-04-26,0.01528451786784446,0.013875150000130398,-0.020198501121012735,0.006847044067083585,0.007523310597816746,0.0008725988274480567,0.015140319141889291,0.03530804881941996,-0.00035340797067529017,-0.0028207963357668175,-0.019428787211779208,-0.010429687176166436,-0.025366183970581657,-0.013647283910427022,0.0011423911118386698
2018-04-27,0.0025723620589392926,0.0074375550587055805,-0.018482024091434512,-0.029807260942135927,-0.0005533011804091936,-0.0072673981782431785,0.004133035998479695,0.0020735031769549828,0.016256040521178017,0.02253237298979327,0.010063324962904296,-0.004178518329421066,-0.0010996050783032008,0.020062308084412006,0.014833463709085226
2018-04-30,0.01880132687268765,0.012065443796869468,0.009415020684835795,0.000149198134073103,-0.000830377892300671,0.00819918595326996,0.007336936750981904,0.03695215786207662,0.009604858700073438,0.008108347786264014,0.005768056811244815,0.017343999349420436,0.0019572870981481305,0.008731782084626216,0.0033730045050179847
2018-05-02,0.03777548962541677,-0.0020423782653532507,-0.01147988484315099,-0.012004462937537097,-0.002769069693104198,-0.01016565066249453,0.02060792889097618,-0.020784229201117888,-0.015988842745189413,-0.02498118574008834,0.003957821853455279,-0.01003645244305107,-0.002686110619839255,-0.034372620105511564,-0.032496615817341534
2018-05-03,-0.018538368439712016,-0.012113129432985592,-0.01487915134937745,-0.014489392533279633,0.00583175556866089,0.022887593562120223,-0.007833122626823896,-0.011150615359186489,-0.016211926962147905,0.0403726076798554,0.001368994063712936,-0.009953392128195682,-0.009915580345211117,0.019060041031347508,-0.010423960986526315
2018-05-04,-8.11508548927975e-05,-0.00799150260972803,-0.005710241332111954,0.014855756722949032,-0.004693506668077441,-0.019506644302297205,-0.027543768375192124,0.0014011080770146567,0.008881196883350206,-0.03367523466270028,-0.006836070940886563,0.03001975677835622,-0.018916845511765645,-0.008027951322081561,-0.010767796954857745
2018-05-07,0.009404484387718792,0.00843942844449308,0.017969667712540716,-0.007922697122176081,0.020249196398377745,-0.002340474062345499,0.01840162727049699,-0.002052172982656253,0.016380281603556313,-0.008205343496746287,-0.017611367824288293,-0.018612708450844284,0.0037807891634069613,0.027033950499073756,0.020823456415463237
2018-05-08,-0.0025701885524826995,-0.014750505416462611,-0.007279303770555634,-0.0061609829127091675,-0.004349830202099558,0.005278365723415668,0.00159423432730188,0.0027493943725538372,-0.005116047288863945,-0.004380125911014887,0.0026334660340374683,-0.008603863716746263,0.00728177270586472,-0.0001677731843041652,0.03129340391744084
2018-05-09,0.007488856325177151,0.004418257149357174,-0.009165933129420711,0.0011481057711200116,-0.0013652523627165625,-0.005834372189252202,-0.0014147799963650787,0.0003346494819205237,-0.007934612274305142,-0.010362599251077631,-0.005108571998194478,-0.024356310007662363,0.0032409278871943226,0.011402771232983833,-0.00472018761194104
2018-05-10,-0.002917300278374668,-0.0023061997737351403,0.0007401012189671707,0.014523634381030437,0.029532284283999344,-0.011150003480529191,-0.00761597964715599,-0.015261912581357895,-0.002786129553570049,-0.017682443514189905,-0.036209818976817854,-0.02042081710953536,0.02397800344133527,-0.014921571803385714,-0.03523024901569305
2018-05-11,0.015871750965861464,0.010916170323085339,0.008134510879727497,0.0042949897542694515,-0.003984092565383013,-0.0062314091058571774,0.012493301237878507,0.060284495101123436,0.01694054986064275,-0.05058337474501007,0.00045225975075613434,0.020260904498045296,-0.06187829724602756,0.022048277024166785,0.003043036294316126
2018-05-14,0.003393101598695658,0.00724090370221786,-0.0011003385428773882,0.0012002798728616426,-0.0013332144711647453,0.02508193220415822,0.00405411559624147,0.005082400731802883,-0.002482610511196137,0.003707304551013202,0.013690084857890028,-0.020288936919928058,-0.008923805475348878,0.005104877827672993,-0.03640603493583561
2018-05-15,0.00963333642262576,0.00441465712886191,-0.004956895271155726,0.005095585475219044,0.009345796798459372,-0.009029956361406022,-0.010357822992568488,-0.0006475307945204012,-0.001701974911066273,-0.010869562943707667,-0.004584425982307572,0.01768071588484088,-0.003132046883989714,0.02555910137273787,-0.015257934283276486
2018-05-16,-0.0019081764294852643,-0.0038509871504267545,0.013653110426220527,0.003056891129445072,-0.014814920613949734,-0.0005878887863278726,0.0141918124727054,0.011110669053587596,0.01602250733284105,0.006508010558651911,-0.007244171407592259,-0.011854380468470649,-0.01727967915569173,-0.007508530203741648,0.012788916062790756
2018-05-17,-0.008350262944820108,-0.00592470925726285,0.013287328935805975,0.00460823257930465,0.012889459705681894,-0.017058876929481492,-0.02413881335129575,0.008085836911079669,-0.011809407925105875,0.017277779085129952,-0.008425499770176703,-0.011316800737412924,-0.020647368232153962,-0.01762582279294611,-0.0021854591302000737
2018-05-18,0.018651302611753184,0.00025355787955549935,-0.03395016221190206,0.0253771991011551,-0.018822912531926694,-0.002992291595027563,0.01200956476222692,-0.0023027710689168535,0.021965778720998808,-0.031155490013025866,0.0024531212875438246,-0.0011299096300050326,-0.017002363224183914,-0.030968335147676385,-0.039669099482946946
2018-05-21,-0.013713031585109947,-0.0031268583655480464,-0.015061311195744942,-0.010967581158154216,0.0037829187620019855,-0.013205268257352465,0.00017708814120109828,-0.020359294093374114,-0.013480620517916209,-0.04549348372902429,-0.04487899151347807,-0.03260712220617845,-0.003735941639447349,-0.024349004168444766,-0.019006443179411803
2018-05-22,-0.010927077175803546,0.012166120214552656,0.0003775531298466639,0.0015322138268323293,-0.0029613790625536707,0.004562228816243241,-0.012750229487955456,0.015590932676190272,0.014995690303798215,0.02084478127054057,0.06156736195633994,-0.015454958186258416,0.005138998530055616,-0.0003466053129630442,0.025316477169545992
2018-05-23,-0.005820839275086476,-0.007496860084915791,-0.0056613292200748955,0.016098470522040387,-0.052915964060396004,0.008477055813616019,-0.01901337807415804,0.0007316510073231974,0.01985956036156522,-0.001655389829391063,-0.027493083171335697,-0.0044923941422369,-0.013956029761697852,-0.06371356021799257,-0.013101551125904942
2018-05-24,0.016011480834930758,0.030466818011923857,0.003416290974760594,0.019929595628057406,-0.043899236948147125,-0.009006218979601521,0.005119763947557976,0.002494201717325062,0.00043719262654118296,0.023438291552220436,0.009517138529883562,0.0026971230514134525,0.042320661401358706,0.015091230866319805,0.002808090956664566
2018-05-25,0.01599412645788223,0.005978822722767729,0.0009455404093754449,-0.012089786110494938,0.04621359295860206,0.0015146528020433259,0.010383350863732987,0.007185760329184276,0.01911464894223358,0.007777971364999914,-0.0025848718487400113,0.028296637658335566,0.01357888963706344,0.03657416746386022,0.03207740197050768
2018-05-28,0.0010033532059399164,-0.011316515780000147,-0.004912912973112471,-0.03913189018862784,0.0008546757280747386,0.01451903871418847,0.011017278523163476,-0.007781311805306501,0.002651197847926001,0.07128323347835219,0.013568163145477152,-0.008803731249530045,-0.004775201147041774,0.014782262615198771,0.021707102052188176
2018-05-29,-0.009944703869212979,0.0018939885306306081,-0.0011394976837441062,0.0038505166760347542,-0.00028460287467435563,-0.010435177020750808,-0.004540422285347234,-0.015193174308275492,-0.006477865899226831,-0.0004003760731926542,-0.006943907150385176,0.02004781611464379,0.010662378308829101,-0.002254511944131621,-0.009174334471336087
2018-05-30,0.014794405559935164,-0.004109799169251138,-0.00817479046635372,0.013867245530047922,-0.008829525626150136,-0.003916950123892593,-0.007845345264160142,0.0018661501606458408,-0.0026274086874970015,-0.009910036050263638,-0.009542176681180958,-0.017165715502698742,-0.00883554227387906,0.004432207390549836,0.012914192571149119
2018-05-31,0.02405539242352117,0.01658869378358374,0.004025227030783229,0.03652235557096395,0.022413888395221182,0.013611561027043528,-0.0009195849967003067,0.013006148965146735,0.02316148494204051,-0.028712910706200412,-0.012845200616504848,-0.037766629109265426,-0.005854217276687335,-0.003893425577217502,0.00986282980621711
2018-06-01,-0.012437949844558704,-0.008930330907274686,-0.004963732740752014,-0.01572267650928194,-0.026419460460566535,-0.019098828944872914,-0.006257802252220501,0.025331461697190027,-0.018821725527670252,0.008327202568738201,0.002478538265923813,-0.02446471406819284,0.02703430135938123,-0.026057539752524117,-0.014054440298212678
2018-06-04,-0.010660440421073614,0.015236035064779552,-0.0017267400457158244,-0.004064677020856,-0.01212445284347441,-0.013994356522461837,-0.003889667838045008,-0.008238451369146471,-0.007957199190979147,-0.011871454699789563,0.0281241577306095,0.015154774225571321,-0.02971072583772505,0.009810175324503678,-0.03769015632625372
2018-06-05,0.0005753886377299899,-0.01496724717208664,-0.018835369678245395,0.004224524495120674,0.0005843168265002863,-0.0046283108633973224,-0.005206556880268498,-0.028659585998363823,0.007908158797556686,-0.010656249296787546,-0.016332934120648845,-0.0014343530995627463,-0.021487904733247576,0.010509528489088149,0.002008684653243664
2018-06-06,0.008430961448754548,0.013597425289039622,0.01567099866712418,-0.013547108565306276,-0.005257047461321607,0.007439467580372172,0.010841088056092518,0.023563955943237236,0.011210039407210326,0.03453004135715321,-0.001502358472457166,-0.010321417419461021,0.042409867396027146,0.013371732538243863,0.004760682082247891
2018-06-07,-0.003990231826536572,0.012121714194119448,0.020636315882876843,0.014600722907073038,0.01379927849990148,0.0,0.002404022182730614,0.0027768645080790133,0.019797629492981583,-0.0022454720809149675,0.0022954182918404342,0.04370509524995381,0.0005266658831448723,0.0385510659610635,0.012718108765224834
2018-06-08,0.006028438188370844,0.006068043202603901,-0.002267459090982804,0.007266512760017996,0.006081781640236983,-0.006461262582849958,-0.011621405226826087,0.010360309176520088,-0.012622482734888751,0.08081843831707869,0.049848484386009195,0.04908560506030413,-0.006316569778049619,-0.0026574108264741936,0.013543482031000753
2018-06-11,0.0037925875024678035,0.0018650954143126786,0.0015150747640357842,0.010255349062259445,-0.002302906631299839,0.0018580805701351455,0.00503916441170138,0.002821100466306792,-0.001216664963291425,0.014103210661479348,0.009840635499821726,-0.018656702874533804,0.029797556519159052,-0.019733521801169718,-0.016277974865139266
2018-06-12,0.00449603544719257,-0.003089529979456662,0.007753564318047967,-0.007140975321191512,-0.010963725382955425,-0.0027821833431188603,0.003714134812453862,-0.00831928197748144,0.006116269491373005,0.008866894276249315,0.05157920472430044,-0.01701012095395049,-0.02096209584563058,-0.014694595673466537,0.013089615115736697
2018-06-13,-0.002745675797574121,0.012952246445516291,0.008819429366369924,0.006628029513348954,-0.008168016846908266,-0.006509717977243867,-0.00888077608869109,0.00028482037640675806,0.01186391122346242,0.010824384735575343,0.029968172746245303,-0.007329096949825531,-0.013135515335579218,-0.02137937874091711,-0.0004874629960356369
2018-06-14,0.00528022172387721,-0.0036970134009735034,-0.008928287733383167,-0.021014376665339785,-0.008823451433516705,-0.011544332762265519,-0.002240046761344927,-0.008162985230553699,-0.0025594319683402977,0.023704874099755857,0.005806008966032561,-0.005434616062392483,0.0022629265960034672,0.003435602872277066,0.0043901874933032214
2018-06-15,0.005515480748566004,0.03351622226314577,0.0018766971816976952,0.012092474721251412,-0.01810094814558405,-0.014835880456912864,-0.01029004043715731,-0.001460628024206101,0.02246871396967509,0.021546710610338637,0.03545003344639275,0.06531595253948774,0.004648034287616731,-0.006232952483149701,-0.02938322292950868
2018-06-18,-0.01843284893890773,-0.01080973197483337,-0.0043088065312435475,0.0046659475446506615,-0.005137467985515509,0.006087905329939636,0.00018889650413655978,-0.012722601528334376,-0.010201274517055214,-0.0021004924048266815,0.015320168241365506,0.019066038198047197,-0.019431558332794086,-0.013250945789787472,-0.001500969773350458
2018-06-19,-0.009161470493990409,-0.020357058332755584,-0.01787384190297292,-0.020828796617160417,0.0012150023318966419,-0.005414125142176651,0.005670139791864814,-2.0574065755951665e-05,-0.016043702937809434,-0.017803801454316703,0.002996656838154088,0.006885393540820184,0.000808704255196746,-0.006266815940198955,-0.020045345235628176
2018-06-20,0.016382331185460952,0.0012486227752406265,-0.004980935163020339,-0.007474182604747304,-0.01243933731651281,0.005763842000539254,-0.008645134375628638,0.011093172630602721,0.0031791087887722558,0.007411415822316636,-0.010551594620643034,-0.011365704638940599,0.0018859331489595732,0.014865023563849444,0.026336150098526412
2018-06-21,-0.008040288440736898,0.0027350507341308283,-0.004043052153001381,-0.007602720057793055,-0.01874038728322025,-0.011461541525459529,-0.010995226787320456,0.012889473985334021,-0.005479136973932763,-0.01701853477346138,-0.021687180027850195,-0.023136013687525492,-0.008604521024732859,-0.009764889501343577,-0.009217651350811873
2018-06-22,0.005669868553208168,0.0010428987273816137,-0.0015464131184077523,0.008536518516497171,-0.0009392679188729991,0.0132045347324663,0.01648461698876358,0.0020963578826220797,-0.0005450704479795787,0.04102831686799657,0.008569232624217715,-0.002392902660621199,0.015866543903857444,0.007350859807150112,0.009303406912102519
2018-06-25,0.0049947633763554045,0.019713881930861765,-0.0029043200139250436,0.007234388414155912,-0.01817610107072376,-0.016846651787787326,-0.009617308721628914,0.0024161010605963096,0.0030119963009513917,-0.009441775849134859,-0.019732293304071558,0.009936759551726793,-0.001067764604462007,-0.0057843177842867854,-0.020677549070611256
2018-06-26,0.0013930409505444885,0.0042438371736135405,0.00038841717296200784,-0.011923070477247277,0.010532880806830125,0.00614293601112359,0.008377769893797016,0.019161402025274166,0.012162450717722706,0.0020112989101477297,-0.010043158898713767,-0.008918114155675116,0.016169876583959297,-0.01629075192923879,-0.00457917893510873
2018-06-27,-0.004248641421457755,-0.006143125409004302,-0.006017168876847445,0.038380796050907495,-0.012950038129098673,-0.011568349272429335,-0.007741703896095298,-0.00844359370670622,0.006198205710324256,0.006894412337405953,0.011754855791110241,-0.001907167052036196,-0.01196758292851785,-0.011465040388280556,-0.019422405196738768
2018-06-28,0.011252310509234587,0.015433059670282745,0.0041007738601013255,-0.0700035843132657,-0.017599974702152577,0.016905134863172133,-0.008563141829386334,-0.02268654713489393,0.006891135849923957,-0.016640935484979358,0.0008501442347783605,-0.007888581461293231,0.006122905385050004,0.009665084396419665,-0.034923194182108985
2018-06-29,0.002874975402185065,0.013647402780933238,0.01711397289105987,-0.01324805366562598,0.0319216646305267,0.02078022750914288,0.02188095757956865,0.0038476299162830685,0.013736731695989768,-0.005817025687039679,-0.02644011644779165,0.03462043479697652,0.010583292205815331,0.03519008750935804,0.019713884707459384
2018-07-02,-0.003723115362344487,0.021037662225986242,-0.003441594612953014,0.0026698460587391004,-0.018307912988607566,-0.03820861017402499,-0.0118330586426304,-0.00458202224649662,0.003089804502892868,-0.0015067845134135727,0.00237131847657146,0.01627772133433969,-0.036392118178302235,-0.012769679569041847,-0.02436424899188072
2018-07-03,0.011360493906556579,0.01427280906665973,0.004988494293202139,0.005553926152076949,0.014147858035652217,0.009443125558279197,0.009123604237180505,0.0019968849898903684,-0.002631219137834706,0.01855630211953363,0.01490839246278397,-0.000657644371302224,0.0073360576554324375,0.009812626616489295,0.008686048357347653
2018-07-04,0.00894211234154585,-0.006315703718989152,0.0001910316231139575,-0.009608859337507991,-0.01077996461827091,-0.013548451280473217,-0.003955607420022211,0.007976608486869319,0.01338384633760703,0.00993715842745746,0.019131448738462398,0.017014716098661342,-0.009036015101148154,0.009010591766845044,-0.002691109698173766
2018-07-05,-0.0001829969498257089,-0.04549511807831341,0.008207471170330827,-0.011993566583046289,0.002564121381699369,-0.004905120337422519,0.03063539484716893,0.009566560678474723,0.001198263813252165,-0.021318777050518656,-0.008026816822366833,-0.031195207878680686,-0.010887099676334944,-0.013901291488179535,-0.02212634352658005
2018-07-06,0.004542104206233244,0.00019431984338313946,-0.0049223843641788,-0.018170766123266402,-0.006073905046988459,-0.013144907132191297,0.0005505361847035761,-0.001406265952450636,0.0004123747654041221,-0.015610133802478776,-0.012877084884616918,-0.02995760066151909,-0.003164701036345141,0.00036140426207498244,0.030077368519044523
2018-07-09,0.010137135105437345,0.01136874622819084,0.008181097677215865,0.01409656585505581,0.012543849788551942,0.0073259153361082685,0.006418421880443503,-0.00438457331963138,0.011561206052866257,0.019172198766817417,0.02688339887431357,-0.01642488644253659,-0.0004140075207913485,0.003794061950697314,0.0034825899527610726
2018-07-10,-0.009349405363575314,0.001963436964097731,0.021324931047695728,0.01071680298708233,0.003494537727141589,0.01752076545866621,0.009657513397101747,0.010687260471971438,0.001073318622776931,-0.008526601852427262,-0.003519368912343279,0.008499563218978379,0.01574156493935841,0.02348803643778985,0.03763999794197681
2018-07-11,0.011301856163223212,0.014638018991743884,0.005543205573871113,0.005609101561504071,0.0009496744273131963,-0.007797342596455259,-0.004692319864082806,0.018530170346972463,-0.005000318287481598,-0.005674081596644176,-0.008829077646789418,-0.00956820217091614,-0.015769448471525838,-0.022773017497031867,-0.011834327523841393
2018-07-12,0.0020547584205565794,-0.019766016040707046,0.027012205668731415,-0.01023848040560682,0.005376306383300555,0.008840895203396038,0.005258409430857425,-0.01585751103992572,0.007533979060945883,0.006598190711489371,0.024290214998595516,0.00175195793043037,0.00041429338842235985,-0.0008997797672927188,-0.013538072318282413
2018-07-13,0.010469194364641998,0.01780832643866126,0.005009827994216565,-0.010267230054133547,-0.03051265635832423,-0.007140611445451861,-0.024531148633580635,0.011262276714820718,0.010841951242925196,-0.008326826932869125,-0.015865941656998617,-0.025783303569432814,-0.008836078900813948,0.00612387547365234,-0.009237199857295986
2018-07-16,0.002919449249075834,0.011727546953885115,0.0080113479490862,0.025349088126221497,-0.0019468798581573354,0.017326108495508308,0.004437926267019332,0.005787703483921769,0.008895885988481345,-0.04609185721696918,-0.08952757080184148,-0.03503103437704991,-0.03217712670833717,-0.07044398731574397,-0.051411779482028575
2018-07-17,-0.005573407274705788,-0.0037139511969354055,0.0028258722361824695,-0.015974304955374885,0.015279694022174217,-0.0019282588216035235,-0.006443154920789174,0.030492871994608484,-0.016195521111374456,0.02753080368561478,-0.01368235472710122,0.03890736680581708,-0.013960919669810168,0.025228678104850744,0.01067109293183699
2018-07-18,-0.0014639069792431458,-0.004028634529846031,0.0031700488728403364,-0.0007730054348966675,0.026576966459279205,-0.0003219169656833998,-0.00481768030588714,-0.011244580555095807,-0.00950714860615709,0.0022783708137315006,0.0001695493822495564,-0.0077766611187009005,-0.016785905818543112,-0.052784879908504445,-0.051403501921670536
2018-07-19,-0.036573474397711414,-0.0044235015328421,0.0035111372522342865,-0.006343932244501693,0.009045303500729407,-0.004508690937885862,0.01768761889565429,-0.010030012050594395,0.001021198483546204,-0.009001990289281947,-0.01764586165808768,-0.016242099491904582,0.024346852572293853,-0.01110554669277164,-0.004979300041633605
2018-07-20,-0.010464458658139386,0.023847475197231294,-0.009796959456377596,0.02686064882446204,-0.023492845581808086,0.007117267231785629,0.0025614074318969227,0.0057240805458917965,-0.002220625900957174,0.027800831233869117,0.011186835524999772,-0.025577926773284076,0.0011594280955715686,0.00912466186037042,0.0032382334824043735
2018-07-23,0.002812522532546602,0.005822892461738283,-0.0231448570033278,-0.016528955692142522,-0.008863704285712037,0.016061819881274086,0.03704363633595942,0.0043681237645107895,0.012236477062186557,0.0029461959154812867,-0.004971127393235686,0.026034191663381057,0.0392298577046819,0.02722571780569516,0.04254692099176305
2018-07-24,-0.01854828409391629,0.0156348264412709,-0.012660689536640346,-0.010870128939768686,0.004152135449928318,-0.0044263301629393625,0.005278872489078434,-0.009895569587650033,0.004738957230655982,0.00169089466864758,0.017583431471646538,-0.015045833279139775,-0.005989657892546685,0.020313442237727353,0.0644525858742957
2018-07-25,0.002019469814274588,0.0047926424226516495,0.006411477848031977,-0.015822397446922376,0.011768455981212345,-0.04096538163122754,0.0017504865750175291,-0.0055342409963622385,-0.003471840833935924,-0.00808617835926606,0.005101926764582876,0.00042576542405936557,-0.012612142176334662,0.016306441799204485,-0.029613976430742928
2018-07-26,-0.0027760800451012146,-0.007588210815893559,-0.012012907849929921,0.023811328986685254,0.022005513918378128,0.015562855833782585,0.003669460137044833,0.008823944483248303,0.0009775499575217506,-0.004926771990687473,0.021334190945938136,-0.0026069700349773406,0.015185846018211269,-0.0021455018719179764,0.03651234046573415
2018-07-27,-0.00011430841534809666,0.00014561729986484195,0.011422172953188925,0.02064727263882915,-0.00768977558328332,0.010433882161055452,0.053447254267219524,-0.003850484914535879,-0.006240711776879793,0.002970770530222877,-0.023232758662911523,-0.0037339295322311727,0.01971191856099752,0.028699503588183406,0.0015773818206550327
2018-07-30,-0.004462051826988445,-0.01634580926447826,-0.0049180705049806095,0.016044038311841202,0.017359008255620756,0.006130962055400424,-0.004958046738694599,-0.015728166856126102,-0.008418045648723171,0.0101427230777551,-0.007680569641477009,-0.0025700433763585773,0.05086380551004055,0.005089119515952589,-0.00839913791268454
2018-07-31,0.0012258751788689626,0.01043700128156777,0.01189823993269834,0.03859946895903876,0.009750074925161112,-0.0067351986369423855,-0.011127607744808587,0.040306696288898936,0.033286236566409944,0.010307543671116859,0.029315032094205495,0.02195513004836047,0.019178236482415567,0.018173601558118646,0.039174147822624183
2018-08-01,0.004476445749315605,-0.00809471915623694,0.0034371585223789136,0.0005140384800292885,0.009052496976840185,0.0032288470764678667,0.013100286948764417,0.029101621993366855,-0.008001871135294936,0.010817897885989414,0.022511463199037518,0.0010505018859803261,-0.015617058041502263,-0.01287632690380891,-0.01502790531111653
2018-08-02,-0.02475798883120761,-0.0002954760722558847,0.006309680762293102,-0.017765367734161153,-0.004784939710927305,0.00032197411443846136,-0.007957369126039615,-0.007137770572848368,-0.005000176532539258,0.010006155971671982,0.02396921771945859,0.008028126352143117,-0.023560244457331514,-0.0026987682891770337,-0.028963118752403982
2018-08-03,0.022886903872916475,0.007719901243100846,-0.0039412816517724325,-0.009342155445431377,0.002403936508497573,0.006756708982805781,0.015875551197731763,-0.040420247929095154,-0.010019364707765988,0.009389850405360889,0.023879606526915564,0.010358630805238578,0.004021549023056625,0.00027056418817550387,0.0061251706828433505
2018-08-06,-0.02038951043103665,-0.0025290805954117923,-0.0034172145081279304,0.006563491696765178,0.014688285395191514,0.0019177030914532267,-0.007073443153138292,0.020344700695805296,-0.01032437443372336,-0.016557015503416928,-0.020451157080560334,0.011128446386615032,0.03003990652675581,-0.0021643573747740508,0.002382312692706945
2018-08-07,0.0007016000563626612,0.0053650289450142274,0.00144379069002043,-0.01251701170361541,-0.01004431560732777,0.013397032990675628,-0.0023193063523943014,0.0002992079320789376,-0.019962973883673518,-0.011195135567322212,0.0109202631277443,-0.014216024840263297,-0.00998049934523848,0.03596934463908119,-0.013467109674647149
2018-08-08,0.0035834815783397644,-0.0038013827881502316,0.0037843144116802563,-0.007362326683395426,0.029543492766447965,-0.0037771439481396607,-0.0004984620364693049,0.02168817658985045,0.016289272032032676,0.007547962400405339,-0.005888172601154706,0.004548683111130103,0.008902848965585575,0.007589553239347513,0.01150955086544414
2018-08-09,-0.008577263858372208,0.012621468446717854,0.0007183386838172101,-0.01177561622945067,-0.02086957712429538,0.015481854281477858,0.0051503524637523945,0.010783976462671596,0.0053955571196309116,-0.004442636975263481,-0.0034735459518081546,-0.008438527487720227,-0.04736557636822025,0.014632111814192328,0.0616564803095041
2018-08-10,0.0064594298567959285,0.003985582302850954,0.0005380648632675733,-0.00038689112695877714,0.002072175820286848,-0.007156222169837023,0.007603287121059399,-0.016239565981706283,0.0013180754616284318,-0.030536271277919913,-0.010457247851898499,-0.02039332520137016,0.007492080993901862,-0.01578640955773103,-0.020189296340464957
2018-08-13,0.0012834154836318667,0.016817985196472707,0.010758572973363245,0.021673662419947393,-0.01890679624176761,-0.009714694529992629,0.0037729926983116613,0.015459456229247381,0.013698415325930746,0.017870086271911223,0.012329074621596936,0.1321115268965256,0.0009463821427346808,-0.013698544187067951,-0.012210614834789024
2018-08-14,0.004544957773043423,-0.00031970509275269787,0.011353459952845757,0.01947101568675924,0.0012043199917552982,-0.006962095538600721,0.006373554480871624,0.0005251538337913697,0.004486445241277615,0.06721048782208205,0.016439079162082537,0.058581094827217184,-0.008509961617510386,0.01784455739618296,0.04455313475662348
2018-08-16,-0.03681360427836955,0.015089248083791418,-0.019645549826233233,-0.006168234841242959,-0.010827001960954319,0.010516200047492763,-0.0014615765777006295,2.7789135046418778e-05,0.0053641180645847,0.029743997605662598,0.03291708277263794,0.008221174050869084,0.013623901236268443,-0.01969090825807962,0.019230548172378237
2018-08-17,0.01433266440742842,0.0005596357545889497,0.0021468048744019974,0.028490183278145675,-0.008513141103573374,-0.003468815156441596,0.02049116593897371,0.0014507893016548756,0.02090344779869402,0.0061321644896561445,0.004546534669691127,0.04270081152449379,-0.001612733907971342,0.02220074499380731,0.016690949108851383
2018-08-20,0.00910342632628347,-0.03222984743548252,0.017854097410340053,0.00036366143414601204,0.03465182613302553,0.00348088971945848,-0.0014341150194249197,-0.00293856177335039,0.02134266101152571,0.00457093371923567,0.007021579169788739,0.01004881848148087,-0.0022887553993989895,0.033181092306186155,0.022365047617477707
2018-08-21,-0.008903659920332596,-0.00021679964112597538,0.013681748952652617,0.031179541219287232,0.008891659637404459,0.01450644827285319,-0.001276841040752652,0.004183031544427118,0.012708086078515146,0.014448742040638729,0.012685070058982006,-0.016067847842873184,-0.00620686463804021,-0.02877866531782891,-0.030951866635073322
2018-08-23,-0.012426815505148459,0.0097186926412689,0.0027687385729737723,0.024316632540160477,0.009987895712660677,0.021759378679170105,-0.0028761618547525902,0.06041021379889133,0.0062265512100871945,0.006688893307134514,0.02183790326800339,-0.029022124762153045,0.004480349280988394,-0.01803678197919867,0.017771444084873522
2018-08-24,0.005450062825454793,-0.013668394246354132,0.008282893629432353,-0.011147444313997279,0.016579671210807723,-0.00030419045908602893,-0.005128363166464478,-0.01570920485100813,-0.01836190520620884,-0.015399524822453992,-0.006555552728892855,0.04370168440035749,-0.002568016395686268,0.0069099459129284835,0.004955039199793454
2018-08-27,0.016261500733433243,0.026917435903748732,0.012664933634190634,0.026999120364969764,0.007439390648005473,0.011259991601059172,0.00966510639375251,-0.002582890329589582,0.004650559139699695,-0.012702254422766401,-0.0017773152900067979,-0.0007514772706110895,0.027645907378627932,0.009728929138705267,0.0032871489889736427
2018-08-28,0.008000497253002337,0.006570415875172708,-0.0008450939198364482,-0.0025071447100638578,-0.008236217671789725,0.012940211032263615,-0.005584072899675552,-0.0006397993898538124,0.005980907513567502,-0.0009648434631802649,-0.011706450535840962,-0.02009522659845131,-0.006198009135120475,0.015743237038512214,-0.0014040965841410902
2018-08-29,0.002723700906283044,-0.010247562863656468,0.0038904615375257023,-0.002241514412114398,0.013745455182963662,-0.013369077387212047,0.003689992713838741,-0.002366187122117558,-0.016046629508984167,8.051672806819177e-05,-0.012694051618421076,0.017650621776832187,-0.005042545535778431,0.006521542769397426,0.019451608517189634
2018-08-30,-0.008187223224243478,0.004325584138643812,0.007413574881067531,-0.0034718909687870836,0.0025422550583311665,0.02198119086145156,0.022538378046372154,-0.0011418665461958577,-0.006799566569426929,0.03010072820825882,-0.001552182557431947,-0.0010474995973578372,0.021872570765216093,0.02381361022224948,0.016551738609230426
2018-08-31,0.007198465823704536,0.01758253043043867,0.007693580590692806,0.04631770344279729,0.01465212211894662,0.010607015317459334,0.0,0.026212938166945143,0.00698804675772835,0.020157651297762813,0.046992807877103804,-0.00796837789130378,0.0019578089257441533,-0.012903766571888742,-0.0013567109560423951
2018-09-03,-0.014099811417930264,-0.004753521015716022,0.023568390778055948,-0.0263122473176286,-0.015273377807254795,-0.011661793995697667,-0.020790971231576028,-0.026277121843114926,-0.025368291473165105,0.005131269348779943,0.04069025125729242,-0.007905671837490247,-0.00013040737413927417,0.00041632613709907673,-0.0378172781882693
2018-09-04,-0.009061584188081007,0.027923999941272815,0.016215467609774104,0.024475303665338455,-0.016638651463916077,-0.008259577285786746,-0.011494328602916992,-0.038721806518188906,-0.033780848408914044,-0.001295273660795404,-0.01939544354989131,0.00532668501532374,-0.014200070262667341,-0.012817286852810361,-0.049893956911717385
2018-09-05,-0.015465825110726805,-0.009835191314328418,0.017552229119541574,0.002945411855618918,-0.0037279527612936736,-0.0008923620743890304,0.002099495227743109,-0.0419834872462882,-0.025070687631626676,0.012817397728798863,0.009673229146550666,-0.037173786890726035,-0.016651235997101388,0.0022763707577355685,0.002477046088380286
2018-09-06,0.018374077551847945,-0.0037674699764169706,0.007370180712381824,0.011616414480815962,0.004605535745456857,0.020173768287588656,0.001772872001698067,-0.0048622044320826285,0.001527770398553896,0.020565195720900764,-0.0002919641331606826,-0.015892592499837543,0.0006719536819521643,0.009925999949057074,0.010625158104020649
2018-09-07,-0.012649676686299793,0.007769896074645066,0.010896576152493065,-0.00367710615169925,-0.014900027665925464,0.003848499518053883,-0.0011260020443484287,0.010739676148576516,0.005593820867815458,-0.019412521146367157,0.025535948213662563,0.03713019384991889,0.04646783696774581,0.0314009397463999,0.0188264813764214
2018-09-10,-0.017350087197603226,-0.00266102680035607,0.0009240907552645616,-0.007705430651647971,-0.0189059919777933,-0.0020640563814862123,-0.012562478282949763,-0.011128126634867952,-0.02168855280872506,-0.039518157569314316,-0.02605868342276607,-0.02475849744812808,-0.003080032177183001,-0.008883051902248362,-0.017998577757466272
2018-09-11,-0.01385543132870426,0.004720627623340912,-0.0032308475051457952,-0.024861076603396204,-0.005040202645657965,0.003250412875833719,-0.030500655449901548,-0.027356257438979403,-0.025262564404774368,-0.011912234405846989,-0.015386779251245986,-0.01954899918545372,-0.024974235485152096,-0.03511787034246816,-0.02785930706909301
2018-09-12,0.01989391980157773,0.011711872947562263,0.01481704527045058,-0.009903671443390771,0.004171807093134916,0.0014727856589309418,0.032301219726308616,0.030484562978766006,0.012701895894807302,0.030932770877393212,0.0018617519030661445,0.0013140660917363434,-0.005281420458178032,0.02271580152162911,0.021958639096252508
2018-09-14,0.007436615091357179,-0.012383915133695078,0.004410662681660238,0.027912750766957206,0.024035494130680624,0.029117720823199633,0.0011410405385292588,-0.0017917216371229339,0.01609169538712729,0.02361891001189087,0.020837005418568255,0.010725547420533,0.018317163119925706,0.015605588493296185,0.03358860919694151
2018-09-17,-0.007381720080407161,-0.010562808836853232,-0.0009085623974013357,0.009336701982439966,-0.004926144155350309,-0.015432846157536928,-0.016767122026657533,-0.015519299147005339,-0.01481427163758764,-0.02570650555104592,-0.00517053330064321,0.002238828227040912,-0.004040543703423549,0.0022763339689428896,0.018876860516725102
2018-09-18,-0.012272518037046098,-0.009436115020102664,0.008032842092239756,-0.0167414460180364,0.01281292897690145,-0.014804206544048126,0.004139218888166374,0.006732146773710701,0.007414758444944436,-0.005725899365501608,0.006092984839927373,0.0006254671220733421,-0.021855918792518247,-0.005921370484213484,-0.04878044852339081
2018-09-19,0.00954512205917002,0.0009041887512979407,0.0004508681763777389,0.02020657270552828,0.02578988455739961,-0.003241126322403365,-0.011871613476318377,-0.009620691827612493,-0.01755558853608019,0.00988315029247544,0.008880960650433423,-0.043753994439361676,-0.009767093410964378,0.013790206575709396,-0.007642962485660765
2018-09-21,-0.03806351790837814,-0.02007666243219841,0.007514370815338234,-0.04143107376769328,0.019208748174097234,-0.005320675460408264,0.014350189847966988,-0.03897481834856076,-0.028381444042366644,-0.021499484662935497,-0.019504395073612013,-0.024885623971640736,0.0012159000663305441,0.00635869768904862,-0.008447181109772939
2018-09-24,-0.026690305905851863,0.018361031444771303,-0.007458326186709496,0.01815561571068347,0.0011088648939365786,-0.002080004342456254,-0.019740192394707035,-0.008933781444783406,-0.032595169614746955,-0.017168015636281675,-0.0008998071949496422,-0.026095282781318008,-0.03859651207313597,-0.02791313746492119,-0.07241305057128333
2018-09-25,0.03016451469571879,0.011068749464796301,-0.013225000793781083,0.009714580301059872,0.009412759889740885,0.01250721158251622,0.010740168567886066,0.0036066214646484074,0.03067662764200585,0.027403688310426944,0.022612152151955556,0.028613478834239592,0.012071848638740112,-0.011025282483396959,-0.04051860120671036
2018-09-26,-0.011788696465091175,-0.011498404665323925,-0.027566190719586436,-0.013047607805275696,-0.009324986035216143,-0.012941265567051663,-0.02656492544902067,0.0032998391935288307,-0.015925113087090326,-0.0019497103177437136,-0.004154496212417258,-0.002676517149640678,0.0022193011446693944,0.01314483400022648,0.028153156781859368
2018-09-27,-0.023045812952081635,0.009681768382302058,-0.0009397956315871925,-0.003739201095829703,-0.026578049553052097,0.0008939259029534519,0.0005116056682492598,-0.01548911917415463,0.0031501278316306003,-0.013440829218674732,-0.023011600398213816,0.023243510411032453,-0.012455041149311508,0.004352051818965252,-0.058598008960180636
2018-09-28,-0.0007441036790284405,0.007243297676647664,0.01583321253913539,-0.0007372426279803612,0.007963726620301204,-0.006549504049303989,0.01517221898848331,0.012632404116590834,0.02170269860051799,-0.012673169088499803,-0.004073211945018973,-0.023698997747364836,-0.05114927592412899,-0.049546201540405566,-0.05439222252416975
2018-10-01,-0.01716896595142925,0.02273816692736652,0.018981458069164292,0.018846441742700115,0.01015770774707847,0.016481780899263443,-0.002182978079314002,-0.009278769468276882,0.003442716400550383,0.01837147613690937,-0.00871322521544926,0.020916284238285954,-0.03485443613592376,0.0033547426572615446,-0.025223024580156905
2018-10-03,-0.021167498415854302,-0.02430855882588656,-0.00802655517187012,-0.012375769610849296,0.013687412822856126,-0.013266287181324166,-0.006394796738163788,-0.027665071849823808,-0.01782303095962623,-0.021821348284286723,-0.0075938022694092,0.006813543573702452,-0.025401787072408588,-0.006172820356747266,-0.02303542149585358
2018-10-04,-0.02162532079656687,-0.0292380927525967,-0.005648877687808196,-0.040391978919527616,-0.049876192912622574,-0.003286565876979397,-0.02743930529450811,0.0004441595838236001,-0.019871323361156712,-0.03511317469529884,-0.047036640097796956,-0.02249605139905353,-0.026063632618865906,0.004658391088155245,0.02325566656910394
2018-10-05,-0.020753816555230675,0.02460410711091643,-0.0010746846103314445,-0.007431923303792387,-0.14704181813692352,-0.02338118918877441,-0.03692100210445637,0.0075899839768291955,-0.031580118620662234,-0.0018361809459663814,0.009315240006578573,0.009549296640325666,-0.03724005562085153,-0.024557822567477294,-0.05776517653937241
2018-10-08,0.049515279981072746,-0.014007747690150119,-0.023977963331316077,-0.02743173913604746,0.01870131259907426,0.0033763459936360096,-0.011934832950764918,-0.004050167406153382,0.017585258002196236,0.010535984921303143,-0.02273918657809082,0.023363723470868347,-0.011386523190240583,-0.014436607676322266,0.01742061413594409
2018-10-09,0.0037580308213320812,0.004618750334624888,0.01307094785679741,0.0017270457364977343,-0.02102818528130801,-0.010706789850135179,-0.01720360279052835,0.011853846215419184,-0.0058176824398477045,0.009102223156383538,0.04873721192165181,0.015527934914131736,-0.021002610827269508,0.022686700247613212,0.010865948658952407
2018-10-10,0.02643335041620265,-0.02410305442196259,-0.017721275215160648,0.004596856530746596,0.013296983439924581,0.01638825163438362,0.005959216063197381,0.0019281466580205464,0.035790574185458945,-0.011152071771171834,0.012407634556717895,0.021844211029199645,0.021107199276706456,0.01947598278696061,0.06644942972373169
2018-10-11,-0.01951219446351593,-0.038689465929520495,-0.009178559279339416,-0.005505356508366255,0.029273422652918768,-0.007301527722005097,-0.0181413776156375,-0.013233192001743554,-0.02422716367981348,-0.026950818740795413,-0.010303484548039532,-0.001380470733298278,-0.03303951799993354,-0.04883073345865285,-0.06261457189154274
2018-10-12,0.04625509164075736,0.00809384090328491,0.010381597179842439,-0.0023728822235568048,0.02909421141337054,0.0064358281342911106,0.03770705867112434,0.03361426314259397,0.033625607340691754,0.006647132392593846,-0.003456700727408335,0.009677209759362482,0.016470886827153475,0.03845837846553102,0.027370611369583298
2018-10-15,0.002827505208562231,0.029463764638929746,0.011539556387035521,0.0010810422506764006,0.01747143653088301,0.002740649152008112,0.026526228094994497,-0.004531018015905053,-0.01491977801945299,0.015831513321084234,0.04748013796855499,0.0008837360392845994,0.003620144438585715,-0.011275106283770375,-0.0053915713758837525
2018-10-16,0.004528060513220966,-0.005080108147001106,-0.0028128679894400266,0.03477068909762071,0.03403067888358513,-0.004251413805149151,0.0005309704668368109,0.008450976956587697,0.005095453910337833,0.004583675632207074,0.0026295488390128963,-0.02118290086851138,0.009962202243425367,0.004912255965872747,0.008609521100276796
2018-10-17,0.00021264408089582965,0.014526964750220195,0.01285077664354084,0.002504387406193853,-0.02113518346369514,-0.006404273169010488,0.013444294618973673,-0.0012478290470037123,-0.02797120322222113,-0.01534775836010771,-0.003341491877807523,0.01325505546738004,-0.01870757047738425,-0.031686391698181327,-0.08725902177301248
2018-10-19,0.019515349005274185,-0.030906363069064247,0.0,-0.041221297067497664,-0.010178959456113024,-0.008901234588422957,0.01047289537979168,-0.011958498224689196,0.004051596099510446,0.027803841616861114,-0.004931775137066885,-0.002002205011939706,-0.004159254917472932,0.0005408727614211184,0.06096292604465181
2018-10-22,-0.029150430549703454,-0.005266580831383316,-0.002939766809241906,-0.020628183789161314,-0.028046138192341696,0.021058975193657847,-0.003281941977717029,0.003324811515049708,0.0029926582835670956,-0.005000462235769665,-0.012909639449725452,0.009942571801376365,-0.0053950770547442906,-0.01838007596265301,-0.0022852722239120604
2018-10-23,0.008977666066735113,-0.032870418127572854,-0.040658010056779714,-0.012268149559140906,-0.0035267916087571294,0.0009099973905144498,-0.008665512320148228,-0.029929462951121866,-0.017132204973929976,-0.051161814831429786,-0.018119353190151788,0.009579599820262796,0.0005248481332140731,0.001560337825855962,0.004253889795009069
2018-10-24,0.002256417324227211,-0.011861088857955226,-0.0009706559981036422,-0.0012718434065280837,0.015122477990342498,-0.011818240884261089,0.0061188204656805745,0.019433520501049184,-0.022681726747110886,-0.008942896262472022,-0.015947643956609636,-0.014911035374873594,0.10475679943903171,0.008156301359750096,0.020853723028196436
2018-10-25,0.007390886428210175,0.009256540420910397,0.031573804192178256,-0.02397388603654338,-0.015214044190237752,-0.004599763784080557,-0.0006949929836986835,0.0004248596537010929,-0.009486750620310347,-0.020939778341598436,-0.017992679241053078,-0.014914707447686193,-0.06427095705457064,-0.00781757305458275,-0.010852188536865759
2018-10-26,-0.02293805277185168,-0.023352698629029445,0.006435614747895668,0.002916900384696941,-0.022851656279783472,-0.018484229199649205,-0.02312638217333074,0.003270909458928273,0.0021094343821173034,-0.008411125595209401,0.005877314200449346,-0.02410761088910829,0.00812044146334423,0.010627547979949359,-0.007098970029924323
2018-10-29,-0.017693858784349148,0.017597869419139878,0.02776030398303675,0.01676135575520754,0.02042178765140812,-0.0021971747409509357,0.00925601388870989,0.011881657895626008,0.014613322364395609,0.03528565509279491,0.05339877491844924,0.05540922841291307,-0.012921793527974401,0.040159598390204554,0.06889812985263966
2018-10-30,-0.012564728796370717,0.02303202104520352,-0.006069700568805514,0.0313883877454062,-0.012588857174286816,0.0028309382625633095,-0.016049470186291437,0.0036455270389921246,0.009197420237554654,-0.02013635548250514,0.024220848037705522,0.020781386960381232,-0.005100012735093751,-0.016036186462691115,-0.015810040490789268
2018-10-31,-0.00413777015881811,0.040631042042963195,0.011297686747149926,0.08582704588316137,0.001961223041392124,0.0015686468912916585,0.0041224741140339916,0.044183884981363164,0.03601400466548621,0.03238169868577789,-0.019986167820329137,-0.021901430784130982,-0.0008544705858586354,-0.018866322042188077,0.01791761145658688
2018-11-01,-0.00857778334901449,-0.028700830985317394,-0.004680020146806796,-0.031186917245867862,0.006525472211324379,-0.016599070832575502,-0.009639517350128024,-0.017574991657335226,-0.010816742746566077,-0.01447649952892005,-0.031800025131364484,0.02747489221561672,0.003933683250427977,0.004965233479874875,0.04309561466399581
2018-11-02,0.02131490581799489,-0.0066744552356772235,-0.03412698142139392,-0.04134871941506579,0.020097110672600227,0.006369485673850983,0.021088881439606633,0.02609448947980253,0.0032152119967847614,0.0,-0.015579297343920384,-0.015864999140333347,0.029131107127946754,0.03135104498493546,-0.011056240463406253
2018-11-05,-0.003309292323170898,0.005662421641887239,0.017901949791668148,0.00788819488814907,-0.015252798814982538,-0.028481001811339612,-0.012886018078664296,0.01006882299941303,0.02026425520323527,-0.000437393668239916,-0.000969751293244836,0.009317313084271195,0.012184930840283048,0.0059227043580158956,0.019123203164912006
2018-11-06,-0.00367428105241685,0.000675718702107142,0.00246845704409715,-0.0025848842309513786,0.007099414882455912,0.004234522463576473,-0.00822632962507186,-0.01668499036982629,0.0011810013690658483,0.013558452813532629,0.012371402146011956,-0.03194398579872171,0.006101509753532408,-0.0029438750085335474,-0.0040415431858209505
2018-11-07,0.007997841003264838,0.01357934052294052,0.0013848675531460408,0.0038874330058218387,0.006087470988096921,0.004541240854639472,0.009917266525063528,0.005920023883563941,0.0,0.005092088876416989,0.0008568035790745832,0.003858669614276833,0.003933706263875791,0.007815929836985758,0.0
2018-11-09,0.0011020051701298161,-0.02368604049717038,-0.0015367288558855163,0.01427028258935481,-0.003821567759787148,-0.002583343037131036,-0.009998288036857983,0.0005480376875193205,0.004404775987255194,0.026017231769345228,-0.021586173999538882,0.015110048779283458,-0.021224402423839384,-0.013873280763123552,0.01072481557925764
2018-11-12,0.015983428139353606,0.007126458277258996,-0.004617558831514601,0.024533457137640102,-0.0022376213672771206,-0.010682963774747645,-0.012263283792301904,-0.009920796362705375,0.0019314575696895986,-0.013306452279790104,0.0064790480692054064,-0.010489269411375512,-0.011843226042576482,0.01861235839829334,-0.01692007865276335
2018-11-13,0.010574574909822498,0.00225838704979342,0.008659465644657915,0.004830312061877562,0.002883546955088301,0.02617808680528122,0.010955080746054557,0.0019310124569378306,0.009553058797835412,-0.047073713297308806,0.009314687149562406,0.006025991560144384,0.004557956329629187,0.010894630400896999,0.0
2018-11-14,-0.030877402486997108,-0.01877726013612757,-0.004905607405726431,-0.03818391128794307,0.02875401191850968,0.0035075393964323354,-0.0014450287253378047,0.024669402702555132,-0.00719155731151111,-0.0741432890659236,0.00459389584976666,0.021379881665840372,0.01260263624872171,-0.00016969195092897404,-0.051050254367907555
2018-11-15,0.028630921395106812,0.004899233001437242,-0.004313861469035674,0.020921044999652194,-0.013353924222941571,-0.022560917277001713,-0.007053597590462868,0.006681615648466588,0.008213931783575434,-0.00961347563519932,0.005123905298592968,0.08051884865184311,0.010288816004419887,0.0004244635167465205,0.04426706223638499
2018-11-16,0.005463605035887609,-0.008455518575155141,0.009438315844061185,0.01832433683479051,-0.015738000198277535,0.001625281957489566,0.007468054203371599,0.021354435294669738,0.022257897101315205,0.009027334129337428,0.006194853230369279,-0.022660663962207894,0.09313400616200584,-0.02587603782617598,-0.002649632416929948
2018-11-19,0.005690505818504832,0.0013062212789041183,0.02038623415702423,0.006249780500827029,-0.011513049338613635,-0.007140627423150914,0.028747215992321218,-0.03224397790737876,0.007044552985053132,0.022703305582180144,0.020810948243748184,-0.006850360250153176,0.012321407258743644,0.014457451441179714,0.019775717612138255
2018-11-20,-0.004509632215586312,-0.015804826001124428,-0.03470021597995032,-0.031192325151673472,-0.009381885986630367,-0.024844818963168924,-0.0022849538800118196,-0.00850850690446292,-0.01683751380234977,-0.01147605466866386,-0.03379337011153194,-0.026325513454170668,-0.014546232933088654,-0.03279530942955278,0.01244574767290585
2018-11-21,0.005769392703898868,-0.034767782927305646,-0.022253303012075065,-0.026842385774504596,-0.008817716911282636,-0.008715882434201738,-0.007398232349753564,-0.001594159962599262,0.019690186623724237,0.01408321011339364,0.06493658206996056,0.01722837958466239,0.002259346265974793,-0.021125529651168096,0.04516866732911362
2018-11-22,-0.005183973943680753,0.0026650866567692333,-0.022441480229075217,0.00021719457013569254,0.0032949473088164094,-0.012512799423255894,-0.004436558199459539,0.0063434779779074635,0.0006745840948929605,-0.012949060669546153,0.002652162569616312,0.0007416253850125454,-0.01457772226039511,-0.021309462011074976,-0.03118150911151596
2018-11-26,-4.2768392819581e-05,0.0011274784563859441,0.03695856398312247,0.005356068456012775,-0.03710988090437839,-0.008904014372675406,0.0183599939332193,0.01455867119806209,-0.00010826249301731927,-0.028900266245166617,-0.0192051153681273,0.029565677610255525,0.02043613262888999,-0.016584743715588823,0.0022586480720891977
2018-11-27,0.0025630645939902497,0.028080160544872612,-0.020097387468788308,-0.0005037449428911822,-0.003410778405602999,0.007256513807790688,-0.002800486490482701,0.006232387746708978,0.00449393803924325,-0.03308848494619321,0.011783914996227773,-0.01355845921257226,-0.01913023016262061,-0.015828160778680433,0.0036619397585899716
2018-11-28,-0.01133320286432471,0.04304236390252392,-0.005607971934498912,0.004826103502756807,-0.022587476884783353,-0.015780579115534987,-0.00930321739286577,0.017141390440474025,-0.01214552291672566,-0.015895528918132396,-0.006354468128956681,-0.001418916479043908,-0.04281581441598681,0.0031590977064182013,-0.012349163299443133
2018-11-29,0.04542116624666104,-0.008028197187364916,0.014824263775603308,-0.014337085116329251,-0.015405916766348504,-0.00836541174193306,0.018958286449017647,-0.00862236250089543,0.017268397865431773,-0.0032922768426726368,0.03226665773702564,0.01169352220622577,0.009869644825725166,0.01832224022131279,0.019891970253486546
2018-11-30,0.017313212419538093,0.009681653881383756,0.030962177949425573,0.026836274049559572,-0.0021339177772760065,-0.013708243956038424,-0.006085914153638128,0.014934432611592774,0.04531144459239678,0.016928287154099442,0.02519503608766782,0.01521060826814069,-0.011664646194671668,-0.007590676527243878,-0.007522928741288903
2018-12-03,-0.006361637145673393,0.004344684191719406,0.011088996441460441,0.009561815361573522,0.01568068916860299,0.03278708227471028,-0.009972028271746258,-0.0017837914775035157,-0.023740159947981065,-0.07551773305718679,-0.019947169308752177,0.02166324958803245,0.019936089692750292,0.016241772877375826,0.013194867585403669
2018-12-04,-0.0006525051934566095,0.022227344102098145,0.02041099016657988,0.01522355001983855,0.025614166963929152,-0.011732343553462865,-0.003887461228767375,-0.014577861289605143,-0.00045230992756628563,-0.02744822493498844,0.013550038210395687,-0.03764894786992279,-0.003752750534251059,0.00018589501859755941,-0.036852374394274245
2018-12-05,-0.011262515455337962,-0.005618343655298896,0.004478457125521862,0.004560899248710282,-0.016763670866822955,-0.01501366973158369,-0.023062193041635815,-0.009495864173661106,-3.2341830381366066e-05,-0.06762272451947049,-0.011981906585903368,-0.009931398023068971,-0.01805059578084811,-0.038089984243880104,0.018411988673337598
2018-12-06,-0.025794560892244967,-0.018931604368275234,-0.014266620118430828,-0.04189305753711148,-0.024704446008098957,-0.008862205827891434,-0.008352746273273648,-0.017075855519671834,-0.03448102963818078,0.01743559557394292,-0.011397462387760626,-0.03435652237167719,-0.028133016796045962,-0.01448710238915285,-0.05423734857242524
2018-12-07,0.08421955039290663,0.02139092637261153,0.004975109880112072,-0.003087301516301544,-0.005351285622481106,-0.013948565396947,0.0036622848097145333,0.009239273401481896,0.006362171829166874,-0.02118269041569687,0.019441679403432666,0.016906456327435926,-0.00016445606446213734,-0.0017638919320841495,0.030764752737713286
2018-12-10,-0.06353309216235936,-0.019917754940097288,-0.020101937607570175,-0.009146541858280677,-0.01649912831103706,-0.011969501592796639,-0.013136373441670735,-0.0005478926936522965,-0.008218703002494165,-0.029787377182050934,-0.0007795932542921102,-0.026799010772346588,-0.02961008814325783,-0.012664559817387233,-0.034193169041745075
2018-12-11,0.016981737177209633,0.007919922266454993,0.004286578437937116,0.010757177871869139,0.007293979041791854,0.00844326571141818,0.01571448759327243,0.022661182871396957,0.005552539456189054,0.05839606222071647,0.00955206268084563,0.0027198045769258883,-0.01593486727151061,-0.004176127344662994,0.028802867306146007
2018-12-12,0.015139071319664188,0.005930176948828247,0.0062499918627927364,0.014454484478907403,0.026067889369512542,0.02439033788614986,0.004914344594360687,0.024582783553151133,0.01978499279185386,0.021666819535515858,-0.04778825243400864,0.030259291345459127,0.052713105702291596,0.03894142309380322,0.04549440056885046
2018-12-13,0.02202649843336424,0.028371299075872658,0.02605656457469796,0.005599914290420616,0.011291564157623446,0.0024878078693948424,-0.0027167250878266103,0.013997523457772054,0.02836590123816607,-0.0216710913481446,0.004059887251450789,0.005470972402950691,-0.00801827494224261,-0.015377185768820856,-0.0022312834125820524
2018-12-14,-0.006683093577520727,0.011895563626585393,-0.01638853676504748,0.004088685836098227,0.02477315342873121,0.017369518528615124,0.0016345711601013502,-0.0009686152139326554,-0.00237026147730357,-0.0034350151181710142,-0.0019830583878109875,0.021396570180015395,0.053282607905272616,0.0025379368393345647,-0.0005594111253973688
2018-12-17,-0.02667299812202284,-0.01650037701047935,0.019513684173450674,0.010600882138262158,0.00953353274387414,0.018118527925464978,0.014868641663674076,0.01681275864869125,0.008753876130981997,0.0007130020376855395,0.008276257371179208,-0.025034094524571282,-0.012685837410730927,0.020348513536302404,-0.0025174327253814077
2018-12-18,0.011984117741574707,-0.025633582901664842,-0.013398132004956542,-0.01493583087458572,-0.004384598669682438,0.010951232005176115,-0.006074909237981818,-0.006857590256947876,0.0017386739947391483,0.029694866960166877,0.010007064837844526,0.007436037349399571,0.00824874003645859,0.005725187891942207,-0.0014020626800608227
2018-12-19,-0.009255448299953617,-0.017366314572448083,0.01686313977694831,0.0006348338334138948,0.004403908039011695,0.01421799802534518,0.019054624319198687,0.007238247944296727,0.018982693085585423,-0.022263193265152803,-0.009680619915261812,0.015169952236619988,0.015418399714263176,0.0007590610770427109,0.07554053457141041
2018-12-20,0.008689229786887243,0.003309152768082191,-0.021866727006810027,-0.0023960806916952793,0.0023607950416286716,-0.00333769107073556,-0.0028224544201181923,0.005212815615152966,-0.01796303490513207,0.012387746659300092,0.0056241351971419995,0.018358067907253695,-0.01905787056079533,-0.007679280404862543,-0.008616073826153703
2018-12-21,-0.007360691654464735,-0.03125710488312716,-0.03345832341620647,-0.016955290874761997,-0.0006727977822216236,0.008372336278109627,-0.020873780903315597,-0.01977724539642245,-0.01609984719981028,-0.008740185878166273,-0.007761240678431647,-0.011952313950739812,-0.02732615251011461,-0.0060188637946979595,-0.014485184612294755
2018-12-24,0.00920797591592648,0.004333106410235432,0.014281253412630202,0.0030900692625790427,-0.004040551258771896,-0.027565432030938863,-0.0027099323016648302,-0.007905808575538242,-0.006170192298907806,-0.0022336445478651212,-0.0031632115100083125,0.01353390288238221,0.003897753020338346,-0.012495294529719758,-0.04810262270371857
2018-12-26,0.0077916565607567545,-0.007627372643520092,-0.0016834508389357294,-0.006232978256222155,-0.008789384081765994,-0.005806067264626069,0.0023550057652266254,-0.014034558069058845,-0.0037413762197392453,-0.02521498698315161,0.008654608122024454,-0.004096410594654598,0.036719554975509716,-0.0004864875285320869,-0.0028074577019957525
2018-12-27,-0.006329495893809933,0.019796699898503523,0.003985762946821181,0.022132723780583508,0.021145586306249964,0.018894085051204268,0.014820190627151897,0.016044762170182247,-0.004386668370964908,-0.006043797887143154,-0.013290004652601661,-0.016888778375732882,-0.01170246579863643,-0.01353583191329577,-0.010979726541652246
2018-12-28,0.0008870747854563543,0.00022839458004364488,0.007940222611221959,0.007194160851863085,0.005344270345665869,0.010451393430595424,0.005342879116802868,0.02885440151663321,0.0075113273221998345,0.03417252787448333,0.013314357983587044,-0.0007645999650720547,-0.00047358359595361943,0.012536890070691253,0.013094344122457802
2018-12-31,0.012204406551607594,0.0030444136287353096,0.0024238205453470663,0.012815247891095005,-0.003986935437070738,-0.005338589676289862,-0.0021259182284461,-0.015432662271487763,0.005454260148729517,0.012464391519575235,-0.0020597278793316187,0.013246600310453438,-0.012794372673780807,0.01598915903620357,-0.0022479510704712657
2019-01-01,-0.004814957498329164,0.009257210355976708,-0.01269447600147855,-0.005600810847127824,-0.009339396333482464,-0.0023482721161576237,0.00372808807117031,-0.0062966840169110805,-0.003964190703072745,0.007084861340169724,-0.0036117945489209102,0.006437084107465463,0.022400081118077564,-0.01017181429732017,0.015488573807423522
2019-01-02,-0.007877160557432594,0.006014554900629188,-0.0033675545184039812,-0.009803826703574381,-0.009764511206754256,-0.011432279160270453,-0.007428326803204932,0.0018469349596010876,0.004447240816928488,0.014992472084264019,-0.0023012601175959047,-0.006040633821344121,-0.021439767302142698,-0.04285019164752624,-0.03993337786658635
2019-01-03,-0.004312437502027033,0.00014928851646534014,-0.0001536820203013045,-0.029211691903525017,-0.031621653225275215,-0.02448983316951625,-0.006236495527148778,0.015563723262072005,0.0061118413261169735,-0.008976185657383895,-0.009111849246962622,0.006275932741328649,0.00271874170557429,-0.025119048468693395,-0.003755022140206732
2019-01-04,0.01028131672763788,-0.01210467403748472,-0.0032258850796911265,-0.014683259478302846,0.023174034883357786,0.01638783683128775,0.007530807419129593,-0.03176104996771478,-0.004209162692331514,-0.005273999093835857,0.008788107373233656,0.02080292628519098,0.02854873020547033,0.013298549072914279,0.015656494832731793
2019-01-07,-0.00108175830980628,0.016110510546455625,-0.000616188871483514,0.00939654734113149,0.014756552259971523,0.01955404165164909,0.0024914279517025406,-0.005999362276910891,0.006757024604066908,-0.0069155559159542745,-0.01590372002391749,-0.008429718963061883,0.007753182213539711,-0.004408714249980572,0.026548833662745963
2019-01-08,-0.014198631656228367,-0.002456275857883772,0.004009187464224073,0.0034183053156495724,-0.0027055698927566096,-0.011103770699987026,0.009231445041760544,0.02033186843739232,-0.0172562657456925,0.04004177524931163,0.004631233546016134,-0.025427289828373834,0.013232685813098444,0.012049382551396537,0.009454832755522391
2019-01-09,0.007608400144637484,0.009029155038963399,0.010597362565227586,0.00558100705363751,-0.014581414057532882,-0.0027218045389876266,0.021635913043948296,0.022429697278923966,0.0010033870417638369,0.0015622746401189325,0.01268238588150239,0.014325714488795827,0.015945332731945427,-0.02472782148566155,0.003306020095211304
2019-01-10,-0.015102085034657597,0.005324773384600245,-0.00987843243077069,0.0012251242852663324,-0.014108441314118148,0.010576365695718515,-0.002754905692254672,0.014606186914243757,-0.0011964604936280931,-0.009247903078088648,-0.001037085867116816,0.014202319273853403,0.008370647664232678,0.0025042320080295166,0.007962518633742866
2019-01-11,0.0029930645172664416,0.00559057927917217,0.009056153339290107,0.0066951076426715606,0.009773117266305142,-0.0006751674268117291,0.019855035364891416,-0.012577968745153045,0.0025575329576821293,-0.000449827891937038,-0.004710881097729436,0.005679144034225203,-0.006522207026760873,-0.012905931091130585,-0.00762729703263032
2019-01-14,-0.009360686722802991,0.026920259517076772,-0.04913302267876796,-0.027674786771877735,-0.008295857419776231,-0.016554025311933285,-0.003555157829251754,-0.0039344340232294606,0.005424773351198953,0.014514071007552198,-0.0036126119161801196,0.02312991048033264,-0.010444888825335896,-0.007064597953562846,-0.00549025050109464
2019-01-15,0.0013616541512517788,0.035190125273434125,0.05519114589883989,0.038832195734650465,0.011850429711865784,0.0017176594707963844,0.007645216028167923,0.004809345577746038,0.022562021237757524,0.003548736018487153,0.006204499851468093,0.004952313119734653,0.01854658007348986,0.008920094794713673,0.026497549541928622
2019-01-16,-0.008776953523330189,0.014037951669937376,0.020466971033037407,-0.008991017688987024,0.008267695421194876,0.0037721685815941264,-0.008430504944955675,-0.020097295973487306,-0.0025596356040792356,0.0029836578016908533,0.008536210070375638,0.013881198644548398,-0.011250970486373135,-0.0010525369477851765,-0.01613337209345267
2019-01-17,0.014300545762218952,-0.0046824039018033,-0.003417019798559684,0.008072294950599135,-0.009224490462903523,-0.009907664929409421,-0.0003398275076780255,0.00993127779144265,0.009871593004332935,-0.06004841405923844,0.0008407402935977082,0.0039699917129083495,-0.0056893921854646035,-0.0029502487886633455,0.00683258085570726
2019-01-18,0.016599049975842828,-0.0032725550246782698,0.032051302240794,0.0051027025390579794,0.012068874946386643,-0.004140722206781411,-0.008504774175740804,0.007406553831425855,-0.011147205779515001,-0.08392901266980068,-0.008533361671929751,0.00986747816495348,-0.06294236669635178,-0.005283617074008373,-0.02090118252322337
2019-01-21,0.022093247515759584,0.01922158865211876,-0.024122470544594155,0.006698173074092706,-0.013969443878590337,-0.006237121856948358,-0.0053183813079797915,0.0006091584461400679,-0.007236666056643082,0.019321604924795288,0.0011553263179548967,-0.029459168449511797,0.0006428210713600446,0.002230870008955721,-0.01718880963551761
2019-01-22,0.01905180168583387,0.0004700967570565595,0.025754778125102407,0.00042035540148188666,-0.0024186310951271883,-0.0041841212478479495,-0.0005174925976749734,-0.0016614392009203227,0.0016674127881073364,0.051845390084762855,0.015578133904982971,-0.024320497092124693,-0.020876850329877294,-0.03211770070837716,0.01579687968154775
2019-01-23,-0.011805802411747002,-0.018380952917110838,0.014574324084147383,0.009100965822098628,-0.007274065026965371,-0.014355756601941438,-0.042968139165303953,0.007061512998516761,0.015918297655765246,0.028762308528863523,0.002442823415729878,3.875729832714114e-05,-0.0037722892250863227,0.017631968364508976,-0.015551218946941558
2019-01-24,-0.006854645271565762,0.00597820649094305,0.0005690082314393496,0.009782171962129604,-0.011165488329796247,-0.0049733236522937485,0.005770182715987726,0.010383587510564007,0.004057530022861355,-0.01856149201113344,0.008198717004493261,0.016075846442979547,-0.006750169980193621,-0.008286478381957063,0.00282082854262633
2019-01-25,-0.0012621968500136083,-0.002254134012756648,0.004832988821193318,0.0017863920683658385,0.002117184102106817,-0.012495540947743855,0.0010755694378656866,-0.00592965584040539,-0.003170832682569791,-0.0014184714146513455,0.0014801631756744538,-0.017000413021966865,0.01939324291549105,-0.0170374515174202,-0.11111100890248382
2019-01-28,-0.004501716995979899,-0.00328609214506026,0.004809743385179921,0.008367020933033764,-0.002464871725367246,0.002169030214238532,-0.015938357187050167,-0.0004399098854137584,-0.0009978550169206235,-0.025212872162234112,-0.01783035741775585,-0.020506037663110765,-0.007642145264419753,-0.015897603233449353,0.03829114441481751
2019-01-29,-0.0071800034041964444,-6.86902268344225e-05,0.014824170277311755,-0.004965041760917499,-0.0042358630665967345,-0.0007214452349003642,0.013466684244378024,0.0033885479690285436,-0.007304588454945304,0.02586500318091023,0.01588728925021332,0.026741934434856063,0.008848082117512313,-0.004263065358491969,0.0051811328344661955
2019-01-30,-0.0233338614412536,-0.002747388312358656,0.010712307757450912,-0.02310338198790529,-0.009570768070774949,0.001444287661009458,-0.010594354623242985,-0.0002146424673133973,0.009040612989517083,-0.010535007225633497,-0.00039379282700402474,0.015350113795369547,-0.013480518996321633,0.05328999377885224,-0.004244968104980873
2019-01-31,0.02745044920184836,0.032580172068823465,0.016380063829921188,0.024209545686343592,0.011095001172224173,0.0072096036705759925,0.011433851786938343,0.008879740502158562,-0.0034591945579449668,0.013159749790671249,0.020784884939039072,0.0045847104227250135,0.008890326402546611,0.01978810715235113,0.003958552945906968
2019-02-01,-3.9746055723766105e-05,0.010005817058047928,0.006364929118538365,0.02008455046994473,0.003893997066338306,0.003221204531906441,0.007895216366097024,0.005105300930740686,0.016668201733267773,-0.00047260640722368574,0.025893106267886212,0.011767874110168774,0.017787022936463392,-0.004195375498891263,0.005156288016168187
2019-02-04,0.01314007910635584,-0.00151904849605633,-0.0008074063502132578,0.0034156071507758234,0.03138211207974262,-0.020692014859840846,-0.013352324932367265,-0.0019729280526785686,0.004613931356597156,-0.019964533090620185,-0.020080635280917747,-0.03317817146706825,-0.016994999033586033,0.0028438042948324416,-0.01267341915296405
2019-02-05,0.0054629221436721664,-0.0013889602258930767,-0.007542203941238057,0.0024694464724661636,-0.02256423086687298,0.0058287784558404,-0.010645888769942768,0.006390133324989611,-0.030296859773391693,-0.011812854928377914,0.0315333052492055,-0.00454958686072926,0.00538224901816986,-0.023841958650842265,-0.023533093228080393
2019-02-06,0.000273612986856131,0.01119426781460442,0.010177769253570945,0.08035951206767922,0.026232926288711766,0.0195582276001518,0.012948933336290658,0.0008568476290344851,0.004531008743680509,0.01634547933823871,-0.011253177935450887,0.010225738921777916,0.0017844784984106798,0.04389918046475505,0.0037558280840956915
2019-02-07,0.003946918957093537,0.0009169312248862305,0.00376165774279813,-0.007826146269158007,0.008180014274167702,-0.008388066089086599,0.009362674139098859,0.008461573680461631,0.010278470730648692,0.043927096170113034,0.01150671819525817,-0.0062882529809896726,0.007773359276459946,0.008142697473050076,0.00031182304929089355
2019-02-08,0.011560359167839707,-0.004057351680908372,-0.002408987618693903,0.0006828522277224636,-0.02535486633931805,-0.028686911194963582,-0.017124568631726178,-0.04037288818986262,-0.03238854359010834,-0.008852698834504347,-0.018463283067870928,-0.029324339179379377,0.006749225214472743,-0.04150898246265111,0.02711974084960267
2019-02-11,0.0016546229811531532,0.0024969010319315643,0.0009388368705991468,0.004779415678894061,-0.04127667499096854,-0.012874020684394916,0.005807722604930898,-0.035507789913819976,-0.0007878893792170327,-0.0057998312078950676,-0.05572819547044283,-0.10808106240826465,-0.003351933079577152,0.025493234201498627,-0.0063732986209530385
2019-02-12,-0.00222804526461029,-0.016190361377986573,0.005227369987285346,-0.00525089258376521,-0.005426792295062488,0.022247709797284854,-0.006495891871448611,-0.005505523996200301,-0.031841568439288426,0.018784352129803228,0.014204676026913221,0.009225228871242885,-0.0030430459509637187,0.01393804249169106,-0.027794705149271404
2019-02-14,-0.009124957028870617,-0.013858402202489017,0.00026661953858031495,0.0009315371448175291,-0.03855933559941094,-0.015009241259402506,0.00944429524378787,-0.014373390225934757,-0.02792021850016213,0.00984881192557796,0.005560815026396382,0.017752230252063628,-0.033574207277075496,-0.009950872275241829,0.01979266558407744
2019-02-15,-0.0024477580875073013,0.0025674500660315402,0.0026659627221714555,-0.007754982549180944,0.02156635077050928,0.03809519807729078,0.00791636596651446,-0.008782687475635709,-0.022652443417141788,-0.040825670631034594,-0.03895397482229057,-0.008287173807339343,0.012632794749214415,-0.031188445480381244,-0.025877924926242524
2019-02-18,-0.005141659127512743,-0.0012128928216953438,-0.0013294371312523312,0.0047518445218812655,0.015555636060419875,0.008807415010671393,-0.019278799582430728,-0.01765480547332332,0.018664390558831956,-0.019508301698284547,0.0008581949055985749,-0.022707484304483883,-0.006729995471340122,-0.0041710038242348535,-0.013282742652523383
2019-02-19,0.002662462845475222,-0.022603030524262824,-0.03234816624446246,-0.015495629329433047,0.014952443350843225,-0.027282662196793983,0.004368457253329128,0.01603468186206758,-0.01310220392762862,-0.0024113560356820996,-0.011167074474912053,-0.00040285228801562045,0.003801082722075133,0.011598992581811407,0.04743583454811562
2019-02-20,0.007262991486071346,0.0226422820480241,0.024074621874400792,0.027054210503489662,0.035213696131476624,0.026177964461771452,-0.00018109144354072626,0.0006087859049543898,0.016965148135085206,0.0210320631109997,-0.004631727963675947,0.011823513329036084,0.01745141580604237,0.04289210297016255,-0.0024480205896303397
2019-02-21,-0.000465451008810569,-0.009787931832580199,0.006313809051655683,0.010155064769585831,0.020132152373679046,-0.005466388040148318,-0.0029002957195470858,0.009518298474008313,0.02713602916040947,0.01740268610304807,0.0242163681970875,0.020007248338867134,0.002912423014943988,0.015677461206697663,0.014110460956838322
2019-02-22,-0.03975461251117862,0.0020451522555857693,0.011213510881586286,0.0065192612700137875,0.011228127792588305,0.023818318598797683,-0.002726681759030569,0.005978046078830568,0.003731309936394256,0.0018616267200424197,0.020570120093959643,-0.005207506161869158,0.012746159951338987,0.00691584132523948,0.02389584455618432
2019-02-25,0.0024638737099260677,0.027144836950900864,0.017557820801700874,0.005629449570481615,-0.005719867474689222,0.004652737889300429,0.008749574141614813,0.013682335618658392,0.011749893455550664,0.013008243662552488,0.010380533513321577,0.03598844655683697,0.010833161792379586,0.005574330440545561,-0.006499272207102558
2019-02-26,-0.003868119481844179,-0.01642612709673763,0.005838192872510417,0.003190388275922107,-0.0016921966418447232,0.0014248501729039464,-0.004336960557507208,-0.002515775734503012,0.008299987230224737,-0.0008023910407118917,-0.007161855660163585,-0.02534842423220618,-0.005673595154294331,-0.0029694722081984315,-0.010407351930457387
2019-02-27,-0.01617926312709761,-0.009764402795214622,-0.0341804325639663,-0.009240314990966336,0.003389724706977182,-0.012806770589603111,-0.0014517912091571716,-0.008394730822038898,-0.004847845898832581,0.01594959501664528,-0.00033981882115585726,-0.0069553412427248995,0.014899203001515371,0.006949782712341035,-0.012319718388468903
2019-02-28,-0.0025078754676931547,-0.0012918522999095794,-0.014690030221608197,0.00551114616473769,0.04133106860101288,0.018018000113712684,0.0034530570802553395,-0.006902625024846842,-0.0005557387817599624,0.005533965839715105,-0.005761337559957558,-0.007308925532703459,-0.006559382503518507,-0.013113742568278353,0.002129537142788962
2019-03-01,0.010592790263967977,0.010349810482491506,0.018432897786505364,0.001987469352700222,0.0030272514702733844,0.012389275071444272,0.007788507210339413,-0.017664875259283952,0.00665694245741677,0.004942141415062107,0.005452757686981391,0.0095975929485288,-0.03269918884943612,0.014287209276882207,0.015482753947851036
2019-03-05,0.011827516125783255,-0.012670039678812861,-0.03220652993007911,-0.026208296030338807,0.03957097702389745,0.02797202035023849,0.015636619183070133,0.005180981333663848,-0.002729526688322048,0.019112518727008254,0.003061056913393534,0.03477036127700339,0.0006500196779724021,0.027876276313569148,0.04992530434288689
2019-03-06,0.000685131161948016,0.0,0.017418415514705687,0.016728402294341915,-0.0012904076473804205,0.01326562578117585,0.011325309872738165,-0.017628054566239504,-0.013685897520531176,0.010199634810318603,0.014901460913175013,0.0007127964918398622,0.005034951886903283,-0.0017249357563404732,0.009965809455712016
2019-03-07,-0.003302931606972037,-0.013037420220168738,-0.030996556328624636,-0.01857779802920001,-0.01776495024296998,-0.01846276687152859,0.01522293140915365,-0.011375139467254769,0.0056162349032991,-0.020953169951582473,-0.004788764123238809,-0.004862617995378238,-0.005656071267066909,0.0005759721003173457,-0.007893940808996636
2019-03-08,0.0013741722522218058,-0.014662522934834166,-0.04147305787124711,0.003835284477043288,-0.010851690279218174,0.04103969703562371,0.006549554649504241,-0.010604441624893046,0.008985308368563816,0.008982035490735063,-0.02450815479788704,-0.012679446754793933,0.003412832189523707,-0.025520399244769787,-0.0034101157660703096
2019-03-11,0.008596298613408715,-0.0015439652446195273,0.007955017842954382,-0.0051766447372357804,0.01728707312595512,-0.005256286917896813,0.0032533557866880614,0.019578900443743663,0.020269075791103486,0.009891236577963092,0.004244548947079041,0.02743411031185472,0.08130867417144061,0.025204095092408396,0.008554461117904033
2019-03-12,0.011043882160736374,-0.006045747901857412,0.006159782100903399,-0.0030353809683287825,-0.007516197160643223,-0.0009908803060459936,0.00529107507160953,0.013222626594160625,0.000542463581904018,0.023615210364176686,0.015498014711560648,-0.038868709212299235,0.053924639289268494,0.008643084160999903,0.061633867478725124
2019-03-13,-0.001662209471943954,0.00212181465592165,-0.013200803043920795,-0.01832977200672614,-0.013829212011536085,-0.020165267716642732,0.001358201619108046,0.028229325746255807,-0.0026156579934702995,-0.029343065448055983,-0.004124743822977672,-0.03426254187938027,-0.03993748718374179,-0.021708181472103405,0.0234355479974524
2019-03-14,0.0061050374747677605,-0.00014126700621241994,-0.004071214014732094,-0.0018987181655133467,0.008680937035653313,0.03677474793414981,0.002034650773369062,0.0014922690142804562,0.007179641249386082,0.021139063352398235,-0.0029933706551651396,0.01284010060644003,0.013767563614287326,0.007591395430001535,0.0504812920683817
2019-03-15,0.04428863354296597,0.014399698195051158,0.025695846273609435,0.0137610569476867,0.03277082436159384,0.02863636831807148,-0.015905475099783906,-0.04184653541075778,-0.02630662507813375,-0.0038613631504325063,0.004154141669777012,-0.006890690036527869,-0.01372660434199724,-0.004250059369675263,-0.021798322081895694
2019-03-18,0.013960663896414038,-0.011620503833452256,-0.022205262872787457,-0.013386792234146183,-0.008654305316723065,0.004429168687918761,0.009456870292654518,0.016200304572792534,0.01852255828194016,0.001184483752272092,0.003967846721809165,-0.0040029173861099165,-0.020876573807292687,0.018915525045617887,0.001519397156736657
2019-03-19,0.003051336795713455,0.016966929911155004,-0.0005823258619568339,0.00767199873845037,0.015195604204160773,0.01971653073764168,0.020098625078875942,0.02394660463357723,0.0006562283857292073,0.008711621200519382,0.014703499119988583,0.018085801609651897,0.01844855744566387,0.004379242708657971,-0.018963320404260187
2019-03-20,0.0028567759464273035,0.02312204988772182,0.015925419381477735,-0.006040511041060848,-0.032802336252963915,-0.04188273178744795,-0.0018366659037717392,-0.016517170651082047,-0.011934272496912368,0.012368003538752115,0.015856411509908686,0.022896900806505194,-0.008166361291098267,-0.026350612156445852,0.02757743801772694
2019-03-22,-0.011357056568717772,0.005616117541336507,-0.003823521472723801,-0.0013925149810088966,0.003292788881215092,0.04177932348245483,-0.0023418092639465593,0.006695193318975612,0.0034001235865657176,-0.003159593391924953,-0.0001273166966619943,-0.013207656570333404,-0.00733538703369041,0.009345733747677443,-0.016052350852350794
2019-03-25,-0.020654759045241944,-0.01056379730305268,-0.015543945848088714,0.0010774881600936759,0.04135200428543451,0.005198752388465566,-0.010563319626604173,-0.0068252654927988265,-0.002533605785007942,-0.01817231749420145,0.01077680316832308,-0.0030853547231024514,-0.013723225629147517,-0.006269386624512596,-0.03517716035772589
2019-03-26,0.026210206686127613,-0.010200626304103455,-0.005847970078860731,-0.023872685840081842,0.015223801801603987,0.04026577326599323,-0.005592388845459095,0.015539106669715919,0.0027177853697240018,0.011083818569085802,0.0005033233208013854,0.004228251641543945,0.0024463284938645025,0.008153017506492333,0.0385735236002267
2019-03-27,-0.007520765096935,0.0026795527129395147,-0.0017646582653904064,-0.007525198855736437,0.00031235132520879283,-0.026988686659195738,-0.0010224890732983827,0.01871510376341723,-0.0007258199398516574,-0.010536334671331749,-0.006217738679622942,0.00160601734013599,-0.016168275080750028,-0.006835279580362008,-0.03128992818365428
2019-03-28,0.005927211282925171,0.01110061839401788,0.000785561620428199,0.008824001334399423,-0.026233828410456406,-0.009123875732507725,0.023541394324253062,0.01662692685738354,-0.00011314774036108588,0.022803087695669966,-0.017305320376486466,0.025308676945591246,0.023100700416223585,-0.01841808771113984,0.019170399919413716
2019-04-01,-0.0010068270663979861,0.02344789859761054,0.027085485234706885,0.01788250978966266,0.00865967528331213,-0.004788195628397052,-0.009166493061615322,-0.01426430954770841,-0.015081214347999028,0.007150954944307841,0.028558785570290457,0.07316465701516561,0.03288376863505671,0.05698211104927675,0.007729755818719042
2019-04-02,3.703445936054095e-05,0.0056947599208276856,0.0,0.008847982392206077,0.001589856867694861,0.0003699071031777468,0.002186649584474454,-0.011758793666079459,-0.018246866066051526,-0.019108345095320223,0.0014134765693056828,-0.011185436794947212,0.04592129740447004,-0.008409074672607986,0.020199521055817682
2019-04-03,-0.003919316022944486,-0.008032655422761215,0.0,-0.018613323956477634,-0.013016001547311529,-0.0025897228984670395,-0.005874396186528075,0.02011233084538011,-0.00136934755670437,-0.016393329965535663,-0.011987544143965412,0.0035450566303818487,-0.018095142520977325,0.009045542635658821,0.013032632231254837
2019-04-04,-0.008469630672904072,-0.0071685981272908705,-0.009936984475083954,-0.00411453447416843,-0.0012863772224529502,0.006305826352306143,-0.0045588449166974465,-0.003807495774412084,0.017290446588800412,0.007792024654557084,0.002224214696229021,-0.002778617497685709,0.01942890620158977,-0.008964454282243461,-0.006185077579039189
2019-04-05,0.009864799416402947,0.015242712236078093,0.011773918546037043,0.003550806197018641,0.008373255279607417,-0.006266312076482539,-0.0008477052535386109,0.0017239662697658975,-0.015698071997051533,-0.005261856632764017,-0.006134328977890902,-0.008955035668522293,-0.0004205558046568303,0.035145707723227115,0.003734109945274122
2019-04-08,0.0054642176739059245,0.010470219158843497,0.006104553098099874,0.012737152817103192,0.00990113144179161,0.005563920830602198,-0.006111055960539624,-0.011852380344774982,-0.007531556399083761,-0.0015114111792939866,0.0033946234933011077,-0.006345445559305274,-0.004766560453530522,-0.0004551316943622874,-0.08432540640032615
2019-04-09,-0.0013400520769321078,-0.008667457663598666,0.03830090494781091,0.0029854587754345463,-0.003478750149421228,0.0025820804852589863,0.012126292993716481,-0.005580725084725735,-0.002893996051376302,0.01838040688183562,-0.003763074905984154,0.018147484649388312,-0.009438127308585398,0.007285336221973804,0.01923073175700507
2019-04-10,0.006299174557759635,-0.010386485097087395,0.026296657469173423,0.0009499001216248804,0.0028562786628090198,-0.0095658952774903,-0.005400025441693823,0.002029778192024212,-0.001383907477947921,0.0021232283729724077,0.00424936271816323,-0.010559273907311595,-0.032991909384951223,-0.01564055494089056,-0.04278484937600069
2019-04-11,-0.00496326668431557,-0.013285325709773366,0.0010674273212940566,-0.011768443506014137,0.0037974280462025334,0.010029566664615519,0.00576871994053918,-0.004425467066556665,-0.004309148033797783,-0.013560596691936877,0.01690774338728862,-0.004694306098264045,0.018676332849575372,-0.015980896945900658,-0.013326057020340731
2019-04-12,0.00018613478765416858,0.00679932669959582,0.0074655178502740505,0.005633952822949206,-0.0063051517412441305,0.0,0.031545202092861935,0.01948133749729153,0.012983581156345458,-0.0010741048890096083,-0.0016714070064668407,0.019268234283531305,-0.012703873882033534,-0.003826720833440711,0.023354075969964194
2019-04-15,0.022628314794573168,-0.027081300907805916,0.015172952440288379,0.01508905357225454,-0.007296852778190477,0.005884817865118519,-0.0008176328981934766,-0.00033695717729520513,0.004741339193066851,-0.013761866847109006,-0.00507654491294407,0.005615670086412061,0.016815479561221647,0.036540738805060036,0.015947200462084865
2019-04-16,0.009134880331055584,-0.004673517539749761,-0.02363570946800242,0.0011287891366680292,0.025567049277961384,0.005850024091385908,0.005564783927825001,0.016927617246705218,0.007353783330946051,0.008503225370014356,0.011565525144029642,0.002988521940878286,0.003019723384751316,0.00018075113976512291,-0.007577931919507064
2019-04-18,-0.012081881774326675,-0.009736200976676601,0.013883828147660093,0.002819297906623053,0.0009350751688721459,-0.01599414622964146,-0.009114720482238714,-0.018048994992009848,-0.007531841840850095,0.0014052075565047506,-0.00920322244186933,-0.0028227181023414705,-0.005161242255738996,-0.0183461092689301,-0.0013633565467199293
2019-04-22,-0.009454757310553674,0.005578440077886437,0.012113870524583348,0.0062472907312276504,-0.016811989693881424,0.004802050764663113,-0.008541295959460293,-0.006805381121379628,0.0008005200583964811,-0.018782410361332103,-0.0012149554923945871,-0.031102772656163236,0.007061591348302532,-0.016387429685221444,-0.05543420186774439
2019-04-23,-0.0009951036057818108,0.009916182482644142,0.009887255384491977,-0.0004965959617696525,0.037048806135940415,-0.01727925554891452,0.005301396355388288,0.0027850143898184854,-0.00304975106677019,0.030913097766733566,0.009461072061694331,0.008806647391294664,-0.013439407240450008,-0.020310754816061483,-0.005493006867723915
2019-04-24,0.008411341498719915,0.01132917628997343,0.006698586254374472,0.017143937529092712,0.0299235310248136,0.0022447182440543667,0.010052991977402392,-0.007039407823061783,-0.004279480225376386,0.0017074097604874439,0.013199439314239614,-0.011344432353360023,0.025276358027673584,0.0036305499662763197,0.023546613682389195
2019-04-25,-0.004646336915439475,-0.010727083155410377,0.007336714985377801,-0.002748190725029187,0.0011857621557780362,-0.00783884310588756,-0.007505568448832989,0.001204764840282202,-0.0030050488536237374,-0.01779054228402932,0.022906790207828376,0.014200887308023491,0.012326706895303019,-0.027605871621769862,-0.013916635599638183
2019-04-26,0.013856421084382786,0.012970942188677004,-0.0013551161699786318,0.008266994993348487,-0.002665059558284555,0.00902946908201252,0.0013150368545935542,0.011506014216809746,-0.0005222079543309999,0.0067245781545377525,-0.011162955168406374,-0.005657268912946045,-0.009284717561548805,0.06754763797293895,0.004032324526963338
2019-04-30,0.0052926742880849975,0.018089423423736317,0.012720640609572564,0.015608842140768076,0.004750702941379581,-0.0003730380856463711,-0.01050734339843784,-0.003741020262632344,-0.024143339579751788,-0.013897908929943581,0.01434883235851614,-0.01831825157496314,-0.015824270350861314,0.021916557044878937,-0.008892859699139222
2019-05-02,0.014279912106237136,-0.027350850017188177,-0.0164125802718873,0.001076465222644707,-0.0017729631751992603,-0.007086865642385587,0.012112192009468892,-0.028939895503650948,-0.039018447575431714,-0.011908562598076933,-0.004721018617310002,-0.018043411277170462,0.012176178536583704,-0.004038023970950322,-0.0052097378046731535
2019-05-03,0.008141583643232364,-0.0098520027609591,-0.009365068697892442,-0.023416845288510957,0.007992674343135331,0.017655961746054327,-0.002458786783556821,-0.00982102032396348,-0.031224792116856692,0.0023219781543657447,-0.004263820597238732,0.003976268737666544,0.02236269926650558,-0.012884103977087835,0.03549618070035576
2019-05-06,-0.0052192824350484335,-0.007186213230504501,-0.00017173449061891333,0.00336444712799544,-0.0005872756274220015,-0.0033221846402953226,0.009038591217316538,-0.009433466071496421,-0.011182654479731102,-0.00022069422977966102,0.004522846043488071,-0.007504177221311914,0.006034068670838,-0.02163193321220036,-0.022759390490555975
2019-05-07,-0.0015951781846698099,0.008560588410660097,0.010314624004468254,-0.006706232507850185,0.009109535695432935,-0.0066666646931566875,-0.016612425039081335,0.010912694306415949,-0.005795219371132032,-0.010923614073006127,0.007481356858840327,-0.021297155513311794,-0.02549107448844079,-0.009982303331434905,-0.02472679357941876
2019-05-08,-0.004225414937295446,-0.007177099681174304,-0.010209318720524219,-0.015160033891130631,-0.016307320322044072,-0.02460866762597136,-0.004140589836271302,-0.017061002846283424,-0.00039618348165793016,-0.02019188118340398,-0.014256844724030215,0.004592437500716029,-0.0013847931211595776,-0.0149830172610812,-0.0038325139442365597
2019-05-09,-0.011909929026049149,0.002363389038138708,0.000687518306272894,0.009161291636837099,0.0029601869277466886,-0.023700116079239386,-0.0026606188255192675,0.006199984886975374,0.008643028404262232,0.00045533539303033166,3.4572744045391346e-05,-0.0005982632778368524,-0.027889078466163397,-0.006696653868451086,-0.006806665987922789
2019-05-10,0.009130339891566974,-0.005824780555319875,-0.0024052383672886757,-0.001543932679338722,-0.018299802379697527,-0.005481691354293439,-0.0070037535744100765,-0.01264692513445953,0.006043583354846893,-0.003641550029612195,-0.008343156307058286,0.014492119911131418,0.027421332834059342,-0.062313309199812705,-0.00774754250434595
2019-05-13,-0.006294154947391606,0.00397576142146483,-0.004304969205807252,0.011009398723690333,-0.013229078791373028,-0.027165085928776422,-0.028379378572664593,0.006734419227915289,-0.004463443106976328,-0.0905767830841897,-0.02560498854289306,-0.012009654735961273,-0.016815997125801396,-0.02978652153421102,-0.012912832610443403
2019-05-14,-0.004606461160327702,-0.008128571082440583,-0.015565476976111325,-0.03334140807128627,0.00030471230632644897,0.016592239708956624,0.017455878464077035,-0.009844620547404648,0.007864446302995098,0.05362963889600425,0.0017304418784824804,-0.025420110193570267,0.056331348244595514,-0.005822458708819256,0.011560785078416291
2019-05-15,0.009291759057893811,0.0031520107665690134,-0.005621878358485266,0.00031644707560918306,-0.008528856848880051,-0.013136992106000167,0.009172775884313866,0.006853805806294133,-0.0036512776571412386,-0.023125551338453842,0.002119420665736671,0.012210122055365424,-0.015894088072663237,-0.014056186010593663,-0.028872261261489007
2019-05-16,0.012430274518536955,0.023739691945741992,0.008303727791685978,-0.0012024256134162137,0.019662085414520414,0.014522062023991644,-0.007742784625281662,0.0011687510754077035,0.010584977156834707,0.006467388228817983,-0.004460744443632092,-0.017294131174198757,-0.018264203840975157,0.013608674354931072,0.008981054411031586
2019-05-17,0.033152735296818614,-0.012549501392717488,0.0036796316975200583,-0.0057007930802865925,0.008436554979459832,-0.001988088629520268,0.022561537186259084,0.018004616996432965,0.023212517533919508,-0.008001918077118142,-0.01999272278384845,0.004179551577657481,0.009993859704842345,0.0004260358967964617,0.009515097112769322
2019-05-20,0.029143987088957823,-0.0020720300139641656,0.013442949779071345,-0.007007550414962482,0.0516879737877074,0.029880655383563548,0.018579949939744544,0.02890419042712522,0.00789778406188324,0.010755287028522353,-0.05668499902290658,0.05003505899365668,0.03546967499918563,0.030567709947570965,0.056552182052251876
2019-05-21,-0.009750234311838635,-0.018133968611773632,-0.011541821860486468,-0.008083743874071958,-0.007102608676626376,-0.005029071371845051,-0.003583279573175613,-0.014761099676062428,0.016957029748620123,-0.01124549655216911,0.02996843174421282,-0.021363685430133672,-0.027785994386683166,-0.023253275893441394,-0.012949571231958168
2019-05-22,0.00494004587259167,0.0006342568457609055,-0.013245039320771035,-0.029881568492170052,0.012875664551962318,0.007776115736495948,-0.0005951987112591262,0.008610441551903714,0.0013865154967507287,0.030206497318032932,-0.0034684461900960084,-0.008314190786134268,0.013609502513010963,0.0009520125811952607,0.013994017219181476
2019-05-23,0.003009417408998516,-0.012257641352407034,-0.003179121421989173,-0.00886714675197997,-0.016101783974012407,0.0019289514943707786,-0.03853208993355717,0.009018196751522378,-0.0048901158965891645,-0.019586806335635143,-0.0076943625908811875,-0.011049495609408377,0.010890786279640574,-0.017547317302177512,0.039102921636007926
2019-05-24,0.007967959817062553,0.011625701912024056,0.002480310894223514,-0.010023232102121526,0.0014355729231756431,-0.005391004395223553,0.007807136243963564,-0.012688531532947023,0.004350794589221607,0.006780739808431857,0.0100861673417183,0.01773765771597069,0.04250291160272979,0.04185479913241341,0.06059768379274755
2019-05-27,0.011708682335133114,-0.0015513476202879684,-0.008483315783175405,-0.013317756623995591,-0.00430047930816968,0.031358955098605534,0.001377231229453546,0.03529055876194054,0.01595898004054286,-0.002165087592207793,-0.002214746496796871,0.024177944041401833,-0.010475718641144827,0.058659465646828224,0.027915506367992116
2019-05-28,-0.012030760718781064,0.028244319716762334,0.008734359536132219,0.015288311237352303,0.00950203607515987,-0.004504678168696152,-0.006704629472648382,0.006247451809167748,-0.0032970723228736842,-0.005062065039572405,-0.002276192446605818,-0.0066736457378120395,-0.011158790899595927,-0.010730640306744754,-0.008121878558846496
2019-05-29,0.0019193021074412897,-0.00041185183486946997,0.009719217843030092,0.002306262481690746,-0.021391868235668188,-0.012820594928467544,-0.0027690173724604916,0.009077088344757511,0.010391527578364368,0.0267719012341463,-0.015535877704948686,0.010497458702408258,-0.01967582881521024,-0.027117589869739778,-0.008700079143357242
2019-05-30,0.014168770821546994,0.007900594687134,0.008050275004680474,-0.005210878794970175,-0.012241599324553487,0.03208589087696789,0.001909036819838894,0.010217564909300147,-0.010233212837032601,-0.026073854574679478,0.015953278484134747,-0.0002496186525672295,0.023317439026182107,-0.010845455421106265,0.005162708027757645
2019-05-31,-0.0085975055291041,0.005725625304701776,-0.005555742326739388,0.03448972025496366,0.014753776927800555,-0.01369381009788706,-0.034990508049572155,0.01568838004526918,0.012053456453659628,-0.007025736829366802,0.009783731671975326,0.029759110737557437,0.0060572352459613565,0.000717551410938988,-0.017976333881328133
2019-06-03,0.005978249519224876,0.00935282639336843,0.017108974041435188,-0.0036165670630734503,0.0011632054107313383,-0.0011256534570900367,0.0,0.016380990444762267,0.016512951141089305,0.01695726925980523,0.017081476993445532,0.09565703950726356,0.01132456018972694,0.019147927325570357,0.025888947800506212
2019-06-04,6.549089942264885e-05,-0.012556297938623562,0.00841082126629722,-0.012275835391925671,-0.009003901983786422,0.014650586253893705,0.0025129070357301497,-0.01147463337576482,-0.0023904377222719875,-0.013555614893435597,-0.021566999712469115,-0.018418916908281235,-0.0009923008706093084,0.0,-0.0035686732656265985
2019-06-06,-0.011166720687270426,0.0004078188935481286,-0.007659709661662628,-0.013764382770117933,-0.007033990961047842,0.011107168839708192,-0.012533503271824675,0.004410072194566794,-0.020839822614526105,-0.01702566113927495,-0.0030200230500671,0.007393109807037668,0.003972779106124591,-0.026223154696301765,-0.02583781987638123
2019-06-07,-0.0016180273028162384,0.004758007401164832,0.012178429984061268,0.017276388113997676,-0.011216119213551035,-0.010252757556368453,-0.0018130592877724228,-0.008570801393325667,-0.0007064405710119903,-0.012123899546159556,-0.02882638408190452,0.04176133955696071,0.009327339329469275,-0.005158874449900375,-0.001838094008838942
2019-06-10,-0.0060854100805134426,0.019483438185236013,0.006947888048041806,0.023243508010348135,-0.01701495290551147,-0.0011097545144950205,0.01507702333709493,0.01691176170690789,0.03276664407542862,0.007013084959634597,0.018812637439483693,-0.01366038367405642,0.017782161639950722,0.008193169300743763,-0.004209573779901943
2019-06-11,0.003394214912776139,0.0018580101282172912,0.0020197315632024537,-0.007940821160637435,0.027938293008601844,0.002222196895510953,0.0016106523064804978,-0.006449442278689155,-0.004675671102937873,-0.030095758561510477,-0.008899763804110727,0.0006164029203841181,-0.0005502975716107361,0.013270267710220107,0.012153351664691225
2019-06-12,-0.016051023146919752,-0.0014573339643215721,0.001007434985379252,-0.018567152358237915,0.009453551054105391,-0.006651956742159126,0.00035717625863873614,0.0062419480035662556,0.005569880975977215,0.0037183038919041955,-0.006197693585728192,0.0013044505981480992,-0.00922244823513696,0.027106686950923997,-0.03654390245672112
2019-06-13,0.013818638738772648,-0.0008743122724319541,0.001342383639683975,-0.005147156737315806,-0.01112105994126944,0.003720344733460168,0.00232212376643659,-0.006989993155920637,-0.00412084530848722,-0.004215498888312963,-0.0005597928722934631,-0.005391734431215656,0.010697562872815425,-0.006523753916694797,0.0021674698253983937
2019-06-14,-0.020046641563393974,-0.0029624396491972904,0.0013402460708009656,-0.005174221966576242,0.0020716196050822866,-0.015937809090973087,-0.009087791350520735,-0.010741577215085285,-0.006851835276573182,0.0071839419220351974,-0.008924945864451361,-0.0026923286378158773,-0.02872855724986778,-0.001492317011637101,-0.0383888511343069
2019-06-17,-0.009159655337047101,0.00013496622619046938,0.0011717082525211087,-0.004998273611815041,-0.028942783867881072,-0.003766586202645583,-0.010969353296143347,-0.0007094277345172095,-0.021895517414157073,-0.024582726628487594,-0.004288276422360848,-0.0069676409684548135,-0.026323205745873435,-0.05719423593543849,-0.029238143491383317
2019-06-18,0.001027217909430611,0.01296354270285982,-0.0038444456531657734,0.0067883211919377295,0.010644843445595242,0.0011343916405550658,0.0003637103907292438,-0.002024939142066584,-0.01102006622236984,-0.01162179756708348,0.014525275905369561,-0.004665863896005096,0.003343000349862013,-0.0016909804013127694,0.006081578922445985
2019-06-19,0.02459221334122219,0.002332934747866,-0.013255065413985911,-0.00802380650515333,0.007222727220679959,0.016993952716961136,0.007633654677898116,0.013449374308664774,0.002946883683661028,-0.008587553234875367,-0.01559077614273996,-0.0021775308720638487,-0.01173410329371416,0.04615719136503138,0.01554411070893491
2019-06-20,0.013720029857357208,0.003989868669347585,-0.02414541257168934,-0.01366226242305335,0.02778598060923687,-0.0007428061109102657,-0.0007216474993446687,0.0091590493263769,-0.014483473188428908,0.04077796620376373,0.005468798233997818,0.01668229702503976,0.021841177319634753,0.01396474841724027,0.02806131670863432
2019-06-21,-0.018803255070471314,-0.0062260768094358765,-0.0038334470362779705,0.020536331695673926,-0.006104785299047455,0.0,-0.00992775982414329,-0.009997540369402147,-0.0025934230798582147,-0.019718342647068954,-0.0051662452262529746,-0.018955307871042715,-0.013627971351377277,-0.006686596643758369,-0.020954029795195894
2019-06-24,-0.012887710859568635,-0.006265083701780805,-0.006821849913421385,-0.016476514789930397,-0.0336355657196552,0.0078037397507926265,0.007292766393204531,0.009576877565358854,-0.01634418559867834,0.0016982175298174695,-0.014951666805857355,-0.0026699644862064886,0.003781328539669948,-0.022907673585598864,-0.011264526149763254
2019-06-25,0.0090439314263564,0.003487519712292997,0.004931510093638902,-0.005355386077640523,0.00605297312327302,0.021017868968364883,0.008144777835944694,-0.0005252593790103788,0.009782368923140439,0.005998149961995214,0.009011707662464286,-0.014725091580171545,0.010142134705264372,0.024164602148743608,0.003987720347302659
2019-06-26,0.004515174496777741,-0.011896626764699159,0.0029791476163991693,-0.008628402654769385,0.008122866536465434,0.011556603739546034,-0.003949915849148389,0.008256941356362457,-0.026640903393198245,0.03551526402580385,0.016915992181251838,-0.012756134826653609,-0.008749367212564696,0.025301266788988475,0.04737573235451653
2019-06-27,-0.006037817648922972,-0.011702073196856566,-0.014153504827880803,-0.022489815946219904,0.01820355883453617,0.0007140938658909413,-0.014058956775345743,2.9304372132887835e-05,-0.0025614991907126905,0.008386256947834791,-0.005176472201044446,0.0034405020409264964,0.008971225115388837,0.000195627218814165,0.005417118764919238
2019-06-28,-0.0030371435157851012,0.0019846372919694044,-0.0056715225464785135,0.006624527175568717,-0.016705837698577364,0.008562156150921929,0.001279692389053011,0.009298640850801343,0.006530083879727977,-0.004592782723280453,-0.005905008123120892,0.035620388423794225,-0.0057364812446853986,-0.012335994977708209,0.015894482204337868
2019-07-01,0.0027755565954765693,-0.0009560715057965741,0.005347428864897585,-0.002759908038943548,-0.04023830457530653,0.00848968004612427,0.00401682875743492,-0.0036809578457742687,-0.0022416044225093135,0.01097407279805096,0.040933862192159776,0.008460847769714785,0.005336689758408619,0.00505557068954543,0.011933109650940521
2019-07-02,-0.006548714057215688,0.011896615720502046,0.007978747183976731,0.00993402462855486,0.02888196734964965,0.0028060707062254053,-0.004000758396058068,0.008097191142459659,0.011579640394616675,-0.02417674156167615,-0.010245396919922212,-0.010687760505346477,0.014634237743727407,0.0036492936484426863,0.008909742760732309
2019-07-03,0.002378471234743884,-0.011756750181471154,-0.004925201233908161,-0.014824784359951382,0.003923986902424126,0.0020984718302610172,0.010407113104456744,-0.012177581968824902,0.009190342889928482,0.0003793730003500695,-0.011778455682329714,-0.010656230128283761,-0.001131162357315696,0.002948064930603733,0.005974039983504875
2019-07-04,0.015457737588597142,0.003418583905224093,0.0035355323617216605,-0.0007129600629269817,0.004810486394466684,0.0013962143822008333,0.0034333587463175608,0.0055248274129438,0.01669240813236339,-0.009097836704235807,0.002195012516670758,-0.012037901543088037,0.027038423171732884,-0.0040216730906452725,0.00490575456214648
2019-07-05,0.012952166709046642,-0.02153163758890364,-0.042275969423401505,-0.027833364745359357,-0.03351274349399547,-0.048449182776939104,0.0064828282610598364,0.00609603198998343,-0.0058072523288016376,-0.04297375498181577,-0.0005572462451644,-0.01418364228856972,0.0056513684223284955,-0.03422178644057727,-0.0393112184903146
2019-07-08,-0.027616456648065224,-0.0005571544350424507,-0.018208513345811306,-0.0011011996542684699,-0.05634697868504723,-0.05054910404716928,-0.00715690915429068,-0.013000545557406928,-0.0154699597498138,-0.022518375818334158,-0.0020183635431902935,-0.0026021316133693073,-0.023026257781616932,-0.02153223681153893,-0.024338193975252942
2019-07-09,-0.00843905135361056,-0.002926589003172886,-0.0052453666589138415,-0.006540690241748526,0.0065618122321216,-0.00038606782366756853,-0.015678318187914986,-0.009693796529098742,-0.006651642539646785,0.053435078859787044,0.0012135787839038237,0.019489758805512958,0.01655431062874535,0.0008545009848073271,0.006852914283665301
2019-07-10,0.008886919896781809,0.002446119488900944,0.005461442923325066,-0.0015536600161183411,-0.011408013357239066,-0.0038594700961824824,0.00018300214306377072,-0.01168796965917962,0.0024976035931991714,0.015010545126167285,-0.005464131484447465,-0.007902828759807523,-0.010350452240044605,-0.029138565420335327,-0.03239841140998445
2019-07-11,0.0061656929700715235,0.005925392124249473,0.002996790691058404,-0.013558460843918207,0.009561439492483004,-0.0007748846634230144,0.009152451661839311,-0.0037790757054676494,-0.0015887813692758712,0.015170838210478044,0.02646388862498772,-0.0021620161758970635,0.006135817821884215,0.01583126619218067,0.04670787589898495
2019-07-12,-0.00033673359108898904,0.007276414111426099,-0.032866455586972876,0.00015034478726860812,-0.02220774801240788,-0.008918122855386068,-0.0021767259065832434,0.014369667062655855,0.005587419811769356,0.02398589371644988,-0.009215768641467004,0.036455707582759844,-0.012889840983715595,0.023592986337953148,0.0008064649408399127
2019-07-15,0.016479433451453973,0.07237692432525078,0.0036684687795864868,0.018173672922131567,0.006680237370177311,0.0011737346118341208,-0.014906128599389667,-0.016081135557850068,-0.002517457190364669,0.037404861798308486,0.007283570147027962,0.016467998259678485,-0.015445127937164238,-0.009727254620894854,-0.0005370343791596399
2019-07-16,-0.004409489241202436,0.007057154769566587,0.00038482488656721436,-0.0028766339730329493,0.010285326473407075,0.023446546805092616,0.003690673867320138,0.01952213013516113,-0.009536299261837522,0.024470957928246717,0.01861024291688662,0.003247368753642288,0.00042782705165200774,0.01793712109810741,0.028486728457340016
2019-07-17,0.022078748928141545,0.01184927527113544,-0.0015383195039311293,0.021968975660308976,-0.015435250595771222,-0.01412733138047384,0.0034932477358236014,-0.0011317660806099417,0.018437207150657997,-0.007500636429844776,-0.0038108858687440073,-0.004603829729542319,-0.012829691476905714,-0.002097683817185003,-0.0033968875066522353
2019-07-18,0.002378463324655744,-0.001825604017698268,0.03659471213373666,-0.005211186394344591,-0.04336226709868407,-0.015879173809652092,0.00036619364616563566,-0.00843476323242387,0.008238728776833959,-0.008952309163165695,-0.004031759541903712,0.0030714566631562246,-0.010830141892308243,-0.019129712677821376,-0.039328839299670126
2019-07-19,-0.025581051448477665,-0.009209140228105261,-0.016350662097622815,-0.017680608409786025,0.0034869000484325507,0.02243189423320624,-0.01721599652846517,-0.0042854508873017005,-0.02541803793716013,-0.011379648380913099,-0.015966694350109445,-0.010518579852878851,-0.007445536024322519,-0.018323956817212994,-0.017194162326230056
2019-07-22,-0.029755168802544252,-0.0012730734624295525,0.00037752894383280555,-0.004592178937007807,0.019110235842320744,0.00731342753232278,-0.014536037615909159,-0.020988453947150765,-0.005328833668771904,0.021122439184391162,0.0074047257200002825,-0.006406991545742757,0.007648306104171665,0.016373602241114282,0.00814380952147431
2019-07-23,0.027298364413729237,0.007202919051589207,-0.001132730725327269,-0.0011159539756884218,-0.013978532858543447,0.016813334671051727,0.023638477073781194,0.014688703298913364,-0.0015724607232256993,0.0,-0.012592498175904576,0.0009892837797496057,0.0030652620246489626,-0.012243324513876774,0.003899614407395724
2019-07-24,0.002141975287713871,-0.004746740226026169,-0.0011343965690254754,-0.016016424827507758,-0.006915766133353096,-0.009019286364200574,0.0007390326457910046,0.0007978567373256862,-0.0325066720924968,-0.010923755714216221,-0.00011534485350284118,-0.022364682289688687,-0.013678754234302204,-0.03011877274486563,-0.015815667524627264
2019-07-25,-0.008115117011953998,0.01042871238255505,-0.007380742907154847,0.009358967793909656,0.0017408221354169306,-0.015927158696002364,-0.011076111193094595,0.0013152331038439602,0.011394973415678189,0.02725872515115957,0.02118073985078306,0.006102944253318476,0.00029503297253397065,-0.012667958038058647,-0.005638569397409032
2019-07-26,0.018046392695574065,-0.009439753270095164,0.005147749090433251,-0.013793104285310998,-0.013555883731728557,-0.007321957857758465,0.009519979936452039,0.011157041756484576,-0.0011602760312681148,0.006405141653605728,0.019159183605778507,0.014475908284866668,-0.012094309850784857,0.01169496738350162,0.02353276323497311
2019-07-29,-0.006184368811126051,0.005654391287163607,-0.004552378078541808,0.004351238804388702,-0.01092293692373636,-0.011645908410487404,-0.009800261563186252,-0.00025777259336412506,0.0014427885338836877,-0.020229511660163513,-0.01885448979565363,0.0020541921644745553,-0.0010449970356679605,-0.027048005763120275,-0.005817149204529137
2019-07-30,-0.0025291865760853627,0.0015792930449272102,-0.0003810944116723336,-0.00936113810441852,-0.011400167367078051,-0.0007856154979569707,0.004295242451452186,-0.007203111880923818,-0.020674887573286393,-0.04802223257168026,-0.03540003123551605,-0.023611723879133795,0.03347768849818711,-0.042450172794257335,-0.00947355540894601
2019-07-31,0.013912000622685383,0.0011984072159538783,0.011437383253753097,-0.006247636317420424,0.0007206855673236312,-0.005109965823598461,0.004834373655773216,0.012078421894173186,-0.004604713836350416,0.0399659416887872,0.005703202238196425,0.013497407988841692,-0.023571935528236998,0.04095897093767298,0.0022503161522269277
2019-08-01,-0.015629395518120814,-0.03124785891128068,0.01922354984648189,-0.016659866458685668,-0.014044031932308854,0.0023704985120633904,-0.009807594435366496,-0.011039410753798329,0.004208423196625288,-0.003866614533463153,-0.015866502962538,0.01032114737905565,-0.0405806177322241,-0.027890235904509342,-0.03227604997703726
2019-08-02,0.00788854652329718,0.00877895955160457,-0.024963087997430855,0.016782630714847757,-0.018626707875174953,-0.029562416906626643,-0.011399524943369266,-0.01173464518826961,-0.002499004724235143,-0.010467939456036524,-0.001795864375859102,-0.04053308107374387,0.0606668235597525,-0.025952395182095356,-0.0034803170476166434
2019-08-05,-0.03150707218301829,0.0014183879775726549,-0.0062582767924525,0.018706285523069965,-0.02270177421270081,-0.01705926986607409,-0.017769734692097305,0.026403125670706684,-0.0061864367212474125,-0.008320653913540199,-0.005732992615839927,-0.006525879071974439,0.04118771287510414,-0.024077413916803292,-0.04016305104337925
2019-08-06,0.0172591795138215,-0.0028968077403868087,-0.011832090698944198,0.03479671204163903,0.0011423225485236443,0.019421472727170652,-0.0034639976464831967,0.010650625890370469,-0.010782106814447912,0.0025170772626414983,0.016502938008881474,0.029654611380184992,0.030053223024100184,0.005886160607930568,0.0203155377004689
2019-08-07,-0.006059301479881207,0.002130598525973193,0.014098022677313526,0.005740913595666308,-0.007226861405714269,-0.002431995096159656,-0.020278277626679997,-0.005076956702441238,-0.003920484914923472,0.0068148569362835865,0.00023470864153929405,-0.019100994134368943,-0.0063781406723245615,-0.049053847344718626,-0.013967400397497998
2019-08-08,0.017916303250610888,0.016299386834393914,0.012188246435739236,0.008525404251007007,0.0026817294098491207,0.013002613789819817,0.016164328114850468,0.00533244762738061,0.01458329346421694,0.012825289613722868,0.00592540798502017,0.015023258934031336,0.016525499420175782,-0.037967969954527336,0.03556356532512672
2019-08-09,0.019530984278098407,0.001394833581876087,-0.00846656515449884,-0.024771991265607807,0.0007643718461012305,-0.0060167393387766666,-0.013773039580860735,0.03059551711687547,0.004092968832690058,-0.010435186247170769,0.0005831783461693885,0.018285286210799834,-0.002686990961015545,-0.013745320832864727,0.022409871532033554
2019-08-13,-0.013510837011290078,-0.031778506185162314,-0.01897530107976997,-0.036481583235014825,-0.02443675337138418,-0.0350082878461373,-0.03107794638430006,-0.00832537218199414,-0.02946133873546075,0.04087693298083961,-0.006644792098334351,-0.026714676438021057,-0.05253945122988435,-0.03767084106176799,-0.010817023676254478
2019-08-14,-0.012968341416585538,0.013141658641840026,-0.02882016691838507,0.03121320016335649,-0.007045114209258796,0.003841183827987704,0.009947014099948914,0.012031789057284525,-0.013137376499757436,-0.050313117100134086,-0.01736841911539244,0.02850657487800312,0.027157695106216906,0.045741240132479266,0.00661871649776713
2019-08-16,0.0047929846113956565,-0.0003227411086151877,-0.007369022039306228,-0.00015139499675587142,0.008277496200376433,0.001700725007808046,0.017085575145026066,-0.0026710490509297413,0.008290073329531022,-0.005873153960423205,-0.0077231684068720385,0.08116465383937466,0.0009689077797763179,-0.004387466950376506,0.015723136710073637
2019-08-19,-0.0017345244710897934,0.0040025038299338345,0.011637276735726454,0.017222827092751913,-0.012509701098198822,0.009337898239944797,-0.005731328158245175,0.005181231705414957,-0.008421878209557199,0.0272485203763857,0.006639848612270516,0.009077725699040418,-0.0015211594323150113,-0.009640533578027854,0.007317781106781718
2019-08-20,0.005847561507254628,0.019417281238563344,0.004759909198532641,-0.0021627574513651826,-0.009897086381179698,-0.007989931755633672,-0.020075383654302725,-0.008021801742641332,-0.034256008429737195,-0.005552127838883925,0.018133994124978292,-0.005963611604947627,-0.008171595810917642,-0.0036158160594883526,-0.009220284879732144
2019-08-21,0.0004317827600381907,0.008451724367745106,-0.0035530696182917154,0.005830329077056939,-0.03078760295092775,-0.0004238573157009373,-0.02048701050641666,0.05215625124522516,-0.0037600945026405874,-0.009265843412789798,-0.020198895629144342,-0.0061692738266807545,-0.008797788725406819,-0.04256813777218971,-0.032148981335929694
2019-08-22,-0.018263133338926263,-0.004690743913030704,-0.001386642954124273,0.01478895827778981,-0.029057938007324147,-0.026717572146702673,-0.005798323874786848,-0.00985402979497052,0.023589812899381002,-0.005875242578295081,0.01693962547335759,-0.01016366641773192,-0.006058010910577116,-0.027113644098656686,-0.15821675208263253
2019-08-23,-0.005445892649181938,0.008168738025787103,-0.002578865163278987,0.0016110218998761638,0.0453186101999401,0.032679806029340286,-0.01645480456478754,-0.0025140696610940205,0.010611383903214477,0.031962217019581685,-0.001630320847593958,-0.007063604330191597,0.010347311719661523,0.03461205192106731,0.05295952875710852
2019-08-26,0.028975894815868042,0.0004364779008902975,-0.009148757304051847,0.010675004704622015,0.012269907784696388,0.013079994458511601,0.027107206326291156,-0.0038025359137219272,0.027243434875191763,-0.019752048926547694,0.010211525945265976,0.01398487402480253,0.01192461843044157,-0.020854491207798698,0.04930978462967217
2019-08-27,-0.007436568742121619,-0.022303949440828696,0.004014283474895075,-0.021413712480542357,0.014949543702330148,0.02623908488561688,0.012371077838178035,0.006536557896290374,0.060007431702185476,-0.006200112590273976,-0.010322501369479431,0.009958964075124088,-0.034243690455094344,0.038012240898622984,0.0072053224620134415
2019-08-28,-0.01192100895363657,0.022748988794917713,-0.003398511859774689,0.020477561937520372,-0.035032096946389646,-0.026785663914616897,0.0018331478617994446,0.003612251611484263,0.006403916224764661,-0.0087581979770327,-0.011256784096457806,0.031073240958263915,-0.007177784656250852,-0.039755084603284474,0.02146183450162309
2019-08-29,-0.022107551239076706,0.005545179537766565,-0.0018053000518073459,0.001376543433691646,0.016914478734780358,0.026688954816773913,-0.0193129028407526,0.015933687230482496,-0.009710996014322903,0.05216650663593492,0.006249802007496363,-0.0020050201342391993,-0.006651198805947667,-0.004154873571618034,0.005481181935122592
2019-08-30,-0.01337160926599179,0.009852046737189646,0.022507848499419447,0.0036172678736448027,-0.0166331378778527,-0.0117789723395344,0.01844929148681218,0.012452020045822021,0.009264559130388372,0.03623600913316194,0.011749300723235212,-0.006717639781046225,0.009606930104835598,0.02786482506065724,0.018473531528618192
2019-09-03,-0.011980886596759777,-0.0007978526510069583,-0.0029481218954379163,0.015641736597649336,-0.03341565281883074,-0.03288135164950745,-0.016690218690353253,-0.014310362295036683,0.0022947501997558906,-0.024533693940882118,-0.009658009039982818,-0.009747027871100489,-0.028690748365508334,-0.039141781708311285,-0.027356385945342954
2019-09-04,0.008590898026076266,0.008658307131385046,0.009461977633445917,-0.001774529731635277,0.01579186898660967,0.015299686642447963,0.007037886055445863,-0.016563173436630385,-0.02673698801182145,-0.029361591226306438,0.027598070075069092,0.002309900130395448,0.026272917114516403,0.023687175694826257,0.0024455976375470367
2019-09-05,-0.011427085281390803,0.01552412613881482,-0.0017574873583148243,-0.011091213919855791,0.05168057534951975,0.03348687254114968,0.004110859689870239,0.010528272701993746,0.0163918993793859,0.01254538114328363,0.03064131847896423,6.691405701841902e-05,0.005785245608535883,0.017391353702467693,-0.028057091139366053
2019-09-06,0.022267166156049623,0.007313857202213336,-0.01408452093616297,0.03781724995248581,0.022373047209175434,0.028756520749632974,-0.0014329412403326636,0.0001429135113129032,-0.003975903127110936,-0.015516570412173358,0.021435405970336996,0.0021376069251330954,0.004457875963608471,0.02969736092315456,-0.03200516927278085
2019-09-09,0.02063752692102483,-0.0131525330158071,0.014285728579428225,-0.01226176380452415,0.011332512469627076,-0.005118032396425165,0.006559988605443712,0.017631001783970035,0.005509697811646896,0.008703870337843256,0.003376140227277835,-0.0040661266283775754,0.020615540373368768,-0.004502115480557789,-0.0003240129554866744
2019-09-11,0.0026507339567167776,-0.010855171701094957,-0.02914722311680218,-0.01290509708621923,-0.028207019063987482,-0.014641882390932559,-0.00712831412556636,-0.006029428323645281,-0.006075914235058266,-0.015391602425603335,0.00429211935792817,0.0020747999961929775,-0.0037872508222941415,0.03745076624599131,0.04020751100150366
2019-09-12,-0.011964450108291946,-0.004511434492806332,-0.014507167284276146,0.0026289206480110128,0.0011927856440381301,-0.018072230895430197,-0.01230772545494796,-0.0158361905572304,0.003975518599133698,0.01326368151414492,0.0021911259802132044,-0.021761121544723427,-0.021261648466213257,-0.0054490408748854025,-0.004364171475759959
2019-09-13,0.018318535098485578,0.015800824109060363,0.003271218378485763,0.005598634929357971,0.023431406882267858,0.014723829994307325,-0.0035305030005698956,0.010543960362171534,-0.0008965668618966527,-0.011570800212134746,-0.012829375348044847,-0.0004110996741691908,-0.012947911177915272,0.006300660036161254,0.039762157856140234
2019-09-16,-0.006265861525194483,-0.001929073263315706,0.007132848035758865,0.014023863114416057,0.014357826569483922,-0.006449102414489372,-0.0020841772546549286,0.011950852978944493,0.015123705127014553,0.009341443191293264,-0.00228807995003244,-0.01529345477760602,0.0027694250349841187,-0.017013857707562807,-0.025895937163993743
2019-09-17,-0.018068505222163078,0.0042886342182175685,-0.011938623019265737,-0.01876438896138599,-0.007651234960860176,-0.01906686217209108,-0.009189532535172629,-0.0059725793676974614,-0.008323985771650166,-0.0144094614247956,0.00467829399390518,-0.014486014705442085,-0.012063989315630352,-0.04472442606149141,-0.03802136173754478
2019-09-18,0.011358125437164857,-0.001684012734495477,0.0006143368442721453,0.015298534796274854,-0.020817237244652897,0.013233938580507365,0.00864230231035168,0.008206311840882163,-0.02919271033524551,-0.009152478713012835,0.0020453554483654823,0.013320972711518886,-0.012505514620903213,0.038556256495795305,0.00996109728982053
2019-09-19,-0.00829489929396221,-0.011025911485266882,-0.011461360242330687,-0.01869552616683101,-0.021259807705432565,-0.006530384640526354,-0.01065818255914952,-0.01352879776270799,0.0030414501345135125,-0.013555648672421206,-0.004045741136971759,-0.014784962889650477,0.005959451685749961,-0.03796228805942237,-0.011135810484412367
2019-09-20,0.05937626633656734,-0.01913034088664589,0.018426522420827762,-0.003554524782026558,0.07481914621840846,-0.015201409852477532,0.005703445564203102,0.06337200715680402,0.0935235895981712,0.006201911823030759,0.03851707302041163,0.04010055038177773,0.055687345835056856,0.06934579008961994,0.08301167480762661
2019-09-23,0.0661207984527028,-0.05049677148511689,-0.02683470470629945,-0.025754292165449888,0.020209288258791425,-0.03170623173031084,0.07057329636867626,0.01583769763815135,0.06510293972576675,-0.010272940487820348,-0.024860675933170318,0.0007826160480257638,-0.023569144201732728,0.023877281147216323,-0.0035651017770842452
2019-09-24,-0.013714359276956412,0.03885676797852078,0.005640263922101596,0.0308289376303299,-0.020542743029572264,-0.007755354001568016,0.0045124897913679796,-0.020600631156089788,0.008694369744397523,0.000488487925269121,0.0065045881245882065,-0.011832711289786246,0.0018678922348427385,-0.017357776116355694,-0.0026833929016153446
2019-09-25,-0.010197150216233797,-0.0017631830390916203,-0.007893508104620861,0.002912574386762845,-0.015355891071851202,0.015197605340206977,-0.03300784435719151,0.0020699514081359283,-0.014349690522957204,-0.007079376957950467,-0.004272409508183972,-0.01758305966185092,-0.02007745255690141,-0.023597817550986333,-0.06875936556796669
2019-09-26,0.015765296949637797,-0.012742130043537747,-0.007118938231205685,0.01104957437862053,0.04260198520265335,-0.0029939856503400364,0.011512864449852112,0.03537533031229101,0.01870882933353224,0.012784351125231908,0.0005406554869862301,0.001155819749557585,0.007024647627453362,0.0378401439005287,0.03852328847587083
2019-09-27,0.010234579115824038,-0.0004472500787124911,-0.0021088679506661157,-0.01317048168967605,-0.04049629271406974,0.004289906461140802,0.01018350018880465,-0.01390063464927871,-0.02512279153546415,-0.024881647697596376,-0.01587491157743104,-0.02004602468378569,0.014678068963443591,-0.042847629562282386,-0.021020060104440574
2019-09-30,0.0005780036413576273,0.02997963317162622,0.013524823217044846,0.014482275191114669,0.002281518865686394,0.0038444654141545076,0.027278398167899454,0.010825486234992132,-0.023531486625150366,-0.030495501803506575,-0.010454477232338166,-0.003605801749118509,0.05141807161373224,0.002363366712929027,-0.0173663432111979
2019-10-01,0.0022803440891849824,-0.015019036133721242,-0.026271816131144266,-0.0133661045316249,-0.027314262702519576,-0.003829742103093947,-0.015201145983516295,-0.014982252566590581,-0.008355579712811756,-0.007446487508983579,-0.004773911696856814,-0.01881047368314226,-0.043863372088158825,-0.024826695130860887,-0.07326505623835311
2019-10-03,-0.01968818694814245,-0.010018317065335958,0.010064335757367537,-0.0034754586247195407,-0.0007800528925614447,-0.0025629490649312636,0.022469702472501574,0.002068304810558974,-0.005685964103592789,0.004139331796121137,-0.004536245189697863,0.0071938092138463805,-0.017238790641036172,-0.0339922954932278,0.039528312359346396
2019-10-04,-0.03255449212719974,0.00999248996518487,0.007843866740646632,0.008042953470455583,0.011319330085436174,0.005567534698989185,-0.01681640669665252,-0.01961002150529778,-0.019910743030962408,-0.005410419259858301,-0.022206687520365698,0.015481011015022972,-0.01565687334921706,-0.019139989854233486,-0.017010993007979702
2019-10-07,-0.004797891449350722,-0.004915326269772535,-0.0027345518751258346,-0.004730837775308472,-0.023157198052359718,-0.012351196779636697,-0.020796897583872154,0.012078761772771118,0.038029717350627656,-0.015930387130167034,-0.0004773970237987868,0.007283354986487023,0.006038296597624893,-0.024917548465414274,-0.02341389620352541
2019-10-09,0.036447843381405054,-0.007472649054648284,0.0029529389056561772,0.008867749516414447,-0.0055313848352680495,0.01121189812031842,-0.0190550430126738,0.01874161037910449,0.03560364556405693,0.01066053193004124,0.017943975362934905,0.010208096936936917,0.05226183703279408,0.035868314189233086,0.026754689742366944
2019-10-10,-0.017086988834702055,-0.0007656248417645672,0.006098898709793854,0.000351614424767277,-0.00278107561712837,0.0,-0.015783158115891815,-0.0027743838640214014,-0.006784285658875566,0.008074088102439259,-0.011226085916723694,-0.008982143990492464,0.04966610072349331,-0.019319391142616382,-0.035871440026273405
2019-10-11,0.0018613847078998713,0.04054652226794464,0.0010451066248389207,0.014269614958879906,0.027888406441729963,-0.004691100543024462,0.00308375677757855,0.015380075756781242,0.01455012083259244,-0.0019378445655888754,0.006797155104573127,0.02538497166677156,0.014976823276433127,0.027428428959662465,0.02211315625872956
2019-10-14,-0.0014170084320604959,-0.035223373895828525,0.016704950277637742,-0.0009701524976981624,0.04844963978087713,0.008997688398616477,0.0006147847075657076,0.009734511695564052,0.00898773477046233,0.02161528834305515,0.00018844742121459923,0.0025205997689079496,0.02781409976938165,0.017256565615920483,0.06353018259756626
2019-10-15,0.018984536776102345,-0.02264327738150329,0.0008214480450510209,-0.00034688228966484047,0.025138490759156085,0.014012628075670053,0.014338661162398347,-0.005801285738104456,0.022977000128295177,0.005447927683799536,0.012349670384389277,0.022042241660830353,-0.025155729877917254,0.012614125212757621,0.008395035946057394
2019-10-16,-0.006220730180982459,0.004099908575300182,0.021547365279466657,0.009993170961296372,0.021637247087416878,-0.016750203697864396,-0.015953222425752145,0.018790645261249628,-0.0013675848760256182,0.007308472480676231,0.006257761163600772,-0.000370596539016832,0.004170501949969818,-0.005154582671729191,0.02305491170983709
2019-10-17,-0.0006228313233200833,-0.0025279883746825993,-0.004218425326517172,-0.0046037417168453,-0.001764882496890996,0.011073000839511904,0.009029415963375698,0.011521220057846282,0.022381569105229593,0.00450330702911006,0.00960590839284925,0.0027643382772062353,0.0015573904680823425,0.025043135680496764,0.025665252515335357
2019-10-18,0.0066686876260368955,-0.002143922712975588,0.004236295824112224,0.013598713478897517,0.014851578060719461,0.019797980764306278,0.0026438573019189615,0.021947064163003516,0.001385327791908031,0.00037370185471052864,-0.0009349852536628678,0.013816918087758978,-0.006090350220690821,0.009828689631611542,0.030515721917429017
2019-10-22,0.008419732077578068,-0.16188066864603246,0.01868214780068911,-0.02254180496667635,0.0052263883281058465,-0.0012391695986725404,0.009736193546837857,0.012439920359784251,-0.0013219928059194919,0.009461105692127436,0.03152473702853187,0.00766011595060756,-0.024511016681197595,-0.014182301631252447,0.05537440287205553
2019-10-23,-0.009331707139181411,0.023680201217025854,0.0031552364673814726,0.012471411979242841,-0.016291063827636898,0.0012407070451236901,0.00863807934068661,-0.002463308925396035,0.014362472353953493,-0.0006166339261494125,0.005674823790865702,-0.003718766409629204,-0.036755029636316605,0.004795400687342077,-0.01823789648681018
2019-10-24,-0.000278890942417398,-0.02343982842284298,-0.01867493221218619,-0.00034430742871338627,-0.008456574092186142,-0.007021853232600739,-0.007966618426738181,-0.021157572364761235,-0.003308456037546481,0.0018508009113400448,-0.0004953587480580612,0.015227116155747566,0.033301005076562085,0.01038740615741518,0.008859834339406625
2019-10-25,-0.01524927646049934,0.003305368462519942,0.013621680201179487,-0.007434324914648571,-0.008173483664082548,-0.014143098094180906,-0.005420448607803774,0.009365350735736078,-0.005085546919648465,0.028451710760811322,-0.010742306788288025,-0.011354888048947798,0.007519932809651575,0.006529600365097643,0.02549548054900508
2019-10-27,0.0027697943142452885,0.017883468862454732,0.002569115403231459,0.008044953669402055,0.0021496637038938005,0.0025315878470895115,0.01090024067892692,0.0006786660158593083,-0.002448539970667518,0.0005989933744685594,-0.0033451941862800982,0.0067793694175766195,-0.005464570340660169,0.007591631050176462,-0.006629730016318391
2019-10-29,-0.010954342005753626,0.0027743541680180783,0.006110831561768171,0.03852799762183756,0.016446244557656087,0.009259213480627748,0.011381912975220843,-0.0076720412285049555,0.02865823983853888,0.01005380584695903,0.006066819054694195,-0.06449200169845526,-0.03537938930411433,0.06904089560232007,0.006395916800383317
2019-10-30,0.0021263842028562685,0.015292015847448326,-0.0017634070510198496,-0.0004639890170379246,-0.011255629016390656,0.0087572214479954,0.024284100088941774,0.01823523111114489,-0.018612912365595813,0.01824871721910326,-0.015200666576299593,0.0216281634944,0.02236753347423326,-0.00563807227643498,0.003315959595851181
2019-10-31,-0.002786713290112375,0.03784482506716946,0.017860731912382244,-0.020413446349224484,0.0081821259037822,0.011988517984395708,-0.006746341748766649,-0.0013897778441700481,-0.007142778732441291,0.008727769379718975,0.00844232269851064,0.015629999230928338,0.017121715884399258,-0.019201162337050826,0.009639265210313663
2019-11-01,0.0034297120570434547,0.0033546089329150597,-0.0026994885544654457,0.02902550260311343,0.017289806842166078,-0.007352854141626897,0.014166506342769836,0.0008564652859617272,0.0005969622708619227,0.009575544208988429,-0.009557200062984994,-0.016702534272250213,-0.003206417499381331,0.049796489066823435,0.010092649595298209
2019-11-04,-0.005601764118514874,0.03067317685751214,-0.007733952200313032,0.011900811987040738,0.022546117399513177,-0.007818872614028805,-0.0021047533224493042,-0.009789574914323307,-0.00878062430040727,0.0009142334039975442,0.014945813629803517,-0.030993277422189824,0.013269180675796965,0.02415497033269043,-0.00459077776602701
2019-11-05,-0.01091609752151479,-0.018194683098923137,0.007404524075643071,0.004873286522942166,-0.007123363164564078,0.0004146343681705744,0.00824543104561215,-0.01101391762563031,-0.0025000047163428185,-0.018381095583355878,0.00639776571265438,0.00014147069989012273,0.01574065046908002,-0.012709137508461144,0.0002712705454319675
2019-11-06,0.011036573837831964,0.023272443105081697,-0.006382957693486624,-0.00174569884180642,-0.011615922674556578,0.00041454368943072417,-0.005895872095393662,-3.741330859741154e-05,-0.0012068851685599347,-0.004652357711942501,0.016691975044674345,-0.0007421112485521686,-0.032556360078426216,0.0012379643629825132,0.03878502701488529
2019-11-07,0.008242956932550394,0.010950509524452423,0.010901278031902217,-0.0028502240648949906,-0.017974446764144503,-0.0091172369060869,0.01721841771311139,0.004204837613869694,-0.0012546494198634184,0.029679997754643805,0.0029170614614075774,0.03536301358548477,0.000807538066294855,-0.0033379580098946704,0.0052216796933544085
2019-11-08,0.010258823319651444,-0.016594964632707265,-0.012516906514967507,0.0021437011300962094,-0.026399246161933454,-0.017983985011844617,-0.020124135158239853,-0.016310425427755515,-0.02041079962715686,-0.04198836167849174,-0.017049631336953364,-0.03094466148258901,-0.006993711781264289,-0.012776146711481418,0.05506499178940549
2019-11-11,0.010404798035482665,-0.00529547142146547,0.00019510451564030973,-0.0012316212914426083,0.005784440343846287,0.007239997318364999,-0.004030910421761624,-0.02507406269649215,-0.012175457564970071,-0.0015398523828754618,-0.0022499276659614376,0.0002820859401395648,0.006365870931340778,0.008795241083882077,0.02240266197104379
2019-11-13,-0.006865133666437373,-0.018526346283990747,-0.013063029079256827,-0.01732861938581276,-0.006470100360781994,0.0004229475845503039,-0.021583952530353168,0.008845739305503031,0.04814799608890441,-0.022422548352223237,-0.018680703625639228,-0.021388271668548953,-0.007806194677405509,-0.00884303415015597,-0.02624588898139557
2019-11-14,-0.005106421131252481,0.02017784712108983,-0.0013828078484191542,0.00171736037202197,-0.014471935914931233,0.0021131818791157997,0.00019696439124605725,-0.0001333939854771815,-0.011912109574142682,-0.004368784055792885,-0.010531545519744223,0.021963713323878586,-0.016549003457016376,-0.014953531050157953,0.033135421916125285
2019-11-15,0.015742417521520613,-0.001984964603076511,-0.0007913555956602369,-0.00843945527579526,-0.0047722763583450956,-0.010122329545355968,-0.012800249026540755,0.004511280979933252,-0.01091073663746267,0.011823215941221932,-0.001188900422852357,-0.015431849645633933,0.0842756322868412,0.006505993717738523,0.013642888241725215
2019-11-18,0.002742150804957655,0.0018468473437471822,-0.012274827654486953,-0.0001996832030196627,-0.012172633497236074,0.0008522158027970406,0.00039878622662437024,-0.014689942885962148,-0.017101886321333915,0.022888855441326683,0.0022706049515306415,0.0047951137835891,0.04108899865248272,0.03941697525038057,0.02007088332931417
2019-11-19,-0.0020895453965339428,0.010847951781118192,0.003808380431571612,0.015097421886784756,-0.004854249184167658,-0.0008514901494358629,-0.00578258453812075,0.00223984162369395,-0.006542793873555275,0.0031800190958388708,0.0021920432675079926,0.004986024618546248,0.07368036780459963,-0.020241352388064793,-0.004861164966854625
2019-11-20,-0.014995561572395344,0.00021042228607170976,-0.0059904326005845165,0.010810290826533286,0.0033770335562151033,-0.0025563971492480464,0.005615571752628501,0.007901864709033202,-0.001297784808830471,0.056586047705978304,0.03487074476342311,0.007512592970759346,-0.004665987339917743,-0.007591918199411407,-0.01325889458335927
2019-11-21,-0.0026260594924110148,0.000350731809146021,-0.005423921253359221,-0.008102035195021617,-0.019072570652567955,-0.01495074529588658,-0.019944011057331124,-0.003457974310259515,-0.014007116067138115,-0.0063334757934515595,0.014302684306756408,0.023847230759052485,-0.025154330159648186,-0.034110835281801255,0.022395218856717802
2019-11-22,-0.016392174453447428,-0.028110872567320477,-0.017976119978235672,-0.014311116447175087,0.02058725368007308,0.02168241162204909,0.007936414773223044,-0.000560503427229464,-0.016272604255031298,0.011070083965865729,-0.0027785476887273175,-0.002645214725555012,-0.01325359247519775,0.03869139594544979,0.0018446382014214446
2019-11-25,0.022018964622691373,0.007068644851526251,-0.00041134993931390973,0.01239739800177464,-0.021666219639296602,0.0025468808313562352,0.000403877888254911,0.022248808587652213,0.005938537560905344,0.015151584244436966,0.01720507677459615,-0.0008611682446477698,0.07310120723716751,0.04874995012235095,0.014269158601108778
2019-11-26,0.0004675571788450572,-0.010743309041889249,-0.02242797030199517,6.534242125399992e-05,-0.005345527028624342,-0.01227790574602139,0.005650965197296465,0.0025951739623306658,0.00481817493213188,-0.017866819653765464,0.015475905104558763,0.005550336960575608,-0.04220203236056097,0.01108459842497389,-0.0013614120939300367
2019-11-27,0.008414392117713776,0.00745715414881043,0.010524224971654617,0.005172914826222286,0.018426092972045005,-0.00771538061044974,-0.008830090346577668,0.0026372610367724203,0.011733975925525941,0.01774804733654789,0.0020736622206209976,0.003805650309685049,0.002312931548396735,-0.0066014745349661785,-0.01908648768638943
2019-11-28,-0.001792470542206659,0.008767385330741728,-0.0010416159717716589,-0.0016937638619136663,0.0037693370752798216,-0.0017279071079303598,-0.001012338766639309,0.006650453331017214,0.0023129263317593907,-0.0030515888213936693,0.0015983374628816271,-0.013285996095399266,0.007615120672766595,0.025513239042307623,0.009728710313835265
2019-11-29,0.0001237423213469313,-0.007836305392263987,-0.00875722531196943,-0.006264205825618374,-0.010514408424665889,0.006923422316731154,-0.001216124808134711,-0.014025085979992191,-0.01308808481855872,-0.016398966214504762,-0.021130433850868435,-0.0022846003248134794,0.013282880936400288,-0.01064572748148862,0.008029405022356384
2019-12-02,0.011020446601293976,-0.005241704828594096,0.0037863243553748482,-0.0170724944508569,-0.027703977962758586,-0.009024332497407306,-0.005884846082391815,0.007174599296815298,0.006311954033557443,-0.02189612858597867,-0.01446544336508937,-0.01731187916019561,0.03650129252243928,-0.015555371049605471,0.0
2019-12-03,0.008420137836367747,0.008156464320379309,-0.0075440843603967744,-0.0029397368235605237,-0.0035128004981298533,-0.006504664054601372,-0.0036740887424279167,-0.014023518942697488,-0.009327238510607017,-0.014545466174779587,-0.004648937778361728,-0.008367142294842034,0.0010903408894258337,-0.05037445133775298,-0.003641271601282914
2019-12-04,0.0027324788045544057,0.015035707115610641,0.022804077616022767,0.016817567705957215,0.01880130724821072,0.002182274811262097,-0.0036875492561049272,-0.0032918564258210825,0.0003116994473624235,0.023293403954397274,0.006822302226270116,0.046888464287947906,0.0050096969713187,0.024146255127531102,0.006167194252362895
2019-12-05,-0.0011808846893615055,0.008464284087250418,0.006193246560144194,0.008039003349776142,-0.00884291148277927,-0.006097592692882681,0.015628026276980345,-0.0011603434594535944,0.011035459979692908,-0.015776587414470966,-0.002171872521855911,0.0088079122235587,-0.030450842723788174,-0.023210357017190653,0.0038591713720077525
2019-12-06,0.015158023967989154,0.0003497226176834012,-0.011079310192129377,-0.009674421513264586,-0.018231079102134173,-0.012708076303367122,-0.014577939713243615,-0.008632052337799068,-0.0043140955719240814,-0.01854798903152388,0.006686080124331362,-0.012270740306074113,-0.005588371296956107,0.008629204511891642,-0.012211586172298117
2019-12-09,-0.008988825847687232,0.0030066645294870575,-0.00248953631697324,-0.009439086029335075,-0.0019754688689722633,0.00044371216584715434,-0.007807770144681148,0.004672995854172912,-0.003648639451103053,-0.003733297091684018,0.006209377056386467,-0.03631389688608033,0.002247939745855021,0.00855560852136672,-0.005723556140068475
2019-12-10,0.0018983071292759668,-0.0037643656442901685,-0.009359428004655501,-0.007196642474512793,-0.008709484345103657,-0.02395738708468642,-0.024228516271810996,-0.0060519247422101685,0.00031067007265228597,0.00152233527334511,-0.0038676441320005805,-0.026809931278112376,0.002579397778955439,-0.011433347947447103,-0.0016117078868994605
2019-12-11,0.014527251707856959,0.009096604682400367,0.00797831060469334,0.017450743346620445,0.022364296018295704,0.027272642324229768,0.00848895643600689,-0.0018236609294616235,-0.00599806590752916,0.0050274566471777415,-0.0033475579779208564,0.012009101634923303,-0.009507755312327837,0.00870508512131174,0.030212314725427847
2019-12-12,0.017224669888175503,-0.026281234460076464,-0.002499598233839495,-0.001978935723352726,-0.016406351009740305,0.012831871478395485,0.003998450950151833,0.006323839596008796,0.010703616618305878,0.01012087920622129,0.006181034665573293,-0.0035599783486697234,-0.009260310519392911,0.03242516170307397,0.006939688058632765
2019-12-13,-0.013319067494393044,0.013103505872060772,0.01837550146546163,0.007138713597276913,0.004765820275199895,0.010484947309681969,0.012785518647923988,0.010360285430342175,-0.0062305923903233085,0.011747161066310685,-0.02896083398666005,-0.02345706123494995,-0.024735035195373678,0.02316699524862842,0.01800798768523859
2019-12-16,0.00661645515089071,0.00379595712762959,-0.0028706620734970656,0.01502902947791629,-0.007114642371225721,-0.006052692947257521,-0.01945368088070165,-0.010484948844462272,-0.0011458001335993284,-0.00933395506556689,-0.0018251271569311722,0.01297114067657601,-0.013908440314021386,-0.01727365603643294,0.005678111663455887
2019-12-17,0.005487244741240405,0.021988929510879718,0.006580314541593024,0.00523737256172252,-0.002388329477927331,0.005219627420574469,0.01751800730895181,-0.0001766780847390903,0.006899715675510398,-0.014018276920661155,0.003746058523996121,-0.005034379870602512,0.04290627423453364,0.04370542475386552,-0.0015200803200160484
2019-12-18,0.006449568001140937,0.003768659688786924,0.014504578511746136,0.011963809257959479,-0.0015963951031521262,-0.0121157772562841,0.017008897419172442,0.002965005899122408,0.00887048083264208,0.024938946393106454,0.016466523169471392,0.015546170407849447,-0.0037504037630273768,0.012175785447345211,-0.009134437222889757
2019-12-19,0.0029866595930851947,-0.0021846404616814308,0.0036246851197814234,-0.00495781622928515,0.004796296690828372,-0.0008761060345576777,-0.0032632697861411097,0.006644697407536704,0.004371995099378134,-0.013985271908887542,-0.0013572236667306337,0.008340565573436542,0.025439234212051298,0.004496963146726651,0.0026337767063298045
2019-12-20,-0.02127780800637713,0.0009578852213809608,0.010433367024098139,0.0007665958077316404,-0.0043756185352252785,0.005699167750528256,-0.013095990490313514,0.04010060063067411,0.003052010471176203,-0.007610682517664058,-0.0021605928013956888,-0.01231737135933797,0.009678391736433367,0.03189697950478387,0.009413462913486326
2019-12-23,0.00720732369926691,0.00608295519667057,0.00814141424795567,-0.009446563091225268,-0.003995043986711133,-0.0008718197887473966,-0.009330271678025248,-0.02192392866512549,-0.009752377698198589,-0.004415547753486182,0.01573358276614445,0.005111620437545872,0.0022036764032808964,0.0024945117721630883,-0.014096694406901755
2019-12-24,0.0039005827646747537,-0.0035325975497016993,-0.006303014442846422,-0.005026080074969741,0.01083016789067437,0.005235568551770875,-0.0006280505521681912,0.003681554728039549,-0.00024270612385923762,0.003267931169109062,-0.00428079018162153,-0.007791009200655563,0.005167092667199391,0.0018393475812745752,0.00593913950554259
2019-12-26,-0.0101077967090899,-0.006067611003213402,-0.007730328710729428,-0.002137278387895458,0.015873005829066367,0.01041677023188492,-0.008167534433769164,0.0009083743204063577,-0.009301020026633133,-0.017799078996718287,-0.010480125506422522,0.0030172921868796276,-0.02099962981387804,0.010583111315274785,-0.008309618740631075
2019-12-27,-0.005105458451234668,0.0109745551078686,-0.01098695864039767,0.01272068874099741,0.0031249090703782123,0.003865933321228532,0.00042238327787602614,0.0044454213679236965,-0.006596234375483401,0.009120037680135251,0.0111667976184473,0.02790665841782536,0.016869504342786223,0.0034195955268496725,0.02712247055404915
2019-12-30,0.0028474304512609017,-0.005495508607312738,0.005655580197585719,0.003204301201876758,-0.003504682120124669,-0.002567335698683504,0.005487574027827069,0.012803322496601766,0.0017256945655781397,0.009741879897518846,-0.003019742974554207,0.0005640203383736608,0.011865576644152442,0.011182021642233586,0.0015028538393933033
2019-12-31,-0.0035789193252654394,-0.0023878660442399058,-0.012653205637211173,-0.026063594381081856,0.006643316678678124,0.021450036259473615,-0.0020990517490803162,-0.004481058960474238,-0.006415442500426249,0.0055794630721555105,-0.0049499205872951535,0.016280299660622832,-0.010206270703517317,-0.005687067894351139,-0.010075091628923505
2020-01-01,-0.00611508293566998,0.00779611242488798,0.007729865571242112,-0.00026252551624394993,-0.01048121627208276,0.02099951197390726,0.0016828641777844044,-0.00042591551196191624,0.003913630365631526,0.004045627567432097,0.001687141870711395,-0.01085306822105836,-0.005484981532328126,-0.009109324176371225,-0.014508442682008682
2020-01-02,-0.001493410263032957,-0.0029179148825280166,0.0024222648033400684,0.005183097022571692,0.0047076802087615555,-0.0012340722491597234,0.007349856362946605,-0.003362773811499742,0.004523455089414874,0.001496897588198598,-0.005035841642769268,0.0478846319003603,0.0041916394418459735,0.03655790978399298,0.02724668200993774
2020-01-03,-0.008644762817676233,0.015380477544986837,0.011276790628433453,0.011814021632402083,0.003123688567591598,-0.016886224435324948,-0.0056286306273855,-0.00921641123740824,-0.004781508769784448,0.02218644280118265,0.006632133259007134,-0.0057203920255640694,-0.00021979638971469928,-0.002371805741789079,-0.022032031687897802
2020-01-06,-0.0027456086424890724,-0.00958441963467982,0.004181599156249494,-0.00606384152621342,-0.017127320397006596,-0.003770542051714565,-0.014255688196923688,-0.012125316461388369,-0.0055119290124175935,-0.010458993617200707,-0.0017511286999409847,-0.0158806048308352,-0.011975321419004925,-0.021604194278420863,-0.033464584890455784
2020-01-07,0.011073879392824448,-0.014820280853706902,0.01209583928034541,0.008696844606775223,-0.003960416226673091,0.01387734522342532,0.0010633647276929725,-0.008732702926414149,0.004814562444886761,0.01466077620345696,0.001858236045170214,0.011076751402900209,-0.01011903422466709,0.006022156831179792,0.02059302580946798
2020-01-08,-0.009576111266360154,-0.013325962477425124,-0.0015673851107899095,-0.009393827169804081,-0.01829013466911311,-0.00497748014042676,-0.004886373301361102,0.007032315219649421,-0.004281063257576934,-0.014112756167801943,0.004524836837807467,-0.003414814517952336,0.030891993465215206,-0.0017852585145741173,0.009534233884759047
2020-01-09,0.006163804245628013,0.013018412261139423,-0.004513405239072954,0.005001215994838049,0.0020249830951555303,-0.005001808103683225,0.006831779256800452,0.01752468518567829,-0.007441375484772306,-0.0005681594266802037,0.008024702502969161,0.004037393565276437,0.0027242260758202352,0.01662266888217645,0.04656275052405179
2020-01-10,0.011801404616136546,0.01456959983721795,-0.007490574901673375,0.003360613365680498,0.0036379349604260813,0.007959805381958729,0.009329830767428993,0.0028953936853457485,-0.0037819088433420633,0.008525748250750365,0.004280092578435202,0.004257944265180447,-0.006737680613732033,0.006312753854360809,0.024973727171822002
2020-01-13,0.0037988452406971795,0.0479574782682215,0.012115193087517406,0.012367219349757486,0.010471220039289575,0.012053046783746524,0.005252130003873257,-0.0018793787227410208,0.0185131736088473,0.002254263980375981,0.0073987002821152,-0.0016487164568055324,0.02603923987551715,0.019642156588151494,0.035217073827693346
2020-01-14,-0.008456058240300157,0.002714842304333498,0.00941927189402314,0.013234067330961663,-0.00318851911586171,0.01437359115449044,0.01671907759170943,0.014350429299624379,0.019720104508963,0.003148782860728838,-0.0023353849903854362,0.006639926287806963,0.0009598753092809886,0.005748930487039061,0.006922502459918656
2020-01-15,-0.0007157308936054374,-0.010442728579995841,-0.034797888785649156,-0.0013813818293935132,-0.0031986272080050115,0.0028342215046042174,-0.0034943944310543706,-0.0005648547032870432,0.002914625782932223,0.0068385885314103945,-0.009888838214075268,0.012489082577065824,-0.0031959651026672864,0.007019600238074908,0.005303281257989623
2020-01-16,0.01548703735696888,-0.0007165633926019543,0.00886202784355583,-0.01546889528606843,-0.0012034027514885581,-0.019378549659386013,-0.006807116687682746,0.033290061329189546,0.011575912203702687,0.0,0.006441475658876206,0.05264737720805135,0.012931463952743583,-0.015335674939912058,0.008792659144375659
2020-01-17,-0.002027468609462013,0.0011083048688020902,0.002595407397414373,-0.005620309917229949,0.007228841593160951,-0.002058292991913735,-0.0033227316920532157,0.005506409299728787,-0.008189649432418178,0.012359547695939055,0.03298783450020992,0.016995837902138433,0.05518046402237542,0.0017192719784100419,0.012008550916536409
2020-01-20,-0.047229259272282054,0.0007814000329646742,-0.012345775707897966,-0.000321272491363378,-0.019936304101050184,-0.024339987340137315,0.008126686537720973,-0.0014379206757436647,-0.00448097785155277,-0.011328709737445597,0.008321308922983217,0.006765178111030945,0.017298258686349932,-0.009288276655231131,-0.008803842581506571
2020-01-21,0.004450153921553568,-0.007743116715439258,-0.0036288664433591356,0.0008996078361134252,-0.0012204458459476042,-0.009302280531057971,-0.014262100950750423,-0.008853881876788372,0.0002571497270587031,-0.004561244681150822,0.0002778226626147795,-0.0020557355624488682,0.005995670235023232,-0.029552475921644228,-0.007144294632968506
2020-01-22,-0.02436769120147053,0.010098520245292786,-0.005058807747210459,-0.00019267246778553737,-0.05173120908589002,-0.04268019169820303,-0.0016774806883014248,0.0175352644719442,-0.0015748269150385186,-0.00245849785430019,0.0005228702313624378,0.005072993952637939,0.0053737276648462284,-0.002310292480163123,0.003889538514927793
2020-01-23,0.012835066367076653,0.018371886833518758,0.011592439876029426,-0.01258419095883856,0.01202763112381211,0.012037393299666022,-0.0006301122592594632,9.791713374340816e-06,0.0021247547749294604,0.007954157422072727,-0.0078053093436631915,0.03209028762126098,0.017784241593801653,0.010946193181351926,0.010073643470828841
2020-01-24,0.023102961006865375,-0.0020399915695028525,-0.0004036420516885242,0.02386365473794605,0.004668866574819575,0.011013180713366655,0.0010506683048394638,0.013290348132519059,0.025554467134299097,-0.004556898341128046,-0.0022217906185696412,-0.01078899983642767,0.0011458359441469668,0.00655907203202255,0.008247036096389326
2020-01-27,-0.014972961878317759,-0.005940575333832299,-0.009087303908260846,0.0053345540854758955,-0.009294435358985886,-0.013943294046167454,-0.014906488073923807,-0.0056772909279220185,-0.0057323269352184125,0.0013396678410073637,0.051906784453806365,0.016390086210907873,-0.01878873777032619,-0.04333886543029375,-0.021875632065912476
2020-01-28,0.004757916369134918,-0.00012861104178485405,-0.005298630084640488,0.003474430045890431,-0.005543864039235791,-0.009721732925346283,-0.016411086453832824,-0.015919937433840792,0.0022212158763106338,0.010035818019443532,0.00012543310179546907,-0.01078983338387629,-0.04500395097845633,-0.03503078088299427,0.002139290206703448
2020-01-29,0.008855886954109327,0.015038700672976857,0.011063320571226276,0.01246474035239209,0.009005397377445323,0.01026326105498887,0.025569061323865938,0.02919562865832881,0.010357401482465889,-0.006182371393878561,-0.01282467621765615,0.006109398094256369,-0.002035681110537535,0.013333355514176803,0.0036871924816266333
2020-01-30,-0.00743716477157097,-0.011396788175371597,-0.024518707481377744,-0.015917482660590787,-0.017424756403673247,0.003975304666125057,-0.010986741203117156,-0.021803482449199163,-0.0010888345321576898,-0.017773823289229718,0.0020961692886174443,0.0016588719288164189,-0.0009178756480271444,-0.008071804368248836,-0.015274703500594122
2020-01-31,0.03899911662584432,-0.006084357059995882,-0.016202838778029527,0.006634241182833067,-0.05752597912959756,-0.007039167806742186,0.0046998870986090235,-0.010395506521757136,-0.0031146558510793954,-0.017643258533838302,-0.012789609542986025,-0.01809804237236634,0.013576976006322239,-0.021959499472406385,0.02277638238736146
2020-02-03,-0.009162214242754319,-0.011018530156863271,0.0025338970594421806,-0.0043309147322579955,-0.05048192245855776,-0.023039257230877186,-0.11715943271691731,0.06130093564127237,0.009169961544734484,-0.03856768013801659,0.009519924731987706,0.021473185495246794,0.02739456198035528,-0.0060406003647098805,-0.11364927664786173
2020-02-04,0.013154393487577964,0.026648240483254204,0.01200516697354126,0.02263131708436328,0.026099744391948843,0.01587287493357259,0.03877676873324032,0.009484103787940956,0.0007583666106070197,0.019398962349916893,0.031073501062284237,-0.014623745652788012,0.017351240180124794,0.036349055034804456,0.06237815316870754
2020-02-05,-0.005034446881451937,-0.00418860146636979,0.008324497858754887,0.003637103908048722,0.006123473142031877,-0.007143044438190138,0.003709770562932091,-0.0042996612146439794,0.0072545018873892975,0.0014094584943957766,-0.033468554549122675,-0.00813864929453989,0.027847488215746674,0.051228161247975024,0.03343519873246681
2020-02-06,-0.009320940172958703,-0.016824878576556235,0.00577908926440629,0.004483524043866982,0.0042134933313995315,0.0071944346042762675,-0.013398151841212957,-0.006096929915064497,-0.0011515823121530655,0.01032270962337134,0.008170266305769669,-0.007481349096918444,0.025217900276730543,0.005367906715626258,-0.028210707282691594
2020-02-07,-0.0125150200504206,0.007713723948388873,0.001231398130578043,0.008254983546205796,0.018648004537668683,0.032142825926968266,-0.0007025041197784576,0.0026314281498014402,-0.0002461978786831853,0.0003483305438014561,0.002453369025554597,0.011002750952063822,-0.013441853810690962,-0.013819185302539783,-0.042630951314165944
2020-02-10,0.009830392739375915,-0.005274651982013601,-0.012502593283219787,-0.013099642640088893,-0.02791797732332879,-0.01816601641757576,-0.013355045246039254,-0.009530028911540422,-0.029464035705261904,-0.024373356279897673,-0.005557888969131453,0.0015331378590033307,-0.0013905090387282826,-0.05774942596242727,-0.008481698427007078
2020-02-11,0.004882106183418777,0.00045247509791424,0.0014529730036267896,0.007742741265229114,0.0056500907648118215,0.029515393311310367,0.009736186972572503,-0.010824145555309972,-0.006623334580876161,-0.0041636966481840565,0.01336891841933352,0.019361178950684677,-0.008167743925454607,0.0006758943053943867,0.0002138373070164068
2020-02-12,0.022325832919287025,0.00969571795284807,0.013264237917699706,0.0018903407278314521,-0.0009363555506261001,-0.00042793117144313,0.002116626344430328,0.018787816085597875,0.0006701174331835702,-0.009437256365402158,0.0014101889827149439,-0.008451286277810666,0.009919711889466276,0.008669319662291564,-0.0077368770372689966
2020-02-13,-0.014636539364665135,0.014339625656758281,-0.0028635390208300304,0.007912458772607822,-0.012652327070879599,-0.014126684809843248,-0.0053978322596600625,0.007025611187504666,-0.0005101562725573494,0.010492085925723371,0.04033545357286261,0.007068059041017261,0.0006485720302262798,-0.014956990740841447,0.0021657348826931155
2020-02-14,-0.005237259443085396,-0.007320807028223908,-0.003487311797942705,0.007427592735156585,-0.019459054586136948,-0.02127666447898635,-0.01982044061404642,-0.003396972249956276,-0.012295902009925141,-0.0009549003494114805,-0.006106044566785984,0.0052493857581175085,0.04639313421439084,-0.015184204322415185,-0.022260600796822794
2020-02-17,0.006038240301473818,0.0038145976365364653,0.0037052560419597036,-0.0010789901487677778,-0.03242961812503842,-0.021295339370909994,-0.01396259177339021,0.014184107492529296,-0.0040527034471126155,-0.01720612051860504,-0.0026481633084878275,0.006248436924951584,-0.00026547994081627113,0.005292906851373846,-0.030061902820124775
2020-02-18,-5.9086940669694776e-05,0.010386944857894154,0.001025384867827217,0.006660563684417031,-0.006503317752978299,-0.00634644969621212,-0.0046385126660002385,-0.011128137839276575,-0.005723014425408679,0.0006120879494171394,-0.013411859372820856,0.03489687875982295,-0.02938830685268934,-0.012475845202825964,-0.006608990867069675
2020-02-19,0.0059728536194749715,0.003510300362493224,0.014546346095417384,0.002503561275079891,0.024169166963551758,0.022353998707026035,0.013980914124753552,0.023238272968876483,0.005152736092627341,-0.012480180330667223,0.008242602607021476,0.0031551656808466166,-0.008846299395376067,0.004172577531364796,0.04106457401274333
2020-02-20,-0.008906040568213092,-0.00430997124630883,-0.007673715787377522,-0.013437739947028793,0.010815978296367046,-0.0062471567993023225,0.003628299822271197,-0.014629115621449307,-0.007413620135006127,0.003469338956155088,-0.006970369774326746,0.011345227282385073,0.00404851893001168,0.023892091442687224,-0.0299692298617662
2020-02-24,-0.004567233524861547,-0.0014430882908895715,-0.006105073745082512,-0.0114515293907409,-0.04620596464186044,-0.014818199856681424,-0.02145111555636714,-0.012228235100865681,-0.007583049167635414,-0.01753303259284289,-0.0242680585788293,-0.0018048054506104583,-0.028775674918878003,-0.06335260098676554,-0.0345297730803944
2020-02-25,-0.0014597660277023694,0.0032042938138920896,-0.0004094272755487127,0.0024386845240871313,-0.005099696209072135,0.0036463147020968645,-0.005911049676249447,0.002647185685161313,-0.0008728509054627409,-0.02249584577749042,-0.02814609038786431,-0.0020902100398094703,0.010096149388067133,0.014081170772892948,0.02000006510191432
2020-02-26,-0.005549651432870006,-0.01960182105270425,-0.01720614389718922,-0.012954543068155244,-0.01793955176924311,-0.00908262403118354,-0.015857310021108684,-0.008568079349321467,0.0025713853179274437,-0.036513331521009995,-0.0037414600476955995,-0.012985601637049426,0.0013079278692516016,-0.011867950915891545,-0.019838567746100155
2020-02-27,0.009750960451644364,-0.006259868394520529,-0.03459771168159531,-0.0028343729547610774,-0.025573816684213102,-0.00045815014655237185,-0.005287163361263891,0.0014532581365322983,-0.005030741491760304,0.036829433441421866,-0.002698968971657889,0.01595759947526365,-0.008023092145167499,-0.00840755534245774,-0.01765116227828245
2020-02-28,-0.037082120266760055,-0.059330384497977784,-0.043825540135075225,-0.0800222876536264,-0.014997614356977218,-0.02292545803697621,0.0,-0.029814652846720358,-0.018456260921984935,-0.0401543321149439,-0.045630179557472395,-0.033196109852461686,-0.015329748132812737,-0.07521796746532805,-0.03354097953025592
2020-03-02,-0.013176250466409023,0.01277871936495778,-0.0029351290662223972,0.013820862212348572,-0.030995104722423283,-0.024870619034025876,-0.011389497814405347,0.02098350805033533,-0.007104108915577223,-0.009117799788106007,-0.007362180991771217,-0.004176680717296599,-0.009837524522179897,-0.04636548619927805,0.010659578411628123
2020-03-03,0.01707328053626056,0.008028925243908969,0.01313390958645666,0.010408919982601628,0.047699524010798466,0.048122842808995925,-0.007424388433264206,0.01548437419293247,0.026245387914475282,0.06508798060212317,0.047546987624860426,-0.0016487380779290906,0.004726435860618272,0.06455153108341616,0.014471368452833477
2020-03-04,-0.011283295546801742,0.015729827548755182,0.023021984395756645,0.025255981841158404,-0.005891845847135757,-0.00872353685645777,-0.032757234124221046,0.011131511376167413,0.012076585590016675,0.03023770366819245,0.041939194565506765,0.017123424012174038,-0.0077765475924973515,-0.026835132278983598,-0.013781648463224827
2020-03-05,0.026990910786570455,-0.005469790858687373,0.0037141450033812973,-0.019706962920253313,-0.002155477532718275,-0.0009263337505689417,0.0029334134433538495,0.0021035162307807553,0.020926785908645718,-0.0013567275005081925,0.0041306230331263905,-0.015980751513370195,0.019642160404929276,-0.003712132773410204,-0.006619055528922613
2020-03-06,-0.012293040536816346,-0.020739400793582052,-0.02677400964159682,-0.020764569494885365,-0.04427628234873027,-0.025034745897478894,-0.0335019017599707,-0.008868148349437499,-0.014629809979138098,-0.0098788656596559,-0.004239433967555661,-0.022174449948523245,-0.014708705481149331,-0.06453754494229202,-0.04022715720180969
2020-03-09,-0.03243308760645158,-0.046687819406186715,-0.04093039425240763,-0.04808221349279029,-0.15762725345054185,-0.021398027820983212,-0.025034568089544074,-0.02422179743677988,-0.02755243998647583,-0.018832509079969917,-0.034595295665043935,-0.0284208322707713,-0.04411059879942347,-0.08307261786315945,-0.062226691308225224
2020-03-11,0.007065116326116172,-0.026190767574926666,-0.006063520829194702,0.0053206755418864216,-0.03822945203334238,0.0014578355043259883,-0.008746955928883082,0.0010728240742901018,0.017286750860564082,-0.018812708719322835,-0.019812093056791213,-0.007099814045831376,-0.004936988386273544,-0.06996591206986824,-0.021387579245724986
2020-03-12,-0.07817893526884057,-0.07988324264535618,-0.06569667296612625,-0.0828451233696379,-0.12831219792398307,-0.08442548246864812,-0.11300884288846857,-0.030096106388868837,-0.07796150019668058,-0.08071002986251663,-0.05005668896879223,-0.07442068740213359,-0.05842449538211136,-0.04103401745935742,-0.12076218704195485
2020-03-13,0.0034129120722545814,0.017664823629989668,-0.008538494151464127,0.009386856165129132,0.05440014506097901,0.0392159507486356,0.041399019942245374,-0.03686028996613033,-0.016739836069171177,0.08286360602409659,0.012173690411541704,0.0037467659565264544,0.057855757225929505,0.1365454006926179,0.06277884335805828
2020-03-16,-0.05873952127819526,-0.09216157463747843,-0.08941249707929932,-0.08011288042203013,-0.08725349386262371,-0.0739419414910133,-0.09244971824921044,-0.03966165209477057,-0.019756811710933353,-0.04073413465872411,-0.020155200048466826,-0.026987751899776202,-0.05499650015281021,-0.11355982957358812,-0.10644656009849118
2020-03-17,-0.04408477673582678,-0.04835808258097929,-0.03699574175666809,-0.013175167957430123,-0.0024938347651738413,-0.029735444042534365,0.012903220148230199,0.009988047671839473,-0.008490152526565486,0.004341409493376469,-0.01618359916177814,-0.03126712188911562,-0.021729730624478805,-0.02365335383638334,-0.029530207718516555
2020-03-18,-0.11397138730989997,-0.03721069939518018,-0.018197804723088296,-0.026534714758180145,0.13583312444053353,-0.08569800724919496,0.010392316833151893,-0.06905982449277348,-0.06852195481193701,-0.01999184045920943,-0.04054011125037571,-0.10096368428468228,-0.06410821977673853,-0.0067197661188934665,-0.030774640765989125
2020-03-19,0.03319249292370907,0.021055860524643366,-0.04471883935190091,-0.08565509240523039,-0.10418185973616179,-0.027312212059483754,0.07398796418821108,-0.030768203026179664,-0.07346294797429187,-0.006478260032324101,-0.016676374475757427,-0.0799874817889904,0.045118066924404676,-0.03204555494503136,-0.0834820099393716
2020-03-20,0.0425321112198096,0.07267896736297619,0.1037881367485336,0.08745273772728779,0.18509421710526253,0.03701324229470471,0.08433702174153423,0.07813866881514708,0.0645559742001176,0.013457222562035076,0.10415620644274637,0.1549442969383965,0.04024734204625813,0.09527323383417441,0.08836135440652115
2020-03-23,-0.12999561848247754,-0.10039324369595126,-0.050502179799651215,-0.15468036529680362,-0.10319217751839416,-0.059692337572272214,-0.12079756202718883,-0.08489290510592395,-0.13370205229387733,-0.11156733750329795,-0.044473400641077854,-0.1498954136789572,-0.11952886290792142,-0.0893367145952334,-0.09763953621500776
2020-03-24,0.04976091493815549,0.12033434677270827,0.03643841972989925,0.033456678550561,0.034768089128709656,0.015052463105282188,-0.02981191643889336,0.04122940864123015,0.10611125276120204,0.032819323362713426,0.03234744477779783,-0.0022872675298131195,-0.008101252161036188,0.0027659019254708817,-0.042409873615049554
2020-03-25,0.11904780606884913,0.02780607003163338,-0.00964009697058077,0.046077371625314445,-0.015200036982232823,0.027723859123421235,-0.015698309050107384,0.07165192730272651,0.03666431456752983,0.037296853725957924,0.0224111209533584,0.02400560587088818,0.061997382016109936,0.05479959776041343,0.024834378771666055
2020-03-26,0.06417843682186763,0.060705961108584505,0.04551982561282819,-0.02183408348337823,0.05199020347977146,0.00568197241332391,0.06141841319551977,0.032923606717331966,0.05590655803697708,-0.02689473688145494,0.00908618751915724,0.027116856363067265,0.0969472116266048,-0.008193793401900074,0.115912840188648
2020-03-27,0.01904652132033413,0.01508560173569018,0.0049287505497706,-0.02154507931489036,-0.0046332593845813674,0.04205892206196071,0.04347837754671202,0.012664469285695201,-0.022870877631799513,-0.00014780324900165454,-0.010869848588647257,-0.04017759608823501,-0.046207896835679496,-0.025312133171600193,0.004342990270714386
2020-03-30,-0.07533402514048704,-0.039834516220668026,0.003542148963312064,0.04503075879760199,-0.017067312951900226,-0.015060297094443342,-0.024509583789902867,0.03640649493308179,-0.021943077131949318,-0.01640791351261628,0.02665871082305693,-0.05891178635286776,-0.03987075343569502,-0.08367874399045705,-0.057657566788284376
2020-03-31,0.0018164414168575505,0.023615920140380497,0.0681510685762734,0.07346256394512651,0.07813715764856632,0.029969280095653472,0.07851746497001288,0.04099643217742455,0.08699344186956459,0.05891194740691774,0.0422475902963122,0.03715039006989285,0.022851243505962238,0.06120821685939881,0.05124266261945798
2020-04-01,-0.0882682104123248,-0.0603276620776253,-0.03660389463872871,-0.09602129118203195,-0.03733502935226318,-0.038004573726558855,-0.030868055712250597,-0.03963369293864116,-0.046151754318806804,-0.02483686844969968,-0.008251187863003606,-0.04407195225248173,-0.044341255600909624,-0.01205491395235414,-0.03564911069304211
2020-04-03,-0.034527921614350365,-0.028367410313437702,-0.05013224267982852,0.018974982312972566,0.062357357364621224,-0.017901058832776928,0.06911094545838825,-0.035127021406762715,-0.0006238105193149268,0.09430938672678857,0.016736648749989147,0.09248272814452552,0.00617081726905111,-0.047306091388287785,-0.0033949765706021706
2020-04-07,0.050138058160809296,0.0910022305242646,0.0661113156300348,0.05557677923013715,0.04366477090533194,0.025141240865201198,0.02051702218374296,0.12803993595995977,0.1058224226608302,0.11012093266841316,0.13868055215577701,0.030599774087161524,0.10909302610548632,0.08847290847562372,0.07153658417188313
2020-04-08,-0.00868078509749659,-0.011580897237608245,0.005210989228615626,0.016459191163828546,0.021262060850367526,0.04475795566634977,-0.01597343279929886,-0.009824631298055664,-0.02079705359963402,0.04636396127252995,0.02785213759717231,0.03099624367041165,-0.01818383571351867,-0.005249823761376171,-0.02507940267189368
2020-04-09,0.07178032121668054,0.007362577288103633,0.019699454393729665,-0.024423035509501978,0.03828067845349481,0.02230038532486356,0.036943728010635946,-0.0018699404562788624,0.009421474764493176,0.04064583855672854,-0.016684693101569614,0.012579799284428539,0.05859424071781172,0.036760579672943994,0.08043475245335374
2020-04-13,-0.017283380602814202,0.001807459640396747,-0.03812912784322575,-0.033745979307876706,-0.029107169897862883,0.017795783121899778,-0.019703218971659275,-0.014237299073613041,-0.03410444472562424,0.01738357568381277,0.034529464411374944,-0.0003516353952758289,0.04808676457037531,-0.008074377245472886,-0.06270953364179477
2020-04-15,-0.06167554314586088,0.002588518957519881,-0.014006406311346642,0.022397326032389753,-0.009326988287650662,0.014100444695612557,0.042676421837248846,0.04373209607144002,0.04848239825077916,-0.028441581694893192,0.016281339253933824,0.06342820198667787,-0.0033190151837939608,0.009201891842095966,0.003935744414194309
2020-04-16,-0.03654955752409117,-0.023785344243452022,0.006968652997517033,-0.03898644214393454,0.014794583880313628,0.057841975823764935,-0.01584371397334594,0.03286128199269989,-0.00019387412595084363,0.032279711644846554,0.013932810653284111,0.046231227140491216,-0.01968671096667396,0.013150930161153207,-0.04490389999802791
2020-04-17,0.048989726688614565,0.007854311199207098,-0.004524969952067637,-0.015068027844902798,0.011265778198856768,0.004206109707051375,0.009390819323431332,-0.031905106266254535,-0.001639239584002583,-0.014233372631280439,0.017846642995510198,-0.03466925148658795,0.003996452162818409,0.01540330571225601,0.02164167749335766
2020-04-20,-0.007165406734004676,0.03904607014541783,-0.03155072046228191,0.029420199742477893,-0.030144059212840246,0.03560203301655385,-0.039340770221263255,-0.020081735773022302,0.00030017380651981007,0.035659481921307856,-0.021580100187379547,0.05592754527517796,-0.024181472509867907,-0.023691831809132924,-0.018261394754761406
2020-04-21,-0.04041609543728719,-0.030766995493698213,-0.016841474300615444,-0.02267292293266454,-0.06283785371478612,-0.01617800009954118,-0.0060874255144560685,0.0022944002238967087,0.010677685165880524,-0.000527976835728361,0.044645326674437324,-0.06878252069157642,0.020803651295335124,-0.07140363445258346,-0.013020867151762983
2020-04-22,0.019466455702649377,0.01366095606407125,0.0028082624184229132,0.010429864150012236,-0.05767863166872411,0.0030833309171909296,0.014754777040103084,0.03683147112990737,0.03122315893326988,0.0025362181008858897,0.010058760946353607,-0.002109259669222263,0.0017981557277784166,0.009024240526850358,0.006784774218913103
2020-04-23,0.08462433907686506,0.05834665483588353,0.013161477563059076,0.01041860512793158,0.030604422374808093,-0.024590327329485406,-0.009327620307122642,-0.011676719832301008,-0.001777880568767487,0.0065351562336792846,-0.007321169830430629,0.026514970000398153,-0.010769826896457002,0.00726665752599942,0.025832999784513255
2020-04-24,-0.008082156068648816,-0.03135571030756723,-0.017412879150355942,-0.03866710040794907,0.0037121277954306198,-0.01890756409856842,-0.0027693429014078452,-0.0017205444920747048,0.038932491576905814,0.016965003262932488,-0.006033937622091701,-0.017738040730821525,-0.0035281789619799886,-0.010173875951494327,-0.06423354055995567
2020-04-27,0.05167206222658982,0.010030473343186408,0.024191290167292934,0.016386917034801884,0.012573928766140163,-0.011241857839491942,-0.001110610161368708,0.03129651721613458,0.058749532750980826,0.008959042741438994,-0.005621149220343735,0.04369255423633556,-0.00040473034807853026,0.01532428614906789,0.037441383927487415
2020-04-28,0.0176817140755261,-0.005868172170612196,-0.012908626095954445,0.017002194575293172,0.01095687665546241,-0.0216570086515534,-0.0022244080282616263,-0.02123296274854425,-0.014836203280433335,-0.03255773575831178,-0.007675118234387823,0.005321105215280841,-0.017002351108460045,0.006994173927160396,0.03759406135130483
2020-04-29,0.0009046376127470612,0.023989628837508103,0.005286669403865574,0.015949187801132636,0.01878632278662984,-0.0016600401799062858,0.015045918700247851,-0.0045504663639746035,-0.00068064998637829,0.007806881481813077,-0.01748216622973231,-0.005958883685184713,0.021311698999085138,0.033266415084354906,0.026449138903061442
2020-04-30,0.022103189910044563,0.05757153174300367,0.05701624396474414,0.033194587224476546,0.1333330475867347,0.05376945483589912,-0.0005487553922839394,0.024868852305238942,0.002835260427805464,-0.027635428619081526,0.014327230203073027,-0.016643682479577482,0.036895129517550584,0.055368772357111684,0.036710332481306285
2020-05-04,-0.05850270433796734,-0.05842069807544348,-0.004713223038110059,-0.08018303259731774,-0.041927463030695056,-0.03787480262772758,-0.043944043036396985,-0.02612041662389253,-0.02299630452338286,0.002153163667580671,0.0006859206302722853,-0.016208266981036834,0.035387965117521514,-0.08280245315830637,-0.09397331143079579
2020-05-05,-0.030873414920736142,0.0,-0.030781335916885144,-0.004975556833578754,0.024820650830245317,0.012575411087091926,-0.0008618730227746285,-0.0020020614586553354,-0.036922597732852114,-0.019658490031846942,-0.026681878025769823,-0.017605358451299846,-0.008356876724017859,-0.0034722896431039763,-0.04697486166057607
2020-05-06,0.006137241055124587,-0.011577816230227578,0.015472274660323748,0.013801346191502528,0.010197516399557127,0.02267795283655616,-0.05750432097279423,-0.006440196651067653,0.0030046412722883886,-0.004163867210807748,0.0048514005867204,-0.031055158137294203,0.033993022488724156,0.018705306045210923,0.02444789229840194
2020-05-07,-0.037040039248670054,-0.001426635972542667,-0.015771141277311607,0.018743212653117514,-0.04605674072081123,-0.044878749102327475,-0.017693705865211573,-0.009639466497949889,-0.024216017203503637,-0.0048414415729766125,-0.003854666217598668,-0.02649812203188484,-0.03287548537504248,-0.006840566743280818,-0.005773766719490703
2020-05-08,0.014710877250169174,0.013910774818097993,-0.0005432678662513624,0.03844293868506865,0.005290903259167257,-0.038142259948825585,-0.01708074606817578,0.03853005397498266,0.02720090708333678,0.03715162982582876,0.03813538966354968,0.034338956478388916,0.003787627418430972,-0.010694203603891395,0.0077430622611782685
2020-05-11,-0.023820339234773225,0.012904141066159447,0.0038042142614269636,-0.011190004590617919,0.013815812189831744,-0.004023320094461158,0.0012637402767892159,-0.013528827965539558,0.0198018484685909,-0.010980729239296827,-0.030622401901842067,-0.008062118568867405,0.011602625270528133,0.012092248845282816,0.024586898222635822
2020-05-12,-0.026294822775319915,0.006955820756457287,0.012723511688863542,0.005752555457176456,-0.009733984274696628,0.05770351275089025,0.04165357804221803,-0.005702356027691979,0.017469216957422873,0.00010765733643425257,-0.022941520138445748,-0.0023767911987601087,0.04410667275662128,-0.008146327487774219,0.026996696321742508
2020-05-13,0.025492561734855146,0.00945224011062229,0.014167310054882476,0.021565966589462082,0.024901626215889205,0.015275705802715533,0.0021206099777493215,-0.05438114355890422,-0.008930446616066456,-0.02489761397632606,0.0016430614296865098,-0.01272014536437549,-0.00696631977305151,0.009490762989631918,0.030303186917145952
2020-05-14,-0.011460264972185663,-0.05186182682887741,-0.019504438655754686,-0.053327195750409895,-0.026214782611996834,-0.039763695439016256,-0.009673405448369699,-0.016342221625200604,0.012712756674070125,0.007958660673627937,-0.012593806490965753,0.007667995591532417,-0.028959245076586426,-0.028927794306750187,-0.028703137896911368
2020-05-15,0.004432705947265525,-0.008888411578486966,-0.011828093939597162,-0.009986550317379939,0.0,0.01678782161914749,0.00518919382021954,0.012393408228877911,0.002228569621126386,-0.01612042275314851,0.000830558608353682,0.04704888780307881,0.026396023710001604,0.01824606408997398,0.012768977727061426
2020-05-18,-0.05486726309272172,0.01778305599514951,-0.008705017517882219,-0.012731438795668182,-0.04267898539005732,-0.021463890575639466,0.0006073417764211886,-0.012372511142778708,-0.005150777900120196,-0.01761041308359379,-0.014979491945408263,-0.06585232573588429,-0.02896567890638113,-0.025050325811270424,-0.04574932441899804
2020-05-19,0.015085536183041759,0.007079465516585559,0.01207459977682479,0.016962632699550007,0.058299100580770924,0.024184364622741095,0.03641878010941446,-0.0055448922838949866,-0.001785079313686877,0.0022691274007509143,0.0055583668397274355,0.006476592583537499,0.11290764953625931,0.020255189755514325,-0.007550143306495394
2020-05-20,0.026228586243858487,0.00142065759221488,0.0029827492989817905,0.012875696422825822,0.011017605437820155,0.020318630347214706,0.029282611748339793,0.009479794547293752,0.007683786925425595,0.03180906484607893,0.05692501529014016,0.011144025337920693,-0.007932688648070951,0.04117635519574514,0.059338182249832894
2020-05-21,-0.008490699281338943,0.0039579781037688555,0.02243847031479862,0.0016370908598970502,-0.01282043614086592,-0.02852543837806243,0.07510665988524079,-0.00048769221195466006,-0.0054030586526684354,0.02347786332659152,-0.016035075555193012,-0.006325592300604699,0.000841839980313841,0.0017656402186529974,-0.00466772144587313
2020-05-22,0.008650278353480756,0.029976208433040608,-0.0005289033179962654,0.01845992238668792,-0.011039135127870692,0.007756227790228554,-0.01376009258752986,-0.004927627584115024,0.0180491796357396,0.006324248767344054,0.01178694073750819,-0.00023440576878408503,-0.002270566734761892,-0.032604891445139006,-0.024891754543198696
2020-05-26,-0.006033362290738253,-0.01704345233965021,-0.0010582778284461414,-0.017370065081873665,0.011162357905130982,0.022539934622584523,0.0287094227207354,0.02713498391804592,-0.001026199405258943,-0.02183629114870289,-0.007334131157980206,0.03261726572674406,-0.05723198382746619,0.021861917594975244,0.01183858259328563
2020-05-27,0.05580113449684587,0.036588043368267265,0.06594299676274562,0.006340481737600712,0.01233748431454007,0.018279646712323627,0.0023472776250301752,0.0036837544192089844,0.017842147394212526,-0.017968078104074747,0.004839236069439812,0.011991590715109135,0.006884082055918173,0.0267426458137614,0.006581532185398142
2020-05-28,0.009773722308895172,0.0027642871221169596,-0.009441136936166772,0.01136053166977935,0.01154586281976866,0.010559741926391197,-0.007806421448409262,0.01630987498387504,0.03196899903452621,0.018186015742253536,0.0012232656049533386,-0.00041118009335783245,-0.0006213902930385373,0.02621988441875156,0.046494628380707725
2020-05-29,-0.004432724055374426,-0.009886947112454969,0.06746940618316088,0.001415767372539456,0.055167951350997724,0.0224657300312725,0.03514308393496601,0.032470793204827375,0.016730774000975668,0.032999140870367594,0.047199726504432826,0.014883607644992747,-0.018036463317819607,-0.001015177974492687,0.045817329462811474
2020-06-01,0.01993449844359496,0.012373459145640364,0.010573228653966593,0.024696088588626264,0.00901433894900805,0.0005111989554122953,0.016214653958614766,-0.020372540565875785,0.016573623687823114,-0.0186611149768543,-0.02891021385324266,0.012049191459525543,0.011671913476139606,0.067750712647342,0.01028878011923573
2020-06-02,0.07569693194780958,0.012222125564806285,0.003720101392906905,0.007267086374432186,0.004169534944064912,-0.011746799037505307,-0.016454771593990003,-0.009834950163027267,0.004701751865353376,0.01654516955341423,-0.014733574615702794,-0.009211384782513488,-0.0016992295469107077,0.013324872209129923,0.03285152505800082
2020-06-03,0.032504334726617845,-0.00925011372054707,-0.02084788757192446,0.010502186894246313,0.02372489923344845,-0.021188501884747413,-0.002788307114684252,0.023103899355777058,0.017183549839596024,0.0064468017133418876,0.017225990936852176,-0.007974371619716925,-0.01155712117247032,-0.006261889076684901,-0.00763348858113122
2020-06-04,-0.037611360565468877,0.008837547970529602,0.023184350284329636,0.05214644262537016,-0.01622268621839229,0.00475197631777724,0.017539304168199932,-0.012118117166856401,-0.01707839032588021,0.039273142336533784,0.009211531568255271,0.010705500208785024,0.037705082881682506,0.008034102836954826,0.002243719333696159
2020-06-05,0.0025478126079800933,-0.005934399019825287,0.011560719149551257,-0.003865099160567542,0.024146190429180425,0.029427091294005336,-0.0007493216799904223,-0.005800732405145892,0.004738526905142537,-0.0012124020602561902,0.006501777370496731,-0.003811678432946719,0.02078783897076608,0.05938427580214234,0.00543629011216229
2020-06-08,-0.0007846595444959137,0.024589701003946418,0.0352001410675149,0.01750432471081509,0.046003229342914675,0.006125441802095732,-0.011749969786191694,-0.015245455581120892,-0.011509423837641863,-0.010622151388451129,-0.01423639353678341,0.003679260399401585,0.0013690813977198513,-0.015784018740912842,-0.02703550656373388
2020-06-09,-0.024387639376680093,-0.004508589113040973,-0.03576967106047224,-0.006440637094237367,-0.010445325250641124,-0.0055807787544055465,0.004300371765995736,-0.016847660175825507,-0.003239316342117604,0.024028650577315513,0.039368982384651696,0.00036629547089161996,-0.029650570445932,-0.0041965267423399455,0.002615234492908902
2020-06-10,0.021546609546115203,-0.0024386508652706196,-0.006182703504342135,0.007335394944973039,-0.019444653880590024,0.0015306535712074076,0.0027708571408124882,-0.001078293085595261,-0.01132996619995319,-0.0031951300884125455,-0.002740134371542635,-0.006522197884170855,-0.0012328350183899994,-0.024683998711978905,0.022497639777614653
2020-06-11,-0.02518294360511919,-0.016623624499210954,-0.018894106455591198,-0.031583489841661816,-0.015297093260330685,-0.0010189752801612606,-0.024114694996340225,0.008167486902682874,-0.001969176020137464,-0.05108683546793702,-0.013349593721674213,-0.005974891095340329,-0.026891124191545934,-0.033487694375875954,-0.03858426853327068
2020-06-12,-0.0145528801486986,-0.01690453919839574,-0.023485101195612867,-0.029990369848506004,-0.03452253611294165,-0.011728630663321082,-0.0018016702347345426,-0.006740549129848672,-0.0012758330927574724,0.013617532554300205,-0.012236331630111175,0.04159368467454083,0.014949684248066086,0.014210488884674355,0.02189060704138157
2020-06-15,-0.024144612940571353,-0.006502492734288157,0.028379032833451667,-0.01063630348012179,0.0023838392544086595,-0.03818372177795293,-0.03455382403163876,-0.005819607851841324,-0.0026291295505279644,0.011872489922469809,0.001085413762766274,0.005058386764082323,-0.016782789442256307,-0.03589424629116966,-0.05290483511957789
2020-06-16,0.022339732453893202,0.019853202571828987,-0.006548024234447447,-0.028243512284958028,-0.0023781700792202543,-0.004291752764228884,-0.011752228880906435,-0.0035488336784308405,-0.0035296703062853707,-0.00494015230893452,-0.001707162386876182,-0.026901358491528082,-0.010531938748795211,0.00898105349257583,0.004797642127694957
2020-06-17,-0.02584594208364832,0.003494145504174595,0.025423519066595013,0.004218851087170572,0.003575537728661926,-0.014008893260847977,-0.020540534251675346,-0.008808341731108338,0.016769406795879682,0.004654297951689479,-0.005055710442822381,-0.01486078510179667,0.034042943986012375,-0.002427569208699798,0.023533404598466534
2020-06-18,0.047877673054387504,0.01456698749806562,0.0016070762703623842,0.0006537955813250562,-0.007125660575651338,0.013114898408921105,0.029801333943090702,-0.0011854905642297853,0.0008232561667671501,-0.002882640235941758,0.00547013499658644,-0.003623210998876858,-0.004525803805796813,0.03212198199668381,-0.015661371237010058
2020-06-19,-0.0006521862784387711,-0.011696749772952653,0.017877713129897943,0.005504754616532992,0.025717643539012514,0.0032362286345841706,-0.013665550997706055,-0.005198021562498822,0.010075805442920638,0.007950463297869304,-0.00034936657110362646,0.01725468151040488,0.020681290728322255,0.0077018771789543194,0.09546374946524461
2020-06-22,0.04057565602049795,-0.002621855179183785,-0.018014057998233746,0.017908450087489536,-0.010495749675782928,0.024731120597489165,0.005161580495898654,0.0028549889062474687,-0.005045983215163585,0.010448730344105206,0.006803045018584086,0.02013582453242968,0.01493445319616482,0.016066195673169803,-0.011433946949651719
2020-06-23,0.02549165808062348,0.024086948276409448,0.011694549093066442,0.01877865023479286,0.009428597901864011,0.05718795162472112,0.0045946574832465,0.02525580635316671,0.013401742494780766,0.014699998115959234,0.01884507341236974,0.012729815812110079,-0.0038723121723859277,0.019342990072334088,0.05439196772737542
2020-06-24,-0.03309579706689514,-0.009019680268776309,-0.010879373458344999,0.003847502548876003,-0.02977255189738559,-0.0367244965153396,0.032284069889232825,0.009638359429930743,-0.005956110144606397,-0.032071338544256034,-0.01611148221304748,-0.003036684720736371,-0.03705948927743552,-0.017921646105119815,-0.05099301105109122
2020-06-25,0.028126943750224065,-0.019113527780565298,0.0,-0.012122250403568957,-0.018050436726854135,-0.00978873190730467,0.053427094207577186,0.004731341614322426,0.0011606955849796652,0.006709377420052842,-0.008917428418906415,0.01820366474836166,0.0029604781216827636,-0.009047680746030795,-0.017494536914697045
2020-06-26,-0.030107882840224143,0.06809425693354254,0.033226291588587475,0.012090393217998985,0.031250237537615355,0.00936519302823191,-0.03414133077023429,-0.006522875399510353,0.0017388656257044666,-0.015789928840185485,-0.00199665931137738,-0.034330311631887045,0.002504485265474976,0.0023211113648080595,-0.01812418955087869
2020-06-29,0.011603773141888318,-0.021986252241024795,-0.025504595590214674,-0.03441208212014668,-0.020796479020887437,-0.02164946685653102,0.010501925273944002,0.00283914224502535,0.018183665435183682,0.0042711644848154595,-0.00618973499651132,-0.01664086334662951,0.011955593509820561,-0.009263446575203949,-0.0187823391543811
2020-06-30,0.00354068951056008,0.005739762036402807,-0.00022754243426359455,0.0034162003697673082,-0.012742676010858212,0.009483512663732707,-0.013180869941344375,0.02688212144710489,0.024025106339188307,-0.01877581702646225,-0.007272447660305104,-0.011135076854814963,-0.012784205888019762,0.018232816539111907,-0.02277225914563119
2020-07-01,-0.0027197084656651604,-0.005503006380094266,-0.002731587981896988,0.004600748461840221,-0.011063371786547926,-0.02296431966253365,0.042383476042809676,-0.021869612694978446,-0.016052618215693926,-0.010149093905240325,-0.008491859525534773,-0.022372921530095624,0.0005358441017018212,-0.009182706069259194,0.014859849894469868
2020-07-02,-0.0035011647923194333,0.03374745571317117,0.02351069470100242,0.02738582916640575,0.01740201162778754,-0.0021369135842372877,0.01453932890590659,-0.0005655947895533142,-0.003059566109309464,0.010359892032320905,0.0023263154899031413,0.03250866789114282,-0.0030349006651181343,0.03460012844325866,0.017304391470584157
2020-07-03,0.001331456941763287,0.00806262284251158,0.0026760024573582175,0.011322077078639525,0.006719732446497151,0.011777308394939734,0.008258133053391958,-0.005583755673070678,0.0009192953939314297,0.008139697181092087,0.00022958587410681908,0.012660164505686078,0.0411854893169743,-0.014930008097103209,-0.010467678308248574
2020-07-06,0.010415046319076637,0.0017042916873257763,-0.009563988047472605,0.025299794405637677,0.01638356006802466,0.007407402069744995,0.014166610926086953,0.006372880931131197,0.02433332310847569,0.0070252549839355805,-0.007509850527702588,0.02192315356049024,-0.00834140969456898,0.027280973372449724,0.023801661119709827
2020-07-07,0.0002560596482086286,0.03946346739495299,0.010105546771708829,0.00911350155145163,-0.02149253670877871,-0.02783596856624493,-0.02777802773395588,0.0065705963594853145,0.014898724517374617,-0.0019784825643601733,-0.017600202717725444,0.006524662665520875,-0.016388985039425097,-0.025376210447024983,-0.011624260212728776
2020-07-08,-0.011328468024519811,-0.024491482311246426,-0.008003542208551817,-0.005793691463146899,-0.007931651046167998,-0.016747944372666357,0.010553819969778555,-0.0065248446513422875,0.0017806855452600079,0.0067813399868155155,0.01652931721466855,-0.01789674103472172,-0.010314922974939411,0.011807211805189066,-0.0434498461218944
2020-07-09,0.011384406923050205,0.009035537198178512,-0.006723442267966395,-0.010540503968473725,-0.013529989808101495,0.002197968773685055,-0.004330268132958781,-0.00255628818798892,-0.003093622111165928,-0.001139803762786662,0.00254711063214752,0.007282012937813054,0.013094729222898671,0.03082019405037406,-0.0027321317594027894
2020-07-10,-0.01374144749544437,0.00019196795454012872,0.0022562169111102204,-0.014377402275950635,-0.020573738427090316,-0.008771953216107242,-0.0056280330212222784,0.004415643168092842,0.014440814494130594,0.024795004676795518,0.002271252008535951,-0.001103921323214574,0.010639036899632748,-0.016836210603778934,0.011986222697071947
2020-07-13,-0.010227011746270165,0.01944108305553227,0.024763797867962012,0.0545693591922527,0.0044557006039154246,-0.005530800014505788,0.016465087744490736,0.007351599432759315,0.018824111644604402,0.011743503892760243,0.004922104117023096,0.020678115345874826,0.021054641177403077,0.01003847786373857,-0.03282581417820063
2020-07-14,-0.02789113347731309,-0.017313828490042926,-0.011423495080914225,-0.0029164848122481546,-0.019645106354272523,-0.025028047479881965,-0.00835215394769584,-0.0036004679706105325,-0.016211316896387884,-0.015209293089908704,0.021438361591678,0.007195388921362289,0.0043457125505395044,-0.015930889629002576,-0.02099359995425165
2020-07-15,-0.006393067737364033,0.06090004332668508,0.16777770320435392,0.028413681483185016,-0.01422105824730091,0.0045638398184453255,0.01429259447831921,0.0007665164797947543,-0.003212519926524715,0.006096480455927145,0.013381320287297882,0.01629969179064883,-0.04369232497476283,0.007871502936299901,-0.020014303980278036
2020-07-16,0.02531024892613587,0.09633568390529534,-0.003235009749440465,-0.025840659330542914,-0.0013114677049947954,-0.014764513859173989,-0.02440855354830851,0.03470980989731731,0.03531854565528314,0.009291065023674383,0.028663855136198846,-0.019553019196534183,-0.001508046816674491,0.006926102001225676,0.01057631407827797
2020-07-17,0.0036291454977150917,-0.008617073905821893,-0.002099982593368188,0.000500468076797489,0.055154254737400654,0.017867693752362523,0.0010319069072630693,-0.015186645737163329,-0.018094480933824597,0.0078044488622450725,-0.008044007798085118,0.04357513456101403,0.007107807938566912,0.02722084478113862,0.01587874920555743
2020-07-20,-0.006327952525151059,0.03449052177127343,0.03615809553142446,0.038602556197954385,-0.0006220429783665438,-0.013023910881539313,-0.006956901679818439,0.000989653566608295,0.05221925310134545,-0.0393168852396828,-0.00647046295065179,-0.009404981750126717,0.01588018284826176,0.0041315143767459706,0.0014209595940259945
2020-07-21,0.03028674640080453,0.0026222322690891975,0.0020312132342985567,-0.003451975252000583,0.02677426759650925,0.01376917546464762,-0.0023354604598634365,0.0016583053865810715,-0.02567390738298614,-0.013538614239717583,-0.014308100651508115,0.010100182649019462,-0.013894974622584044,0.01915437466689407,0.016672498565991845
2020-07-22,-0.012251409023851578,-0.02012263674348469,-0.019716043708762787,-0.004430394923442327,0.0018194989877275969,0.02263708066848613,0.0223666557030886,-0.0071632942857748905,-0.019418018847983665,-0.006181202071125158,0.006954183348789389,-0.01263220793061992,0.0024657729240982196,-0.02533761634174847,-0.004187021882322228
2020-07-23,0.023615155082689077,-0.010840127847678516,0.002255613401533463,0.03181329081935358,0.0006051628108743046,0.0022138893617351663,0.021114372001038717,0.006095556441286121,0.005926392910310385,0.0035842242347234876,0.01684064770509508,0.033858784516564766,-0.00342618797652372,0.005285083838831639,0.0003504701079095618
2020-07-24,-0.01750290855004799,0.016410472183115754,0.014815941448609093,0.03186005936506331,-0.01996349025936539,-0.012700078392495096,-0.005480914574303775,-0.0002636293693878411,-0.0023906332489624926,0.020167921881903528,-0.015508389679541268,-0.01257113313829994,-0.013663642321020464,-0.016482036799573718,-0.02697032054469828
2020-07-27,-0.02029636508671384,0.02774014745363429,-0.006283241144517948,0.018311655832072393,-0.0024693172814511666,-0.019575143744777646,-0.016032118076080293,0.005703672789624914,-0.010763444356884255,-0.020798842998120737,-0.012358762098798493,-0.002446947135115729,8.956382647640204e-05,0.019503104940583604,-0.019438510709386514
2020-07-28,0.04646138834428437,0.015182687204441603,0.024548850574891645,0.02979452286431372,-0.011138614429796578,0.010268167902602654,-0.005091400542927338,-0.014688588847712292,-0.0006884457718380199,0.014931584836497258,0.008877744389526931,0.060231314729066954,0.00911527877508922,0.016012474089839746,0.03634365903145542
2020-07-29,0.003901652452173332,-0.00903557906575958,0.005627062071391631,-0.011616822315605013,-0.005005963192422858,-0.004517234128709635,0.006652775872510341,-0.029104288896092623,0.005285190264301631,0.021549990874438762,0.06191754053919807,0.026325778680728718,0.0028337156509599115,0.04253819229572331,-0.00920989320749721
2020-07-30,-0.003202691179685524,0.007650815932461752,0.025632027862255713,-0.0024395125878597934,-0.022641637265284342,-0.01758369819816097,-0.01703096754840905,-0.004449244662840579,0.002964652983103333,0.034381350920279274,0.04983497413839788,0.04560407000206501,-0.02384312785114384,-0.019130366342949512,0.0017876013095809995
2020-07-31,-0.01389887065788431,0.004732384801145573,-0.011087902132097538,0.010226169995202428,0.007721893129795987,0.004619175018778954,0.0041375618594925445,-0.00010912860374656663,0.004637430248668251,0.04265127916693534,0.0009853587602624003,-0.024211279360915716,0.003890090183882977,-0.0008181634436043028,0.007494505307765964
2020-08-03,-0.041881865322241696,-0.009420337868074391,0.002135587584535914,-0.011809838811321471,-0.03065116044776728,-0.016092162229855433,-0.00798342155687981,0.00015749791374619626,-0.012396639277717614,-0.023133462164205865,0.001415562707906881,-0.059864993530196364,-0.01351716985749074,0.019655927846395915,-0.018774333056853054
2020-08-04,0.011768830621645021,-0.007367561659709532,-0.0017758043447030358,-0.0311013512557351,0.002634960254531915,0.0,0.005451848966546047,0.0033402500166572757,0.010963476592444898,0.01838683948118125,0.023721853276437166,0.05056063301203917,0.003014565379191314,-0.0033465435644145503,0.029603074339631386
2020-08-05,0.007742026136236202,-0.005421965722238298,-0.010140401341394711,-0.006282244057570163,0.011169481712391072,0.0035046540451086905,-0.004389526075510908,-0.004622893286839624,0.008473814416338543,-0.00018930639965575313,-0.007314089429131476,0.013482805374257278,0.01812382808148172,0.06326380330170434,-0.00035071582012624614
2020-08-06,0.004422009083997036,0.027681029706992266,0.00521192840568685,0.01819454540044707,0.014294773776253988,0.002910552903129693,0.013226318991919506,0.01053113328178834,0.0020000543853777586,0.0064290968282840755,-0.0038905290188195885,0.010260929226850735,-0.00296264508580657,0.037973060195011454,0.0007014520373140876
2020-08-07,0.0017908874342031922,-0.02054907106075332,-0.00804577146797758,0.003180426411856896,0.007687675375964709,-0.004062564716143302,0.0035831565600232818,0.00668282735268777,0.019999227873042313,-0.011836490324899418,-0.0020836937771594455,0.029378048496496056,0.009904634754194452,0.008989886053496488,-0.0056081338464387676
2020-08-10,0.013184583598725208,0.0004731282147345528,0.0,0.029284847747476972,0.005085859990796582,0.02797164264324592,0.014282183031118834,-0.007317498329674321,0.0020331826015156373,0.03403348351318303,0.025669512698350605,0.02406486769203009,-0.0034772811314592866,0.015220883295890664,0.04793786690151691
2020-08-11,0.003234662127043375,-0.0030483675012582534,0.008111030969528032,-0.010339274786845043,-0.007590153824363455,0.000566908805108346,0.021121457705764346,-0.0025769592242084194,-0.016041921721671848,-0.00514842955872441,-0.020251935477180294,-0.019270235539612268,-0.013867743685824996,0.015236339388839726,-0.014126988472779933
2020-08-12,-0.02161793836490622,0.006853473488647621,-0.012336861557641132,0.025562951114279864,-0.00446158236526506,0.00509906795237236,0.005663391345714919,-0.004930293156329202,-0.017991842532706137,-0.016449442304510842,-0.01691718007693488,-0.024989105759978814,-0.006169496383602202,-0.004682304102815227,0.0
2020-08-13,0.0008612034568162841,-0.003926938359310572,0.0028964195419820538,0.007225154377203946,0.006402010848426842,0.013945430808483206,-0.013467130185193299,-0.004029377322105621,-0.000393586097301335,-0.021328686400015062,-0.0035192235094119173,0.010603448645371216,-0.02254876360458402,-0.0033774601695920614,0.008188224333000704
2020-08-14,-0.02155291240857804,0.0025230313829547324,-0.0018050340777621132,-0.0016499094495450173,-0.019083857482646627,0.01318068875883327,-0.025068324825775257,-0.0072537897729708645,-0.0018119160174905335,0.020257483141222554,0.003809203497413982,-0.010289330078577574,-0.012608563883641066,0.013071729418266509,-0.03587147348221942
2020-08-17,0.015373645142858994,0.004089861175959442,0.01971084304959292,0.03614027940910014,0.028534337771066953,0.07805413548892837,0.011965477841006544,0.004170386585297781,0.017704176229285995,-0.005646264676215873,-5.5257541164199786e-05,-0.0017278987628116527,-0.013620915099590514,0.01565107088947726,0.03299410529168645
2020-08-18,0.031486614104767385,0.010496188200416867,0.0026599269499836264,-0.011094872184553073,0.017024025487136107,-0.0026232216013237775,-0.0010062605255684032,0.008019012110132007,0.011800053042884562,-0.004447727897859632,0.00027651335661893484,-0.0042536998501142564,0.009397804604839077,0.022232720412791673,0.0679578939819685
2020-08-19,-0.010041209738119505,-0.008526921039775925,-0.0104350622355035,0.01914282205308404,-0.013639296813976354,-0.004208193586436537,-0.0005034827050141022,-0.01261561635925823,-0.009937867967623637,0.0007621520916840652,-0.0068909420953343625,-0.007159121681905134,0.01814543695017612,-0.006444200604575734,0.0025454421875386046
2020-08-20,-0.012725075926875107,-0.00432602455471387,-0.019839069089098493,-0.00041260438683032863,0.032684053725257955,0.06814557925522124,-0.013353799873679906,-0.008185819805565542,-0.001883826425910673,-0.005900375021116178,-0.0029514953447712378,0.004866507209677184,-0.019221759345364298,0.002084859796557259,0.02126302047570916
2020-08-21,0.0007845663043395401,-0.006648066103332906,-0.003099922573677527,0.008535015755638975,-0.01339005833035245,0.047972272564129836,0.0051074198451872554,0.021589021755341165,0.0037873373998698057,0.019241702518305814,0.003071889913253356,-0.009272210774596279,-0.010084697608313542,-0.008668546290913293,0.004972034058013497
2020-08-24,0.035724844917231824,-0.0014754974163326828,-0.0023780912798011533,-0.013786406904279125,0.0024672702902746035,-0.005190983163018803,-0.0005082712424366864,-0.005020494278703547,0.00659347409611577,0.0020664779197407945,-0.0038309616495136867,0.007779246786104865,0.012782401184699532,0.0015157444754103633,-0.024737176207464406
2020-08-25,0.00926272403329298,-0.009816574202863415,-0.010084137620090527,0.022283798680378775,-0.009230682702655035,-0.015180287911614299,-0.006608808947796363,-0.01156635202361167,-0.0029425627278949484,-0.01565306376275344,-0.010027800558732092,-0.015438761272368762,0.0033211839228703965,-0.012805519982326707,-0.008243452257513884
2020-08-26,0.026141195607738865,0.013538096244042563,0.007779130326061923,-0.007784944769859137,0.011180123814563236,-0.00963391434605243,-0.0023029804703575962,-0.006025863066257853,0.00403799178693931,9.553649423055255e-05,0.0015923531546837566,-0.007960494287812758,-0.026766190301173887,0.0023582354779563275,0.023017909915688195
2020-08-27,-0.011623865879292428,-0.0039439282540438825,0.0011028491613613856,0.0037523872771609845,-0.015356272037001628,-0.001945379015666271,-0.0035909278689328916,-0.004715823705876421,-0.0033035167751147565,0.013519932183596373,0.0005073108067992216,-0.0007268597353728978,-0.006511210335596318,0.004353040791653884,0.09937508024262454
2020-08-28,0.03316916759724431,-0.012459898622902199,-0.0011016342249802191,0.02277044845985987,0.0024952403579547866,-0.010233998006954126,0.006692689409799613,-0.000772558275604518,-0.005960740356435346,0.04415223351756237,-0.014131288091069338,0.007242543159846626,0.024063382906211128,-0.00620835693411681,-0.016202460012834208
2020-08-31,-0.044816512585678314,-0.007110423106345132,-0.002757030594171761,-0.015086014644832058,0.01991296280693655,-0.050713718828237275,-0.022756483591339638,-0.009421696678557745,-0.01787114509981047,-0.06387780561724454,-0.025055409657625094,-0.016486666861669774,-0.019772668281949235,-0.02640247770439197,-0.08494661938248593
2020-09-01,0.020908407043394472,-0.015560974075297329,0.0011059598660358994,-0.017746298897573287,-0.03172673356483757,0.035269494861051465,-0.004709387996587822,0.015508277170004359,0.012063671147785948,0.0023067085219750094,0.02045870134074046,0.02220787448171735,0.06460750054490805,0.03789343500068543,0.016103599576749783
2020-09-02,-0.004997635398132916,0.010775031462189721,0.007731995302921568,0.010098318107561344,0.011972505387871202,-0.00851717311553879,0.00604622730046489,-0.0126167406770743,0.007478072327374186,-0.013328430413204084,0.00018372974439651024,0.016638361222397258,0.007871592966526286,0.023328962179655743,0.001242908537947951
2020-09-03,-0.018826908035236567,0.012499998062928785,0.03343072377316636,0.03312014722079937,-0.01556662963642963,-0.012632766604975587,0.0013062286092253572,0.02508674129271471,-0.013779183249482796,0.017395747568888176,0.01847109452888085,0.00017652940130763461,-0.02279536703210605,-0.0012537168167140456,-0.015207827393460716
2020-09-04,-0.01192093604777611,-0.017529719742430894,-0.0242176596140119,-0.014943009338730384,-0.014547901013540643,-0.030706065541150074,-0.025573971098073023,-0.009829895177882686,-0.010942417177708053,-0.021014580202761923,-0.02495963960849401,-0.028870747737220204,-0.027602211692614453,-0.038347475998761205,-0.02395210370136336
2020-09-07,-0.008188167357994991,0.006418976285096134,0.009963685424435598,-0.001470410170481995,-0.018613599064239872,-0.024287240277305888,0.012854807785217748,0.010528192335806486,0.004911102556166558,0.001561191578159038,0.022521630485778488,-0.0003940071230955633,-0.014718464654922991,0.002848255085487361,-0.017436182553803192
2020-09-08,-0.013186956379371728,0.015404602318333183,0.013632073417748192,0.006893595012495979,-0.026160942396664666,-0.018939272460830825,-0.005023680379058981,-0.01688661357754484,0.0020273859950126205,-0.022114007252259094,-0.01607507211909387,0.0014553631730782612,-0.03365988526740582,-0.041183417663404276,-0.012487733128703993
2020-09-09,-0.01817582846407051,-0.012296540157508695,0.0010619250054126894,0.0014622875786221012,-0.023505748460542764,-0.002757886487220307,-0.02311986644755404,0.011533686157630507,0.0017954798934214367,0.014743943693676487,0.01854529456565479,-0.02736671656990486,0.012346851018509852,0.030362977867382845,-0.000998256156555355
2020-09-10,-0.005014477459041267,0.013258056898736381,0.006010007801207751,-0.004446706237064557,0.013067579267437734,0.00165934983343341,0.005984761151440532,0.00663293285149491,-0.005095940038285396,-0.0026505942013436146,-0.01112997667756177,0.0015250936026585116,-0.013683692903007194,-0.0225204658124446,0.000666276281850342
2020-09-11,0.008222730274951129,0.0060101609533518285,0.03075047018896626,0.020199888878291716,-0.004752357769913895,-0.004969698637241171,-0.005137903182143133,-0.005806585038208745,0.014250220100719968,-0.0047248751365081,0.004897002114663929,0.0018025677302144771,-0.011460697676617615,-0.0012254133095737085,0.027296782615652493
2020-09-14,-0.019280527164832195,0.03457769782664011,0.047391849445322265,0.03345755894892877,0.004775050518346369,0.008324060170536773,-0.003261995552712782,-0.014826644546527934,-0.013983704273288433,-0.019286017045912263,-0.00851960404616936,0.007382800210600893,-0.03569616343748827,-0.006993925124891942,0.009073028764636115
2020-09-15,0.014754180325602828,0.0041394206698970315,0.0004883030173092884,0.0005057089740898579,0.002036611646576869,0.002751711483518493,-0.008453675771125213,-0.0026332078182051966,0.0039251788848815305,0.02137956073520786,0.017930332630766932,0.030270473142404608,0.02415098026413376,0.0014828933587545112,0.004196574366275296
2020-09-16,0.0010952219363435933,0.019644611171543147,0.015617307602010744,0.0010743822620351562,-0.01016257695131595,-0.015916647968254316,-0.006325480097387648,0.009778137548850374,0.029565400006092757,0.023894305020726758,0.04176852538631892,0.009594504243298108,-0.007826124452700034,-0.0016041263119457305,0.05014463403412295
2020-09-17,-0.015316100712719383,0.009233877146359593,-0.001441571670322328,-0.006376261359883562,0.001368917197600128,-0.011154178516753266,-0.011348008768890194,-0.0047197834440905195,-0.007504315611033041,-0.012536179013364124,0.04307567737767504,0.05393935580141962,-0.00570840027122177,-0.01458228331437017,-0.039791929045433605
2020-09-18,-0.021454361131104438,-0.008753606705914851,0.015399357075526199,0.02249188583304562,0.01572128064139755,0.021432527761664488,0.0027995292059657118,-0.0021275827763941324,-0.004756530185656027,0.022167805300948196,0.10484230252248472,0.028895377632746744,0.03246360247504909,-0.008026035043858681,0.02805232357933196
2020-09-21,0.008417606954074452,0.007733224991361087,-0.014533908821674268,-0.021624495382050468,-0.04239582541787379,-0.024847972078639757,-0.01870447052918567,-0.04079687440940993,-0.044292382568210775,-0.03764189173656707,-0.035878009834550584,0.001695473028104466,-0.054190831495467884,-0.05587850000697536,-0.05798454804019981
2020-09-22,-0.013433300101126866,-0.0023764524064399106,0.0011220614325413436,0.016767321324733464,-0.023190415394261477,-0.006795252044747735,-0.00881935373098297,-0.015002433388170422,-0.011379600376509202,0.010324502009039005,0.005046580142417989,-0.02314970761206392,0.006841353740463685,0.002008443517136138,-0.019420796999124135
2020-09-23,0.0038172238605846953,0.012158925804863996,0.008326675924486215,-0.009244762558237252,-0.026618735327841647,-0.029646550456028375,-0.009758676046717651,0.010974084655553051,0.01028423144722379,-0.011693154943017814,-0.01164866859042979,0.01601316916078499,-0.07888321118608144,-0.03434429158261787,0.010070703686807292
2020-09-24,-0.02297318024539008,-0.04349104780059765,-0.03223755995363231,-0.05195133513329642,-0.014781877385412479,-0.02878951685781639,-0.03449308720556532,-0.006976292960392927,-0.003351759018771938,-0.03400277814783348,-0.01573099267889866,0.07143253640325975,-0.033425432210053785,-0.04815970616033238,-0.027916424006956708
2020-09-25,0.00557741967847436,0.036958991322604495,0.030193625976885352,0.027266066666075783,0.033758353506042615,0.02601303220736706,0.02521748282604208,0.03132266606061451,0.020386166098407488,0.00792524965033703,0.01686759200622201,0.04107510592994745,0.04853319317066518,0.023844157353934747,0.034871821470770836
2020-09-28,0.020470055995853276,-0.0010380427631148104,-0.007486403872197678,0.009128172803138268,0.04281568723101303,0.031839734848607026,0.014934257713925314,-0.001080230820397876,0.013821028488723242,0.04176453914612188,0.003452603357407824,0.015904987609500765,0.009098159026011077,0.025276865299294515,0.04195580517445796
2020-09-29,-0.012082632948904326,-0.0013854716016938884,-0.00016056669079467234,-0.014434265506126476,-0.037578357262708084,-0.026857144706075253,-0.022504155952829952,-0.006294573914244261,-0.00013376663457176363,-0.007743763321105712,-0.008899028894691963,0.012282283782200754,-0.018144867651002983,0.02506924616934114,-0.018072268371333244
2020-09-30,0.003918442639732289,-0.0007433303028219207,0.006581066791958801,0.030723248628538924,0.001446123005783173,-0.000587182595278346,0.013577303031777621,0.019064281615413625,0.01640425755774655,-0.011261374967677651,0.020376852622482122,0.030140920067868837,-0.033631675361910696,-0.02783398128537773,-0.014207268051769084
2020-10-01,0.02905712089024637,0.009323038545806295,-0.0015945708557255633,0.03883794683058617,-0.0014440347539043108,-0.0023502212211014006,-0.004950561023919553,0.005141810516306133,0.0027512452186697622,0.012888410940355977,-0.014601550450674794,-0.027141042189183562,0.027081492708946664,0.014454517477495932,0.021290572704663946
2020-10-05,0.007317717169566862,0.030511567698385145,0.06676255219216998,0.022796457688851968,0.0007230231706272239,-0.005300427199937396,-0.009364850888365472,0.002040596669191208,0.005736999974580437,0.03195874798148313,0.009282081160075117,0.01770546123578476,-0.01827229654079643,0.04754074622362836,0.021488005942366106
2020-10-06,0.017990050829366,0.00672242184960159,-0.011678514194925382,0.007310554726812413,0.002167732184870319,-0.003552410373409254,0.0038403924009613455,-0.009748557551461978,-0.01686485140023941,-0.003918768043573051,-0.004457789297927395,-0.00044651490748526257,0.005418854989603927,-0.012817182259371118,0.02291993458682784
2020-10-07,-0.010125115640728155,0.010229877769463158,0.01590668123626804,-0.0012391988501697648,0.016582643870930225,-0.016042893496454935,-0.002354258552856092,0.014961988435101548,0.0053375222465197325,-0.017848594300827303,-0.0061423300651116675,0.02225045265503267,-0.01007612686164816,-0.016693074209469416,-0.025782654933330762
2020-10-08,-0.0034724382671526,0.025455912157263727,0.07202517394415686,0.016482656153768538,-0.029078175456833666,-0.002415049832841909,-0.013864420491932927,0.011803074356317333,0.0023111143817644564,0.024132875004110987,0.017522134771612352,0.034765805803652405,0.00473417979604962,0.006871518585559899,0.006931353232893622
2020-10-09,-0.00018917359624937014,0.011977634243275581,0.04047835626978613,-0.007148854061007404,0.02702713796682099,0.003631858763790241,0.004187735312980445,-0.016590446367948153,-0.01307088936659151,-0.021369910648047608,-0.007970097598049675,0.012652427743831574,0.0017669997840199514,-0.011106798823978137,-0.01752201167539902
2020-10-12,-0.005265998514467851,0.022858767023016036,0.009358408699873255,0.003219683274114704,-0.016358553565030798,-0.0018094718880697913,0.02591607909414373,-0.00822618434896416,-0.003631368457409856,0.00194972974828711,0.01309915105737125,-0.0015152370273733284,-0.023871130786576322,0.004330271213849324,-0.007324643357236371
2020-10-13,0.024411663923395555,0.022701117187362563,-0.004105936369206642,0.013187041373630137,-0.0007231764996846746,-0.001208311265543771,-0.01190480710250963,-0.014413097394587404,0.0037919845391731766,-0.020918461710001557,-0.009912798383026056,-0.008444577410096521,0.0006023136574175858,-0.007410605789724634,-0.0048123674712095
2020-10-14,0.006245730368597213,-0.017965258225891123,-0.06782825206519527,-0.022287489186929355,-0.030390637580883006,-0.04295242400495736,-0.013811278855848097,3.337316977436444e-06,0.011786950216108316,-0.0018881293662508236,-0.008851307959175103,-0.011865407780306092,-0.004936061020048399,0.019546690872096484,0.02578989917541863
2020-10-15,-0.03236426464020181,-0.0252857721439409,-0.02525332242340328,-0.04294053797828634,-0.014178822522201373,-0.0012643064410609028,-0.016388667226902576,-0.004485505913872867,-0.015515203225915597,-0.023695791003700672,-0.013029494291836419,-0.020244939626547054,-0.03399877453664557,-0.004393521309755455,-0.0229416397677219
2020-10-16,0.020617611786073686,0.017369681521815616,-0.005708294170249206,0.012739942937311843,0.018167780966971137,0.016455655299167926,0.003938428707192854,-0.011055775106072363,0.004341948539415386,-0.006934432161436854,0.004805988239910963,0.012805684043261989,0.00613721277908752,0.053356368252936104,0.045673861669200067
2020-10-19,0.030040178057722855,-0.0014189930058065015,0.010452040421693676,0.0017017997047588107,0.03048328702434744,0.016812074522627896,0.015389031356516147,0.04296113647779243,0.006738355287841946,-0.0066749576100930685,-0.004409041698074323,0.0007012306934723878,-0.009834386960366981,0.004189551693280391,0.013226602144351007
2020-10-20,-0.005738227647134941,0.01030284281367111,0.010343827733345412,0.031183485785617027,-0.027417016819820672,-0.012247286022129766,-0.0047545721546851105,0.009904866994177253,-0.05813190554565151,0.005582533678177626,0.002570163051630159,6.794708679391803e-05,0.018355460739243323,-0.00783814485307921,0.016697064067745515
2020-10-21,0.017898704755360262,0.00953848111761646,-0.009517076700741645,-0.004647780271828772,0.005934682624417764,0.020458665977682422,0.0011941080097352952,-0.01364113368550779,-0.043876618840346104,0.007916086443258585,-0.004811490332117252,-0.02836514186376604,0.034567988426913,0.029689129579649975,0.027769571837224838
2020-10-22,-0.00017956545160713322,-0.01680677927130636,0.0029115993966803977,-0.009989347810611782,0.01548675092011309,0.02855407423579992,0.005368478610963789,-0.007572596719153224,0.017985185243821977,-0.0094858353489512,-0.0049041426491613915,-0.022237597478703686,0.0278042423771383,0.013859583280119603,0.002324005323489864
2020-10-23,-0.007178178548762459,0.004879093669543311,-0.005951523430186567,0.012896244081579189,0.0021785977373351972,0.01890138704860167,0.013052314714476987,-0.0027659556980232924,0.003296299280024062,-0.002162604972929527,-0.0007467311187399073,-0.012704036416513631,0.0087078023689382,0.0336873877364916,-0.006956314408600561
2020-10-26,0.02447470183200129,-0.008953381082175027,-0.007593373290735617,-0.03418790456308329,-0.011594134307225001,-0.003478491692914143,-0.012884146775930083,0.024827888719944458,0.00451044800967515,-0.020639840061737136,-0.008000850291643546,-0.010939763547880843,-0.000805796275689219,-0.035541555396158664,-0.02977234659014094
2020-10-27,0.12050956178518435,-0.01941649775765364,-0.016921750281649772,0.011473858148063565,-0.019794797259434227,0.04072164580568893,-0.00800953609709476,0.05968852864960428,0.02491824943572607,-0.008535242704711954,0.024366691946976715,0.032329566356691375,-0.0016126695822509252,0.006366240729810402,-0.00661866236309816
2020-10-28,-0.02286401634544466,-0.013109128475160214,0.004789648489477605,-0.029385157372789128,-0.007479466676817315,-0.015092123259777934,-0.010167478877270097,-0.006424815916937887,-0.008552094254691944,-0.01498569808621042,-0.029101353794439122,-0.018573102078078496,0.04269063951742913,-0.021167878312181698,-0.05511792629320722
2020-10-29,0.012602032674003283,-0.0015789843876092835,0.005362769007588364,0.03868008165853909,-0.029389388058525645,-0.018161525789261668,-0.009969534464545848,-0.0066855856710540396,-0.002555313621788957,-0.015213545831119113,-0.0018280200433135052,0.003150247876741563,-0.0023237466634948856,-0.002237108801055876,-0.018589791792485322
2020-10-30,-0.014959622064477651,-0.013257807782447006,0.009631122348285892,0.011252740549106077,0.00776384554101206,0.012717063822614394,0.008544465717303718,0.017248826579180143,-0.016814504148434883,0.020598263686739005,-0.010785177630430076,0.016108253389002458,-0.03782173576902903,0.022795309790648588,0.0339646853071196
2020-11-02,0.02151993092260085,0.011031442844548822,-0.01731743704251154,0.00165983614828491,0.012326664575532442,0.018264757539491416,0.009076831682923503,-0.002718247089703696,-0.015245041900365908,0.007836692668523604,-0.006136735965416529,-0.02366162771800695,0.05452456130162675,-0.018755363341239062,0.04106125032098129
2020-11-03,0.00816097883971656,-0.00909245483135046,0.0025388759758184776,-0.008040263133553216,0.009132365560900357,-0.036435225648354,0.020090024126995232,-0.012997387893957324,-0.004868070141284431,0.0345121169642888,0.003848942571386793,0.02032097950239642,-0.006121586092696085,0.010053356851900785,-0.0069782579584041216
2020-11-04,0.023280746475636382,0.029551359863729365,0.021748952220998152,0.023202497706432013,0.002262470031967334,-0.009889195900308678,-0.0017635578539579866,0.006192019892860445,0.019699405987750218,0.03922987099696118,0.011942906718738655,-0.003670886818232466,-0.003409585853648145,-0.00737269013661368,-0.005193901449064509
2020-11-05,0.027442093501477194,0.009186984505267892,0.0071438913675490046,0.016750442942923938,0.017306262105551973,0.01997649224298348,0.029151857154889216,0.013190394837141461,0.008226070174041089,0.015555378916050078,0.004639723463286671,0.00903234160266031,0.009380924933617196,0.05347858364153679,0.018427507196447923
2020-11-06,0.025425941455712087,0.007925685685151285,0.0010132337910948586,0.012430233684985525,0.005917046074082055,0.005760207080423019,-0.004578071088588986,-0.012464147139221615,0.004086701144685234,-0.006536610231092754,-0.01120290506902355,-0.01729028362402063,-0.016181969481665615,0.002350241210085091,0.012665796991076839
2020-11-09,0.005878814041755831,0.02138867366084951,0.01793202535866234,0.02537726587426814,0.006617725306513611,0.02462789844426827,-0.006610818176543631,0.019130837428503078,0.009890136636903524,0.0019640899794979294,-0.004752258293877154,-0.000718918014143366,0.0486774802092238,0.027667014332631856,0.02918407973002668
2020-11-10,0.014350681722884673,-0.040033554704638874,-0.027418528063274827,-0.058951536145675165,0.0336010471041992,0.022917610040863456,0.03211774971210479,-0.04196007028587789,-0.011258906650526423,-0.03773414117744578,-0.03722604892088055,-0.02446745042656473,-0.011445519459820419,0.008213552149519465,0.0445601410759644
2020-11-11,0.03131869700266754,0.02882552610892719,0.013000316446254656,0.019724836814099644,0.022615009385080542,0.015300739200524882,0.038968496802255226,0.005591933839356411,-0.00444664183108745,0.03086181616691741,0.03919751760163259,0.07964486028198126,0.026157698288302278,0.07252771792677182,0.013296356353628136
2020-11-12,-0.02937189328070322,-0.004231819023383876,-0.0034608605066568376,0.006865743626464305,-0.011057294022874031,-0.022604927285360787,0.014570933394224328,0.0012575052122172359,0.006456448710673746,0.006323486986548277,-0.011327015562426435,-0.03867274817844524,0.002611817621675838,-0.0016879311254632823,-0.0013668227212293438
2020-11-13,0.004872314091153518,0.005770586914189746,-0.004051466836227924,-0.005218043564120922,0.00838554541091141,0.007158597290758406,-0.004787259707861091,0.006403088033459126,-0.0002418976341539425,-0.001571001619078527,0.006225615327751122,0.07360991792243832,-0.008544246569218261,0.028320769137538004,0.0109499859547042
2020-11-14,0.004111576096626379,0.008227982411283419,0.0037774289257166416,0.0015498684355053083,0.006930113402657145,-0.006014149799480228,0.0080171463414207,0.0007429783113712674,0.0036705867084956267,0.010915713644013891,0.003119192052066566,0.008319413001890208,0.012086047719942261,0.011612433790630039,-0.00027075639404139373
2020-11-17,0.014741203642458345,-0.008602101618012226,0.009407888742635873,0.006070263452648383,-0.01858224257921981,-0.024202673682145015,-0.006627674652692206,0.008593535170769995,-0.004975354615714633,0.008560059465729575,-0.018041537876906433,0.009935933911456418,0.006334447085702077,0.061966644816527694,0.020314136470611865
2020-11-18,0.018896348928223228,-0.011702075822759506,-0.009750489747447744,-0.010825188241692874,0.009116392487128921,-0.004509137970620913,-0.017614292522118102,-0.0064919127052666115,-0.0026924741669209773,-0.010416576093500884,-0.016795036052530632,-0.00808310035443982,-0.012692187140093125,-0.010522319338500674,0.012742363677534119
2020-11-19,-0.002321633187490235,-0.012426410609615912,-0.007819152273372376,-0.0157875537759814,0.0027796179622339157,0.016987168217116322,0.02091837952353237,0.0036480405535701532,0.0031424272780695706,-0.011013655562448488,0.0008290464456679469,0.004522456702345856,-0.020589445467611878,0.01237424591269165,-0.03066855169045135
2020-11-20,0.03452238871572999,0.006017804050813869,0.010799498507798821,0.017802851379224327,-0.00692989297219182,0.02227172288001622,0.020223485190327795,0.031076091983663234,0.011605309201111691,-0.008081160202850657,-0.0078064402425152,0.02198735449505218,0.03233387175455471,0.01776174556178778,-0.015954413784436294
2020-11-23,0.004472279979739424,0.03308094406451878,0.027577450143646987,0.03366962966961573,0.06769001629250138,0.02015255875156763,-0.004434177204667211,0.018670978129751825,0.0014919954862346874,0.01907581618340748,0.033783314344769666,0.010959132788060488,-0.01333473800404994,0.01914053777938496,0.022808368052452677
2020-11-24,0.014252963102817873,0.00017561493969830977,-0.0009834789277971545,0.013745239824923816,-0.005228589135386819,0.005339080269809893,0.024626876855981195,-0.006117002925313808,0.0013634516342067027,0.014234329092255749,0.017965272870921867,-0.02610121556038214,-0.006285971299497595,0.009574728977628233,0.018269787418180528
2020-11-25,-0.03244323170046148,-0.02140255911657707,-0.015471228704337814,-0.01754685282750823,0.06176067997744861,-0.002124310398505913,-0.008693648937937448,-0.008903856549605682,-0.0018105531627570226,-0.026819122697445796,-0.022215362285875173,-0.031059007436487374,-0.021402357681836737,-0.012857982418697289,-0.03509233302128478
2020-11-26,0.014309104243497739,-0.0021961374900161257,0.013857250838454238,-0.006030624952789054,-0.007425502380261406,0.001596448737803069,0.0049008991006673774,0.012656617543119753,-0.0019827192734668264,0.010865320430443637,0.019776167134166522,0.02803930248180797,0.009265287255484367,0.050161646399347504,0.00875019572322544
2020-11-27,0.009528464004094905,-0.01185769216819521,-0.0122586802909872,0.023102455891109264,-0.021197275184691278,0.006376318634006228,-0.005903452210648141,0.008285488191552393,0.025135440366188977,-9.791155601612811e-05,-0.014771590372786858,0.018899164374857502,-0.010994888792995261,0.01574595963610448,0.014909311478351173
2020-12-01,-0.0163861780068979,0.03440903878228174,0.0067047510742705985,0.034726584632228885,0.03885358142854378,-0.010031597379212331,0.0038727761183448006,-0.026317881144341748,-0.0023638134949156564,0.05413866724063032,0.00030044795490624665,0.04902233131494915,0.034970363709638574,0.014635974748570701,0.04220087785417381
2020-12-02,-0.03286517354990781,0.0026806874342855114,0.0171460672984447,0.0015430466854469138,0.040465928750472946,0.011199886773030299,0.007973259570496882,-0.008709285549894141,-0.008913553462055468,0.009826720478743667,0.0041093501526654475,-0.02088921471560712,0.011367232966903673,0.0316659966727022,0.029472004286431375
2020-12-03,0.0037482433942741533,-0.012665851775381043,0.003900577217136103,0.007098080908089388,0.04537439327314896,0.03955695052675945,0.0012758773885688246,0.013071636623033234,0.010828424773904777,0.006609571697229644,0.015009480896418514,-0.008977515498179156,-0.010311467745533376,0.027384756946372546,0.010704586759175294
2020-12-04,0.013865928386721738,0.007279892371459429,0.0013877635001193767,0.008686943920150236,0.012965062120246618,0.0,0.01019359627394123,0.01924005858859168,0.00336916099370721,0.03793902684706274,-0.0029452487071728317,0.018724534280064598,0.028860238163397334,0.002898981212052343,0.04088652859393149
2020-12-07,-0.01392004873767072,0.007799675078046686,-0.006513254435190019,0.02296622101096113,0.018920249499247976,0.012176506921135921,0.02497470409772995,-0.014928338097598526,-0.005276565418177115,0.023284603964560002,0.02455918679891167,-0.0008007384735054801,0.030784798479597475,-0.013088033120772447,-0.014907637856266032
2020-12-08,0.007278028968958017,0.008614025311399764,0.01464648724469142,-0.012707893916821589,-0.008738342959925482,-0.015538697260734757,-0.003445480748149987,-0.0024540101174269635,0.004533115620867001,-0.02335610443714642,-0.002763976589790662,0.007296193388211636,-0.010511909812240261,-0.0017900358058675625,-0.007926901605654901
2020-12-09,0.027129494484390948,0.01894462051155532,-0.011548125059208547,-0.003003258698538791,0.004958560658627098,0.0010183013626170467,0.014571408388164508,0.0028368184062261825,-0.005020205199070871,0.001494758764729598,0.008314722417308129,-0.003162597017920654,-0.0010920813802107743,-0.006683460345079606,0.0276027933172176
2020-12-10,0.010485522053879093,-0.0063393684017651886,-0.010013796749376636,-0.002366885942874264,0.004934327166480346,-0.01169893703629743,0.0355405347203801,0.04459811843023043,0.03105794301943643,-0.007637433376005198,-0.000751416881448197,-0.020325942523855778,0.004174539350356055,0.001230779507294777,0.026861495993412143
2020-12-11,0.008984315934505771,-0.003896297371063784,-0.006743485532557769,-0.0085192978142542,0.05619190420754405,0.054040186503174326,0.016925144134979364,0.002637261404646374,-0.0018718187440894818,0.005130770208783497,-0.007154051307369791,-0.013852708586092444,-0.001484841020432559,0.019013268784546566,0.004130376473996167
2020-12-14,0.009867664910532481,0.0011606612090826474,-0.011739732032406525,-0.01087673004122558,0.048553710974402975,0.021484233878875658,-0.0018492303893783424,0.010363583076214988,0.011841085353694769,0.014346320274165159,0.0011660428904674003,-0.0013133899247662617,-0.0026763179040871776,0.008122851749335247,-0.024223033063471733
2020-12-15,0.006084590842350135,-0.008544144075319227,0.00958924919885118,0.019408403520736917,-0.010344584806395662,0.011950314537756856,-0.010884758395269145,-0.021617222099874933,-0.003018244465412545,-0.007982506352803287,0.0017023869697645466,-0.00067883455632467,0.002286055738728532,0.013721656721251474,0.00491793202341384
2020-12-16,0.0007175160367312028,0.009613649154841752,0.016161003973606425,-0.005932692056197952,0.024390228455797747,-0.008974803273021914,0.002107246263670426,0.007341913603333916,-0.00343896008326694,0.008658938393118598,0.00151040217930265,0.014648436883957894,0.02379998356863866,0.012669990919296437,0.09718015580493433
2020-12-17,0.0066067752993625994,-0.00557593631925013,-0.004185361073927862,0.009277763524583538,-0.01360566928303053,-0.004289859328167944,-0.004439244529348851,-0.0009878259933751021,-0.006089130427772038,-0.009105163405676908,0.006727596674767966,0.00619315925728503,-0.0021308492976989113,-0.01258921313200434,-0.004672785688806025
2020-12-18,-0.0081915165367612,0.02639759333278091,0.01863272106777636,0.003977987272558492,-0.02463034684532417,-0.006701673823744314,0.006805886940689065,0.003135933518889855,-0.0024800496817488638,0.006388557081723478,0.03073234079582554,-0.006966230900921189,-0.008639150562737341,-0.006374861050453262,-0.012377394730227476
2020-12-21,-0.014620181880829475,-0.010506211568757307,-0.026406345008842647,-0.028860441485505373,-0.09242419682645009,-0.06024099892492574,-0.053846255687325706,-0.009266198025030148,-0.025923980466192154,-0.03904371199784884,-0.030638388452866705,-0.02190335122549314,-0.038676207095901916,-0.056079336199827856,-0.07173723650898256
2020-12-22,-0.009318866387444058,0.03669411411567869,0.02895902064113387,0.04168268548475007,0.00779065626307629,0.014359055267490595,0.0022175085122106974,0.019840427409517858,0.0017522221490882117,0.02850417882095324,0.018397723594336446,0.03121455385650851,0.019148506452585812,0.0092305391925811,0.02118253455650909
2020-12-23,0.009353934913409523,0.02666950812083657,0.05862164548809856,0.003705132049775184,0.0027609184436003797,-0.003539114857726844,0.02138624319598259,0.009655829406944427,-0.0013910737201662249,0.011085797354239979,0.012069361314178906,0.010567487192015168,0.013791729636464023,0.033341623621470085,0.04330967781050976
2020-12-24,0.020747087248028206,-0.013566648912903267,-0.008688810186737173,-0.000949282923136674,0.02588099071761274,0.014206068383025405,0.0040916097316703315,-0.008880078119589463,-0.0019584054880751323,0.027584390828853556,-0.004268597448098932,-0.008525912214817244,0.019913275192906088,0.0014484699290016056,-0.012016493228742653
2020-12-28,0.014434360443227767,0.0034383658593193367,0.0018314373291870023,-0.0001584691689252571,0.006978093662120655,0.005002455386880822,0.004314500569037705,0.0016696041143227092,-0.00406274081226865,-0.00592772472844072,0.0,-0.010049519012115371,0.008312366754866796,0.016631712485495997,0.031401900355419565
2020-12-29,0.005228951456166753,0.008062409516766067,0.005484442789549737,0.019586333066130335,-0.0069297373061445455,-0.018417264970433944,0.00978499497575247,-0.017997190247610262,-0.002844370386965389,0.006218540860569277,-0.006959048148627245,-0.005148848161482533,-0.002588188360779009,-0.0007112848886131617,-0.00750424983476583
2020-12-30,0.009328390865626979,-0.0027993367523025947,-0.0015585980149509515,0.018226079034222353,0.0010733602458781188,0.005071139813400682,-0.001890558891160521,0.006384775819985311,-0.00261606168322448,-0.01117499720798032,0.0010355522848379817,0.008352521807863278,-0.007880742993011891,0.013049671792731532,0.01944270218628419
2020-12-31,-0.01107558157223787,0.007218420362515188,0.004812881411030645,-0.010221182116645577,-0.0021444187579108265,0.0025227289392464325,-0.010182453197541519,0.0005983641231686043,-0.0021065177789635348,0.01429777485777195,0.006604339169549389,0.0068646839995814,-0.01249645453362569,0.004996526433635351,-0.013138327791599624
2021-01-01,-0.0007767560501443782,0.0037026403677145048,0.0047896551562716105,0.0048806762249162805,0.001611884325364965,-0.0030195429630865966,0.023205736809270405,0.0032870946614975693,-0.0023907671900778027,0.006584153163596174,0.0069642556301077185,0.0008494513921273317,0.010692603557363345,-0.0008546236841707744,0.023620271651818348
2021-01-04,-0.014292676029212803,0.02205577485412169,0.02138621556161624,0.024541111037534202,0.040235898801052494,0.0,-0.0021043856286903084,-0.00394296679968098,-0.0041762689093264305,0.013668786006699518,0.005895322651008783,-0.0023188582940097957,0.0037852954982195985,0.07759304048036575,0.02496329450600321
2021-01-05,-0.0029507110373351297,0.004308221305136861,0.02497478802215025,0.0018962522323742181,-0.02062907129699254,-0.014639040827742367,-0.009137628419514043,0.009810563424774488,-0.0005066056287496012,-0.0015717198168790913,0.0027787871328714964,0.04158958658008416,-0.005994962960360506,-0.017965316886977556,-0.01043796013963394
2021-01-06,0.005434313958687653,-0.009043197531162894,0.00024607957979561057,-0.006674190943309788,0.021063593672636216,0.002561209949306642,-0.02861199006697479,-0.0023167535725967525,-0.0032103557753044853,0.0030655243881310135,0.0002649520631583524,-0.0029089476684458493,0.021984445051483448,0.0047754152637582425,-0.002895604395604434
2021-01-07,-0.009135157898147894,-0.015560436024579571,0.0008612314200422411,-0.0024069771061087097,0.009799109613280566,-0.008686619777739768,-0.012658263102208966,-0.020953082969970782,0.003700851859941734,-0.005616970466090776,-0.003290408285457347,0.0025577031993506694,0.037978426357342165,0.05703434828290321,0.018046097866196487
2021-01-08,0.009373151295336335,0.03957546422236158,0.05765211181517538,0.05664741289037489,0.02808990832722702,0.032474289792738364,-0.00641022412110015,0.009871784742189638,0.006319010691550275,0.03140052996893283,0.01277764847376206,0.017918854671592488,-0.009170279054044994,-0.013350863765690058,0.011817537857192972
2021-01-11,-0.01651704511202423,0.04885294569212495,0.03858666054590154,0.025211609810319446,0.01887734173318867,-0.011482924545654694,0.004962738398207378,0.004654131676641082,0.010516776475926193,0.000322191133726335,0.014714539500977564,-0.0011551430192541234,0.012771928837127966,-0.024539124471414597,-0.005437089940661721
2021-01-12,-0.01790363116490845,-0.003233663452561819,0.024395767602272578,-0.012434900331786625,0.008775998334171087,0.011616313800524747,0.019506245481325735,-0.02133326034798355,0.005203588046910124,-0.01827699554738249,-0.011621125677123811,-0.01305630912549438,0.033994282244616425,-0.0010781582840900805,0.08341754192732553
2021-01-13,-0.011216466999571462,0.011226736959250916,0.002840219925374754,0.005121278248616745,0.017399710401125645,0.023964040605371606,0.023250108733461783,0.0011222484640800445,-0.002891303216140728,-0.012056120192692865,-0.01192599433699959,-0.015115660943001985,0.02209450264424162,0.020506661741251486,0.048215479990384
2021-01-14,0.005605508705929463,-0.012003067098707687,-0.010130660594967034,-0.015939801355465577,-0.0019002263790870444,-0.003413057540222475,0.013727853204379414,0.006287697983145879,0.012233790604345485,0.007886645767269052,0.0035727795142668217,0.013230209968232431,0.003977631324612707,-0.003948204787781018,0.004100384553711756
2021-01-15,-0.015190361031500066,-0.018642909019039866,-0.03477507891886955,-0.043036354513582786,-0.03474528124116549,-0.017123270278219138,0.017277543553289032,-0.016467532422931752,-0.01538689316937214,-0.00453025827482878,-0.018101703572112715,0.0319864423727898,0.03806728802545334,-0.0006372619135580626,-0.007634661065717752
2021-01-18,-0.00909385792579398,-0.024462016183227298,-0.015961591275730935,-0.008984430231716689,-0.04684439893855852,-0.0288699339908568,0.008721770185482036,-0.011399486362953848,-0.00033240801552636423,-0.03781251915069084,-0.03082801302420668,0.006519129363964371,-0.026051511876867828,-0.05553198211043531,-0.008230572395878877
2021-01-19,0.021684379009793142,0.003506111238699594,-0.003012479841345561,-0.005760140746805642,0.015002966892897929,0.021527299505673447,-0.004095677815479815,0.00703312966102132,-0.0018294110530775454,0.025969554151935137,0.0072841892694834875,0.013892857600416031,0.009115032796095823,0.02159892147846021,0.042756654547873474
2021-01-20,-0.0018018591066888412,0.017316735555085616,0.03416615309521509,0.02715375738255421,0.007644861990856899,-0.013547415005478625,-0.005483237365476956,-0.004134069321452771,-0.0024853542425090636,-0.003100982686333964,-0.0016212365863270684,0.011453733442733816,0.0064998629546968445,0.013287325566833541,0.0050173696924200595
2021-01-21,-0.013697075176398066,0.00018635727269833424,0.0019103622742506765,-0.014468600819220412,-0.04198264288099296,-0.02238041658346257,-0.01814828317993944,0.0019793865567243607,0.010717498350048427,-0.019841913363270902,-0.005599676086954775,-0.033915272986992706,-0.024826017419870783,-0.033978118467063334,-0.026682906982792298
2021-01-22,-0.01604051115156324,0.0008586487554509414,-0.00011228811251939863,-0.023738448007456725,-0.020591304012916756,-0.021332132382445246,-0.014038350656563114,-0.007151463021934701,-0.006279621590248863,-0.013209773300689842,-0.0030284112878357083,0.004970709482280622,-0.007740524918648073,-0.029548567861615638,-0.04704621087742733
2021-01-25,-0.018380834452670358,-0.011746211425255115,-0.016863512180684714,-0.008971893917577467,-0.015094364642500802,-0.009037694454724021,-0.013763588663947557,-0.009912314144109757,0.001538197795972751,0.019471603127525716,0.009033301466884414,0.0342583788243529,0.006760839086490389,0.007650740067133732,0.0020414952351646143
2021-01-27,-0.016551487934268305,-0.018187634085170656,0.021040688112561323,0.025770361570547573,-0.01806231999485597,-0.02038610138695318,0.01371488764597295,0.007054287455956265,-0.0007749505153201719,-0.02830840491486253,-0.034058710790008884,-0.03219309275534454,-0.017133028174263654,-0.03980356170318944,-0.041489186752798446
2021-01-28,-0.02371496019064856,-0.01906203510584481,-0.03259054331790179,-0.015545198707544783,0.01059112025310327,0.0032856750068737117,-0.019226212662184494,-0.008578410069275733,-0.001938618146371529,-0.009565080507279888,-0.0076384766814593386,0.008460088491740958,0.00017527619261725746,-0.0036741794558917684,0.008695801688517912
2021-01-29,-0.005746438288040556,-0.029109889176703985,-0.03241486046079178,-0.020578503194335185,-0.02592410173540427,-0.0289299414282016,-0.016214766019212568,-0.018843926124599064,-0.028484065386892854,0.0387175047071977,-0.055236315803476876,-0.023318218056012863,-0.030303023464049006,-0.03639566545207107,-0.021264517724049137
2021-02-01,0.051694544909743456,0.017634645434860152,0.008614507791406156,-0.020438865459746824,0.028878798909398373,0.03428891717885496,0.06248448864470779,0.0016237945019730304,0.005612326686787794,0.0067384184780809875,-0.037923436487513396,0.03992201820670882,0.0461525087992829,0.05840260457094226,0.102564092925862
2021-02-02,0.033194458277799876,0.00820842816897871,0.016251445820442578,0.016405527223131378,0.022014411041096915,0.02336952385133695,0.010419135333811003,0.006004138051671992,-0.005538458906183985,0.03270312162064748,0.012273765606116926,0.015637244196950784,0.03487863124876456,0.008725028713007399,0.045624026375756355
2021-02-03,-0.004888950095369382,0.010540761761377526,0.012022936961883612,0.02533437475959377,0.005384939776990283,0.02973974416057712,-0.006645159387477895,-0.001390362732754391,0.00435550025346787,0.032406458518366765,0.03726715847258033,0.005748234873479197,0.015850532376457727,0.017922616743488717,-0.015449943914125686
2021-02-04,0.031422087760883954,-0.004125766571795975,-0.008304427442959117,-0.012481606631517761,0.046063097388815866,0.021660723967717566,0.06089950414425904,-0.0053824509472285564,0.018057745937513747,0.0036554231541674476,0.003957420985686744,0.004024803756459194,-0.013550189409770708,0.004286924837699768,0.051043320539671866
2021-02-05,0.03784557521832377,-0.005666879274299319,-0.01011868769074975,-0.010111400609190468,0.0,0.004543032325920793,0.019134490869796128,0.002445281860486981,-0.010712254016625788,0.005146381218984697,0.028481459758489702,0.0025442388631193857,-0.03246766341202012,0.04436310730458137,0.0018047936680982701
2021-02-08,-0.012886585168729758,0.024722970342369255,0.022911474429660572,0.02412956383649556,0.020481190160950513,0.008040260582179215,-0.0053338154940270055,0.005985581636737569,-0.01918596479611756,-0.00015755515273296883,0.012268544296849537,-0.003048919148215923,0.027878256142003233,0.026129356661506398,0.025384824900031466
2021-02-09,-0.004087521906121605,0.0015343075537856965,0.009303887676735068,-0.007582375769564775,0.013547736755820994,-0.003489527653426916,-0.01758908395406389,0.005851414311552672,-0.0032531660906149895,-0.008821413136795075,-0.0032305387413582576,0.021628003134790186,0.002762506914895768,-0.005334616123746416,-0.0193260616113875
2021-02-10,0.001487768765785935,-0.00693189410246442,-0.0007965274899316421,-0.00020490044118626205,-0.009900929815041648,-0.00100056661321557,-0.006331853087661599,-0.008176010409249979,-0.010844948797407383,0.005612636525646142,-0.004139141141461411,-0.011759341770884335,-0.014608921506370054,-0.012800283979296112,0.014332323492020071
2021-02-11,0.004584921497667649,-0.0029695859199427854,-0.004555811949720101,0.010975516802371521,-0.005500045697646172,0.00464660983580778,-0.004834098942578469,0.01367499368227132,0.011066086672750552,0.026391218934748606,0.00020733438148012873,0.0,0.013385230554887606,0.00644689500055895,-0.00561975258493197
2021-02-12,-0.005074089597869813,0.013267205897373735,0.01144161768214702,0.005681767430185447,-0.024635691351648892,-0.013874885754967425,-0.039743639249391394,-0.006774015164531244,-0.01198463588272225,-0.025634916996078227,-0.00684961468495382,-0.0030473563287778394,-0.019812756669516318,-0.02044043203272017,0.0067818152255627595
2021-02-15,0.017887922658795796,-0.00011443204391425876,-0.0052036427388795214,-0.012106451507768456,0.01494839270101056,-0.007816482242409717,0.005288443154004341,0.010729022950394684,-0.0012421868115966017,0.0005580045355937369,-0.017143234299510368,0.12464997137777978,0.012708065800407509,-0.012270449530797256,0.01764227987011524
2021-02-16,0.016969253946088392,-0.014698628518863499,-0.004889634846379276,0.0077613084317227354,0.0538343884344461,0.02941188913850068,-0.001601075321476797,-0.015022982941048979,-0.008062731364958386,0.005816998714323729,-0.0028131859613622634,0.03627064263440549,0.0004210174059229299,0.040243991304364846,0.005516227197615242
2021-02-17,-0.014953038771655214,-0.0070520328814550615,-0.016798178141546827,-0.006434994369294844,0.0024511411986096743,0.01377550010106443,-0.0022909317650939842,-0.02764971923569659,-0.007508447936196316,-0.015685749989023723,-0.020451044877356606,0.010069431209615898,-0.0001683360899452646,-0.0034324729652408514,-0.012852727074427084
2021-02-18,-0.02211660124183734,0.008701876480321724,0.006392429387981569,0.03075127352552287,0.08264049048533195,0.04076485069309799,0.005051566511041328,-0.022489278208774444,-0.0013527821008749719,-0.008370386714349975,0.003564757125260387,-0.03964441820847231,-0.00808290299333947,0.001363387218261014,-0.02746892643193133
2021-02-19,-0.0034440842627843082,-0.00088971072618238,-0.006929173303487968,-0.016475326395921197,-0.050587098024437616,0.007736926098970365,-0.013251125848587342,0.0007148339661957603,-0.008408905009992695,-0.014203242077965639,0.013970259409038954,-0.06012724916964285,-0.013071999072574392,-0.03876746385730412,-0.018448868253350348
2021-02-22,0.005596414064179989,-0.02021201585549559,-0.026165881436133853,-0.04351341246459639,0.011417651379589833,-0.020633284299751753,-0.017591053905047116,-0.017103754336779242,0.0030018400640217102,-0.019759754316901357,-0.04532783620280445,0.0032877299212425992,-0.019007509365236208,0.020650085623112213,-0.02162356296596568
2021-02-23,-0.03931564730168835,0.0009088731752973089,-0.007642629761054454,-0.005206660400603691,0.05550330004038151,0.013228710391794296,0.0070032486398836635,0.004575476625245711,-0.0015712011015873717,0.014698531810061866,0.005795244206723504,0.022938693220642126,-0.008328796029162255,0.06537123775736964,0.038422292386673274
2021-02-24,0.020422156794468682,0.00627802620350737,0.018291228271894777,0.015120416964793604,0.012477885289744917,-0.0019342315247425912,0.001678627031699964,0.010896902206602777,0.020863570450373237,-0.004304258575255182,-0.01325876187492947,0.020989360676288094,0.013084576734725628,-0.0021938091508203472,0.025540217602507242
2021-02-25,-0.008214585187340528,0.00019599614233345442,-0.004254197898492462,-0.0023437132082720913,0.04797527489265985,0.04651160934211207,0.0014364665252986075,-0.014208456946210313,-0.0001614082761540736,0.01346738395508118,0.010055289696273562,0.010360712957288687,0.010821284697126288,0.020887723753758136,0.004789320484689608
2021-02-26,-0.06074919906702769,-0.016672524280197054,-0.026109873831881347,-0.04066620641425067,-0.0676186923809049,-0.006481509027386312,-0.025340633302759485,-0.000763236108217269,-0.012114604160093245,-0.024526356714903108,-0.011964079184248022,-0.010577997895742763,-0.039454424328945414,-0.037353494029695455,-0.03876699547140017
2021-03-01,0.03653772458032423,0.010931137204049701,0.009992675853808475,0.018664619434442642,0.05450459744025604,0.010717781883063715,0.014961825400799933,0.011852892956717875,0.014284576737677135,0.01656594001902212,0.0060657161852235575,0.007356286031662274,-0.04332203272062973,0.021324154364521286,0.015867503740868427
2021-03-02,-0.0004064729253848709,0.029597439225434563,0.038610069737080366,0.03322656355551734,-0.030329031601357248,0.03780539075727174,0.014499858574868352,0.017412930569483898,0.010595676018317901,0.016130473371018805,-0.010935408807748126,0.0019959779870213357,0.016911065248402135,0.006982470388215312,0.020501348925078267
2021-03-03,0.029734764047490536,0.029934786740151598,0.01184947098247302,0.009202906684533607,0.0044052074500409155,0.0013327581660818044,0.00023824512516568142,0.00742640840785147,0.009628814891331494,0.01652530769443339,0.022214868949864908,-0.009814435662129362,0.009423350110238982,0.056628063117301286,0.03380101943178948
2021-03-04,-0.0009476051213826997,-0.009824547862550603,0.0075774069060450255,-0.008145574150646206,-0.011403524893788597,-0.016858998918204637,-0.0011907519468433714,-0.002242543171053657,0.005960760489829964,-0.00864908839082057,0.016102041418200486,-0.004874005041839546,-0.012264212798163365,-0.024705502790292155,0.00678587108464046
2021-03-05,0.013068357231151406,-0.010260659404037309,-0.04090687257934711,-0.00862564005416766,0.01996452186324693,-0.018953231286475414,-0.0054840080430216265,0.007268011910183558,-0.0028984434353516164,-0.01252111280313628,-0.018043590178397295,-0.05344996248368583,-0.012601961736497636,-0.03252206771059074,-0.025428720789674508
2021-03-08,-0.003459011689503466,0.014468333346423723,-0.009385822941245792,0.009169618269705637,0.02870838388839614,0.017019514260135926,-0.00263737385828533,0.004144252323527775,-0.008176401335975081,0.005890080926154395,-5.5588409308748865e-05,-0.004479875260046895,-0.013325827085331032,0.005386733175941183,-0.0058159225936231795
2021-03-09,0.03293585470643201,0.007336532666103901,0.005516854517844116,0.020289106615739128,-0.012685200954429043,-0.009498004605921206,-0.0009613980792936294,0.0034621795719087523,-0.010524998969165145,-0.0035784225450031792,-0.009783610087994665,0.006802442552751087,-0.007513939859315255,-0.0413699323907768,-0.015336004222413546
2021-03-10,-0.007579753156588764,0.016795928749751443,0.017891414948435935,0.02084716278535992,-0.020128370222801006,0.0013698807634450194,-0.00625601272120524,0.0012213218553627225,0.01564167296651453,0.021874044929858005,0.011712401436633435,0.006236719590683171,0.007858272417270662,0.025114823649112328,0.009152256596618225
2021-03-12,-0.014664440225188868,0.004897311366119483,-0.003515372070099221,-0.005452490438061508,0.005681734312131592,-0.005015802160193483,-0.006295493361821891,-0.012344056693993077,-0.013245804274451767,-0.019808424247117595,-0.01642084863644322,0.024878630377155764,-0.003137801971709653,-0.006280017728172216,-0.01829759855222779
2021-03-15,-0.008526476343368783,-0.0009092370404870653,0.002704503259963076,0.02332440846602135,-0.006084256712814318,0.01283206441261564,0.001218412872207919,0.006613950872293106,0.0047025667449214215,-0.013200611212755176,-0.019033016976722883,0.006803610777356139,-0.0025752282935058712,0.022848784880749484,-0.013776355191606582
2021-03-16,-0.008052449842486209,0.007571357142974966,0.006919056001263746,-9.752398803053453e-05,0.006558784162765008,-0.008597120514264867,0.011681520092206688,-0.005412123872689301,0.011216094260521947,-0.005285066885461154,0.024745139571751062,0.025579073528629204,0.012336196897139162,-0.01677085823175184,-0.00016421746642636403
2021-03-17,-0.01831128220025402,0.0021675782860572923,-0.02247826869564551,-0.006331973654326584,-0.049956570253625876,-0.027384772446842676,0.01323080229006468,-0.017094740333229885,-0.006076126817344485,-0.029138139265879826,-0.02109138770412733,-0.02468085270957432,-0.012091421072576325,-0.027138898037827097,-0.04289946883075113
2021-03-18,-0.020311994376158715,-0.03597694279127217,-0.022638027603331334,-0.023381153549624,0.00777323773310945,-0.025809523866797135,0.033475792646902924,-0.015465655610924944,-0.008146091943273315,-0.01744334289067173,-0.03285221722545062,-0.012911074464497685,0.008223345000536009,0.0006387692690152935,-0.010132244551556369
2021-03-19,0.0020486002098409895,0.005496924892099964,0.0008535608409516726,-0.006775695300188511,0.0027223120620936125,0.04527923152532476,0.024350900092655836,0.01540607207101008,0.007835210622642697,0.00652676140029107,0.014646019546532107,-0.008145362989010474,0.005216216939489371,0.039937535662810664,-0.0027758040158423203
2021-03-22,-0.006269976533196053,0.019599167566713316,0.009622386851317222,0.02435699310177375,-0.008144857931701721,0.012442389587407066,0.013680413827890092,0.008340272454105069,0.028211975994204774,0.021960929934705442,0.018598884618541422,-0.010052491770658367,-0.003679643733610294,0.014324718799421099,0.017049208151599382
2021-03-23,-0.005486444230020759,0.0005471127195852965,0.002533388975243911,0.00029598538990782686,-0.022353767499323496,-0.010923879575920892,-0.016814259776872675,0.005624388015904591,0.0011222839031970189,-0.005329879658055647,0.0042031710011845025,0.014336786805587476,0.002367515260157438,-0.0031608622431221756,0.019329671837415408
2021-03-24,-0.016660637659010824,-0.012977990599640887,-0.01083039283360987,-0.02140361822456749,-0.021932232739583446,-0.024390334316610085,-0.02812780900527434,-0.01398267797307473,-0.008589356155886074,-0.004338003096745591,-0.004974637185853337,-0.009213498498393813,-0.010581061267286751,-0.05174368773361049,-0.04631642248705481
2021-03-25,-0.010968139771771135,-0.014736867220642158,-0.027615603262102995,-0.023635588143862685,-0.026717421342585923,-0.028301823247607327,-0.020143494304685983,-0.016901655516077252,-0.026542129135384784,-0.01631617081987513,0.006907204351307872,-0.03776215555865026,-0.030363743272593946,0.02895548912006185,-0.025163034815867347
2021-03-26,0.004623068185597656,0.0017994547892028478,0.01063447031284559,0.023020597457744207,0.0039216211274961665,0.011650458516737183,-0.003308163324344693,0.024839064010711676,0.017640068971015666,0.01988698987710702,0.005809857499111892,0.015074777166907305,0.0290496761286807,0.0604300190164373,0.007942396365281379
2021-03-30,0.005759305506829904,0.03674601484984752,0.035157198312716575,0.026135295959912375,0.010741974464995696,0.03358930649180314,0.01730668614517783,0.035798907036747485,0.031786644067687275,0.01788134658821594,0.025465313296519243,0.02591451289829716,-0.001913924444555959,0.04322888057278207,0.000358131575752596
2021-03-31,-0.015859632203297225,-0.012452287417274777,-0.009447556766924214,-0.02502708724381575,-0.013043428341916519,-0.010677720026170956,0.018410749781997193,1.163933275183382e-05,0.00250288262109688,0.00016748512426589812,-0.00048706882765114923,-0.007844621927361572,-0.008053637799701363,0.01481238854725997,0.027748011012843632
2021-04-01,0.029406668291167115,0.012536089708029774,0.005432808003784206,0.0007060021166518382,0.021537042018329622,0.012670012748190906,0.007093720148154681,-0.004780006700852102,-0.0018068584358018613,0.021662729399794856,0.01586594251920448,-0.0029627637834416243,0.006765885709097974,0.0630657791459368,0.01654771261784127
2021-04-05,-0.02513082004719147,0.017831235302311343,0.02173391536699154,0.005593875424922956,-0.008624786140965623,-0.014828510354515156,-0.03408303302123705,-0.011859666698764926,0.02261992476771768,-0.0031927538415106316,-0.006768236264333649,0.008793889984225034,0.014304990047218302,0.005445828044222223,-0.05157658779248753
2021-04-06,0.005172693142975193,0.0008157954231455822,0.003995752417416565,-0.006364766143039491,0.004833166286171364,-0.002351893445586728,0.00047036185592364,0.011916084096663226,0.008174855451630991,0.01913582372108369,0.013749316832428304,0.02193845385803539,0.007477423883657908,-0.005646798306116918,0.007407385990061854
2021-04-07,0.01340274275002562,0.01357158555069593,0.025400882770366673,0.011146583697890788,0.006734047250240627,-0.005657781879854773,0.0054079309945191945,0.01921068081134436,0.02089468188189958,0.0009671311168866215,0.015889951153862825,0.03829354951958153,0.017662657388435754,0.013907471168275176,0.015423360606381609
2021-04-08,-0.004882897567330624,0.006747034113159023,0.009360718664726653,0.026536282495563945,-0.010033405173165089,-0.004267480885919994,-0.0025724250545601235,0.016085714969142906,0.018737412701822276,-0.010949297294566507,-0.0007671284092185537,0.005423067011215643,0.0025848565304114057,0.04977991276741678,-0.009360649567620838
2021-04-09,0.008972521754339269,0.0008337546053773792,0.018095618669117908,0.023323668217710924,0.0019306283809013003,-0.02095216093106378,-0.000703413862049751,-0.005511675724696796,-0.004991386214685867,0.0366302938979306,0.015194977497007489,0.005634710721199143,0.004143781764702759,-0.020579208314255415,-0.0032092744837000087
2021-04-12,-0.03154098992771881,-0.010617435708685008,-0.03888036542288387,-0.012488116323357334,-0.05539509702878742,-0.0364786228253583,-0.036602425964408214,-0.005155509657353452,0.003962957044443494,-0.027326308630013174,0.04971328769654959,-0.04067481477956092,-0.04181574939851962,-0.053307439205429796,-0.11786790336827924
2021-04-13,0.019139244457935245,-0.0200596494442542,-0.03155345016793076,-0.03654377117736274,0.04079552631794359,0.015648463326409345,0.01656094233700456,-0.019018299721738186,-0.0175070904555904,0.012916631890680152,-0.0439567645991652,-0.007987482289115277,0.026222396771307777,0.0322353575493739,0.036901868816501926
2021-04-15,-0.0014641545324355354,-0.026053078551742437,0.028046497782214352,-0.008683893756383898,0.02988732625702295,0.00745545683917781,-0.009582976251553688,-0.01707749589201002,-0.014228375762905365,0.009404652477460695,0.014286259206495844,0.004277610011262256,0.00596880026694091,0.021842970048739696,-0.0301133831695215
2021-04-16,-0.005160013388872731,-0.005144134353199936,0.08938916778881656,0.017268270358897775,0.02093242698286968,0.010853497473402918,0.006047371689174907,0.022307412774774882,0.0010290474505212366,0.020213158793279895,0.009844123108276648,0.02254874347085023,0.002595520034476273,-0.00885095844766437,0.0179434916366481
2021-04-19,-0.03591068646817819,0.006500592618297052,0.007566120334216331,-0.01009602433041723,-0.03960864172296652,-0.033186930478315335,-0.011300795834608968,-0.009398985737626209,0.012525384844839671,-0.008358178178692222,0.01529655521972817,0.03149288832686392,-0.026444724755559035,-0.0024712639240375145,-0.061992506941538905
2021-04-20,-0.0017932350366177685,-0.008220093601414957,-0.005605495011900219,-0.01669835668457953,-0.001940730342164687,0.0,-0.009970790351845338,0.00033370914833730225,-0.0034467257377762683,0.007023821662289764,0.03797223124502902,0.03555154156332807,0.007123151051625198,0.006700136453327676,-0.010135170068068633
2021-04-22,0.022589333026419744,-0.00018492589755103594,0.03520538106827398,-0.015863272420716057,0.00243078215057535,-0.0010096349206334398,0.011544979104192166,-0.017852492088055283,0.005925106438995353,-0.008060102264577984,0.008357942177620092,-0.01244786912837581,0.0012259898425102111,0.030648766247687753,0.053754402178343375
2021-04-23,-0.00106555704443545,-0.012804397772426146,-0.02250086190077305,-0.01818574414471752,-0.006789564449349528,0.03638211115117751,-0.0026711241246192285,-0.009812249638626591,-0.02710542671896987,-0.0031253371934214513,-0.02560644813929358,-0.008950219951789573,-0.015541115057696953,0.00455809266125673,-0.020445311445108527
2021-04-26,0.014675269133928248,0.00730987350710155,0.009669931904756623,0.012629146558008841,0.003906098499604882,-0.0014627198788335072,-0.0002434268677040663,0.014730362514366657,-0.030435851110867773,-0.005094544876238283,0.0,-0.007937434657208975,0.009471823185895012,0.016367786690099084,0.020045377523613794
2021-04-27,-0.005313551527737603,0.0036841395472768657,0.009889772726719537,0.007326744649472916,0.00389130585779629,-0.003417982848405443,0.0004869722775442398,-0.0054296834537918,0.0005650940085459855,0.0071689863316095614,-0.0018652134931370634,0.00516605442359408,0.0127949256494988,0.03933045293449644,0.027957817999405332
2021-04-28,0.034936908047069615,0.005561708851617109,0.008761842445114132,0.008408747603790623,0.006782883977665133,0.01518852930520831,0.0004868323262101626,-0.008653752107420587,-0.017635393753037243,0.00649186394824941,-0.0025309529124194485,0.002569596537493002,0.018716134417984476,-0.006494534309678168,-0.011036600878323144
2021-04-29,-0.003560741903279818,0.000258363702125175,0.0011240641703196275,-0.0005115035632355935,0.0014436899712406692,-0.005308801845728461,-0.005839242257868804,-0.0024933818412793407,-0.002831449907983341,0.0017096784347583327,0.011468132850686708,0.012393534903585524,-0.0063383001420412866,0.0617151579016566,-0.006377064255469911
2021-04-30,-0.03113566118136546,-0.0014746845471254044,0.0059202352898810595,-0.0168902416485488,0.03940420585090787,-0.005822402467852261,-0.008321197034351191,-0.011713213568584346,-0.005736710439687376,0.015438455569860787,0.01191600207679877,-0.012782178955092482,-0.007580817164064002,0.0025694836239489316,-0.008022393964116414
2021-05-03,-0.013351988276910975,-0.0016979891072633757,-0.010958877918296639,-0.0028112911220951053,-0.004160870411295869,0.01756950412774927,-0.008144092499238753,0.012109638738565298,-0.0028268794625654348,0.007257972850609473,0.004425709800324418,0.002126788928957346,0.041173788433820135,0.02973873535866267,0.002224063240844787
2021-05-04,0.004172679751388131,-0.01675237761841364,-0.011080374186449138,0.0028192167611469365,0.018105580657028497,-0.004796195707052253,-0.006718223286090064,0.002414243167011776,-0.000988578198866219,-0.02131379126981925,-0.022888735731703136,-0.007193541878326881,-0.011452012707602655,-0.0008452582710007928,-0.007867740295416259
2021-05-05,0.021989546049365538,0.00910175344969577,0.017948062790699826,0.0,0.013223906043189348,0.001445890069828426,0.0090182174465685,0.00016009402580241527,0.0045841287371983785,0.05928866044723913,0.01849119101222252,0.0476698940708804,0.013575826751278663,0.00592189838117263,0.01037010821189055
2021-05-06,0.009882729645415145,0.014983166352092958,0.044231425583709294,0.018273586502570938,-0.007650610068177355,-0.008180989469880107,0.006703113057734633,0.010172491048683563,0.0001302964151470576,-0.005853073131521169,0.0014532534553608478,0.004275578842853678,-0.0021430341553186905,0.02873423951533094,0.008251196789726079
2021-05-07,-0.004417625422478144,-0.006646337143046854,0.005758356908309947,0.003067753313939603,0.010884214943177373,0.01940809705407598,0.012823569050191441,0.002617040734898657,0.0026650575367652696,7.34356549410009e-05,0.0012093075846433265,-0.010844886598941783,0.017449734845798925,0.0739849840767719,0.029740453341309703
2021-05-10,0.016288973272575946,-0.009611697557530885,0.020766518984017823,0.009735266701632161,0.021982990348128117,0.02522600003572606,0.0009739016685565982,0.0015483277167673837,-0.013708942076561259,0.027595963228092657,0.029537926589462193,0.0038810370742550226,0.0071239481535765314,0.02875624440585378,0.03159531845655428
2021-05-11,-0.029789771407082388,-0.0066439557589939024,-0.014354900652265079,-0.013578909048892585,0.036874305037590815,0.04642531681460205,-0.007540733844087377,0.004932262291206024,0.001347536675214922,0.014179224051243722,-0.005931341843475435,-0.01970691847186956,-0.007248184437703142,0.014428381346758501,-0.0022548740835683923
2021-05-12,-0.020849427061105374,-0.0027431535875361845,-0.020833283656625068,-0.015045394738399498,-0.025402016104475234,0.005323855921661735,-0.0036764465122188783,-0.00902188677178739,0.006187045705216665,-0.007414110317203737,0.001038548614697099,-0.018860196983924937,-0.011699583669998903,-0.04437141629806429,-0.0007531626048226103
2021-05-14,-0.007097674893753236,-0.007987767363401566,-0.018025991911003847,-0.010547049555046262,-0.018679454963248854,-0.01676971934854632,0.04428034796032465,0.030281934023546953,0.0179965993476352,-0.016219829773750027,-0.01973042368755562,-0.017455023735724606,-0.0024032597909384723,-0.0399016685841298,-0.05559748643164841
2021-05-17,0.021972712767627023,0.009875432766506265,0.002708339128187909,0.0012078048876804637,0.011509533336661937,0.001346434377018646,0.0016489693448398235,-0.010810395347363388,0.0016564407165882145,-0.006218703775129453,0.010284958240949882,0.003629383619707216,-0.019182843007026107,0.016562120415453574,0.03472357155568018
2021-05-18,0.00627828901971772,0.0079735584423557,0.016506539027113964,0.018251420892301473,0.01619252607585442,0.004930698036739178,-0.011994221930104909,0.00837244117768221,0.005189201127328902,0.005311756703765269,-0.006637803275664544,0.0035370792800946127,-0.024196911438563395,0.02532914631218186,0.010221669722521254
2021-05-19,-0.013987948362819691,-0.0022389637629983694,0.0070859221572419084,0.00710788851580757,-0.010335786697389437,-0.001338271494449761,-0.010949929550504445,0.015642731324050585,0.0025386588113394115,0.018239763046421498,0.004285460200698754,0.020926158473006717,-0.015195512608776607,-0.01334736705581352,0.01202767451597575
2021-05-20,-0.012914776665097993,0.0017202353718537289,-0.006645074695630804,-0.004654095336037445,-0.026979932929835804,-0.0017862625567200974,-0.003610085088555759,-0.009398558789057487,-0.03164610540937429,-0.023528571916933583,-0.0002863135699926467,-0.0030188761990880275,-0.01429380931106683,-0.05084832934043204,0.008677553564724327
2021-05-21,0.028948415465368527,0.011349288023764226,0.008755564170890517,0.007604641156498504,0.008497126118758747,0.009843335100730544,0.009903452583246208,0.012250069982271183,0.003856736790699644,0.005168424031309016,-0.003790807283259645,0.008633560137925267,0.01978304826120425,0.007284792930299044,0.003927295704810652
2021-05-24,-0.00036974158521330125,-0.004761958550774881,0.004290913370271099,0.0032636990786054643,0.002660928286956521,0.0004430446691554568,0.011719760435178417,-0.007818379386085428,-0.016488237932903105,0.0007968776031574976,0.010677724282331491,0.004110606843259923,-0.007816262295511578,-0.01895613823168729,0.03222818619791701
2021-05-25,-0.0036994823188279957,0.010051533986810357,0.00514656117643697,0.009098345207274816,0.013710721724085717,0.003542949896179426,-0.002836936131603962,0.008974579568592489,0.021653830727822898,0.007453438342757357,0.007406711448609826,-0.01884342582643439,-0.001328799241070433,0.012087982448503842,0.007038222230232094
2021-05-26,-0.005626998580141707,0.02618248981486282,0.018742213901989047,0.015262085365370659,-0.010907490036615397,-0.01941751024117333,-0.0014225036177124561,0.0014385916784884767,-0.0068324134149208016,0.011061329376738316,-0.004895118957113032,-0.005016106394452158,-0.0006652224227651216,-0.02085589257758136,0.04372785383078037
2021-05-27,0.02102670212076463,0.0035785414049762654,0.02588921650049847,0.011907040086218235,-0.013233385641168272,-0.00720070316354382,0.00261160680472039,0.01170963994482821,-0.0003951993692858924,-0.006109581104668638,-0.003093620145995901,0.00483745515977585,-0.011317228053540962,0.013399120020862743,-0.02678576139199429
2021-05-28,0.01322262888012693,0.0019970192716856072,-0.004067451984128945,0.006324868862893185,0.004470099169753494,-0.012239422022959467,0.008287892798109597,-0.013371578281753282,0.0025771443237099234,-0.042530224644103165,-0.014101812236884559,-0.015520528984002913,0.0073105175352157215,0.006246419359058564,0.010232913558562373
2021-05-31,0.00385960091175952,0.002661418575624852,0.0006496274704292926,-0.004482327390483709,0.0115711858582066,0.01422669793241127,0.017379088413597588,0.0106313323565137,0.007127287150873629,-0.002165022460440036,0.02206149853122441,0.006159872531587007,0.021581554781926027,0.02007244450575607,0.007509438083944664
2021-06-01,-0.005919171954441582,-0.004699522294674963,0.006956696459476719,0.008662451881150002,0.03475562576745861,-0.002714967361410303,-0.006232720003343406,0.0035573464059579507,-0.0003190028458753824,0.004114896546986824,0.001384691332084076,0.022422265460499524,-0.0037392319586002642,-0.021987342225799233,-0.003986774149449701
2021-06-02,-0.007735139132996505,-0.00616346394675682,0.0003686140039593777,-0.013148914385774035,0.0012756825060955546,0.008620608022742449,-0.02903600163330522,-0.005912617077992288,0.008268580121990832,0.009537422916354732,-0.0007808333343765073,0.010432734660672294,-0.006380141670781936,0.021028388871347392,0.012530582537954249
2021-06-03,0.01744151764505464,0.007978812357059217,-0.0072745676780097135,-0.0025568015499128904,0.04033959750698379,0.005848167049451014,0.00023927105900156675,0.008264551002421738,0.006042693611733263,-0.0028785929620580575,-0.005609582016311565,0.04644718117798474,0.004815907984439205,-0.0018238286899799894,0.023203696500944337
2021-06-04,-0.0016535994659749864,-0.0028783190834400507,0.0039886332288840975,0.0047814586964802785,0.02408167884627832,-0.0004471237847583076,-0.001434996791406351,-0.020933061092288208,-0.0019877090272009124,-0.0022945031482672906,-0.0052152147486008715,-0.013282095330990895,0.001221666364060292,-0.0011586128215358427,-0.002351528321356322
2021-06-07,0.0020429444603340396,0.002886627719090651,0.013026423476637294,0.014913776651966026,-0.0023913813883555957,0.04161053275928017,0.012934008284604337,0.006068248526529985,0.015275345611067914,0.002077214491046586,-0.006812789616832626,-0.019185723029497392,0.007039577616877457,0.007138350670941929,0.005724638743401345
2021-06-08,-0.011763892995333647,0.016766846572955574,0.004286529357247826,0.02257325385799258,-0.0027966605322875537,-0.0017182877800956398,0.010404340185100835,-0.002849019832525168,0.01669667710695677,0.005034519440586971,0.01064362327429591,-0.007796994761222642,0.019293570433069673,-0.01559314286373703,0.019420887568567746
2021-06-09,-0.005937801478168914,0.001663259735148026,-0.011623752041994506,-0.005199694757131446,-0.006009674815544375,0.01635120085814923,-0.005382619054107529,0.004264188690054294,-0.007510338597861321,-0.008692461203808177,-0.009848758039419314,0.005000741857130064,-0.012436025523813066,-0.009090211952443417,-0.02167854752627696
2021-06-10,0.009338614324396977,0.006359168229985279,0.018467450995607315,0.012022112553145003,-0.0008060953683169947,0.0033868749507823814,0.013419259481397328,-5.982261199188876e-05,0.0004476258906342956,0.004755858417585523,0.013259159403116616,0.005989291915156292,0.00953698823436211,0.01221616129318992,0.053046761603841475
2021-06-11,-0.0028895729047824226,0.015867327298533684,9.023467344171365e-05,0.007606105397998331,-0.0032271509237586926,0.00253183311252414,-0.006688929457409065,-0.0011220718148010622,-0.005144989186907312,0.007765690987771912,0.030413422990008376,0.0032626190553661782,-0.007887596374773431,0.03939171579748657,-0.011477776330973022
2021-06-14,-0.014657222292650651,0.010297819316090084,0.013169698446898304,-0.0034946541039900803,0.010117434050390672,-0.005050570038364732,-0.0028859615925966864,0.002343641815714559,0.009373561228023686,-0.006164793035518423,0.0015314092324159034,0.004090930680607174,-0.002773304098279472,0.0055682475969172085,-0.03499417821826745
2021-06-15,0.0016120325743611552,0.008277506140248247,-0.006588131238891348,-0.002244603521408872,0.004407172820978245,-0.0033840094498562845,-0.001206018895262062,0.00610445855458841,0.011305308049094576,-0.005759593379696115,-0.00924682598061688,-0.015491631178331522,0.005840099243703989,0.008155977260486225,0.03208534697374121
2021-06-16,-0.005816217578628158,0.004545710857834173,-0.004750130409415854,0.002155873847113021,0.01076979995414673,0.01697796550059638,0.0038637145158522124,0.015855448322154908,0.0020925290602022972,-0.006907407692154144,-0.0008780922999646057,-0.0012429459289992062,-0.0105990823905725,-0.02737804503253638,-0.008743405132110915
2021-06-17,0.0030954289373872346,0.009928539994591201,0.00621347512067838,0.010382009782583301,-0.012628258968903072,-0.0200334928152891,-0.010584623141786875,0.005223894586399602,0.00513812964520266,-0.005235365950531645,-0.02212308035743593,-0.016270938613342167,-0.015090814578485712,-0.011994762759714894,-0.030055352189494067
2021-06-18,-0.003170876192250871,0.005349997473984569,-0.015929714723940114,-0.00884071599812808,-0.03876910427020919,-0.032793848890244504,-0.005348645259584117,-0.02150713031772944,-0.010647453567659615,0.005187609019788431,-0.0004916971404591575,-0.0058941145429344255,0.01910523293619426,-0.010373843761522283,-0.006904767911010468
2021-06-21,0.00658939844198736,-0.0019956077051993537,-0.0139141822647042,-0.007284857827999369,0.005821327252211406,0.03918967167464782,-0.0004889499305228417,-0.0012167339583415426,0.008192403132592396,0.0042634127171823355,-0.00035956772222633937,0.005121824542190012,0.0015778802367913958,0.012679751097852243,0.02628450592460596
2021-06-22,-0.00843668127868702,0.007698429402322349,0.026560809430971055,-0.005362615845249219,0.009094745028605855,0.002542405948860571,0.0031792079553278896,-0.012045959861958444,0.0005618320028408785,-0.006777331412348819,0.004988719192277058,0.0062384663851071664,-0.005930338446256678,0.005559978075533767,-0.019167268343237676
2021-06-23,-0.011610146668414867,-0.005754580024585065,-0.02946715633426411,-0.0007095880768879237,0.010651214241156559,-0.008875622663548799,-0.005607137724564448,-0.0012473518009381568,0.002300860525157322,-0.0023246328740441635,-0.0016955872522358417,-0.004112774345821468,-0.004381044458389494,-0.010968353565015132,-0.012634844139844503
2021-06-24,0.00069104487505256,0.03728825727961382,0.016476838333231658,0.022291802523393578,-0.01094459219918087,0.006396436507529524,-0.0034320543039927376,0.011768691207760584,0.00814361070165659,-0.0006765251849547571,-0.004094776392711941,-0.012805107360305823,-0.009924187985616673,0.011862517837405218,-0.009554634751477886
2021-06-25,-0.0016686142517656766,0.009620400217493996,-0.00282315896988683,0.008796271126562782,-0.009016130674940115,-0.016525328372122505,0.008855961691765835,-0.006415991903575224,-0.005163857101255553,0.01120629602095402,0.005996909760280333,0.07359713484303443,0.012009451754153577,0.0468040618821306,0.012575474571490108
2021-06-28,-0.0011240591113899079,-0.0015245825582733685,-0.0001824502395956218,0.014318509612256891,0.011993132149053842,0.0008614983287469347,-0.007071400704956932,-3.1324171492208563e-05,-0.0007629037050059795,0.0060246575510163325,0.01788378209823893,0.004405330116784345,-0.007288458888662586,0.01609095478378908,-0.0011909838947090634
2021-06-29,-0.015694754303660408,-0.005566838757666948,-0.008769035656916335,-0.015338010417208836,-0.02411103431066053,0.012484046997541354,-0.0014733136440988615,0.005318052751851932,-0.0027542424043798253,0.001922262086080373,0.005338321834564397,0.03966247048788918,-0.011765780964687056,-0.009670569241746474,-0.021631731205789095
2021-06-30,0.0,0.011356059500167381,0.005621389195325399,0.00670859047197081,-0.014238002473441425,-0.010204135642498224,-0.0029514516093670506,0.0019175889129268153,-0.0020507389795211273,-0.003172858496052311,-0.0018496717897111825,0.007991864093008338,0.0013334207922217622,-0.005074451163783467,-0.02123939665630037
2021-07-01,0.006008766969165524,-0.0129047570537828,-0.01154594677730958,-0.00940251759941313,0.009770801611173496,0.008161513074675941,0.0014799508250964433,0.0007486638607565599,-0.014754787506433664,0.012880226788701377,0.02497669454282958,0.016188498335023782,-0.00570718194938491,-0.0026144001011967344,-0.0030239977300090537
2021-07-02,-0.0005536404723169852,0.004742278819551693,-0.0013906024511025628,0.003916514607949839,-0.0033654562560413437,0.0012783221125232114,-0.002955527614661113,-0.002504915577829947,-0.014044119204665972,-0.004238906045351376,0.00309431350335565,0.014883967402883558,0.004496364026203459,-0.02367750238086641,0.012845688645404918
2021-07-05,0.009299421505553296,0.007111847172567964,-0.004177430672031246,-0.01353957752425472,0.021105834009703672,0.009361640931612847,0.006175888594832424,0.0022356528200797587,-0.006134953361879636,-0.0015413586096515441,-0.006779533080945255,-0.004044630894763701,-0.0019999712861134,0.018353818925922916,0.034701456226656324
2021-07-06,0.014008447752517972,-0.010608283339187285,-0.00699177820750041,-0.02335629418408658,0.004547458697543805,-0.00801004161081631,-0.005647060614740185,-0.00970732403408947,-0.0012913095830011656,-0.010217481614232748,0.00028006898830534865,-0.003187214645323566,0.00410337131674221,0.008989909294849774,-0.0095334879019624
2021-07-07,0.0036744539756321526,0.0015362934525047223,-0.0008446850298992059,-0.003477906804238984,-0.01316898349503759,-0.0016998756292936346,0.00617293520465978,0.014129766605406102,0.0006677983386831343,0.01017426578002456,0.004088754837189068,0.0025228749750791923,0.006652897715608397,0.04403516689144826,0.013750310141446453
2021-07-08,-0.016744147794281683,-0.0024608023769034926,-0.002161148040210281,0.01362462836329481,-0.02376962755419454,0.0,-0.008588937216033155,-0.005534297495983442,-0.008505303642476258,-0.019408755451666537,-0.01714274839623975,-0.011895868961238731,-0.008119432092265733,-0.023714790621470416,-0.023906378919953508
2021-07-09,-0.0070715398652411166,0.0013777885895973618,-0.00979291307674457,-0.007923373074409379,0.007261616150191941,0.0029799256589018164,-0.0032179595586436793,0.0009707244731687048,-0.004425129159372654,0.0014996163469460644,0.003408974570199952,0.01484435959456687,0.020845106661447232,0.04168943979661899,0.043425535645802205
2021-07-12,0.006918445246078653,-0.009629725815025747,9.486293386218314e-05,0.00461136023174058,0.005513331583939518,0.00042435006292596,-0.001241465107843065,0.00030618952802541344,-0.0015966028513343389,0.0009732188650823925,0.006226627902045756,0.005770528514962958,-0.01230761117062118,-0.010005139736588453,0.03529215432229149
2021-07-13,0.008776117630533209,-0.0018735195474071098,-0.001901462453279823,-0.006104370177153151,0.01560519559449114,0.017395011694774976,0.003729410236475106,0.0028625260473997827,0.00435104726267177,0.021613687906063328,-0.01041079813554402,0.0007737733775703415,0.0007553322993836264,0.001467010153988868,0.010451653306252195
2021-07-14,0.0005724409731742153,0.020680328785694257,0.07021073947453171,0.02699603245252913,0.0033223034313902833,0.007089205440681479,0.011146948260575495,-0.008602814300906148,7.161094762753173e-05,0.004319375276285564,-0.008506400514023182,0.0011999070341108808,0.0,0.012980635751915548,-0.0076383204048344755
2021-07-15,0.001086892674901696,0.0024731599573484253,0.025280204526524575,0.03147896267254291,-0.032284808928349285,-0.0037265289624333064,0.010534035583382506,0.00468375357370876,-0.007143190921682585,-0.004300798513518056,0.0005194162547794701,0.0020108796688471653,-0.008678549937729096,0.009038329168613135,0.03463752366917294
2021-07-16,-0.00031433831784088984,-0.0160362350661879,0.003212416393115758,-0.008359882436386745,-0.0008554879812587846,-0.009975113767049404,0.008000003006672252,0.0018356834157096102,-0.005735713341363358,0.008199141038781388,0.002391841046154086,0.004451953253931329,0.02987916656858358,0.01791473902891294,0.025418399725845697
2021-07-19,-0.01526160750381822,-0.008839854873057162,-0.006836907992545216,-0.008113236743413577,-0.018835511605562405,0.019311417756715743,-0.0007214670949484692,0.005565370075622189,0.0026591299629470377,0.0009440565055773842,0.0023674620368179244,0.02769183249410556,-0.004989251858648069,-0.009425449113979245,0.0013603039711898024
2021-07-20,-0.011695988752863262,0.005416162123046853,-0.00993382573162227,-0.006397328918805512,-0.017452056825515316,-0.02429987270755596,-0.0045727771351815605,0.005838458438224947,-0.004811340833242528,-0.018570792260459767,-0.013894601693556607,-0.00020600256141967144,-0.023586328405087897,-0.02609769984456045,-0.02671672118431012
2021-07-22,0.0026724272219953438,0.025902341292438846,0.028340147159834128,0.05647544789953152,0.025754903867632795,0.006331713047039722,0.0009670728560078334,0.007767631105557005,-0.0024028310757248095,0.016039628973564035,0.007568919743287994,0.02635883844438891,0.03984789135755151,0.032148286012713356,0.02512382168486038
2021-07-23,0.009225486549540696,0.00015723481079987778,0.025590405062083654,0.011085220048698163,-0.0017316247824413766,-0.0058725085399491395,0.02608686371773472,0.008288568647450978,0.0042332806574663095,0.009748224196060029,0.006992384237337612,-0.016661287975537342,0.0029263953935609877,0.006598581540567805,0.01104396872421809
2021-07-26,0.01024412284965348,0.008456739730585694,-0.014520318397826859,-0.009548993333776234,-0.0065050151168620785,0.007173192417076368,-0.0058850310437166264,-0.0023478011285716915,0.012268093577994854,0.013544645226976959,-0.0020101663801039837,0.04630138805719941,-0.007751107326223972,0.01291553678331292,-0.0005984757451132916
2021-07-27,-0.024503181612957836,-0.0008416756685999394,0.0016934830720156668,0.0005801925694488563,0.0008730385865036716,-0.0041894640317670095,-0.011839831098965359,0.006891751696206816,-0.008974672913502513,-0.02146721341294311,-0.10494813701700956,-0.005389819202213708,-0.006433100866398811,0.025193679826038817,0.009132987278512639
2021-07-28,-0.026561317774167925,0.0019029742861025323,0.0008453665036034508,-0.0011597771070591678,-0.002616467488859464,-0.017248496934410107,0.0021567139039735395,-0.01116801752538843,-0.007722959083638736,-0.00072644908938857,-0.0230419038802967,-0.012223502886838489,0.05059646677338736,0.02581434429431262,-0.014688338199148498
2021-07-29,-0.006776362936170677,0.007100318480372403,-0.0025338445119318376,0.007368991966627991,0.0034978966767702513,-0.0004281399298909916,-0.014586289756946758,-0.00598156417029605,-0.005402855253897609,0.022099471270612625,-0.012490051094936283,0.0025693322938558083,-0.0013204336195105082,0.06857146745990517,0.02409264481415274
2021-07-30,0.008010479183282015,-0.004019742563818651,-0.005589003370783829,0.0724861973987323,0.004793160999975177,0.012419651156809985,-0.005338636732781454,-0.011839424789736985,0.005226649239858938,0.10092466382346066,0.008250112511661412,-0.0009284971368885842,-0.009697686617567314,-0.016659907685622533,-0.00705776290856297
2021-08-02,0.006224280379320657,0.013070483683260026,0.008686045564185507,0.0009507409616233975,0.015611475760494598,-0.00380707839336647,0.011466244096372646,0.0006779324002050835,0.02373369371025702,0.0013567420910709505,-0.0020483464674594387,0.00325883560956175,0.006231740215462356,-0.016907126858009658,0.0420554913853699
2021-08-03,0.012341598029768974,0.01449525350694314,0.012072421668646971,0.012843726607758343,0.006831591586812014,-0.0008492160338268162,0.012541998222148187,0.03214577537494101,0.019559685042165098,0.025548299683623377,0.004285798542574826,0.011005134697810837,0.0266299584353602,-0.002021214786854464,0.009378908503949512
2021-08-04,0.03814542426824019,-0.0035946228668887192,-0.004337758114889456,-0.007950829230278456,-0.00466501110817974,0.0016998756292936346,-0.0061933224716455015,-0.01240158455517415,0.0014273834264195706,-0.011386552171255171,0.009975292771966515,-0.006426086094222239,-0.009996541277329074,0.006395747041034072,-0.013233737907082932
2021-08-05,0.01245759720026407,0.0026072007349111637,0.006870133287057101,0.02605802861443074,-0.004260593969347526,-0.011455232659339676,0.03187910438069097,0.008384477045067174,0.009180245758701355,0.0005091156827514709,0.0028309307731779754,0.0018074655231523629,0.04230498159302232,0.021465748302900156,0.0017119188698047072
2021-08-06,0.0030760354341401452,-0.0020259211448633296,-0.004826083847897289,0.013138985428214678,-0.0017115297209464586,0.009871319970532033,-0.004645634952359812,-0.010330225811725158,-0.0019799343972929373,-0.0012083504499275088,0.0008363800174637781,0.0035103636296884844,0.015366524762833844,-0.012270147263172437,-0.02350075370211202
2021-08-09,0.0020819421187963094,0.007938466754565221,-0.002006858021918023,0.01806906262952701,-0.014144909477708634,-0.00807487606694468,-0.0021004331204891313,0.01008011536497988,0.00890679364789615,0.0045847588375256265,0.006727565466407404,-0.020633432394532525,-0.014229153927591498,-0.0116526258701235,-0.001604465613231909
2021-08-10,0.0181648817113369,0.008386912429302562,0.011813118222988583,0.027651549013180787,-0.0013044331874777493,-0.020137155136501383,-0.018475076530059642,0.0039006471305864654,0.0003024872673373924,0.005768451734219804,-0.010117370374097323,0.014761502779540692,0.03829768066187622,-0.02733325306056633,-0.02337480374872203
2021-08-11,-0.017518715907590354,0.0001789058250099007,-0.004305680761080399,0.0004157258832033772,0.018720207239307785,0.022737399050959395,-0.00571828828125831,-0.0057734419551704885,-0.0032167144511929813,-0.017394766569301057,-0.005220378617334487,-0.008971709208670076,-0.0021695637151702973,0.03829345749198332,-0.008077867436102282
2021-08-12,0.003987499098567326,0.007183108228855817,0.007650872355697613,0.047559808360292166,-0.006410319232133754,0.01881125533549244,0.0011980299146183704,-0.0018687296934912778,-0.0012963631387080676,-0.001154332126986457,-0.005995879303990814,0.026512853416921,0.003704599537065034,0.006415750296331124,0.007540385197953858
2021-08-13,0.00016785659485907267,0.013375850704104852,0.015927789726089214,-0.002452331297287391,-0.0012904070417792957,-0.007553371775101181,0.012206878420652378,0.007483221135061946,-0.011392478132782213,-0.0004496826129218867,-0.013612003520154348,-0.016694431706569146,0.022306004883121622,0.018322896165159808,-0.004340535780843258
2021-08-16,-0.0031599106287902856,-0.004555538474912524,-0.002355586400323295,-0.011061516889760092,-0.005167848456944846,0.0050739062839151305,-0.0026009663900703472,0.001406807496202589,0.02116181142749607,0.0032121419693393882,0.001923648748302531,0.06914180523345381,-0.004709225452348309,0.03951025768259386,-0.008869713684229619
2021-08-17,0.0033663478147401005,0.02185519909908029,0.033954768324769624,0.0335197133195273,-0.01428592701761544,-0.012200205209600412,-0.00806095847733923,0.02390230065347687,0.01127132427316413,0.004290442467936639,0.008442172882213272,0.1324254305481154,-0.012144147589535415,-0.010333101315051052,-0.013044043941020989
2021-08-18,-0.021612086496728744,-0.004708174763275563,-0.008662643330686559,-0.0008488579530064877,-0.0057090920277618196,-0.007240245971410042,-0.0011947878422509106,0.009526143598388659,0.006560314939609846,-0.0015940072346495304,-0.0028613942248225666,-0.026355129821053924,-0.0054282899924844585,-0.002161271802610387,0.005378893440929566
2021-08-20,-0.026376074091006063,-0.0002884014353934372,-0.014855698961076635,-0.00941604860934142,-0.026501752304875503,-0.020591973286700038,-0.00023946600009427943,0.03491356794178224,0.04708718858273109,-0.027781370656568827,-0.02795999096479851,-0.008646839453909538,-0.01484869499967223,-0.08320846899775591,-0.05533489008171755
2021-08-23,0.007807254981792244,0.0033469717200946825,0.014192416551407572,0.012006960111052623,0.014065405108033557,-0.006570226680157831,-0.012446123478650928,0.022982714605130905,-0.007623307251876987,0.0002633762931771866,-0.009032109751883954,-0.0006846671778208968,0.014583640817944499,-0.012321730919405582,-0.001302763636393811
2021-08-24,-0.006960426436252498,-0.01029486230607557,0.007474245918671185,0.03343930415164231,0.012975307151823934,0.0048500158979201125,-0.0026659900788834623,-0.01204729283123851,-0.013979918094337074,0.01580289237358201,0.016069285952055035,0.02055554888900124,-0.004095332622394143,0.03385708930302034,0.02804942999103366
2021-08-25,-0.004516296866928116,0.00854232304274638,-0.0029989890171361333,-0.00017090314816314844,0.021643053208574736,0.0004387678287587349,0.003159214839701052,0.00657229481898991,0.008026821245211702,-0.0029815877293428716,-0.00838176633670451,-0.014274644141003545,-0.012336831690018868,-0.010287270760550693,-0.02506357475024601
2021-08-26,0.00017653603753164937,-0.004523077750503313,-0.004274640749290293,-0.009295303779879638,-0.0008646444340171255,-0.010964946969875156,-0.008720898844840508,0.007174996699664815,0.022926015181494286,-0.011052649966926453,-0.009991275119054288,-0.01493204559419703,-0.04171763885666058,-0.010897648803362525,0.0008136782385310681
2021-08-27,0.009455166586081143,-0.010939510678501518,0.009539769187686398,-0.0028284497552913956,0.009519770655149973,0.005765095594022274,0.00635375393084181,-0.004755110735415791,0.0027092457520438984,0.014791988167016434,0.02154990224585851,0.013764991968973517,0.014056966377087088,0.006617797123366076,0.013819009225976675
2021-08-30,0.013013956794726944,-0.0062906926979638955,-0.0039373600283032495,-0.018126560786302037,0.030004283032587287,0.013668336694942385,0.010199121218153362,-0.010777998978991787,0.01136619563850938,0.019953395880937697,0.016802361174959035,-0.0015844999653601421,0.042510303327091936,0.040783210786601076,0.025657322863748444
2021-08-31,0.010283230970613788,0.004946597774769801,0.013439688431484909,0.020046562572411553,0.003329129374497919,0.008699414273680706,0.015865484054298218,-0.013904182646682806,0.0027969857640215423,0.008701611485563365,0.005600918946707223,0.0445607272615296,0.07027131139030218,0.006698663147631123,0.0023451247179964163
2021-09-01,-0.004020144198561448,-0.016818321927807522,0.001716216962849515,-0.007840299409997531,-0.007051131838741842,-0.004743511618035101,-0.008518754696274722,0.018446049247923257,0.004465345654017128,-0.006989520887119238,0.012627375433168941,0.013985048686234958,0.0035389763249769057,-0.026926442710231813,0.038371788950051666
2021-09-02,0.017032598471686144,0.006764901039274074,0.014640642234688084,0.0010444271570486663,-0.008771808366348721,0.009532160203368,0.0011931692885125411,0.020867987927575937,0.017619848181669395,0.0018390938457530925,0.02020593360470424,0.0008832014244373187,0.00015032488542932043,0.009849765574914793,0.018176195308162724
2021-09-03,0.008697445502678258,0.006838016751108178,0.0056028068805002995,0.0028861323946025585,0.03750517459378111,0.0042918748318545585,0.004052532229794403,0.0012870233570292378,0.009324351991239821,-0.0006963291407738881,0.00799423501592944,-0.005740061343642688,-0.012078118141853889,0.013016720644850155,0.014163614828121007
2021-09-06,-0.009654742318740861,0.01749319070557065,0.0478553365219756,0.013315440472948747,-0.011778881979162437,-0.0047007849897842124,-0.006172828145954212,-0.0021438522094895385,-0.010947685027693499,-0.006523881731969494,0.003552128027821011,-0.0037988902688339543,-0.00584716020444076,-0.004606401934093118,0.005236958445000273
2021-09-07,-0.005466284087008888,-0.013725036781932265,-0.01777258819569505,-0.017760111197614004,-0.01397465951714505,-0.005152492086104465,0.01170578858175686,0.0071823697928297126,0.004020559303782756,-0.01829779530626252,-0.003763259935550378,-0.023711319573643697,0.024366072321332366,-0.005776060287052021,-0.027351579193843123
2021-09-08,0.02861439302856672,-0.007851713399732008,-0.01787169261754995,-0.005121140311832861,0.007197463094784862,0.011978606617239596,-0.0023613479139840132,-0.025964181437975076,-0.008314097153199751,0.009806586854675947,0.002828001797687607,-0.013461057586530822,-0.004026542457536864,0.0008050163167518942,-0.004017273528606036
2021-09-09,0.0013769922294672998,-0.0009743944178424169,0.00022662505349058115,0.0037819042193065755,0.026902076190725932,0.004384093431550662,0.006627277037132728,0.031129616082614886,0.0023145203786818502,-0.0014793851115922907,0.00015268213109065343,-0.019090257374895225,0.027401396249613352,0.011994190477374822,-0.005228423087454637
2021-09-13,0.012212335025496346,0.00017730528772430532,0.012682074821981804,-0.0026163709692628156,0.007367918433651033,0.003928539084245175,0.007053606351152819,-0.00024201405649426633,0.00566232035742531,0.0051526430651858135,0.003939393997778762,0.0055727956127396006,0.010420403658492505,0.011368469296243022,0.02012295546990228
2021-09-14,0.01505389468885343,-0.003398439227954131,0.004025360097344111,0.015774782245120633,0.007314112668512118,0.007825867517461838,0.009105796734364846,-0.010844879573750243,0.0018686150635585097,0.0014098815637029194,-0.0001318448659954896,-0.0028234131480551206,0.0012982003696213607,-0.0076189464019220665,0.0078021148559539455
2021-09-15,0.0021148135018196346,0.015004455686800311,0.0008907617352253983,0.0088150131236433,0.03630494150408703,0.07161345656462648,-0.00046263755598241474,-0.00549898346267641,-0.003693759095833582,-0.0009598250518605411,0.006459458883641744,0.012593608066201023,0.04508772997845534,0.0019278124810964137,0.0004383065832849198
2021-09-16,0.01875299735425462,-0.005375553784322862,-0.009198064391803595,-0.011263891254601921,0.0019463525784138014,-0.001610038102896727,0.0682869974741882,-0.004540452431646802,-0.0032547288253802487,0.0005123273164513442,-0.0061762486946080886,0.018509842707547186,-0.009510597383260433,-0.012610700837221378,-0.00014606913833969948
2021-09-17,0.05304696963650568,-0.0064326361103826946,-0.0038929678459724837,0.00220933299715087,-0.007381533033526622,-0.0020163676370049677,0.001733565102415735,0.007382308976167762,-0.005204989283293604,-0.01427566862163221,-0.00961074598224998,0.005634547797218836,0.013289742125697224,-0.035392453804505286,-0.022342277079676398
2021-09-20,-0.0032370490532731555,-0.0020400355104401857,-0.004133768287809203,-0.013950584197607196,0.005870730964490756,-0.008484876047009426,0.011248085999408408,0.00728094801016721,0.008058020138805633,-0.017404817637797,-0.02243808214397036,-0.006142663965545525,-0.004394757964055529,-0.095822213245363,-0.035100725448177994
2021-09-21,0.004746554064909425,0.018129642237419752,0.007698030102265996,0.02123939753564641,0.05214019883569376,0.011410077096763116,0.033155110627022255,-0.006546864518939044,-0.002191214839784239,0.010575006887198368,0.016481746460344615,0.002767362753519409,0.0023450404070484154,0.0312027386209619,0.023838960945879117
2021-09-22,-0.012630893147859146,-0.0009018729155199079,0.0008239035312254117,0.035506661115240146,-0.011464605039771425,0.0024174334190474323,0.008281588617411684,-0.013093418868677986,-0.004183490239816234,0.007325025671015339,-0.0015039439286753664,0.0027189494445589713,0.00013768340795250467,0.01052460414887979,0.11596609258093937
2021-09-23,0.019364951963514843,0.014939723314753683,0.009204482577615192,0.0052192692159027665,0.030677094759969936,0.01446947800415721,-0.004106823408742244,-0.004326211612529551,-0.0039792867196419834,-0.0003246641050482779,-0.010121004467528838,0.036555227842783866,6.86992606098169e-05,0.00987900003462161,0.08887693271836405
2021-09-24,0.0020256825470073014,0.01222349427407754,0.0032626698976934154,-0.00443630960243413,-0.011978206325255925,-0.015451772271370401,-0.016700972055725405,0.0012728172160332285,0.0001360764839819506,0.0007794802287897085,-0.0014487478566508338,-0.06931284678594529,0.01733628628268402,-0.035337861758969136,0.0214009892853404
2021-09-27,0.0025886153120668887,-0.0242084239101501,-0.033407143212004775,-0.0332397968483481,0.028655528430283184,0.020925511097452665,0.0010483889188055429,-0.011178368541502559,-0.008236690016656834,-0.009604991979055177,0.000271322275940733,-0.035134451003937084,-0.004441593240567365,-0.0012576262237218305,0.023267175884788438
2021-09-28,0.017139239914199633,-0.019783285860732525,-0.02186896645097669,-0.034382868274571154,0.015714263721940513,0.04020501663450582,-0.003979867982886742,-0.004961300867867946,-0.001483891065541476,0.015792067359407858,0.008660996691424394,-0.0338405643602846,-0.03653720517379222,0.008225008535511114,-0.023690457748648974
2021-09-29,-0.01825261174937476,0.003052551740523546,0.001798085037345798,-0.013224233390731976,0.017932412253066854,0.06593395840087601,0.001472065958988189,-0.0019442412728818415,-0.007717970606313962,0.046703616719289354,0.009900417517211935,0.0028227278230392727,-0.0029447871707961593,0.011397770339883095,0.0019509624952529503
2021-09-30,-0.012287906266407522,-0.010075520437560548,-0.010378619878289252,-0.010570823643602623,-0.0017270361201401352,0.008531980348733592,-0.00818978048484309,-0.0031372853555139413,-0.005990819547882498,0.008566429407163234,-6.152952842142234e-05,0.013134159623463315,-0.008356286861617268,-0.005132912138393064,0.01545579047630552
2021-10-01,-0.005958694189594271,-0.0059990490740854385,0.003390694567628527,-0.006772317671285166,0.01211066471187272,-0.01374701263122613,-0.003387601481974145,0.005368796008179633,-0.007052515662004377,0.01020461262001171,0.015397354610415803,-0.004953370814560709,-0.018015300782200705,0.006943990175013015,0.0
2021-10-04,-0.001304157111415516,0.008167255947950647,0.007544315330726414,0.020273314168228085,0.009230750661382014,0.04038601742799419,0.00531107295431954,-0.002915652014133685,-0.007191939843510742,0.00653291206968154,0.017524733901647327,0.019924102041378067,0.008137277557347833,0.02026417249720902,0.017257817063815795
2021-10-05,-0.0043195792028034585,0.00836933647167104,0.009047532089486499,0.01000690622153022,0.10873992968528046,-0.001030524548252254,-0.00803046704072563,-0.004996706195846801,-0.002748555884256265,-0.013822122934479486,-0.001606274354362336,-0.014478250631045797,0.026196102392357812,-0.005512994151200434,-0.020617315346909804
2021-10-06,-0.01341846730221774,-0.011371620360688062,-0.01716005859365921,-0.0193907933787425,0.02719234030101192,-0.014442961668227339,-0.014699511183269065,-0.012291518451780448,0.014528008107897783,-0.024253440599820375,-0.015492814775733499,-0.023123494168803216,-0.011226203584600691,-0.028059342308671686,-0.01816435936668115
2021-10-07,-0.001687217661275775,0.01042703204729345,0.01132521530174202,0.022769090852459373,-0.04580624135253519,-0.0034889757290428314,0.007351344031235607,-0.005820338031417238,-0.009648184173139507,0.028291382084439487,-0.013214770879222182,0.011315984335104945,0.001590842512718904,0.0072662027598147105,0.03553050379172551
2021-10-08,-0.008246129514505651,0.019426293443087328,0.028307070178849703,0.01605278673564081,0.0034287310604630417,-0.011904773782608569,-0.00536587476020689,-0.003108162398402725,-0.00443525352868146,-0.002247358174072067,-0.008566484860708323,-0.011076592383099215,0.004332118887543368,0.009269446251568114,-0.015972532517479876
2021-10-11,0.02016693086664989,-0.019085129118389332,-0.012629398351418186,-0.027605095325423212,0.02516330248155252,0.026222333520223184,0.02740610414043565,0.005172001816969418,-0.010995746025592279,0.013574399229062228,0.009310837590903898,-0.0004796536005891028,-0.006685902334510607,0.009261078746401141,0.02164249582283473
2021-10-12,0.009972589939310161,-0.0034301040867174004,0.009650498128856544,-0.01839039423629274,-0.008788070327950037,-0.0017263550183416188,0.013652527000062697,0.017346286684160495,0.0071212249108019154,-0.003423189885522926,0.003258873614422786,-0.0059054877717833465,-0.0065136988313821975,0.01210773633810458,0.009768062592486526
2021-10-13,0.00714249243965881,0.014271817755080018,0.020482556854060974,0.02015369626458985,-0.021705994627421066,0.012452274034672417,0.03273932953517855,-0.004895369794408078,0.0040719503965751525,0.015487409620452253,0.0036962766050741003,0.006020987578912118,0.00517239504896172,0.01896011803270392,-0.0034964418113627715
2021-10-14,0.004205353809364931,0.003832095929251933,0.053003330322625164,0.02043293296924298,-0.005937266173760003,0.020840572749000863,0.02949433014298819,0.00024583236997233193,0.002870912954798799,-0.0014834286159628451,0.006137752761118165,-0.011216443185409264,-0.00594292979894695,0.015321608759774064,0.01730982847125828
2021-10-18,-0.003072608071212901,0.04452891943864534,0.0021179566972668873,0.03414164823031873,0.019176404830939964,0.001003968069952954,0.02338722323726783,0.005849786400071277,-0.014763147108305064,-0.006418685233197663,-0.01637518080555045,0.0004621905384496472,-0.007582292334104346,0.02618075588656832,0.015750828488752644
2021-10-19,0.011806434239353347,0.016739494510247033,0.0025360823829967405,0.040178256190043005,-0.021591626834124633,0.0006686804487483489,-0.06322606455022473,-0.0036010828605514966,-0.01080170946475889,-0.010228565878871554,-0.015520255608412081,-0.006777758309671533,0.0007345510379643816,-0.03128875967898659,-0.061799662470244376
2021-10-20,-0.009777142889015544,-0.010866350594832541,-0.013491588310439062,0.00013020117828754785,-0.023329063299094566,-0.022719764362857386,0.0026429270990835363,-0.004688067409147734,-0.008930619147609065,-0.015047992112924069,-0.00997543621592245,-0.0358750442459953,0.04015562982739773,-0.01726513749651304,-0.0036191904795701557
2021-10-21,0.06365833845359403,-0.027020293272535967,-0.0080492668972304,-0.009777128188793727,0.000645534719140306,0.011282122286456753,-0.007704661782848454,-0.002308321684743486,-0.01266610127514356,0.004294864112432073,-0.021508557336012646,-0.0028694378904732254,-0.01750299037163261,-0.021290996913746918,-0.014166336050546069
2021-10-22,0.01289791489040737,-0.0193026000647043,-0.019962592809071644,-0.004461386875823203,0.013225752263327006,-0.02028403073831697,-0.03310195286173956,-0.011773936395920948,-0.006555681926879164,-0.007147867338089586,-0.003052851460923156,-0.025744725292680237,-0.0022267822002417503,-0.014033603475702816,0.01608933803076318
2021-10-25,-0.007783163421209105,-0.00712277226948177,-0.0215416469327554,0.004382359895345189,0.02769813704398416,-0.006901330376940185,-0.01352479882265134,-0.016333809788731446,-0.0159755750699887,0.0007999164728103025,0.008345115473133102,0.03366102002696336,-0.004895631844988868,-0.002275785104568828,-0.030218787583022877
2021-10-26,0.026201029456362823,0.006587579704879998,0.0006740747508471312,0.025720053077393334,0.010532708721577633,-0.004864422358199061,0.014138738934118322,0.03396881219718573,0.017006107954277372,0.00036888499974652156,-0.0021277900512119974,0.024964014667514522,0.007379575452068909,0.03893133149586525,0.036644616880540104
2021-10-27,-0.010267086779524592,0.014820720860958092,0.004415235547731378,0.0029105298603298024,-0.031882112944534136,-0.013268310713403841,0.007393389824000396,-0.011083706934120086,0.0013675931317289614,0.014259187016504749,-0.0007500329077445578,0.0020151507982673067,0.008833635974559328,-0.013024140451043276,-0.0034868720391831864
2021-10-28,-0.04101441440544562,-0.014488489198054455,-0.02115922947429294,-0.02203640584713562,-0.048765107191823476,-0.027954657617062728,-0.0559865689188932,-0.0006943916668680217,-0.004313428449668311,-0.021209477151333478,-0.01989194098587055,0.003027931198385181,-0.017939780635477187,-0.02002040079761913,-0.043074248364648904
2021-10-29,-0.03209442652404293,-0.021216246250942317,-0.015451428515630194,-0.03616394879462348,-0.007656460967436884,-0.03421896621833298,-0.008440729626156052,0.0004606378226339469,-0.001670294837498254,-0.015601794741168296,0.0195298313593808,-0.006399425110964807,-0.006379142874299748,0.01258074468368986,0.005169552335131611
2021-11-01,0.022327261614679905,0.019367651259327268,0.013451741303400988,0.02997607035410299,0.02750757630634304,0.012438757948804113,0.016352978735171497,-0.0031867941798406907,0.0006528010031796594,0.02113225286399345,0.030530910925690158,0.017491761362514735,0.03961477569102412,0.037197472663786924,0.02571490730814885
2021-11-02,7.225553635881177e-05,-0.0012647326398346204,-0.002517426514235366,-0.010981069271631894,-0.0013057552814232931,0.017497942541816913,-0.005510077947173286,-0.008746324289845786,0.0012914935198526933,0.004434490842423644,-0.011527798245988041,-0.010768807607499764,0.0020352333578048665,-0.03754847479880863,0.05185276446004994
2021-11-03,-0.018828299340593935,0.002709073194232081,-0.001988262353746939,0.005333486491808648,-0.006211201796588406,0.0007320006399222923,-0.01396288658235223,-0.0019601622926103124,-0.014404304702492987,-0.033664428867281715,0.005383517369160096,0.034662720903602784,-0.020799993906346903,0.009439249057183074,-0.000930078477682339
2021-11-04,0.009545674675456084,0.0036418598707694816,0.0018390306007769475,0.004871485477575321,0.0003288916641257522,0.002924884064750888,0.018431120254413402,0.008117629050154562,0.0,0.009518301110452265,-0.0011527462877880534,-1.126230978820697e-05,0.0028608139136789834,-0.000113020147876286,0.0
2021-11-08,0.03006804498862925,0.016854893150063832,0.007113251691891254,0.03343621295958421,0.018743901119517625,0.022967562483910076,0.014345634605802626,0.008470437944085196,0.02420208961574688,0.005720110716501248,0.004741801495375064,-0.00747981905167161,0.011268015444444446,0.01308539577270218,0.029209951112470378
2021-11-09,-0.01021775864568164,0.0028776818506075497,0.0001520345737582307,0.0019275932083036018,0.011297487019405361,-0.012829483229545247,-0.0045692305084577,-0.00569584266176526,-0.025849368237387926,0.0016874524221699438,0.0007517215946273303,0.028953510397845772,0.00592401781138574,-0.005434471904298577,-0.01085492620706896
2021-11-10,-0.010084983970636952,-0.001348727606214628,-0.008884653945600562,0.004746129898394402,0.00670288570862132,-0.007942586851429234,0.009180238985771805,0.0006414706581689966,0.021233631000898923,0.012166848061758495,0.007720637291258825,0.004401050609297741,0.031197380874800285,-0.027995187671092547,-0.0066300135597060494
2021-11-11,-0.010572877859229446,-0.003936447151272948,-0.016548946725113978,-0.028501248043803717,-0.02663289455401907,-0.0054583855940928405,-0.003682041272239145,-0.0052180830468406825,-0.014897838718773926,-0.020034378214755177,-0.0029817384686264825,0.0031629118661320454,-0.009314181401782196,0.0008086448212427655,-0.04257772644241464
2021-11-12,0.010028690852424083,0.0270582592780082,0.02843555762200012,0.04142718871206319,0.0074917255045148234,-0.0014635451234766839,0.01260878327870163,0.015299037496561807,0.012227526544095424,0.01465684692236957,0.005877530396800168,0.022387549405893825,0.02045016237912689,-0.009502902478993214,0.029687656109453675
2021-11-15,0.01089306204977647,0.0039040740871960633,-0.0017422745596330502,-0.003690998290715286,0.0203689127109834,0.00513007894718287,0.02232713717528423,0.017456043440220004,0.014818603659258134,0.005207611528209366,0.0062767947617408115,0.08811459489000306,-0.00800255967601926,-0.03247241445124194,-0.010038652919117208
2021-11-16,-0.006889683359697196,0.0028817659740487667,0.003870197048955637,0.013140155953589305,-0.004119285764133118,-0.020780020991100656,-0.011129666206867839,-0.0007446745103256713,-0.01385403386594819,-0.015110258113307129,-0.011500590396263943,0.0031292242798737213,-0.009829945113217553,-0.013368616243512266,-0.0005895801937050305
2021-11-17,-0.014283234194026884,-0.0027060616494046785,0.0005289198761140312,0.011594462012537887,0.0015907634103518031,0.016008788389862305,0.017201124595846773,0.0007682315936166084,-0.020510794568694313,-0.008892385137783232,-0.010233330893021808,0.12499874974837177,-0.014035249653367998,-0.0071207578349071765,-0.013803579937045285
2021-11-18,-0.013954586973337624,-0.00450355784567269,-0.015639109525863337,-0.031326267785518724,-0.01969503738890155,-0.008427963534405003,-0.008350745385243163,-0.0036735641158776033,-0.01201909686932312,-0.0008844704890323962,-0.020311282872812808,-0.02534907819532839,-0.007916114131150676,-0.02741678057482222,-0.004905011295289863
2021-11-22,-0.034083314685029564,-0.0112396806226841,-0.011359258631703173,-0.01687149728446624,-0.015120739368583491,-0.038063610976244444,-0.027789563800041273,-0.021135502641921322,0.0027998867972287567,-0.02516917952129316,-0.013668091280161998,-0.030257941340206762,0.03884635948714488,-0.018161290156627596,-0.03714825613891126
2021-11-23,0.014037615603581743,-0.012788575385612733,-0.0019407602817137493,0.012489634291551255,0.001023291635819934,0.0257396956171847,0.003031642061117168,0.009802184373741918,0.022489842036623298,0.01874807967838188,0.005284823707296882,0.006411974620599059,0.022638641848502283,0.0231749896857536,0.018728836076943756
2021-11-24,0.014372875271369434,-0.02354769875089413,-0.00980083883047711,-0.014385948024819184,0.046012250485249595,0.013857571003283997,-0.016839513829544184,-0.004934399595554195,-0.010594800502099488,-0.00795969689369691,-0.007318775512872744,-0.010459676398486883,0.0,-0.011366970259382936,-0.010908186397572517
2021-11-25,0.01178282095762384,0.015565993881988538,0.0003140873641560571,0.013815645152161826,0.010752904553556819,-0.0011081850161069884,0.01581047817907022,0.004775535387852914,-0.013785668229743142,0.005070818749903339,-0.0014027818523965063,0.056297570356602655,0.008235540954145248,-0.004115397487190253,0.009293792067499584
2021-11-26,-0.03478943323084138,-0.017852845014876273,-0.023951506369396025,-0.020489135314198936,-0.05157975959658456,-0.04696747315907279,-0.03156094643293861,0.0023046515676774515,-0.005065153591680804,-0.019925800304612773,0.03469379818917062,-0.0023591242782051713,-0.034503066211034605,-0.05227264880762583,-0.07464714903888314
2021-11-29,0.02815250838042882,0.0027781281678824765,0.01472351213931744,0.006055918189053822,-0.020394227530609155,-0.018238335079397316,-0.0111604553256065,-0.011541204698614527,-0.0075099371260904935,-0.021178167009759274,-0.011218909202367455,0.007015180863571668,0.0008122320485932644,0.0022025154538383163,-0.005306973449690555
2021-11-30,-0.028569926685617753,0.009609005454463748,0.010545460710278176,0.0031236870518771553,-0.013879459239635628,0.005928993429718421,-0.0015803240858608403,0.008007589228421041,0.004789524520123267,0.003394903853320974,-0.004630080128873448,-0.006940127316321099,-0.015013199926001364,-0.03906704484253898,-0.0001335285304404632
2021-12-01,-0.004358047389581898,0.0013136691513493393,-0.003844720194060458,0.02993938139168062,0.0010556856231316303,0.0035362466506321244,0.003391556038444543,0.012805077908747409,-0.0028910457125695954,-0.010947306689239822,-0.014863572861341212,-0.02052670554072855,-0.008238907835011688,0.010595575577037275,0.022145194082996866
2021-12-02,0.005580258618766765,0.019447336701646112,0.018903713852025827,0.026486549634037848,0.01230225377350358,0.007830665826252137,0.01599806123273284,0.0054335358962323,0.012233886702368357,0.02804074893942121,0.012243972147226723,0.0039401484782986,0.014260935618027215,0.02757373342353575,0.005090072561403591
2021-12-03,-0.02548053811364992,-0.007264514168579872,-0.00935366480915667,-0.022305332598271832,0.013194435232575907,-0.01320882353979036,-0.01685508092739052,-0.009323920097860205,-0.006916286804757643,-0.0188581789490897,-0.014208395758279035,-0.02870586023998889,-0.01938439692435845,0.005034210249419191,0.0029865804153892395
2021-12-06,-0.015149824818880164,-0.02319148348602662,-0.025360968497389558,-0.026078067225031476,-0.01747753390968143,-0.02086610413426393,-0.016918824579193248,-0.0157779608190598,-0.016194102578175218,-0.019486767094656465,-0.02127716378605682,-0.024409143425037083,-0.028885525239183196,-0.008229016222293661,-0.02511655328350071
2021-12-07,0.027556606090553215,0.009644292600549331,0.012650196610123121,0.01604653733201089,0.01778843183019374,0.00804169591079229,0.012620593691197168,0.017235135249805245,-0.006292578752599365,0.008885655544685678,0.004890398181873312,0.0028022105019855914,0.0017918078295846573,0.03607502824570252,0.03904387874348747
2021-12-08,-0.008620914270228153,0.02436240891164565,0.014705984901713265,0.01785422253307445,0.017135097869346305,0.015157736505302388,0.01948793569686469,0.006970992470078929,0.029229756378741367,0.01862310078801377,0.01106033077713442,0.0035466630086233852,0.023324135906682475,0.021065453657157063,0.016615491615802558
2021-12-09,-0.0021349067762700402,0.005760463505641633,0.0023372949790796405,0.003987867658167277,-0.007075480349352237,-0.0094304342684155,0.04645475635212759,-0.009977437419509294,0.01346566764824031,0.002904274158740394,0.005152178660394968,-0.01888063963979425,-0.0016778944829315412,0.0032821866723022897,0.0022630203429552243
2021-12-10,-0.010227688104426536,-0.0023816471368239833,-0.007695804528517924,-0.005306306850975329,0.0013572054437331893,0.0007932746361438703,0.0029736056176210557,-0.0007517502704491585,0.002359241545808688,0.0021057681538205753,-0.00020661559940227114,0.0023888150187381108,-0.004552348554121344,0.002676729071054984,0.051429974174678206
2021-12-13,-0.012468670199394571,-0.008299045824915474,0.011202443164413767,0.022150602044030077,-0.010843665321071727,-0.002774295770621271,-0.00635319071711693,-0.014958450892388231,-0.012030310761199647,0.001641892844551185,0.0014150839404249993,-0.007359031472574329,-0.010693619863194725,-0.012457655622102326,-0.011691635586878246
2021-12-14,-0.017457924054033458,0.00429879294423352,0.002324413694287708,0.0027773996035171944,0.006508937854508012,0.004371999046377084,-0.02557541250052453,0.013528783788002707,-0.0025357717733429652,-0.00858903216649054,0.010163521781380469,0.00101788310732287,-0.01635609503571056,0.0016304893305290058,0.006759991659222031
2021-12-15,0.014670834834488389,-0.01024444603899577,-0.01623151066418138,-0.0006695436723523907,-0.020081555125977646,0.002770185792596136,-0.019903766516817578,-0.00185572781360821,-0.010629427823811932,0.025196790020756143,-0.009953721431314344,-0.0037318932100606217,-0.008892482402152457,-0.011266368740592503,-0.01438853968218623
2021-12-16,-0.0035611141809190894,0.021566125576255146,0.012413546769945327,0.006731213461690588,0.009725588156994425,0.005524784994580534,-0.005132803051225321,0.002814584189873459,0.005364854857263346,-0.013740197569218848,-0.000641181474587138,0.00226302202752926,-0.005908539822102599,-0.0007364877270572556,-0.014233549929150269
2021-12-17,-0.03598006326507441,0.02779970393028708,0.041129980906893016,-0.005929713376871981,-0.04093560959858755,-0.014521151889856476,-0.022207276257988018,-0.009217177074577587,-0.006866964671629394,0.005886558983111412,-0.01727078752263156,-0.08024119395649443,-0.022527194785817328,-0.018296877160093317,-0.036899834638507545
2021-12-20,-0.02859842741105756,-0.01205485806537998,-0.0072301472017171076,-0.02726967143163428,-0.03873751179826834,-0.03026696310162169,-0.025464614469752345,-0.010398433384275596,-0.018169473727833507,-0.006502492911378721,0.009462192844618134,-0.0170785991727056,-0.011710784290921206,-0.05224806999992104,-0.06022559732339006
2021-12-21,-0.0034147205136880743,0.007059974841131522,0.03731510930274573,0.021838996320775683,0.015298519368512897,0.0036960686757558925,0.00047087912338561466,0.017967502839394855,0.009749681821442646,0.019111209562118425,0.013199761387758135,0.03031891163086331,0.013292836068887315,0.029964055732414785,0.016907497858899223
2021-12-22,0.014885958539115896,0.007231104238757169,-0.007455111765740208,0.016412062063781985,0.005512789847038624,0.0028642635932829563,-0.0023531051129308533,-0.001555709288247109,-0.0024958153723642074,0.024340202256680543,0.0059727920099159615,-0.01486299008977443,0.02661167343653492,0.021491374069354308,0.011665282328281013
2021-12-23,0.007489711776538233,0.018030430705765044,0.012980137019541482,0.014490044845226313,0.02704667256451243,0.01631976852546524,0.025000210243271592,0.0009354414397950706,0.016471223294595827,-0.006332265090590483,0.009960269405786537,0.02135892143597795,-0.00876229976292553,-0.0010631287664070177,0.017097477479117718
2021-12-24,-0.015318906719090197,0.003176095099926002,0.005615404395986845,0.02375577404110074,-0.01423473856944657,-0.026495336567668337,0.0032212027196867332,0.0008147663087820778,-0.003741693950315206,-0.00889627275634508,-0.011960144364898007,-0.007186112166993608,-0.002504709431346619,-0.010818893509879968,-0.010685358903494757
2021-12-27,0.014327477247007891,0.0014221793480204692,0.001646486185530316,0.03550297882996145,-0.008303414643139884,0.004948511392592447,-0.0020641242144082694,0.004065110358298041,-0.007934910113863936,0.011076971110145717,0.02118073832870193,-0.000505926804758472,-0.0019198843362151496,0.005692793316268041,0.00790299966164354
2021-12-28,0.0008176528587833243,0.011708407289899636,0.008361873364493677,0.011820762593753198,0.015653466584375497,0.018465321542670443,0.011491610223066662,0.0027276102539006697,0.01065980060513172,0.026445130710343268,0.001456765033270413,0.0008576476668444855,0.006363077196035016,0.005036585295644214,0.008363911521236167
2021-12-29,-0.006028591012302353,-0.001297545392014099,-0.0024806939009747175,-0.010658315301530163,-0.004301090679064035,-0.007655134071761549,-0.014996509500701416,0.0023068436006694615,0.002520744289873589,0.029076029599037545,0.01883511813528682,0.027331500988867274,-0.0047055434472622615,-0.009934019079569145,-0.0002591476054975006
2021-12-30,-0.005073122831939836,0.0038715380542713174,0.014779036554446456,0.007331358227016693,0.011519096171958454,0.030450662868818146,-0.0034603143438491912,0.00035573013809209186,0.00401728911509025,-0.005185817217258748,0.01480395698174597,-0.0011753395113082155,0.0036936649759167217,-0.013661789471548391,-0.016852505965485154
2021-12-31,0.023273174584251155,-0.002694421339770048,0.001750380424932585,-0.005222382108101331,0.01352305095121209,-0.01970050041036564,0.009490747407236544,0.015414888978957597,0.00898166034164194,0.0134817579832478,0.0004689538829425466,0.008580077822204935,0.006550427672473491,0.009491337528313215,0.029667655803769177
2022-01-03,0.015784161326882984,0.005668111297535416,0.004683125448692982,-0.003211272771192153,0.0045648377521909644,0.012861527572237463,0.004815451678222615,-0.001408241761925666,0.003203030328944756,0.003843109476225015,-0.010974073239264248,-0.004567828837473753,0.01096827608758244,0.02789147957311866,0.011012918066561017
2022-01-04,0.015429326727856019,0.0003688120257308025,0.0038959725316551896,0.0028014422388964455,0.033205142787718245,0.05476191502634742,0.00524858865848099,0.010727743071818008,0.005777384892549531,-0.013251717676074803,-0.003647109418612793,-0.005189699030581085,0.008896157496609991,0.005558253477886854,-0.000759896783573577
2022-01-05,0.037541723791728376,-0.028697114919690847,-0.011088111269512813,-0.029193167498387185,0.017253054124127365,-0.006771820873793133,0.0013622012299052688,0.0023480272011795478,0.005840398703701455,-0.0031036801402133385,-0.00931663180312814,0.0017423469873507624,0.0036561030900486013,0.02506968808018839,0.019267185554447952
2022-01-06,-0.015737567115261752,-0.01455547586791106,-0.010861822044497038,-0.02615755180611623,0.002992746852902517,-0.008333430027116506,-0.008388081445156792,-0.014456338418213033,0.0042080894848823824,-0.006586127490492033,-0.010635853559417985,-0.0017694711490615633,0.014857231747412936,-0.012185837172272729,-0.007710379593211636
2022-01-07,0.006527888026066853,-0.0019254927908847197,0.008147182881505177,0.006944096043031145,0.041445936094085534,0.0034377109283343366,-0.0013716781773622788,0.012993919796890907,0.01693831954766889,-0.0007834766203032029,-0.0065514488688989125,0.011562227703326489,-0.008023645453497541,-0.0024929394096621094,0.0041357913098485355
2022-01-10,0.022948612750921082,0.020090404369388803,-0.025298545012723883,0.00713088675847473,0.008277531356156942,0.0038068037600524907,0.022435737605597028,-0.009790014459804208,0.008281233294865409,-0.0027143037495265254,-0.0019858465469057007,0.008642183617155075,0.00035471509504314547,0.0074976615554842585,0.01834746445522084
2022-01-11,-0.005724022267612261,0.0026205243405659218,0.0009373656854403389,0.012325083155384275,0.016419215163802736,0.0034128060868057197,-0.006045657589256015,0.0027373351306703153,-0.006621017628768988,0.006894982184278309,-0.006341721603906447,-0.001224242802065012,-0.0021277153037986274,-0.03318923750852509,0.002206082617447036
2022-01-12,0.01022314616166664,0.011775126461269103,-0.004033857178719846,-0.003856985885548725,0.024852261961137545,0.011715867332529495,0.00360442229314506,-0.0027754933543291394,-0.01152709628759263,0.00456510093234086,0.00517221145381952,-0.008825861278209057,0.03802681100299621,0.014996556254150084,0.021279274986713448
2022-01-13,-0.015460552030622576,0.01030646347008557,-0.06017217315818668,-0.006732164856012357,-0.006062446111023467,0.008218183801937062,0.005387128640946592,0.00037042316501900707,0.013202033617920383,0.035039519919007,0.006935270961197837,-0.006191877124225864,0.0021911401280962917,0.06446134197337083,-0.016165709950771934
2022-01-14,0.006151521167924168,0.017160577194912374,-0.015313472530141703,0.01102503870244731,-0.01768819545006839,0.0029640292004287083,-0.006028024229434936,-0.015939995839731713,-0.00986926260617238,-0.006643672511325249,-0.007776177873034862,-0.001866494726280865,-0.015304705939790275,-0.006182593308712181,0.015944503297468104
2022-01-17,-0.0003868983001249493,0.0052607574753433806,0.010706497900871081,-0.008833162434604747,0.029804824975952826,0.009235357602172867,0.00898482984008897,-0.0034511540961859044,-0.012634533297556927,-0.007618414421367681,-0.003582754876462091,-0.012524810163134337,0.011101742971277195,0.013307359598327517,0.015454632732459617
2022-01-18,0.00242586006740253,-0.009667369458530306,-0.02064483077405377,-0.03579313632755188,-0.012059268063017603,-0.011713101471564347,-0.017141647715541275,0.0024000100849124184,-0.011800294825792257,-0.007618427025743224,0.004526634080536773,-0.06025348195842761,-0.01955796460526449,-0.02837966070479192,-0.046956078051781924
2022-01-19,-0.018793624643638873,-0.0279577946479026,-0.019185344773014035,0.005629785707725876,0.03906016970990289,-0.0014814987780933375,-0.0018120078506002057,-0.022838402977775063,-0.012769556357685508,-0.009684656966231553,-0.0018323639073913878,-0.02163223653813018,-0.014908699485516208,0.012344588465465822,0.010769951715041914
2022-01-20,-0.0068480490498838975,-0.023218468222789057,-0.009579101487810382,-0.0019159725548713036,-0.019970795940265962,0.0007419144961213764,-0.007261188733390211,-0.010714450700412992,0.008250241223269228,-0.022063169164882268,-0.01993618250669138,0.02853210790983618,0.01662655885783515,-0.002397486935747817,-0.0009797433505508435
2022-01-21,0.0006076240279313527,-0.020836751748057325,-0.014897424621457822,-0.044003752809363084,-0.019178991144124247,-0.005930387652225311,-0.007771420795806061,0.012818789662448316,0.0036476304073747023,-0.013719489545338859,-0.020777316277971414,0.010086651710928818,-0.02816615320321114,-0.03066215113889459,-0.03126152491158618
2022-01-24,-0.03318815703602507,-0.027384146613280036,-0.05338385116313937,-0.050453443436973,0.012527046640785633,-0.011185613842491837,-0.024188097785220464,-0.01351815164561554,-0.026103416586490402,-0.009768187031083841,-0.02931391267002248,-0.04124349631405044,-0.0076950628629471884,-0.06027188525977023,-0.05846625716505749
2022-01-25,0.012971750976903396,-0.008435035175442085,-0.017547086084461982,-0.008293932825819472,-0.0033193772116538733,0.020361958891818244,0.011803680132867367,0.003899817313634646,0.0043843791104956065,0.008990327144968502,0.008821411946348778,-0.0027009502234910387,0.03181609492922477,0.009006653858505409,0.02217749897889565
2022-01-27,0.018655900036437467,-0.025288207511021343,-0.03189966868649319,-0.03665211129584989,0.003330432172311548,-0.002217320730211303,0.0013998414778997326,-0.02156892740858518,-0.01275681103479831,0.00501208382158258,-0.03327381532411999,-0.04319002671745953,-0.00646198387808572,-0.018708990998280828,-0.01604199454520505
2022-01-28,0.004790194514865842,0.004527530740382701,0.013584398734652003,-0.02417663575494511,0.018708283050599128,0.038148263727626475,0.01397947872808758,-5.720998219305162e-05,0.004435978342999691,0.018778450043523964,-0.00886914278887041,0.04341537679913898,0.012089073430324948,-0.003399602868897067,0.011225397829119022
2022-01-31,-0.021624522274205082,0.029652473719836925,0.03703674170957583,0.04845272180000193,0.02251206522816185,0.013556933012670802,0.011948508293315285,0.007460259637939171,0.0073085022440531056,0.008642145631880593,0.01995915799788639,-0.004744836957632836,0.018860057121705687,0.0008296961396943026,0.03317023602252678
2022-02-01,0.013487520479253723,0.02064855095192808,0.007073122994727177,0.018086549106821392,-0.009559635849391346,-0.006335933023199347,0.03428717870731002,0.008106575500444357,0.03431117751346058,0.06860388291591679,0.00154566780444787,0.012272025910275097,-0.008569882720984134,0.07535361214374925,0.03555895818395305
2022-02-02,0.03203545786456696,0.008493026732251163,0.019682605933852848,-0.01514190440989005,0.0020473070229891643,0.0,0.01931946433628129,-0.009160763789251902,-0.009722272878707083,-0.0012334602316759202,0.024573855088988683,0.03418609253158711,0.0027660533505120544,0.00012846089373774738,-0.012969257001319345
2022-02-03,-0.017270690692583246,-0.02716687493562453,-0.016581700375609354,-0.019319606231928188,-0.022183629492538826,-0.003645646699001248,0.009907342535777186,-0.010488961637032945,-0.016197012764328833,-0.007971846436100938,-0.009217940460203966,-0.005036051574344169,-0.004689354673001911,-0.0007708936971464464,0.009260317504786508
2022-02-04,-0.01301700131382666,0.0014666985123896747,-0.01124059030143909,-0.004194370911640988,0.012537448612485402,-0.01792913938193419,-0.0006398480962100939,0.0013684434008867097,-0.00011223736493592984,0.011770848430794345,-0.00518894664080316,0.009713938673686195,-0.002009340528672743,0.008314753933259977,-0.009299396419301775
2022-02-07,-0.029588199535866888,-0.014990597514245807,-0.025797992738201936,-0.002693005696395079,0.014740745236355712,0.007079103405122522,-0.01749894524129514,-0.014123146939169606,-0.03183599873350662,-0.007718613592013535,-0.009823190116745595,-0.04538273796269987,-0.019022464212151924,0.005695917346772994,-0.030913645011394264
2022-02-08,-0.00582459511218969,0.0013411118251214216,0.00583483242679117,-0.006993026499580557,-0.029924482872091485,-0.0011098725131902798,0.004561291294216119,0.0007967701637467961,0.007205771465108368,0.007947668756844495,0.002958849755119175,-0.0169045743370273,0.0033971443938076717,0.03093824951458579,-0.006715739592168424
2022-02-09,0.009462060316457022,0.011646286380083692,0.01552862848646086,0.014363448519823407,-0.017969809865752806,0.00037038993041882406,-0.004756786526435519,0.0026482544122738982,0.012638828226182675,-0.0007326228529273004,0.010828374677384067,0.040402454053987125,0.014741172039897332,0.002254799037580968,0.004680894944443237
2022-02-10,0.01754768637488069,0.01859197506889565,0.008260849429088557,0.009417029182168246,0.03141241153427199,0.010366565641066305,0.009124564373748534,0.0002646069433964726,0.004889968038400916,0.008855481643044838,0.0004464032011630703,0.002927519930848499,0.006533588623108155,0.021270455931658327,0.012423845895650043
2022-02-11,-0.02086022270458876,-0.027266122128229653,-0.02126727788262406,-0.029690244390432885,-0.005618323441528683,0.005130037877474125,0.0008610174056684627,-0.017896797639207485,-0.015277770113704903,-0.015878378690830197,-0.010364535398911912,-0.01650103636858602,-0.01229188493152411,0.004886597501230883,-0.03208485632894098
2022-02-14,-0.044523421386759465,-0.022743610141453763,-0.035176777073920196,-0.024387495296892103,-0.011596787951545728,-0.03390431872896027,-0.03325049866702545,-0.008136456652473534,-0.02371747309861516,-0.017327583520921785,-0.027928126886252014,-0.006323307343409579,-0.035587084456733864,-0.053888314259119996,-0.06220282006903266
2022-02-15,0.0379255137429928,0.033319431689801116,0.039966632232861565,0.03560766239997948,-0.012334250488372556,0.021509325339712282,0.016176763662457017,0.029249839408048928,0.02351373157866732,0.013817503839012923,0.017350148497973672,0.039464090623108294,0.03168046261908586,0.017609726840364548,0.046472311040653524
2022-02-16,0.009348581911041931,-0.002847828395981189,0.0009764407326171565,0.003021526074554748,0.026804744056288188,-0.01588481389161922,-0.001121207237744004,0.002017768977618406,-0.00457159347739311,-0.009067013497553567,0.009093930818187435,-0.01685472857983883,0.014405268882948574,-0.01320634001600729,-0.009958260755250303
2022-02-17,-0.006967055932861954,-0.0049037775028477615,0.001773410623168603,0.0024584057908050294,0.018985373534816885,-0.0033782320022881507,-0.00044874841924924525,-0.005366526971649521,0.0006065439291362829,-0.007251060140404997,-0.003579269296711707,-0.004384048759871528,-0.00665009428734753,-0.0007133080613387355,-0.006116644950869721
2022-02-18,0.00509009732270127,-0.010349058940318678,-0.004337170357693765,-0.006632013457855357,-0.022416521794852318,-0.003013276182916691,-0.003368569071262817,-0.0064381617104702915,0.005066178743094563,0.0004058363725574221,0.004684932718592272,-0.02040672493999618,-0.006206461482641701,-0.00012591530958561137,-0.016274703155931047
2022-02-21,0.00030110762249946355,0.013913607805820627,0.014845816848457982,-0.013734821347359705,-0.016550901801150042,-0.003022318083320763,-0.01757538909945855,0.005374816950523886,-0.0018382048183495092,-0.0220768151450782,-0.005299476257849878,-0.010041022573594849,-0.0036488220843368113,-0.007515898902608287,-0.03656322114196486
2022-02-22,0.00801805127902,0.0021089271763117257,-0.011650253288733259,-0.0039837828202231584,0.009485540742115273,0.0011369198220376742,-0.01444956165270439,0.0002706267531407125,0.004172435381857742,0.0023109687362896647,-0.018554068663536594,0.03375011264759076,-0.015071463194045731,-0.0365105641531146,-0.06392512567647235
2022-02-23,0.024080394371767566,0.004901049048458228,0.005228953082499821,0.0005309052127415725,-0.02546190271201032,-0.014383211087425019,0.005119761911032583,-0.010178833053029468,0.006132235075179127,-0.006561871893316695,-0.004160275604798036,0.0075937110933033125,0.007365096372136337,0.000263463706301037,0.061199513043976195
2022-02-24,-0.04838018426076607,-0.037123174198904874,-0.05281248279648976,-0.05681743792534766,-0.025505566435529703,-0.044546745650055564,-0.034498674634516724,-0.010147053930507632,-0.01855511891143624,-0.02618272092009144,-0.02581560296469987,-0.049633389674369144,-0.04755816981705763,-0.057067550582038495,-0.06885546390142927
2022-02-25,0.03445959800882292,0.0098025410346676,0.03369611599507416,0.0425356499336218,0.01819353712502436,0.04782946061017723,0.026139183215534656,-0.001670778010904539,-0.006747093741419241,0.01625422793117126,0.02054986809307846,0.057394657281007344,0.026456880114982262,0.06643377467650535,0.08829958863415821
2022-02-28,-0.007513281478773726,0.012392384181289406,0.0009908654162680275,0.014607408048569637,0.007209815429240818,0.024165789747758737,0.008880360107593521,-0.004287225965170727,0.0013731546117266014,0.014851708622469983,-0.027103398325585393,0.03654921551764745,-0.003122033207598074,0.06583141305026219,0.005590616378196689
2022-03-02,-0.01994299195496896,-0.007460989087560543,-0.0010796013024588769,-0.01109906851094311,0.014317021824377552,-0.01910102950810666,-0.0025478903168332234,0.01164729027027378,-0.010415881651074987,-0.02725433511848374,-0.051742469512732425,0.012169959599382274,-0.01784413695998255,0.05619504833289879,-0.011118888974212648
2022-03-03,-0.007613431429763118,0.010600169060328124,0.025846578149416155,0.023164875706682242,0.04510573701622311,0.008781977803684837,0.019043151326826324,-0.022869752756690342,-0.007473963635346359,0.0,-0.034854475207690805,0.011632873331014038,-0.003262895028490642,0.010819385334743803,-0.02248818422334009
2022-03-04,-0.022374303913968885,0.001423820976208301,0.010095573853055262,0.01889040956350807,-0.029653669197147403,-0.014383211087425019,0.02780308650616803,-0.0025608079705938813,0.001470519037161555,0.01065897661175863,0.02952515427300928,-0.034680285067758554,-0.027304455304405617,-0.020102863732503806,-0.033770917247352816
2022-03-07,-0.02297173900499927,0.009603596306182682,-0.005997035051214072,-0.020294497634841036,0.13131637251930406,-0.0011520016884949413,-0.002439023980868482,-0.002863136752910833,-0.06463292608017912,-0.008437218176575612,-0.015475336689405927,-0.017462304157554898,0.03319558750310403,0.011588761687409521,-0.04273496972546109
2022-03-08,0.006542509598999491,0.022042009738532542,0.02728018463025883,0.026578214405766687,-0.04198972736905626,0.028450699802387014,0.008668545674606731,-0.004541212934927152,-0.012589333668995395,0.03932418555276396,0.02630393386066454,0.012413089696568846,0.01125261836586633,-0.01733876948830193,0.05102041851051142
2022-03-09,0.009285487059374153,0.019767406158903267,-0.003319580951308132,0.02927575388828374,-0.020659172541582893,-0.016822474767290596,0.010357128261415216,-0.006817705601136592,0.0032435822881564658,0.015497016710617428,0.016000798506844438,-0.002392919197917731,0.012445155490376392,-0.011146127170482134,0.02912641217352796
2022-03-10,0.008768956069475253,0.006920744997483297,0.0046970496407712226,-0.012892354652394133,-0.005986023120136186,0.011026539138222935,0.011995469700734507,0.029365989891958266,0.03172363669622014,0.0014973496676395914,-0.00965542947550646,0.012471009593690408,0.009038252795277035,0.042498000260758895,0.04554812493566418
2022-03-11,0.00493064617314376,-0.002135922684666003,-0.0034849416974505054,0.0009763489894996091,0.007742936051064353,-0.007521631181441557,0.018750168749397833,-0.018224582581952253,-0.007151887279962743,0.03731814233084685,0.021348743144190774,0.01769493771724351,-0.004156241925706405,-0.005348703780983288,-0.0025376325227273178
2022-03-14,0.014605716318467632,0.0377057356304249,0.020385447773847654,0.010895913301859572,-0.02219701135247254,0.0015158056642188278,0.011212116868963395,0.002293913825474281,-0.004390622674392941,-0.01080943212674279,-0.004603076409370299,0.014297174946994451,0.007987433277280243,-0.0036106912891911147,-0.029258051351016112
2022-03-15,-0.03074766922637806,-0.027185441336704308,-0.017470552763908742,-0.029541188812139407,-0.04685655765368202,-0.008323789315221819,-0.004811786529262285,0.005435493500016042,0.011613885004660318,-0.0006724187107814972,-0.01451752859784372,-0.02245357485830113,0.003854857574672854,-0.04876636786973976,-0.006552241662852176
2022-03-16,0.015428884570150903,0.027238330101267305,0.01795146163231487,0.0214590953750724,0.02167934248662351,0.012972104380032157,0.01997059616365715,0.020719780173767077,0.028173765467209178,-0.0027476404912887276,0.011269845327300354,0.027155934810865867,0.012658231263443342,0.025531862103405745,0.042063700463581766
2022-03-17,0.033797379723158105,-0.018418492520010377,0.004930904778264189,0.002416469462980242,0.017931708888859754,0.0011296771171358522,0.009480610950863833,0.025853705122946824,0.012765283214807521,0.02519107133389431,0.024937721089831166,-0.020986559099146374,0.015308896046634768,0.030191696530023515,0.021237650110696116
2022-03-21,-0.02357142550074609,-0.0008357394143981844,-0.001995927367239969,-0.00917320356330631,0.013211985277202576,0.0,-0.0016332633050569756,-0.022300751748884573,-0.03528062207014504,0.0024134334301009197,-0.009203023761470641,-0.01497959201621557,-0.020334642265037672,-0.00038362783376044707,-0.02520305612730711
2022-03-22,0.01730343583330085,0.018537116591139657,0.016750044805836195,0.03946470551744352,0.016806591995677023,-0.0003759822169200344,0.02147234634024131,-0.025016094603837358,-0.02444744142016919,0.00032814130197533764,0.006342209612091532,-0.018836228854844372,0.015602923129452773,-0.0007291182944525465,0.013421858118332297
2022-03-23,-0.021074750497469097,-0.007947469884164948,0.0018849603390698189,0.0025679905261326574,0.0008549821634955546,0.004516349296476152,0.009009076590676512,-0.004879628399624192,-0.01777798139627884,-0.014549855409054402,0.024054977169292835,-0.01483654438387727,-0.019881840110938298,0.022273496006798732,-0.004739984467526881
2022-03-24,-0.0314168907733412,0.007637195025814281,-0.0010634933004506353,0.017118911116371205,0.01053547465187954,0.01461220651456907,0.011309507762045978,0.0036842306114184264,0.0005157960084984925,0.008936613104998381,0.04874847293419893,0.0044158105220535315,0.001985897517318591,0.014688093865969032,-0.0009805032549216053
2022-03-25,0.0047253374135065584,-0.005379753755986649,-0.011792606927451876,-0.024226172217272857,-0.0092984712688442,-0.004800716123063764,-0.0058858342850608425,-0.014183167507022976,-0.003012339774671524,-0.007152021657536256,0.0076124137245443535,0.011807310055049536,0.004247265078381801,-0.008589029153764915,0.023836255228136816
2022-03-28,0.0017129602411505296,-0.0014120670658566148,-0.005220805118467564,-0.003985600471849371,0.0031286557298724205,0.00037114133408744365,0.01460432014187596,-0.017548207997087895,9.684216192584749e-05,0.003934287478602583,-0.017425338293987513,-0.005252918781403992,0.03341088940771231,0.0,-0.003560709748458679
2022-03-29,0.002782201805003215,0.006457068810433064,0.0038320120942116898,-0.0013775499657995294,-0.03033747053714042,-0.003338134128984205,-0.009531331535791221,0.003668373608829878,0.002908134643729854,0.01484709287360464,0.008890407949815327,-0.009627234696462095,0.029875221727735157,-0.003211449180070547,0.025151183229537688
2022-03-30,0.019132996124663126,0.009517319723117756,-0.0028215734556856775,-0.017111515342378647,-0.052631545787867995,0.007071004232787503,-0.021209752564531725,0.022225727663544026,0.014369349011951194,0.0013596590603175418,0.007135400633351496,0.00022742271704068173,-0.007219060591544646,-0.01993028358140292,0.026545121573657182
2022-03-31,-0.005246573099183194,0.0015233029896124517,-0.014813538350027522,0.0021050542360863123,0.011728265675277072,-0.002217411740630504,0.0058187227363655225,0.0047721998502825436,0.018422214952016125,-0.00635442890480753,-0.013537947134455552,-0.021387568039701543,0.007271554383232015,-0.0006499143998683898,-0.00626871265256479
2022-04-01,0.012999995276482323,-0.0017305159768742362,0.016725685060419604,-0.008236424624235239,0.02471014300060137,0.05888898659417907,0.010572447882203573,0.010163656156017664,0.007562898109460425,-0.006613877778471,-0.0037249244736843323,-0.0020373605232739678,0.004702227047567842,0.007573459019594386,0.014456558816427156
2022-04-04,0.033433683545903925,-0.010821976102980746,0.006314578777933955,0.0077668653543698785,0.0005956359606433814,0.00944381461738164,0.008487890100093987,0.01497676889036792,0.012180236862640692,0.019093082435180486,0.008809547469163403,0.01288046368746798,0.012260993167958256,0.018829317521036115,0.003497627339795306
2022-04-05,-0.018436218558144035,-0.011604091685316842,-0.002414435635170964,-0.006405783331675519,0.022612300352855996,0.03326410955625114,0.015658694858362576,0.011394167152121826,0.010214069723466723,0.0032936562490530896,0.0029532548317301455,-0.0023440761119996045,-0.0015630018728349793,0.0022356815835613553,0.017815876824589072
2022-04-06,-0.012651140855956977,-0.0173285176997674,-0.00934654668806889,-0.01994575638610907,0.005527787688088592,0.026156811108589917,0.0005781990721827057,0.010739140510059642,-0.006326728386876201,-0.001076339948393512,-0.012275127217471704,-0.009331824904935337,0.01180553527736694,0.019220613379798746,0.009766515359948436
2022-04-07,-0.0072777102750195555,-0.00976033956775113,-0.02139672462899367,0.0063043926655999005,-0.02285848436558069,0.0032681464695138995,-0.011363535300061844,-0.0015562985837204169,0.0035338736292700457,0.003070853591865541,0.009504872670879738,0.0054855534841737885,-0.017082443317024798,-0.015502403004777343,0.008039273003021874
2022-04-08,0.010217997790745503,0.0019880314614646455,0.004820735278021182,-0.013482724652800981,0.012140983670838157,-0.009446469554912351,0.04344434862012991,0.014536857781664692,0.016332147815059095,-0.006821087444320861,0.02616170230924375,0.015353215939266196,-0.0003934766155536673,0.015746511776252303,-0.01283490930486142
2022-04-11,-0.0005882077836688593,-0.02647970701413349,-0.021502802165378698,0.0003104645009763818,0.0017553748971876892,0.006905703689919829,-0.0011201295282707857,-0.001433440460780755,0.000821434447814795,0.0008653041125925576,-0.011251994038906865,0.01215785842376027,-0.005314274178445655,-0.009374503629759334,0.017924722267961046
2022-04-12,0.01031698474559617,-0.013642521565854104,-0.02171237080369015,-0.02359909887995426,-0.013434864078695208,-0.0032657856479045844,-0.010093602555494297,-0.0004640430021535247,-0.001954752936534465,-0.00443058313082445,-0.0018604734232948728,-0.00768978595568115,-0.021634433710043033,-0.027726587406271652,-0.023933590398991234
2022-04-13,-0.012348278481517094,0.0035009565821109145,0.0008949699797844435,-0.003215709387077048,0.031675864859570746,0.008846387320714966,0.017938017723188704,-0.0019220828642112497,0.0016595529831362477,0.01676989101621862,-0.01673016048697107,0.025538869756011495,-0.0013484266167733683,-0.0005680523650867242,-0.0057171295151962065
2022-04-18,-0.016408352167373685,-0.0727173746629618,-0.03683847944296936,-0.04672251172597308,0.008895131138770829,0.060084873496270674,0.002040437493163516,0.00974294218655447,-0.0017166044657209723,-0.009874599218809954,-0.0033145726948508036,-0.040036324108692734,-0.015054211811159401,0.014854192007036415,-0.006261094542015622
2022-04-19,-0.02450850901033952,-0.0366349656295778,-0.015131758630577696,-0.032241201224750604,0.007679184595144939,-0.015625132543979126,-0.03165490016273864,-0.033019732408374414,-0.0227280000290061,-0.005929944653072505,-0.01756143601885618,0.0574927448901803,-0.008224962778502487,-0.009334641914616082,-0.028417171287457244
2022-04-20,0.008081824712875996,0.016453106161592235,0.011405511784753797,0.006148077336684654,-0.009314108163694046,-0.0009338099077995654,-0.007646746420968964,0.019867717212506353,0.011108069559864875,0.0016269427291593086,0.01988265248312837,-0.007350076676123196,0.021907435223727623,-0.009309491836313355,-0.0002646351263232427
2022-04-21,0.022976942843160097,0.019588148901291458,0.005032484157765138,0.0026733959679143826,-0.007692311126578311,0.013707134543529564,0.0032749315061302298,-0.0006726416548707981,0.01685743296164932,0.022306310464737855,0.006265422918618757,0.021815661121202368,-0.0048690950676058,-0.009206802537821468,0.03216833026517252
2022-04-22,-0.018797872900248702,-0.020601739831011545,-0.0027818250416399293,-0.004723103275053986,-0.0008614768022709995,-0.013829066694348913,0.0026882243998043176,-0.0008349343780286178,0.0012500294170714188,-0.02044274681067504,-0.029523356382813226,-0.014646116600364079,0.004077375332622646,-0.018891810792457164,-0.026035610109434004
2022-04-25,0.0006367413334895655,-0.015358491415821462,-0.015529213745466453,-0.02763093425008778,-0.024999977484799984,-0.027111224907559572,-0.022405229773830526,-0.0007176596631336407,-0.020273064843988386,-0.026816563409877814,-0.0184366099655493,-0.028595385383362926,0.0008122320485932644,-0.04477323464456606,-0.041348436524570875
2022-04-26,0.008011126964547088,0.012747514476730837,-0.00018890590548725772,0.003974853600348549,-0.015914897626274516,0.005765506577597446,0.01449546136875357,0.01326299253564267,0.02330170860537062,0.020055548600218076,0.00950072262277657,-0.011120565478171973,0.022925543556676864,0.010857605634323475,0.0406592485926105
2022-04-27,-0.0006886758900935819,-0.017836780497586302,-0.019461484570946652,-0.01113324596465104,-0.012578581669791533,-0.008598684096677967,-0.005599416518859757,-0.010466450758186419,-0.010214311023015954,-0.01301672481947247,-0.018654272956646123,-0.021863908736026616,-0.005024431531386875,0.010619278878744254,-0.008051659026583002
2022-04-28,0.013867402794147221,0.01919108932672975,0.006937027369992688,0.007968479733761136,-0.0003034777672829003,0.026019899407851765,0.013980613034495937,0.011233049404726358,0.005886278826900293,0.016444188357447542,0.011061986446874839,0.003294234542408514,-0.0068439116220028184,0.011349970883317573,0.010379108270077486
2022-04-29,0.014215738449875337,-0.009509623212353602,-0.026313237373984832,-0.009675275148205875,-0.026395604345970325,-0.021916165614283334,-0.005936507075957498,-0.005285555626822647,-0.023422246746692132,0.008306161124148614,0.0023774043045978743,-0.01840040469023596,-0.011172790603440008,0.008089735289232625,-0.020545145511850382
2022-05-02,-0.009158218524701,-0.01693723484196219,-0.027122570439308213,-0.022081079768343503,-0.02555307577803201,0.008322881492913936,0.01387011800719451,0.006014647956997354,-0.0024243455962799088,-0.0056532832012891054,-0.001948336965866937,-0.03358522809976672,0.0031799733300841293,0.019000114708848326,-0.011563871660274727
2022-05-04,0.0007045782629175878,-0.0035367178220071516,-0.006565715392733762,-0.01494457926226056,0.03773585733010365,0.007301587022545686,-0.012920373100206328,-0.019131802406135656,0.03489436649506561,-0.02436658737554087,-0.031899315790818394,-0.0677043367484792,-0.025561469766599232,-0.026134957365135048,-0.052101710468109075
2022-05-05,0.01239008382025375,0.03230115793019195,0.019115433756953237,0.04168022610680322,0.016024733432697058,-0.0015759332479702293,0.008854726445292505,-0.026758500909161542,-0.032034145298606265,-0.025252548436411226,-0.0071511427605149835,-0.015996890735280322,-0.004775796492018647,0.018155147070221256,-0.02411021195730556
2022-05-06,-0.012405380575019831,-0.02668521133117563,-0.03202631152341018,0.021688545107506618,0.012738817931519764,0.0037879694143838627,0.01755380022287545,-0.034554971696097336,0.009398809040750855,0.005864639886071776,-0.008363271419725815,-0.030829785250100383,-0.01210087968657203,-0.0004282857341652013,-0.03191175242327571
2022-05-09,-0.004393717685404974,0.017824103504798128,-0.00401985303202923,-0.02293235479820499,-0.01317778523474189,0.0,-0.013875814462630642,-0.028896145202919388,-0.016854145664057518,0.0023775279241404768,-0.006322123813688796,-0.015937997403713045,0.001759894543436502,-0.02449952249491083,-0.005924274783554284
2022-05-10,0.01677517306674603,-0.011048364017089862,-0.011383599343640194,-0.014946772772385208,-0.06251912749834554,-0.02232707736049766,-0.012169625408373408,0.0009847456838008029,-0.0016911282952525308,-0.02659830863526147,0.0020995132447267917,-0.021094801338577773,0.011454723690396795,-0.06975437163662512,-0.02750610973676182
2022-05-11,0.00712234393185418,-0.01690287575655025,-0.012038094304164915,-0.014368492051330839,0.02686998598639656,-0.018655609017139252,-0.01578444583810301,-0.0004964082832579209,0.004096644471401234,-0.008180015258908657,-0.007651995948402823,-0.001966253257231987,0.004446524011308739,0.0006867175742966136,0.025298474610232935
2022-05-12,-0.02710013938149336,-0.011756964023005856,0.004026169505963129,-0.009514443406177131,-0.013240881721747533,-0.02622070765032869,-0.010756745200907414,-0.017707966961825194,-0.013190786008169586,-0.005615324378318576,-0.0010427207685886897,-0.026850395437730823,-0.02414046705068651,-0.04117713177120841,-0.012413739191782347
2022-05-13,0.010591200835886605,-0.0029162934557465103,-0.010869521202924948,-0.008204415337307647,-0.0188499362882254,-0.02961975841112796,0.022538520210609425,0.01127927116884786,0.019164588686007678,0.03823529653928648,0.011417343737384789,-0.009229742586844836,-0.02197338018731132,-0.018520081092487928,-0.010242121041077357
2022-05-16,0.018712671384038204,-0.010170162039428998,-0.0013868904024134654,-0.01147260709234954,-0.00032574744271995915,0.028442592874816874,-0.017401521577513512,-0.011223502721737,0.0019521079944537778,0.003512786687731584,-0.009147957809278018,0.039165201504600455,0.004783271144820134,0.005925237487341306,0.02649729410956403
2022-05-17,0.015141822944245042,0.01970986196528779,0.03985046102220546,0.007695119746501389,0.0628663898835955,0.015176990179429861,0.0417159854315603,0.006446192796325079,0.025556474799334428,0.006944440952136199,0.004011906722560132,0.03428496940014303,0.019979761533467588,0.0772089380775538,0.02062020413773813
2022-05-18,0.0035319416976196116,-0.00609158177469582,-0.011096314243062455,-0.021824227311419087,0.0003065199789074047,-0.013288933021928684,0.007933449591742026,0.0012374419194025599,0.00756936287681631,0.008298289215391774,0.0004610004153449143,-0.020494852468940672,-0.015416073079763337,-0.007108664350798488,-0.027387009407217278
2022-05-19,-0.03432960326750978,-0.054366588411338235,-0.06254550703419404,-0.05434924454238266,-0.019607846667427653,-0.003367064183160684,0.03317097453369744,-0.015256744919520782,-0.01835405717136107,-0.01618204682386326,0.006055101520761941,-0.027630606365066757,-0.031458781926878565,-0.04922691722025718,-0.013386623299821432
2022-05-20,0.02565331372005053,0.01961954909233632,0.01872996453381992,0.020345615500224623,0.0118751150425489,0.010811030124751042,0.015780884740677736,0.04770325083321758,0.03547364012202148,0.03510064903306742,0.08134725837076995,0.009967406059553818,0.020244748545314994,0.04317618374655807,0.033998603617798384
2022-05-23,0.013749488488163486,0.00910571645342384,0.01392514134439149,0.010611046799487545,-0.042001185335355684,0.003676258801401433,-0.019642920867883884,0.007846067201395357,0.010665907642599226,0.006989609562840338,0.0060836624981652765,0.013345218358666866,-0.002980196036596605,-0.12613188977865708,-0.0018099611752392386
2022-05-24,0.015261782071269714,-0.01865997369700012,-0.012982806455768992,-0.03897989376610633,-0.02869143686029263,-0.021645298546880243,-0.013296857838987597,0.011344973633196087,-0.00476057806295882,-0.013177128069474242,0.016877410453784325,-0.022948816416925477,-0.011154005339635398,-0.01622761980120402,-0.019341195396930466
2022-05-25,0.013253019706321867,-0.021200438113144093,-0.03282964364678054,-0.034779605348050247,0.012944091318964235,0.039142640490211766,0.006830252408974724,0.005623559149560808,0.013269251552331163,0.0014286697205367904,-0.009121078990835807,-0.029559467586281474,0.014744968849655482,-0.007204121855559409,-0.03852070972864963
2022-05-26,0.0005766435245224688,0.009571290874853977,0.019107575496866813,0.017403385346172584,-0.004587186582042824,0.009826350876679824,0.0018433771351977768,0.021334981677677778,0.012640375012432647,-0.012346241909563571,-0.0007660673471336921,0.039298408717157285,0.007919161446935385,0.052947547452472765,0.025160207702812132
2022-05-27,0.019673592448313793,0.026264952170906852,0.02999882671722487,0.04139617027129172,-0.053324581606414734,-0.02400284961852228,0.009373929798078828,-0.0006486015586394389,-0.0009407499960956134,0.004389175078987062,0.020062018403816273,0.05431639020114987,-0.013335176033640428,-0.008079816571781473,0.014694307052139921
2022-05-30,-0.0220942714771718,0.04478756690062413,0.019916516213839497,0.03627876024858567,0.0017384206770987287,0.002991357877719647,-0.0005571699690944953,0.003732711545162637,0.005242340837057213,-0.017258680018852557,-0.004600855388918523,0.007820280489401421,0.021405545345939636,0.0037854008058475497,0.0687107037943151
2022-05-31,-0.029608071985787743,-0.004765668262683875,0.0037794963417405736,0.013960272702185028,0.049982879851094175,0.03379704616440371,0.005946619740978543,-0.0008694979582800633,0.020007005908591502,-0.031183255937079157,-0.0001487001728097681,0.02244373265956945,0.0016450765074553786,0.007828413448073057,-0.0037482446290945104
2022-06-01,0.009881742226912404,-0.01666005662148251,-0.015270378102823723,-0.028510689085428198,-0.009917337711597307,0.005128254050799308,0.004433958226637946,-0.02543326769507548,-0.02645438266568101,-0.024808195563417623,-0.011591314040827916,-0.03525745671036462,-0.007926133056551765,0.007483582129579558,-0.02474306934173698
2022-06-02,-0.003994464899879646,0.019918048821124357,0.007222606238947327,-0.0005233504265610422,0.018029991493676567,0.014349529422489349,0.006069397158059875,0.008830454823206546,0.0072509159200124795,0.024188215437395133,0.003276223059850869,-0.05046887102746289,0.0018713317205609759,0.016924546735970658,0.009643888283347168
2022-06-03,0.0005382053539582099,0.009084856166471367,0.002847159158017698,0.0016578825696331734,-0.00557547963355054,-0.025463999351540645,-0.0029251017909079913,-0.01280927576696922,-0.013153367087197387,0.006456904071677094,0.0015809262036170502,-0.01548592662472259,-0.01357858987212357,-0.013175598075791717,-0.028214555748811376
2022-06-06,0.005729955185510338,0.005487388663184989,-0.004836954359130341,-0.0032234119281282503,0.015500986775885295,0.0012905026529603791,0.007700808085570721,-0.010139063112686975,-0.010779007352309855,-0.006126451284184431,-0.007891717973845802,0.012511192441029495,-0.005171080232479808,0.010118866340810273,-0.01149242777536752
2022-06-07,-0.005964694406049298,-0.015261124423612049,-0.011728727237851233,-0.012147885242838274,0.051315741508466406,0.013208959234586093,-0.003274894719200283,-0.014708628911600408,-0.031071411804292404,-0.013433437188863473,-0.037577758866827904,-0.006714924296886804,0.0034408622062553906,-0.008904490560135425,-0.024782096895918704
2022-06-08,-0.006807782681996888,-0.004446716858054867,0.005880486390884565,-0.005397066334129508,0.00957674442247125,-0.001271817021219035,-0.021905849806573063,-0.0013822889427478335,-0.006487471810112111,-0.001178855221097841,0.013320620057666543,0.007452820447350295,-0.032102646382025424,0.017080050159947957,0.023372765982324406
2022-06-09,0.010674534837671557,0.010000175957787683,0.009885116427462703,0.01280921040085281,0.013157792208804198,-0.012098253726925967,0.011011423243107554,0.0026547589853895825,-0.004239217109921256,0.013691370743327047,0.0294703878106084,0.00930934687364049,0.01967414128514222,-0.03855532481517909,-0.004138774256014943
2022-06-10,-0.03935236249065843,-0.025214532448426974,-0.02968099405458191,-0.025250379190085992,-0.005436544578789948,0.0006446831209578896,-0.002584309790324979,0.0004027582124690454,0.00406308682470069,-0.015311096728187867,0.006627391451981435,0.008296865761101557,-0.004435468979718693,-0.020242171771204687,-0.008465345453972373
2022-06-13,-0.03038838295619628,-0.035414600581479494,-0.03221611365428789,-0.05216923458874034,-0.03097491053839241,-0.040901751951334386,-0.020359113711774235,0.004741974425144013,-0.0005504535065590233,-0.01915575788416013,-0.019383939837370634,-0.013133383409088983,-0.003044593433144449,-0.031014902273669653,-0.04470647262456784
2022-06-14,0.0013527180236807546,0.011267374572798028,-0.00044839218737235953,-0.020723274186636553,-0.022563290193199026,0.016789513553291613,0.0030228482484666586,0.0010087451082110288,0.007100280635594647,-0.005364663753018806,0.01027614995204984,0.014868920121466678,0.01601390132822611,0.004233903101047876,0.019986757070793004
2022-06-15,-0.001753274227715429,-0.012738420132064832,-0.01300727786488265,-0.009804354969203621,-0.02917577360914525,-0.02146625026588922,-0.007722669276754357,-0.004098474448747114,0.0007537336266094652,-0.00333326136007861,0.005671481566989822,0.004452145165158683,7.315060392820705e-05,0.015235820435284264,0.010514614669981714
2022-06-16,-0.03503864472611595,-0.017578225811284542,-0.04044555189950405,-0.04387051918037932,-0.05184964711129114,-0.03509943072975363,-0.010250878460362323,0.004267046459377033,0.001476980674995243,-0.00936395875912166,-0.011071471736043836,-0.01586227210659963,-0.0409030296040811,-0.060288687044407596,-0.04130538865117028
2022-06-17,-0.0013129605649520038,-0.007085670118165299,-0.040492330415298095,-0.010509543263366838,-0.014629147069063708,-0.017488585939717805,0.009973253483056332,-0.013725126215578087,-0.01719550744599918,-0.026024932186670346,-0.03283958921670682,0.010263004953380284,-0.01612645829678383,0.005545074853623211,-0.006742266369985317
2022-06-20,0.0033461168938158092,0.019353983342641046,0.023321642810091525,0.014817777963982426,-0.04984091578995686,-0.02278393844984672,0.0030384177242366306,0.019510218970152593,0.031444543978611295,0.014998573813548743,0.0012299353810345526,0.029841323839588485,-0.004272546181696146,-0.049961348068282896,-0.011589514850171567
2022-06-21,0.001369687049532109,0.025280168722394025,0.02532260748570314,0.02118765805291667,0.0349703709905993,0.01967203317455435,0.021961432139212533,0.000277293387839217,0.015006188000172394,0.015087827189185443,0.028144347286934712,-0.0009182161144298817,0.020907885660882197,0.027165026728556585,0.05561152069353592
2022-06-22,-0.007017525932530022,-0.008724449278561197,-0.03269425252084668,-0.02009804658554415,-0.030553540444148486,-0.016434443036403956,-0.017043281727367576,-0.01158706381079,-0.007479620421881217,-0.009970168881118235,-0.0018155869995191143,-0.005369966979992702,-0.017499450330405786,-0.05278040649353666,-0.034274852378842646
2022-06-23,0.008624318954996824,0.010575656965021496,0.01896654223124239,0.011326489629503333,-0.0003708470630633398,-0.008354649175073336,0.0007537212374815194,0.011991037557146145,0.00229164152983663,0.019275912349998814,0.007979509860146727,0.016566473362288114,0.026989227680823236,0.003818296252434905,0.029904525849479224
2022-06-24,0.008491181876830733,-0.007814262761541735,-0.0007159648881978065,-0.009988857635423232,0.018916874519058657,0.000732766284637254,0.001318366655948644,0.015041665444861296,0.016972265832349676,-0.0003637367144702086,0.003434459324963335,-0.0031424576068682653,0.01666157428381787,0.013728921131714866,0.007658074818050586
2022-06-27,-0.004033252405128529,0.023245857866133868,0.014686690234865019,0.02649816796262905,0.03021485078188535,0.013909324495903208,0.01542230793915822,0.007346790869718678,-0.0029543678288395103,0.013400504571278837,0.0025290737338821145,-0.011436965328769366,0.01899592100681491,0.01758796442840249,0.007124888554039144
2022-06-28,-0.013449219925835698,0.003763889334288839,0.005530604348594537,0.013403533132762435,0.05547681813645,0.0007219972128420515,0.00703831177421077,0.0026298555520734013,-0.007053996548130326,-0.008436557293199698,0.012509931965398069,0.011292693255134267,-0.0040938371566456855,0.01273253626419546,0.004244430228909968
2022-06-29,-0.01578980995653978,-0.011417799671617157,-0.015213557703243619,0.0003918890249223761,0.032139247294093565,0.022727096794814772,0.008092529544079907,0.005467257401728931,-0.008894506690870552,0.012189277953361,-0.002342970835097158,-0.032405192662460336,0.009762865499383322,0.0030720086858622153,-0.0026610835153900725
2022-06-30,0.011355203340327247,-0.0009225532516150547,-0.01117054601748435,-0.020664048051010186,-0.016866268967873355,0.008112815310928445,-0.0020068915568047796,-0.0016600853595628573,0.01828652334491565,-0.009657932117437595,0.006747903071447459,-0.007945024265762046,-0.004143736569010792,-0.01650395481538558,-0.018364327876341124
2022-07-01,0.004003200713436961,0.011970697026071342,0.014301302179776876,0.01070003079145554,-0.135269014529791,-0.01574526196832693,0.039670945805878155,0.018606060433365768,0.03402675567635205,-0.0016251997030105603,-0.0017979772074331324,0.014293382780246722,-0.016789503746690193,0.006689301570889539,0.033418451919693615
2022-07-04,0.0018887066802282249,0.005813217145185456,-0.004028563498160831,-0.010636223021505908,-0.03853505824263104,0.005332482911748926,0.026551777860678305,0.011211041848349312,0.03239069384155524,0.00018091432164735188,-0.007170769236080843,0.00908699390795853,0.01254727010396084,-0.020965881360129446,0.004951212635757596
2022-07-05,-0.004697991445226424,-0.008098265994211595,-0.01594096398656164,0.0032502438078561013,0.011111263982162889,-0.003889512939822093,-0.017129086606725075,-0.0005305817985474803,-0.011849792374116208,0.007716310764096734,0.0091285764150153,0.012546053087604925,0.003739662305535685,0.0065532668792740445,-0.008160086656550103
2022-07-06,0.024924137212133157,0.010637290198520777,0.005923559884739138,0.006678575354867267,-0.0506280915062004,-0.01348974659101232,0.008365186282848436,0.02244345949242077,0.04763978544148184,0.0022733184321257482,-0.0009557660447259142,0.017315424894750464,0.013879720666845285,-0.002325172880204729,0.023284676692596262
2022-07-07,0.01994720300113051,0.0047263068812208875,0.0114168716486851,0.010743597360511892,0.021083211726826923,0.010795447186224383,0.009160293156967425,-0.009989667154086002,-0.00536441396856524,0.014026544575986843,-0.012198268044129268,0.008175453896808627,-0.010303391040439203,0.048767532994220764,0.022148071571190364
2022-07-08,0.0035950961617627897,0.010509113163041928,-0.004039895223078571,0.005633129185113717,-0.016194383034094817,0.023139770961159378,0.0037675630036955177,0.011765901937729417,0.001758432250105857,0.009712170862304026,0.016084659487261677,0.00533817917499535,0.012157995662126941,-0.01566662115154749,0.010388749847206169
2022-07-11,-0.0020060946941763413,-0.0272706519346545,-0.01884988867166071,-0.018460701965453685,0.03292191618917362,0.0076549396256699875,0.006654159883788813,0.0038139669483454597,-0.005645901197781189,-0.0005248142954814572,0.02851792559414279,-0.0007365967958039565,-0.0497735313284694,0.030308121131288113,0.01689192124327854
2022-07-12,-0.012806752547218414,-0.023453235973423525,-0.004985476924571963,-0.010123595260118079,-0.01115545211171931,0.015883858969010234,-0.007796642033244039,-0.01970050020644898,-0.018416961471352633,-0.00659082414543577,-0.0038437241459483573,-0.0009026753404537402,0.003708991940907236,-0.011667889659020991,0.0018777746900040526
2022-07-13,0.013438324070381036,0.004066486033757144,-0.005987905343169064,-0.007319272723915193,0.002820088265377052,0.010197212856716042,0.004612244462589565,0.006868990381653006,0.000134157519984468,0.010039910108867511,0.003992375270417625,-0.015624529661416697,-0.02941187971931314,0.0030483688481641735,0.0018744386518383394
2022-07-14,0.01607301578662823,-0.010799885911269458,-0.012908799597620813,-0.014393396493358579,0.021695553331166906,-0.002018716124493558,-0.010882397418255474,0.006227483528866262,0.01292273333931826,0.02296126362988482,0.016394186565289015,0.00769060599019622,-0.0028748073716919897,0.003481240440759148,0.003165811940154084
2022-07-15,0.009971436386763566,0.0010498233137357094,-0.018931363528009726,-0.002049606221247946,-0.004718659034731121,0.009777234163760529,0.00928303467770819,0.02222918547898689,0.019805737662432987,-0.0017047859169369017,-0.0064257555595608196,0.008632634237119463,0.015818542459361984,-0.026651987327005244,0.01463209867036741
2022-07-18,0.03241597473020219,0.04163308519081421,0.027675360896149748,0.035120322942577165,0.02647157181187776,0.00033396524796924787,0.005961639589969092,-0.0077830581589141135,-0.01921321090176209,0.0050090856993525446,-0.017575914509477042,0.003916827971699455,0.017259900979773146,0.023195312783450772,-0.0012723590120559125
2022-07-19,-0.005797494892374355,-0.0038591150810888264,0.0022236992944624223,-0.00029769122646639,-0.015396434204416165,0.006341835051987044,-0.002370648748480919,-0.013299096235744434,0.0033113071419947904,-0.008495712829598823,-0.004075036343913818,0.018519883910988355,0.014855754599757187,0.01675327410653682,0.018827803374921404
2022-07-20,-0.0039237361666791815,0.020988365577076173,0.0159004319127114,0.03751105430138413,0.0363565996958235,-0.0013264254366959216,0.012220037173695575,0.0130265443405706,0.010785610365832143,-0.008911301087901502,0.0024392752334809753,0.0223993902452162,-0.0033436801569436403,0.009788448741265388,-0.009587537835660576
2022-07-21,-0.014881822965397529,0.011614886643021016,0.004610569094923189,0.016986723741860166,0.00414943707322557,0.0019924531841319926,0.0045270521006861575,0.011970205404504108,0.007104860532163748,0.0024786231950755244,-0.01965799449188821,0.0096830039336262,0.011481291925615755,0.006300902353010729,0.011784644120736099
2022-07-22,0.014745713885743195,-0.017352820902803656,-0.007608772252510776,-0.003921574995673027,-0.004883589162460122,-0.012595383681065053,0.0033383279768781637,0.007908845868121794,0.004137065278348562,0.005576867292886645,0.000549068440162559,-0.005963710756539897,0.0007370806962136989,0.0018730801332933478,-0.0012478363487761213
2022-07-25,-0.017267879170355216,-0.00179237343279115,0.00961424039916503,-0.011130464765766734,-0.02000756760506006,0.007720712701191124,0.0018301250108028189,-0.012186096597451512,0.0037323861277227532,-0.007032586507369154,-0.009820495836175724,0.015659406102621842,-0.0006629492326388764,0.026333989108594524,-0.007774594591062778
2022-07-26,-0.018907767473489545,-0.034883119224553005,-0.02314362548882598,-0.0175965534630268,-0.0123266959242464,-0.0006662576965791311,0.004483389010889738,-0.013224116226055571,-0.020265527646433412,-0.000806177977105027,-0.02737521200693238,-0.019021841528400252,0.008402213036708295,-0.011658274087529286,0.00965425626346672
2022-07-27,-0.004257630864301087,0.013713262633391343,0.003578343417943719,0.00830540345585562,0.0031202877299036924,-0.0019999903092301485,0.005620864467124731,0.0017505490076141772,0.012450192255223591,0.03036954105739631,0.017580671028949002,0.003746786361529031,-0.013448401637730423,0.010426643690448323,0.02175734422853126
2022-07-28,0.042414989677961534,0.03150822082789162,0.02299282636897515,0.030119618004628368,0.012830359851278894,0.0043420733521633,-0.002301486955790799,0.0307680763842757,0.0038396984705399984,0.0009507164640265575,-0.006066104241726045,0.01573102723090747,-0.011927784174042388,0.04596623463844729,0.03621316487435755
2022-07-29,-0.009926123137724452,0.021286277714337,0.018509678940427543,0.010260261658551428,0.029942533195456367,0.017293089946120555,-0.001318290911993203,0.012907933907787994,0.008024475467112824,0.054031296563273656,-0.03983532789457034,0.005202031678960273,0.016645438207736563,0.07224708922257417,0.010340406360529908
2022-08-01,0.025077952568737905,0.0008713548330210319,0.012508906967268585,0.0009056556801190219,0.03168086052077945,0.023210120704665993,0.014684141991064603,-0.005366992508166413,-0.011473166602086526,-0.025975307609338638,0.004914034274148049,0.017995153415638843,0.028891176376217187,0.006041002143558849,-0.004404868202892653
2022-08-02,0.015546309076371223,-0.004803390424168219,0.0013984868706702347,-0.01619644166552714,-0.012283187651834337,0.01948890592722541,0.00796741852227445,0.010573813150625666,-0.017506696824271972,-0.0015784227559363373,-0.006094287936143972,0.008815095485998903,-0.011015990210748505,-0.011547445652818733,-0.012065457409202618
2022-08-03,-0.017775753535166028,0.014576259865747954,0.0064012484952438164,0.01941684039807212,-0.007681032699001666,0.0006265788523509563,-0.0058072467563708985,-0.004774255191460575,-0.004791176285110277,-0.022076739035935433,0.0026680614507723632,-0.0036640782237510328,0.009245823631418126,0.00046732839488750066,-0.011814655054342427
2022-08-04,-0.008400418860664227,0.021582349868993322,0.007285837924917882,0.0032300751073117695,0.004422981075815624,-0.031005174032586846,0.004381055748285512,0.02499758108761152,0.0013394162031217238,0.02396866085145688,0.012608992427934673,0.019895303710188772,0.001659094310887843,0.006071960832069179,-0.012358995360407077
2022-08-05,-0.000898893871599804,0.010469455153221618,0.010332903017245876,0.0020357706999356573,0.0018350391261279242,0.005817682632033749,0.004361707061586673,0.0036020611426359483,-0.023032825714567662,-0.0027762796550375723,0.0021456802530037677,-0.0049363344367143736,0.013466846914958808,-0.0032497248509136822,0.0005440867325234855
2022-08-08,0.005780097791943328,0.0017009804871925827,-0.009431755116732998,-0.0015120048443322265,0.0,0.02442154665717644,0.007399097702321722,-0.013480472168602708,-0.015373809396517779,-0.006059178525678388,0.015997620579873528,0.01217394177432074,0.0009947204127043197,-0.001397335850570891,0.006797171326720086
2022-08-10,-0.008755685435761107,-0.010466814031585003,-0.013078000260623446,-0.0013250820587288326,-0.01978022734963203,-0.004156009397214722,-0.0062271707963647005,0.005930442535673874,0.004502463640451371,0.010215262478357579,0.004723747601885542,0.020282975206020293,0.015475243043340248,0.018656614739680277,-0.004860905788796943
2022-08-11,0.014365852686428537,0.010920754933225307,0.019295620196589036,0.020896674071922083,-0.007473901405374295,-0.013483218826467969,-0.015905960824727616,-0.004547301393238112,-0.0020423279626541335,0.0014678202986169175,0.0035349593181368544,-0.019370587657801197,-0.00761966072974074,-0.000915672990052796,0.01099044021781892
2022-08-12,-0.00663620697984213,-0.015957189072460132,-0.0053596853522706045,-0.010536071148530057,0.04819262891405818,0.0315653946718617,0.007510053308185771,-0.006928645234360098,0.005342927214067039,-0.008251347375148432,0.0005870845662980795,-0.026390177391145797,-0.0001408463446205266,0.03253903044056217,0.0009394795776043185
2022-08-16,0.002796958453408882,0.001474098882249475,0.0022929908284159417,0.011070455666943646,0.005387887286940174,0.0015771959934101076,0.006481786836400882,0.007148300456428558,0.008388616492798207,0.0012588096827141904,0.008683812311997219,0.008497773734078784,-0.007890724032675989,0.0031068526615325442,0.01676056593055031
2022-08-17,-0.0036016235041226308,0.006138634987670644,0.013612423598358792,0.024867777837718874,-0.0021434374513836785,0.017007920301564505,0.0064404007725340495,0.0026596413864661272,0.00399674402303285,0.006778995090672035,0.004211429999483762,-0.010035684938825562,0.026771798714914308,-0.004424773501961798,0.0031649904275536933
2022-08-18,0.03522317531289132,-0.014505733647672492,-0.018056620106171817,0.0005885720229188429,-0.006231621139540677,-0.004026013333947476,0.009918314961026464,-0.009001577012547224,-0.00327916862554567,-0.004398407847803765,-0.021038388863544588,-0.006369639808955663,0.014177986528065345,0.0004444812213213467,0.02313656410322351
2022-08-19,-0.014439343927606152,0.008939024293870057,-0.005976317359787653,-0.0009049433288091935,-0.007008609559190138,-0.01896777109260661,-0.011563366927695995,-0.0059696514924129085,-0.008258673838580588,-0.013570470841996807,-0.004994020730999971,-0.030773633041679016,-0.0012275047265715155,-0.02221224815033418,-0.03970188398927754
2022-08-22,-0.02394787170372259,-0.013430726521404868,-0.02878949114042406,-0.023049491100049502,-0.02005947945350539,-0.00792379687835687,0.007692396054006956,0.0005813195388890691,0.0037950817167131667,-0.02307644357754035,-0.0040556487748686365,-0.026708599674235,-0.006418104391341384,-0.045433985590232484,-0.02381592445151781
2022-08-23,0.012936308658381357,-0.02110212316814608,-0.007976175043148181,-0.011866031882049377,0.014025946899368646,0.013738007384077155,0.004770914543785754,0.008916764874945304,0.0006120100272670737,0.008914882989099926,0.009123661946851769,0.011441306074696955,0.013743875265099792,0.024274085146159363,0.009320122093348537
2022-08-24,0.006385507587871375,-0.003177141408728157,-0.0012000954296577104,0.004737616138497325,0.016822238332339534,0.013551832213066328,-0.005697866411255248,0.002313274225430595,-0.005314342293707086,-0.008329661971034685,-0.0016804490531243665,0.03434079557653602,0.001559026868845681,-0.009758235873844834,0.010456281258215627
2022-08-25,0.0006158799160591588,-0.01258527313824731,-0.002282650780979445,-0.0003267012394485569,0.00404417239295074,-0.011816210120396464,-0.005571480850063759,-0.007340711225365837,-0.0034298360330481392,-0.004199634065205293,0.004705912939162227,-0.009962506820804684,0.003045707167782963,-0.002815654661767697,0.012498395064890255
2022-08-26,0.017819331878841327,0.002239549080334191,0.004937207572567992,0.013964303192719019,0.0007322977714832035,0.028319888836601192,0.0017607493541060837,7.425783995440582e-05,0.0009735611569703373,0.0032487380094179397,-0.003445051367840013,0.01114233469131043,-0.013697794506150163,0.010353007502699185,0.008760268334415011
2022-08-29,-0.027365218943193437,-0.039302075426115635,-0.030916607782759842,-0.0460597412221333,-0.005488389291452456,-0.014993494575314403,0.0020771851832259713,0.006055420995002114,0.015752702425963383,-0.0010226785488742784,-0.0031136906611759496,0.00859964569099092,-0.014024647297085635,-0.023288357416459737,-0.026578992773164334
2022-08-30,0.035378378613568184,0.021344228501353202,0.022752448967086947,0.039157894793666825,0.019867592556289004,0.018949560918375408,0.02216582257702826,0.014226511251718144,0.010815511072678863,0.015695152810539126,0.008289443397145435,0.01679409536998211,0.008326395835002387,0.03290422804119131,0.05433905523314819
2022-09-01,-0.006578064771445513,-0.019257076819199415,-0.007495951231283993,-0.021559414089819096,-0.028138710399235323,-0.020121973188509945,-0.009048613109335468,-0.00968092664571496,-0.0078980300242808,-0.023738840797039806,-0.010117652025693036,-0.010583118551183324,0.011629455476320105,-0.017543914041114883,0.021282031658174994
2022-09-02,0.008408364419021597,-0.007649219347565905,-0.00669990534511955,0.0033242801469084426,-0.014476604655526248,0.0068451661785438045,0.017474773080163875,-0.008673340546940467,-0.0037384709341690137,-0.0026380614463419327,-0.0028914698544937334,0.008229730822923553,-6.79183920693216e-05,-0.008458635939337267,-0.008285195127079037
2022-09-05,0.009927918914031997,0.0057122129643023545,-0.005396304663142337,0.008188276109506454,0.004896514480708936,0.01668720862814843,0.017639200520278342,-0.015443390904817056,-0.011243789084456668,0.017307653599554884,0.005799634614868321,-0.006910255272999932,0.007346905143510218,0.013270045720833679,-0.0022785125997553113
2022-09-06,-0.011455710018014265,-0.004242541005397227,-0.002589367734024295,-0.0012676573828035442,-0.009744952353046732,0.024012282041045108,-0.0051697897231596235,-0.011308507058099493,-0.014688958348189174,0.0035610113346744576,0.005920390153495436,0.031044614141980453,0.028160427400986565,0.015902694084622748,0.002918112786672422
2022-09-07,-0.0038890192111562527,0.0017523710480602528,0.007417446637314251,-0.007379823874098412,0.003027937435323258,-0.006826980938278937,-0.0032094962599734655,0.007215647548479698,0.0163764703517284,0.006758657460539164,0.002382570135079032,-0.008832729356408553,-0.010706216294199766,-0.009208092454720651,0.01049959383912702
2022-09-08,0.011424163842817858,0.012519950703701932,0.013130461672504312,0.03196472868478706,-0.004905680020544589,-0.0029887752202329976,0.011653048273321032,-0.0028963954149090476,0.001295111508578195,0.0006153814715896821,0.0052596329951202225,0.008751291772770786,0.022175152861177327,-0.016263960494922847,-0.0055081985861769045
2022-09-09,-0.0019171035618025245,0.024222660254705763,0.01053779081414663,0.03400320557712955,0.016306323725679528,-0.0011987274514592139,0.0018185015198044496,-0.003790982177284463,-0.00630329763484716,-0.004808198905574046,-0.003874355035154209,0.010317760411507448,-0.005261144356962233,-0.001416979085918424,-0.0007552709900079391
2022-09-12,-0.0012199812036298718,0.016240412707474672,0.011626640065087068,0.020813953704731603,0.0,-0.0012007776212230592,0.0012102827753150969,-0.004359423028851284,0.0,-0.002584262865897524,0.001421726197094575,0.004764085846279631,0.004440196372305083,0.019394448420937183,0.0
2022-09-13,-0.00031174295550173703,0.005695905984799632,0.0015402039960961122,-0.0023042037440090812,-0.0007463046710648458,0.006009677564513316,0.010577340402238011,0.005032121326477457,0.029647795144113642,0.002759907743043577,-0.0019360319741599241,0.0018966648611582482,0.019631945627862635,0.0,0.029856309757156696
2022-09-14,0.016273242136557897,-0.04501758922921306,-0.015024203552463256,-0.02854155336955999,-0.005227748633122364,0.029569872023672783,0.0028409254133330286,0.0023658026025836776,-0.0028475004473245136,-0.007189749780008858,-0.009111328329325041,-0.013919334432835662,-0.0011476014920104305,0.01299302375385758,-0.003791917266361411
2022-09-15,-0.010513110248196011,-0.02887356901865945,-0.003002840266871476,-0.028438157479511394,-0.004504362809227391,0.015955969590431884,-0.003727406502484931,-0.005220082019172678,-0.00679198799468772,-0.010693164167696279,-0.010713920870353832,-0.01936741580837309,0.00223402895927749,-0.01969767873780426,0.009331928280308155
2022-09-16,-0.001990566469985522,-0.03890965093663312,-0.032285128570351485,-0.04598341038658771,-0.010181196806628434,-0.013135408157645023,-0.00838080109457029,-0.03181655622851187,-0.022033888274865743,-0.007148480458310513,-0.02198367097363596,-0.014302634993885621,-0.0069416623873327366,-0.012149439962971464,-0.05328461729082756
2022-09-19,-0.0004143800768410255,0.009621940572093424,0.0007469814167988531,0.006097714386815722,-0.0053332266294428,-0.010416597066125965,0.01297917733116094,0.01961782882887264,-0.012968632069125019,0.007833622994017686,0.005346580638180942,0.006647692371922975,0.003976027557649919,-0.024598046212783164,-0.010151686593192544
2022-09-20,0.005312255208200112,-0.0012586887093744004,0.007339148745979074,0.01601722199243172,0.020298688968354295,0.0052630727110301034,0.0011918903892413901,-0.007918970082915866,0.016215034917749893,0.04240732230281119,0.02850582296442372,0.058295653297691485,0.012008966128495224,0.02618829981346349,0.017655521700513876
2022-09-21,-0.010955041237314722,-0.008138228308766426,-0.0102493755745805,0.003787316149725495,-0.01726723879880976,-0.019197129073367236,0.014732002063806426,0.0017861364383078282,0.03151536082578121,-0.0072920665806393,-0.015002287847224571,0.009968777135695994,-0.015085545928548494,-0.0127600271977798,-0.03112642852071401
2022-09-22,-0.013421957401020923,-0.006752528205569375,-0.006986878080686099,-0.011083174728724332,-0.017188718838120787,0.0002964823735991384,0.012025448623064428,-0.000622127068187539,0.016013192621032957,0.0029823130448718427,0.007139724937626379,0.0008901061867525595,0.0049986464083828785,-0.008137895706896603,0.002501703459820259
2022-09-23,-0.01587633063185756,-0.0018274335918571083,-0.009046453345081362,-0.012686003305422022,-0.00038844706092655557,-0.027868230899368074,0.003912273247486553,-0.007640148080344522,-0.007645174406493482,0.01442737310093234,-0.010328915855260745,-0.04132196444283753,-0.0162606645752279,0.00675683011715722,-0.028237574143813005
2022-09-26,-0.0180920419050542,0.01083879689465217,0.0011411298460481945,-0.0021254451441875544,-0.04004679541281775,-0.032631859005182395,-0.039838077546315076,-0.002303162393651914,-0.0024231890759677244,-0.02214735658228606,-0.0027420819309100786,-0.030723608063422225,-0.021131816207433318,-0.04266545751828088,-0.04838502926645927
2022-09-27,-0.016238489996133865,0.00963598752662942,0.009118549437534096,-0.010068793829114964,0.008100448506107139,0.0025221578725873606,0.006764716076329114,0.011886862523333708,0.009676554971028928,-0.00394140964764933,0.013021327499859625,-0.009281341715211666,0.007350504187155993,-0.02203294050076232,-0.0036925496463349194
2022-09-28,-0.0037235813868989887,0.0008251670729040317,-0.0008786151855624258,0.0070414777104956805,-0.015267296448346124,-0.006603968019204709,-0.029565415622695546,0.009013132624972497,0.0075965353511262546,0.02307293264805832,0.021068492719590548,0.006127645436478035,0.001117648037461283,-0.025089703404753694,-0.005702066229893221
2022-09-29,-0.015229249135589096,0.002832331234514429,-0.013189238493519384,-0.02194797815388394,0.033455865765320114,0.010129827074962794,0.024926868776085742,0.0073350161643916945,0.0029325931245578474,0.01400018917027146,0.021312996467671486,0.028754284699446186,0.004202437279683835,0.017331956993221764,0.0053045773545672414
2022-09-30,0.030533048351614633,0.010581513954278865,0.0036915583267225216,0.0014892937927588612,0.0011842723734309946,0.0006265988887022012,-0.002552242425533313,0.008728094100582062,-0.005550552420326982,0.01928665184737799,-0.005732983371546041,-0.0018900840327067403,0.04609955266581389,0.02529695120904818,0.017398798065176413
2022-10-03,-0.01940410964099426,-0.01393751842400337,0.0006339726086244113,-0.0030733706978353093,0.04416398240306019,0.004384721794890023,-0.023479851247265593,-0.007949921627533718,-0.019281561429595695,-0.004374699938353266,0.019362375270271848,-0.00415193851906015,0.004313043823188645,-0.0095669143837539,-0.02481068310646084
2022-10-04,0.021497829615467312,0.02557838228523379,0.027883410201464898,0.02267517595013624,0.011329346991967748,0.01371989491180381,0.026048187227218467,0.013649985046691349,0.013053959026736228,5.290727134577011e-05,-0.0012896772297744663,0.008980077453139668,0.006659599643498604,0.02846971322630032,0.032341475007165776
2022-10-06,-0.001838426616446065,0.018014681485998052,0.011467304847677884,0.002917451322353326,-0.009335275622391004,0.0021533520949510443,0.011416619702393938,0.0025088251438381004,-0.013252329195813095,0.00989897729881184,-0.0037154494680913253,-0.0031559245953561854,-0.02485477972401262,0.023727107393642255,0.022974054760094953
2022-10-07,0.0035736223093836283,-0.0027145754516412213,-0.004997998252140201,-0.007223964794292326,0.010554238318048803,0.008594275145842767,-0.0075746292941346605,0.0010802483526277662,0.004804031218672344,0.0013103789109767394,-0.004752652254978673,0.0008197812357786383,0.005706356392452427,-0.002414249046707284,0.004219434651069998
2022-10-10,-0.009395241341380145,0.007890144603709182,0.00784108670424466,0.00537199916925446,-0.005968066739585165,-0.0021303124110281235,-0.0187070919804615,-0.010452184792280494,0.003222760090366261,-0.009527334653439024,0.0007654301614419268,-0.0121753272282773,-0.0009456366485043333,-0.0009681342126230952,-0.007183509155640699
2022-10-11,-0.011254000071732273,-0.02656154017929313,-0.016776111816617867,-0.023801592479768874,-0.016135073140519873,-0.01768825094623483,-0.0047277815061935735,-0.03499652206527437,-0.01841831564031704,-0.001374139696382115,-0.022203244967490487,-0.014986196774399385,-0.015207911616358816,-0.027616286045056393,-0.021160449895928912
2022-10-12,0.012472726683356417,0.0034415996380556813,0.008778571911759903,0.010996801877385387,0.0019071062107698378,0.0245264548995503,0.011645566065595414,0.014929523054182159,0.009415492843213524,0.011431524860005648,-0.009713421438793834,0.002689625960974551,-0.0060874370277306245,0.0019931056462265673,0.02329158709064183
2022-10-13,-0.004806138006731686,-0.006159314902984603,-0.07071954804876612,-0.0029038804363669124,-0.011419909692674146,-0.0015152698554118382,-0.0043924519178570876,0.0020426285383277065,0.005740135317255701,0.013447895774892249,0.003183105979174261,-0.004898526492927435,-0.008574495587824194,-0.004475421330668361,-0.01172147870988649
2022-10-14,0.01804060911545502,0.03827728173762779,-0.004748135726737157,0.006811849627163857,-0.017327930009033543,0.0021244940748319507,0.010497645460956662,0.008759017430893579,0.0030783097940487725,0.00815769006435585,0.013197427808351758,0.007290010567026828,-0.0038365862193701084,0.0,-0.010619145408606201
2022-10-17,0.013168002572188309,0.010649368281204108,-0.005830836565965392,0.0033337535783635186,0.0015675488817878946,0.020290776181323134,0.0004514746521682156,-0.00041472680731369227,-0.004886538275027941,0.003789822987868785,0.005660158762093026,-0.0014658973825886212,6.517841790532053e-05,-0.005494540512110402,0.0019514207504152115
2022-10-18,0.0008342057700965189,0.009228405882678592,0.011196804113029035,-0.003762467719911733,0.007042293583145787,-0.008904810335321423,0.02422862198565645,0.024719607628445495,-0.002871999717422802,-0.0016836648723277392,0.004924863347003372,0.017513868361913598,0.022389094397100795,0.011049710246870736,0.017390136359745734
2022-10-19,0.005188870500177245,-0.012136719585271405,-0.0032953265247709362,-0.0001962542380085086,-0.006993046496675648,-0.017370404896534852,0.017778771356359968,0.018117089623257865,0.00043801813029120673,-0.0014820678219903405,-0.009101249131124423,0.005210832861620274,0.00031913660445415104,-0.005961244653974185,0.012717068460174064
2022-10-20,-0.0031026806951238717,0.01040101929841053,0.009125752619095095,0.022027091966278167,0.014084512313571773,0.017677469702819026,0.009672070655849074,0.016312725714671128,0.005745027064722796,0.0035315377492777245,0.007447424744974063,-0.015095634476524844,0.01212669715257042,0.008495699838517945,0.008371555235939132
2022-10-21,0.020981475961515894,-0.00026643449283469955,0.0027523503752520107,-0.0004799877638339556,0.015046357209188788,-0.011380729342209683,-0.011724237102055501,0.01165698347859112,0.0006727445420600109,-0.002703031901753472,-0.004196310413862481,0.015396319043064377,0.005738372516790102,-0.006937470669240886,-0.009641100571623373
2022-10-24,-0.0036001302545112246,0.011562710741124471,0.005620160149834019,0.006723257027512641,0.009501966138424134,0.011511741354826466,0.006076311398023115,0.028583263275544724,0.0,0.009512100519408984,0.0107832427067025,0.004807403590460613,0.005831075951220788,0.009980027379103085,0.0
2022-10-25,-0.025952142662178157,0.0055673302626313426,-0.00012992494878028005,0.032772235721798326,-0.015436555565016108,0.014375770524661657,-0.004026337710589689,-0.028390207382190114,-0.020987665032174196,0.004609817688353779,0.014814338707505925,-0.0013831209108228215,0.00024935598734177056,0.0,-0.0001351484751899168
2022-10-27,0.009964231093043896,0.009371766085473965,-0.005199565197948397,-0.006143221773365792,0.008030466606984366,0.0076762064969930766,-0.0014437757017841113,-0.007353681554393199,0.01136513187505317,0.020271463382297794,0.010996448447117002,0.006312350742638806,0.01844695832500909,0.029644148944950155,0.037187238109102516
2022-10-28,0.010321778488947997,-0.0070211834745609325,0.0015679707270637167,-0.025003614562536636,0.01441575042815546,0.019923886366239207,0.0,0.007410567931791068,0.005964826072248464,-0.021400832601804143,-0.006957966867528698,0.030495175874807767,-0.0003059537474364715,-0.024951906655410028,0.002868367014404516
2022-10-31,0.009393677209966311,0.01612424357935427,0.008610510863324539,0.013775742039372707,0.0026179272890354266,-0.005458140404247747,0.008386369865099441,0.009966536552714844,-0.0029514231227046883,0.02717167284406563,-0.005885779170421324,-0.010838635152925491,0.018546810567767524,-0.0004921666843059613,0.0023400438819756175
2022-11-01,0.0038116928296660912,0.02298954662851016,0.015133859565484853,0.007052950718647866,0.00820564574974525,0.05025986792867032,0.0022942263735583612,0.011125495247419348,0.005694826867591374,0.019372749587185822,0.02291540671703962,-0.0013613982412177261,0.004266950327949326,-0.003446532579094219,0.01076523000131191
2022-11-02,0.000392940372081485,-0.012523732911288166,0.003950156825246909,0.01036507346029758,0.009619053025439417,-0.004675366060335362,0.014735302649595328,-0.009839902306587045,-0.016908599335464625,0.014808038798203249,0.004486987776897822,-0.02842833533645628,-0.030758234929931905,0.0004940290582982065,-0.011548824092565524
2022-11-03,-0.005131183951660234,-0.014517384995524352,-0.013834251961429511,-0.026940924553140566,-0.0003664522660343783,-0.0154741575188726,-0.0026787125385770993,0.0017707262130899348,0.008082788977221922,-0.007367445924951976,0.007518200242697448,0.002715070827763233,0.010866201412088383,0.0074074399554897585,-0.00103858901317333
2022-11-04,-0.0001051379283745213,-0.010942522110946262,0.005276607222954199,0.0007598107879991378,0.010630520540351629,-0.006735757270654008,-0.00028277656713004973,9.064437026395922e-05,0.013358862001700667,-0.004117837502801924,-0.014118011663411645,-0.007372161345023276,-0.002748370137838352,0.026960792180244386,0.006627622092609364
2022-11-07,-0.009131822044666005,-0.004326152000648786,0.002432614189981308,-0.00014225687851798785,0.0050779506436577915,-0.006216451695238878,-0.00028285655233495355,0.0026901357361832634,0.0880738338917244,-0.011106902018628406,-0.008762179059841224,0.0002750457372435733,0.007716783385030013,0.01861568859969287,0.027110846546342104
2022-11-09,0.0057368077284551955,0.002487518656840937,-0.0014048578661859379,-0.006566967882913777,0.0007217268860630899,-0.013932356225477949,0.020367566708805684,-0.00782930880096211,0.008721294707926042,-0.014391942096025123,0.011024482278926273,-0.0005957497154438496,-0.004436625877838329,-0.005623236100864237,-0.001885329605504471
2022-11-10,0.009902729896889895,-0.006121032037045282,-0.0052437088439422075,-0.0073879595841868095,0.008654890435346285,-0.007497115533660281,-0.013030016649625109,-0.007116218835671706,-0.009747734104664674,-0.0028611929141021397,0.0032084423529867845,-0.017368867686001765,0.00818020761009497,-0.013195083304139654,-0.014859618542597985
2022-11-11,-0.0068247538870988,0.045374515506463986,0.027770661304645117,0.03682312164296819,0.00429038143161331,-0.003776873423240179,0.0009831681365928269,0.0072960249434255164,-0.008706872571358604,0.002869402829144496,-0.002197983378658952,0.03172353916529258,0.0013926748368426889,0.027220637723658347,0.02403164931181534
2022-11-14,0.012479658128186966,0.009680879146461319,-0.007880990326032289,0.006281242318260327,-0.008544037281189465,0.0,-0.025677030718892824,-0.012660843061801152,0.001293208326777373,0.003305106400337765,-0.0387272053496176,0.030601075571195624,-0.006046554510769964,0.010692649109104613,0.014854628577964268
2022-11-15,-0.005408750117116057,0.005487872452920151,0.001513009857753822,0.0015017915249804226,0.022262369257648018,0.0037911922765920814,-0.005616363937233193,-0.0004809172600350742,0.008625785027501998,-0.0008358241866928129,0.016053061920532796,0.012124973176875109,0.016242710928936033,-0.0013799045920575015,-0.0025829710966946973
2022-11-16,0.02797530438195861,0.005520792074477976,0.0027697441722223104,-9.360051839490957e-05,0.0038634314286953853,-0.012492727580005969,-0.003330826259804409,0.002111613074741614,-0.0018964213551929676,0.002558876503485852,0.010668307669346122,-0.028773159435204976,0.007123633312271727,-0.018424589669148617,-0.010358873912625577
2022-11-17,-0.007808169093261319,-0.009608255640752406,-0.003766461449088432,-0.007779871146246231,0.0020994716577351635,-0.009708598187760265,-0.0011626628458137889,-0.005319047518634323,-0.0015249364040186286,-0.00520292730027172,-0.013322927083579517,-0.01762561626295056,0.0058844929152659375,-0.006569834616922066,0.0041120622274364305
2022-11-18,0.004613987758339544,0.003779865758014145,-0.007309278059134394,0.0021726201329033135,-0.010125719083308948,-0.014557365061839578,-0.007710048594559038,-0.00329640295696898,-0.004642218486757388,-0.0037005100662472756,-0.0027707222714111746,-0.000261359901558178,-0.010459188095823913,-0.0033064431390352755,-0.00620493465922034
2022-11-21,-0.007884330910454929,-0.015815313769967476,-0.013203147919652936,-0.01720323800977519,0.0033332815938635907,-0.00874301096602903,-0.011288811994511705,-0.008200728555993075,0.0034095906339461912,-0.0063887215999239855,-0.013426995292219468,0.0044781645718747765,0.016600964665280715,-0.011848445497222304,-0.014235856104041877
2022-11-22,-0.002237557254990752,0.010744852438313579,0.0003860688058703321,0.0077212276149123404,-0.0018456709666405668,0.016119243964462626,0.009045124596867904,-0.007499451020075321,0.009113983117199131,0.0069281927301387825,0.002908216541878117,0.011530085701277448,-0.004229353684879089,0.009112739452580287,-0.01013411835032918
2022-11-23,0.007011248523597136,-0.0011986533765873109,-0.00012855485876539507,-0.006281711726894734,0.009615302974127271,0.00598629360749503,-0.0013225246614634312,-0.0024674687907992876,-0.0005892318579062694,0.00747449216621332,0.009891223829949114,0.03029236233693311,-0.005132075785613255,0.002376542700090578,0.0023035086675127214
2022-11-24,-0.004351569791126275,0.029466498523248008,0.02443715769250865,0.02418455049689827,0.021611655380477712,0.008628351912846277,0.0027957784528249707,0.008706694164493989,0.008676074992236549,0.017147409343650333,0.001861224389940741,0.04556778678405671,0.006048021936229997,0.00047411794440099797,0.001404357116654209
2022-11-25,-0.008458161309726098,0.0035893359177887607,0.011425054884302233,0.010146760876801109,0.007888402835257047,0.001475041644257269,-0.0013208008514020708,-0.010443077934365497,-0.001789565119231895,-0.0012075230339153586,0.0009628499905411925,-0.00531655838747469,-0.001768175541457806,0.006634903511878454,0.011347834542071444
2022-11-28,-0.00012959650168953285,-0.007489364447375246,0.007075488742353642,-0.0027311597919559283,-0.006759314135358352,0.0038291595873924944,-0.0007343988558838888,0.014649647097592755,0.0070152756704955355,0.0008704554264993281,-0.0036440913135458164,-0.014114345823320829,-0.011159006946733996,-0.012240882985736223,-0.00353003613489844
2022-11-29,-0.0013486144497358854,0.003480354800184049,-0.001232638399050967,-0.0024598722146788043,0.004656284228146568,-0.0014673504071832655,0.006616729088639195,0.015429956392835953,0.01716097310478104,0.014592866119826908,0.011665021533825648,-0.0005611327941454913,-0.0018509889608254726,0.011439371491138495,-0.0067055362628678505
2022-11-30,0.011165698297065596,0.0036217899383539365,0.0043193955589519994,0.002279997208010087,0.006060576533316597,0.0120483382479879,-0.006719386830450813,0.003113573152163429,0.01795642977410017,-0.003619573591845282,0.007589873564489702,0.0015256780282806304,0.015433477515902183,0.014608960903210733,0.02572917163157662
2022-12-01,-0.00654847545176096,0.013547691301703413,0.016711766296390707,0.022748297782215765,-0.007441608737231653,0.0,-0.001323497066333279,-0.006656298510363867,0.008928891738806177,0.0003824109860832703,-0.0028526061548924675,0.010430593148280654,-0.00017683064593776443,0.02879691237637494,0.02495982083737225
2022-12-02,-0.001809213537847465,-0.01158640390748078,-0.0031423699898388557,0.012029148109989007,0.006069297116091832,-0.0002902841481486895,-0.007068150590911371,-0.014878087724841893,0.0071911613601380875,-0.006163565461635656,0.008057176401534472,0.02004969065556672,5.8978702530909644e-05,0.011286706352890752,-0.004725034187385346
2022-12-05,0.003961993953222498,0.0011295076633421886,-0.00012119817915579034,-0.01345603418647967,0.020227185494558597,0.017426544626442997,-0.0011863012398574124,5.0687180691566525e-05,-0.006666144519441364,-0.0005770752467950668,-0.0068731215045927385,-0.019111498704436514,-0.005361478436914702,0.034374996252597656,0.015824707855772058
2022-12-06,-0.0016508677337933042,-0.016374517401412936,-0.0024250596016757164,-0.009956687786705332,-0.009043527398419293,0.00028549193022398,0.0016331701296967704,0.00804452794093602,0.004769226333482202,-0.005628207159559806,-0.023485308173892272,0.0020298877234816715,-0.012735417005551142,-0.025032411973225255,-0.00683051927644851
2022-12-07,-0.012298117218457416,-0.004587891921076226,-0.012276844500031081,-0.009873376150871471,-0.012636199994179975,-0.01912085247497375,0.008301291885332018,-1.2617827728766962e-05,-0.00696164792342302,-0.015287060654691986,-0.0029033444797846863,-0.012666793258314435,0.0007799983788121523,-0.01549352622436695,-0.014237404536852627
2022-12-08,-0.007559749792792059,0.009124824052709313,-0.006399042561636148,-0.0036176759614345855,0.014219929406571907,-0.008728630816086103,-0.004998889715023935,-0.0052984711524459716,0.00030736630597716363,-0.036305703829927705,-0.0012152069253289488,-0.004844111389816774,-0.001678727781144418,0.005845354424669491,-0.008690275068334308
2022-12-09,-0.004717967783911314,-0.03138594211542234,-0.023903946984708546,-0.03616813938037955,-0.013669735950318507,-0.004989817928758078,0.0088654336853069,0.022034383039965633,0.0035040311450569295,0.012285920650069615,0.011684452671719914,-0.004123924205659879,0.0027625096850405484,-0.01251682307160673,-0.006667503993926349
2022-12-12,-0.011811121453175755,-0.014082730092892182,0.005836751116416128,-0.0030908960274721453,0.011726959879623022,-0.0035398996010025385,0.0052723871910764775,0.012133391329890886,0.005044997495537107,-0.005489185204640035,0.01024492030314672,0.012209032389381758,-0.007785352064587192,0.011317438830016124,0.001118683520808128
2022-12-13,0.0014740880015251534,0.016125763376658275,0.0035323046384907464,0.013225450762372581,0.014049978562622467,0.001776237502929101,0.006993087547681354,-0.004834688665113274,-0.001353559330276921,0.007342419286854307,0.0013251321982985509,-0.013379658223313329,0.011648901325219008,-0.004476345169303175,-0.0058355381137108475
2022-12-14,0.002515340755888884,0.004611666986404694,0.005782455748162718,0.018503434119885087,0.02251455809681624,0.014184403568453963,-0.0005787014145524072,-0.015930688804679627,-0.003806528695415201,0.005630162081698753,0.010407883822122432,-0.0027142457020574717,-0.010560279954804241,0.01663670829737618,0.017110032425711852
2022-12-15,-0.005338420255843412,-0.02462973307306915,-0.012123286306334857,-0.03976148576977345,-0.001016120967158085,0.002913783070591869,-0.018963472242190194,-0.016231146194025436,0.012642588120545417,0.0019495199235863847,-0.007903066769127887,-0.004982696385133267,-0.0034370220189585687,-0.01857582863485674,-0.018418540501169978
2022-12-16,-0.012156678804336685,-0.01187911192304425,-0.0137907442202434,-0.0019065746201003542,-0.001695525280108301,-0.013364283397907406,-0.011066935688231583,4.3135751875533757e-05,-0.004646734671473474,-0.008531204773718604,-0.03576903448685409,-0.016746023882432515,-0.004356462768291602,0.000901305769855032,-0.015136452255564259
2022-12-19,0.009562482261888272,-0.009755751563508164,-0.0017958905847720308,0.005779700419635381,-0.009510845009854552,0.011778584098016465,0.016114750101907216,0.017374537106171095,0.018403925200695115,-0.005736344503089463,0.02017825609527857,0.009923026455493256,0.02145241277472909,0.0067537439142189015,0.00749410243898363
2022-12-20,-0.005946789718756285,-3.3017564532444865e-05,-0.00025694449463264935,-0.00852242775129497,0.00034299265811998936,-0.011932424142604425,-0.0010280316026941572,0.0026839802495750575,-0.003855160007171121,0.0004047074440174381,-0.0059827373640946035,-0.0029931474929686397,-0.013624421135333242,-0.007602890090820047,-0.018280498809730594
2022-12-21,-0.017595148963982732,0.0014927860103388646,0.0014138981124183214,0.007957319677472485,-0.016112628927173356,-0.010603957351712379,-0.014699339444869564,0.008872470827192114,-0.02000431885963716,0.017453382832460562,0.00865042810097072,0.03688560720932932,-0.018034806789781643,-0.01397027726141653,-0.022858478808044702
2022-12-22,0.006309785295947723,0.008280463625971679,-0.001925451923235344,-0.00994120811772059,-0.008710729941150963,-0.012206058930912422,-0.008056227455996212,-0.00037408407491179574,-0.006200668769245521,0.005021920571359528,-0.013227330996129494,0.003252102065653961,0.003194082899363293,-0.015996285690039302,-0.006834143515686897
2022-12-23,-0.0022450983404962432,-0.016392311951107796,-0.028553058799243636,-0.019786318149299542,-0.01722331482361883,-0.017480243318191202,-0.017295794947072562,-0.008561351845541965,-0.013560438453036006,-0.009004139645358622,-0.008921009151609427,-0.01705475824348579,-0.009735532214002696,-0.0501625773011225,-0.05518063051481681
2022-12-26,-0.004610539898867394,0.003540172823215171,0.007546600302855477,0.005272365667488232,0.01072964352151895,0.016257688842129303,0.024181168197399572,-0.011684926110026028,0.010030367794108708,-0.0014976939413613444,-0.014349004178208724,-0.0034253973184698028,0.0029061420969502816,0.02689479025549346,0.0385154469485387
2022-12-27,0.004052866236814889,0.008286745262389594,0.016031545653018453,0.008541426039801348,0.024770125436769375,-0.002716475760666026,-0.004333488221710646,-0.006106228635071043,-0.0013941127486760685,0.00010000025364687026,0.0005297226157634505,-0.008593138239965659,0.00468545999893033,0.05857147825127629,0.0013486174947354712
2022-12-28,-0.00043936028199886845,-0.0031026470433785924,0.0031039864111501725,0.006636642980407004,-0.006215687221993171,0.003934520517505424,0.0037521321453208856,0.0034182169694854103,0.0038219354067416944,-0.005149212787567858,0.0004468895733873435,-0.011875873835621054,-0.013500196869983605,-0.010346403635409063,0.0024242761103034915
2022-12-29,-0.0007417147805518498,0.0049002300730955906,0.007607024724515021,-0.003001228106920939,0.0052122524336792875,0.005426604675238034,0.0028409254133330286,-0.0017939896742005246,-0.008584306584133339,0.005577831843646797,0.0018459206259286987,-0.013991067393836154,0.021087303436568172,0.015909109639907992,0.0034931975822820593
2022-12-30,0.004673531813087495,-0.006161368334342776,0.0051183951627602475,0.0031583827502177364,0.014517699875033374,-0.0017991391339694518,-0.01133150967951202,-0.010197920289952589,-0.009394230428900086,0.000849672490107034,-0.005410043132090481,-0.010354734419651734,-0.017849494334000404,0.008053756409060364,0.00415042894947204
2023-01-02,-0.0012039161004395726,0.010476086576277188,0.0007639085469237639,-0.006788696516207948,0.02521292679803011,0.009312119311987832,0.003921017545564398,-0.002267203878528856,-0.0035521918787536633,-0.004393952347027663,-0.0005898853952790439,-0.005192515167525946,0.009179998780102894,0.05858847220106811,0.013733407901945105
2023-01-03,0.004273811590041365,-0.0009514204520866265,0.01017671867519021,0.01416544447731427,-0.005982081852411891,-0.002380835191365782,-0.005257630440885452,0.008473269073596024,-0.01171891577074946,0.012136347191401775,0.0007791112656854171,0.00820540722030172,0.005039892344030239,-0.006708657515308358,-0.00026302081690665613
2023-01-04,-0.006601809106497991,-0.018226027281033175,-0.018511571262888604,-0.0034186538763562035,-0.022066099485569923,-0.00596654600860913,-0.012382972611989618,-0.010513256092130607,-0.0016148814890284413,-0.0049548567273750566,0.0035744980451999364,-0.012826011071758958,-0.007093847799511943,-0.022794401375100803,-0.021576120890899664
2023-01-05,-0.0002472342145880546,-0.013112045002159123,-0.007184992985281968,-0.008477938168453325,0.001709312686110298,0.019807633019855775,0.01972466438952858,0.013119924970311336,0.018465171273343906,0.012050594218390165,0.010344466643640082,-0.0009586087013836453,-0.0057897308238140655,0.0069115113340663115,0.0024202794368903824
2023-01-06,-0.018403457485540287,-0.01809923510726752,-0.012664690998810069,-0.025206243206415624,0.0058020819535213874,-0.005297248430917723,0.004798412917032868,0.005524454575441373,0.01063011538034564,-0.007380512700697284,-0.005991907698447596,-0.009392569415647145,-0.013752860515425569,-0.007722070011427773,-0.008048204070784215
2023-01-09,0.014047512993235145,0.024818843079697173,0.025654458785151046,0.02950867924044709,0.005429350980759251,0.008284169675628839,0.008953962455906073,0.010080199911777443,0.0012044831213660068,0.00807978593722436,0.0145725180056,0.004615431692375882,0.029397037803207793,0.016428933149292835,0.011359041012439786
2023-01-10,-0.009023699958147335,-0.009902804031106771,0.003190444791349112,-0.012410745001229628,0.0080996487405387,-0.014378061048791801,-0.013755388355032538,-0.003074350111913149,-0.008581057390021574,-0.004917217351521508,-0.010452273498349096,0.013374390894771215,-0.032401834687718734,0.011059109956912172,-0.002406772070205343
2023-01-11,0.0035086613726782456,0.0010206781699588774,0.0020353100712922068,0.0036901104587585554,-0.017073662764796604,-0.011312866091538809,-0.004799131867465722,-0.013266568747357987,-0.002900499403037382,0.015960857443594323,-0.006248944324013794,-0.0237426312256791,-0.034432805556281254,0.0,-0.002546549657379993
2023-01-12,-0.012403986382359067,0.006355080792773693,0.0016502885044291649,-0.0047696512477473085,-0.0044280954869918565,-0.000602275353338233,-0.005876927935474008,0.0058177480231556,-0.003488357916992979,0.004717931179682555,0.01142689987198553,-0.00019503130858089524,-0.011298864957359434,-0.0063104322752404185,0.00752484029121514
2023-01-13,0.0004495820214063251,0.015567916030164941,-0.0015207882709215026,0.001597526142131711,0.005473992985269849,0.011148194796438249,-0.003334891826602626,-0.004473302787280975,0.008571196460004593,-0.0012101536496048615,0.0022734723040949145,-0.005550702408172459,0.009776549671953738,0.019898330197776426,0.00573468473499128
2023-01-16,0.0025277409035862064,0.014531463268594447,0.01193189571810005,0.031201661105183298,0.004423142116635637,-0.011025282796141012,0.00441060081679967,-0.002463989826702373,-0.006111415923693464,0.0037318630460112523,0.0013077006978270411,-0.009433579910488987,-0.006738085002684802,-0.004151094978920855,-0.008752054250368402
2023-01-17,0.00719969796162756,0.009177353270071631,-0.005644813746457533,0.011213920952918954,0.0016938641465649162,0.010545351857895957,0.006208306282560194,0.01064809230841246,0.012170411980740425,-0.0026557144804695287,0.0059407030575528985,0.006566242946391743,0.00862804026009667,-0.005002078075889926,0.004414791137392848
2023-01-18,0.0008065867011193273,0.0038324626697254782,0.017282871218519125,0.0021985165282703,0.009469032094550522,0.010435409112525607,0.007223337178440259,-0.006136561278777375,0.007255785906262302,0.007165690410021686,0.0028954268168002173,0.003920987422011191,0.014169959265395882,0.025973994004719225,0.0026637406674943076
2023-01-19,-0.017675553275036893,-0.004206134187664912,0.0004959364387513432,0.004721784243483906,0.01675034115322771,-0.00442612971670342,-0.007470187701990927,-0.007175864036233381,-0.004847871266278725,0.0004328258700492249,-0.007366527059859629,-0.00498866171887391,-0.0058591925918624055,0.00898331624791271,-0.002656664003548137
2023-01-20,-0.0024897705470702247,-0.008675157470671602,-0.000619838759922331,-0.006455860726654827,-0.0009883324894103263,0.0,0.007376016666229113,-0.02444229411741572,-0.012224407001507176,-0.009802656092708362,0.004247274919597865,-0.007619041305022778,-0.00977981771229397,-0.0048563953057811915,-0.016249381194880064
2023-01-23,0.011827293390036298,0.014716212916991323,0.00954982905503221,0.01796471796258481,0.004946971960608337,-0.010966163975332122,0.009414106738704575,0.008700543144560369,0.004376194991831284,0.018391943852465564,-0.002930616556554022,0.01171459305599587,0.010792177999495278,-0.007726674809830358,0.0006769990181634267
2023-01-24,-0.013174595929863475,0.00251942427716223,0.0014779822100845497,0.004975022053397282,-0.001312746480081839,-0.0047947952399468585,0.0035532386313539277,-0.003944873711562602,0.013416681429941901,-0.008196188291076711,-0.019618078465813205,-0.007023489999743893,0.0038177184077039517,-0.013114806660686207,-0.012582860050612488
2023-01-25,-0.0059366159956163456,-0.005734961552686713,-0.01242018217316787,-0.01816735414115833,0.001972007469832393,-0.000903413030007405,0.0008850281984873476,-0.002861382394598544,-0.0017970584116479005,-0.0006243382858117652,-0.012180350165727605,-0.01873390390140417,0.001095880982552755,0.004983452516996056,-0.03521530170444065
2023-01-27,-0.020973788153576534,-0.015456968163015006,-0.008716271790165875,-0.020025789224902724,-0.03148577789246676,0.0024111774485977566,0.019896778836655526,-0.0009956701475543062,-0.0017661654146881034,0.003220771466926786,0.02691065910880397,0.004687069138768374,-0.002575768496381192,-0.0028925930581651382,0.011078097053085267
2023-01-30,0.0076760050334458985,0.01293490468445202,0.010551595331513397,0.005824669163512208,-0.01862514475065491,0.015333810345278254,-0.003468194389316226,-0.0026253677479251003,0.006015539611648135,0.007954756517012163,0.0034306894475795158,-0.0015197904205753732,-0.005551837676072147,-0.015748012321948,-0.00786634308031009
2023-01-31,0.0027517477977223592,-0.0032819051256449683,-0.008452626327141943,-0.020364806078855047,0.0,0.013621515758277303,0.021896691712613103,-0.007729802178581213,-0.02023034688439751,-0.016354309546613433,-0.0010741973539611926,0.004294573423100356,0.00012980100231230196,0.007999954759783323,0.008211843090747184
2023-02-01,0.00791443194725816,0.011312284591557198,0.008900698206557145,0.008620733990249096,-0.00448584523899942,-0.0067191821544300145,0.025684666839338677,0.003791225903768014,0.012356457137905341,-0.018946302962219108,0.006324950786374517,0.0015862252050107273,-0.0015578185146742918,0.01963242602776827,-0.019800525492593923
2023-02-02,0.0097725162447595,0.021049471860820512,0.01751995249793792,-0.006935191949568487,-0.005545967009549013,-0.018235220207949876,0.04759271465053461,-0.00708494886390032,0.046237097610965616,-0.007193016504360661,0.00427437476900594,-0.007307636815695684,0.011246874037941224,-0.017206042379851127,0.01575939987748165
2023-02-03,0.010529245423659184,0.00988172513210217,-0.0037856332582557606,-0.005262479099626516,0.005925317349914305,0.017829538671953804,0.005414640149376648,0.002622126179496531,0.012201871165101963,0.020395221453612944,-0.002688756599559583,0.0047500707168206535,0.01947929899519485,0.003334718717259877,-0.002820962721282516
2023-02-06,-0.018704731511389405,-0.01847577237232212,-0.007967710761736524,-0.005883573447886481,-0.0055439829232522,0.003020219790280887,0.007224674957087451,0.0009050952603413265,-0.0006914034460013818,-0.0046687007450035845,-0.0020190925959487904,0.01625292979849302,-0.004603370024469089,-0.024096425878405547,0.001131487970498668
2023-02-07,0.016256459444025095,-0.004745668398467018,-0.010255707706703698,-0.0028844223838282446,0.008014130580254797,-0.004817780916975711,-0.026473766433713464,-0.002287041178414939,-0.004064133500926492,-0.016563219486283476,0.020852718276592075,-0.0011805369283923728,-0.004244575210653356,-0.051085579554075666,0.009183428567964391
2023-02-08,-0.0055760153960480174,0.01798509745039234,0.015605417994293491,0.008578813083306658,-0.0051852257282579695,0.0015130015497502036,0.006162213990010601,0.0008905707809878649,-0.0026158305045318464,0.014115479459952729,0.010708880286866673,0.01752951685345705,-0.013742225234199212,0.0,0.008819724945788199
2023-02-09,0.0030585251775787636,0.016661491325775213,0.003810762780463106,0.004895981952460771,0.015983645660536894,0.0030210317439289813,-0.0034616248120136195,0.0002841679570233513,0.009260676314816196,-0.00612050036445011,-6.681390860319159e-05,-0.0004443282449337893,-0.010901690261099328,-0.0017944492806912793,-0.00999163787708035
2023-02-10,0.0006494233975622432,-0.005225721201412181,-0.0061229355306926525,0.0013286638781895288,0.0034198566176553147,-0.00602416424003871,-0.007748947909279713,0.0012395258695012679,-0.0031592497899197713,-0.00019867957479569043,0.0026963343035613097,0.006140258054344594,0.00691319715516614,-0.022022482219238748,0.013456755626213068
2023-02-13,0.0009874761923756026,-0.025551109319692067,-0.012814244279724107,-0.014596719758454668,0.009884211587312342,0.017272647227713822,0.007674645571863259,0.00015514077224221268,-0.007506483804836539,0.008593379854102245,0.0055782922473643914,-0.013043148792709625,-0.0043396991170217,-0.0004595196800335488,-0.009958556853689848
2023-02-14,-0.0019449985997255226,0.016460076019898295,0.011233175750593682,0.009526264902281145,0.002024819941014222,-0.010723785794791496,0.032736551273617964,0.0029484178262573213,0.002582754716235147,-0.008372300409873468,0.003027808892596795,-0.020602396731519756,0.008586911445177092,0.00459761810592707,-0.011036486435497816
2023-02-15,0.008557627670274792,0.002385053765487477,0.0056775200231529155,0.05864343548722606,-0.00639948447676697,-0.001505413289609514,0.005210477555402715,0.009330242690303692,-0.0024783160023577055,-0.011273843043606901,-0.004087370945430546,0.0513135311211208,0.013158044336913255,0.00961101095292749,0.01991791118883479
2023-02-16,0.0013721215202133763,0.002974287382642382,0.006136624515525435,0.054928125032454256,0.0569490726011006,0.00964998940619921,0.0009157481285562152,0.019100912047370633,-0.00358503208447869,-0.00025116208307462973,-0.00012172756649675431,0.03459279005532756,-0.0012096456798631472,0.015412492565670455,0.02963990408629602
2023-02-17,-0.016051864566744678,-0.011237314291137723,-0.008782713494603023,-0.0009292214156397804,0.004490339091371087,0.0038829840232550428,0.0022218978668184786,-0.030951851497513894,-0.008475493573561144,-0.010701927078032969,-0.0019802549934483382,-0.006126980816350325,-0.00975212558313443,0.0022321776544498295,-0.019235932516859622
2023-02-20,-0.01247688195344343,0.005461387662964778,0.0018459308428495635,0.013283844738525952,-0.01117514160186528,-0.0008925769597775135,0.0016953928663603346,-0.010422441031601615,-0.01752614947912512,-0.00010158993036002428,-0.00788192732132631,-0.0008885175234331077,0.0030253797183827924,0.0008907927165282548,0.00013718134655649195
2023-02-21,-0.004086806062395754,-0.00813221399365871,-0.010563761059514953,-0.008521255385962934,-0.0048435569466834805,0.03186414560001549,-0.004686834901780013,0.00136262659184605,0.011125395023078521,-0.013002850114052555,0.002536361824785782,-0.02354369041172799,-0.00012847159125473073,0.0071207464343781,-0.019473444728346334
2023-02-22,-0.017136783227689634,-0.011205966322181626,-0.018870264962050576,-0.00771290715746864,-0.0032443599714229165,-0.015872981004742437,0.004185661420665676,-0.009260509011262963,-0.00418566710212942,-0.0031392107623271492,-0.0021063551876792097,-0.011761361325276831,-0.008856789670720566,-0.01767570302836652,-0.024894961487496814
2023-02-23,0.0038811133485794347,-0.007107175923870224,-0.0030367947694245334,0.0027536589660699384,0.0068357118284161356,-0.005278603531756576,0.009769303480179348,-0.0014003988248880717,-0.007358681469231132,0.004078267699321847,-0.00605370725616905,-0.0002360830537520009,-0.011914958287699062,0.008097231423221052,-0.016351223524647795
2023-02-24,-0.005769839413740319,-3.226993095728492e-05,-0.0016500038529964067,-0.008681746196757989,0.02887518243384868,0.008254810403466983,-0.0064497958377479625,0.0017641464102031712,-0.002010636630977669,-0.0020566109076750605,0.009326657204718147,0.006438666219689582,-0.007667496579117583,-0.02052674848039493,0.00918634132121876
2023-02-27,0.016879718971856805,-0.02666634629541953,-0.0075006747595300904,-0.004512913029996013,0.0016127303434245732,0.008187129636358481,-0.0075305021917513315,-0.003112775345417318,-0.01222273260763218,-0.005615645643920031,-0.015608596574162359,-0.006911606064695652,-0.005547551157169317,-0.03325732806344428,0.011270173992565358
2023-02-28,0.0019121316648116338,-0.01441057489047326,-0.008453920061946008,-0.0122984448766561,-0.020611951392097372,-0.011020957440998624,-0.014390599485933131,0.0025372826703504714,0.016749139374152122,-0.008755894990046809,-0.02361453771905131,-0.008581672048785238,-0.01414529531464681,-0.020263917489233174,0.004857673362173909
2023-03-01,0.009050063416586873,0.0057142982508822104,0.010076342411834416,0.024221653742062976,0.01808620558224372,0.010263924353635323,0.005309428952913642,0.005830176015110489,-0.018367167273009355,0.0028224013723865404,0.006393936426754232,0.002760117903295889,0.010710725840159308,0.014911118579783667,0.011374945761384536
2023-03-02,-0.013295881515556163,-0.01597558678891453,-0.0074179734795652985,-0.015174253132943294,-0.004844901352772379,-0.008417924206308824,-0.008317809015517819,-0.015821079127760873,0.003287999016558185,0.006254533019144581,0.010680886211140495,-0.0026277766150887283,-0.01346309820269087,-0.008056901563951224,-0.000984122387812869
2023-03-03,0.017018080564050297,0.00485685123520363,0.006184801000139517,-0.022211201863005958,0.0012982098829872335,0.010538663240001078,0.025029726423974052,-0.0017232381966250099,0.004039393193587593,0.001657573734840767,0.01078437886043937,0.001385316983636864,0.03283346630097528,0.02245573703955328,0.013931949717246761
2023-03-06,0.0,0.019029333476487276,0.00845167003853975,0.004515451369493828,0.02560786988381425,0.024333704919315302,0.0083129868345444,0.003520373885328887,-0.020875048978199695,-0.001706452648575385,0.00028169487404294813,0.002903888773344576,0.0028778659960237984,-0.012616768357858854,-0.0011101997632636529
2023-03-08,-0.006167968993874395,-0.009784817368177157,-0.0029204629934037607,-0.01077916942993018,0.0003158422548017459,0.01159498906295564,0.010949207608345946,0.00018366619518817018,0.004583229269905287,-0.008029094365366363,-0.0029171559060355845,-0.01018981731825197,-6.512316819529129e-05,0.00804546285187624,0.008892433895079543
2023-03-09,-0.013504126691672225,-0.008240206083951263,-0.006367874257596884,-0.016971334172645958,-0.012322258827667576,0.003354711834324231,-0.012487221377390778,0.0009422127123139834,-0.011049058752262364,-0.005012967097518417,-0.010234431126216359,0.009620336490437476,0.008936252585282967,0.01596242118435809,-0.01638881231386624
2023-03-10,-0.010135718075082623,-0.005977871038363003,-0.0025635074154438664,0.001179297548175695,-0.003198861456070179,0.007244301442756118,0.0012902919555259906,-0.0026947341615485287,0.0044970145276366225,0.0029915257501458292,0.0033325609304308834,-0.022837473780182305,0.00045242378840693043,-0.0009242908507618441,-0.019742479410987723
2023-03-13,-0.014947416611350461,-0.02476995610409749,-0.00938060401069285,0.06836257005642832,0.0,-0.005809126047672253,-0.01121128057461207,-0.009104346939735053,-0.0007886591748251792,-0.001517517952432379,-0.005721673709134234,0.0064276088498136374,-0.010920792481998287,-0.012025810283113003,-0.02099691684680116
2023-03-14,-0.015323440976472202,-0.010521822472434939,-0.015566085708581756,-0.01631674872484412,-0.016046204684382115,-0.010016624238976535,-0.010295825300996486,-0.0028824927702160164,-0.003400972641363964,0.003249170373704091,-0.004770706421573734,-0.010448721083028523,0.008493389177180788,-0.0037453136421154998,0.012839252201530149
2023-03-15,0.010738685051531638,-0.0002465851310985423,-0.009751086454224178,-0.0008069935996612987,-0.004892423193332607,0.0016864062042931671,-0.0007900403598417594,-0.014853794198118941,-0.01161219508927136,-0.0060594112818584955,0.010334370326498421,0.006791047684995277,-0.019629388607683484,0.021146550402005415,-0.004753753980323627
2023-03-16,-0.001440675532702107,-0.010953283245527357,-0.0077177863607068575,0.00300617388917801,-0.002294177371547801,0.007856336604207037,0.005403101185192716,0.025414981540744286,0.016049654186296003,0.01681731401162545,-0.002446243600802145,-0.0022521332523182114,-0.014141335477293682,-0.033133876566521114,0.04226367089992644
2023-03-17,0.01776327589044957,0.01182252499173675,0.00978943952285971,0.008409817596691793,0.006241654906224081,-0.014755015752712097,-0.015467101234850289,0.02208575380131328,0.011910773978241807,-0.010026848392951426,0.011953234286851355,0.006355540977649454,0.01514847434145028,0.01856252629923616,0.04221637155601754
2023-03-20,0.003868578799880229,-0.012001295202267226,-0.024834151085725065,-0.01610254167175229,-0.005550192630672912,-0.005368785226428696,0.008653864396397815,0.004226414261534028,-0.00703704543988648,0.0036546879812107136,0.0007440044744799756,-0.007707132590578647,-0.0032354237372540506,-0.023364458487046824,-0.014257168502103124
2023-03-21,0.004236150984142872,-0.00922585653997976,-0.002042676736969562,-0.01203784762167237,-0.0049243142503141435,0.006250023504104751,-0.00488393879702631,-0.0005518906526192913,-0.01550149690435998,-0.005201774799435288,-0.004527755599157635,-0.009042444861315224,0.002848494331536333,0.0023923817786024593,-0.006623300054624859
2023-03-22,-0.0009958234879063887,-0.0010426150188777017,0.0,0.003605011999153973,0.0,-0.015527821478217407,0.0021224014613787645,-0.005690153418077437,-0.004748151086868657,0.016575896688829417,0.012581091517364529,0.002597014367655026,-0.00033018276322882567,0.0004772863083979395,0.003537878318864651
2023-03-23,-0.014925446946515541,-0.01058130832595805,-0.013373290649035252,-0.0001364192994581792,0.008248039447980249,0.0014337472032344145,0.007677025815785665,0.011942401069259923,-0.0004123549729857512,0.0057610596759947175,-0.006257022652851552,-0.0028120687743263817,0.009052408576139426,0.0009542774240021146,-0.0029831871116733355
2023-03-24,0.007411949723136857,0.004437793431642412,0.0006914427411472968,0.0022737777889949573,-0.022251273777361358,-0.010882186145495854,-0.005122828215264219,-0.004796566023306803,-0.010076176985045593,-0.004909774894987784,0.0038678257085700274,0.0024105994856495894,-0.0014406585622717127,-0.026692213569396772,-0.03644756829123863
2023-03-27,0.007712145151712146,0.006011664626763835,-0.0013821123898549725,0.0009530856951878164,0.005689385476984388,-0.008395990995501146,0.003960920859624295,-0.0032767450717774427,0.003535646132359682,0.010895870226510063,0.004816154091102476,0.00811271281673287,-0.0009180903852098465,0.0019589438195761755,-0.015384763371555255
2023-03-28,-0.0036946576855730884,-0.008171681678791676,-0.01397909365526906,-0.029646486022857355,-0.020299442785874477,0.004379587716206279,-0.001183597720195162,0.00291144612212646,-0.0035113864019471475,0.0007625779602360439,0.009173678795722617,0.0035894190446967844,-0.017459746944786025,0.001955031806806895,-0.0004299463367631873
2023-03-29,0.013037781291212136,0.004319191584579718,0.008000843373951572,0.010090562865894492,0.014606066098123982,0.011628135178863186,0.00789984234776897,0.005645053270004086,0.018142858967132414,0.00782365825396103,0.009057133669411188,0.0067842890674727485,-0.0064801421997559006,0.010731612239616606,0.01118594693358399
2023-03-31,0.006856502965226996,0.032091422276754544,0.01726800883439772,0.019193504088946822,0.011382341468817891,0.006321766773907722,0.0019596472046177205,0.03419678339484311,0.010745481079981856,-0.008871949164921733,0.012029952751597683,-0.011941322391640252,0.007262020991589013,0.0086873298577963,0.011771369627002537
2023-04-03,0.007415540951550836,-0.011975311169634018,0.007392177016187329,0.00122520410977911,0.017212860661129703,0.01541960206198234,-0.01199489761145689,4.829592652844106e-05,0.0004396514009197272,-0.004119643487096258,0.007300830448537132,-0.017757417028134714,0.015420558705272924,-0.0038277465840904634,0.013596867508735455
2023-04-05,0.0035515022721990253,0.009001912320845795,0.004891925914347395,0.00027188598096850036,-0.004881048415744438,-0.010686052897376452,0.019794343831754047,0.005917059937501579,0.0008094084080203512,0.018487437097087778,0.00564797300352482,-0.007887863104907078,0.003812983679595483,0.007204642554643703,0.015212191465426184
2023-04-06,0.002968233962929334,-0.001159259812227753,-0.008384103624582973,-0.009741603001621968,-0.015042572716661096,-0.0039795315264331554,0.0024584769804725237,-0.005741106300628407,-0.0064124333023594104,0.014992653840744774,0.00354489184905038,0.0002381922638672318,0.0032747055057471552,-0.004768711297502559,0.043182221218206474
2023-04-10,0.001251980870556002,0.004008755033776179,0.018137187624449602,0.013269233380113876,0.04349256827768544,0.01369850075929624,0.0030980311815229644,-0.009034255577842543,-0.007767817296849278,-0.003458125438049353,0.012820834215631294,0.008341313220147306,0.004961121443584515,0.005749873041535514,0.05902328629884512
2023-04-11,0.04956518260744369,-0.01502514970904023,-0.008170279118055346,-0.008128295500124505,0.01209044538217574,0.0028154870702257195,0.019173806435484497,0.007393697448390579,0.0025666470102749805,0.0006445249948141551,0.0007773019407271153,0.008095245241699134,0.005716136892199852,0.024773671050009938,-0.0004933115435912239
2023-04-12,-0.0013267928372284743,0.015752182933043146,0.005131578067871123,0.010607692611251052,-0.0088021254914451,-0.012914191330526847,-0.006186941905426124,-0.011908849496339968,-0.0014144234728148408,0.007381631094689922,0.024699108375711543,0.011448606138982464,-0.003939869177932098,0.00046486045952032207,0.003084251788105563
2023-04-13,0.013801047412945966,-0.02737536057604195,-0.01034526725414131,-0.020767569343118963,0.006977274935594968,-0.015642740786191878,0.005209111742716432,0.0012886852792834969,0.01545500697203539,-0.012983123208950897,-0.005757106418205038,0.018077798817313306,-0.005252274846843319,-0.0009293669422002493,0.016234053989701902
2023-04-17,0.013720279057301665,-0.09422690788112964,-0.01887043316765269,-0.05235317812358242,0.00881898363544864,-0.01993649169036349,0.011501573546481847,0.040022332625090584,0.017447573378631898,-0.004783299791296325,-0.00012363911427648588,-0.0026372609604013997,-0.009647264974977587,-0.003255771097310789,0.005325110159880131
2023-04-18,-0.0036144586111036547,0.0008346029427561685,0.018126425009003855,-0.004611812444424657,-0.0003122182402174323,0.0029481953547727535,-0.004123700476098779,0.02059090958377996,-0.008470530047219427,0.006107928843391619,0.012385844870482776,-0.010953706569077681,0.00013160367867093292,0.004199675748807641,0.020464511604510127
2023-04-19,-0.0018005096964855971,-0.021558919041487545,-0.019298777941983314,-0.011022259442257765,0.0,-0.017636687906218307,0.0006274289724952364,-0.0020594128382718235,-0.0018595758504315052,-0.00925548510254215,-0.0006208491397182714,-0.004229323254881567,0.00644947183156952,0.004646834711001135,-0.0050724669507276055
2023-04-20,-0.0004775584925778009,-0.0071414832076982515,0.005681928865180819,0.007791702448947557,-0.005933888398728215,0.015559522011769022,0.0038873833937684843,-0.007061463353154718,-0.008721952208068262,-0.007785242333782083,-0.0104188625122561,0.006504078027030236,0.010004566953288885,-0.0009250683027012263,-0.017192351393101046
2023-04-21,0.005122107411096977,0.003228685595513925,0.014330864677154942,-0.022558155855029627,0.0028276205427586465,0.0,0.019859938269385147,0.006172853661428279,0.016774612554040225,0.0017212192025639617,0.00217167513396177,0.0029666748699592738,-0.009193258136071747,-0.017129570796953653,-0.02026785265667752
2023-04-24,0.0019010835771560153,-0.000855538141467993,0.026898599694527014,0.0073590435313395375,0.004072713166552333,0.007365949719297715,0.001102186136069161,0.009389267367228005,-0.0038816710703436508,-0.010409824912370969,-0.012867960189752226,0.008655566697016948,-0.006468860991107106,0.003297256411584515,0.012560074906658114
2023-04-25,-0.004190287135522719,-0.0011416942849640233,-0.006085538736890328,-0.009044750656481582,0.0024960764469517116,0.000877532015254312,0.006973360517579907,-0.0011648235729827539,0.02123632726336333,-0.006791646993519973,0.0056595309668519,0.003966870657628574,0.01624453267592263,0.005164273326817126,-0.002432202004605921
2023-04-26,-0.0056633896474889145,0.002163550136103032,-0.0029281883653901053,-0.0007022063595246708,0.0031122440862059175,-0.007305774979925683,0.0017009701987054093,0.017471468467357143,0.0005566151043583378,-0.0012853170951510062,0.0024414513871646726,-0.001381389820796608,0.001100207272792142,-0.0018682835769985306,0.015725928542591916
2023-04-27,0.015969306989843446,0.015233452847668083,-0.0004004110005280115,0.006875538029309292,-0.006825847968778498,0.006476326939261812,0.009096470040897087,0.005757084745538821,0.0024628949465141936,0.007670501658274098,0.015159665208890116,0.0016100694723852893,0.016872494808003013,0.00748720093618882,0.012121960762276007
2023-04-28,0.015430065922745317,0.00521566714352284,0.028311980689374128,0.02048542109887319,-0.0068727603863012465,0.006142046550624558,0.022956672466996952,0.029039105139985866,0.031183170843589902,0.009144735424699624,0.002297339745041427,0.02177709815589335,0.016274599924789968,0.0027866495648398715,0.010790961267910903
2023-05-02,-0.008719951001697868,0.019716504021410453,0.008701157605964127,0.029061264417712618,0.03334364422725811,0.02093027775110823,-0.00258493113285585,-0.0007145429802591918,-0.009333392109204919,-0.014782531887934769,0.0041684936292682995,-0.0050735999058207915,-0.011384851309569788,0.021769429750846392,-0.004575367828732357
2023-05-03,0.00510103019788799,-0.006497216938302186,-0.008368645588951118,-0.013147340145763797,-0.01887368266346212,0.004271095353244991,0.006361142057655034,0.005971362079011611,0.0035580830374475347,-0.009711761129151175,0.0003736754032912515,0.005489130733051351,-0.013794038607533476,-0.0054397793616540735,0.0077784167861492115
2023-05-04,0.00862266717727489,0.0034670506968976778,-0.0036353874424855936,0.005627216294924686,-0.0009305120724248939,0.0,-0.0059697092530492935,-0.008317439774831126,0.01324230316660202,0.01079287819360597,0.003180432290526891,0.008360079335769877,0.012575433251695411,0.01230639053558713,-0.0064319587424214175
2023-05-05,-0.0097042162446076,-0.011346353676177645,-0.011206702091677512,-0.008656549642088396,-0.004347977558711746,-0.011908224672139811,0.009773826162707389,0.015031940429080182,0.008491321809801278,-0.003644707455035867,-0.005132826210322405,0.010827591477970078,-0.002281175709008987,-0.021611935171980123,0.005649746468499917
2023-05-08,0.015632234017114888,0.005162437336557746,0.002503866385778597,0.0067059377252007835,0.029320054310791654,0.016069049298720328,0.006297345293312384,-0.001662184864313243,-0.00596622333899699,-0.008861861191264087,-0.007162465523681272,0.0049103806532995176,0.008192642526431593,0.008283546400545738,0.02141852845994352
2023-05-09,-0.0023226961026685533,0.004029681578332944,0.005126833941679454,0.004265099336414391,0.0015150969123070013,-0.005930617836788499,-0.017730891440681185,-0.000541353590731819,-0.0007068514289145789,-0.00457456290171232,0.005329145258428314,-0.0069297614293584164,-0.00018908347496082722,0.0,-0.009969067250223285
2023-05-10,0.002251376189686516,-0.005862900564298945,0.003792951001156508,-0.001574732333850637,0.010287373847444936,0.005965999902223018,0.0036573502506869193,0.003579833775454233,0.0021328086663188195,-0.003812168040162156,-0.013368562129336459,0.0017964184316674459,0.003087228708299694,-0.0027385487438689182,0.0052083690907192
2023-05-11,-0.0003829317338079896,-0.005660014822541193,0.0023452992464259026,-0.002007186794953597,0.0005991090658119536,0.014120229381647365,-0.01163731897078879,-0.0013698424635359974,0.006558061530077097,0.007601115645064382,-0.06888822585218723,-0.001304055695701356,-0.009358767188299422,-0.006407315023748028,-0.0033391406397472734
2023-05-12,0.0013535385538445688,-0.008677621354409526,-0.003639726133513266,0.002202793872070119,-0.00927877093713625,-0.025619616731462624,0.00011898339412064196,-0.01024766098089902,-0.004023597956315128,-0.005254588964688556,-0.014541114118871601,0.0021652871622799275,0.004248154016059935,-0.016582200299313787,0.007278253195904583
2023-05-15,0.0063246059672574795,0.010560472530475096,0.006523143110939156,0.01729814141621011,0.0006042507981869338,0.00571588872167017,0.017481042519830625,-0.0003463072054259442,0.0031085467488769503,-0.003138094184040874,0.011744124815684653,0.004473100334516644,0.006439713962197224,0.008899325894188737,0.07386160905238337
2023-05-16,-0.013152614561321996,0.004728508180901647,0.0031107958628109333,-0.006810944821951992,0.014492725661624295,0.008525104533650518,-0.008999506381646594,-0.00028453620482715714,-0.005171933708683851,-0.012644266126318526,-0.0007746069273754097,-0.015294429298948198,-0.012169876558031811,-0.002785511846667532,0.007689815055695215
2023-05-17,-0.019465335405809747,-0.013762543926530979,-0.012017100917894319,-0.0028850422380916063,-0.0044642310002083185,-0.008171245447973208,0.00860954187997165,-0.0021992619429951343,0.005426631600156773,-0.0053137883033510525,-0.00743070755388997,-0.01601504686128563,0.006223470352720639,-0.013035365449333258,-0.004027449553045903
2023-05-18,0.009559228734207448,-0.0007217273297135396,0.0007848467015636462,-0.00517007648421508,-0.005381142123642935,-0.00511355303090133,-0.018475265032688037,-0.0024340478079104555,-0.014583526045797601,-0.006731149191135044,-0.013031366699810643,-0.008957877717391871,0.008961758169524936,-0.007547239439091302,-0.021070509754302247
2023-05-19,0.00739337920990546,0.01837870578028067,0.009409308228390367,0.0223610303978945,-0.008716653127867957,-0.010279766207870855,0.00035737235523014554,0.0004865065197929841,-0.014131317537415589,-0.004087643230683002,-0.007042568297909169,0.0011595122169909544,0.008006606842691166,-0.005228090728331636,0.025980989128638665
2023-05-22,-0.0007467672526964009,0.018835326323708435,0.02472800932749397,0.030126375657359095,0.004245038287905345,0.004616132747091717,0.011670887770361071,-0.009006296829093818,-0.00019994330033701324,0.012529040744128306,0.014959142348878407,0.03556208231946867,-0.004840297527893278,0.0033444373412305772,0.013244295870376899
2023-05-23,-0.009638181378236355,0.005607950844916054,0.004801094076796852,-0.012630660910392444,-0.0036231010259093477,0.00028712322205293184,0.010359114367142208,-0.00423822991933287,0.005045444672914012,-0.006240313923872476,0.0006505876762135099,-0.01192100301856891,-0.0023694241511833525,0.0057142788618929075,-0.021541275429430518
2023-05-24,-0.005802754694675394,-0.0010768229215696312,0.005155304309914399,0.007565420994868344,0.007575484561534784,0.0045937930774992974,0.010136345936359703,-0.001079226911115283,-0.0004090005817273257,0.022058920900542178,0.013159723814873514,-0.003065603259808647,0.0018125911971751396,-0.0037878742713814972,-0.005023050583688016
2023-05-25,0.010259817735042143,0.004389001026885442,-0.014010549809440498,-0.0005916700730151936,-0.0015033853128191277,-0.00257212155054809,0.017646957208057534,0.004410383959920994,0.009624238431960253,-0.007509444317118086,-0.0033854603591024768,0.006987598392813155,0.02657846769873573,-0.003326952319375298,0.025241706085968874
2023-05-26,0.007824123534828864,0.010043313529298326,0.01928452802637115,0.015162726473586519,-0.013554261635390641,0.0,0.005553567805770987,0.004975640339137444,0.007209743033584903,0.026349374470194142,0.0059947509928584,0.009139495461004898,-0.005773704838193394,0.014783045051732557,0.0017810435090286347
2023-05-29,0.00419009947505522,-0.0023150150333024477,-0.004729979383299554,-0.000628032878781215,-0.02900777888932815,0.010315112506043889,0.012398756125317378,0.00684372787953591,-0.004558159373522996,-0.0014950657250050181,0.00558388330943127,0.006627125041567927,0.004034454105679375,0.019266853526597183,0.009516789652993296
2023-05-30,0.0110075545257724,0.0071894849411771045,0.006753358872470416,-0.01404772633826612,-0.0009434292957178902,0.0028361538757546434,0.02428295881776288,-0.0071330435864835895,-0.0004371693252782638,-0.009138443648441408,-0.008197522843064076,-0.008900008795272862,-0.003409427331808046,-0.012909159247485036,-0.016678704887478468
2023-05-31,0.02007899543141467,-0.004192056847298398,0.0028571384067168637,0.015613372113564061,-0.024866204544603754,-0.016685590766985725,-0.009780125574792464,0.004572416392206957,0.018323913260468228,0.01641327190316022,-0.003950113103543873,0.004957363926501479,0.03842643338386975,-0.011676733149416751,0.0006320978461937798
2023-06-01,-0.04184970322161086,0.0009101840038461262,0.008671006938767434,0.004706284803190908,-0.008069776182684119,0.0031635636052556038,-0.013019005898707081,0.009283213448898042,-0.004680965953408944,0.012662088393071702,0.011330636252272264,0.0416057349474479,-0.025826709058470287,0.0014176485662851235,0.004843110808416595
2023-06-02,0.004507612290530094,-0.002304204216861727,-0.005403447177559584,0.002052012841672335,0.006833721931112535,0.0008601726948964661,0.008414812035668406,0.007870198178280718,0.00407747712120754,0.012048122902693859,0.012829538451033962,0.031791067989237254,0.010326784971156355,0.01934876679608788,0.02535621462540716
2023-06-05,-0.007143769982200121,0.004233975760049802,-0.0018520845383005469,-0.012242831882782856,0.0045249310079109595,-0.002578015908903497,-0.0062020759971608275,-0.009629613340260357,0.006112833293798303,0.009153707698057012,-0.0014967224537386636,-0.0034424135516578636,-0.002390939941416037,0.01296302557388418,-0.00010214164725075303
2023-06-06,0.017741205643700297,-0.01954774013036975,-0.010514565257091602,-0.020823000133920133,-0.011261313484095647,0.007467009579803063,0.004879150812169719,-0.005897021224234189,0.004868997718908474,0.005006243687442513,0.007190122777865016,-0.002040220493974565,-0.006051537651539318,-0.003656225911808364,0.01103726151938833
2023-06-07,-0.010030283141977292,0.00777956622802134,0.007125724552068169,0.008699661551259341,0.001301820851013602,0.011117358384480358,0.0025971477462802817,0.03051553429378151,0.03990096975237889,0.0007890446407174956,0.008001385011039641,0.017479253003351625,0.01784314204700954,0.02293567277852837,0.0021227956938629777
2023-06-08,-0.027276647736683146,-0.00477124039446164,-0.008068429813811173,-0.022268791884801353,0.014624684140003508,0.026501241926451646,-0.0023651417523399276,-0.009784013187290497,-0.0036991032319259043,-0.02720277993234166,-0.005209948537378439,-0.01985499789109413,-0.009771932804716554,-0.003138972029760434,-0.02209001383068465
2023-06-09,-0.007686145951924073,-0.013135437964209462,-0.0056313477781543275,-0.007700816486708728,-0.01185144991106235,0.004119953096086482,-0.010047406147988602,-0.003406464781566143,0.0007590164952060441,-0.003090230088795831,0.0037424700774237873,1.0305394874121632e-05,-0.002990443548195776,-0.02024300303685822,0.0009283589746693632
2023-06-12,0.003979804816585997,0.020537913947504594,-0.004278886491196787,0.011005843128954362,0.005186337022609955,0.015864282937289698,-0.0034211579196440356,0.00978096079276325,0.004406955768061049,0.0015245089180764282,0.0018963837051722,-0.00039600322885702255,0.0034192146433538184,0.005509712584458315,0.011129389829529712
2023-06-13,-0.012503675080166476,0.009984873292403496,-0.00012645174485470534,0.004326588024475164,0.0038698550040749957,-0.0018848482720753568,0.01933849378009178,0.009118541722106244,0.008132202905942965,0.002689122734226279,0.005635629670377229,0.005340554564098765,-0.0023912184540310077,0.015068512998063444,0.026498096768303725
2023-06-14,0.004687581449030365,-0.0034102479782115447,0.002275501622682752,-0.0016675399096655052,0.0141339705770831,0.009981073072260482,-0.002020585014160803,0.010499041836978584,0.00031371672225644076,-0.0014168861514173292,-0.000638168386762672,0.011704487744103265,-0.007670738269982547,0.023841663472120134,0.0001986078653726242
2023-06-15,-0.01670555101397786,-0.010458186548780946,-0.018917936324402085,0.0036191867505972475,-0.001266732906358703,-0.002670926194505152,0.008099024119424314,0.01044728298207609,0.006839910727025389,0.0017229230481290436,0.02222820250450841,0.04187454425039583,0.002113610298377422,-0.00043940364140737653,-0.02650387396354481
2023-06-16,0.013035205474114075,0.003768918233399754,-0.019668482020463784,-0.003976072057168767,-0.004122976131459621,0.00803423743874343,0.0111582470365581,0.00010225139990960308,0.013918240907029533,0.0036421701842450638,0.023233295066141357,-0.0035830489059021087,0.00976263556560375,0.0043955990434396686,0.011522438325851647
2023-06-19,-0.017686112913370966,0.0018192621771517814,-0.0030159067663361183,0.015224631750836215,0.00509537966451834,-0.012486660058460997,0.0011034879100473294,-0.007562531881585177,-0.004688062230918111,0.009879147631964402,-0.0073346152877687976,-0.010586461792154056,-0.011518278026302009,-0.0013129454288596243,-0.021471827347022354
2023-06-20,0.010660190116723589,0.007264456042512801,0.006181737724779923,0.012573272333035401,-0.003485321548893361,0.008878160936732993,-0.0016534465405344534,0.007049672274427765,0.00705035077740046,-0.009832265540784313,0.004550175453558181,0.0033137454329177363,0.0036829679759367018,0.0013146715208234294,0.007932425321067083
2023-06-21,0.0008405240167119743,-0.0031072675409442585,0.007843154846837841,0.011333245794133306,0.018760026350139958,0.0,-0.012807699458212807,-0.0027857190785182118,0.0025907244748955005,-5.0445196307036255e-05,0.0018770957749074668,-0.008388013969010122,0.009383963833827558,-0.003063416880598857,-0.01298031623557927
2023-06-22,-0.005120406608552064,-0.013699246898201456,-0.008301006275957201,-0.0007587847643723,-0.007802907232225986,-0.015999915279927057,0.001342137658819187,-0.01566941714829051,-0.016273670610897573,-0.0016131220476173214,-0.0022299436356669755,-0.010305087918684785,0.004529167319791805,0.007252896397680564,-0.0033137623664100113
2023-06-23,-0.0041119803398523835,-0.012913934187652298,-0.006146973226136887,-0.0031723513066967968,-0.012897029904198054,0.011923983328270715,-0.006478436279942046,0.00017548910303433196,-0.0032585196082748347,0.001161282949759146,0.01927762373269326,-0.004056640793565047,0.014238406168586737,-0.01350131239894703,-0.007376642319782745
2023-06-26,-0.0030625715438513668,0.0042290826090845,0.002500415780644971,-0.003227333653470388,0.0,-0.0096411558290741,0.002136174445879213,0.004168423397264975,0.007725298926790636,0.0035301514779453314,0.009551627506604321,-0.0016845814440857865,-0.0033342350419176547,0.002280978350879481,-0.001151303894096678
2023-06-27,0.01193130843121959,0.0069273541448995335,0.004463117749242018,0.007015021608487881,0.0060544573082588204,0.006219715678066784,-0.001346282705807278,0.00028530301199425345,-0.010969888059523147,0.006884840445620988,-0.0031735979717709695,0.021014560405631544,0.015200417065239558,0.008193026784568014,0.014041717423380895
2023-06-28,-0.002249744775980056,0.011101122699766153,-0.002352348618496536,-0.010360009247883162,0.00443485833057089,0.01639338138704982,0.00954851230393694,0.004719932876428468,0.007649916396042178,0.0199640378284498,0.016366207124905774,-0.0030916475675129007,0.008440310584446165,0.007223499924619903,0.004236869246222907
2023-06-30,0.0032599390279610674,0.032589764604579186,0.019518012503976667,0.02053068268644953,0.011037465315853145,0.000264260207050393,0.0050073338459404315,0.00660377526070044,0.006490277238738518,0.02916412055744999,0.01013155788160347,-0.005597914665259607,0.007509791355226447,0.004034046660069901,0.009569862358837833
2023-07-03,-0.0014079615213091756,-0.0013478028653193252,0.006295780780519733,-0.008312396804143751,0.016219491426517463,0.011102644965729658,0.02579706671764037,-0.01143297810881383,-0.003234200004704757,-0.01797254959608241,-0.011880918400597351,-0.005825699675677476,0.00045513955941522966,0.009821415286845658,0.005300146763201896
2023-07-04,0.009626002020837632,0.008585164662421985,0.011108196532340298,0.02367471835701851,-0.010435889478836446,0.014640338617204707,0.006691829332564625,-0.0003755399642132451,0.00036946197405196557,0.015590268453389733,0.017672730370101197,0.008178039312862317,-0.015924427784352657,-0.0061892243973874495,-0.006793006582640482
2023-07-05,0.0016920781735834112,0.0015982793684208296,-0.005177355144478368,0.023519311825671796,0.009925576619062904,-0.003349881643484265,0.018762636930174992,0.01219289246280697,0.017155129836936567,-0.003909347030841337,-0.0019370851039018921,-0.006321051906072794,0.0017337672529889048,0.004893159614679954,0.020212353685236772
2023-07-06,0.006675978505651381,-0.0025236080344748224,0.005839035723904429,0.0036169477230754143,0.015970640537384506,0.01732179043539972,-0.002525795449332624,0.008713996612405905,0.01519787012680096,-0.00210582835836004,0.010321745665061721,0.040451792483153115,0.0034616782972443083,-0.002655934495777279,0.02781652022620995
2023-07-07,-0.012677582900196716,-0.01019425332216306,-0.0008834052486448307,-0.019715980751020545,-0.011487383441847299,-0.02109272212696367,-0.011605751507202222,-0.008365981635330089,-0.023011222889980587,-0.006522752927163533,-0.009423143502030329,-0.025894122477945314,0.0009198766249047807,-0.00932095840263436,-0.020930592438069495
2023-07-10,0.007229557090984606,-0.0007893089738629788,-0.014904629245253154,-0.0076556336751153475,-0.004586991127279227,-0.005451710317750158,-0.005444013240151091,-0.01422989090630089,-0.004481113414261051,0.00897953096481463,-0.005315894529479781,0.002351279961985586,0.017174970180485083,0.03315420442809214,-0.002585251105423514
2023-07-11,-0.000160720976066564,0.014633385524398967,0.005385215991248193,0.012465450503638342,0.011366978895770208,0.004437296057754336,0.015670221899982906,0.012048132141972978,0.010344104535738863,0.026076233158197182,0.009951220034017716,0.019124267701142283,0.007341375339821932,-0.0013009714597050914,-0.003788218111983044
2023-07-12,0.006160865913585223,-0.011344991432082452,-0.0005102187249261814,-0.0017648772397896861,0.018529771528588812,-0.008315845429664903,-0.0017965035208328262,0.009091149168060753,-0.0019670498851427354,0.006062184231887313,0.0044813611629006544,-0.0009416827137790351,-0.0021863828756987225,-0.003907998573724147,-0.014510249174186973
2023-07-13,-0.004472534640387327,0.023850540010707633,0.006252485764982385,0.013670879236953093,0.0008948583758510154,-0.015199202696622671,-0.0006351170735985345,-0.010377341239107274,0.0032421037919028173,-0.0028736108352573897,-0.008970966357363386,-0.013337421590125409,-0.005505982487588601,0.0013077769818210516,-0.0007107464907852856
2023-07-14,-0.00037442667453024825,0.04457550389779108,0.027263454814255406,0.045437289023124494,0.00864101231265968,-0.002394851953325672,0.001906788087252087,0.013903871005076951,0.008418002268513858,-0.002510201313487448,-0.009800792703706596,-0.0019684576866731973,0.0016383057392057587,0.020026178001206985,0.002235519189280444
2023-07-17,0.015008025379328993,-0.0021039125207495957,0.025182101688884018,0.011191081213070886,-0.016838853050955338,-0.005067964947958692,-0.0011631419553445044,-0.0029084547735882538,0.0019966906425694653,0.004334010224228191,0.027042135369111486,0.009184334316135745,-0.009475439262042307,0.005121638124843786,0.009936085315463972
2023-07-18,-0.0032683190621017877,0.03671962164205067,0.004696024661281273,0.004145165486527436,0.0030048061537883974,0.004557714084135078,0.000317637834309048,-0.004056964523258766,-0.015417614669084867,-0.00969752660678036,-0.007409559361780227,-0.010863516799597406,-0.0030178455308742524,-0.009766516117492241,-0.006525417039431547
2023-07-19,0.008329719601433139,-0.00016954093426690964,0.001797782028934325,-0.0022844688381471467,-0.0008987732080716349,0.027755405647809983,0.013439112774610296,-0.00157567937023817,0.00034556867777579825,0.013774931401377088,0.005846762420814278,0.002518179318351965,-0.005368642184989003,0.0008576444726933197,0.0125303903605829
2023-07-20,0.026381961373716623,-0.01725480692299164,-0.0007179802254634327,0.0066280661303470545,0.002698745184081641,0.0018176227683828206,0.02777487798471001,0.002920454729319344,-0.0026352703032672675,0.014604751416805062,0.02258983381859969,0.003835306034944974,0.01619286022748012,0.002142204216270871,0.007784391880517605
2023-07-21,0.006796473944251202,-0.08133839039061608,-0.031006653792097327,-0.021171965441339036,0.02003584183349849,0.011405088396340357,-0.003454222824426534,-0.0011038479714461369,-0.001098476934606074,-0.00045564554927879364,-0.009570466186266557,0.001818865959702043,0.0012997279521693716,-0.002992702784702428,-0.008516524152804794
2023-07-24,-0.03702671000423419,0.0037547724394080273,-0.0016061749391049762,-0.027821921245166914,0.002638614694501662,0.004100167784252928,-0.03894383204169849,-0.007068346762320599,-0.015474628005887836,0.002962185635654313,0.019571864148984153,-0.004630345606768671,0.002426685525728889,-0.009433949767912453,-0.01358374775676241
2023-07-25,-0.01146389247224755,-0.0014962706670816894,-0.00903359887913635,-0.004604722793199234,0.011695795347300031,0.02424723675765028,-0.019200155082672365,-0.0020683008441615414,-0.016764181920246535,-0.004861725449218812,0.006250301276999215,0.00606097106836101,-0.005066747738410982,0.03246754663489826,-0.027946521066197327
2023-07-26,0.010557063972264746,0.01067739416206348,0.005869182613018387,-0.011500300939858321,-0.0002890274528883907,0.004734562819876942,0.021522891047381698,0.001185539610129016,0.020058873761154006,0.01547861020137975,0.009262148791472802,-0.010830366561960791,0.006507108161624142,0.005869963458605021,0.015937425598769206
2023-07-27,-0.01137019993832522,0.003187889937570132,-0.006952142510810333,-0.0378760344261907,-0.011274816388335274,0.0017361102561337383,-0.015246228946393714,-0.0208158487247726,-0.02211248811468458,0.020638504219567144,0.0057253561854002655,0.011588937337994931,0.006465039450649579,-0.0012504701461434342,0.047472628008783824
2023-07-28,0.001654521237032025,-0.009348544905995904,-0.0030004310020500524,-0.008046225941660934,0.004678318138920057,0.03986125028779863,0.007311099911867069,0.006969584962408737,0.006145588143668057,0.006720092140474643,0.013800603577408088,0.025203862974291447,-5.598198842815538e-05,0.0066778181899112,0.017363817588867514
2023-07-31,-0.010816027542222328,0.011338972023422267,0.015799275501738874,0.022409664496391812,0.03055871995027526,0.039762181762882154,-0.005870500176876292,0.003220474092155312,-0.02231115949683049,0.004259735097207118,0.010290130769391004,-0.03244850049804404,-0.005809300465189904,0.021144225203900913,0.006109442967553003
2023-08-01,-0.003528073125862341,0.007007475022719145,0.0046909417866849434,0.02510082727021712,-0.0019769118669651364,0.03114247791064373,-0.0019325832746117655,0.0017913704980760947,0.004881093356410071,4.3773763585885916e-05,0.0047158761768333335,-0.027264285521004683,0.0019665428787420947,0.00040608040722101,-0.03672282290237838
2023-08-02,-0.014216210549259478,-0.0061161222906017665,-0.010197986187809649,0.001880249351359664,-0.004244530523522583,-0.02687085693858937,-0.010111895955822958,0.012773549072729207,-0.0016398562265095284,-0.007171342538512593,-0.0011646578193633683,-0.007083932582651831,-0.015196638289027176,-0.03449681941527438,-0.012207364826112732
2023-08-03,-0.0002468342830623804,0.005490511359619088,-0.007820210765006164,-0.002487805755790773,-0.02188107650054094,0.004564026112515718,-0.008802396657883516,-0.01776483631709236,-0.002183216226010476,0.005064928722161355,-0.00016784476556108707,-9.026357852770506e-05,-0.007288412772269659,-0.006305186785623085,-0.01063615437571963
2023-08-04,0.009194576647008068,0.010298314977649659,0.023020189325863027,0.028351387928718053,0.007263163594452227,-0.00976815333321357,-0.002412001020650867,-0.0009478691089042091,-9.384696214520538e-05,-0.0017966304877925499,-0.0017579417195242586,-0.003202327846390851,0.02059196593822299,0.0067682119678960095,0.002661999465638498
2023-08-07,-0.0037802610660774283,0.010628674037284958,0.005625445307735788,0.007190439052238373,-0.0023074488462602183,0.0,-0.00010995477553044086,0.00021388615971007496,-0.028915221590394502,0.019184270099015688,-0.003336627368268563,0.006847061024258139,0.001967024720314514,-0.001260521164329953,-0.0010211326248101837
2023-08-08,-0.0019383294400574513,-0.002010061287219478,0.012647502903087693,0.01837516500000458,0.0023127854804487757,-0.0018353797596217802,-0.005605652875320888,-0.010242978709386508,-0.011674476510499354,-0.010466773556562226,0.004839437779351252,0.0017848602914540823,-0.006730986266827443,-0.0058897879928020425,-0.0018398791256564184
2023-08-09,0.0019146896680841685,0.003021068140283134,0.003482596567317753,0.01874911506562249,0.020478902893316553,0.005286105647878125,0.01392733183264383,-0.00048788095750074145,-0.000966305529104039,0.0036129031412588386,0.037654941756416704,-0.008360856140678607,-0.0019200815472939503,0.01735085279508919,-0.0052226959823767904
2023-08-10,-0.016734796675189734,-0.0038009254243035473,0.002034428832071722,0.006351826665223381,0.009892438420348482,-0.005944245226880418,-0.015044141046079873,-0.010291073546081275,-0.013138631816344226,-0.002168556314292136,-0.0033808589561308278,-0.0118140814470038,-0.010071253208132624,-0.001663848275540225,0.010191374604526793
2023-08-11,-0.0052197914142086965,-0.012418202545305568,-0.0133762129651247,-0.01242124005728329,-0.008116415368113028,-0.0065298567103198035,-0.006640870789888176,-0.006701016130162052,-0.006640450905702755,-0.015604702959283956,-0.004811084643805086,-0.0033215348915874854,-0.0002870690402121401,0.002499965791011416,-0.017629615630917028
2023-08-14,0.001479232888876414,0.01581814575381557,0.005084125618429747,-0.000573632473345298,0.004514530459382549,0.0,0.0010027107893217924,0.0026142826722328483,-0.002372299154581814,0.0016779735370491267,6.011695791530158e-05,-0.01738640837995753,-0.004020480544281946,-0.017872024305250256,-0.022925316438185073
2023-08-16,-0.0044033927531063055,0.017904035203210267,0.008430574082933573,0.0066408358287315394,0.005898984330835244,0.0208920379865265,0.0023375786867025905,0.002210015971795931,-0.0002445648574113113,0.008287227744595338,0.005924314203373804,0.02510969438331423,-0.011648645265331048,-0.018620373691305425,0.015075876921849751
2023-08-17,-0.011476867014968195,-0.004899534801008687,-0.002627430994369351,0.0031764104860794173,-0.007260499143330712,-0.007817821165173933,-0.020544181428027164,-0.012777907846968861,0.0006892526976383095,0.0010056991078575273,0.003892316056488321,-0.009945536986284198,-0.00029170863009997383,0.0008625224227436501,-0.0007321112575988664
2023-08-18,-0.008438537779377309,-0.01611717008603497,-0.014010235370531698,-0.017008387748683518,-0.011001405620324367,-0.00278115011032698,0.0014739026834025282,0.007501902483308731,0.0074306760153051155,-0.008647839574149607,-0.0010543682693092693,-0.0072484442864753085,-0.0005253604172160697,-0.0021542726816790037,-0.007640767791132208
2023-08-21,0.0054546722502266665,0.011952790549607961,0.007044022455336307,0.006648464104960228,0.004278308123605745,0.01696500077857288,0.013925197426583491,0.009360964495817026,-0.00541329891853104,0.002202759545180788,0.006196453278553893,0.01738727775114457,0.0183357286561876,0.00949912340893011,0.01645393319358668
2023-08-22,0.0015621940511134635,-0.0011739335950370355,0.006029894869412189,-0.004635499172797153,0.0005680511732668592,0.013254199789797916,0.01440357676569537,-0.00038126600712729,0.0002548170992664467,0.00013190375834182255,0.00248696478896715,-0.0026355113357808824,0.006537174673899582,0.0055603130414103585,-0.0031129219165619837
2023-08-23,0.009613652669282713,0.0029918109450768338,-0.004435486518663656,-0.010056187808776929,-0.003689934934274608,0.0,-0.008365293101073257,0.00713733471025102,0.00017740056788517755,-0.012175228455078124,0.004691496094074932,0.005274850166872458,-0.010824267471717053,0.011909777925948495,0.0007285405414987345
2023-08-24,0.0005057023621446444,0.011115493847391189,-0.006140845298742592,-0.0015820268200024135,-0.013675346424661505,-0.0038340866340614843,0.0009989264855301272,0.002783455938346613,0.006725800238358781,-0.0048056469728799955,-0.007760227741409387,-0.0051863863824029854,0.0014973298471911978,-0.005884836444012387,0.0059288641797707875
2023-08-25,-0.0011792324004790133,-0.002458475292907658,-0.007269059212761331,-0.008005946968694833,0.009243302986894797,-0.013357494297927652,-0.016744180471977455,-0.002535196079266,-0.0037422584404643855,-0.010730397487188403,-0.021651891701174764,-0.011067378110734438,0.0046581140213362016,-0.011416438078743707,-0.017164687935128264
2023-08-28,0.006464886557896676,-0.003133484710136636,-0.0040275227207581255,-0.003993191633023363,0.002861899832593995,0.0036714122025927054,-0.004398430364694894,-0.0069430211371237505,-0.003281049152248361,0.009671750331914364,-0.0005795766734106866,0.008211126435814453,-0.0036062194335668707,0.005987965241263549,0.015044732193082888
2023-08-29,-0.004049554374461639,0.0014128133240067786,0.00012267445184455106,0.011183822731031468,0.0028539347909897206,0.010973946725858275,-0.002945214499653903,0.001295748416469733,0.004389283750750428,-0.004834247861580598,-0.009020243444951004,-0.005514389126365704,-0.017406717864674515,0.016581648787647563,0.02404642066531304
2023-08-30,-0.004598607899794049,0.01234434459522249,-0.0022054435871852185,-0.0006679609480844118,0.0002845913766496011,-0.003166064850856798,0.006134997079611404,0.006141432517947187,0.004425200682412367,0.0029687828667328553,-0.012937215171392569,-0.0007995869741956874,0.0029816778133346933,0.021330002638907608,0.01224689113016253
2023-08-31,-0.009099103243632944,0.0002089583775479742,0.002946929022169975,0.003967509003877323,-0.009103829479870651,-0.0004535728636373415,-0.007000881292699712,-0.009554783141639711,-0.018249517772720103,-0.0029599952834498122,-0.007416324233401772,-0.01239089869166754,-0.0015737867518585968,0.006552028089536144,0.008099263826218062
2023-09-01,0.007021939739971783,0.005851762151288797,0.01946622152808475,0.021715018970098532,0.04364056179611975,0.04720839071307781,0.003070288924610587,-0.003222275447643863,0.00371560691743289,-0.0023392086074390805,-0.005224827348854988,0.005452641502337485,0.011151245281295852,0.03376728087357894,-0.0016862024080036564
2023-09-04,-0.005025057821250178,0.014717657174017962,0.04263244419678336,0.023370324738751336,0.006602443242906375,0.022106578455481474,-0.008049036812030064,-0.008092387912909338,0.005095500154508992,-9.015005969470469e-05,0.01450200631279941,-0.0032021442229412944,-0.0007506032434425602,0.03699329491491121,0.021162490725244787
2023-09-05,0.005022096040273372,0.009419073201954564,-0.00518314903041428,-0.0017505430837571057,0.0008199404882840433,-0.005089062750435747,0.01280011208123022,0.009947718113874737,0.0017194663324491266,0.020741473603334226,-0.014232850167028466,0.033088996735867626,0.0006933738474941276,-0.00037957344508621205,0.014399642497348042
2023-09-06,-0.00042350248491984654,-0.0009804963160393587,-0.005904948213650063,-0.004464003721692533,-0.0002728962411370217,-0.01150903057231234,0.009817160107008949,0.002261532169354874,0.012004432787870778,0.009232135255851759,0.0007888553617310112,0.009750402758489818,0.016630093271385427,-0.01594523722009944,-0.004412073439116093
2023-09-07,0.010563231280740437,-0.007614364405863827,0.008269453866007748,0.01625381032412543,-0.007102073842693013,0.009486926826666409,-0.003464063126106365,-0.0048991239711776435,-0.008414981811953992,-0.008141058682430646,0.005704503510857828,-0.0008049237795638708,-0.005679848362727835,0.004243758678476706,0.02263958246979203
2023-09-08,0.0023476811681819587,0.00231905007989619,-0.006584342375740793,-0.004963564772653584,0.014855497296539344,0.026270776701709186,-0.00728860893225558,-0.0005959740156251669,0.002162923035023523,-0.0022947033724732835,-0.005583228765216219,-0.008729119351284509,0.012052977572092782,-0.004994179879540317,0.017428321379081346
2023-09-11,0.00819755321553739,0.004660876901136257,0.011279028649868517,0.004671731798905565,-0.0056925238711081905,0.011862653554859826,0.010279020103590275,0.011141021174886578,0.0061777591917142605,0.005705844095966084,0.005372715504642134,0.022225933206429627,0.005587881352616897,0.012741295582239243,0.0015739272772554713
2023-09-12,0.0018253956754001877,0.016695552381474243,0.00034496250031490483,-0.0022463558038542386,-0.013631371398460046,-0.03290829691978103,0.008832669883345634,0.00861849092703637,-0.00030644501369470056,0.007344509404094479,0.010687896627437299,-0.02291026657776296,-0.00044904035650839,-0.016393415188532767,-0.030230027283681404
2023-09-13,0.0073984047290245325,-0.0018320574659649314,0.0016092192927292803,-0.0044232081766915066,0.01658356732846733,0.008719771026621581,0.00520888128562591,-0.00618130422769847,0.008998948419690178,0.0030560369462719894,0.01147382045673706,0.006386567575659585,0.027796493265415556,0.0042635601029328285,0.008579557628869638
2023-09-14,-0.001671663886577357,0.005739717447756032,0.001721447524553943,0.015431644445464077,0.021750975260609318,0.0033733263421260595,-0.007828065728469502,0.0134312135998651,-0.0073563269220670024,-0.004309161067643785,0.001001969593993124,0.01467761886499086,-0.000218511984742098,0.016595818028042553,0.015784398789522758
2023-09-15,-0.004199613822233883,0.0030856500045721713,0.0105394876770033,0.015783149252025064,-0.006652458251988236,-0.007354492793399392,-0.0035559141864872634,0.00643287795573233,-0.009072213401999263,0.005245860575898709,0.013029559580083339,0.0014258608483672663,0.023170620365151606,0.0018982792658588377,-0.009211666168565613
2023-09-18,-0.008572651498541806,-0.013098725722273552,-0.011223137994171406,-0.00788427743982767,0.000535980792693902,0.021168451194574,0.008252465756009908,0.008712658083449565,0.013975735050652638,-0.0018698307998956665,-0.015723039281154372,-0.0032698341254187024,-0.017037811425986704,-0.011367972563295248,-0.0056348330429638604
2023-09-20,-0.004948998802276838,-0.0010388456311369865,-0.013758342364597387,-0.01197872639632025,0.007764240949933221,0.0022803351554816498,0.0019909392366350698,-0.006097758670350895,-0.014968923555226832,0.004792253870971264,-0.01971898195573718,-0.013566063571085363,-0.010323890044765305,-0.016481384109988784,-0.013317179972276438
2023-09-21,-0.01886053781730157,0.0077167007606315785,-0.0026738692042799217,0.013575637382162498,-0.00797011114272217,-0.011582223193647656,-0.012032182943749414,-0.006470396020478719,0.006880262148093008,-0.006070310651571487,0.009519043734913746,0.0027464184521581725,0.007960882744846964,-0.0038970420102877323,-0.01043351958896388
2023-09-22,0.00042711785669369284,-0.003729003581580348,-0.024361736114385857,0.010606540311226764,-0.008569886502450053,-0.004184979651833953,-0.009832340308487786,-4.426331720730481e-05,0.0013382177050202948,-0.012040312698780253,-0.026717754442803554,-0.006075655088226384,-0.007135377817501065,-0.00821594549460003,-0.0006771466019668271
2023-09-25,0.015912788981697235,-0.014704413153455498,-0.010513725962042586,-0.004519985479276234,0.002160728106849863,0.007144295848120041,-0.0011284719227214746,0.0047152044949314575,0.001182964243429785,-0.0073298208920832275,-0.014192458893937165,0.021545060780345127,-0.0010971927693504968,0.005128145599546885,0.01074429754811801
2023-09-26,-0.011376405953392843,-0.009157636852563988,-0.0028979049295619896,-0.013197832645531982,0.01212965576361169,0.0022950838425688236,-0.0003389883062689947,0.016202465682804146,0.006586516942865384,0.0016013089911453005,0.005332172109313582,-0.008504839126623143,0.0025263083408169074,0.011773907440767228,-0.0034474670347993674
2023-09-27,0.0005952045996271416,0.004347344013943877,0.006660249896028425,0.004952092435996702,-0.0026632594543589683,-0.0037468809111866896,0.015142969389020378,-0.005761725106200766,0.0059128103840597745,0.012523923017159655,0.0052488516537856356,0.010220215183741166,0.00827218863649648,-0.00581841632221447,0.016144536776621976
2023-09-28,-0.018100415006758297,-0.018779905247116147,-0.024780444927687162,-0.04590081276034674,0.0010682430648565333,-0.00940243207121294,-0.01870191921418729,-0.014626334091347393,-0.02221591724195937,-0.006710831866949318,-0.012253319894252046,-0.01669820623446472,0.005867943787210894,-0.010534481215462188,-0.016266505834965028
2023-09-29,0.0014424149910750028,-0.002778814529067808,0.0017268467564945933,-0.005449243893049349,0.023472869745430502,0.035857377297117576,0.008281268036447909,-0.0013997579384502634,0.00278482623267573,0.02327109701345864,0.0290839954134261,0.023435877487242296,0.0008101757039362667,0.016561415556538783,0.020765367936601997
2023-10-03,-0.0049836787059893695,-0.0010102686026409735,-0.0014776375969255406,-0.005397654904113258,-0.037790042199698504,-0.01771534940843167,-0.010463513787904333,-0.008515331242458624,-0.009190613175783624,-0.014844824188934957,-0.022427080188227255,-0.003659177976824135,-0.001187390485331008,-0.006982124812008106,0.014786234594748704
2023-10-04,-0.0028950144138666367,0.00721760715508446,-0.0013566072854263034,-0.009208982227453477,-0.010021635126148065,-0.025082874841973246,-0.008300261807153375,0.030066982105101836,0.008241623741424897,-0.015462820830673851,-0.008037566475963875,-0.013977473720269473,-0.0011347563649978243,-0.021093716460477085,-0.024129928830556646
2023-10-05,0.007084586423022676,0.013223962452786786,0.00469259818651091,0.0004978939485889011,-0.0030096417205264236,-0.0055283217276027585,-0.00011462595374545081,-0.0029365659139968248,0.0003088823572985344,-0.004182256552216823,-0.0019474602336631008,-6.94051549313679e-05,0.004977038727048688,-0.0003991125325422118,-0.0014265861012798808
2023-10-06,0.005564320858434169,0.010420633029434967,0.002581078053520036,0.009373002461916302,-0.004116189805787873,0.00726955358137249,0.013989230937194064,-0.00028138853895887106,0.001003557679958078,0.007327269066995878,0.0032640976510938113,0.0026152546741571303,-0.0030144516238199692,0.0051897557166069586,0.04514288954634571
2023-10-09,-0.014106281805875365,-0.0021979080945574436,-0.0055165848678665474,-0.003492535763566229,0.0013778643483037811,-0.003608578923912198,-0.0038447593382806566,-0.001326887861665127,-0.003514487100188979,-0.0037699039948030366,0.012894367870409207,-0.0025590392892601566,-0.0016197868440095409,-0.016282852588366592,-0.01430667858376411
2023-10-10,0.021404123396998598,0.013351906926147628,0.005300680932688762,0.012452166702395129,0.009906388360933827,0.005112914719466621,0.008968033234490358,0.003767122380659682,0.0016472978030095398,0.0030719922723807525,-0.00296651088033717,0.003843776807299415,0.02574221105667296,0.011707737199870172,0.03864294911487498
2023-10-11,0.008712353709469767,-0.0005015669817621804,0.03286330987882802,0.0031357833096430365,-0.0013625677389371704,0.011869516051499662,0.008663432280213712,0.01018814834408377,0.005518813574857617,0.001997255110477658,0.01625437998561363,0.00516098972686585,0.00764483152823936,-0.0027933336010518284,0.006319662909701984
2023-10-12,-0.004262208684427504,-0.019339008999245677,-0.009616500365155267,-0.026672624228422537,0.0065483989523875685,0.012149082783935228,0.005465777243502057,-0.005469366930790143,0.0012732846448850754,0.0014618380151454335,-0.00671742726221225,-0.019439032717488147,-0.005493878530689944,0.007603143605074969,0.0030956861744402264
2023-10-13,-0.001048747430785979,-0.02343908008175355,-0.01450500449869696,-0.0038790753154553936,0.002439817592807314,0.0018625844169308792,-0.00521423945932642,0.020766818962143718,0.003058744152171,0.013181059800264405,-0.012657728303177462,0.004695675220066642,0.004051100509956607,-0.006751480225575812,0.002380708685368882
2023-10-16,-0.006952300798319544,0.0020962682038236924,-0.002067836832670311,-0.007955841882659076,0.008923649993882954,0.005783866591437148,0.0013383255617882561,-0.0189262588052016,0.0024811173814973664,-0.008731248346831588,0.006025331856152283,0.000877084165855635,-0.008017167494721367,0.015593777310204393,-0.0022871546701013212
2023-10-17,0.01245883164296857,0.0057873653594120444,0.0029253765921606334,0.010974155770500094,-0.0016081400407325086,0.010269125753203934,0.010023273971204283,0.009379557944159345,0.0031181884401625393,0.0013212563271527422,0.009284280055142924,0.0014138230745919245,0.007501004510149567,0.003149584627605062,8.821160628480484e-05
2023-10-18,-0.010245245632176658,-0.0013170778081458279,-0.009601297316096269,-0.008767318662267987,0.0037584974601228005,-0.016060055986665933,-0.003969506300739556,-0.0026729261195902465,0.0015976043686605212,0.014602366803182498,0.024052643827051412,-0.0102507641525873,-0.0008388929320675143,-0.0023547559658018136,0.00035259451718827606
2023-10-19,-0.008526216628651828,-0.004789889862804708,-0.029819691330034703,-0.012593879003815589,-0.0034767690720741706,-0.010330721039176094,-0.002767615980412086,0.037372767374262095,-0.0011394047630104431,-0.01031749795100867,-0.008199000524696576,0.003977944703197789,-0.010389933935152085,-0.008654591000862633,-0.012778756616541709
2023-10-20,0.017918237987792462,-0.004464127778614935,-0.008727618646622304,-0.0012369080291330103,-0.0005370825935739898,0.0062630535643022345,-0.02686507642683711,0.006105854553342116,-0.004877743156298853,0.0006133033754982531,-0.010939777118825433,-0.0039023188535081132,0.002386134421697106,-0.02301592380850137,-0.01410469083250987
2023-10-23,-0.016303142425032058,-0.013032018705969817,-0.022202307564632817,-0.012599361902177808,-0.007250091019446292,-0.01846474654410646,-0.005475645330877299,-0.0033753107381473413,-0.01078597071845444,-0.017291231809584584,-0.003115310011528316,-0.001607154789398324,-0.006242062583062147,-0.02518272126008958,-0.03486027996163166
2023-10-25,-0.007295729946137253,-0.01481329077450777,-0.003392940527213506,-0.011938290480529745,-0.0027048504322465527,-0.019023410344989555,-0.007341220595579623,0.0026841404677220293,0.000695276728684302,-0.001915392169254515,-0.006862355319375291,-0.02206442393189878,-0.017779209079487712,0.011249947670408433,-0.005253914326529108
2023-10-26,-0.01921233129613731,-0.007737002815652927,-0.009427703698518752,-0.023376956864881393,-0.018714451639155194,-0.0017237678843027293,0.0038134473174278316,-0.02955567873124687,-0.0057238726177921695,-0.014817434932075102,-0.01666712713023133,-0.020494318511998677,-0.018534594014481542,-0.01194886804075701,-0.014807093441031705
2023-10-27,0.004631606882230965,0.01537396309473249,0.010839427523432699,0.004572217729008177,0.02128235399789702,0.021368461836497543,-0.001381462390531607,0.02171751180495396,0.001442003194355168,0.006886009252645264,-0.004546406893611965,0.014684108718424627,0.010049670123112975,0.0,0.02651723315979626
2023-10-30,0.008692102583887085,-0.0023906373612706533,-0.0009154051545932074,0.0056668609675756265,0.021921648315115894,-0.008453092372380788,-0.007608103255382637,0.004769923910455942,-0.01167402693212749,0.0035093652304418743,-0.009625216636783396,0.0023912223042215075,0.012737913443115367,-0.006255228849009198,0.03413235515819646
2023-10-31,0.012751109807254135,-0.006281707699499983,-0.0005236419774627965,0.005546135796107521,-0.014036024894099608,0.005115093783675251,-0.004762506928803312,0.0026104606461749835,-0.007867152730397398,-0.023852219095948146,0.004153252396190021,-0.004512922445006007,-0.01279359315636297,-0.0033571580028320946,0.016322446545560032
2023-11-01,-0.008623729714000272,-0.01041369305093287,-0.0022261690239444576,-0.007104174236907901,0.002954670988342789,-0.013570764796109414,-0.000700117325256322,-0.009217901629662961,-0.006596628727371434,0.025353558749001914,-0.003931037087165801,-0.004844623742627285,-0.0010389717195461445,-0.018105233499456586,0.020141960248730495
2023-11-02,0.007712890498507541,0.01181567700385977,0.007087438214564701,0.002156090891330953,-0.0026783324695028865,0.011392887904256854,0.007124341197343398,0.010015712220186934,0.029552273874799084,0.014916702937994408,-0.0014870944231110128,0.018857370695619657,0.011385485507529713,0.01286452765868562,0.005305749607174226
2023-11-03,-0.0025607775835029267,0.013794068224859624,-0.00026060895626112135,0.015777949051827278,0.02040831846444724,0.005793935506032577,0.004870716878387249,-0.004676085960601428,0.0027167705383328578,0.007282515838597181,-0.014133121201603593,0.05447105122658247,0.007468722161025898,-0.00677394249510288,0.031060541713649803
2023-11-06,0.0040097253029700575,0.010258879894109674,0.0028679619927931554,0.007986864963824392,0.017368427916925278,0.006400713286969895,0.004847107987700161,0.012104517302127693,0.018515047762015513,0.007799520552093986,0.014259883761798431,0.002280201450575614,0.009078757888029365,0.01790284608814985,-0.006461201217489498
2023-11-07,0.006349830685853819,0.0007125793427693594,-0.0035096746387832667,0.0059974138442815406,-0.0005173585230466848,0.013991969267378224,-0.006087111120402944,0.0032917142195068028,0.006834626113104703,0.018217401752224083,0.012410750664689107,-0.0054405241315137465,-0.00218274499148996,0.0020938304270359254,0.0007600891335914906
2023-11-08,-0.0028550089017282954,-0.009470962340365152,-0.002869832487216617,-0.00857273791428137,0.011128416219202464,-0.010244705226241213,0.009822147311585816,-0.0036089234113350077,0.003308041033848408,0.004910616053651173,0.009103672475343716,-0.005041949518055144,-0.00042689836869858055,-0.005014693107874613,0.00582341724951041
2023-11-09,-0.0007445487268847861,-0.01164626283597714,-0.00353225891812714,-0.013343129812258714,-0.01356531253649762,0.005280971731574269,-0.005835852747932968,-0.002257026403383433,-0.003960880307611769,-0.0004250300596566614,0.0008068732788242272,0.036519690566768626,-0.004697017894373157,0.005039966995631584,0.008054834739511296
2023-11-10,0.0002865580063990958,-0.004327976588324289,-0.004069916546523222,0.01263397618651485,0.0166060084892361,0.02017229288867317,0.0049493500254129685,-0.0036964046710800114,0.006416468457501434,0.0026781773974711154,-0.0060553856922060945,-0.003605512484113671,0.0033785273398243554,0.003343060799858799,0.008906317063678504
2023-11-13,0.0015756175293768493,0.003433672342714189,0.00619567863203363,-0.005974741045684406,-0.000510492103545479,0.012152451809518405,-0.0012599113159256214,-0.0021273039508901137,0.0030756464298236086,-0.0013142390719574903,-0.0009309077772060581,-0.010959608430149648,-0.0005344971737432092,0.007913340099603428,0.003877631916190616
2023-11-15,0.01218393947201002,0.02690109676461816,0.026201962233455944,0.0374775016060247,0.01889686065089613,0.006512024369620617,0.01364679546205494,0.0036619518068672363,0.0030767384923069407,0.002632043642953663,1.847030325130561e-05,0.0008237891378770623,0.016042820174436256,0.025206614346311218,0.02251803257904461
2023-11-16,0.0018932320331257468,0.024388484769769514,0.013915596994402923,0.028498376846836093,0.011528735200810658,0.020420534174749427,-0.00746694125952041,-0.0037707194068207217,-0.0018467398433904547,0.007324839242000891,0.022933842201821486,0.02178000287396742,-0.00047369854935175315,0.005239761983053315,0.013100845401208039
2023-11-17,-0.004653537710047728,-0.005086928277501568,-0.004281041539788921,-0.0036863272615655918,-0.027006820316982205,-0.0029721407835935354,0.0013678392589482335,0.012047988051147929,0.003445261162346114,0.0042454084176961615,0.012138704532707933,0.02626083818291769,-0.002369615230055966,0.0040096772004514225,0.001428017677020943
2023-11-20,0.0033717542697992986,-0.0006607712345668704,0.012139665995198667,0.0075245756043784695,0.007639471329040415,-0.0021859173169772594,-0.005577606302050064,-0.002892424887441014,-0.0013352355887470413,-0.005524817787279757,-0.0013187804328086417,-0.0009123802456026953,0.01488455144974199,-0.006789163698471712,-0.007763687263392494
2023-11-21,-0.0018921094415897954,0.0016705855689178595,0.0011243247949732638,-0.006024166170508716,-0.004685217878600323,-0.0041825437272080546,-0.0012592715710998403,0.002917240249403319,-0.002599654597547074,0.011279437957230964,0.00754812188432763,-0.0013064525001375005,0.009829386525717743,0.015279528173901769,0.013093909500542456
2023-11-22,-0.012194334357727099,0.013064581797789687,-0.0009983689408921137,0.009049509581384285,-0.0010459706669808666,0.014599954421811612,0.007908345118658566,-0.0009271140641792242,-0.0011809371550428605,0.002247369567939028,0.0032055464432585445,0.011926635312189848,-0.0011330261668175412,-0.0011881991108531054,-0.0029948235972125925
2023-11-23,-0.003637669160698964,-0.00586496940622383,0.0056214993929766255,-0.0037025349833985643,-0.00183238776186323,-0.0035480990019215453,0.0014781794482843225,0.0017432639893868451,0.002471026916372576,-0.004401630471188356,-0.003513077859047753,-0.006878088998739762,0.007115278747019227,0.004758128111621129,0.005691400601615104
2023-11-24,0.0027022544535453275,-0.008176552402900827,-0.016148968315695122,-0.010777145246970599,-0.009441433034640179,0.004549921208322871,-0.005790793943993178,-0.01042707633280604,-0.01310081867531121,-0.002794690882577333,0.0002656902659545768,-0.016864203350899443,-0.003583708706998645,-0.005919510466287803,-0.010689486231081125
2023-11-28,-0.0010034114936688932,0.0036871025778477673,0.0021464248556315457,0.003798573240943126,0.0270053809284172,0.014375756919899008,-0.005824522553925071,0.003299770207946473,0.014921988796962493,-0.0034295965239815596,0.005251385032704725,-0.0063872947498913035,0.01207417784275222,0.0071457245826813676,-0.0003176474075972102
2023-11-29,0.006428529976065578,0.011714159559114368,0.0236864894573674,0.016051179089917822,-0.010053991970452203,0.00330027059206639,0.004480203808553185,-0.00623917856672318,0.019136776790855237,0.009107430532888205,0.006968081155627637,0.010276162822678403,0.010660942687674035,0.00709496140213095,0.013510325029782111
2023-11-30,0.0011405007054958727,-0.003048752819238776,0.01673847749350732,-0.0006139792805840427,0.015364431867879391,0.011222914791651384,-0.003202264241041086,0.0070074813643909994,0.010200538434518291,0.01967216330564625,0.012737674126640286,0.019734555563238665,0.019389140859755294,0.001174247767806058,-0.01850559413451447
2023-12-01,-0.0028197286581683745,-0.0019585196195146537,-0.013073522938520932,-0.00032757001727767854,-0.0020517015750075585,0.029276848162082425,0.032124864144911225,0.004227085479047821,0.02433723062321813,0.004405295359448669,-0.006694683194133355,0.011249914347981171,0.0,0.016419043365003327,0.005432605677960778
2023-12-04,0.038874579675674203,0.00829710585440857,-0.0004905317258678821,0.002744677602916523,0.03855048208640599,0.021751165056408617,0.009448659815522786,0.0026378218871447867,-0.0066387497467153,-8.13009786682084e-05,0.0011478679763652355,0.005616016334046181,0.017936351498956338,0.007692286047390695,0.031784016383778146
2023-12-05,0.005443863626005907,-0.007102169548026782,-0.007608268981536215,-0.0026963715143103473,0.0,0.03875536220182352,-0.0050655179261280825,0.008445611942165643,0.002156822809329828,0.006822909014362555,0.0035529713668813745,-0.007532136321569016,-0.0017425977666087888,0.004580214345244693,0.0013090807678244332
2023-12-06,-0.003855750363204624,0.013996547827961336,0.03561264197990277,0.0037685694322082686,-0.0004948587173259078,-0.015238763042942138,0.025456618893269445,0.014612735972630464,0.011064108511760207,0.0006452431633674482,-0.00798087191327046,-0.00664850680166118,-0.0064495437372333875,0.001899721512130137,0.004383996952071811
2023-12-07,0.0029921610846637137,-0.005697800916233953,-0.0011939799831840459,-0.0015915267307096137,-0.015102791038741792,0.00960491348390713,-0.01111720747671785,0.0002702689658833357,0.0025684281999425185,-0.0008463861264277339,0.009554507458657158,-0.014739097592864958,-0.0238663537044832,-0.01403116035356411,-0.006662116520062211
2023-12-08,0.0063498665615651095,0.017224970659175387,0.010400485105613422,0.001676018781457067,-0.0148316007838184,0.0044045311885114735,-0.019537255152750954,-0.007433202899459812,-0.014712929375948258,-0.0028243180637828047,-0.0036645040414337027,0.01720264381076886,0.0002499170442107346,-0.006153866355768645,0.002004345967257626
2023-12-11,0.003045989745428912,-0.0017771876125954877,-0.004732643991890106,0.006528897670415645,0.009441197044995242,0.007893389459264322,0.007347244743642456,0.010240027027497822,0.00039450484745118253,0.004531626681824941,-0.05038279815521618,-0.001440086553984421,0.0005998891191891786,0.006579035948853562,0.026465539905433877
2023-12-12,-0.010683003951649783,-0.00836407523431748,0.0038041344238901598,-0.005797378149181465,-0.012133444869288135,-0.013574679470482853,0.001436681690413888,-0.0038453202655865937,-0.008312866224711057,-0.018849783565443756,0.012213479096110591,-0.021343486069020923,-0.005595190940899997,0.00038441014950296726,-0.006745583188768611
2023-12-13,0.001014052214284078,-0.01832601970112857,-0.006039914078158071,-0.008196426505796883,-0.011514747525954605,0.03757941085322258,0.0056279217359263,0.0038983035667294885,0.003314241324898548,0.012397434290539522,0.010522873367065921,-0.00040528957269314603,0.004672229282149498,0.009992322873918047,0.016827681270644934
2023-12-14,0.015140763575528515,0.0361973940911291,0.035148444628406494,0.03996371034003743,0.014496371969831223,0.004590901655635582,0.00976618110420846,-0.010026182148724527,0.005559860386763704,-0.0014598997551099613,-0.00451897313471028,0.01642777344701285,0.005300488226777977,0.004566209480698191,0.0382189251055669
2023-12-15,-0.0017531287336105539,0.05125052614194314,0.027969461756855996,0.03273506692681982,0.026027052930623018,0.032836969070247246,-0.004129504155815811,-0.017218346835784715,-0.006620730226871596,0.003614181904721514,0.00288880499372568,0.006399807471469954,-0.012584573841106117,0.03371201955460945,0.00829163260973309
2023-12-18,-0.001972267069050515,-0.008901468279015057,-0.002911072086627997,-0.010986810372475286,-0.010196429467437595,-0.00622745345169784,-0.014295079891253448,-0.0004986701271351146,-0.007000463131008217,0.013756830096316675,0.0002863352667823449,-0.009466474476122588,-0.0023172776211859425,0.001099497362421653,-0.011626255447574119
2023-12-19,-0.00021665233653578309,-0.0038673231767835103,-0.01471087389260839,-0.007973742094921965,0.006532625387562607,0.021273059380787496,0.009852832543725487,0.04662232404474809,0.006506678327088622,-0.00622633495060565,0.008298899159211448,0.010339085163613593,-0.001817714550025662,-0.008784830651759057,0.0013627461854917033
2023-12-20,-0.010858110916516894,-0.01405383708514596,-0.015386328010999706,-0.0256350633753466,0.014478344259344134,-0.03875351056921039,-0.011181807778857689,-0.01537683917584276,0.008898013354125878,-0.010281429172964596,-0.010341514956996312,-0.02759435721007708,-0.01709752140811871,-0.0417282310375684,-0.032519237965262016
2023-12-21,0.014344496557027187,-0.000260287409374671,0.004745858784632295,0.0012013973416737933,-0.002706573043134708,0.014446697543976761,0.0009978659952212254,0.0007210067847458479,0.021120229361222265,0.0010955399176222347,-0.004418305481496132,0.013633319179964465,0.006536024019130338,0.009633852580604119,0.02598671832391264
2023-12-22,0.004210037675764777,0.017513046648852004,0.06601383692891494,0.020038317646616344,0.006414878263770518,0.002814770280359369,0.008306525387848929,0.010057435073178134,0.020060909023628115,0.008228659409365013,0.013178515505887445,0.011970717579946832,0.011913188123096052,0.01946578686241973,0.03326585677325311
2023-12-26,0.014162883993758202,-0.012124988579321871,0.016102940709724844,0.005372083176206965,0.016670811056360924,0.022457198521464106,0.002746031812979277,0.0076316002500951274,0.01450283373841632,0.0030958531323159733,0.0007907431892173467,0.01655722661703951,0.010408763728156245,0.012354783602901653,-0.001536395315240413
2023-12-27,0.008214744385519612,0.014994019242407619,0.0018080924543883992,-0.0014430199269802602,-0.008681101629641863,-0.011466483742511246,0.0014240136590655261,0.006196674057105334,-0.003657556215344915,0.0039679543019086605,0.014621330481238148,0.009639349353963045,0.02135325197901583,0.014792858139210496,0.007833931340796463
2023-12-28,0.009987508266351641,-0.002839614284458447,-0.0031849885074303197,0.004530630975839722,0.013378733701939538,0.025649570016298195,0.015313952119068164,0.02058482192096367,0.012498139605561231,0.007744593957924595,0.025207881375904684,0.01284392240997101,0.015178156493760309,0.006924232538750186,0.011381684534500724
2023-12-29,-0.006896120065365219,-0.0126388438440449,0.0039406590712407485,-0.010342506178284916,-0.015602489190686297,-0.008760895768767929,-0.004309409686025112,0.012586761845876149,0.010687283692051741,-0.0021391992155607165,-0.010352407221499993,-0.009790702791198869,-0.004340707321062842,0.010495920443349682,-0.003087801448592664
2024-01-01,0.000550285841138809,0.0054765767952316136,0.01241256047191075,0.019251095055032863,0.0014631912034199779,-0.00449952159273781,0.012875929762200089,0.029800221446204533,-0.003493614810071488,0.0006352472588901925,0.004096320421761002,0.008055504400596325,-0.018552535413807414,0.0017907967001453695,-0.003854813405621327
2024-01-02,-0.023099294113342328,-0.010925855672553775,-0.016661436202840885,-0.014686072902022396,0.008278493616950655,-0.012106388194413897,0.004914077702315556,-0.005452533699318085,-0.005817790319937788,0.02852617357796894,0.018061911754543747,-0.0006432950947251603,0.008538596645443874,-0.0017875954800583571,-0.01347423130162384
2024-01-03,0.00045571292582735623,-0.028936296069155598,-0.028346118014398902,-0.026523729339195112,0.005795648544900001,0.0006536823878970921,0.014669840526182698,-0.021597349548652,-0.006627179856486531,0.0018514194070289314,0.0008604682806443442,0.003819700806229065,0.013213242647253765,-0.030444126199634103,0.00252164880802086
2024-01-04,-0.0012325245595625756,0.015234746961598544,-0.007677235610358379,0.002652378444451653,0.03073234371958211,0.035597561334798744,-0.0017809210802247621,0.01806628410538358,0.02046130916305522,0.011050411677268501,-0.015121767095332528,-0.0010574218354837406,0.012268122187365949,-0.00812706667545915,0.06392784585830547
2024-01-05,-0.00858570833532335,0.01312238622784756,0.009283957864351322,0.0006413030820022758,0.008385787707521963,-0.006780288893947328,-0.005142809593055242,-0.0166836755524864,-0.01659103359704739,-0.009710910268498685,-0.0011210141895087178,-0.0013798519920887875,-0.0012404877796733382,-0.004469394099283264,-0.011098054952085046
2024-01-08,-0.011636573609399958,-0.006361988557478826,-0.013688063170895326,-0.015501291968829767,0.006929844062629087,0.0047627864471451176,-0.017828789668021816,-0.01766432260274986,-0.018018512482750437,0.003922512600047945,-0.012732084638060526,-0.012555790855442783,0.002340950984392798,-0.012345602421594104,0.008433521048878845
2024-01-09,0.0003011724500865398,0.004268423746006,0.0008880436354747889,0.005451835759568313,-0.0059645578643251485,0.010428155201855471,-0.0020409525585840527,-0.010193417294458218,-0.01061360823614188,0.014326190739553546,-0.0020047643371245982,0.02035364558789876,0.01472753794937054,0.012499921482518328,0.03990518155367617
2024-01-10,-0.003202537205194589,-0.006146667894314062,0.00632286825467876,0.004248905888513788,-0.02100149312609101,-0.020015590787423765,-0.0026906861253446213,-0.005592885788852753,-0.0069791829943929296,0.0006418898145681418,0.0065045654696138655,0.0005605319324986091,-0.0016909859217945078,0.00336704882996286,0.008168701203468132
2024-01-11,0.0011258270066387688,-0.01690896051325097,-0.011904729861901275,0.006849913010032127,-0.0011787695405885978,-0.0014360799484203213,-0.0014030360001556774,-0.008106889570749343,0.009839648247748967,-0.006491284514596685,-0.01637227865997548,0.011894855452328157,0.00014117383983891507,0.005965716904410279,0.0017586907368962734
2024-01-12,0.005705249559075698,0.07934008248304081,0.03848721852404591,0.04694246377287814,0.054519643047634236,-0.0007989810563802102,0.008753956890260817,-0.0029718129855789144,0.0028032613204089785,0.007369492846079684,-0.0006324332755587303,-0.012640675470248164,0.012701611595611118,0.0029650787051056504,0.00388743506776712
2024-01-15,0.009954998649591706,0.024399463035387647,0.06262752926393844,0.022629019703767073,0.045210376695315135,0.014872786092361645,0.0019284422530427836,-0.0008041736286388268,0.0050960328978717495,0.0025642563571419696,0.01659379062457722,0.017374777462757507,0.024202311740260773,-0.002956313004370714,0.006058367895319217
2024-01-16,-0.0018902221526093665,-0.012438813774988677,-0.01940958773456558,-0.012895762184542359,0.006852333184047543,-0.018279236662467335,0.01005126912156351,-0.0021588355867396825,-0.009029719657822621,-0.01196083462193298,-0.004340109414450732,0.0013823252452926926,-0.005896316376904465,0.017420424912662824,-0.023032107184812856
2024-01-17,-0.03698604563560948,0.005301683498239118,-0.00536084572828488,0.0048092594542819,-0.012973238975681811,-0.007062717051947609,-0.012068579395091872,0.0004130087688813955,-0.013429232591448681,-0.011001400388342075,-0.018790641824986687,0.0036157827517195873,-0.009717858335947516,-0.04080152710185281,-0.014678743301540842
2024-01-18,-0.0013485557902334078,0.0014632946362607147,0.0005182204844842442,0.021405727518640782,0.006464120472803092,-0.03233091476181427,-0.0023573885821867036,-0.016161403768555904,-0.00919657609693414,0.028290928228787093,0.0,0.010960375413282764,0.0016585385458631752,-0.00493739999454168,0.00019348870142277264
2024-01-19,-0.007286570034184425,0.010105842118161679,0.0049726406996017936,0.02564286488410894,0.03639482951018835,0.030571326525113074,0.012889193583150993,0.004856031840541952,0.024625361528905598,-0.00011231691099189423,0.0032300827885483052,0.017326453966743705,0.03491091915557232,0.024809246160334864,0.013024615463118838
2024-01-23,0.011449313530044636,-0.010275936772898842,-0.031233906842172976,-0.016727923556280166,-0.050196337597006147,-0.01896592848330836,-0.025874809215103767,-0.02038452420965553,-0.017621308284607506,0.03197061775135257,0.0010937773382631022,0.009696950615519784,0.02933340522893446,-0.03091252707957648,-0.05887598216765699
2024-01-24,0.0022976287739628898,0.02024779435501367,0.019513716039070372,0.030219919717694,0.01935626190624995,0.02065442975827425,0.009362140554800336,0.020727561400046612,0.018650604982544117,0.0027569149491919465,0.04012760782661928,0.009685295845827113,0.0275905877453142,0.03881631674521335,0.010956494815955953
2024-01-25,-0.011293761742208641,-0.0037603374491927966,-0.016839265730925423,-0.06101063816278529,-0.0012801065386560673,0.019103278463071582,-0.017148402944445973,-0.012649691494565185,-6.806404360859553e-05,-0.009984537938866223,-0.007895562442545523,-0.007162143125190701,-0.024706897091073876,-0.010358879172473356,0.015052106247757102
2024-01-29,0.03081881072335735,-0.007489064328051631,0.006383000635217462,-0.005824311992314812,0.07882936878423963,0.0311355757142735,-0.012838858479950477,0.00660740353254563,-0.0009724804384296792,0.023788388022765394,-0.002015111049852969,0.026082603805087867,0.001378674435740912,0.009345737591973213,0.011467649708674754
2024-01-30,0.00038405969077559554,-0.0031087929608976106,-0.0010570164443884922,0.002662860124173383,-0.01306940782423438,-0.028038799907970202,-0.02612265378200118,-0.002601377614829148,-0.00878930763499075,-0.020772947422271315,-0.0004707199227099723,-0.003151749587521624,-0.0030116307724495917,-0.002222191981490762,0.025477365569170685
2024-01-31,0.0009047559922652493,0.005722427724902834,0.0119576074248402,0.011989434328584014,0.012239200461061417,0.0064987046448947705,0.007989963664791544,0.005597827800634114,0.02094561596092026,0.03404402333004031,0.04797174691019079,0.006838697975908525,0.01039995846160835,0.009279825058533087,0.019951659825715673
2024-02-01,-0.0013696719266858004,-0.0023180411471643847,-0.014221527093250086,-0.01585894824665901,-0.018235948922228906,0.014173194356052798,0.0030573443296810776,-0.01524359212734483,-0.009579809103567705,-0.007402468137904128,-0.02091107907998202,-0.010231509688645612,-0.016656742252801227,-0.008458867412609261,-0.0031771900702922684
2024-02-02,0.00010959628979567704,0.021906322846908965,0.025034562010779027,0.019504884469780492,0.038764450202685374,0.03260875239325145,-0.006322023850377834,0.005510922607509183,4.84865324696937e-05,0.0061792532258970745,0.00773379975720867,0.005184443804727712,-0.00034741358155199187,0.028931776240957996,-0.01074926086555028
2024-02-05,-0.008008896495546813,-0.0036319255557345498,-0.001655874213260411,-0.00399821694449054,0.02215751608788663,0.010827060915086895,-0.004657918696060692,-0.007536140095638411,-0.004729087708775115,0.033282725451384554,0.00909847792808871,-0.013614355039848314,-0.0323686124776692,0.020547926740084765,-0.006128026348337867
2024-02-06,-0.011806375942830627,0.025041555613548594,0.0358661277327017,0.013730962837773975,0.035557951403558,0.004055863213798583,-0.015180955312108835,-0.0024565688956051934,-0.02291940375370516,0.007719525864580801,0.011838518192194059,-0.00596677838082782,0.01840944535187994,0.021900337030748007,0.013666346271095309
2024-02-07,0.0031337736876171363,-0.020642372235642137,-0.008906231640444573,-0.024462474179773763,-0.001468891609759826,-0.010472703698407027,0.0009271629062312936,0.017483283206542133,0.014220001550662387,0.014304227259380076,0.002132453074235263,-0.0031222510503567946,0.00022037568860500123,-0.0017283891229048498,0.03775016519000096
2024-02-08,-0.035088692340791594,-0.0009742232432914388,-0.012823045522516452,-0.00663881494676366,0.004597275854122396,0.0006047212788611311,-0.025297652374961288,-0.03062490596691525,-0.03991537561950653,0.0022723063595151416,-0.0031877981674914846,0.008587099814413302,0.0069206365973535355,-0.005193919695777649,0.004108928990830485
2024-02-09,0.007371210836982778,-0.013444897269013767,0.003272931179938432,0.0013748517244871472,-0.020501494237375795,-0.018132318998481667,0.0022917266968294214,0.011163650024938576,0.01967984347661811,0.02930730113649682,-0.00068172972414271,0.03311661772035479,-0.019174322920301634,-0.016359144715040852,0.004272742343863101
2024-02-12,-0.018881409384260417,0.006439808693475824,0.02242839100267502,0.005911361995137421,-0.0360682465144192,-0.02693148493787534,-0.02081833113525844,0.0036528772684469857,-0.0002614190473545497,-0.0002280375684986513,0.028858738810298323,0.02751128663858271,-0.0013836304888745765,-0.027600990697996597,-0.03211883814792127
2024-02-13,0.016144579846364637,0.00264862755301154,0.020241335847398956,0.0073171344018589934,0.0062040992248058036,0.01708052741906374,-0.0002457410620834155,-0.0006912654107981142,0.002293729386469101,0.005050647917475448,0.0002919661880771418,0.015791130905141948,-0.0007598272541364803,0.003275331221878064,0.02693151821258155
2024-02-14,0.006792658091235193,-0.010893247729207078,0.005668445618398188,-0.026760478573912283,0.03603088889821948,0.02005923410613386,0.0118008810109973,0.01206582260531408,0.005831191217521292,-0.014135514793456427,-0.01215388820487806,0.0052389276740631985,-0.001789227879439803,0.024301689813941207,0.017423321479331788
2024-02-15,-0.005546108194176225,0.006091689123435051,0.007774500758768843,0.005762136655256489,0.03142998083656234,0.03429882207140178,-0.018588200116523512,-0.010665515358586397,-0.011994359399470689,-0.006906083920134143,-0.0009107574895322879,-0.01872927045855044,0.004346525593192263,0.0,0.009007038385758337
2024-02-16,-0.0022998889207644924,0.015092406796300528,0.04725172258906585,0.0016920339360044778,0.005122729398751469,-0.00442162389039491,0.0017330111927829073,0.013898315599327304,-0.007443535182152572,3.287799784557066e-05,0.010315549367591714,-0.004081427818236394,-0.0006246036814152589,0.00779047321877302,0.013976851194105855
2024-02-19,-0.0022187603016708968,-0.001116591661557531,-0.01298343918392586,0.005719548829218324,-0.0001819561076980003,0.0029607777979767658,0.011492884944783732,0.01029096394575002,0.002350586485377004,0.013344889266744042,0.015830012652789494,0.00857490562274088,0.019821431868653816,-0.002459682413173625,-0.01702771850619067
2024-02-20,0.017962355756732995,-0.008530698356875144,-0.0074633467893397976,0.008053421104162739,0.007099923121733687,0.020516556471632086,-0.007697030451064957,0.010404781003644503,-0.0008323766914666297,0.005620548534364778,-0.00641258370964215,0.0162830314057818,0.0015320615313307862,-0.006340231447424238,0.018029860621707305
2024-02-21,-0.0093047993454628,-0.01762336698807543,-0.01983266509925219,-0.018136417809024197,-0.013195901893973905,-0.027769837188755586,-0.006771696021490636,0.0016540336861734506,0.0003757977549656566,0.0030545731983371294,-0.0042111420168954306,0.00010341323302487382,-0.003540307606747506,0.020205584017001677,0.02656548689876459
2024-02-22,-0.012227282426052866,0.015583825370262927,0.018507767511753315,0.024294333453482198,0.006411341965397277,0.010264916999251916,0.0275195051630599,0.007685868707780541,0.00689635117412335,0.009492126961349934,0.0023311475152967276,0.0013388520136590198,-0.003816111517934262,0.013898501554031828,0.006088951111827168
2024-02-23,-0.0004349599818164185,-0.0026764389936646538,0.009603710531287613,-0.004404749107892014,-0.009100950000792363,-0.005301110585873237,-0.007359138551129685,0.006183683892173386,-0.0041558231731413375,0.0020536538996367426,0.012287930416594595,0.0007163868945279095,-0.00863020745896892,-0.0030842901887057073,0.00784529684264057
2024-02-26,-0.010266749958457777,-0.009959149263848666,-0.006061787450712619,-0.018150958888441204,-0.00863322057252891,-0.0004440503227965964,-0.005347616797967247,0.0018999465048525899,-0.006978945610646603,-0.002754084090280995,-0.00021735664209854288,-0.0280555140915435,-0.013946284787221375,-0.019250637315627817,0.004059002053207861
2024-02-27,0.0002636901610979514,0.0020782035180890723,-0.0027210009220149933,-0.0016945666960723749,-0.0018529543483793987,-0.004443329321355605,0.004765329168687327,0.005727978706851156,0.0004999134765135693,0.016570941217732837,0.0013741239163593821,0.005558939391246964,0.015720081651207085,0.010865845106659888,0.014951818466563349
2024-02-28,-0.013563762492248221,0.0045984604171069865,-0.02587254673628958,-0.007870037901252402,-0.013365459435074167,-0.008330839459753658,-0.006931778401817246,-0.010697878332803334,-0.0033747555569406673,-0.005623266370997859,-0.0033414204835438,-0.039007077190807316,0.0011086130664716976,-0.023925143154337025,-0.018987331394295426
2024-02-29,0.0034747374747439164,0.001585592092028909,0.0017383372207568915,-0.009332338015775155,-0.004327335888200445,0.006900863229806431,-0.00489848212495303,0.009841070360395943,0.015835437776240635,0.0026050743434056223,-0.0005911101902521532,-0.0409833481703632,-0.004784087050508479,0.0007106046423088763,0.0024471237277401414
2024-03-01,0.0226404736562531,-0.011470360677589109,0.0009642010670973811,-0.0016092356967338795,0.02248664166714187,0.02353978105479637,0.007876169830703939,0.0020220670481563285,-0.007552499186069039,-0.011850821800788336,-0.03591083407060136,-0.0026549255055487997,0.004762678859862479,0.06460756122650624,0.009653859417886768
2024-03-04,-0.000289419098450594,-0.010575821969540766,0.0026970482041468458,0.006486887471724767,0.0319720286147136,0.030131153844612513,-0.0009768596378495475,-0.004747224330239219,-0.018020623208092945,-0.004585548387158744,0.0228544638456063,-0.008561529444732097,0.004252623396812982,0.021007123263907745,0.024068543618747773
2024-03-05,-0.0066580342062205755,-0.018751450279796744,-0.01383296266615186,-0.005898505318152281,0.01629659189379984,0.012434571847907083,-0.0072109884369951915,-0.01948567110623789,-0.0027382589566694593,0.014238864375347271,-0.005019686546368529,0.004607910075887345,0.03123068772994353,-0.008164654448763464,0.0002682294210853975
2024-03-06,0.025674603348223135,0.006878342390394643,-0.00029206740938902964,-0.0011785207005017284,-0.01233492993018892,-0.01758540782342355,0.004185746578419858,-0.0022058656758070505,0.011418287883929068,0.01893022772671915,0.0018006340788792041,-0.0011219775482835814,0.021216479394002397,-0.0016463301302502842,-0.010031589113934314
2024-03-07,-0.006648748399709081,-0.0006801054298536391,0.004579476517221126,0.013493124964313097,-0.007671583947313487,0.0007103755303372594,0.013975728454192593,0.011014475622981301,0.0017209539055329515,0.0010598152115870452,0.0015043629281965565,-0.0009084796658964667,0.005026400889279747,0.03726903905942769,-0.0026011308887109452
2024-03-11,-0.010526002138362522,-0.00980550989069362,-0.0018429091750841176,0.0006599272322020955,-0.014743040854116374,-0.01206717508960875,-0.01003501917353733,0.019738862138529267,0.009868767596655559,-0.007535605540036072,0.01000936774412775,0.02577376726453795,-0.0025839995745917665,-0.024165357690406508,-0.009833661947512118
2024-03-12,-0.005376825031185528,0.007715887442089953,-0.007190709824065444,0.002560090674758264,-0.013138699036179369,-0.009196693933849254,-0.012090852426010046,-0.008175566516384292,-0.01382305409382767,-0.005835912109576347,-0.013354290783945788,-0.009653990472929364,0.006393150529540037,-0.006190866382259519,-0.05141290466023152
2024-03-13,0.005347653583750667,-0.0009609403730790333,-0.012626025962099052,-0.011684469019642707,-0.05565816280989022,-0.06453965175544385,0.04450478241790812,-0.00277970866797439,-0.0025671255998765963,-0.01622165658270014,0.00026174831099323725,-0.02219773566744565,-0.029478930997682617,-0.0580328734650164,-0.039622884221249155
2024-03-14,0.007429778886109739,0.026002241035344875,0.02686359358728896,0.01264476654651081,0.030937901720508032,-0.002015440193618878,-0.0066279871057814965,0.011537222436741379,0.016935549264558647,0.007442499489028309,-0.0014594099391379567,0.0024550009220469793,0.02211753638910441,-0.00835352393990263,0.012648406165671977
2024-03-15,-0.002352968277130829,-0.011673691082319748,-0.0018341283278262566,-0.00862104980331957,-0.01709404843962492,-0.017244016812543395,-0.001310642566175746,-0.0034830025051058033,0.007147402527941438,-0.014010785140635251,-0.0015410605056646043,-0.006632762615409238,0.0212624921429847,-0.005265132934534678,-0.020163063360435052
2024-03-18,-0.00023019387488643073,-0.019185886357825366,-0.013152912729105348,-0.007448020027469804,0.011014489300373187,0.00268740046102689,-0.003937004255360366,-0.00894884721971434,0.0011659657625584519,0.014888148752262076,0.008934158439888984,0.025629946835828532,0.004344279557630726,0.056457380112941324,0.015236162417719301
2024-03-19,0.006760901576953193,-0.025707632902212785,-0.030086055120712052,-0.016029588988980104,-0.008983231030140426,-0.011666475726259118,-0.018924363950441503,-0.032669875601311404,-0.03274099014584608,-0.014510740106885467,-0.03251037211961694,-0.0038048627231835885,0.0024890967761930227,-0.006345947940702756,-0.015784796337404927
2024-03-20,0.009001892384084442,-0.0041627696373164325,-0.0027281416797168,0.009622610580863444,0.017743591693549776,0.0006381029143165406,0.015016474530787471,0.02171420043436023,-0.002916893444493751,0.0005812592543545936,-0.005150858888642085,0.009953762467532767,0.0028087139004451256,-0.02084050586426134,0.0035235540306430835
2024-03-21,0.0038235472264747106,-0.0001606643975446964,0.014083026940035825,0.01459315060357258,-0.003411048044126397,0.03618690045042894,0.01335092294939444,0.001333067897722584,0.0007913152199936491,0.010229967986518984,0.004079714894698272,0.0013686538926698244,-0.008929906885340344,0.030552941741146533,0.03844062274060511
2024-03-22,0.002398184772434364,-0.02949125529133878,-0.026675983305057716,-0.015669432429463503,0.0011409077057069617,-0.000769183565180076,0.01744815333186356,0.00773404879395434,0.012128817104077427,0.027919910524703218,0.012238522846351962,0.03128176439233088,0.012532527118679804,0.011325717073373598,0.009560375997171189
2024-03-26,-0.012778662495910087,-0.010736621538173008,-0.01488402389831478,-0.006573647241989167,0.00854705639030473,0.013394826011379202,-0.0022166008525199565,0.004935162216061162,0.019825355661960753,-0.006712729921543259,-0.01101843823766735,-0.008383083767771082,-0.01860682054732088,0.003952514985124278,0.00866153847711204
2024-03-27,0.012487900176466837,-0.005895583025008921,-0.01573417132168098,-0.00043836282885922895,-0.014124372178355271,0.007596398505194113,0.0008183833432375831,-0.007598281200100976,-0.008314068835483024,0.003785838283062226,-0.014792597751774106,-0.014392994255646663,0.00964479733589485,0.001968530396528889,0.008129096367150312
2024-03-28,0.005575545216763178,0.009569628714581446,0.01651512395580479,-0.004546312028555932,0.024068709280206102,0.012665743237529226,0.0008177959601125551,0.02178098759634839,-0.0018191916696367327,0.010223472652809429,0.01882832985500693,0.02011547931472868,0.003102459127111823,0.020628694256696223,0.01873933313774301
2024-04-01,0.002912383369316318,-0.0017354895363518308,0.010101923866038698,-0.002844103165269063,0.006901736694423066,0.019505819523741863,-0.003851986654534456,-0.014013990601651649,-0.003267940295126004,0.005368491733215519,0.015013184473067875,0.015802048802962654,-0.009156786090499192,0.04683980782801944,0.05713489811825312
2024-04-02,-0.018596025683285444,-0.00842556149594309,-0.007732680621197252,-0.006227116517309561,0.009633251888978123,0.007156429125795949,-0.0019919977040158132,0.014580710063239355,0.0009703893859134283,-0.004296434619949108,-0.0020478730362488706,-0.005807445491346819,-0.007475182763868604,0.00919401775008244,-0.01413130560967124
2024-04-03,-0.014936930519226843,-0.0014836812482038608,0.004156153057394585,0.014836673559559532,0.010458711946748966,0.018706538296527242,-0.0015264198842134258,-0.026436257947930808,-0.0133368850671014,-0.0014794590694139353,-0.018140023794345872,-0.006962918494503256,0.014442333723124756,-0.006073472337900232,-0.032411554743074666
2024-04-04,0.010397704199089475,0.004086029470441677,0.008692151332497788,0.01920075326697579,-0.023061687109577123,0.009679540822641108,-0.005761939278296935,-0.0017032276732935614,-0.004343718142642117,-0.0003086195642473255,0.0029552830316255108,0.01028231329996121,-0.015379018077539941,-0.0015277207098447487,-0.018075253349306486
2024-04-05,0.0205814965781439,-0.005112033955131934,-0.004821484354310623,-0.012390126451052419,-0.003903242159246645,-0.00028180646791875485,0.011354247587673783,-0.004686957965545635,-0.00011430572081083668,-0.0063914293119656795,0.005991136486786397,-0.006653170025244237,-0.013133306262416933,-0.00030585244778469356,0.019871496644673803
2024-04-08,0.0018204247486113267,-0.0016224941434561657,-0.010617463852730435,0.0013851235798787442,0.009143421936690377,0.025243234941428216,0.0036252687151292484,-0.015604984542795353,0.0028568053445303665,-0.0057800555602239845,-0.0007687576102224369,-0.014067386843725882,0.011502889376546532,0.01132527775002079,0.013688956653872042
2024-04-09,-0.004361405888030689,0.012290786933111475,-0.008543543887638338,-0.010868135005004054,-0.005362206043788231,-0.0016506411018528677,-0.00640872934748038,0.0019014855318135737,-0.006650338206012019,0.001781710763572697,-0.001077088674426685,0.03127892722516057,-0.00020755573625796941,0.004842680302697078,-0.008276695221125396
2024-04-10,0.02546908205773124,0.007994298293768187,0.0031526652325717386,0.011906661761910797,0.011340271045759964,-0.0011022174109067695,0.024862175916582796,0.009908989138071478,0.0029200165589091664,0.0009359313178185502,-0.0016212057992835982,-0.002336559124996418,0.0207149287280457,-0.005723017322423196,0.0005491244672042317
2024-04-12,-0.0070649617731268766,-0.014633776690271438,-0.013723037246184178,-0.019110857510509005,-0.023161769971461132,-0.0020688387162408617,-0.01567684102120226,0.0034023492968342506,-0.01184322592586351,-0.039930203208506265,-0.012025309745504087,-0.012835422907097271,-0.0031315281586232757,-0.009390974546319875,-0.0027987435407466066
2024-04-15,-0.008218155566074303,-0.011180237377859337,-0.02421661777751949,-0.018798804619672205,0.053255595135795364,-0.0016588030229593986,-0.009765228231626177,0.006880234292987675,0.002136069434961696,3.247836665409842e-05,-0.011998855344112158,-0.016139715016575962,-0.00081599618417727,-0.016207920053695313,-0.02597395617172249
2024-04-16,-0.0030864825983228927,-0.0365766922100903,-0.023946889601046184,-0.01883070038209056,0.01179203658193817,-0.0052608803099426504,0.0,-0.0029563924032763866,-0.004451973051504798,-0.0016232986565812846,0.006571295337344907,0.0050133309541660065,-0.0066147724117276985,-0.004973543401284308,-0.010621501972828407
2024-04-18,-0.0032633688005841988,0.003393493325861252,-0.008921704680786569,-0.013505626449139552,-0.031785389831467614,-0.022546962851649366,-0.016553159257577055,-0.03281486730529448,-0.00963992926577506,-0.013755778152058862,-0.015403790181242494,-0.04113816295503514,0.040527838238135105,0.0,-0.022327538687283432
2024-04-19,0.0033020043608886773,-0.005636756347907501,0.018904008139986272,0.011868026068231785,0.004012362993462526,-0.001708876695954098,0.014086261630906094,-0.010091281545484332,-0.005686907774281158,0.004220614979925985,-0.0024007309594824555,0.015705907169478728,0.018368501430789053,0.012808414488268749,-0.00046727478456098925
2024-04-22,0.009650538027237143,0.015234762327946072,0.020430808212672513,0.012063778907126066,0.005631338085999804,-0.021822758135305653,0.0012948230985558862,0.008614683689066593,0.018207831481440007,0.011360674635684465,0.012325809066931592,0.011183898946284243,0.006633104107588883,-0.001542128150889499,0.011102689875131189
2024-04-23,0.0017127028380590215,0.0067353387509923035,0.00021637967020349258,-0.006456920174049641,0.0,0.012394459029004379,0.009169951687042266,0.01730580454030206,0.009361964744641682,-0.03600410188895198,-0.01063805708336163,-0.006996849814084771,0.03452647204679282,-0.004325150289881896,0.02323298265922813
2024-04-24,0.016408934461094482,-0.008076895349792945,-0.004760819297290109,-0.012122237257555235,0.00921235722529068,0.01296254611778802,-0.0006989148787603927,-0.0004396827438285511,0.006492602523453295,0.0007409105092011092,-0.00021843346538585884,0.014277903858056495,-0.0044324367122882125,0.027303718456936465,0.00931935582018939
2024-04-25,-0.10872050858036497,0.005381749232835187,0.002391832358233481,0.0038794933359811434,0.009307494878046274,0.02147028096611936,0.02016790914381761,0.024998543091741654,0.003147657914626789,0.02315320657156672,0.045027395305089035,0.016034491269962592,0.0017210520747910074,0.012987041045413372,0.00033578465944805735
2024-04-26,-0.02067028731542675,-0.00570047841179655,0.007809136844387776,0.07430892309883275,0.003369230137071133,-0.008908656791013825,0.005599226032655391,-0.031178735825316273,-0.009021160540499729,-0.008946435112068607,0.00536296445013873,-0.019658217454135984,-0.00948683247799953,-0.011329714298123239,0.01588718788795873
2024-04-29,0.019832049975661237,0.0031462317505175363,-0.0035515602392796053,0.007468321538930178,0.0010605112906163505,0.019662884470021513,-0.004090797087423104,0.010895298433651446,-0.00012491330623876085,0.009989650205766365,0.00719757228004303,-0.04637613657472228,0.004864227539456367,0.00965011446604258,-0.024118978012701908
2024-04-30,-0.010027922372461195,-0.009897120686541583,-0.0011880018006018567,-0.019250276830794166,-0.0012358826543056312,0.0005510009689255746,-0.005819400318624934,-0.0009563660484067649,-0.004979430778450422,-0.012815389517361053,-0.014736902804611818,-0.0035604819042125424,-0.007617427581668501,-0.014336819747422291,0.006489149152005158
2024-05-02,-0.029742211775777516,-0.004294146669012733,-0.010813185748954623,0.002690998080014717,-0.00017671325325441245,0.016106757053454324,0.0076898306362711555,0.001954200247567206,-0.003413002049721392,0.011250849468529944,0.013409972821076144,0.0019252601957082671,-0.013801773355983205,0.014242467297808536,0.005157779066834456
2024-05-03,-0.018373513889807125,0.0013080064378603318,-0.00010927789483838879,-0.01298444175074942,0.011669029149304455,-0.011109567091636352,-0.005808795316524673,-0.02236983249854141,-0.0031619114900267586,-0.005167791671689237,0.009868841665291228,0.00856757682303444,-0.020436337738615418,-0.005079194653822894,-0.020357981551829774
2024-05-06,0.050171429748667506,0.006778120826045564,0.0028424717300739033,0.00943661396049511,-0.01380637904240356,-0.0223319135140313,-0.003894915667930765,0.0005293068638450027,0.06681284367614415,0.011911387681493357,-0.008835357568270141,0.007837387020696918,0.004697052293560988,0.006606694984746975,0.010134330442722828
2024-05-07,0.012066709120829078,0.010554765976117375,0.011446640007472197,0.023925483094575206,-0.030303139450414407,-0.021440490837397408,0.012880772585372569,0.020855352772684466,0.022176756182001434,-0.009024696542131783,-0.0056963762404291796,-0.025830890226832715,0.0021428161264149814,-0.0199881869511499,-0.03517072334130622
2024-05-08,0.0027069871823486302,-0.009472852798888876,-0.001508951034506989,-0.004216798335946237,0.01187872262501699,0.018043833167777912,0.0014762371388912232,0.01209806826881854,0.01054339138321736,0.004223539416902566,-0.0321608387724176,-0.00910979256669986,0.0019048430197692312,0.010958853127256196,-0.003972494938371707
2024-05-09,-0.0031850043267545036,0.008582479721052971,-0.015759984690775886,-0.01390841278692323,-0.04189993693535177,-0.02644540464070977,-0.03605442376742629,-0.010063015617393978,-0.030276927706159085,-0.01780856702308231,-0.02955584965791347,-0.006858814364707366,-0.010204950062176033,-0.024992465926307217,-0.018299090289240816
2024-05-10,-0.009220432711604776,-0.01017670190791542,-0.008883449549262235,-0.003703231029419496,0.018850119589238323,0.027308258741077562,0.019407262372123535,0.007857746227625473,-0.0006509364722980804,0.007961884298152366,0.007426827730434571,0.006208749157627702,0.020149729299214325,0.0021618071695719276,-0.013203529399794967
2024-05-13,0.00813898438009475,-0.001017572603145167,0.0002212402600725305,-0.0018586027015463635,-0.012395874267570939,-0.012939664814631269,-0.003461431232398504,-0.006691227256344856,0.012581875045373003,0.012279669472230026,-0.002102767180282017,-0.0021053885680000217,-0.011681836080935426,0.00986135781623454,0.015620285446994675
2024-05-14,0.0031076839125248057,0.0008780920500286449,0.00973562391180205,0.010657362470159137,0.022480137949171253,0.01396411383490559,-0.004978666564600109,-0.011485280433316869,0.0019978215513101194,0.013245552543870609,-0.006727375243957834,0.005600245662086056,-0.0012831206429696485,0.006713448468081529,0.0003576285887891828
2024-05-15,0.002733376411261146,-0.0033341199104232055,0.004273086768727508,-0.0007841091639435582,0.002015588083433606,0.01559879396630448,-0.004421690537080192,-0.008985411500988527,-0.014939169055361301,-0.01155158880960927,0.0010563912251828622,-0.002388020606686858,0.019933000727921923,0.00394059179151296,-0.01597038094087533
2024-05-16,0.012872466891058476,0.02352195538603019,0.013419167147321165,0.026245459155257445,0.015359197661009016,0.0002767584638345699,0.008531974521625685,0.0013590622856154422,0.014563509705334488,0.005826961417030763,-0.004187238701075513,0.014173904426854289,0.026872339427990832,0.0018115203939870206,0.01919696351335598
2024-05-17,0.014652708355608723,-0.00622690203967502,-0.007428130378519415,-0.00194960886320239,-0.0007203354391309702,0.011066567058824583,0.011241281933237257,-0.009257214871950192,-0.009916901033873216,-0.003189652169839463,-0.008691650516598481,0.003599304404092729,-0.00048331735165196843,0.008740372140526809,0.008615600175082783
2024-05-21,0.001001947910989065,-0.007027698078072353,-0.00021692046789967279,0.014172039705450334,0.009551324726176924,0.01792298931919234,-0.003437946995113239,0.006256268808986221,0.01794855153850028,0.006236169063825292,-0.0034055709630287367,-0.0008062619568549589,-0.0001114022589208119,0.04182838183987059,0.0037702762722662264
2024-05-22,0.0007655930382721721,0.014398988731852747,0.0008677272475929865,0.004909780949465814,-0.007497304077502265,0.004973192212661237,0.011729409081273401,0.0033930783561724187,0.017245611706562913,-0.0010707206626747734,0.016082019028574646,-0.013466117441640946,0.0026777746938031477,-0.006022310073997672,-0.005340692263892666
2024-05-23,0.0055897727161078326,0.01209784809687453,0.009755074223220195,0.005336625169646947,0.019604365507692956,-0.004146153184176327,0.00329629240144369,0.0020250287182388416,0.0026103859877721902,-0.028714370587699545,0.004248344457454145,0.017364945317687175,0.01940058495029673,0.012694731667595383,-0.00041301128895054884
2024-05-24,-0.00327670503397981,-0.004958003030705371,-0.0046156955420912915,-0.011775564923040993,-0.000705595736308684,0.007118047270499472,-0.01166879947593824,-0.0025866527141488183,-0.007659120285955945,-0.005618392782268167,-0.005417271950657554,-0.009329925123460314,0.010516406915587417,-0.003703707134691925,-0.008145966904496316
2024-05-27,0.004432226035254061,0.004265919307283372,-0.024156093437100568,0.006014600804404857,-0.019770630689361912,-0.014135306788203517,-0.010774939340639222,-0.003180935003767149,-0.005428769132269862,-0.013889760487059921,0.001184884235283734,0.00421843294117874,-0.0029888922106825477,0.003717475575503837,0.002797091067022306
2024-05-28,-0.004295913787331518,-0.0029223139829213096,0.00795663444646122,-0.010979849261620989,-0.012065679609462032,-0.011497350632345138,-0.005793624643112838,-0.0033335629932578215,0.007347983556374782,-0.0007844272307191424,0.015767795294256315,-0.005859097604118957,-0.009607396489347497,-0.003418849341260577,-0.026706176766203682
2024-05-29,-0.009274085533442666,-0.010974453137358675,-0.011511971206750848,-0.021785477241393014,-0.008931693064184842,-0.0021893524405366405,0.00454547235558711,0.009992988111239054,-0.003951868860984975,0.00959106324713721,0.005942710907658633,-0.00017791364819141897,0.004412693374716392,-0.003716320036319165,-0.0020732064126542937
2024-05-30,0.0013329535786164026,-0.016196454290229978,-0.03072301089757845,-0.035446285019323676,-0.018944253536759326,-0.013439492213072168,-0.016475385084944727,-0.028834426287847714,-0.005975383822870106,-0.013421777883554808,-0.021164026098150712,-0.023206749298127716,3.6405353589286094e-05,-0.05796282021210353,-0.019858299392247147
2024-05-31,-0.005739316575546494,0.00532366538105844,0.002860711129591964,-0.009993309262045447,-0.008811384870924033,-0.0019460182407393667,0.006134408207698838,-0.020750208410888815,-0.0036069390038733218,0.00047982245286992686,-0.01394338911401749,0.01261605213914252,-0.003194999542674437,0.018580570144987485,0.016956608081993396
2024-06-03,0.02240540300552296,-0.0007108446312953376,0.013464217138914547,0.013757171032666493,0.07471152939270853,0.09136494105664572,0.009145222607218173,6.38906515220139e-05,-0.002316581126370121,-0.004623840857028827,-0.0014761169642876215,0.0020551234761994053,0.013367128382810733,0.042165204102200926,0.06559184809203522
2024-06-04,-0.0466225302326726,-0.008713279000617913,-0.013397965133349454,-0.004858008812963721,-0.16825055539594214,-0.1545431556379333,-0.01742032008835226,0.030869756650634406,0.030438548107005525,-0.015966420746372334,-0.009077939154283898,-0.0009399297673858831,-0.06570328481736576,-0.08780502733072504,-0.12213074491229048
2024-06-05,0.048933071827203856,0.026154256589512093,0.030469008918150964,0.022270656309427928,0.047397426176651436,0.029433898371586942,0.03636807381657037,0.033817403489219355,0.03033741436487758,0.04017909949882981,0.016289069713394833,0.015216246382284915,0.03435402331837456,0.06448579414173139,0.04331576007147464
2024-06-06,0.009661886146692611,0.02947357562319075,0.021041046650497774,0.03990049728360967,0.01939384159352109,0.025659849374697785,0.011852043044435323,-0.015319704956785807,-0.008420402253116688,-0.009816533950209316,0.011469503285335803,0.004608467081892886,0.01952621336341087,0.016843958001997006,0.04158040081884007
2024-06-07,0.010952838872439807,0.04167081613015022,0.05108452019970966,0.04565647122684546,0.03210461698094513,0.031022217828814425,0.00861292703525618,0.01256363919992376,0.004245906943271871,0.023188647115628847,0.028917200853967984,0.00881409483432094,0.039873041407945786,0.03981402395032707,0.01724652311528696
2024-06-10,-0.004590267500771517,-0.02207215869700463,-0.01919299568699706,-0.027039869859162513,-0.004800334384268301,0.011924656031146563,-0.005123626797391867,0.018282250188048632,0.004548355404502269,0.004147702510697737,0.007399521538708154,0.007008074004790643,0.0005614002010452257,0.007769635580399781,0.0049201846039783614
2024-06-11,-0.014693722666581532,-0.0026671709717033254,0.0016832609382169128,0.006789254769764108,0.055566263526274806,0.006851122529941023,-0.00892650125696659,-0.0024527352822129034,0.0053475985468314224,-0.0088228410933201,-0.010956201060112636,0.008461770584386352,0.0008413641436846309,0.005768616188592368,0.00991045013374281
2024-06-12,-0.002470986417279053,-0.0070533655664415384,0.0017854982597720337,0.01567307087436376,0.007128660148727928,0.010615057668463601,-0.0016166681199050181,-0.0018294495283277534,-0.014217742109723264,0.004734038629296222,0.00344408980619626,0.009929724143925567,0.007812321624964369,0.004963213654167742,0.004380819653222234
2024-06-13,0.006177991183201614,0.005891562340833323,0.011952232496741377,0.013388201512144038,0.0038109659566332166,-0.0036357720307997887,-0.00462631544116987,0.005695047151055732,-0.011003140824186075,0.002621492346806864,0.005907561241300874,0.006095452118546119,-0.008794590191231855,0.0018109852102130564,0.016632690052151178
2024-06-14,-0.005300050608091356,-0.0033803307120782167,-0.01056779402902952,-0.012599481825416925,-0.0041582204950115775,-0.004054612884716424,0.0019753005522993305,-0.003625030032809673,0.002639543700164726,0.0034417949940455106,-0.0017387978253552427,0.00022542235007949607,0.001157306069259345,0.003231688338751537,0.0052056553704715736
2024-06-18,0.0012811771163798724,0.006246218387639502,0.03005242515924933,-7.271267927588809e-05,0.00145244104316955,0.0032568436289326375,-0.005566497622891742,0.003087710412365219,0.0004079572732056391,0.003265191541009793,-0.015447253575791908,0.004631440708594781,0.0006654829809247254,-0.011083756960691304,0.00022767653001309895
2024-06-19,0.015877548562027943,0.008777173229963964,0.007929139636700722,0.007146254372855765,-0.015409742838297769,-0.019342613878209236,-0.011894970930631188,-0.009528116419571298,-0.006523615994090237,-0.011144296966938527,-0.0058502400403168675,-0.010069978202063568,-0.025203881961689323,-0.006073223912555048,-0.02162042857279234
2024-06-20,0.011192543765288665,0.0026796956045893605,-0.010791667704467489,0.008652157549926542,0.001104775189912921,-0.013379320479163126,-0.000826255175356394,0.005423393672436605,0.0033206239161522877,-0.02194151180409909,0.002451326829449485,0.00037264798803127164,-0.00804396840095245,0.012554093866438798,0.017097033145190066
2024-06-21,0.005322045323773006,0.01141615766459636,0.0003058402324198628,0.004809441380607904,-0.008092619452056304,0.006011417585014334,-0.008740771777257184,-0.01628118443561588,-0.00895249330329595,-0.002549288865844157,0.006808129809022123,-0.0009473513204852901,0.025268909121729966,0.007051709024667785,-0.021040578104356222
2024-06-24,-0.0017457868602599458,-0.0036209918904728244,0.0,0.0013572501767045164,0.0009270701273682569,0.008199013452763193,0.008817846561619103,0.012668249245910035,-0.006106543655192143,0.018572064926696497,0.00723612277453789,0.014513828454771449,0.0026481293774811565,-0.011003586499104823,-0.018280573153008572
2024-06-25,0.005274867773957137,0.009691183042215501,0.012842771946103726,0.018584600302695042,-0.010744718197384984,-0.005237763967569142,0.0,-0.005770635637692312,0.010249592807994423,0.007159554364165155,0.0038730264288151517,0.005719225131261663,-0.0034159354234957195,-0.012812005393887604,-0.01879953959155778
2024-06-26,0.0091194130451977,-0.0008107116348573529,-0.0033209000056529936,-0.010295937714585701,0.0028089411860534597,0.011639253061580535,0.0015355223265660634,0.0074736124603267395,0.01301379245155676,0.0105967379303189,-0.001373795410050338,-0.02518516898976264,0.03148523476075371,-0.017759550696747728,0.0012733676284166773
2024-06-27,0.01801853917225049,0.02119177912342929,0.03150239710654312,0.013587691264936419,-0.0009336488723654668,0.0331460763328415,0.0038920879344057635,-0.0001972713139455351,0.001586175167863857,-0.0032213378744417875,0.027322667452811533,0.00907633044190126,0.01116821224446607,0.009272182869559442,-0.010839356103530817
2024-06-28,-0.015323293883871658,-0.004194857581027667,0.007928734089978962,-0.0013266843773668269,0.025046806800762766,0.003181885584021993,-0.0016447773713277325,0.007064734060479694,0.008332901766347378,0.0030338258419442266,0.02669221355126883,-0.00109809079217571,-0.021513835205905996,-0.0008613440975876463,0.00979494823917526
2024-07-01,0.003106825854910511,0.015350257715039284,0.024278935306803806,0.029188794715989008,-0.0045586798378471904,-0.02273035331816098,0.009766932931380312,0.006446919437789411,0.0001734332460181509,-0.0004932278358303899,-0.007598834671834309,-0.0073071961140179775,0.00689038338107717,0.0003449079280832823,0.0007881289649844803
2024-07-02,-0.02129305085166522,0.01901559722249102,0.02057460976244041,3.400553030674658e-05,0.006960896200337574,0.001757975324970129,-0.00827404685690647,-0.009209295352236135,-0.01366740732023719,0.0025986421417865113,0.0026047604573542493,-0.006986330584165201,-0.02410586440613971,0.0026999927306832205,0.006057639509463142
2024-07-03,0.023225671289823557,0.003917127627734551,0.0014864412707946695,0.005196552028446266,-0.0005457552890225648,0.006074573632101732,0.006580494486623678,0.0027707979813573758,0.008784357266431897,0.006495807609320892,0.008735980650479203,0.015596247291052912,0.0006342026738621609,0.010484734772185034,0.012945581134827577
2024-07-04,0.012784913409606968,0.0142865441935498,-0.015398877476995865,-0.01395473753629306,0.008554711722887465,0.000804926804921724,0.0017510605432935478,-0.0024887115126627224,-0.004193447593218047,0.0156132922161214,0.00831798296944175,0.00522379991436539,0.0022537882833728595,-0.00045360313141573627,-0.003031578991244732
2024-07-05,0.010279125609364392,-0.0019386267023661086,0.008290778141879285,0.0015077073962159737,0.040245610746607374,0.018367098190757547,0.010721454794801355,0.011394208675891138,0.02221609440420047,0.006739849433835765,0.006273678274961059,0.016626480412181843,0.004673060998515499,-0.008962456166075272,-0.006916285456433968
2024-07-08,0.0002698095440640813,0.008619488892513294,0.011399901421026426,0.004276885614560966,0.03799430557346439,-0.006187458699140946,0.02294466862308675,0.011362998695744864,0.003921192949384311,-0.007651038159201873,0.002170310537125575,-0.0017539111908855265,0.00381202117423296,-0.01390878829012454,0.003482301982040248
2024-07-09,-0.0028868364572675054,-0.002708270858972739,-0.00036967206935867303,-0.0012606188185574352,-0.005682686778566648,-0.0010598137472328517,0.02028853013866705,0.011408131114512443,0.018011846998155168,0.01863270761365965,0.0074530762983267,0.0004509977976119295,0.00027867642409673543,-0.0027861386296146318,0.0034102829620854536
2024-07-10,-0.009741041681364915,-0.005370595542716017,-0.010073880806541036,-0.0016373492722957517,0.0023533498278891507,0.011536938196702318,-0.0025407642501562577,-0.006323556228604477,0.01529414577137489,0.008294371963328162,0.001473580489835813,0.008765603975951386,0.00661765970559669,-0.02223524405847288,-0.0022062382133987146
2024-07-11,0.008005987663002978,0.0026998760800449606,-0.0027074754629656805,-0.0018791346460065306,0.022136290853016716,-0.011274166662469942,0.015948579083522096,-0.008885933002872437,0.0009990044477208304,-0.010509520295341135,0.00033368736135064303,0.0020937544959513943,-0.0049133773200397135,0.005595948496857295,-0.005677037216182734
2024-07-12,-0.006316014334659892,0.035729307999296855,0.04877364914976434,0.03043266920863119,0.007711505609944158,0.00013251478078868395,0.0008721355430432176,0.006093009551877415,0.004469456825213269,0.0003488572991490191,0.01890899134540791,-0.005501741226812795,-0.0032683991268115387,-0.001361577898209454,-0.012320467309905103
2024-07-15,0.0058378611688159054,-0.0027456116113501183,-0.0008033295676892482,-0.003986574151678246,0.050146367420723426,0.02253734473697855,0.009476143949179283,-0.0014948606787736907,0.003913962720207165,0.005642517433037675,0.011206245383128532,0.013118023997398698,0.0030349624066396963,-0.011441152532797427,0.01411706690268777
2024-07-16,-0.020747986515192385,0.011130295650522815,0.0,0.011440509026189538,0.0004651189172939496,-0.013483551785106518,0.004639501289043002,0.0051853100403915775,0.00906245300251185,-0.004349943526925193,-0.01609242734331784,0.002555438209849159,0.020102958098981327,0.001858957389814453,0.012540486021597186
2024-07-18,0.011881734910821118,0.018539479277564386,0.0241202040330315,0.015268449077539659,0.028049023504883364,-0.007096995952278862,0.010095582534522585,0.007574889195472334,0.0015608924018406523,0.009466133172223667,0.0032275621512418695,0.010404935029996176,0.011694613461125325,-0.004249678204991447,0.001362971229790677
2024-07-19,-0.0017263033107788317,0.0198514340951077,-0.02791367293297098,-0.013200077359561302,-0.03632800703532546,-0.03467905117244141,0.00914405842404964,-0.011115137303437272,0.0010984968121032779,-0.016057602191707154,-0.00472448638755163,-0.021300949840700634,-0.014760945302652484,-0.05163499629412527,-0.03373178781054165
2024-07-22,-0.03516138920720624,0.009983629938243421,-0.09224691063866397,0.0027825992041472514,0.0035977051753308675,0.024269978923534108,-0.016857996795577757,-0.004060956566167784,0.0016841603466954957,0.011920967374002611,0.020328584153663565,0.0031652857792292544,0.0024970015745806595,0.016162815856689106,0.018985852637856127
2024-07-23,0.006457796464263144,0.014385471514983594,-0.010379599265521011,-0.0014375600758398388,-0.0207294368520764,0.02396248817534663,0.054977966243601184,-0.0022224789161231495,0.0096639843224815,0.008977292095909917,0.013897765605328294,0.0002264314707343118,0.00020467143520597197,-0.0018713038022208917,-0.027106671005688754
2024-07-24,-0.012832808332920997,-0.0016060397330992515,-0.0008989812423018106,0.026717471183246744,0.01718912152876917,0.026539431854516682,0.0037586379090790434,-0.015552707395019016,-0.019386873354400147,0.011145100178817868,-0.006533138849121656,0.002966970213691633,-0.007163830114543801,0.0018122686113324349,0.012417419941407992
2024-07-25,0.01657889038286431,-0.004961898494081685,0.013497247100438425,-0.0021521380740013862,0.050852840784890496,-0.0011461997936237367,-0.008298702048923912,-0.023904180838482447,1.712927507591111e-05,0.028620798015851046,0.004845863248013504,-0.005729710524899789,-0.004157434025173878,-0.01821466372634095,-0.009397196000678787
2024-07-26,0.021800919104922212,0.029618895381150923,0.035414775382703656,0.007287534375562954,-0.012507313805640408,0.010582738800197333,0.025002607238198582,-0.00151165807508169,0.007410381998139481,0.02908518758196421,0.0037136487640847538,0.043651590933899254,0.045026330066871845,0.03278480369235326,0.0221757278606598
2024-07-29,-0.010998731639182191,-0.004151396049735467,-0.0007621350095158297,-0.010252148157322338,0.003920407634129708,-0.006056099129647774,-0.012246105816405617,-0.0026646024501300047,0.004222985794961831,0.005250055812305865,-0.005611596940903296,0.0025657925987512264,-0.02182380119678584,0.001968477689671122,0.04857171726028753
2024-07-30,-0.004348050474612397,0.0032334629966708217,-0.005530211213455427,0.00832600536887762,-0.003004023341854567,0.03313033631124074,-0.012398070842791875,-0.005120850042944491,-0.009393603303504805,-0.012563434068324608,-0.005248539775446037,-0.006083845445870817,-0.007425733568916737,0.007367925010161702,0.011379341835575651
2024-07-31,0.012205363478359876,-0.004741305059195455,0.0009588392400508017,0.010630323414735798,0.0069298370330874715,0.022238593107289262,0.011124744066242753,-0.0005289200072131628,-0.009885040351161112,0.01043137425111662,-0.007884914908490304,-0.0038698872276622387,0.014418480040281567,0.007679742387109556,0.01628758734895852
2024-08-01,-0.008435179595558284,-0.008376815011341465,-0.0008620403623622597,-0.00640114458394192,0.02259118593640541,0.017908540479460777,-0.0033308720624841692,0.011256482952608726,-0.009387198648437844,-0.002413818039816884,0.020361486921735228,0.013771069703951255,0.009352675405309041,-0.013730214018409681,-0.017151198082944075
2024-08-02,0.0060245556020599444,-0.016949273729733316,-0.037196816550100986,-0.023794909217405014,-0.03408914176009825,-0.008855738573934402,-0.009317479430942743,0.004468649910199574,-0.0017102632957278763,0.009590848689891018,0.011062753759435662,0.0005592718998195245,-0.007771489730061698,-0.029682280498928737,-0.03369951690325701
2024-08-05,-0.016523786072145774,-0.03805164835807384,-0.034153158467497335,-0.034058431960061974,-0.06013342093148355,-0.015368230462895038,-0.00633819818428949,0.00633229430133464,0.009040398890111545,-0.006525635471126834,-0.021840369478032806,-0.003360641998809144,-0.018811169589740495,-0.05309063936868219,-0.04061814258801999
2024-08-06,-0.0017479125175781096,-0.0004567017667042039,0.009278314120059195,0.018573841060046004,-0.013376385375466482,0.004234852913847398,0.0006173800769624371,-0.0009556905829881668,0.02748387374663075,-0.007440261306059126,-0.0006826284798808757,-0.00447102259003529,-0.015112144776819991,0.003337314481949294,0.013022247504923534
2024-08-07,0.003388810055679592,0.02315692704332073,0.016138972629204273,-0.006572887810723849,0.07513894391557341,0.011050364728992124,0.013057741320665173,0.005700577629518033,-0.0030233540030125683,0.015753423261078314,0.017473624396662446,0.009410153881503902,0.004318877138828725,0.023549814648444745,0.03040089592835482
2024-08-08,-0.0021389661278967687,-0.027070099705051143,-0.02030565761773795,-0.004885873063826707,-0.019446777897672796,-0.020658138951669236,0.004262626719477636,-0.013358052683279276,-0.015787813904194814,0.0014992389824501906,0.0017253946972000112,-0.0265537209983443,0.006970759000356264,-0.023267963999288988,-0.015431930175387465
2024-08-09,-0.0017487136923729496,0.015833403177051064,0.008208456509620321,0.027447347880947826,0.030523452947768925,0.007235695422243671,0.0023244438501379694,0.00626704405256695,-0.0007572694143085368,-0.0010076118104100917,0.01083823924804217,0.007024069632194596,0.008472132399572674,0.010180982999068,-0.0020417439320981057
2024-08-12,0.0016387563852999776,0.015050140979104842,-0.004579601975211789,0.0038495390140786956,0.026311881036832796,-0.023864689133089034,-0.0026215114264601658,-0.012616149523260733,-0.01647122048430305,-0.000835663118352592,-0.01810075385068788,-0.01297086446711404,-0.003756564858228395,0.001646783732795809,0.005475969061014663
2024-08-13,-0.01156518988522004,2.7744526091666444e-05,0.0029649084275817916,-0.006016597135832247,-0.01582174860664176,-0.011600204840469308,-0.009300525457893394,0.00469042745409376,0.0036754072054550058,0.0036047540760009156,0.008981288578221225,0.013379605774045844,0.0007541117891898264,-0.020912793003384778,-0.02585444017987304
2024-08-14,-0.002368714935463867,0.014353781445091363,0.0094801212155875,0.013968344737872895,-0.0230723700857417,0.0003784626001031022,0.004489816913348932,-0.004064812282697172,-0.001297124838258834,0.000890806310112735,-0.0212063187063688,-0.011161884248883536,0.008220839743790176,-0.018202549607214236,0.009584138864032976
2024-08-16,0.01682016115038487,0.019580299241674703,0.042613362430070634,0.03995015357373455,0.004418632355707164,0.00428916938252355,0.02123125326772768,0.020548736542094437,0.012457640945942261,0.0006315833209173949,-0.0010954444488877613,0.027828827295508285,0.008052009843481533,0.022918597374165017,0.055072195181603334
2024-08-19,0.002278752787093996,0.0031470139205487246,0.0067796841513569905,0.005898025210159918,0.017293581522296098,0.012686798862181048,-0.0023873767224921183,-0.008830191368353502,0.0004975075032083165,0.002897656333606724,0.017332516770637074,0.0056827748841050685,-0.009369397798110413,0.029695012272243027,-0.011189325922375204
2024-08-20,0.013641345367646718,0.0039681550352830275,0.009427704733314224,0.021289846454305428,-0.01550828606872967,0.007814587413690566,-0.005284697403964755,0.006132389428187945,0.005808942101920511,0.010613344203273645,0.007813144911340775,-0.007732348519129406,-0.013948918533495225,-0.00019491238310564984,0.011840798982679868
2024-08-21,0.004042880089332623,0.0002670541657294745,0.003240077803038144,-0.014705875308433258,-0.007270564373865085,0.006646224003603818,0.013231886845390672,0.0132022148025972,0.012409423940009212,-0.0009623189923799735,0.013940539085175008,0.011921262515946607,0.009867811916563385,-0.01305784487374706,-0.007839985093900936
2024-08-22,0.004715961467055552,0.0040317186741201105,-0.01396404697997411,0.004113050548953723,-0.010222821789086844,-0.013693752048451358,-0.0016819164690109467,-0.00029382954057488586,-9.42539224795258e-05,-0.007933620792246021,-0.013224879935535006,0.011566101504695947,0.015647935628915866,0.014612896349676552,-0.0015106355411987904
2024-08-23,-0.001921350802867594,-0.009653045127478332,-0.01271667968533896,-0.007975248477541719,-0.009165766905022577,-0.003470988281605303,0.0024774774314297865,-0.008545741639323756,-0.007564116372346663,0.014337461305147015,-0.0020878728380782086,0.004414136388550816,0.013724942663194906,0.0003892661789723917,-0.011347052502822197
2024-08-26,-0.003025366378080374,0.007545412865726853,0.014832083413873764,0.026120023401677184,0.02806525309692276,0.032093641294564934,-0.00019776004289939753,-0.0038154047385170475,0.0007423991987540735,-0.0018583648825681864,-0.0016104213164001013,-0.011762772603566063,0.0045130948242930735,0.009727661043364755,-0.0008240617531138916
2024-08-27,-0.005048262991596331,0.012765375715461547,-0.00548069298886944,-0.009480877672070953,0.003050059298164376,-0.012534704525271834,-0.010085037319717327,0.0007540526869334041,-0.005632357050592396,0.009563133721757655,0.0028300608547655592,0.0002139910629050945,0.00607837356650287,-0.006422664311004023,-0.0028864115109694666
2024-08-28,-0.006682009446493109,0.0205252528621509,0.03374245413778221,0.0016926459419916995,-0.003192987509660905,-0.0014646891747521762,-0.006592017127017957,-0.01148129698589384,-0.010573657935814218,0.012545985723015907,0.005220526590703489,-0.0007373005997054483,0.022065299456700105,-0.006464181579333372,-0.01092935444526022
2024-08-29,-0.007843420340542528,-0.0029652342425218192,0.007669435557161153,0.012289917342799273,0.0054913141868486726,0.002078000572416805,0.01568471890292078,0.0048343281802900595,0.022451745730059924,-0.0069817618456116115,-0.00973676857443928,0.01191625930816298,0.006136255594722417,-0.004749474697066214,-0.006211814331243515
2024-08-30,0.0019974303254317594,0.005353376016327349,-0.0005570203512608174,-0.006586313733828786,0.0034889244750346826,0.015369585404287012,-0.006335389443359429,-0.0015171376139557768,0.0040899127071896135,0.012477788451591199,0.014456560890947712,0.010251914848173227,0.0147837486538267,-0.0013728002196979894,0.015867267993888046
2024-09-02,-0.00030892523235992453,0.010701252865780608,-0.011051148631677332,0.0062023683156737786,-0.013756458137609062,-0.014896702035433917,0.016238332851705284,0.003658862959594389,0.011425603493946612,-0.0031290540972664926,-0.022641443751146628,-0.006849565472453967,-0.011138804517078937,0.0007855654589892236,0.003727400882627796
2024-09-03,0.001994150526173355,-0.011835032216272912,0.006761097339765154,-0.001548693390135858,-0.012262464155862074,-0.008780400965679114,-0.0012744258780184037,0.008307005041942706,-0.0010300147959005912,-0.0024505606861762175,-0.0026629208642269253,-0.005116174748371782,-0.006841137472065384,-0.004775053262895734,-0.0007663435307710964
2024-09-04,0.0,-0.00968453788704915,-0.03152683494164721,0.0007299552354753658,-0.024208647316635967,-0.0031988325706960863,-0.005987468174636579,0.0015806198358137014,0.001774822479498006,0.01178583552776713,-0.009724518569683704,0.012571466022572642,0.0008330094074155969,-0.0063752890252876115,0.0032444380039780008
2024-09-05,-0.0032795663687327226,0.005565780619088967,0.010979459528576152,-0.0035251746880651247,-0.009542050433192117,-0.004566751001206404,0.009578397447028264,-0.011776249586120668,-0.012916413929439097,-0.003464586991884122,-0.013473876667705165,0.0004905422783072488,-0.00941163552344182,0.0035719899067172545,-0.010230993504508734
2024-09-06,-0.007761762603504141,-0.01619117490277877,-0.008097547999829313,-0.00991154577669029,-0.008349203217054457,-0.020954832095513964,-0.018583769596530297,-0.0006787555001486201,-0.0011026386729753312,-0.0010675231903110038,-0.004271411801762159,-0.0039657322455480815,-0.005138255509770651,-0.0032956261185433933,-0.032555100048262786
2024-09-09,0.014738060158834942,-0.0037856950151885504,-0.011044954235673199,-0.027136897293927875,-0.03205964993100774,-0.012537980471874932,0.020031926233690767,0.005413119683009615,0.01641135661609061,-0.0014798563784256258,-0.0016872463312891384,-0.006674528137637248,0.002208821130186278,-0.01157246228429476,0.015351552713162464
2024-09-10,0.0008100377664295166,0.009315582395085231,0.021171287356481994,0.01785702376515097,-0.011040354745240566,0.016544915588960984,0.0036150491994610956,0.007450072864569002,0.005126690109592991,0.007958953040743788,-0.0008265218798451102,0.008869242575626712,0.02281783768602863,-0.00033457689031146653,0.0036891260875724363
2024-09-11,-0.0013117012946014528,-0.0011241849506310464,-0.0216834448405816,-0.002986162426172001,-0.034844488940217744,-0.01678031304849603,0.0014603068291303423,-0.0034116080595860687,0.006490878020775082,0.005091642454845946,-0.005698795858209538,-0.0030772815625408345,-3.16764045937834e-05,-0.008365728542369166,-0.006989675584164745
2024-09-12,0.021349705991247747,0.021097737467163258,0.030524132796398096,0.02536501945285674,0.030669365403672932,0.03900944307868803,0.010012568858472015,0.0003957648426859972,0.01674250505647379,0.010673379994383003,0.010790161454676594,0.023412115848017168,0.04370005081024653,0.024094062061841504,0.014441751662069846
2024-09-13,-0.0038852058459045713,-0.0032556538163430737,0.03876990091358534,0.007789478048632947,-0.008841835671444365,-0.00852179564385247,-0.010875836658189808,0.0014043502119294171,0.003903985211219263,-0.006245175112987833,-0.0034635343068566415,-0.006039490112598189,-0.007469238136044942,0.011532908489033655,0.03313793627339989
2024-09-16,0.006015432635846807,0.003163483521870125,0.002361068568167868,-0.004257207503652105,0.003602492853546968,0.024165545631150254,-0.005351697356311691,0.007189835506308029,-0.011429755987919954,0.004962826423281275,-0.0020418939510643552,0.0017381412608108437,0.0006118181798078215,0.004690871671086727,-0.0017369126926544132
2024-09-17,0.008381878123295605,0.0011792192129163048,0.0,0.0015464076851698927,0.007350585293313117,0.01264896737841359,-0.006554546113861748,-0.0010786418166154332,0.007925014256830343,0.0016908227714196311,-0.002324299639094196,-0.003313819309906374,0.01608121574869026,-0.009013647377268397,-0.0014499336376805338
2024-09-18,-0.0037635175796278952,-0.030933858001780168,-0.024913927429906835,-0.027943439678511317,-0.014424027976693399,-0.005164496590330581,-0.0007877990494130627,0.019749801591787408,0.001996433922472951,-0.016129848995627305,-0.009628026741525741,0.0039740744919578574,-0.004122137312970731,-0.014526940570127822,-0.0001742099679197251
2024-09-19,0.01753000203460009,0.0010833775904117715,-0.00891959836659828,-0.0062600768625638015,-0.01773392674068397,0.023662930320328623,0.001773928430046201,0.01426564725723245,0.001837225394596187,0.005473814149148382,-0.009934887678068383,-0.0008029976346065615,0.006012376175357881,-0.007038581083683715,-0.013245085323511208
2024-09-20,0.017388302431077696,0.0060976450022929285,0.010781043306975935,0.0167362147994079,0.0035056807488997865,0.0,0.01210033396258714,0.024808277437416093,0.012397159683136039,0.010671491781510722,0.007474009788285496,0.007453472521603555,0.0281707908237272,0.016584283610571182,0.03332155894814548
2024-09-23,0.015857174067578583,-0.004880033586602495,-0.007790788553329819,-0.009186031486261959,0.032139615227890994,0.01037852849066434,0.004957268293830808,0.009483038091983476,0.00010470473265389302,-0.0016347724653429374,0.01576829203396546,0.009904516785357975,0.0226084132591986,0.012958774901276504,0.036520083914524326
2024-09-24,-0.010337487179483129,0.0011336490385553954,0.008693150780388459,0.018635513710200335,0.013538723602947611,-0.0005835518316001931,-0.0032885433376000917,-0.010549825745855501,-0.0012960813518370085,0.0028990282304646176,-0.000616218091044729,-0.004306051995408011,0.00354192599943004,0.04247030804129692,0.008080052926242365
2024-09-25,-0.00874815359116432,-0.0017380491168166312,-0.006208807635897262,-0.020982266778653447,-0.0025046085830664477,0.018687158748368793,0.004463857893305168,0.0003523905892854895,-0.003683711873995632,0.0013115107179144658,0.006180201105396632,0.0016077370960818627,0.0021348398873632934,0.007039208149144827,0.0037077143880703822
2024-09-26,0.002292006848849004,0.0026117498251045923,0.010630336300417209,0.0026205134395622665,-0.011717558703705278,-0.0034395255718303597,0.010047396727799418,0.02155811555559506,0.011941219618220034,0.014888633038168564,0.007913055141513636,0.004822418604484735,0.00607807271158034,0.024433961092335865,0.003911337074224086
2024-09-27,-0.0156916184776964,0.003420593830998797,-0.00018447575738811395,0.0014312769411244375,0.006775266020287329,0.005292127050221529,-9.570675293035791e-05,-0.003556514991620685,0.0023504282782842445,0.02649598159015576,0.000815401361776269,0.009228578663442288,-0.0206086237663472,0.005675933936182265,-0.0107683710782156
2024-09-30,-0.009880001121278625,-0.01633675345897545,-0.0006460273783120973,-0.019916159411689005,0.0013459341421981907,0.014419832432958524,-0.008704819621880744,-0.020304437653502094,0.011062801874232697,-0.011289612396631288,0.00025182947243651554,-0.004817538543395505,-0.014441375112022148,0.012008512688033157,-0.020677242732813905
2024-10-01,0.013727370358689317,0.015328400795057373,0.009788503021294082,0.0305606166615926,-0.018985257885072326,-0.006994592631376362,-0.003763444071269939,0.006357035141747236,0.017023849830643867,-0.003503364295808109,-0.0003702334503176141,-0.006361894682056279,-0.006346717523424861,-0.009018223943437098,0.020778609864279485
2024-10-03,-0.030115911413702956,-0.005749954122706513,-0.030361208283826935,-0.013135247750702517,0.00034230408761515285,-0.010793053278215337,-0.006683364642315226,-0.011894917151683781,-0.01773184602846256,-0.0047396415699489935,-0.001992802501814772,-0.0345851256685642,-0.014864341531770298,-0.00029930715688542,-0.05351572282995409
2024-10-04,-0.0075708673768830614,0.013071785146009152,0.0064131767503585735,0.007730417584566052,0.010957233766635932,-0.011255242665521137,-0.017942421294395938,-0.028674448357375204,-0.019860200203272393,-0.0004186489157097517,-0.015202759282685663,-0.01916458769743934,-0.01945074262598845,-0.0013773969278665366,-0.023125459873942544
2024-10-07,-0.010364846803255112,0.008419551476762654,-0.003935853050295424,0.0012991517506735217,-0.019644371357346424,-0.03484716282868949,0.013206219588875134,-0.009352917129848204,-0.013809278535982794,-0.002513075727122893,-0.00352005382350995,-6.65187361469366e-05,0.012889207339726427,-0.014332854548893437,-0.02272582245570487
2024-10-08,0.00734540839959541,0.007367028756387395,-0.008467305709308426,0.006518098451740784,0.01381924997970585,0.01323852969240824,-0.004410047697393726,0.0030693722284471647,0.013741255023395293,0.006245918835750208,0.006981842869493438,0.022316129221602976,-0.0027676432759339287,-0.029447509408693673,0.017380232442673282
2024-10-09,-0.0014417717186010481,0.0021554239192540514,0.007970359831880991,0.0182309439665449,-0.016868381855747683,-0.005938932463477986,-0.03199142068387173,-0.025467232512910387,-0.017269980350631098,0.007146111443850245,0.0013221268142213916,0.012217829730952534,0.012458879800991252,-0.0028836224948129985,0.014226255852939573
2024-10-10,0.04181481438992707,-0.01728338197173951,-0.011578658222124338,-0.023571315978070273,0.0008666347261629959,0.010156526750059403,0.0007119036941158896,-0.0014110635186631582,-0.01559726641815673,-0.022321808612367433,-0.012265809029507357,-0.007683179288329067,0.0,0.00414938008778476,0.010387880961431506
2024-10-11,0.0033580252472209526,0.00838983639832569,0.006285672855501856,0.01688591238049253,0.013160091277571784,-0.0004730814690472318,-0.007824461261589644,-0.0002586421909999137,-0.003940214317494584,0.007522048615993704,0.0024456732746886978,0.004076198756413962,0.005542061540532162,0.005885245348767443,-0.016496306085813428
2024-10-14,0.015087163676150261,0.012299120395589558,0.04022334000813732,0.027594832963206972,-0.02068019838430135,0.0047335800395031935,0.01792300269758207,-0.0038815296882838135,-7.528850428661915e-05,0.0041011566785016385,0.009198050557665871,0.015637116233114146,0.0048595093674947965,-0.014564884118055788,0.019253505233160828
2024-10-15,-0.00816416520663965,0.00020425384994648965,-0.030206397018150533,-0.010132865467999852,-0.009773057443947186,0.004947115863400464,0.0032196105704191957,-0.007114278857375811,0.01516390994648642,-0.0059170661497969235,-0.007244893839473576,0.0067042398434884465,0.01276831564158365,-0.0169908722617943,0.014543969942870882
2024-10-16,-0.009946225576110135,-0.020007221991122037,-0.0015010838621252187,-0.008983191479239427,0.005992183016978236,-0.00550870803080572,-0.010731089944754468,-0.008855729569738569,0.0035262405383162942,2.6328276274023565e-05,0.015011557599852177,-0.009642729506235348,0.009724781815699579,-0.002505954355216944,0.010623092378073906
2024-10-17,-0.006555224773574064,0.024998650695774227,-0.0063892590107925695,0.023308968725930912,-0.01331462279406792,-0.015321220448068384,-0.008718558776282581,-0.03393240184491686,-0.016682838529387234,-0.004714209173433792,-0.001020816533488289,-0.0115961785667682,-0.018916274046714143,-0.01829429603670807,-0.026843760455472432
2024-10-18,0.0037552314479596394,-0.04496723295453453,0.03763593699198098,-0.006533254171130265,0.006036928956876686,0.01723524575786728,-0.00449998867653123,-0.011960311345126096,-0.01691565702895048,0.011007901139520992,0.005526506208053394,-0.0009156541966161003,0.003938523714851039,0.01961933366607882,0.016434415117258627
2024-10-21,-0.04374549098081659,-0.014284900978572379,-0.0010024339766723234,0.007879537245118584,-0.023649760219859428,0.00011764415706916331,-0.0062666575104229905,0.001872022036216059,-0.018497930901807624,-0.006988203428378581,-0.006482666370312029,0.0005012281882972314,-0.008958588613419582,-0.0023167064595793763,-0.01645429773136664
2024-10-22,-0.014559598467740242,-0.0006207426889078826,-0.0048349905240024915,-0.002733311927663573,-0.020969093141545603,-0.021764747733038048,-0.0038250833097770442,-0.0018685241178921785,-0.00887799742513351,-0.004981551532683759,-0.005225952969930336,-0.013519074925545382,-0.00017732589458074877,-0.029929611670196588,-0.05297704739473774
2024-10-23,0.0026373526801108937,0.01177366271740099,0.0032084013899209562,0.023223560946011634,0.00018470558327243758,-0.017919394771694797,-0.003009469036540313,-0.009828778549900385,0.003815315778917361,-0.025535781686295222,-0.00818024426153141,0.002147381761719025,-0.003811488881764191,-0.01070549900765505,-0.012022334425890957
2024-10-24,-0.003167803653824963,-0.005364557775090817,-0.0005480669717621289,-0.00011512229028198817,-0.0064610194262475495,0.008817036458567129,-0.01800773765559316,-0.02943509585517312,-0.023735253986734817,0.0051920349230729634,-0.003813529911720459,0.006862895028277638,-0.004359957886518329,0.0013441928490953714,-0.004904756843458036
2024-10-25,0.003773672399975281,-0.0006976385180095246,-0.00630845407744185,-0.01111923210808985,-0.018766429346253832,-0.031561040762212444,0.02247186096852727,0.0009075903311170919,0.010156139249478446,0.006219941215462876,-0.010330069044911627,-0.0013373348922869344,-0.0074175781334121504,-0.020942393255303116,-0.03044672588127839
2024-10-28,-0.010741386668378428,0.001772234619007218,0.027877454176189254,-0.008098069797039531,-0.0026508997318038796,0.01253459726085171,0.0038357900845660264,0.005020518588455092,0.009330796178086853,0.022844629479020773,0.0065697121298677885,-0.002671184131204374,-0.0015906180988862761,0.024132782255491536,0.05907343412042465
2024-10-29,0.005914803221619858,-0.002738062599842994,0.006444823062391469,-0.0023787732898004066,0.00626535369370651,0.020425691398389123,0.007848798415524438,-0.0020466006188621932,-0.009576576357253619,-0.016448706387716006,-0.028059479936554665,0.008828822878889309,-0.015781430998511037,0.004552154866935165,0.011605217733248407
2024-10-30,-0.014543789769601467,-0.020225241033232866,0.005424986988957103,-0.007977649231462713,-0.012641498508375593,-0.008855972197990059,0.007377826592464665,0.003925263234269227,0.020291120543888708,-0.01041885410475274,-0.01949483195025037,-0.0007084694054447782,-0.0022905853334017623,-0.007263781601421937,-0.00726768088492169
2024-10-31,-0.0020178710344594952,-0.024887563101359533,-0.023794716526013615,-0.03670768800529434,0.01719860069425705,0.005295531360869354,-0.005594486309335345,-0.0058648736783804,-0.009615163838899043,-0.0017277822853343228,0.019482342905812633,0.005757319679313699,-0.012703986432801795,-0.002752246664290303,-0.007926020195622385
2024-11-01,0.007683025113899955,0.0020486691359522524,-0.0008154857558519968,-0.003108122928148327,0.021040812005307385,0.007840276799181423,0.0030686546585205754,0.008550761146506325,-0.005910781863977532,0.005138250318404536,-0.01145812332433438,0.0013170122775540971,0.0023874507383945254,0.008010161867059606,0.0047570371088074825
2024-11-04,-0.008627582120724786,0.0015901111218303843,-0.019134944104444385,0.02166928178672678,-0.02373518537783048,-0.025282542119728024,-0.011625452381840762,-0.01581730746127552,-0.011917913911444256,-0.02663581202576315,0.006906959840408344,-0.010459351990756982,-0.015589688515429523,-0.018697762238789273,-0.04109251756511956
2024-11-05,0.016075348295083502,-0.005358232462558399,0.005362383433065165,-0.0035095289373717753,0.007915608903908522,0.0053621500247806875,-0.009079623832903838,0.00723438476713234,-0.003573233586410929,-0.0029300558791927056,0.0030749442485422662,0.001135349198879032,-0.008075336175345726,0.036338815237237476,0.01158368802609866
2024-11-06,0.0031016570155188994,0.0396191810750568,0.03715296989264605,0.03730139943392463,0.006170459970200826,0.01438853484330127,0.0018742243243297096,0.005812307933333205,0.016021063889731346,0.01322358488614972,0.023502660597886305,0.0002584330334345353,0.012924443204853864,0.008733293148987631,0.036480833318725425
2024-11-07,-0.008907304595766719,-0.011322974288075605,-0.000886743379175492,-0.025124865687443987,-0.01430940243275769,-0.012472519502207846,-0.0066515774169565445,-0.005602913764901518,-0.0010535428491242893,-0.01997316590600451,-0.01132796419256299,0.0655486761194346,-0.014385824040039408,-0.017380515311354428,-0.029944364232671994
2024-11-08,-0.0006296651658245223,0.014919070154581604,0.009939685805124387,0.01838283847960609,-0.009992622445321286,-0.01523024626013847,0.00031392208846625635,0.014495044505489219,0.010239160689925919,0.010413519427720841,-0.002874066269367148,-0.00046471694441274636,-0.00374410198738917,-0.02239144363889012,-0.021657997619892955
2024-11-11,-0.001031082089228419,0.016475837407829985,0.007908580274890609,0.013560560817116318,-0.021519699937290637,-0.012825461129471916,-0.002300917317163087,-0.00723110557835438,-0.05437471942903094,-0.008289177566988104,0.0033109132338295932,-0.035835554716662665,-0.005955786368477156,-0.017347697377088966,-0.010814285891926567
2024-11-12,-0.012958643951199611,0.004677262211501443,-0.004969473741262664,-0.010063613793403814,-0.0029193784300962644,-0.031206236100595586,-0.00859630500982389,-0.010026141837899627,-0.07490826115112614,0.003482658002388339,-0.01863500762484327,-0.018992485427964056,-0.0031398991059917725,-0.005792737608955156,-0.0162701393036897
2024-11-13,-0.01948998818112435,-0.00021409593627907952,-0.002891420495860997,-0.006757648119985138,-0.014054216140174103,0.0027611223284933484,-0.0013746873975111207,-0.00928550508660031,0.0037692276374414746,-0.012133156096028275,-0.014953665380743164,-0.022893184066480332,-0.003342720019536616,-0.0346813659247065,-0.021311310755654955
2024-11-14,0.011878912896464255,-0.002060599238257299,-0.004042250697781857,0.007101948929093327,-0.00692932325863338,-0.023206994323680452,-0.013235962986141159,-0.023464900224466678,-0.025938810831474868,-0.006070778762359619,-0.01469878852908646,0.00026241005639482395,3.2236198566071295e-05,-0.008550620083135785,0.018903254147086157
2024-11-18,0.008694947841244138,-0.02847878914048174,-0.024439793569319357,-0.015822179688509408,-0.0005981035593696227,-0.015570432533860035,0.0012877447582146928,0.01392705175642317,-0.0008645260115925923,-0.011565489465437118,-0.027023739507569755,-0.017308868470899852,-0.008706869296396524,0.023409251296195643,-0.0040646375148624125
2024-11-19,0.0029023494516144943,0.007342223637379686,0.01655068887449418,0.023392312454719733,0.013693000313815151,0.0,0.0017146619702199661,0.000429101506495444,-0.003797273147668423,0.0168789104536744,0.01667288987815807,-0.008157957652411563,-0.0074821264951825395,-0.01239291487768246,0.0046736014784793944
2024-11-21,0.005411741781771395,0.005096698650919329,-0.008629776090554153,0.0015296541366700556,-0.023588705156366685,-0.028770230359493554,-0.02182512544386994,-0.0013322333833324373,-0.018262014641558744,0.0015472253169603878,-0.014916123547949356,0.008314752123058433,-0.00022942572893525082,0.0054496121426623745,0.014151849564445929
2024-11-22,0.014017643932533908,0.03718539946890109,0.026025215432795124,0.02655307408774843,0.014247421861863563,0.026112713038292767,0.03828061888393286,0.016326017129534742,0.009368601745691096,0.008595572632221993,0.01597855061522191,0.028565089190288218,0.02894802715199929,0.018257022405984147,0.03805164558102381
2024-11-25,0.01663395354902364,-0.006597554825666374,0.018892742748208846,-0.008498042282913287,0.05008138987318933,0.00807214118792543,0.00452968258028541,0.004294006691791363,0.011467752870620629,0.002005243246380406,-0.004240528285661238,0.02017280807243549,0.006021761514162671,0.006233241431762515,0.02476966443714379
2024-11-26,-0.003992773630056234,0.01823056209184082,0.011245552872901188,0.0073877569022771095,-0.01415272866242101,-0.018322401884304007,0.00041950434879689524,0.00367760424167507,0.022359603313636844,-0.020734858067057882,-0.0005376136333664627,0.00021901255100775785,-0.0009500661825229129,0.005568454946762502,0.0049191823764787035
2024-11-27,-0.00022418760306908148,0.000181845008127679,-0.010356627144539887,0.006531541924539974,0.00019666505618110008,0.0211529269558981,-0.00010481408799378755,0.003840518671388793,-0.0058741062047710235,-0.006897181599290647,-0.007239441624349863,-0.013262027308359903,0.00025358664286678767,0.00041532142237832304,-0.0044116569292833585
2024-11-28,-0.013458992359263955,-0.03525597187192375,-0.01835638718173338,-0.024732592274187004,-0.008258050199077771,-0.019631733609919766,-0.00429818855204922,-0.016579015705484035,-0.012138503944372991,-0.00868831885635546,-0.006625537807230075,-0.020278637705612446,-0.010934010635930247,-0.007887720774640505,-0.011958307923424782
2024-11-29,0.0034390315422736517,0.000646352730300892,0.009874058963993848,-0.000612760629163045,0.017843078737991958,0.004419247954468464,0.0038955600086538755,-0.0007156001159673853,0.003554287069583939,0.026899145964859317,0.008683258637520064,-0.001783378840332417,0.042777521550391606,0.008020006448458572,0.01118153358766616
2024-12-02,-0.006401367465175389,0.011814753848985449,0.011594801462672777,0.01965189630492592,0.0033111410450736845,-0.01498676499681284,0.0009438936134458231,0.007697094646545555,-0.006860699285268335,0.015525857777077157,0.016177275930662205,0.03469071158716419,0.010109610982316442,0.012937752124969615,0.03177586778159869
2024-12-03,-0.0023090021594601717,0.006543218562434561,-0.0021384887186890467,0.002033281364645534,0.018637238297305903,0.025823494917594614,-0.009744345671785393,0.004374105331856892,0.0004789116929062587,-0.0046998727391363015,0.0022508743956435318,0.00859776295478576,-0.014023965206376277,0.000887885054968951,-0.0025320769336120152
2024-12-04,0.004343082532210163,-0.001506207856548425,0.008057687487722065,0.005773016695306499,-0.006289321154136052,0.014423708850613615,-0.01153319583067891,-0.0017242344597376835,-0.011823958358622155,8.330253810262533e-05,-0.0073090844073707695,0.014845871413422529,-0.022492486263304134,-0.004708565606873272,0.0011806810213408347
2024-12-05,0.010042699693335377,0.024136494632441607,0.01802715945681088,0.015543339446595805,0.0023014035018611434,-0.009657942574189504,0.0008563583151008913,0.0034103754415872878,0.00421529037912638,0.007360264379956183,0.01999100143053667,0.005862594445916747,0.019727353175903017,0.00836474679849264,0.002712444670599723
2024-12-06,0.0010139481227864344,-0.0064346308045879486,-0.006515169350837402,-0.0023223258133043823,-0.004783722936330448,0.0009481734449352519,0.007807500790679489,0.0010152012831563528,-0.00023597543584485958,-0.004742298350332574,0.011170638171051683,-0.005697805213878748,-0.010833531633782756,0.008295249866336674,0.007762411544582903
2024-12-09,0.005233655193984887,0.0006502953781071241,0.021523419163679947,-0.0027765371192697286,-0.004422159396577752,0.0009471043987385741,-0.013159417751358427,-0.01717519054875949,-0.01598290085566967,0.0009973164011600755,0.0011566596379626315,-0.0054539454894515504,0.002941404060990971,0.010722339017681604,0.006827431814864449
2024-12-10,0.004730596962116973,0.012944189305748255,0.014321090757405841,-0.008043367659250067,-0.007725059948482715,-0.00189258718477614,0.0010754533865799942,-0.006460776818637437,-0.001199744060196628,0.0018265802420740496,-0.011791487877181539,0.008958953990439333,-0.014913704411983808,0.002935648280222969,0.006607153384949216
2024-12-11,0.0,0.013137914228606551,0.0029210323089770007,-0.00042535249964925637,-0.0011677546212099932,-0.009887666929791594,-0.00042973398675749674,0.012011999505179727,0.021358908751528016,0.002237553095688183,-0.001451070402379795,0.011366394252697587,0.0046558085611483335,0.0018627391319190334,0.008463792759842326
2024-12-12,-0.01448709762053102,0.0065090751760295,0.00032351913803241317,0.015202972023639516,-0.009937614761482472,-0.027086041672640393,-0.009994557466765364,-0.0075855757496484655,-0.012506369412993656,-0.004713306686397689,0.005530544608275401,-0.015488715983017931,0.015479243323963443,0.001195142898624768,-0.00987731637886946
2024-12-13,0.020891069072297652,0.00639156800010432,0.002750195103316866,0.0037998122740510176,0.0007872795462293691,0.004358701806384424,0.020408155647609894,0.013241396964185581,0.004504588019818678,0.004431029187137225,0.0007627455384995319,0.004476185754577866,0.044208462699842466,-0.012136925403833154,0.004324790487672203
2024-12-16,-0.0006645191761792679,-0.009826456459751887,-0.0024198060776885466,-0.011606499668508685,-0.009636200616939816,-0.011899763848469136,0.00021275031358358731,-0.006545293254556217,-0.0007422306093289865,-0.002012735992198089,0.018935376430657236,-3.441398194792278e-05,-0.01141662564498902,-0.007787828014696574,0.025779385670252397
2024-12-17,-0.011305440417759383,-0.0017424053234635917,-0.0011321169031304201,-0.002703465950909978,-0.0174742000924355,-0.010909638349988038,-0.0011699509776277317,-0.01599105541255208,-0.014391788928730609,-0.011465353317716143,-0.017559711546698442,-0.005572281957439973,-0.028420198693692833,-0.014276992129910404,-0.023340355231676657
2024-12-18,-0.0022701310081574277,0.0012901974357415469,0.012141911792456606,0.004602652356198389,-0.01313664003403514,-0.020913734395301864,0.002023284653134283,-0.006763713132207805,0.0012350949747079731,0.006707471791235431,0.02224173318084799,0.002583566280156102,-0.008295619716180869,-0.00837450866642897,-0.0011461720010080834
2024-12-19,-0.010056145638215996,-0.016648642574698003,0.0004797953996522608,-0.013800692323768793,-0.009420429448541157,-0.012728618131941927,-0.008395364019695206,-0.012636760490856824,0.0006481744173842952,0.012353963220325781,0.039360247673577264,0.008310967866631103,-0.0009988934209197442,-0.00830689359974579,-0.008089988486551958
2024-12-20,-0.01052721165236059,-0.012357382025073194,-0.024140717410747414,-0.03893180757921766,-0.019640213072913637,-0.012300019198606016,-0.004072441943970495,0.0014347205606244362,-0.018314829312890413,-0.00792527780308483,0.013616494901508291,-0.006282903863130018,-0.013872394501169172,-0.018009106562983823,-0.038986570272188326
2024-12-23,0.0010323248812940111,0.0011185919942882094,0.008846796359262887,0.01562827697321567,0.015816011223127813,0.001200267883953554,0.02066067264332405,-0.005500120512077267,0.0013303835386124785,0.003178828886884144,-0.0017117671223865205,0.0018478873697014286,0.005576296408156711,0.007321705892221919,0.016311507542324133
2024-12-24,0.0021199491962711203,-0.007924955177864956,-0.008444435033577502,-0.00437982702843942,-0.007888785426058087,0.004945275931713233,0.008856090005629369,0.007017930837618591,0.008449561395303284,0.0024247704817150773,0.007119631935765813,-0.0034549357209006093,-0.0018904522617801955,-0.009385427463958651,-0.0030203910499798647
2024-12-26,0.0021439868496306858,-0.0008643575431018791,-0.0008189234408503276,-0.003636660207607001,0.005440490969897294,-0.001938569444771332,-0.0031350370757553536,-0.00775361010861475,0.0036993011759720584,0.012286941979016808,0.0031460906536060484,0.002921251028413785,0.009849143892277201,-0.00014247396330890894,-0.0035642099184292064
2024-12-27,0.004050673005215666,0.004901971674011518,0.013276504651817511,0.007623569409620723,-0.013943778590765232,0.001045923374981994,0.0034593716681179387,0.007302666216351339,0.0016066701950321338,0.010807309409343269,0.025310828615709102,-0.0020450909604140532,0.00021881145792801426,-0.010330550361674296,-0.004590517250977477
2024-12-30,-0.010909658787415566,-0.005608448800772936,-0.017470029296922873,0.017059523085327433,-0.017940048968136835,-0.010746357486779212,-0.0033429819758453716,-0.002632119617106521,0.006321678421965737,0.012169291492438061,-0.009032272644608708,0.009377183563912261,-0.008094564457118092,-0.014613853193989668,-0.016949115890072086
2024-12-31,0.026052661098703966,-0.013641193279194996,-0.006091396205082811,-0.01990403855453937,0.028368783824281207,0.005884339835651842,0.013941210830510364,0.004699263847393054,-0.007646813314330592,0.001300511215416078,0.008424608454398852,-0.002447297873125698,0.0005356634852025088,0.008547670295297127,0.005117650900612336
2025-01-01,0.0013157774109369136,0.0013297865982782042,-0.005135072455420775,-0.0013774081795855375,-0.009613297907463236,0.00089981239546022,0.0006203798550445949,-0.0003687151723537063,0.006718959736504493,0.0019083226053902003,-0.014043848653438218,0.010046092745168655,0.005007106693982966,-0.009489377279313205,-0.00048495682933324957
2025-01-02,0.02725899614470495,0.0400265549556007,0.011654941623319148,0.013557485576712436,0.03848913601259718,0.01303763164908478,0.010538213546931186,0.014267531088351104,-0.0014495723971207353,-0.006322797880659814,0.00441929310996092,0.007055933717579732,0.00877353587328944,0.010530846404673389,0.013220164119672306
2025-01-03,0.0008165523482273063,-0.009755542180898469,-0.030776662641250008,-0.021714482883571806,0.052098961319484216,0.005473377837624804,-0.015233620809667947,0.014771499229114582,0.009670456782366,-0.015095917833101935,-0.016290382294804506,-0.0166134877485018,-0.006740328403047058,0.0013027965029785982,-0.008798204440773505
2025-01-06,-0.03208880250170676,-0.0004642693721362834,-0.0005094819443109966,-0.0018645161014740896,-0.01749776348854981,-0.03633950458517721,-0.04547807440233653,-0.021364148747009315,-0.008864150134273663,-0.001216366818857617,-0.0017003778028358285,0.01792188237129655,-0.0065047255750443345,-0.044666157943992535,-0.026810010447880006
2025-01-07,-0.004270480381749819,-0.0036122489668852786,-0.0008495321195977068,-0.008984185742255235,0.035893975009701595,0.0033587606726388497,-0.003501534969646891,0.012654170115168117,0.008557255749675141,0.003247774591951913,0.0008887602316598464,0.0010229747145411583,0.0015108703413524438,0.00907863419358046,0.006142534803551314
2025-01-08,-0.0019186626253104855,0.001191224559295767,0.011902666302959775,-0.004428098002975944,0.029754363149354646,-0.009738406414290912,0.01915654657773036,0.003276740180312432,0.005721966485610075,-0.008444007049306923,0.01420589018959384,-0.03954689539473799,0.00524876866298718,-0.005548075916661954,-0.010113428350016052
2025-01-09,0.01218440691129219,-0.008199062394971146,-0.017643988941812183,-0.012591985916767134,-0.030037214360241093,-0.015519297673080357,0.001223578406717163,0.01628460333641857,0.013662805046966486,-0.006203215575052656,0.000620034146520565,-0.007154151694183208,0.004908827815594652,-0.020431327627186247,-0.02734856446990297
2025-01-10,-0.018992358623682093,0.02589576438158736,0.028224353368620392,0.03822741912697425,-0.0006078746950342051,-0.037771185887016556,-0.011553109967175179,-0.0036124480522766733,0.002618673342985378,-0.022750281794934213,-0.012540002347008694,-0.007727558823395042,0.005506943360245264,-0.019241055795449546,-0.036507983342716765
2025-01-13,-0.010135527245388909,-0.00241490516047993,-0.02894681141040123,-0.02694072303517503,-0.027716536140272474,-0.032603364864451034,-0.013149041497441116,-0.004693271296030366,-0.0024600173361983835,-0.021234861314035403,-0.01424993037961575,-0.02801705572811497,-0.011572561937191028,-0.035313504462743395,-0.05497582985675864
2025-01-14,0.007018017974400603,-0.011288265819444199,0.0034263162615482123,-0.007320758924550419,0.018144164907694327,0.04091215313549457,-0.005580204801321487,-0.008179453770956746,-0.013121383489425043,0.013710013262037801,0.001835139660526508,-0.019409127732409104,0.0018156758525023076,0.0325388062862193,0.01751549374426009
2025-01-15,0.022278157690233336,0.004948270309358849,-0.0006829458284760559,0.01726854702147662,-0.008411182037024734,0.03527706814631615,0.001717847297389774,-0.008742613159670953,0.0030025774795312543,-0.007905844626586278,-0.0002617486026672555,-0.0022365048437114066,0.00459347368419416,-0.003151358626733547,0.015969601189482763
2025-01-16,0.008912468948346852,-0.01087376732774925,-0.015718376416978375,0.006981130218470133,0.019366319453821168,0.012914252662959758,-0.010289181033154682,-0.013797478337965852,-0.006653645981032019,0.0036714338146153214,-0.025762824370811455,0.014614717959370083,0.014152869068010832,0.010116177085620848,0.008233506490315623
2025-01-17,-0.02600311640409181,-0.058596319700087385,-0.02117683611511545,-0.0162059251675456,0.012881121601119094,0.0019969348199737613,0.016980475963691344,0.02208069082275821,0.0020332472149775516,0.013185510788173982,0.005104648957050095,0.0056631371697990485,-0.0016562080084714381,0.019325604496377435,0.01100084718858918
2025-01-20,0.09206183266898993,-0.001184193970448999,0.06490510748070166,0.008612764099941383,0.0104662139205014,0.030354066737424912,-0.005679353140278343,-0.0014431599367918935,0.006385941480367752,-0.004645908178798619,-0.0053841478255796105,-0.006919949607746334,0.00838713783292544,0.01059252642321118,0.015487321814969368
2025-01-21,-0.014162997418252554,-0.006948738378760866,-0.006328081116298789,-0.020362963314668803,-0.013216603015719253,-0.03496497912875751,-0.00034267577432811613,-0.007926840869975527,0.003776677863800648,-0.008744640703475581,-0.010903380660260864,0.02039565429693857,-0.009139957541237753,-0.014886835982986013,-0.02984476160130123
2025-01-22,0.012781959931236653,0.030960239329291595,0.03603135199433072,0.026485726560186995,-0.006583926704100795,-0.005858785827985602,-0.0012569842231113793,0.005167491524735057,0.010777086551024606,0.020565141263449327,0.006288135412666929,-0.00379374070025984,0.0034436844273171285,-0.006013904573990758,-0.032660342160464984
2025-01-23,-0.011812210968456527,0.0048478908621085726,0.027822915430515183,0.01748875811244499,-0.003787071830419486,0.003877275264121627,0.007322732413864941,-0.004008533473992326,0.011277751876674458,0.019261219993610856,-0.0052844590648977174,0.00405484685040336,0.0026046251708429224,0.011247255557153002,0.0017511737285740292
2025-01-24,-0.004565023725993211,0.005360703314142734,0.0075541142747637124,0.005632013222667043,-0.024862211119188626,0.0,0.0031802933433622282,0.004070008452876417,0.017745229089104697,-0.006217255186973691,-0.05041115323191547,-0.025401556469241915,0.005378944232774963,-0.004832275820321308,-0.027690331524974132
2025-01-27,-0.002544807127439541,-0.028499839655068082,-0.037956866925483945,-0.04013226095983957,-0.022338299055492672,-0.0044801861441557955,-0.0033967190616498444,-0.015014189827353475,0.014642616181336443,-0.01939968459614061,-0.021847362276967264,-0.007353490140843855,-0.02565666897512231,-0.025975055716548234,0.01244156432336574
2025-01-28,0.0033750814794040185,0.004253635883327833,0.005464581371494859,-0.003355789674134857,-0.008373962322926087,-0.012259516115047275,-0.010565695296388844,-0.008483555196118764,-0.022313417732686136,-0.04552700737809767,-0.013693501571035105,0.0020162887985315514,0.009827780520160534,0.017804795522957884,0.032461934853259544
2025-01-29,0.01726935599046464,0.028145835597937152,0.029150160429354255,0.019898730123785402,0.010937735113577096,0.009426546388557,-0.00482262913696796,0.011315557215014538,-0.004683109739894387,0.01750226927980192,-4.228055892807614e-05,0.01123118576295501,-0.011060672890076173,0.01694920189433269,0.025662315475254438
2025-01-30,-0.009815963728882049,-0.011322226425144355,-0.011041752991176601,-0.00657289576577591,0.021161587426730133,0.005447459728968207,0.006576730109721707,0.016806511371548094,0.007603713115286848,0.0021608536629402764,0.011259663321581792,0.005947582847636967,0.025180468774519404,0.002446361079776249,0.006238126509202191
2025-01-31,-0.00010518380729485077,0.010672338256347835,0.009385136329650212,0.00260464008034611,0.022943197122678116,0.010920526925686014,0.0259054217518615,0.043227337534105015,0.010698697723465989,0.0027888468717307546,0.0191293073283354,-0.002073337863238711,-0.008806951789964712,0.026693284473249923,-0.0066661576053757
2025-02-01,0.0009467538488283633,-0.015134608251837989,-0.02276381527224769,-0.016751728375527075,-0.019268075017831676,-0.0194444098022718,0.03363130041674456,0.006052238296942347,0.013977586527052832,-0.0010034827088343246,-0.010186007563139032,0.004493145369677043,-0.0018753853564362766,-0.012256729925527954,0.02093816145114924
2025-02-03,-0.009773548017368183,0.006454773756250809,0.028871428052398285,0.005041156346056397,-0.03319736375281135,-0.020302252345204885,-0.017727750959232846,-0.004339909872885239,-0.018418293911833805,-0.0009182793470432493,-0.0009129028319686538,-0.006205271589505901,0.017926957507247376,-0.008648601615046436,-0.015775876631284547
2025-02-04,0.02334837434314685,0.019052209202868875,0.008450313587142766,0.0026290370199844038,0.020481928107729308,0.025220903677513062,0.0017607028411510406,-0.007617485221900089,-0.015120808665386454,0.014161728709100707,0.0133737494393118,-0.0009486950263503102,0.005507284573787352,0.012137762195490565,0.01809920360610362
2025-02-05,-0.008685553263029777,-0.0009215666199752226,0.002687709621596257,0.0011753739125246465,0.02971253423656406,0.0015669337806305528,-0.015379599290642365,-0.021961749972005506,-0.01903217075964858,-0.007081195216440794,0.006229868550361228,0.02244481670652876,-0.000601875604323121,0.007345109038900732,0.0015743875664220308
2025-02-06,0.002196936999473653,0.009804636910448306,0.0026806070177982644,0.005177614698914201,-0.02102026431651771,-0.02127668541046468,-0.015731239932661012,-0.004224134023154025,0.004743861263265092,-0.00014343551612350236,0.007413081344292527,-0.010137237500477903,-0.02451145753624806,-0.0138392153096204,0.0008514391572473912
2025-02-07,0.00694176989773565,-0.006264189035658396,0.00015718953239574063,0.013476232644330732,-0.008958803083157774,0.013267401548183955,-0.023237334544746524,-4.496718675373046e-05,-0.0172616324686653,0.004477646355190101,0.0030323829387624013,-0.012175910244466404,0.0351906704455327,0.043534026234151035,-0.008638165343567872
2025-02-10,0.016016553071588335,-0.012265917261953141,0.0033017812419919856,0.004107407178370437,-0.025914082683581308,-0.020350293459493574,-0.008471705522566153,-0.0018200285509952785,0.008038233600076605,-0.010115540898135711,-0.015680575278003483,-0.004314804979430709,0.00972120869553006,-0.030872694955498714,-0.03498581019939695
2025-02-11,-0.021197300581905165,-0.0024730629733408227,-0.018962355291962107,-0.017627609663728117,-0.014435996428666664,-0.0157810269152584,-0.020833302654217567,-0.011503668662226851,-0.001140713388385839,-0.018676754668153994,-0.009132114948492087,-0.06565356075223627,0.0021853674538749868,-0.029319561834835972,-0.02989266032284943
2025-02-12,0.013212723443666974,-0.006664353254124622,-0.008945640829709833,0.006650304952336983,-0.006486708222256943,0.002126907641718523,-0.004613897003951095,-0.0007971198096118348,0.0029058033615638745,-0.0034710845957806047,0.005000836896017047,0.00905450463567381,0.008722628522744857,0.016678119105362432,-0.040967467174035654
2025-02-13,0.014840826785674333,-0.010680817429426837,-0.005319245819681906,-0.002916249051641895,-0.010320136363285326,0.0014695460413949313,-0.00048794134397944777,-0.007384603156610714,-0.0060182968248616575,0.030994478637188294,0.006374210086912191,-0.00036865953529652273,0.0017819020101725869,0.030012119348749033,0.0008823783846132471
2025-02-14,-0.010340530546754767,0.007134120660347021,-0.0014583281450739616,-0.00967000687137931,-0.018940131699157647,-0.020704410349468128,0.0013424141942499634,0.00840394725168725,0.010422034317646212,-0.026254801717270126,-0.02169837474863079,-0.01456811528787505,0.0014290049922127679,-0.013064194000216411,-0.010798531196346217
2025-02-17,-0.003636559726870381,-0.00759528692422351,-0.008925696253454296,0.003525938072736823,0.013665894905096732,0.006658908316976575,-0.004021923056051313,0.009404198841236111,0.004868781844445724,0.008056475713050792,0.001587210444338405,0.004736482963840771,-0.02416942464704952,-0.0013386217683010182,0.0021535842495066237
2025-02-18,0.009278804665479923,0.005238000981332425,0.022433313737348914,0.024054907812185222,0.012625757619461053,0.029270791678148722,-0.008198701932024655,0.002661801279957521,-0.014606093243165863,-0.007350341399489868,-0.0012926881200445717,0.012166310222123222,-0.003968795048591045,0.0018617483345375607,-0.003927390151078347
2025-02-19,0.01102700902873055,-0.022219797082353332,0.006085696132157814,-0.011261020898856056,0.00718514130372272,0.011568059871159164,0.0028376951770041625,-0.007851867999015716,-0.010978830565765096,-0.014692019236754339,-0.026348827331559077,0.0071821128773215115,-0.01420099075637593,0.009067804319644601,0.026856160816851826
2025-02-20,-0.007279640319715841,0.007924684088330913,-0.002547093476480411,-0.016579700927549568,0.015106963701776221,0.03287807563124545,-0.010703722878863786,0.0008162812329788327,-0.001054387998565276,-0.004354056937111994,0.004374461264428531,-0.0049355545211040575,-0.0010333629250898202,0.01679440874271365,0.006882656754938488
2025-02-21,-0.008880809424985037,-0.005561239981550892,-0.022183014844667448,-0.005036577077079829,-0.008267877584717476,0.0033830541528536706,-0.0028602811053137778,0.0037158933116165915,-0.00010344783086346787,-0.015305915823978222,-0.01635405606540863,-0.011485016516066926,-0.0025859279953514003,0.019704460795943568,-0.012447919036969401
2025-02-24,0.006681954405847179,-0.028044049098044144,-0.03688600737741221,-0.021703592309837094,-0.023134564224886023,-0.01885052333122017,0.002494314251398455,0.0024605991047244036,-0.005712076774974761,-0.0025855001913166475,0.011069553848734648,-0.010470868678831513,-0.02315082766849219,-0.022094383327157296,-0.018287783738690888
2025-02-25,0.0005849153483887815,0.0020406413419262748,-0.01270958549543133,-0.012238980345839479,-0.005760691755220981,-0.004373766676471602,0.007340235282667695,0.013510952488407835,-0.0013008705060718606,-0.01579745557554546,-0.03125667453492165,-7.99705206711021e-06,0.025042173879912033,-0.004213574043717028,-0.025085465710037225
2025-02-27,-0.010013902190559532,-0.001923315232368994,0.010985260919758266,-0.003575948791436634,-0.008583620176550233,-0.009413108531298509,-0.008027629486244914,0.012353410284793975,-0.003178375933018396,0.021008897677020633,-0.002304702438938877,-0.01058167415390121,0.005483200338002536,0.011818839569539552,-0.02192445186026859
2025-02-28,-0.022900661392020627,-0.043416643038007074,-0.057215688505786066,-0.06321436285263671,-0.024891820181798474,-0.013462228786452757,-0.0164343628679271,-0.03886841050722534,-0.039171578295207454,-0.0329286307778589,-0.008040499709050075,-0.02143834135271605,-0.048594315546391376,-0.010743478199918166,-0.010663139227258145
2025-03-03,0.0061221476659025775,0.012383695296989572,0.021249670194169346,0.0034951570672692167,-0.0005327041426173018,0.009471816969658153,0.006202506220825743,-0.001872456252232535,0.0002502856616302118,-0.005115373612168628,0.002776519213078865,0.019495851070471693,0.016303683894976384,0.009985496718234677,0.018487979213769323
2025-03-04,-0.003551700107573219,-0.01188111088465682,-0.012519785086226642,-0.0032149023428531542,0.007240207076581129,-0.0020673758702735023,-0.006541691772607772,-0.0178673744141139,-0.004655548900933337,-0.011734300206964421,0.0004912478601071246,0.0028440381910976864,-0.012814918301019884,0.005556723525057761,-0.006179569911397675
2025-03-05,0.013261371828877433,0.013741657119940909,0.01821437861831554,0.033495612876008884,0.009613631080773066,0.039681285416794054,0.02583252955117099,0.023526828479166095,0.032118668241493786,0.010181859494694079,0.005579641135828872,0.0042419198819925175,0.027232006942207176,0.048514485493462045,0.02805848944366396
2025-03-06,-0.005897311715002518,0.0025415687954739585,0.0028059537677840307,-0.022527843105056067,0.01598679896646149,0.0358674882848542,0.0016048782246440574,0.0019116234075957639,-0.004150705554978096,0.019937520838297695,0.012162606208789839,0.009606751462709617,0.0053452874705615105,0.02970565302739625,0.005972607335378521
2025-03-07,0.007129075800997864,-0.017396632474362517,-0.003847531988517172,-0.00738294979594134,0.0012468036394219784,-0.024711497727485487,-0.004436773883211953,0.016922556222115137,0.009718181298035367,-0.002911963861876088,-0.006008335832695222,-0.00924434579948119,0.002335744233861181,0.007444801181710536,0.0026304041255547084
2025-03-10,-0.007052756713932018,0.009163727343526551,-0.013693690303014927,-0.003685470481652464,-0.041650574403992335,-0.0004551834839016111,0.0027233823592194284,0.0044449848890650845,-0.0022218138546410415,0.0013670015052376083,-0.011515507405249537,-0.01069789918957964,0.00015324895035928598,-0.0033649297372051468,-0.029907806413066007
2025-03-11,0.006998855568108642,-0.02342120334627862,-0.01121405504400308,-0.005145029901808207,0.015816143458007748,0.002732249530559505,0.0029630690815378724,0.0013343248881168002,0.0051395863109113815,0.027179691694148245,-0.0031690533705623913,-0.002406710959329761,0.019620425742123304,-0.0019861464570154475,0.04172455731332758
2025-03-12,0.024467722787653967,-0.042579498378237046,-0.03312331000851576,-0.027650138937191482,-0.010232974372584858,-0.00045405508746532153,0.0152632398717647,-0.02482895700295007,0.0062997256787404865,0.013018729529090223,-0.01029862172459628,0.0014588390868530698,-0.012086915402909848,-0.0029849900542617824,-0.008010577460485946
2025-03-13,0.0012861709033453739,-0.006914458924843436,-0.016942800098919242,0.0016339664322351233,0.004590007651685157,0.005300569591358384,-0.0008485629677825735,-0.001616914552952986,-0.013313671567205532,0.0039358741652362195,0.002533435067470835,-0.006201405306172414,-0.006300012738257199,0.0038589380741911317,-0.015851690912508376
2025-03-17,0.00403001100894973,0.006456338399974282,-0.015719697166572844,-0.0003817729021923233,0.01911908425781106,-0.000753204706241184,-0.009950288112512973,-0.008029418035834901,-0.011283165438455978,0.012385433783108857,0.03858478565018375,0.008352835243066181,0.004073530920782664,0.006163727097140637,-0.0038748327428190787
2025-03-18,0.0,0.0,0.0,0.0,0.0,0.0,0.0028189939193594693,0.0,0.0,0.0,0.0,0.0,0.0,0.0,0.0
2025-03-19,0.014274306072478593,-0.002201187468687693,0.022513021482075235,-0.030518866274135137,0.012318274747011637,0.029096976636737493,-0.014788611252293582,0.004438194695991049,0.006887821542746808,0.016458318014112683,0.01859735668848317,0.04400129253304241,-0.001220203782472007,0.044727074491375696,0.06406834427743169
2025-03-20,0.00697482567856178,0.018278726111515597,0.008656347728095204,0.010314193149407958,0.012985305530152536,0.0013185382699607562,0.002233053576221611,0.017193160839616084,0.026343110249912316,0.010332797215688805,0.012882964324252955,0.0072811717588201486,0.041596691596177626,0.002774142515844291,-0.004659083262338215
2025-03-21,0.021295385997194716,-0.014236708557229472,-0.01380603272141312,-0.0009217196114141846,0.028991042385918764,0.02794430404992454,0.003960866452245471,0.021291492411249058,-0.003539513287514673,0.019568614040009535,0.010907965544103337,0.021191280512694366,0.012051097953434509,-0.011066372784561018,0.002304535663680163
2025-03-24,0.04672927326703458,0.00012561693800083873,0.019296291762955997,0.0350541837253866,0.005816409610803763,0.04454888010791569,0.013191870745048906,-0.002335990519365172,-0.0035625329472399603,0.00016815823995108836,0.008457368906919172,0.0006427956771157817,-0.004056106024106776,0.0072481970194775425,0.014513497394236907
2025-03-25,-0.002826103069045738,0.02241400270743865,0.005939136479576668,-0.0021595356521277864,-0.006479910923818388,0.0,-0.002677067038131198,-0.003843566083524652,0.010079554238767052,-0.011233823982465752,-0.02677022048665567,0.004368365727446477,0.006807045883492124,-0.010667858545473252,-0.015297427943351094
2025-03-26,-0.011566767295797975,-0.017808415221912344,-0.013284175527985997,-0.026932294352302488,-0.010443778069732623,-0.033519632233593666,-0.005978422414574136,-0.005055776324406236,0.0009287784300862079,-0.00328657952364797,-0.011291313365982658,-0.01879694755858685,0.004651903814702374,-0.0058699100305728,-0.02121686940540224
2025-03-27,-0.007576179699382846,0.0025634763861051013,0.01795067408676565,0.005366014995725754,0.010220257660613852,0.01691811451692815,0.00515521621861037,-0.0006239778388508199,-0.0017527544024188435,-0.015634360475124787,-0.002060816921669817,-0.004256326812287936,-0.007966545698558591,-0.002503059527955598,0.01183031188862671
2025-03-28,0.019989159065551654,-0.020517031171352396,-0.03655399769800616,-0.003967983897826488,0.017384483415366248,-0.008456985174633003,0.0007327164419212995,0.003880202758131057,0.01976780883351137,0.001877077914258507,-0.015487832197050522,0.019123570403548396,0.005044495889346079,-0.0075923137807729635,-0.011619385510588498
2025-04-01,-0.01165256372612522,-0.028109351787752757,0.0013345821688595105,-0.016287713995679964,0.006859321849664646,-0.015240430529702476,-0.007565620952884045,-0.0074417713059726776,-0.007312284068804575,-0.020954644817074652,0.0069917202914282495,0.00243329117465807,-0.005336349120074746,-0.00726148753089384,-0.025569486735799618
2025-04-02,0.004054349708093152,0.015493017219828209,0.003808150319523085,0.019997986392446654,0.010360010695877886,-0.001135952454906164,0.005901932375862451,-0.010429873634402287,0.027873060204742783,0.009008841832195413,-0.0019093947349587692,0.015055075995533018,0.017660823389091362,0.010253494963229137,0.030236737875919628
2025-04-03,-0.010210856418740644,-0.03460960068585206,-0.02750379795951574,-0.03773592765270184,-0.029245224656513136,0.020327028755780185,0.0008555920474644374,0.01580947959305301,0.007156514128080271,0.03288301000489047,0.0012609601679560711,-0.009031295459067556,-0.004901348620301449,-0.006917179799181161,-0.004537857029208614
2025-04-04,-0.00030467741543138693,-0.029969845765862924,-0.039204287090046086,-0.0353453132950623,-0.07110274069998412,-0.02368353414565927,0.0007328059317470714,0.007347608266379035,-0.009865175603000487,-0.034265573081625256,-0.036041556060044,0.006475396834784375,-0.0014605572447066173,-0.08612151256066891,-0.038379477630897774
2025-04-07,-0.04413799934753604,-0.03781908152850433,-0.013804373893125055,-0.024944029827085323,-0.02729959640658819,-0.0017123045822897698,-0.008908958492486296,-0.005813095416923764,0.006459834623668392,-0.025155801654952903,-0.019865638547689857,-0.0046539837737590295,-0.03257903335255952,-0.07771214225404333,-0.07018884621565036
2025-04-08,0.0084892988847316,0.022946167434048537,0.01790871625534174,0.020496837424119674,0.03102261130568218,0.009005219868363001,0.01600781172735255,0.011738551358075666,0.024427199203423067,0.01320252176049741,0.01842978009921481,0.01081805876735853,0.020010005778817508,0.006178652469245538,0.02220208933378265
2025-04-09,-0.0011921130811216596,-0.0175672866711043,-0.04287161946661777,-0.03168753030719862,-0.020824198216777945,-0.010199688696104547,0.009089896322703295,0.030522107675258647,0.030911148738729244,-0.02141154148253288,-0.012545567321027074,0.01161997783278279,-0.0028190332232386206,-0.023794942242183148,-0.013997245041380002
2025-04-11,0.028499043232986798,0.0040963148534016725,0.013099520406185672,0.007464270302550036,0.03798319132845607,0.030771374349758185,0.012611079230547606,0.007057994680705004,0.0020133893784479717,0.0213958966095269,0.014121818082381443,-0.007777199255858291,0.02392813509514058,0.04906434519701963,0.017540988668920177
2025-04-15,0.004263055471474431,0.011742217815352785,0.017726821356593314,0.015168580372793006,0.010070773371047892,0.0066647205427528,-0.0027280478594903235,0.002752605057916968,0.007681867185722169,0.01034037680918698,0.04091933572431694,0.01829385438728548,0.024023734236943373,0.022410391431572085,0.06286085136939201
2025-04-16,0.0015092000575676057,-0.009046260413802187,0.014958975206493363,0.005377594872673086,0.03665830186596364,-0.008827547901248511,0.009633794692112563,0.006503749548270932,0.00461864766869402,-0.006979435148880442,0.003030591072301636,0.01455469655675845,0.013230970791794805,0.004105372792734263,-0.009882318553577574
2025-04-17,0.030470025364782716,0.004529028882543029,-0.04340806868550784,-0.0014517270953937622,0.009410482557953737,0.013080936271747001,0.006596700682040435,0.013972222245315802,0.007089722460574599,0.034492925303031274,0.004488823510327755,0.009706725241487524,0.03648634906801451,0.001241120207850166,0.020038081585128875
2025-04-21,0.02435908302918044,0.022190900249224876,0.006542882633899794,0.051040618605315835,0.025832636908087236,0.0015109892001146097,-0.01029840715599184,-0.00711747346602698,-0.01125652620726425,-0.003768265801077364,0.011859935238937913,0.009754624211831153,-0.003017261684755135,0.01487521326918384,0.009710205080327272
2025-04-22,0.012224452783484718,-0.019434809087187532,-0.018033130819897436,0.002184205659851113,-0.008007044334125246,-0.011795326566150788,0.02542263393525457,0.003292536449432504,0.007843209295511855,0.0014328143309481067,-0.002038412751177887,-0.007560314739659568,-0.01656584755981627,-0.007328592261735767,0.013463479565631209
2025-04-23,-0.018423875536149548,0.03661793270198754,0.04035876325334398,0.04584081230397974,0.017717280934549162,0.009854324056806973,-0.006342177646376013,0.01084194611590128,0.020016547143073327,0.02369230836694758,0.009361615451279004,0.0075473819390123875,0.015873053257969838,0.02171391659673616,0.003941691108356515
2025-04-24,-0.0017961326561365398,-0.002373040835315976,-0.0034894107292090526,0.0038900676565809533,-0.01110356747025576,-0.0016493205033716318,-0.0018567854982654008,-8.223965449571935e-05,-0.014862151557771042,0.008441453951971711,0.012226013853758655,0.002450351659021077,-0.01913265415961607,0.002550360877757729,-0.010469665751195567
2025-04-25,-0.008367089919008253,0.005980572933528938,-0.007620978148665136,0.011624713501745099,-0.012190663501979504,-0.018584819190908375,-0.005231985357596058,-0.008096284497690176,-0.0075797385381994875,-0.009146908576338375,-0.021407724529895922,-0.02884287049412726,-0.01538799414051828,-0.018866551954018873,-0.039603279262911406
2025-04-28,0.009617189513155155,0.0012835923722847031,-0.0016603933399316206,-0.00034208613131170296,0.017334388449391502,0.01416743857353886,0.0023375484230405696,-0.0031074656037597403,0.001531255746616056,0.0303234387192306,0.02034379506779138,0.01323168973725819,0.00253148303972206,0.023190493057084316,0.01583660905143125
2025-04-29,-0.009255911768778824,0.01039072652608608,0.0037421990534154403,0.023126975372568026,-0.019632920446499003,-0.012586289808986129,-0.006529856490020247,-0.00768916720436108,0.007275962227731636,-0.019602517718859236,-0.018937184037783994,-0.007452060428790319,0.0010978001305921303,-0.004012149858121483,-0.007606665239496824
2025-04-30,0.001405910264088872,0.0017362433007710454,0.00041427198068944016,0.005149393247883882,-0.005006490039985101,-0.006723710534880856,-0.0004694238642697357,0.00029316505285836847,-0.005376466218043774,0.014843486725749644,0.006717720247276571,-0.002216690795010079,0.022316000970439287,-0.01003535908988773,0.023449965048847554
2025-05-02,-0.011955983286378369,0.0045329944871876915,0.0007452470862736593,-0.005921417813587904,-0.006995267179831899,-0.016499797820847095,0.008689453487872756,-0.02361599705966755,-0.025354361317425522,-0.0042023424305392965,-0.005067949090783785,-0.007023044456825445,-0.008742309859757547,0.0094230791546841,0.01631331370728084
2025-05-05,-0.04436908137878404,0.0011281773978861764,0.007820369229420976,0.00033465034343493905,-0.014583545374740825,-0.0002867304953422245,0.01734584097188141,-0.0015438571744641472,0.010941353748111116,0.006576808788369526,-0.00560320340180398,0.0066396828957684395,0.00963103489924988,0.004809172117982152,0.012330241613107473
2025-05-06,-0.005228141626488547,0.0019222940402585653,-0.009771301324881465,0.0010705228481528994,-0.00919724199071692,-0.019506680301652923,-0.0032040678106700637,0.012155172083645915,0.006437717088427775,-0.009528520691392317,-0.009305803129228019,0.005018688572702379,0.018756706660321143,0.01661043561186215,-0.023927864735251436
2025-05-07,0.010077167505563756,-0.002117050166978607,0.011816327973026564,-0.000668361284070218,0.00704637290457355,0.0007313886514617174,-0.01010223169904112,-0.00768094280104481,-0.00787979182042442,-0.020779432365698236,0.000258348023658872,-0.0037095395822795973,-0.002209359154058732,0.010800268244119726,0.003101228595105754
2025-05-08,0.008449058492262518,0.0020552247803138357,-0.010121261588321273,0.005082856814609293,-0.022834874699056984,-0.0059932601349804715,-0.0012756282353766357,0.0009836488893515405,0.007475265954372201,-0.007915692133916186,-0.010941541303493008,-0.018831463667808634,-0.011545818349392278,-0.015959026654920105,-0.03562750921429547
2025-05-09,-0.004496733007102516,-0.0025141900003474715,0.0018213803023494624,-0.006055291071577762,0.007460796644082945,-0.015441120043174106,-0.016372559817748766,-0.006536577747341399,0.00834718280131641,-0.012675327625349286,0.006881458602593149,-0.018900886181350995,-0.014134058565946073,-0.0061946288147798345,-0.035646192249566666
2025-05-12,0.019922904850131484,0.07913232000660919,0.06309664974645024,0.05315661939212424,0.03855972691666354,0.041224679038967205,0.028213917633673535,0.025114153548944973,0.03173291792265309,-0.033585619611320894,0.034345504852804076,0.030348097534769414,0.012118610500745808,0.06198350013165199,0.0772519808869856
2025-05-13,-0.013706275406944468,-0.03583505461550529,-0.02219372368300765,-0.00038141330998109346,-0.011720409985623181,-0.020226616395337182,-0.01745115754377724,-0.00570522686305619,-0.022020193868309446,0.008184169166468802,0.00961866851984805,-0.0012272237025287014,-0.02683349549582681,-0.014509045990313552,-0.0038942962360198896
2025-05-14,-0.01096610688449684,0.015172890037885578,0.005445733470662795,0.019523012112034666,0.020111102655403945,-0.00863835320591777,0.0028044177787975855,8.422353218029421e-05,-0.0001822794150884155,0.0048234567711853416,0.010686763504931474,-0.0001446816970780418,0.007470112532625972,0.03934943742334562,0.016006544859157534
2025-05-15,0.006690823137408541,0.0129364571622832,0.014351314129874115,0.016155144301353452,0.006503891219763247,0.010042965811375204,0.00827304599243539,0.011685919074062134,-0.003464673944193808,0.018674636904167485,0.013360664267762168,0.02255483198727526,0.017991450116505936,0.013135141901972736,0.029548396007749833
2025-05-16,0.0008545685344276688,-0.014321148672298833,-0.008808597280541175,-0.007427272154856612,-0.0013731176715333637,0.0033630398494666203,0.0070496803113275774,0.004461901514487332,0.006678927517573374,-0.002988238953999134,-0.00452976309339026,-0.008130084117891734,-0.028491894131883355,0.001270981989307085,0.009660814402597806
2025-05-19,0.001422992197496642,-0.018932014057657875,-0.010066412436056216,-0.011873865048589005,-0.002790471909013159,0.00597491807048689,-0.0008033337527806328,-0.0004151919964802131,0.0032718288143622765,-0.002709180159910729,-0.00950666800733646,-0.005773346676290814,0.002370495045940224,0.0001270481327313444,0.03038142458140647
2025-05-20,-0.009994340473846175,0.0005128530608478066,-0.008103254017144956,-0.013643788780651755,0.010868662618559899,-0.007388100810685527,-0.0010336132062899184,-0.020475163355597514,-0.0165775955078723,-0.012946387019983074,0.004265772547705549,-0.008961255687529146,-0.005169647546526934,0.007107824371795912,0.021487051882938868
2025-05-21,-0.008994734639476976,0.005062218821044295,0.00484558452857331,0.014086242595301002,-0.0023269399700466264,0.010361905562981555,-0.004368826708828433,0.014458444455739183,0.012067086105385982,0.014053148079867128,0.0004083757420365597,0.010416721325936296,0.007518360256886902,0.018589713333099,0.02873260898966845
2025-05-22,-0.0026553194934997304,-0.013388662013829156,-0.019846912670663408,-0.02039791146673464,-0.02818885085766243,-0.013722293784405815,-0.015935377727959943,-0.012914829103664704,-0.010193866560593068,-0.0075644569578288134,-0.002041348022533085,-0.004223961396323528,0.004883423531158559,-0.002165211525420707,0.0008385327692357336
2025-05-23,0.01694258985312813,0.011179365705227706,0.005773740952110584,0.009389391581056339,0.010634436189389529,0.00937312775532484,0.023938058242326532,0.02231440918433547,0.009011472097603779,-0.020422355842765083,0.006463785947374845,0.015817065773331862,0.00016374559542375877,0.010415982219406539,0.0009023465986708334
2025-05-26,-0.005474114794117524,0.010033176415967349,0.011642973861700767,0.013351923518209352,0.006960318937895726,-0.0031921978717287525,0.015127224424280383,0.016401642513395487,0.0070172135448272055,-0.004454729156299186,0.008779874517228947,0.0045297992606043724,0.008571352165439583,-0.0028226753584010833,0.001674149778921885
2025-05-27,-0.005695704058939932,-0.006580176684588546,-0.00795242851136091,-0.005620094186469693,-0.005692483338662457,-0.014410482499622512,-0.020320678590894703,0.002811633854179041,-0.005158353881700162,0.004355282190800169,0.0018534065410984457,-0.0032410490426311167,-0.0019486712056724365,-0.005230332219993805,-0.004821323764640839
2025-05-28,-0.0014922654199348573,0.0010827657468199803,-0.003303165458241497,-0.0075986093062409,-0.007646958729154774,0.004430644017164198,-0.013730681756290997,-0.01702630924229287,-0.004275427295684975,-0.010098556923190283,-0.00048258128183253923,-0.01654064255838772,0.0066709200262935475,-0.0025980109847145716,-0.0026484173313781056
2025-05-29,0.0035192723020713856,0.00877962386811415,0.010952614395502103,0.012466013900887418,0.0015246860881923396,-0.0020584457854642135,-0.0034508109577129353,0.0066144469177886744,0.004111014104974053,0.02004322710144346,0.004506697717471475,-0.0048156483842530795,0.0040407757478244655,0.011659530558751241,0.028173655951566845
2025-05-30,-0.003314763843476398,-0.0005755281262141976,-0.001878885276480835,-0.016312614701029515,-0.01497699245462103,-0.01606014158149116,-0.0016716483893101097,-0.01593434509106273,0.0027296077654215267,-0.01306035465270361,0.0024034387982785343,-0.006138919170189605,-0.003970874811704106,-0.012873886500801235,0.005165294279581012
2025-06-02,-0.005350174354936121,-0.005695232309131937,-0.007970519539197807,-0.015756989617255135,-0.0045530222914401675,-0.004043093054836855,0.0029900574369707833,0.004215096868672941,0.017148977670790266,-0.0017882940923821256,-0.0027974370248146085,0.005086816376685066,-0.0011313079331155551,-0.012296715429065741,0.01610585207771842
2025-06-03,-0.0092556606513845,-0.006950710778507507,-0.005894751798380615,-0.0034213488240153467,-0.004364006038347523,-0.012930438891761153,-0.005604443190226016,-0.006192149309847128,-0.0052631059476317965,-0.004239769923088277,0.0004809399075791365,-0.01489412218295838,-0.006903564341965818,-0.010626170898937692,-0.007586063696826573
2025-06-04,0.0008804417313064139,0.005314308611814145,0.002599306986966754,0.008356022798926999,0.0032873674940345765,0.003046510964376248,0.00011982570388013869,0.0025507054728519662,-0.00600841598577273,-0.001559207682060637,0.0028840542263992575,0.006238565693219789,0.018519518845046212,0.005274742370158014,-0.0014293038550503567
2025-06-05,-0.0031276309438860173,0.001998493314153027,0.004374983202191096,0.003918554075400538,-0.0011761637480480758,-0.0018223928086074093,0.005035990991046235,0.0015851246219522608,0.010465465759779358,0.010931498250473348,0.030912992201912015,0.0030634434374057218,0.0018129082416411535,-0.0013274833792552565,0.02775704125327705
2025-06-06,0.016422311941107992,0.006112073665204276,0.0026215769750732587,0.005310991678115995,0.009631045777875213,0.01277965868109554,0.004652818385589841,0.0066213252964826275,0.0013393805728567632,-0.002317170877987884,0.023477359632788408,0.009671276808979723,-0.0045773400504981465,0.02021120676261945,0.06618615050384458
2025-06-09,0.03125307905791885,0.005819158641383382,0.01086130893523296,0.005091984635461344,0.0114138419391705,0.01276849789114598,0.004750004845935463,-0.0007860004819901789,0.015960753770971392,0.009051964134240809,-0.0013626760411790118,-0.0015124167060661664,-0.0027269900302715477,-0.0010794333825157043,-0.001987854647242271
2025-06-10,0.006033073046216586,0.014686236400958341,0.014246465412673937,0.020138014442878438,0.007743031159337388,0.006229656562352748,0.009336999993115436,0.006665801874820909,-0.005265948867894221,-0.003304944316320002,0.02251539741439279,-0.0019474205639353759,-0.004289388651517734,-0.010424778878451058,-0.01206460730383796
2025-06-11,-0.0026962472998222076,0.021992391472247963,0.015890497098274947,0.016512464204595068,0.010789636920947476,-0.0032429245827497732,-0.001990666847159428,-0.005017689448641893,-0.0029998524168101115,0.0010657580706492364,0.0017051395420797366,0.0013008136071253062,0.001669293338303346,0.004689246863498475,0.0006336515672316079
2025-06-12,-0.008623555215319989,-0.013794249148698423,0.002664775140386766,0.00421382844000906,0.0022642229491205423,-0.01301390143187009,-0.012084988771808636,-0.013888861872160985,-0.014247823073700872,-0.0018927532428322236,0.008585573184661799,0.009960349205466512,-0.008601241307131358,-0.022505009277767885,-0.02383293258539798
2025-06-13,-0.009121645686656188,-0.004102943226534594,0.002311218516262148,0.008878558760589295,0.01464419684417928,-0.0052442741012269645,-0.016864566506753387,-0.0036886611745284847,8.98472434323061e-05,0.00023701535267672824,-0.000146693530543196,-0.00028588593536471585,-0.0020604586847181583,-0.004970899443413224,0.004010260133475052
2025-06-16,0.014994725291067601,0.013607966596709042,0.010299418791125836,0.021036814892123612,0.020993203651528125,0.005271921502626897,0.01038906788986882,0.005469434907034554,-0.0017055899016076292,-0.0014811413876025803,-0.011522893173657955,0.017084835142535004,0.011356225932027897,0.013409582212771554,0.009104256982976233
2025-06-17,-0.0010284825861214264,0.009915086399086004,7.60814433735657e-05,0.014581689443511348,-0.017446215587387237,0.004495038449249256,-0.0019130114010764698,-0.011632818967700853,0.001438706811775159,-0.020827238924701064,-0.020790012011713155,-0.0151110690999402,-0.0034921681683547368,-0.01018351479146129,-0.008789337101106631
2025-06-18,-0.002059082903152154,-0.004268624038181401,-0.005020747654840507,-0.0045967748042993195,-0.007728557687796234,-0.008353290201330466,-0.0035937329627980796,-0.00897536077605332,0.0007183651115516554,-0.0013331955276049134,-0.004170466237315207,-0.010418859982626483,0.005984504275375446,-0.003211032628047117,-0.0078101826075543945
2025-06-19,0.006565315219954515,-0.008879911401724061,0.015252845032311502,-0.01560760475911005,0.004793084030430883,-0.007069813287197024,0.0002404873404771024,-0.009355978672888732,-0.0026020913840199,-0.0002426818777307993,0.009746331253079221,0.010961245576166734,0.005948836240874611,-0.007297343480300977,-0.005800156282193436
2025-06-20,0.010901930040797758,0.002780514600576822,0.0036147985122128024,0.007185288554809377,0.0013117865130749529,0.015603784570458634,0.006129760235219273,0.01789643845302269,0.0052176693704357735,0.0106214846749626,-0.0006031553695603487,0.0077038358426249065,0.031806025998814436,0.006423797578748669,0.017085353909472856
2025-06-23,0.006590524322869884,-0.023969441801684144,-0.012380925386429653,-0.008431124592644057,-0.0020246795454684774,-0.007756639964894396,-0.011109756765263379,-0.000550565397190339,-0.0031322831298778997,-0.0015614551779529195,-0.005583720311766682,-0.007928045300657716,-0.00020652117810648907,0.0030268706633547193,-0.002107108353423204
2025-06-24,0.018085291159076755,-0.0015152157074030947,0.006571957656350991,-0.0027946308025444955,-0.029676139480382946,-0.007967486642297072,0.0010873062619514151,0.0028400131192207745,0.008528625422056235,-0.0004812791767138114,0.014720478442517893,-0.00021409536455208045,-0.001394386368614775,0.015482539487933877,-0.003460620516344992
2025-06-25,-0.0113780345457144,0.02105467097223035,0.016756580605529647,0.01663589531120757,-0.008240423814326325,0.0027276948315817506,0.004826734394045351,0.01631583812700299,0.0162008437611163,0.0047542695232447585,0.0032153395602689816,0.005138479615589553,0.01654940633269608,0.010336601826680614,0.005709220008878857
2025-06-26,0.002547442860219684,0.0006812084707270571,-0.003303598905918803,-0.008680445857581098,0.01165727712953446,0.01904182859116399,0.009487176353135673,0.01122935898513533,0.02102311549730862,0.0001198451414232693,-0.014982166917212547,0.00844933555042715,0.024776246072820918,0.026536238163432202,-0.00848595888187531
2025-06-27,0.0018149586504800919,-0.0049505218141940865,-0.012922616400277587,-0.009347874335645323,-0.007763728077471388,0.0034109196625016214,-0.003925701350168009,0.011228019850320958,-0.005748099470917034,0.01065990640468506,-0.015512580274621102,0.029148697767399145,0.00635445199302298,0.005668397073577136,-0.0015346943214913367
2025-06-30,-0.02010954996215719,-0.0038557206878608863,0.0035088651039552055,0.007525099249098499,0.005683054506173901,-0.010050201937339187,-0.005254974076037144,0.002684471677660394,0.009750609738580218,-0.007051542973129821,-0.013604860409928476,-0.009098953525451314,-0.008632996030964013,-0.010467646783912543,-0.009458511670542014
2025-07-01,0.009290438087429242,0.0031214954024580965,-0.005376535298917351,-0.009365833700822335,-0.003439751234029287,-0.006867764688452849,-0.0032417147979592054,-0.022390775248142814,-0.018372910289034317,-0.005072480603431573,-0.005065164136171751,0.035073189866468235,0.0048766243862974346,0.0018777648486281162,0.0067439299503340155
2025-07-02,-0.006640398196831265,0.0023027092156833184,0.009261161621280545,0.0035304049417033134,-0.009450543102868858,0.0034575814352533207,-0.005179478670340076,-0.00916988922881512,0.008096086164913086,0.006178130244750113,-0.004699204986769123,-0.007337231973399305,0.006883217801401997,0.03636141266909365,-0.013693773965045453
2025-07-03,-0.019593326669286815,0.005091572833707092,0.0001872455264069206,-0.0031005969755656393,0.012361579434474024,0.0025468509549260165,0.0009686662284493774,0.0001677100750194782,0.0007772223473487827,0.001311425068892147,0.016131567816478398,0.016664454593268818,-0.006885325068221593,0.00018091435259193211,-0.00264451972134927
2025-07-04,0.0015047301387278722,0.013591168708936285,0.011233897753462285,0.008100407001247811,0.004876016265119132,0.00268978762538552,-0.00193545764444214,0.006054490309082228,-0.003969365393650115,-0.002024160276998699,0.01246804580992511,-0.0015201979522679876,-0.0010399931658826578,-0.017479435626790996,0.00759301932626677
2025-07-07,0.009390523112384086,-0.008350104105224077,-0.008517029905278473,-0.018910070410528057,-0.015168802412568683,0.005812161696739704,0.008726293910857663,0.01224504184395192,0.01949240707155364,0.005446531455335579,0.0023711058680426778,0.008274281686090346,0.008278805421503499,-0.0037420844104719686,-0.004186547199538704
2025-07-08,0.034747392061045934,0.007191171922412254,0.007096123051396841,0.007081688803925568,0.007121553504821465,0.017039715896132623,0.002523176934100535,-0.0017340367099716314,-0.007647801627767903,-0.004405014994297907,-0.020373876068180974,-0.006696361631071901,-0.0019175515934504173,-0.002647777251842953,0.012492498735300783
2025-07-09,0.0021577952529054922,-0.0030512832558889924,-0.00686071751463635,-0.012596270629144146,0.0004522406975893123,0.002330877875470483,0.005393068205408413,0.00409449406833895,0.007364198368248642,-0.001853560609944127,-0.011216731758884269,-0.012689998828623428,-0.005073889381376984,-0.018336732087026464,-0.015719503768296783
2025-07-10,-0.011438523598767847,-0.010956668972977535,-0.010268825089272737,-0.009103370834244062,-0.0010684553704571886,-0.007412708840681237,-0.0061986064485803904,-0.010874126801217687,-0.0006800775497030065,-0.004133207142354323,0.0009512799184985266,-0.014727575969075035,-0.02733074899489496,0.010440296221073453,0.002290093806054161
2025-07-11,0.007623116423707499,-0.012934732804776639,-0.025466922922879998,0.0014998866622237816,-0.005471327225452405,0.0036607832017514497,-0.0001200080158905159,0.0008744407261369602,-0.020329967108356217,0.005714314082620353,-0.0062569328643333755,-0.02303308708077534,-0.021684937779325564,-0.005103979502657174,-0.01978239167028828
2025-07-14,-0.007565444162063173,-0.015424202281163257,-0.015679423890353816,-0.01609987091104459,0.01017553484546685,-0.0017506863268053063,0.006238017435425736,-0.0044101486471607165,0.0033862411866945052,0.006339693803597557,-0.003267660296483288,0.004242366399203723,-0.0005203112710459035,0.0037537474631246237,0.014476857603334503
2025-07-15,-0.007124065225095899,0.00974336078173299,0.01238942907724394,0.0014588175992398256,-0.002252195587735706,-0.0002924453688428752,0.006437826212575493,0.009778968271228594,0.0012981189200180765,0.02668491676832052,0.008236058565737725,0.019459803284653354,0.006923813780963517,-0.00897532230448883,0.00798153038770244
2025-07-16,-0.00397601689436522,0.014064070435026554,0.020978994664941464,0.01830271073051426,-0.0033651259702651704,0.0013159311935042606,0.0059227358596292135,0.01808547623427037,0.00017281177095029854,-0.015340076160219707,-0.0011896688305305103,-0.0010869253264388368,0.001240857568161502,-0.01050317777103904,0.012957389485307447
2025-07-17,-0.003946038023070031,-0.015175073130557992,-0.008371333848169793,-0.027489253266522184,0.0042000946998359545,0.0005839270778986716,-0.001530874687327377,-0.004430974451439473,0.0036291154556897798,0.0014108730792858903,0.0029378686479406557,-0.0002719770088768225,-0.003459617458498654,0.016335066842281032,0.0032571928107727466
2025-07-18,-0.012821168049669263,0.0016419553742212933,0.02436685584292997,-0.009464715031517468,0.010005312748055939,-0.0016050451694338275,-0.0028305227789025,0.00943200990059423,-0.012397738402558423,-0.005753201504228422,-0.004433526234744245,-0.006394132019949317,-0.00674020502199657,0.015447147503443448,-0.0021840349886564914
2025-07-21,0.011539364589792989,-0.0011348073721365592,-0.024723759612265694,-0.003292656980295572,-0.005156091988280598,-0.0016078086026549698,-0.0062684777267919545,0.00016181862586250872,-0.00941502886686274,-0.000767507603431361,0.0014314430788657795,-0.006709081775045811,0.0043134866176515185,0.004003332033705842,0.00875526175262853
2025-07-22,-0.002309218399001667,-0.008458025565570737,-0.0024966153237554467,0.0022023562572337507,0.005590970689003827,-0.002049405464237486,-0.009759575756610683,-0.011768854256128836,0.004752212811606649,-0.008450087444567322,-0.015325948944784451,-0.0011028070469391027,-0.0012569778781604812,0.00012256629948370623,-0.008327481096508382
2025-07-23,0.004721748615691412,0.002291656053789337,0.006545923343301618,-0.00038787402093909407,-0.003490113293071029,0.006454268419601172,-0.0025240098689200963,0.0036831780507216028,0.0019269229959388845,0.002681812041909426,0.00596776304337987,0.0175256714627674,0.019404186158732628,-0.001655922813517563,-0.004198705186323148
2025-07-24,-0.013039054626108326,-0.013972705346624426,0.0017216210731656467,-0.03103574317947888,-0.0029321844167987665,-0.01209730620592997,-0.012049658281530151,-0.05317017466847085,-0.008130059139453527,0.005646314022742738,0.014510100444087515,-0.0013562114724735563,-0.003961350396020524,0.004361852860826909,-0.01544029990514284
2025-07-25,-0.00816952889168987,-0.023703702374586855,-0.010120305120180584,-0.024489526029141562,-0.018543517550700273,-0.016819022259274563,-0.0013416824471476074,-0.02045557789936403,-0.013925611456796938,0.00413704432557882,0.009798531225009954,0.014259592719801484,0.0009297468755671279,-0.012539748164773212,-0.0031968230031872436
2025-07-28,-0.07436699366939714,0.0001979054105702982,-0.016325750717913645,-0.007729753061005096,-0.0011236306295577814,-0.0007503599744339562,0.001221371300627938,-0.01991575293107062,0.005452272700301686,0.0018835237279182238,0.0074341123030261524,-0.014996315447563968,-0.024562625024190043,-0.010840554420509352,-0.04035107862849763
2025-07-29,0.00310187308552079,-0.001517197325189068,0.006998592734503539,0.002206100394972932,0.005916184295343019,0.004955699562513294,-0.0035374451578487065,-0.0025119687761340215,0.00026672713554720673,0.00487602882341065,0.009631847415643602,0.013525496970904216,0.014812454480433113,0.012587708039607737,0.016704682825588568
2025-07-30,-0.006590032578630445,0.003501506411481614,-0.006354291103426557,0.006465757755714563,0.0015323868447367772,0.012552217434219859,-0.0020810741282554224,0.00350775541585846,0.021507242039361607,0.01362174743745137,-0.005924092006870496,-0.0008048018595308015,0.007454476813180788,-0.0020409535288654634,-0.014431123561746584
2025-07-31,0.009644367365769568,-0.006583292960204434,-0.0075938682359805165,0.00034164023639782215,-0.0033497029182418814,-0.01342958645353487,0.010672297499175754,0.007259566243072335,0.004176055009358359,-0.01563048855765392,-0.01687164509449357,0.0064430086004807485,-0.009469086454774067,-0.021194817749120465,-0.005768265724288568
2025-08-01,0.0069746431042121415,-0.026110111456710716,-0.02235206219464747,-0.017011591050180574,-0.017468882177081646,-0.010022506619056348,0.010923597902079862,0.012813099053803567,0.004678600364112828,-0.045116252985169525,-0.03912473801391603,-0.01953852927926103,-0.015619319846700175,-0.031214478019659264,-0.00873439459245795
2025-08-04,0.002308726986474552,0.007417015227782597,0.013594286025092828,0.025159848209180158,-0.008277364073733362,0.003324267436264572,0.0009605251670197212,0.000395336995265394,0.011182960784823948,0.007301922263047045,0.0036048192945692392,-0.005917170809246253,0.01602628667061845,0.04280764979858098,0.0198738468274966
2025-08-05,0.0030045197915680166,-0.013643940450054126,-0.000568981713829797,0.007050812300286147,-0.0014904498535202038,0.004819303252588725,-0.0064772080745508775,-0.004434818403662444,-0.026179346136112613,-0.005786991092555649,-0.008326446523406972,-0.004652433631226804,0.008983654954102915,0.0003760627701760999,-0.015009135171779375
2025-08-06,-0.00029952144485789756,-0.01616115371408955,-0.02419584371475436,-0.0177730138535398,-0.003027948068368591,-0.0044964799685568435,-0.005191359660952188,-0.014995867961433706,-0.0413450470013661,-0.02260892208179388,-0.014899690866453708,-0.011616789206949973,-0.0010871084170217538,-0.006014254572645261,-0.021064089674025954
2025-08-07,-0.005143846955706133,0.00013925052897567625,0.009835045223618888,0.015764247812542598,0.0006844084906560965,-0.007076199992416821,0.003883521543247559,0.0005822233045038594,0.013697423033888656,0.0020060849751277754,0.0034261354514273368,-0.0027122376216024424,-0.003679309253245,0.006365824355309968,-0.0063439248649583835
2025-08-08,-0.019778137311606048,-0.009604040734449537,-0.013494601368922887,-0.0010795510973429234,-0.0020945889498967807,0.015163073715043218,0.00217603504437891,-0.01861633115409933,-0.016342614972490788,-0.007194669309169122,0.008827449390094833,-0.011924739462906175,-0.033288273651864486,-0.01077229067794283,-0.016389158807216253
2025-08-11,0.01188094801794648,0.003583755173591552,0.010750849490226422,0.0004727392314833878,0.0014992556432411597,0.004182259923112497,0.00566949786366866,0.007751967626788092,-0.0010209323852303775,0.013548359351615025,0.006686473482271804,0.024631274936491865,-0.0006456326621493425,0.003608864266692713,0.02375534435282667
2025-08-12,-0.008553068243528639,-0.002870827310884727,0.0004138388877248378,0.01903999645912169,0.007399882256305945,0.01175074948230681,-0.0011995426949823473,-0.012579354043245061,-0.008083284889647047,0.008579925321425597,0.0006560769619676776,-0.003099625056573019,-0.0038225277050073503,0.010345666716213842,-0.009869891776574047
2025-08-13,0.014650398416088839,0.0017554987816248424,-0.0002895542881214963,-0.001987734172542943,0.013374612208091552,-0.00044097140068377616,-0.005404079038432319,0.0053158093478811175,0.007025112764768027,0.010849521933803619,0.027124429542983997,0.07904375833158706,0.009241735700334264,0.00012475498723385492,0.0003300592058490537
2025-08-14,-0.004779401021520857,0.01479041315594909,0.021353230598813333,-0.013012042240764798,-0.0072484445042294565,-0.0017651244685945588,-0.006399417910115557,-0.00683737180138666,-0.013580142139221207,0.0009757612462699683,0.005584844990977222,0.0016648628142119648,0.003427213626405967,-0.030465587231505165,-0.008051276805709162
2025-08-18,0.011727796378732558,-0.008219828188273048,-0.0064826977320949775,-0.01042573858522633,0.005148939287143994,-0.009724474155295093,-0.012516752673251808,0.050211031840139864,0.025742621159479118,-0.005300403080096605,0.0018247330370342318,0.00012783423058548848,0.009873025851642403,0.01712810625737493,0.023085643462828376
2025-08-19,0.014240055708940602,0.002925123832064891,0.0071367319566688625,0.01733277798250743,-0.0009237741773983066,-0.002975705566121367,0.00689148681125995,0.015121037499388201,0.011031436129301797,-0.003736149203324768,-0.014651148333379216,0.0014080017884479101,0.00919508155108728,0.008039916031837846,0.009364016558833566
2025-08-20,-0.0061087067425439345,0.03902776852056866,0.015710980525320384,0.018306900076514143,-4.20469965093373e-05,0.02074308872996644,-0.007455413622310836,0.024883879758211602,0.03673394921436901,0.003996061343320534,0.0009645293325919457,0.007605295707934889,0.009792151650679148,0.016893834772369054,-0.0072155839349040685
2025-08-21,0.0001487222613663075,0.00013371289742147852,-0.003707501993926998,-0.001837070511904515,0.0015130794980566797,-0.009356776349580542,-0.0012313690597990368,-0.009157416938936902,-0.01815474109492865,0.004347502064527831,0.02505211813938124,0.005518176836995403,0.0007778934177051777,-0.0025321313395856304,0.003504274566878518
2025-08-22,-0.015462315421114203,-0.005947651460804226,-0.0050818409516815155,-0.010714532604417792,-0.008393132484147081,-0.0053127942884941826,-0.01787702222464238,-0.013990169375374006,-0.009289823496812288,0.0009755984722081834,0.0007833907685177444,-0.0005045976995877721,0.0017617093691926211,-0.018326957606049965,-0.013774001413472292
2025-08-25,-0.0016611597310876025,0.029983180470175563,0.020913764808761837,0.014684375358429369,0.001989055565512876,0.002522289268666267,0.002636334992935474,-0.00851316035608951,0.0009016092902278672,0.009075327279763679,0.004931181247953775,-0.009024940304024898,-0.001344884270582658,0.006811759063183542,0.012392708571489663
2025-08-26,-0.00887405461153512,-0.0016317510455677864,-0.007130473971421858,-0.01630549227122735,-0.010854907898708466,-0.013763471844186359,0.010016303933597426,0.007979071862022735,0.03873526008996531,-0.03404350810987622,-0.0161228654834793,-0.007323900035532405,-0.013466634092450858,-0.028816718935942842,-0.02253895552513341
2025-08-28,-0.010683262559476048,-0.01928603316799038,-0.0054756020404624905,-0.004393414747282165,-0.0034159741848616143,-0.007202966920706766,-0.006074192288507807,0.000172108072409749,-0.007718320021456226,-0.009123391011456206,-0.0026914526151756712,-0.008404478703872176,-0.01239038244974433,-0.00903046193721968,-0.006824695257659941
2025-08-29,0.008021805855792596,-0.020332040675054452,-0.004947020213475484,-0.009494505278777376,0.001371114575213328,-0.009824694565511605,0.022075342982495805,-0.005333795604106295,0.018003809566120355,0.005549668319572598,0.00023802449614329646,-0.015269153646780942,0.004093388528642494,0.005532671286095914,-0.01387693756746966
2025-09-01,0.004234035387930657,0.020277632310628846,0.0038089921846058417,0.01626833735374511,0.021436838075846953,0.009617027763027197,-0.009517980212299437,0.015741296849916653,0.0038633124676104025,-0.019567257798816518,0.015713092462940947,0.008081488086271182,0.006247342242239773,0.0109400395224164,0.012516079624653953
2025-09-02,-0.01325814015206861,-0.00046682746654724827,0.0022765841726875014,0.004848978006685378,0.0032255575847801587,0.016933630164311486,0.002217587964585377,0.022564689629855028,0.007696889446261235,0.0012153049467473753,-0.020470362039330947,0.0013686692903855935,-0.007050440674491676,0.01421526407233853,0.00868639500897328
2025-09-03,0.009111984582200083,-0.013077949791933219,-0.005459605950645541,-0.0030408742860742466,-0.0017538054246472035,-0.006095638543890725,0.0122924981925574,-0.005079516798449313,0.002800692779446834,0.008625093606871914,0.00677991179343862,0.007029486592852852,-0.0017485827846893676,0.05972605288057031,0.012718669293965146
2025-09-04,-0.005356658143995774,-0.010885076798723192,-0.018392350434643046,-0.005171660478681339,-0.008830183814763193,-0.0025689051429924614,0.010078909991803942,0.01489781978241389,0.029620865624422787,0.002280413893756217,-0.0072888157345999405,0.021199543784218067,-0.00185780602654817,-0.0061960779729201,-0.008241890399779517
2025-09-05,-0.002154124187058626,-0.012576853258592036,-0.005306786754353365,-0.014996015457729772,-0.006745258053924785,-0.004090130565866823,-0.020557781335365788,-0.00338116340008332,-0.0011507354024264949,0.007141444128598851,0.012051009951870029,-0.012088572492368055,0.00792379775926566,0.005215491945508077,-0.003363658789461099
2025-09-08,0.0023643832463011716,-0.00809915322731558,-0.00471949814790229,-0.011638182686012133,-0.0068338467072992515,-0.006084544575654549,0.0004909914192394726,-0.01721144366917593,0.006500922155440181,-0.00790655234925497,-0.013800117041763094,-0.0023063418002060576,-0.004009958962583715,0.006798717938001575,0.002580929391422293
2025-09-09,0.0052817222937278085,0.049829076180726295,0.027337863401682094,0.025672677841106273,-0.005160600528012482,-0.00795851110692003,0.006134184480552474,0.012208585714744036,0.0044150789504529,0.006767865056900524,0.032544444668186845,0.005008646457818955,0.003178464831803396,0.001954662962933007,-0.008448890486525529
2025-09-10,0.006580388777574386,0.01881268816286541,0.026490107043565914,0.018555582360907152,0.0017723533080908904,0.004782529616216058,0.007316142806998771,0.012726655207329296,0.009198171970806301,0.001068090560396584,0.009989850327288607,0.013225940332518782,-0.0012144608171900106,0.0016553082695165422,0.0042604412447639906
2025-09-11,-0.0005068191301719205,-0.014941959712930664,-0.0071944650475762595,-0.003145437245881455,0.008716559100941268,0.016582146050139857,0.004842081234050832,0.002710493468835118,0.016373630148806217,0.01022961749487239,-0.0008434841064706156,-0.00624291395250276,0.011420049166851465,-0.00011792929757159509,0.002717772689788678
2025-09-12,0.0,0.010531931659025773,-0.007758625473468839,0.002826748001047985,-0.002181665304765823,0.001963578030144353,-0.0031321980676887184,-0.0026213442475534476,-0.008491381137446186,0.004286574666094278,0.010436640319827273,-0.000634524980025919,-0.005436493475277415,0.002184017693503293,0.0027104064212388757
2025-09-15,-0.000760497940540894,-0.011274218783652867,-0.0026197315997316117,-0.003736555150171905,-0.004244386030658354,-0.0018088448577818772,-0.0026585655504115513,-0.004188563972576831,-0.005602707442853516,-0.009031400885934127,-0.012075552461819794,-0.0073655734208532,0.0009986758384765704,-0.003239534483747031,0.02281120480473664
2025-09-16,0.02582704951884951,0.0019226518761930045,0.010864309910299408,0.007698405627061478,0.01218463879475351,0.01192981562314066,0.0010905223524506624,-0.006845267002942856,-0.0015292757168964277,0.005305886241097735,0.0073801100424761845,0.0046056650212062955,0.018377500056140583,0.01648654523355053,0.014245165871196397
2025-09-17,0.014146516203964454,0.007344655915148657,0.0005511513722316064,0.010251404756791205,0.007614102468554762,0.004029277789716845,-0.009198832506234655,8.305264236940779e-05,-0.016928712574922233,0.006023036600518061,0.0007630904224651403,0.004520842046181084,0.000928116979830973,-0.003836783692492407,-0.0003812954997705065
2025-09-18,0.002097260648972865,0.01195472450113444,0.010938467569281185,0.0022620531524824017,-0.005445785450292173,0.001634980112366291,0.005497240236826961,0.003985683773680471,0.0004920577130616,0.017528694820197588,0.008616721419277606,-0.00475405732223122,-0.0001030850837794306,0.003909816391946874,-0.004259659594999965
2025-09-19,-0.011486390979792871,-0.0002596364021906217,-0.004086687337024331,0.001999220779687061,0.004669157952802205,0.005045284054102872,-0.0021868743212193342,-0.012075117610311437,-0.005081553200236066,0.0044886478053096646,-0.0007560872406354724,-0.005604745827008983,0.010973229883568747,-0.003197073857240329,-0.006895624290123803
2025-09-22,-0.004579067331495934,-0.0264251730701186,-0.021689859759938868,-0.031149465159433287,0.003295431053982334,0.0016241171833009105,-0.009009996948656784,-0.005190356250980077,-0.0021418684407936706,-0.007246357945266957,-0.015358948465652666,-0.008646629105723891,-0.0031594509912210578,-0.0005248371292980725,-0.005079130008563304
2025-09-23,0.012860469276331443,-0.0013337641009982804,-0.002796267957792198,-0.0222532801751949,-0.0034109430745855596,0.01120283703426006,-0.00921492121040235,-0.016746648335329017,-0.020226187080550684,-0.007785922607738915,0.005378857201219667,-0.007106807295332862,-0.008945902746465006,0.011085793915198261,-0.018546025765473373
2025-09-24,-0.008008925794887323,-0.0019365619738304085,-0.020189901884406947,-0.013248052661015808,0.007859316178305598,0.013411001174184811,-0.005456415789393043,0.008729878280723025,0.006150956812715602,-0.0025134716886862085,-0.007872315395110019,-0.005270774165938019,-0.003920191466216361,-0.0036354868378175587,-0.033908356444448895
2025-09-25,-0.008762858476897173,-0.006556827903324791,-0.010589155859845767,-0.0055770332013189705,0.0048214352317828,-0.02042573197075548,-0.0022443294942919856,-0.004327268161510078,-0.0028473610443993103,0.00018442584320887967,-0.01764111023900583,-0.0025511440795058515,0.0023302894356969084,-0.0016216574567695652,-0.01717442581682327
2025-09-26,-0.009287378087125986,-0.024178406698565857,-0.025826474597868465,-0.02534110105500731,-0.006884442692343784,-0.0076358728565742995,0.01249681020159521,-0.009288412089059395,-0.005542885697535471,-0.025009316102335033,-0.017330584104514934,-0.01495275894842285,-0.00981604737563313,-0.028889784698033938,-0.006934310385643405
2025-09-29,-0.001604142034957845,-0.0049002836454377086,0.016500552876941077,0.0021311081465689163,0.008234557188611547,0.009026392371427994,0.005307335618759845,-0.008687406225686312,0.0014356199254521584,0.0016386660278764342,-0.014763389906541802,-0.00878829333001696,-0.007513328210467907,0.009438508519357569,0.008519028252164773
2025-09-30,0.0005523553770225842,0.0,-0.0011267160122696573,-0.007372100863494935,-0.0020001041456988444,-0.0014664604915134438,-0.013996338468829195,0.0003470062127273188,0.010457081181950878,0.003146095562865936,-0.00882885946809131,-0.004701791154777535,-0.012511805398428222,-0.0012427071366724052,-0.012670601168917162
2025-10-01,0.035429258535726316,0.002774368840090524,0.007101985627376406,0.011211811385767767,0.014780714421573471,-0.000587482095458447,0.010086008449004868,0.011709723617663093,-0.004089464429638867,0.02628104008747756,0.017161079521327283,0.004319070944867942,-0.005749575562954856,-0.0074657971042041416,0.013043486551813643
2025-10-03,0.018029389117708572,0.0005532335084172946,-0.0003733441595478171,-0.010875683467177266,0.002551110763501674,0.005143171067443664,-0.003205174488995266,0.0030007284553257296,0.004357687467047677,-0.00305584074845322,0.0027316531268337663,0.0011423389905591552,0.01558147320054637,0.03402790264216238,0.009552828902988697
2025-10-06,0.02166151753092982,0.020323525236064288,0.004772246614537012,0.027631151059719805,0.009028899781537092,-0.008479521612121843,-0.00878062605213814,0.010086170693615726,0.0030871645379091373,0.014406528275064945,0.00040059039346829195,0.02852536285784435,0.003374270511220523,-0.018186097940662727,0.008296751372734557
2025-10-07,-0.008900277475719531,-0.011856395619015192,0.005781998435615332,-0.00027793851395130353,-0.0021963195182831408,-0.003243832644096223,-0.0023704790107065277,-0.004146439992248285,-0.020628858434425967,-0.0009669004831748262,-8.008599701259111e-05,0.004959576110241004,0.013609391321765862,0.008055968513864809,0.002584187402338678
2025-10-08,-0.004278529042649359,0.025025734412872147,0.0030386233194024115,0.013412920372444459,-0.01430789205136096,-0.012426000325870157,-0.00012512591645930105,0.0031440774019606543,-0.008663158240907576,-0.013005803068267596,-0.011213429549180032,-0.004935100105655454,0.007516870314250967,0.0029749748905869566,-0.016618020854624826
2025-10-09,0.012654657490487109,0.009565266367886238,0.008719800930252042,0.005760538139709448,0.006534088465312671,0.006141331348556767,0.00037518452977902683,0.006183830759679543,0.0068540079631973505,0.016486861699412936,0.009396480051585776,0.004307038974431965,-0.0007717859725244747,0.026055624654229836,0.0056559107938027875
2025-10-10,0.0025645323929905928,0.003710290615941192,0.009334481374117631,-0.0064094134166141625,0.012120433595022018,0.011463511220360045,0.007251887624514453,0.009850078432060538,-0.0007658248000681489,0.007476605942810188,0.014685830833511604,-0.0018193828233111775,-0.0010813985697787354,-0.014510814167883579,0.015363551896261818
2025-10-13,0.0009302170174618762,-0.014324417147475232,-0.014354656650617414,-0.004323259998580964,-0.00913371618902803,0.005887609265321281,-0.008813324339664197,-0.009503969351413177,-0.0016179615459991359,-0.0014961527553237763,-0.0015818019231509384,-0.0013019096565575206,0.0077323735869412324,-0.004773976453840922,0.0013509986502537874
2025-10-14,-0.00013942063375660396,-0.0022099322892892292,0.013421414846385371,0.011785676685758029,0.002458131173965983,-0.014779158407346227,-0.006136570171213718,-0.010605194857766564,-0.010491324665549806,-0.008391349300112982,-0.01988271975498057,0.011471727384664288,-0.0042457718216795115,-0.014563978441056502,-0.0004047277605472299
2025-10-15,-0.0010223948005261274,-0.010403422974573417,0.007205620418339942,-0.006130796415592776,0.012383060966021153,0.0077231987584962525,0.007812508192054812,0.0390472842412124,0.009826766693881384,0.0004230770433570896,-0.00396025134013922,0.008635213458709101,0.0112503849609642,0.01601087028298842,0.020785438048285476
2025-10-16,0.02595827349394053,-0.0019669028215346662,0.014387865584178039,0.003290055185839913,0.0025431546007148587,0.006632232086716705,0.013128374473970306,0.04519410934531298,0.02868120428040033,0.002356455038977856,0.006329020553816678,0.0009582939777719179,-0.0005587884857799486,0.004386982148944396,0.017717886473768374
2025-10-17,0.00018144771294448248,-0.020659234790761594,-0.05086482864667463,-0.011067199280134887,-0.0026575049064750944,-0.0014640987974304798,0.017277460895473773,0.01010492190628165,0.00954278405993958,0.012115667018451237,0.012659357543919114,0.008680688776205203,0.022669502946164544,-0.01022988854498974,-0.0022736541082947204
2025-10-20,0.0036267714188127353,0.013739582056557342,0.0014114284764188412,0.008236845726427022,0.004239190526042602,0.002785993808740894,0.0021836907962169416,-0.003179525717320275,-0.0021371150073572487,0.005657821112344363,0.020781926031391063,0.013731485750301697,0.01963225439270322,-0.0015678363677269491,0.007813080935232586
2025-10-21,-0.007588780362008718,0.007871842773240711,0.0004973757669652912,0.0029769822125031986,-0.002492650540493524,0.0001460902362482308,-0.0004841383851613701,0.0014781244867290155,0.0008237025478594617,0.0011251980531681305,0.0052261588125599445,0.0002497604450832913,-0.0038996178287765693,0.004827005436177645,-0.002842650862361573
2025-10-23,0.013017756913374479,0.03810102851639097,0.01218099308290177,0.010147008516270262,0.01688700763934836,0.0019006183855316827,0.007508787592487742,-0.011263799663388863,-0.001152250811359945,-0.00035494551466119795,-0.007216527177009491,-0.005429390582111782,-0.017421060084299222,0.00798710353138632,0.003304165397738368
2025-10-24,-0.017343639534594613,-0.0020280904023657342,-0.005403252527450553,-0.006628425203420774,0.010503007295981748,-0.008901173248444083,0.0020434733429721685,0.007228055808783607,-0.0024720039438186348,0.005384899450823655,0.003282732896019658,-0.016439747157363183,0.010657906084966973,0.0016076904456832075,-0.002389209145752802
2025-10-27,-0.017558263298607102,0.0013976956201109392,0.0038275639596394573,0.006259975058315659,-0.006628536671863583,0.006331011794939334,0.00923704212848353,0.0007800285750756419,-0.023294191341282744,-0.0031783103447925454,0.0005454117226866284,0.001020780413607092,0.025033243674443373,0.01272642638197552,0.009126804619095319
2025-10-28,0.005678107181884995,-0.0028580523068583163,-0.006272820131233092,-0.010527807351793483,-0.010779012831977686,-0.007607943430807063,-0.006537467462363722,-0.009353047256783542,-0.008626523918185192,-0.0038970358582869347,0.003971042267553626,0.004461173063529111,0.004855485284094296,0.029151987384662403,-0.006991690222440061
2025-10-29,-0.004766771220235055,0.006799131223506949,-0.0004126065709800786,0.003316237153745183,0.020355984814597994,0.024620343867049588,0.008853838297131933,0.0015735587790859373,-0.0014502788460276639,0.017131002817123653,-0.029858895627199233,-0.0027917666332797353,0.004975724566974815,0.01859085505632785,0.006007447471960914
2025-10-30,-0.006184632602772022,-0.010990478172126061,-0.0014859183749881266,-0.012670354316970833,-0.004342009549516801,-0.006762558214450487,-0.006760047796400714,0.005420239020605955,0.0011960569900246742,-0.007284794075506085,-0.03893203409632928,-0.008716670673930449,-0.016328709021409593,-0.004535807372366807,-0.0027611047561875157
2025-10-31,-0.016376519483967233,-0.007698438797820617,-0.005166964019918452,-0.006555974292516642,0.0033001914435411006,-0.02375778325495803,0.0038209979552097373,-0.006484888730274085,-0.003925218870431291,-0.007455694996938433,-0.003826243874126889,-0.013992247572472971,-0.00571074059508947,-0.008191043993376557,-0.02614124570173315
2025-11-03,0.005375317543495628,0.0021587102122944124,-0.0007062899935804667,-0.0032294539849627713,0.008536622042774278,-0.005193634160722604,-0.01522543331035131,-0.0038534873745555975,-0.002741436180170309,0.009286144787238548,-0.0013360461138496316,0.018682457740830882,0.009491386373890132,-0.0009296894164463332,0.027702494645645004
2025-11-04,-0.007996217878983414,-0.011847834929373469,-0.010727699935370594,-0.007465861519895034,-0.02019022378117219,-0.01372316404668672,-0.012199615850964629,-0.001341938981107682,0.012370119544304448,-0.009610890084951196,0.0033445324464429493,-0.0017892710301748993,0.01894887907770637,-0.01850341423573676,-0.00334540497244018
2025-11-06,-0.0063913082814928135,-0.0008175638856127154,0.008952595798304541,0.0031223545817034015,-0.0033683299879141426,-0.011948046636992005,-0.0034238335194413105,0.0008694745133517312,0.020534534104455382,-0.0024260206919163307,0.004333235194276419,-0.003648944502238405,-0.008706798813170824,-0.01126659583368661,-0.02097850544524571
2025-11-07,0.002448174581570317,0.0068863183526914895,-0.014830233632831535,-0.019029499427521968,0.002783335032001677,0.006792275507225387,-0.008466229489861643,-0.002685441935925903,0.023946131955213668,0.003262337833904949,0.00016604182684343272,-0.017990177066175672,-0.04472766425357755,0.02312853729317177,0.0014505228206136422
2025-11-10,0.002106966501091767,0.024850994777016355,0.014165473005951723,0.008004705154291747,-0.0031721342984174505,-0.001993196974232947,0.0037123924803497133,0.00015850742455425504,-0.0038976202716886066,0.0037839009816003077,-0.0055583694525606075,-0.014721277856649229,0.009294460297093243,0.0006064696912413403,0.0007241702375391235
2025-11-11,-0.00277151214199145,0.011100136396105631,0.0077134994954304315,0.007297185079629953,-0.007756583144644558,0.00368711190657689,0.0032055698532167387,0.004117512821882441,-0.029836188886477988,0.010778600738008626,0.010678253622794065,-0.003785122478678904,0.011139709356207783,-0.002424494248423059,0.006907938445104733
2025-11-12,-0.0011500653659302085,0.013984138460696016,0.014605473458051632,0.0341618674805535,0.017638852621151946,0.0015307627588820871,0.00036863711570012114,0.007964556846805637,-0.011847763591654514,0.009323489614925018,0.014940175821171797,-0.0003999649696205809,0.015423800918270558,-0.013422396185979735,-0.005292352142509449
2025-11-13,-0.004461469477214708,-0.006380099214911006,0.0004485656068842214,-0.003227785290478291,-0.011817979429518899,-0.0006112940523644861,-0.0031939922496774242,-0.002347042795542431,-0.0048469523221208455,0.003059895870374474,0.004310345258215609,-0.007668703546018896,0.00867976021584238,-0.010973710127375247,0.004729288234407658
2025-11-14,0.0021684381470696845,-0.02529511684151775,-0.003913122346910547,-0.008405680321133202,0.011231331690349178,0.004587791844803402,0.006038849905465327,-0.0028230385553841275,-0.008202971998353847,0.011338729595182562,0.008988564196292126,-0.00268804860131866,0.004254671410808708,-0.01352956697821539,6.537313514853871e-05
2025-11-17,0.011155419890236828,0.003194060436778612,-0.0013094335579082461,0.009449757642738366,0.0018174362485965379,0.005328120578135032,-0.0025725545303378894,-0.0010222627511058402,0.004652350758677981,0.0038700544494127964,-0.0012840497730975953,0.00902912499034425,0.005474300513890862,-0.0062549471412728375,0.0047722501182336785
2025-11-18,-0.00466018835987958,-0.014062095178724365,-0.012907228907065416,-0.021200459659531212,-0.004434576398221313,-0.005299882166899916,-0.0030704825716798556,-0.00409362368212951,0.001629338965338789,-0.0028913162322394825,-0.00048213775378491697,-0.013622739096470826,0.017517353027993066,-0.004157811019921409,-0.023617481132263585
2025-11-19,0.006115294340849786,0.03680031238369086,0.02146117842218498,0.008368440739699112,0.008301273359426542,-0.005632464248512159,-0.005667151718031338,0.01098732494178134,0.005907573116194387,0.014384756966518975,0.005145382207863536,0.009951957484302332,0.004932071010872008,0.004407169665466171,-0.008929108997462465
2025-11-20,-0.0034189951108478667,-0.0029848784769667125,0.000772112935526259,0.015412549342814996,-0.0038152722787740956,0.0,0.004708221749281538,0.00015629450319654126,-0.009447611901073905,-0.003755351768106485,-0.001279736129100817,-0.004826408120729431,-0.0006945502415187654,-0.004330019037734001,-0.003429101404566981
2025-11-21,-0.005193682455672088,0.005532043516112584,-0.007187434265779946,0.003777491432582325,-0.004434576398221313,0.00015298671971719635,0.005919349514120098,0.0011726522155885988,-0.001031130290098492,0.0012939511077767474,-0.0037642386310843268,-0.0043109909034227956,0.002038595405703836,-0.025861112232359762,-0.021252160257139385
2025-11-24,-0.0002394753827212881,0.0019417916159578663,0.01137058923363532,0.022716336935503234,-0.004859274253935286,-0.009796335695463454,-0.010543099500177844,-0.00897948249778946,0.0004300597412416618,0.0006181758655310343,-0.01422947330456592,-0.004938433171043588,-0.00490117015623226,-0.015714278033493678,-0.01054658943935216
2025-11-25,-0.00833604708579605,-0.011240338961612806,-0.006591965535005073,0.0,-0.0016276249989116698,0.0007729534913190061,-0.006814564873353746,-0.00472737162160386,0.008855627173862013,-0.0022462216410367164,0.008073751551459729,-0.0032632580465777883,0.004414250304579648,0.005865949699469519,0.0050159317185736185
2025-11-26,0.016377591416518733,0.017836172185772492,0.01852299540671276,0.01719410378702313,0.009578100912398302,0.007414185408494145,0.003742575459207531,0.010766428042930931,0.0023010833350749493,0.015814968090248627,0.009627104845314483,0.008526044427421109,-0.0160991643288384,0.02008053298657786,0.013101427808013932
2025-11-27,0.003042059469174685,0.0054560527467264475,-0.002518081029131647,-0.006971787141663688,-0.014937401852477938,0.0038331726474047922,0.004971388342616123,-0.008145470462612714,-0.009182948776618405,0.00299182714397217,0.0010417169085330524,-0.009536053532468114,-0.005266124389333604,-0.009076339185691285,-0.0073212830310016574
2025-11-28,0.006729239469396742,-0.004022004505517596,-0.00012021434312536883,0.004967479487983706,-0.0030737727215760513,-0.0027493305610212238,-0.00012365406469194706,-0.0041851067923802665,0.003346795946834291,0.011765985163603832,0.00760420119505123,0.001775364336408014,-0.0066174748732032995,-0.001011122158488309,-0.0024814295337824976
2025-12-01,0.010920696108126515,0.0024998325291267776,0.003005656463503259,0.00804060127661077,0.006495357597152918,0.001991154151688379,0.0,-0.00039652683562585445,-0.005559387110475655,-0.013212486772515186,0.0010326818127968096,-0.0065435536354191415,-0.005662400388652622,0.003989055179364653,-0.015339929758500293
2025-12-02,-0.002421237366954321,-0.0019181223691103755,-0.0004394967951460993,0.004707384791776681,-0.005268976269257597,0.004585782157675133,-0.008163206814514101,-0.0013484325694204102,0.01066483773215765,-0.004370916174182393,0.011983207132055584,-0.006243618465495038,0.006843109948293069,-0.0050407128460647765,-0.00042103049947017634
2025-12-03,0.001726997299916766,0.011338870666792955,0.01806772935217671,0.003253764184534935,-0.014453472596483219,-0.017194163835625775,-0.001122344489831395,-0.013503904361629626,-0.008680114336851674,0.004001073652463161,0.004313042164775016,-0.00800879880995442,-0.008555174069687088,-0.00512574847186853,-0.005897256873089729
2025-12-04,-0.004985812055333549,0.011971846896486671,0.008794938793655893,0.01336188856408671,0.009207519187699909,0.0,0.0063669117181670565,0.000402657199902956,0.008927853835200672,0.006420674778698565,-0.002420535270656776,0.0023664099251579085,0.008533121531119514,-0.0008985626263443569,0.0019067667524264031
2025-12-05,0.009131853990547834,0.011642478246658872,0.011598531693531866,0.0054406725950126855,-0.004128289618965719,0.0010836769610582664,0.004714142244090613,0.0036219598961988453,0.01437930095652784,-0.007149595113943086,-0.0018785315012435078,-0.0015970394882186545,0.002376597872824515,0.0020386422200180387,0.014661323522467518
2025-12-08,-0.010812586794139989,-0.003341107568014867,0.00565581244628377,0.013369014869246687,-0.011234068791846408,-0.011753755190920923,-0.006544015154844263,-0.025743768312711524,-0.01904041758340591,-0.005040749120292953,-0.006822432751530494,-0.013005093591301864,-0.01071698743149263,-0.021781980944098334,-0.04487665340879965
2025-12-09,-0.0018296122254667369,-0.007325620214527873,-0.015188620944859066,-0.018972305955056834,0.005534149649708109,0.0010954749273091036,-0.003107117714135188,0.000823177946018161,0.006241945753215239,-0.011245987152028403,-0.016028459171852916,-0.0007045856148092389,0.0016777127743405895,-0.017128527740006616,0.0037820741372833755
2025-12-10,0.0008459013439809926,-0.008880512717761135,0.00221441721219362,-0.006915931159248601,-0.002293253587469901,0.005471284743484794,0.005236195412271716,-0.005346306444617421,-0.009432358502178384,0.0053491258320119695,0.0036912478115067593,-0.010224178099922376,-0.010862852932700617,0.009709306259066519,-0.00760819216457409
2025-12-11,0.023808488154972718,0.008329126564652345,0.004922750412049703,0.011219983636413522,-0.0036774959114821426,0.0031095041085265063,-0.0006201133622163457,0.004713424004106681,0.003174029967060399,0.01215342805156383,0.01814833122388837,-0.0012823839075360999,-0.006676311210682129,0.02558097876985821,0.012923524494871552
2025-12-12,-0.0016512738007284922,0.00012510205026106114,0.005207388074193409,0.00650427619302496,-0.001635809816588285,0.0075944454245799875,-0.0069495632959342135,0.019177022447573577,0.011715421634620027,-0.0075807469449413745,0.004554456648932836,0.013053716778494762,0.014708655182868124,0.03311697276795966,0.008289492898468698
2025-12-15,0.0021593427687860434,0.005381134286299716,0.004374438896062038,-0.001900617984513353,-0.011217531784745494,-0.0033840278501688914,0.0054986124876907905,0.004199311072778711,0.02070829293410581,0.0020072294326980433,0.0010161336910061713,-0.002041955984550259,-0.006575700652016847,0.005701271735039537,-0.0021446710566254135
2025-12-16,0.000504318980178331,-0.00865073871659816,-0.009627795213423718,0.0017772774646847012,-0.013341833621524302,-0.009106318242098399,-0.001491464237277973,-0.0023322083356143164,0.004637328898554394,-0.008791867291410349,-0.002889232990610835,-0.004938987254108351,0.015606071862750204,-0.017585398001799812,-0.00852557104571694
2025-12-17,-0.004215527926427987,0.005712833950994423,0.007406884436406136,0.0007604070296463039,0.0030144789824162466,0.0007787571897344137,-0.004729825556658684,-0.004836353345442634,0.004945637999495434,0.006512089795983389,-0.0038374335835278384,-0.018435735381246987,0.002854477511007536,0.0030029107519189413,-0.012789983155209628
2025-12-18,-0.003957310227548194,0.015480693681181323,0.010377591609172399,0.016588574426472436,-0.003907112027503934,-0.008560333182712099,0.0015007104478219624,-0.000890883946858656,-0.009104329927196786,-0.0262145692102691,0.006289306961310581,-0.0004334518766577755,-0.007590078307241677,-0.013032746065879786,-0.005928903997316937
2025-12-19,-0.0023561106704005352,0.007314899368866756,0.0022740115858848053,0.004297452043779959,0.003836202642729436,0.004395657863894842,0.0016234001107739982,0.008836603220439443,0.01034681211138233,-0.0005727807638233884,-0.0014062809210492189,0.013586744842116305,0.0027245444872643354,0.0033904622972829035,0.017892705653988594
2025-12-22,-0.004538116497976974,0.03106121656564742,0.031083436636679673,0.021209295678490392,0.005539110689669613,0.0025007843185502754,0.004114210542108809,0.010286026760417455,-0.003277075874526747,0.014270188926895244,0.004068225086157895,0.005917960234490316,0.02378806956146251,0.0031418357138979225,0.0012296807175549151
2025-12-23,0.006047357958724797,-0.012606480409848464,-0.004657770944641149,-0.008319690662176304,0.005594029975768189,0.007951329411423957,0.011547028399641501,-0.0005567615780365243,-0.003616643611427328,-0.007853982385580105,7.791442794302661e-05,0.002764411516972709,-0.011501352731287828,0.00992792508243201,0.003179062037834246
2025-12-24,0.00046236342627548055,-0.002937153174881635,-0.012306570165684705,-0.0009184966872073375,-0.007303960928640496,-0.002165532851778229,-0.0018411588937489176,0.002546669724868833,-0.005114670154636736,-0.010763679130155968,-0.013790353586220272,0.013925193863547625,0.00037695095701528736,-0.0048565710011635455,0.0009362128964327532
2025-12-26,0.00023114551606306932,-0.004388606103427617,-0.006565766989096278,-0.011768349072648454,0.0032510415799547054,0.004805474103251495,-0.006025562117769279,0.010240587782151644,0.0004145832882267442,-0.010074950814547456,0.0027650188192280822,-0.0022308636013848027,-0.008617132222214607,-0.005586009501215905,0.00014389803410197466
2025-12-29,-0.002587567626398113,-0.0068836627040668175,-0.007735557931700887,6.206587869672653e-05,0.0012365493872590338,0.004319706883809449,-0.003835252886813967,0.005814886465957514,0.001491914244472925,-0.0013375218950256729,-0.0005515563392686218,-0.009991628040666667,-0.011304127793756447,0.018803268476112356,-0.008992777767057647
2025-12-30,-0.0027332813112952437,-0.014045114642839751,-0.002232790268876017,-0.004837575753150691,-0.0005962611995179445,-0.0018433672502579102,-0.004967683978726267,-0.004609349822800701,-0.004717384604146613,0.0017469895939592472,-0.0022070555475559583,-0.013339002752095652,0.008743194838451096,0.020313387334007782,-0.01176044529703768
2025-12-31,0.02248342400604386,-0.003823337710604058,-0.0014033679870931737,-0.008537897118913396,0.02428846525499928,0.014312053472903319,0.005991014038208453,0.010909614979589088,0.0029935050187441803,-0.00029066909246577843,0.004424068930305225,0.0075107584666465055,0.0027622231198616287,0.024345812482338136,0.009917014542884406
2026-01-01,0.00758708101821437,0.008914186384206824,0.015458862425486997,0.010560005668153183,-0.010150629963823876,0.020482512371735373,-0.09714640105888162,0.005434764396361702,-0.0035648581534627466,0.0008140957691804562,-0.01415764263129038,0.009797618975630362,0.0022795836026368033,0.010051061742471168,0.005818991888402847
2026-01-02,-0.010235346107839272,0.006503869946475227,0.006171530897329358,0.0026746772473804636,0.01479370570434324,0.04698187048654767,-0.03792785288844158,-0.011814661005086102,-0.004160140547030178,0.004009050047743212,0.002154139095110752,0.0025311586922169838,-0.0019426571740733811,0.005442879772291187,0.00983513654598367
2026-01-05,-0.001913374640537202,-0.020726690484366816,-0.021189551915552718,-0.009367242992262548,-0.013956846965999525,-0.004260092799340254,-0.0009997240564110221,0.02727201241346111,0.007018136732684033,0.0005208997200671917,-0.0048562722008245185,-0.006522186005782915,-0.0006172406981685974,0.015529356983863485,0.018834128349090484
2026-01-06,-0.020311247692125667,0.003610541318017191,0.008735344513110421,0.0030684390371262804,0.015960398647873797,0.0005704074308723328,-0.020731947512027227,0.004031753092622603,0.017091229831485588,0.018103936035723356,0.004959966963691498,0.03741350929207776,0.0001424558639320228,0.0025844811554083247,-0.007099151990469732
2026-01-07,-0.001118184607137085,0.016623294968570956,0.0195782479012534,0.01460853174157939,-0.011699540626305072,-0.005558740209380741,-0.003504254612220259,-0.0038640185381700887,0.009054571444190529,0.012725831190841586,-0.010667086774703627,0.013541086477852682,-0.010022274199398717,-0.012889345071256608,-0.0043183137646251035
2026-01-08,-0.005130571676791873,-0.01568028785226816,-0.031757650829826733,-0.029104102534304954,-0.0319585210299107,-0.012756202678762874,-0.0010256919129500996,-0.006008488851125593,-0.02449480419446337,-0.012285425212704704,-0.028886334297400618,-0.011144663797394982,-0.008588410562249238,-0.020021819801249285,-0.015428348414820325
2026-01-09,-0.0029067548890387984,0.0004958170940481121,-0.0009534523143120976,0.0027251114019160028,0.011537451568760071,-0.024390182930835946,-0.011000236125070284,-0.005968377253604773,-0.009281492871551222,-0.01749297878291811,0.0026512982027500076,-0.01466495313886984,-0.018971156228610564,-0.009549168308284783,-0.031051389546290387
2026-01-12,0.0030563079058807396,-0.011275601044485883,0.00439009053961148,0.0024649563004568442,0.006920452623541351,0.00431542373458349,0.003707529070236637,0.010237946270882814,-0.005687970263868469,0.003526150287433527,0.00446253954934428,0.0016536980269827861,0.008337027526874152,0.027130134487026947,-0.01676855906459751
2026-01-13,-0.00032822945252097835,0.0019424539138996888,0.0041809359262332535,0.018094752588078133,0.03423696373717444,0.00133352103769524,-0.01093376777223165,0.004800283548048956,-0.004290443900456076,-0.004205116233028772,-0.019909490280988873,0.005915939978177409,-0.008365941326535897,-0.003656416202185153,-0.010990661343425634
2026-01-14,-0.012941905096996331,0.0005003292501839507,-0.015139994615372743,-0.016286885207757784,0.01825414331510955,0.033145939610568,0.00014936759748240824,-0.008796475275249849,-0.001943208910140437,-0.016197077615340727,-0.0040292314690051345,-0.005334039066565599,-0.0021708145729062434,0.03658864891534219,-0.0020692685859281523
2026-01-15,0.0,0.0,0.0,0.0,0.0,0.0,0.0,0.0,0.0,0.0,0.0,0.0,0.0,0.0,0.0
2026-01-16,-0.00665081176035931,0.05625706074194747,0.0278631328636898,0.05162099051302316,-0.004270230714265577,-0.007877418882059506,-0.01657952627138548,0.006732513720232758,-0.0013543892465107676,-0.01869812730447229,-0.009270950101552433,-0.005087689753502711,-0.0030160621351580374,-0.0054953564320440185,-0.001843269328342001
2026-01-19,0.02080342340182284,-0.005089435612882887,-0.0803889132506066,0.028614236073520427,-0.01642588536241163,-0.008661723848792935,0.012150604258642117,-0.000228101890509258,0.00762903483578059,0.0038947768094923507,-0.007060916313939569,-0.014166269209042404,-0.0031739629235375544,0.000318817128051041,-0.012310457555188337
2026-01-20,-0.007261673308484706,-0.013264245798949581,-0.024598527126578507,-0.02316247728825893,-0.011188372726478435,-0.013397467516487627,-0.020708309979631245,-0.015126212056051247,-0.010010952245686489,-0.036767349570101526,-0.0004283558072786242,-0.030912667618808953,-0.006965200991706166,-0.025017306839826836,-0.04510393591020867
2026-01-21,-0.005191102393511837,-0.0027126271391266776,-0.0014588209735771906,0.004885318540706507,0.008236616424116328,-0.0001474995334476148,-0.004750185630757131,-0.009647310625261585,-0.013851145365652129,-0.0005576846362844723,-0.008142669286477777,-0.01244123271945774,5.0099067965270194e-05,0.0046306379055807145,0.0077500361995732625
2026-01-22,0.010436453620100261,0.005500467292467226,0.0045918285410693205,0.0004150744033861731,0.006766512157078353,0.011071722673768436,0.0003079867012820703,0.017768194387143055,0.022318022929374903,0.013206002953574325,0.05210857317742601,-0.004321413152151288,0.003055951972696036,0.025432526667484634,-0.007042953229519422
2026-01-23,-0.007511745511876167,0.004388342235966736,-0.00934969669502872,0.008118945554664414,0.0059833768844503865,-0.016790756984760624,-0.004463693242349742,-0.009341487896102008,-0.016352013574208124,-0.001407411528156044,0.0148665490588753,0.0008827828183586295,-0.008740373291689085,-0.007879466140556346,-0.040518394573000105
2026-01-27,-0.03334906434238172,0.007122263951240937,0.010327065922860701,0.025865599131584815,0.01010302744070879,0.023759957933626286,-0.014687716057678823,0.00734273399507801,0.008740361734269841,0.004289479840275057,0.0033991999999205547,-0.0013964706736481203,-0.005693489263533302,0.024892064437848083,0.0358568109509072
2026-01-28,0.009053046625598693,-0.009627351196617062,0.010860323216049128,0.010200046505753013,0.08320218724279282,0.009718573482896842,0.007845658556810964,-0.00836344168555303,-0.023360520520439465,-0.017267733144763486,-0.013953911438057687,0.012364750187070062,-0.0079558824561069,0.008165217419476178,0.026248912986942985
2026-01-29,0.0,-0.004200390561712175,0.010322298909588135,0.0031198038347144408,0.025355725166692045,0.029018830696881492,-0.007940153455285315,-0.0034819300986144164,-0.004435897575394421,-0.013224862588698594,-0.011124732580959251,-0.011123203561201667,0.0052102672843565845,0.04369351705927316,0.020781706573577807
2026-01-30,-0.010669274578133714,-0.011147938072588515,-0.012093453526678566,-0.014306719238708743,-0.023348800143548787,-0.006003046037404092,0.011142419460919317,0.03455240024144901,0.024025863798532,0.003775314675439123,0.007610177157558962,0.023452463388904166,0.0004064526924492107,-0.04542307690531355,-0.00438489774088624
2026-02-02,0.0004902481601269937,-0.0070689040117084545,0.022794475135026193,-0.01095748599759827,-0.05580752365266395,-0.015870793540540773,-0.023125871868587833,-0.01808760968147627,0.004777696988095936,0.02043502238615691,-0.0292258046558459,-0.003879068480654002,-0.0016761951594206348,-0.023921759310777446,-0.014864329420035571
2026-02-03,0.018618279475272947,0.01632505107605864,0.001609611067876937,-0.0043503633451303925,0.012010218547245044,0.023405148827324584,0.006196365577229468,-0.00022933269840319515,-0.001103852507635228,0.045580132237048376,0.0447357390067209,0.022355266959097397,0.016230802582518855,0.023447029594877433,0.03848001004927237
2026-02-04,-0.008297202386921665,-0.07258454969424133,-0.038526551132099796,-0.0414796996483795,0.0387159912117061,0.024264361784554156,0.011929795266854892,-0.003669787739869368,-0.0005100009300363917,0.0013513396152677881,0.0038853010369983565,0.0038794589625970044,0.014269249732788092,0.012802564855751486,0.014529420584859842
2026-02-05,-0.008730484813914696,-0.010157624300343282,0.00021429288572760719,0.0005469323943603221,0.008428550851601546,-0.0006806836709764008,-0.011629736270052038,0.00023023019991885718,-0.0014458384752792375,0.005432755770568454,0.003789833566667067,0.0008432089486634098,-0.016487306527579015,0.012077806771031652,0.002197447319614465
2026-02-06,0.03327219031031414,-0.008617275240571987,-0.01144006103658246,-0.01597615111032391,-0.0009286008840215798,0.0021962602415064314,0.05029004371878498,0.00524488044928928,0.006898880349391012,-0.004404999123011288,-0.0029721860813473056,0.004282460387172726,0.023087706894790117,-0.0035396250901680304,0.0037049096126908765
2026-02-09,0.015271669294230517,-0.006568907452738859,-0.002773963327362017,0.0011111712450035949,-0.008737751208169664,-0.00862893850655555,-0.009208113054155476,-0.005908114361262595,-0.011503922303216507,0.005604347911160268,0.027634556581733527,0.008179025188257638,-9.811395031811276e-05,0.02506849449309656,0.011148748049355506
2026-02-10,0.001165990408864559,0.00040082380453587696,0.006041416371958652,0.014120971184862663,0.02081767252045208,0.013815971495788837,-0.004336997253371,0.01003400714906566,0.0052198580596214406,0.0018773540071315153,-0.015288089723154541,0.001109399046214099,-0.013197863768451112,0.029752494414752917,0.000968436003019546
2026-02-11,0.0005823518340770661,-0.01729204792604755,-0.007171600350599161,-0.0062020435573979515,0.009002402790841302,0.004224634331785326,-0.009800895952607025,-0.0025217536873524127,0.024772320532459924,0.0019322434836053226,0.011385410442735777,0.03989471744216844,0.0003976822212385933,-0.0020191378238816338,0.00037211501619771603
2026-02-12,-0.007682385213826359,-0.05835995501934854,-0.04669068692513023,-0.059838499614862206,0.006372948649567611,-0.0005428476059293752,-0.0025137300152110464,0.00015316868420200969,0.01378963326778826,0.0022208488994464037,0.003621120809661038,0.004262687662618836,0.0011928181254294845,0.002504928459873268,-0.03013166776098597
2026-02-13,-0.013137862461135463,-0.012193416726503203,-0.022777141269517465,-0.0014317395782587061,-0.03238657177763882,-0.014256619144602856,-0.011655361317089552,-0.017541141572709362,-0.019911444490264052,-0.010146420797589761,-0.00533379404415002,0.00046424134004863227,-0.004864743275635575,-0.02368939211165777,-0.0389689530674967
2026-02-16,0.011767499124098135,-0.002556360582020245,-0.003876898576293475,-0.014142354868923457,0.015519848517326018,0.016804424527591344,0.013386487876413833,0.0056136714191434844,0.02098482148296954,0.0017673222745910877,0.0010252052469041928,0.011350852788782895,0.012321075026559436,0.012944190294628122,0.027777698300608167
2026-02-17,-0.0027020494504211845,0.018746319078381646,0.011394598068226403,0.007337954842628669,0.0011048387913097368,-0.0018965380532530718,0.023588588637442953,-0.0034889468816206026,0.00646906339594322,0.009761854003740522,0.012131735226586837,-0.0021659415524974968,-0.004484104182317483,-0.013264650966578806,-0.007378064285989194
2026-02-18,0.004476388512667517,-0.012579114746727016,-0.017339702894529796,-0.012468859904707807,-0.0037650601544423346,0.0,0.021508702146574077,0.01213726067645493,0.004963001843486081,0.00425133399012978,-0.0035025198025463444,0.0060514721439610675,0.000742508365302541,0.02929879440591332,0.005320504910268253
2026-02-19,-0.02333765626345541,-0.0023293707339959724,-0.003491387633807741,-0.016945782484749983,0.037981812400401216,-0.014115042821944868,-0.019401475481130692,-0.01721894891471709,-0.010929451042970162,-0.006378998505183975,0.0015621575793955955,-0.007191890957409575,-0.01642106648069641,-0.017318042134266243,-0.03416611289544935
2026-02-20,0.011887604498880044,-0.012623239952484822,-0.0063917009162723915,-0.015142303516773814,0.01456399085706006,0.026844712754145794,0.003067487907324029,0.011967247432355332,-0.0016370220533948876,0.006419951365346899,-0.0014817397868736037,0.0030292904162931844,-0.005632099873832508,0.01436146471716171,0.014182062580712973
2026-02-23,0.022190595502387334,-0.018991922391850102,-0.01891744315467947,-0.010982215021784425,-0.01076619438618931,0.006703311216443186,-0.0048929331733736925,0.01646305189415531,0.003935409051937455,0.004581329782284538,0.02108714452681193,0.010176584784749254,0.01006374234819285,-0.0010558954912358587,-0.004767147594491705
2026-02-24,-0.0069653642517695236,-0.039171447443614005,-0.02792754341479442,-0.06627799661256617,0.003083642743829884,0.01944330151983964,-0.005838963753491799,0.003725974441320723,0.006533276836680368,-0.0002886128897130469,-0.005507140650404696,0.0035747092955278337,-0.028188096152105047,0.004756439899385345,-0.02339129986016475
2026-02-25,-0.00642976201367762,0.011446503898235205,0.008893786656305025,0.012189693246005495,0.0034358488500225715,0.005617227685132287,-0.01159195047423689,0.002575799306206772,-0.000730220881948962,0.01870878658402919,0.004845467978103368,0.008095320017179608,-0.014219407764545,0.02634725803299931,-0.0007357771805608371
2026-02-26,-0.0009413152357176102,-0.0007750868637663721,-0.0041600158488440675,0.0,0.009551248080345909,-0.007794232391717948,-0.004534841483005092,-0.004080475813917128,-0.0034102413811477605,0.012186854558325466,0.009797184911298995,-0.0010278844674189713,0.008466541173740572,0.004099934590563459,-0.000654516965872487
2026-02-27,-0.02202326407625521,0.008533052700256505,-0.0005967376601559993,-0.0029372867482733156,-0.0014280395850350125,0.0,-0.014765930092074164,-0.019954488440730223,-0.021916278205952544,-0.027272180206242336,-0.025013224422997582,0.005980690595255522,-0.026067501784179492,-0.014801441904217727,-0.011378529540294502
2026-03-02,-0.005057861881016534,-0.008614719162860385,-0.011892959905005607,-0.009132431884480985,0.008938147625640935,-0.011390432503370795,0.00414534249757792,-0.009290110904176752,-0.007246931148613078,0.008923424652042211,0.006297030637189449,-0.003835546506001375,-0.003245947317928377,-0.0062167716999878,-0.02260489052796666
2026-03-04,-0.02360200607838403,0.01435332764071684,-0.015208753123800656,0.0043108800920170776,-0.018603826268258405,-0.031121706740573796,-0.009367959172458584,-0.026881145855388477,-0.011663004449059211,-0.0011412147242888526,-0.002472168529975116,-0.01610728730130262,0.017456759301887947,-0.06767451015644621,-0.03583531118212491
2026-03-05,0.00979294377511808,-0.00122374805727965,0.0006647539305559835,-0.013247424634544647,-0.0021664779818355573,0.03348824606012046,-0.0014425855474333726,0.004496836012195304,0.01247982675813697,0.01942295575101949,0.017270718440195232,0.014218599715477565,0.0005771420862983323,0.019519200733480124,0.028292801915090093
2026-03-06,-0.01841398789678672,0.0019911106764523012,-0.0014309175515291317,-0.0012001043421965285,0.009408380843464625,0.006745188183800099,-0.005778477150167549,0.0011991156607800146,0.0033540154155340396,0.008349696040804266,-0.007384789023663907,-0.006495193083044359,-0.01898265482471817,-0.010520029729117808,-0.012988178882525458
2026-03-09,-0.03364174537414433,0.005044328747412452,0.017144356895677726,0.003454351631929642,-0.029216791745517834,-0.011429337976238796,-0.011947027616860173,-0.013254489608717557,-0.015544049188970455,0.004445947474495782,-0.012885381087703762,0.007055459266503306,-0.0021916582728310763,-0.03753915044639733,-0.004501752227067279
2026-03-10,0.01423576554003625,-0.014752888477840398,0.01096853512381113,0.0002244675222675685,-0.005908329608791174,0.0027906652304816593,0.00996723314746606,0.00436952283627523,0.013242772045848117,0.002987705855513445,0.021445183176134863,0.0030852391338405116,-0.008731922194917474,0.020889043618921743,0.016697086372616576
2026-03-11,-0.022074719704952672,-0.014896500050198491,0.006469932384271626,-0.001645975624268492,0.0057577552848575575,0.006891084515333379,-0.00016168993368581575,-0.006042533124438032,-0.007791558994699854,0.007226411607790251,0.00829148576640737,-0.015250506172110878,-0.023454391511064543,-0.0013333284350118824,-0.019416576553869525
2026-03-12,-0.020615941355512035,-0.00822689638345464,0.001384571721051664,0.011540825286985967,-0.000738733913319467,0.028033677461406503,-0.015857611120709714,-0.01045622840053606,-0.022713872887854314,-0.00032858148116921004,-0.004903768455975621,-0.014250438367852891,-0.0031543965402192065,-0.006521519559080646,-0.026343459052337592
2026-03-13,-0.02251529022407195,-0.013825298412313392,-0.024344462824327784,-0.012594495599437594,-0.02384025866003292,-0.015618936823961982,-0.008714211550031159,-0.015235985310887767,0.003715250747901022,-0.012984240338393294,-0.02024260239465625,-0.003234494632882945,0.001165798282243724,-0.051480908234144085,-0.027503916712769527
2026-03-16,0.008177764696539302,0.0012016614257990277,-0.012501259530447006,0.005026993213239628,-0.01382049909932126,-0.005332340344530673,0.022557639686753506,0.009316308529056405,0.005767401855714782,-0.010213158472535011,-0.01191675628331279,-0.007947012063449943,-0.008095772975103999,0.018691132737958638,-0.022846665118831266
2026-03-17,0.011761513421904013,-0.013522223163531466,-0.019424957903376172,0.0017171182146833441,0.016509839091697565,0.0024843415852364714,-0.011030059727299979,-0.005356923176764394,0.002653202384007347,0.006280873388077257,0.005403750675721408,0.0013351012852111932,0.021355098080946933,0.04541556142168579,0.032902818779996235
2026-03-18,0.0032067733641334417,0.027739457555591374,0.015575996548132354,0.03234446652435552,0.0009442870632672129,-0.012651639562530681,-0.0026243264365924945,-0.0017399037056798905,0.004694887405077619,-0.008972328511114291,0.008568298749088044,-0.0038666704905573335,0.015544594613337015,-0.00010223998809144597,0.02792989969392612
2026-03-19,-0.019312688549896095,-0.0365400480422573,-0.030313921704762548,-0.032197434100267874,0.015471721145341899,-0.011756967521879158,-0.01989796760038276,-0.015355247973912967,-0.03593888575004622,-0.01906315826131677,-0.015678130123261913,-0.029313378547947022,-0.015306658807292983,-0.025075506332952413,-0.0370271999905174
2026-03-20,-0.003802786540082037,0.0287515526408455,0.013215777479599566,0.0329702986576641,-0.013749580539243689,0.01844679759188117,0.006543625784934282,0.006153534060997501,-0.009694211690714494,0.01874568811917343,0.019144744388144064,0.01551302320633896,0.010454262685321014,0.032859191767177,-0.002766220358953353
2026-03-23,-0.027811897555312437,0.0007166536830904846,-0.0176007991235253,-0.0005777365407418911,0.00018846387225757155,-0.022443937620614363,-0.03167192633434346,-0.022453053803372258,-0.022870794711875364,-0.01052276423284959,-0.035106612878285315,-0.029805192300888406,-0.027192446988129504,-0.048787921694353975,-0.04808135504888966
2026-03-24,0.02888797967366674,0.017106994976597623,0.006398702813516843,0.03518782540786414,0.009794595842435694,0.008458630365498765,0.0027543279559592015,0.014055423603272166,0.004280456671260646,-0.002900295040933254,0.005026692911641595,0.03750876183510532,0.0034522986876048822,0.019340654147208536,0.012141778222430677
2026-03-25,0.01158511804322293,0.0006257542660850213,0.0016424093882430046,-0.016891095686836777,0.008020983070229137,0.007588886156712604,0.015279034427797544,0.01766399351136383,0.024213281511033857,0.024011813906539947,0.032629360680298314,0.02259543235169259,0.018200987302630534,0.030714399291353667,0.02562375870721323
2026-03-27,-0.013338718620685475,-0.007348940821984673,0.01348851561836728,-0.011998656254357032,0.04348630447506041,-0.007267441977687472,-0.0033818092186345128,-0.009052443480291994,-0.026031501453725236,-0.0010025583062946986,-0.014607505515344621,-0.004155399575360819,0.00490492315865132,-0.01744212613281837,-0.02124068539874635
2026-03-30,-0.03482179869044211,-0.015042917885841112,-0.020668051560583156,-0.005461318123265668,0.009576100629747675,-0.013310262428429143,-0.023752992619853197,-0.015420545232074478,-0.014000027799143555,-0.020294424393323518,-0.020909625898066997,-0.017220796671496452,-0.033353200394516835,-0.0070386078051589696,-0.03613765770151789
2026-04-01,0.0074985383105370396,0.02007036954932917,0.018865849700591797,0.014812197215434031,0.011944472051247601,-0.016187778494003435,0.013903385656813372,0.005107162608670501,0.00940439101037005,-0.01633274487764247,-0.036098584494191566,-0.015298576181707935,-0.00028058363337502,0.014281306700479224,0.011208055838790143
2026-04-02,0.005476804289676895,0.019675573244817945,0.019510490046776185,0.02634383183235456,-0.0029507919526398085,-0.01371177864716866,0.003942426642911556,0.008892328809555927,-0.005845778881885755,-0.020190954253667792,0.006365852818826179,0.0016425696890989272,0.004377320398446294,-0.0023638698128590763,0.024521808637132825
2026-04-06,0.007122871801457986,0.004151212709408547,0.012210729184358504,0.005549857928085489,-0.018628154164767263,0.017934136845523474,0.006829441553616089,0.02073361158810516,0.01708931425277127,0.0005904880903300214,0.00041072606579639626,0.0075845688242235365,0.0017322328890116978,0.010095800811065203,0.013307813584816586
2026-04-07,0.0066566108253760525,0.025417269563083655,0.037660286434203716,0.016488385015441587,0.017030291605549364,0.007511608724809493,0.012209567450056191,0.005592094910779055,0.0012646654918966327,0.013808515979776281,-0.017819100725879666,-0.006306777473477965,0.020917009495465377,0.010351869042463546,0.00925923979546206
2026-04-08,0.04738933998638384,0.005076835023299475,-0.006350153821705562,-0.014931441292648895,-0.004011839947569151,0.014368951349512438,0.013402593441115496,-0.007441980368643408,0.009473145358531498,-0.0019790459075247346,-0.003929358435873165,0.01023678499522096,0.017100971314262248,0.03053540957559564,0.0725519636684766
2026-04-09,-0.021701953618115444,-0.010845353978939598,-0.00270378166784746,0.007027701355224014,0.010858164986044194,0.012027261989599358,0.001818437551274421,0.012358889240130289,-0.02136027792398898,0.0014581041847454568,0.017206572806259146,0.010808653739080798,-0.001181752357213517,0.004995668061627878,-0.01728196608121524
2026-04-10,0.007125526985678032,-0.029363102339199365,0.009907905267033668,-0.01464153897553866,-0.00727652827132097,0.003961442028730389,0.004125442674980384,0.01676580127530647,0.015068477376747325,-0.0362238317901562,0.01675049227992753,0.004009919829046638,0.005700700935930669,0.0068713752981119924,0.011812699733560583
2026-04-13,-0.007075113076524642,-0.012146981076221142,-0.009322580914881584,-0.003332816199686839,0.003664878858529619,0.016046313827317027,-0.018405996500248656,-0.018570479725447564,0.0056679989806445175,-0.0016316232277119314,0.0030028200787373116,0.0006656399186106832,0.0004813386422919397,-0.0010648389456534568,-0.0021066309398725114
2026-04-15,0.02823339538902747,0.02232144514134693,0.03340397091161251,0.03371881881786676,0.00017394648815938218,0.01644014525182036,0.011384618226851773,0.02487565473898523,0.011719492477149318,0.0268733329866524,-0.014645117318482392,0.016696591215872747,-0.008124512253100624,0.011289273978643433,0.033515106125823646
2026-04-16,-0.00849891760953636,0.01064880248265676,0.002431396111399753,0.00485245339297391,-0.016863720447105823,-0.004584865722269682,0.004469395852635616,0.0006366144061096257,-0.012114256959025682,-0.0020629456312796224,0.0029561144359762093,-0.011646161890477957,-0.008137040603340417,0.009438542588384724,0.003830122137415737
2026-04-17,0.011736756278434068,-0.0003789946762072782,-0.028250656451753287,0.01368209958623745,0.004597657976900926,0.007164837251812273,0.011206381883472227,0.022427210017966326,0.026763304626498785,-0.0103951098844699,0.011707837422918033,0.01933004620286205,0.00342278660683637,0.006787160910825651,0.0204340920123649
2026-04-20,-0.011470224952046637,-0.004625790714864464,-0.009005511320054227,-0.004631505607244124,-0.0024642905105960455,0.011178846108369278,-0.005867000020333912,0.0006223493741348562,-0.006189521945050291,-0.004118243208200423,-0.0025086829657990917,-0.0054552549847236564,-0.00043314846665643003,-0.0018856730330768512,-0.008890678657431206
2026-04-21,0.007779454896405635,0.000457099401685257,0.012495074272726336,-0.0023929623065146455,-0.0008823010221099548,-0.004522582394393848,0.015245881335384182,0.07268339306319915,0.024122811601230643,-0.002037636869344772,-0.009735566525557293,0.011362163610201703,0.004820998752819383,0.0013697031030053264,0.018695454837486247
2026-04-22,-0.013868813360906174,-0.033962799554866474,-0.004926593426712089,-0.025453165637804975,0.001942733243063488,0.023220548727913126,-0.013402257551621055,0.011522604188546115,-0.018501099762699535,0.0027625267719464386,-0.002949333559309708,-0.010588859946907059,-0.014016188132567553,0.004811093192673255,0.005102497529162697
2026-04-23,-0.017115615949232832,-0.022071616407382866,-0.0060784301858473055,-0.02810062940689939,0.009166247697732999,-0.007770088662824914,-0.0006546857128901795,0.010531568915184142,-0.010123036332133517,0.006168326804339763,0.09367297618069448,0.015531217281620657,0.006670295794165559,-0.009951653018773099,-0.029231228083207883
2026-04-24,0.0012148874219453099,-0.06932132872095875,-0.01676856801927651,-0.04431930857286548,-0.005065544828056767,-0.0009943912902035112,-0.012119106817976899,0.007656916969787542,0.010402928466420436,-0.035533599147165695,-0.010443254312638262,-0.00623316300557164,-0.014501419710257646,-0.003982675799616087,-0.009699741701633235
2026-04-27,0.016044175496817248,0.013597868773237654,0.02854132154983602,0.027677547358700094,0.0038623811469937763,0.020778912471547173,0.00746014153397323,-0.0028143044091660796,-0.0022685753030043943,0.06979763313412812,0.01321079046307072,0.011962513495917815,0.0030862479773852147,0.01523296667321028,0.00919857820344272
2026-04-28,0.0030520776828775187,-0.01555162902773255,-0.016922697588273583,0.008595367002632415,0.053864967559461574,-0.008166762564172814,0.0019747225200184015,0.01601630189311498,-0.009707039326958267,0.00796076621721764,0.015061861314742186,-0.009201306481190774,0.013021307656084558,0.008346230898732987,-0.0076799864807702845
2026-04-29,0.010715729212239955,0.013366931887263345,-0.004464775837889068,0.036716148793976444,0.0003319153918597273,-0.01364143597710743,0.038758331367479526,0.017777785349204267,0.008300938319291129,0.017970553777104215,-0.018307957029656596,-0.005675208725824943,0.024026458970762832,0.0038595840229327383,0.011141395701461665
2026-04-30,0.0034030626123027208,0.012248465296620381,-0.00014950100578647874,0.009384870906548493,-0.006138042936228438,-0.005357572793133425,-0.004268813946959771,-0.004776229025328704,0.0029777840924800625,0.016641411538494966,-0.00518878717954141,-0.00940456980911586,-0.0006885072577385021,-0.02093761393526694,-0.01253266161449762
2026-05-01,0.0,0.0,0.0,0.0,0.0,0.0,0.0,0.0,0.0,0.0,0.0,0.0,0.0,0.0,0.0
2026-05-04,-0.030393927355699013,-0.011338667231728716,0.0004984111989303486,-0.0012894842394529649,-0.02219994714565121,0.002254776174988038,-0.012067216831803784,-0.0010283654455419677,0.011613695111048816,0.008405622735682572,-0.02698621883898311,0.013225923185851807,-0.03164094237121051,0.00416355973415472,0.034412352962295056
2026-05-05,-0.0008071734714744094,0.008301918773358175,-0.004831872708921492,-0.01318298096731596,-0.010071634520059769,-0.0034995474045830255,0.0011250765712100819,0.01420637204155284,0.0072507617597667995,-0.0014806299241347798,-0.01243007925337447,0.004458814501464348,-0.011493567024294382,-0.004334727710492592,-0.01630440590765636
2026-05-06,0.014137646455936181,-0.009252240255914868,-0.003303684427762188,0.009984909140052123,-0.03155724790081804,-0.009532140602403927,-0.0024081689923657335,0.0056163473747412596,-0.008826788568192523,0.016146732231839156,0.031309099321746414,-0.0014796319764547317,0.015281473451375982,0.019638473275422008,0.02059261929500611
2026-05-07,0.007434921907425451,-0.0038553611830102197,-0.008838819811388343,-0.012613405284695234,0.011039908255983333,0.013929340040476301,-0.010621219292606843,-0.006796282138273102,0.005360542124823953,-0.008539599776916651,-0.0025935074794551927,0.00985755990038184,-0.003871932854860205,0.007518442673455583,0.015173898700364896
2026-05-08,0.0036899453240266666,0.01419110741372065,0.002786801984808518,0.010219611248136307,-0.016555060903477248,0.00449603538285781,0.00016276177774199319,0.0043360452521641335,-0.05056763925185892,0.007359359983944547,-0.010477195614276735,0.03317597035289177,0.004325012952098639,-0.01197655565020106,-0.01712854392147256
2026-05-11,0.0006565221761276607,-0.0018656012010918044,-0.006215019557816559,-0.0038277316172274922,0.0064469474006829675,-0.02287699074744054,-0.005204164473580852,-0.0003372574121335292,-0.0198369264391961,0.013420603351594229,-0.010819975974175278,-0.0018525211107350836,-0.04071949617291204,-0.011235999925650497,-0.029593064500494926
2026-05-12,-0.013252758223486039,-0.031180925722075647,-0.036150059717956706,-0.044256845073027185,0.04804270462633453,-0.000636213238920269,-0.016838249832236585,-0.00897501731551853,-0.014139222336349011,-0.014417696764347676,-0.007735005376783732,-0.007362020336678432,-0.0017047707381522281,-0.000377220410612944,-0.03566286490470327
2026-05-13,0.004388215033187537,-0.015083864686515902,-0.009336929739337085,-0.012850917915001259,0.008998281482120118,-0.0057295643749911696,0.012470887258366758,0.00020428932412897005,0.0003749623432269811,-0.011323534024280879,-0.003700713020098667,-0.0022436813020748625,0.018442556917219965,0.03594334372348107,0.008696501898993958
2026-05-14,0.014696231604515164,-0.025019987652072695,0.00266240764716974,-0.022981784264887617,0.012619889204192214,0.014982649258659997,0.009032665025406006,-0.006331258040787935,0.006840381546078023,0.021043298896884943,0.030269458726241094,0.014304432808899037,0.05270517248585582,0.006875599242075037,0.015849435902381748
2026-05-15,0.010046942746251508,0.021917849407550483,0.00902813299442351,0.020172686324423372,-0.005151172563672368,-0.0026494772276330902,0.007324251586557251,-0.01993699074945543,0.006235449478297239,0.008050679229051783,0.025391180285710302,-0.004495622630939611,0.011627288871271846,-0.019400386642862477,-0.028289752318441774
2026-05-18,0.01227225725369463,0.021000848686875795,0.011421030349836547,0.04341480421081867,-0.007182207625347159,-0.017583838600964574,0.0022619483714945154,0.0008388357546216252,-0.004717027911538163,0.014694974161010732,-0.00411460420736931,-0.007670932717895873,0.017161751497807076,-0.03288139106318222,0.011292517733771712
2026-05-19,-0.025140260018921112,0.04761492564390868,0.015611183019252683,0.025944042145263246,-0.0023553572620435004,0.0028328769974159673,0.0004836526417846265,-0.00020946892046658228,0.0066908078246286085,-0.012330793480193059,0.003004761052700866,0.0006857487381515259,-0.012692875015051452,-0.002002769821231487,0.007415202950597166
2026-05-20,0.0032726468861312696,-0.0026736616713510797,0.00999127724299842,-0.01915346573026555,0.006070785136488288,0.007832610062540768,-0.00886237555753544,-0.007894391149356417,-0.013292676902626699,-0.0010625186327639646,-0.009960962477792434,0.006541242351826293,-0.004494345006141542,-0.010893986568227931,0.010218109642223805
2026-05-21,-0.006132560865100167,-0.010471636857328326,0.013291438387990961,-0.013203561484574466,-0.008213147132790088,-0.009300609760554579,0.0016257026763191185,-0.009576772935523836,-0.0021517279352449847,0.005850165922960837,-0.002572122202475602,0.028470614860763854,-0.010289215683093711,0.007584213599284295,0.007971888975651265
2026-05-22,0.00866474530599759,-0.00567221394352746,0.016871975867750022,0.001549215302384166,-0.01977355410791759,-0.0003857867829055728,-0.02061339182022126,0.01180229121562304,-0.00028129774882679204,-0.024692049087327916,-0.008570321713624596,0.006499403213293009,-0.007372861347996973,0.0029245237093316057,-0.0021260245013129397
2026-05-25,0.022647462242160188,-0.005108460549326788,0.018364355971014268,0.009351715982730324,-0.017413751010237122,0.003602197140024188,0.007457668752199664,-0.006675508620646586,-0.0008440375890487184,-0.002168535186760856,0.018512841717491568,0.004962679068044817,0.0018168465206236384,0.004923744055538304,0.009544937195212766
2026-05-26,-0.010691149439607361,-0.0006847677595628321,-0.015035739867486408,0.01616165828677052,0.008948895187679717,-0.0008972582922455175,-0.007567072836789035,0.01061119353714357,0.002064956241639937,0.00010871891810904089,-0.002628782525197937,-0.01731321162117294,-0.014881645436590762,0.0011892345272275229,-0.004220925095561157
2026-05-27,0.0001286837897911397,-0.0066796722140674,-0.010553156095216343,-0.0021251828153486807,-0.04678265115489133,0.02168329849824069,-0.005789142601012265,-0.000769976877511902,-0.0004683284515021313,0.0019013436862385102,-0.0067022794355316995,0.001695183932606481,0.002869675518123449,0.02009789079289659,0.006951667973843945
2026-05-28,0.0,0.0,0.0,0.0,0.0,0.0,0.0,0.0,0.0,0.0,0.0,0.0,0.0,0.0,0.0
2026-05-29,-0.011577062313163133,0.0008620911182357638,0.01324534087545648,0.01944219731711061,-0.03156356242211922,-0.02825568296486003,-0.017297544440469936,-0.004203164854162611,-0.024552523278298155,-0.024453758185755126,-0.01175134162609337,-0.011604691538660616,-0.012525628748964679,-0.031113206271632055,-0.005556614658690395
2026-06-01,-0.01769916503869262,0.03583427000602346,0.010575326952221076,0.039962161366512206,-0.004144710357245396,-0.021194060012435734,-0.025270129502393268,-0.020893385558887534,-0.00903062968609547,-0.0015006272907779339,-0.010049871920419062,-0.008316512715741187,-0.010060184720562249,0.012258509988483546,-0.0178631933958463
2026-06-02,0.0043720179510808865,0.05679838726070363,0.016617320417548598,0.01827379495406789,0.002837684580551336,-0.02983897001928082,0.012873256506660935,0.004957574988455171,-0.007852617765444436,-0.0036738188933865823,-0.012709220625147233,-0.002343234862646759,0.0019883145134671487,0.0001424443058295477,0.02034307076870756
2026-06-03,0.005144482718101084,-0.037928963126298454,-0.027354107455378474,-0.06306474325193279,0.010186803740358075,-0.0016331140813373723,-0.02206531332744921,-0.005147617354714029,-0.010357642610398399,-0.000782178822393842,-0.00839874108558225,0.02484706338493914,0.005456963550974692,0.006125342009908996,-0.017403083922162277
2026-06-04,0.0013123550169054088,-0.01742181461756276,0.00107789420833182,0.010188090974266872,-0.0007470110440009892,-0.00109049593728483,0.011913313332017061,-0.00618036685890444,0.005134210970537012,-0.004696678198333637,0.0033245693346135585,-0.005005777984129156,-0.002850724146546302,-0.006229607551408334,-0.006448265048156876
2026-06-05,-0.010615935145203204,-0.003163214606722198,-0.029121055297125276,-0.002554955199234099,-0.010465288434755582,-0.012963974015081425,0.0014271296164234393,0.0023862656680728733,0.005992166812811117,0.0011796930804104377,0.008441812003515903,0.006728098124083148,-0.01138051899140713,-0.018046273543063207,-0.00017295421740359807
2026-06-08,-0.0009273533271250134,-0.00826732718636769,-0.08373240509374125,0.013414251768718799,-0.00037773787919026525,0.0020738283220176346,-0.004453152638547286,0.009161765809335254,-0.008202331479785663,0.0037032970028951784,-0.0020341125430789475,0.0065025335769586246,0.008397302486354175,-0.01958700372800648,-0.028388547401825392
2026-06-09,0.012198435801145324,-0.006146752535401534,-0.0004951042754474111,-0.013037173066833385,-0.021348928875072337,-0.01862582812826441,0.001968107958289389,0.008220717906630925,0.005710341163046806,-0.0054785504064337465,-0.005565943467672585,0.019800209424279736,-0.00788620040356025,0.0022691077083671907,0.02467499736575851
2026-06-10,0.016767032490014877,-0.00865576004272095,-0.01508237787480693,-0.0033023254282856795,-0.027413150978824796,-0.011247012705317916,0.013035692487444184,0.019781676607191656,0.012432735149248586,0.0041596857563561684,0.0025225477887613756,-0.004164742103134,-0.013229547762682703,-0.01904718397540872,-0.02077727658238393
2026-06-11,0.013527480116134027,-0.02680526668413219,-0.008718430932562748,-0.009331244969104313,0.002778929035301747,0.0005687820574515889,-0.0044068395095970825,-0.010985242772031723,-0.011216386265009981,0.004366283875182786,0.0033813376898017555,0.0005301702338265102,0.004168519686362782,-0.006773298553029328,-0.0003550949708961415
2026-06-12,0.025295484701694848,0.0016149729656855794,0.015617083402107879,-0.024503468469535106,-0.025336536027836476,0.005826311659536065,0.009560949948252961,-0.03289987015160589,0.010267880634795334,0.007524250552502387,-0.0004701977063902296,0.0005887147277683358,0.022383084770302153,0.02010720644198427,0.04271753368535647
2026-06-15,0.006074864328813323,0.016571121099455022,0.0068835336300803185,-0.00251887248383309,-0.01035744550514306,-0.016388776188182796,0.009821072371188011,-0.0007269197193713328,0.0065821971230228815,-0.0009404217436068674,0.003214721761285233,-0.0034714192654853315,0.010260602037701405,-0.0029313748573006615,0.046674122915247196
2026-06-16,0.005175660929904069,0.007665830456182077,0.007112155977841761,0.014870974058815989,0.018674340922376187,0.021401843030240286,0.013025356302537316,0.012366357098792857,0.003461860720540555,-0.002934654931028735,-0.0020320457405671455,-0.009210589054455043,0.006408853057386921,-0.00648823391736153,0.024167890726554564
2026-06-17,-0.008213833095127354,0.012329464748994212,0.009853854445171173,0.01078239121369906,-0.01289281622718752,0.0,-0.003085869759365756,0.01120941659739283,0.0027790579917255087,0.010940220318736538,-0.006186861119211073,0.004409755342709154,0.012250394550529897,0.015357114830795604,-0.009137147463876838
2026-06-18,-0.003831825905628028,-0.02608616433066724,-0.008836170925669573,-0.010052035101833723,0.0012245022520727122,0.01800035053802085,0.0013757313722593256,-0.004903059228310469,0.0024847230992053326,0.002417079340389039,-0.0011820752055781147,-0.0018985522277622513,-0.00047974412240958664,0.0075876076946133075,0.027503850759135418
2026-06-19,-0.009182307104636855,-0.06749443510947895,-0.01115731292969191,-0.026317551574646214,0.0038727963164424395,0.010636760480989826,0.004636806222965584,0.010282824308669891,-0.009532838661518328,0.007398009093014579,0.003629217380584304,0.00927300388766672,0.019202008297227513,-0.007779760250124834,-0.025284865898960285
2026-06-22,0.007263586577628933,0.013315578918501547,-0.0034292456248607994,0.018161150120582503,-0.0032487433573921143,0.003417167965318324,-0.004273504273504258,-0.009117962095764987,0.0043310742946702785,0.013381967190521982,0.014621491664279063,-0.0024147946480190807,0.003035373816800746,5.023374798285296e-05,0.004963908250429139
2026-06-23,-0.0012433352033532907,-0.03388396354298129,-0.03157943694609455,-0.013656606711612729,-0.004481527229183491,-0.0066747902763452105,-0.0042918454935622075,-0.00691924692961321,0.004504016784905085,0.0027376018872891095,0.00821259864103041,0.002184440576797675,-0.007826375490990523,-0.027190046886055197,-0.024298921300733523
2026-06-24,0.010705872109201486,0.026522807211457833,-5.740187441438671e-05,0.03249503267578335,-0.017802357253360546,-0.020707674668560827,0.0012069175983298042,-0.006895476258861,0.004102300351353838,0.0034261404716282584,0.020825309220970034,0.010132593887360208,-0.012778683607929442,-0.017565581418521936,0.009471815822282403
2026-06-25,0.007513228915742465,-0.014575075496781498,0.0029803808766661888,-0.016762505170240694,-0.02874997456868489,-0.014003641425410662,-0.0012054627041779842,0.01446548345938825,-0.004845559579686798,-0.006188594710775042,0.0166365258215615,0.0021578149346976883,-0.014169359799748538,-0.007625141566670601,0.005176664757418736
2026-06-26,0.0,0.0,0.0,0.0,0.0,0.0,0.0,0.0,0.0,0.0,0.0,0.0,0.0,0.0,0.0
2026-06-29,-0.03300736511674174,-0.004321936430111473,0.002742762624525996,-0.002296215653936895,0.004075490876736865,0.011504100130600214,0.0024138351966593863,-0.010908314990734747,-0.025778132754383565,0.006441912701494967,0.018659803023183263,0.0073324034265902505,-0.005187176143785166,0.004557260239280936,-0.010621972154087223
2026-06-30,-0.008217411091928195,-0.03501488228756977,-0.029006108669195174,-0.02029579538553883,0.0036316634635489287,0.0015444756628530953,-0.012899896259135013,0.012902735820296884,0.00872206471333592,-0.006560750938621074,-0.013520389301773572,0.0031196006965330536,0.005920374014188434,-0.00796544657532483,0.008621339640247694
2026-07-01,0.020905073113006045,-0.015093998653126661,-0.0015259152434557999,-0.030255529816150983,0.00038319114098972484,0.0035048367345908993,0.011674422176084498,0.03458586683148979,0.02244243236230603,0.0019865660532392138,-0.01267404131595895,-0.007314051043290304,0.010259214114324955,-0.015367432878690801,0.04620601586614326
2026-07-02,-0.002871826049742565,0.05642955172021824,0.022747361603230765,0.04338576782056491,0.004127840325240273,0.0009779438655617145,-0.001377863979689975,-0.005227734039431553,0.02128463866972563,0.0025720837977674105,0.0043285725117263585,0.008992315669893891,0.002137845729326182,0.013501107224287212,0.014644665973992499
2026-07-03,-0.00638614601210008,0.006052384100345032,0.011953965856227322,0.017902205936390247,0.00796740791037176,-0.0050243902106594795,0.00017253643187298273,0.009404023139804929,0.0009304747046761097,0.018065217708421732,0.021104287332406768,0.022711609055186655,0.01888003455447196,0.011349735725446175,0.026891516770144896
2026-07-06,-0.038941469829094744,-0.0047746373502067785,-0.00999537569255049,-0.0025529931552843443,0.02547930395182374,-0.0005611227386214113,-0.00586312169498171,0.009521764158396895,0.014036064021528682,0.004199935836366242,-0.004512014501383943,-0.0005622032121657128,0.00800874200914814,0.00563747127621439,-0.003846703515897998
2026-07-07,0.0010491542306427792,0.02840155348593809,-0.007572307475470219,0.029150373266974672,0.0011480065039104481,-0.0057543516995614,0.0017346053772766545,-0.0012891606797419408,-0.0013750679047282999,-0.0023063341552828076,-0.009722932306417631,-0.00579403845965587,5.199218319984489e-05,-0.0056583111996812985,-0.0329720309214675
2026-07-08,-0.030390381539629585,-0.0023325246184989767,-0.0016185082479869273,-0.012918791828583798,0.011548887741851699,-0.015527949775408945,-0.02805196918966446,-0.014472088175106812,-0.024141707173212956,-0.007985748159726302,-0.004134051887765167,-0.009448954623996753,-0.0195762857367503,-0.008377661595116326,-0.02626319711607139
2026-07-09,0.019048884007778932,-0.017301037272255515,0.00023151370648699654,-0.001749719984997511,-0.013562777747026855,-0.014338972827541485,0.00498839810059204,0.008755544092713619,0.008653962172664231,0.02674504888566398,-0.05893254829452943,0.010510142730595362,0.02277415986500886,-0.0015408782722380332,0.040378571897165205
2026-07-10,0.0011931440903054646,0.01636843392903975,0.015628694730186465,0.019981770331856996,0.005376617484913027,0.0024730158735797314,-0.0010635979647301008,-0.0006867188803263424,-0.0015853929414413326,-0.0016505654575070805,-0.013634523322929026,-0.0005087728218267085,-0.005540822246653532,0.017455157870119642,0.03964521696046863
2026-07-13,0.018670530264562224,0.03239698088570919,0.01692684110611009,0.03416273680490289,0.014247183779887651,0.020896858110926786,-0.007453437811945407,-0.019378746645205336,-0.0008406475387898737,-0.007284926678345349,-0.0078759531009861,-0.006616860509029543,-0.009685455847266433,-0.02134003754879954,-0.004958084963452625
2026-07-14,-0.015598584318141206,-0.00879734390227993,-0.007229655964695381,-0.013426355049435013,0.0018112173627271577,-0.010234558929681947,-0.014661205767926067,7.005997613007686e-05,-0.012152913292004741,0.011033595764806892,0.009477481710712832,0.013435753994039512,0.018245848425874733,0.006199581306854052,-0.015974182780314483
2026-07-15,-0.000660249911615507,-0.015188924160594919,-0.01405667906143604,0.009701476702853151,-0.006910410859304661,-0.010914800688172965,0.003992038295215217,-0.0018919145246053537,0.006056551743576888,0.00458150135175317,-0.013400699587711506,0.003763931158890843,-0.009398377699366245,-0.01598772877950838,-0.02040363631276232
2026-07-16,-0.003303349859642535,0.0056675418649094755,0.017692565040191344,0.007740106782001099,-0.001739593367272474,-0.005517624111536112,0.009759668413517275,-0.0006318621164252969,-0.0009406216694876068,-0.0007174093846079588,-0.004148007796614506,-0.005148953591458061,0.0018244907550866163,0.0012415577736597516,-0.01467120876403294
2026-07-17,0.035723804002739,0.013026584689491472,-0.009789579396705883,0.04144870129250822,0.0021884226388362293,-0.0017520983563372727,0.0048326689601552175,0.002599192955303753,0.019207234425214992,-0.008973898886769582,-0.010780850195183933,-0.006975678188184897,-0.0067644671107276455,0.0021564175138217845,0.030396567726178603
2026-07-20,-0.02025906953906753,-0.008572753683595558,0.0021590493869174665,0.00222518910653835,0.009260417352481287,0.015796383794269175,0.007125044221675703,0.013382916416558865,0.010623564758061255,0.012315041461650189,0.009824987527904838,0.008950834218147907,0.016397688929711274,0.0027973762664388335,0.0011979004905986468
2026-07-21,0.010208152175562812,-0.012510326456963816,-0.007994074574438126,-6.342018801641647e-05,0.0012420769144940724,0.003743665350522063,-0.006013484731604013,0.0038719321004483387,0.002193747280277103,0.002811286000493407,-0.013980848603766471,0.002414329987197039,0.0042781606553208285,0.004452560564073504,0.007553161635107886
2026-07-22,-0.012436891200231504,-0.019934815476537082,-0.0030291021193394885,-0.009960079144741174,0.008043517194546768,0.005594641444054638,-0.0007117872136342962,0.028720952180370407,0.0006384914252348661,-0.009633530852168226,-0.019237107107690665,0.001288374824084837,0.0003079380061286052,-0.0037919605481592233,-0.03288059059304249
2026-07-23,0.005772037891278892,-0.004467209657768034,0.002178446079544649,-0.003075693216008424,0.0018658246609417617,-0.005420809975704377,0.0017806268580347062,-0.030597182591642014,-0.017774137444074856,0.005661348430262558,-0.013949948697032588,-0.008503074316305037,-0.009235486546700034,-0.012330472668255266,-0.0142747592826441
2026-07-24,0.003651999150109164,-0.006205842895255054,0.013156321964498563,0.002378166252573255,-0.014304397036879357,-0.00401604667806188,0.007643172795460229,-0.0030389007112857636,-0.001577595436093704,-0.006601854869018653,-0.012518303219587357,-0.006375455972858268,-0.004614603475681656,-0.008467663218647892,0.004671485165246292
2026-07-27,-0.00025992489542725483,0.03679500995244189,0.019472383263986925,0.009939083039435692,-0.04100336538623739,0.010368592912925578,0.00846707988402362,0.001801160780005251,0.0009294310639818004,0.016794588633229468,-0.0007813687435119787,0.004315400648520429,0.0037404371714722107,0.008649487309861259,0.02150033261860651
2026-07-28,0.0016898320727889438,0.0245552272043974,0.014507345295467378,0.038222191220238066,0.0014671617500736645,-0.02009688722432179,-0.004198048561862455,0.031602291690566275,0.01745748450074114,0.0015199878777008013,-0.013208266073385988,0.006728088467558679,-0.00183698100577534,-0.008792375127204877,0.018666404859707386
2026-07-29,0.012717426860380243,0.045129806111663395,0.013747822218927341,0.00550391405867523,-0.0025114314776212288,-0.0007272727272726875,0.005620959556730254,0.007708807898909598,0.007118775930085253,0.006677833544925127,0.005900029399640072,0.003594305381541707,0.02544952208491824,0.025406555689607258,0.010858928194836803
2026-07-30,-0.002050277512862797,-0.00043267567546156904,0.014814014550740051,0.015083353341817762,0.013763580264778419,0.003930148772971265,-0.004192182382641962,0.011574470683556326,0.0012686766778251535,0.0056283989318373084,0.0021885668328254226,0.005931740936256258,0.003384318439903611,-0.0018689918061111088,-0.02297653773079078
2026-07-31,-0.003595259163914011,-0.0216431482368602,-0.01438312621818294,-0.010605123530182725,0.003890899688129279,0.006959529807182285,-0.014207991462572012,-0.007299254252874587,-0.003220463746779534,-0.005297074466673601,0.002882535479615367,-0.0034490431686693412,0.007767758990489426,0.01481919698050338,0.0067954682338493555
2026-08-03,0.02448453608247414,0.04415540703661214,0.02728020654576735,-0.0013928715315895124,-0.002185291642124554,0.010511141530552548,0.021352313167259718,0.013513529904598975,0.02113911197267604,-0.013564431047475511,0.027785058002272045,-0.015295303846099007,-0.0007606490872210658,0.006905991574323478,0.01403003211173215
2026-08-04,0.0012578616352201255,-0.010593220338983023,-0.012509278938520163,-0.0003032140691328067,0.0,-0.02066115738417129,0.006968641114982521,-0.006535947712418277,-0.009582354004700755,0.0002546473134708016,-0.006271207130561396,0.0260770821726386,-0.000203006553698315,-0.000261796082501653,-0.03761867300593613
2026-08-05,0.005025125628140614,0.005567451820128522,0.0037037167477369515,0.0009099181073703999,-0.007438029139495095,0.01818710930017553,-0.007093383366673867,0.0,-0.006936838262139422,-0.012219959266802416,0.0028995603657278046,-0.015469580909431069,0.004009961175555521,0.010683469900629738,0.008859109349686367
2026-08-06,-0.015000000000000013,-0.0076660988074956915,-0.004652710574995722,-0.010787908380681777,-0.009991648322133506,-0.014003983943863707,-0.003659237727403508,0.009868421052631637,-0.006617647058823506,0.005670103092783485,-0.004251700680272141,0.0072390352005782255,-0.015166835187057637,-0.019120173772609994,-0.010938184952985708
2026-08-07,-0.008248730964466988,0.008669506940718774,0.00757577745057203,0.0017155060114508736,0.00441548796586555,-0.007246376811594235,0.0006995880073494831,0.0032573289902280145,0.01961509992598076,-0.003075345976422339,0.000853970964987294,-0.0032871049139130415,0.006108842101674838,-0.009244585165281372,0.0
2026-08-10,0.00703774792066536,0.006722853015228125,-0.010824928238206688,0.003058103975535076,0.004144819799359656,-0.0059853658188868675,-0.012058763136771788,-0.00740261325588476,0.02059891107078049,-0.00030847073827122706,-0.011262756972589605,-0.003689134661175486,-0.008622901272280492,0.01434285469280372,0.028037383177569986
2026-08-11,-0.001524793147434922,0.006508834464814095,-0.0048517191185141195,0.0018292682926828174,-0.0016260815360379377,-0.005874577554086824,-0.012913475943046038,-0.02315846197792404,-0.004534542544678555,-0.0012343264677677768,0.039868786007211776,-0.018121665419493005,-0.014307796617666013,-0.010460499556890324,-0.015000036991003829
2026-08-12,-0.006108409095869516,-0.012261674800245315,-0.0035753176613616544,-0.010955569080949523,-0.0016704694156702837,0.002954646074553313,-0.01021507563984092,0.009241929600449339,0.008485173276170155,0.001029866117404632,-0.004149377593360981,-0.017541828894962364,0.015559758556745518,-0.010889790447584646,0.01792035817808224
2026-08-13,0.0048655413482314724,-0.0009352738787273829,-0.00456668656486614,0.008615384615384691,0.0035557031327144717,0.014140484962013256,0.008509890115719232,-6.634080022394073e-05,-0.005402532990877673,-0.006172839506172867,0.004999999999999893,0.0003489102581890613,-0.003033431575353518,-0.007250219478262543,0.0034000755572345387
2026-08-14,-0.0031855250240644395,-0.004936211768617027,0.0049153133068469135,-0.0037827645954088274,-0.014589412626288878,-0.012345679012345734,-0.0010771554505161207,-0.005176221847337126,-0.010151380231522733,-0.0010351966873706209,-0.00497512437810943,0.03847497089639118,0.027332267890924467,-0.007303251603679284,0.001506024096385561
2026-08-17,0.003962721039840078,-0.025059808400133443,-0.011413076649541387,-0.013963772750061332,0.008840996830121961,-0.008823529411764675,-0.018511948914761156,-0.019411631018513953,-0.006657070888808958,-0.024870466321243567,-0.00666666666666671,-0.010649627263045747,-0.011445171947811694,0.013623978201634968,0.009022556390977376
2026-08-18,-0.012859735557849916,-0.02184404235525983,-0.021110480850680458,-0.011180124223602483,0.004234955275158825,0.00029675401636675147,-0.011170071156645922,-0.005102040816326481,-0.0047092917949647095,-0.0036663254059843275,-0.011073784540163611,-0.0009631182369270741,-0.017823641286728753,-0.0026881720430107503,-0.007824143070044753
2026-08-19,0.006707096980401062,0.004304976527466309,0.008367996819014678,-0.0013818788768058532,-0.006263048016701411,-0.001631617622629089,-0.010925971137152768,0.0017094017094017033,-0.007643312101910826,0.013279304964142868,-0.007465259979309802,-0.007598956561188586,-0.006307492234442158,-0.008086253369272267,0.006233607831862553
